frame,scene,condition,class,category,predicted_class,visibility,box_height_px,true_centre_m,true_nearest_surface_m,lateral_gap_m,in_path,"min(metric3d-v2-small_p10,unidepth-v2-large_p10)","mean(metric3d-v2-small_p10,unidepth-v2-large_p10)","min(metric3d-v2-large_p25,unidepth-v2-large_p10)","mean(metric3d-v2-large_p25,unidepth-v2-large_p10)","min(metric3d-v2-small_p10,unidepth-v2-base_p10)","mean(metric3d-v2-small_p10,unidepth-v2-base_p10)"
e3d495d4ac534d54b321f50006683844,scene-0061,day,car,vehicle.car,car,v80-100,52.9,40.04,37.99,2.14,False,38.07,39.3,38.07,38.16,38.22,39.38
e3d495d4ac534d54b321f50006683844,scene-0061,day,car,vehicle.car,car,v80-100,65.0,35.09,33.02,4.9,False,33.03,33.57,33.03,33.28,33.27,33.69
e3d495d4ac534d54b321f50006683844,scene-0061,day,car,vehicle.car,bus,v80-100,71.8,37.65,35.27,1.17,True,34.27,35.08,34.27,34.56,34.78,35.33
e3d495d4ac534d54b321f50006683844,scene-0061,day,truck,vehicle.truck,car,v60-80,61.8,45.84,43.53,5.51,False,47.1,47.34,44.54,45.82,46.85,47.21
e3d495d4ac534d54b321f50006683844,scene-0061,day,truck,vehicle.truck,truck,v80-100,475.7,15.49,10.22,2.99,False,9.99,10.37,9.99,10.3,10.48,10.61
e3d495d4ac534d54b321f50006683844,scene-0061,day,car,vehicle.car,car,v60-80,37.2,71.01,69.25,26.91,False,46.77,49.67,50.24,51.41,43.32,45.05
e3d495d4ac534d54b321f50006683844,scene-0061,day,pedestrian,human.pedestrian.adult,person,v80-100,138.3,16.6,16.26,2.18,False,15.98,16.65,15.98,16.5,16.6,16.96
4b6870ae200c4b969b91c50a9737f712,scene-0061,day,car,vehicle.car,car,v80-100,73.7,31.5,29.42,5.19,False,28.93,29.04,28.93,29.43,29.04,29.09
4b6870ae200c4b969b91c50a9737f712,scene-0061,day,truck,vehicle.truck,truck,v60-80,66.5,42.99,40.68,5.88,False,41.77,43.0,41.32,42.77,41.77,42.65
4b6870ae200c4b969b91c50a9737f712,scene-0061,day,car,vehicle.car,bus,v80-100,76.2,35.73,33.35,1.02,True,31.94,32.65,33.28,33.32,31.94,33.31
4b6870ae200c4b969b91c50a9737f712,scene-0061,day,car,vehicle.car,car,v80-100,51.6,41.17,39.11,2.63,False,39.43,40.44,39.28,40.36,39.43,40.32
4b6870ae200c4b969b91c50a9737f712,scene-0061,day,truck,vehicle.truck,truck,v80-100,844.8,11.26,6.07,2.98,False,5.53,5.74,5.53,5.76,5.87,5.91
4b6870ae200c4b969b91c50a9737f712,scene-0061,day,car,vehicle.car,car,v60-80,40.7,66.93,65.12,27.23,False,44.8,47.81,49.5,50.16,41.52,43.16
4b6870ae200c4b969b91c50a9737f712,scene-0061,day,pedestrian,human.pedestrian.adult,person,v80-100,192.3,12.15,11.83,2.12,False,12.08,12.09,12.08,12.12,12.02,12.05
4b6870ae200c4b969b91c50a9737f712,scene-0061,day,pedestrian,human.pedestrian.adult,person,v80-100,42.8,57.72,57.26,0.0,True,49.93,54.75,57.16,58.36,49.93,55.72
d0d9ef23e3934ea09d55afdc24db9827,scene-0061,day,car,vehicle.car,car,v80-100,81.2,33.58,31.23,0.69,True,30.55,30.97,31.06,31.23,30.55,30.7
d0d9ef23e3934ea09d55afdc24db9827,scene-0061,day,car,vehicle.car,car,v80-100,49.7,42.59,40.53,3.32,False,40.81,41.68,41.53,42.04,40.37,40.59
d0d9ef23e3934ea09d55afdc24db9827,scene-0061,day,car,vehicle.car,car,v80-100,87.5,27.05,24.94,5.4,False,24.47,24.96,24.47,25.21,23.67,24.57
d0d9ef23e3934ea09d55afdc24db9827,scene-0061,day,truck,vehicle.truck,truck,v80-100,71.3,40.36,38.03,6.36,False,40.08,40.16,39.5,39.79,38.36,39.3
d0d9ef23e3934ea09d55afdc24db9827,scene-0061,day,pedestrian,human.pedestrian.adult,person,v80-100,329.1,7.48,7.16,2.06,False,7.22,7.22,7.23,7.24,7.22,7.24
d0d9ef23e3934ea09d55afdc24db9827,scene-0061,day,pedestrian,human.pedestrian.adult,person,v80-100,47.1,54.69,54.24,0.4,True,44.65,46.04,47.43,48.89,44.65,48.19
d0d9ef23e3934ea09d55afdc24db9827,scene-0061,day,pedestrian,human.pedestrian.adult,person,v80-100,46.1,53.55,53.1,0.0,True,47.72,48.62,49.52,50.31,47.72,51.07
d0d9ef23e3934ea09d55afdc24db9827,scene-0061,day,car,vehicle.car,car,v80-100,44.2,62.69,60.82,27.63,False,37.87,43.16,43.45,45.95,37.87,38.53
74e7a9260c5d45b78b831528b62daf41,scene-0061,day,car,vehicle.car,car,v80-100,101.0,23.89,21.78,5.52,False,21.25,21.52,21.25,21.95,21.31,21.55
74e7a9260c5d45b78b831528b62daf41,scene-0061,day,car,vehicle.car,car,v80-100,85.9,31.73,29.36,0.53,True,28.49,28.69,28.7,28.8,28.49,28.77
74e7a9260c5d45b78b831528b62daf41,scene-0061,day,truck,vehicle.truck,truck,v80-100,75.3,38.41,36.07,6.86,False,37.7,38.36,38.9,38.95,37.7,38.17
74e7a9260c5d45b78b831528b62daf41,scene-0061,day,car,vehicle.car,car,v80-100,47.8,43.82,41.76,4.03,False,43.55,44.55,45.16,45.36,43.55,43.83
74e7a9260c5d45b78b831528b62daf41,scene-0061,day,pedestrian,human.pedestrian.adult,person,v40-60,41.9,54.12,53.63,0.33,True,32.28,39.28,45.44,45.86,32.28,40.61
74e7a9260c5d45b78b831528b62daf41,scene-0061,day,pedestrian,human.pedestrian.adult,person,v80-100,50.3,51.16,50.72,0.0,True,42.84,44.5,45.76,45.96,42.84,45.77
74e7a9260c5d45b78b831528b62daf41,scene-0061,day,pedestrian,human.pedestrian.adult,person,v80-100,49.4,49.99,49.56,0.35,True,44.82,47.64,50.47,51.44,44.82,48.38
74e7a9260c5d45b78b831528b62daf41,scene-0061,day,car,vehicle.car,car,v80-100,47.6,59.08,57.15,28.21,False,35.55,41.01,46.47,48.47,35.55,37.05
21ca7cbfbde14f088143cf001570d01b,scene-0061,day,car,vehicle.car,car,v80-100,46.3,45.26,43.19,4.73,False,45.51,46.58,46.24,46.94,45.51,46.18
21ca7cbfbde14f088143cf001570d01b,scene-0061,day,car,vehicle.car,car,v80-100,91.2,29.99,27.6,0.59,True,26.97,27.41,27.46,27.65,26.97,27.57
21ca7cbfbde14f088143cf001570d01b,scene-0061,day,car,vehicle.car,car,v80-100,116.2,21.35,19.21,5.73,False,18.57,19.26,18.57,19.12,18.94,19.44
21ca7cbfbde14f088143cf001570d01b,scene-0061,day,truck,vehicle.truck,truck,v80-100,79.6,36.67,34.35,7.22,False,37.96,38.34,36.88,37.42,37.49,38.1
21ca7cbfbde14f088143cf001570d01b,scene-0061,day,pedestrian,human.pedestrian.adult,person,v80-100,53.0,46.57,46.15,0.66,True,44.67,47.13,48.08,48.84,44.67,48.41
ddbc1befa70f4b49a0824f63a920676b,scene-0061,day,car,vehicle.car,car,v80-100,127.6,19.92,17.77,5.96,False,17.13,17.57,17.13,17.42,17.27,17.64
ddbc1befa70f4b49a0824f63a920676b,scene-0061,day,car,vehicle.car,car,v80-100,96.6,28.44,26.03,0.65,True,25.42,25.94,24.88,25.66,25.42,25.9
ddbc1befa70f4b49a0824f63a920676b,scene-0061,day,truck,vehicle.truck,truck,v80-100,83.1,35.46,33.16,7.76,False,36.96,37.14,35.43,36.37,36.96,36.96
ddbc1befa70f4b49a0824f63a920676b,scene-0061,day,pedestrian,human.pedestrian.adult,person,v80-100,56.6,43.66,43.24,0.93,True,41.71,42.98,42.64,43.45,41.71,43.61
ddbc1befa70f4b49a0824f63a920676b,scene-0061,day,pedestrian,human.pedestrian.adult,person,v80-100,57.6,44.71,44.27,0.08,True,45.83,49.75,48.45,51.06,45.83,51.37
33b500c9cc824733a47bfe2c3ea33202,scene-0061,day,car,vehicle.car,car,v80-100,142.1,18.52,16.35,6.25,False,15.64,15.98,15.64,15.96,15.59,15.96
33b500c9cc824733a47bfe2c3ea33202,scene-0061,day,car,vehicle.car,car,v80-100,103.9,26.62,24.17,0.73,True,23.4,23.88,24.11,24.24,23.4,23.98
33b500c9cc824733a47bfe2c3ea33202,scene-0061,day,truck,vehicle.truck,truck,v80-100,86.9,34.42,32.14,8.51,False,35.49,35.83,34.07,35.12,35.49,35.88
33b500c9cc824733a47bfe2c3ea33202,scene-0061,day,pedestrian,human.pedestrian.adult,person,v80-100,61.2,40.49,40.08,1.28,False,39.21,40.67,40.24,41.19,39.21,41.8
33b500c9cc824733a47bfe2c3ea33202,scene-0061,day,pedestrian,human.pedestrian.adult,person,v80-100,62.2,41.52,41.08,0.47,True,40.69,42.02,42.4,42.87,40.69,44.14
33b500c9cc824733a47bfe2c3ea33202,scene-0061,day,pedestrian,human.pedestrian.adult,person,v80-100,57.0,41.67,41.15,0.0,True,37.96,42.09,43.93,45.08,37.96,40.87
33b500c9cc824733a47bfe2c3ea33202,scene-0061,day,pedestrian,human.pedestrian.adult,person,v80-100,58.6,35.42,35.1,0.54,True,30.54,33.61,36.67,37.14,30.54,33.39
c311678f400e471d84e785652dd87a7a,scene-0061,day,car,vehicle.car,car,v80-100,112.7,24.78,22.31,1.09,True,21.03,21.68,21.9,22.11,21.03,21.62
c311678f400e471d84e785652dd87a7a,scene-0061,day,car,vehicle.car,car,v80-100,153.7,17.73,15.55,6.65,False,14.64,14.91,14.64,14.8,14.62,14.9
c311678f400e471d84e785652dd87a7a,scene-0061,day,truck,vehicle.truck,truck,v80-100,90.8,33.63,31.35,9.52,False,31.14,31.45,31.14,31.23,31.37,31.57
c311678f400e471d84e785652dd87a7a,scene-0061,day,pedestrian,human.pedestrian.adult,person,v40-60,54.9,42.64,42.18,1.22,False,35.41,36.72,35.28,36.66,35.41,38.24
c311678f400e471d84e785652dd87a7a,scene-0061,day,truck,vehicle.truck,car,v80-100,52.9,69.53,66.4,17.47,False,57.04,57.35,57.66,59.39,56.59,56.81
c311678f400e471d84e785652dd87a7a,scene-0061,day,pedestrian,human.pedestrian.adult,person,v80-100,67.1,37.07,36.65,1.5,False,33.65,35.77,35.49,36.7,33.65,36.17
c311678f400e471d84e785652dd87a7a,scene-0061,day,bus,vehicle.bus.rigid,car,v80-100,60.0,80.39,74.66,17.92,False,61.03,62.1,63.17,64.67,61.03,61.52
c311678f400e471d84e785652dd87a7a,scene-0061,day,pedestrian,human.pedestrian.adult,person,v80-100,75.4,31.36,30.92,9.81,False,26.26,29.98,27.87,30.79,26.26,29.9
c311678f400e471d84e785652dd87a7a,scene-0061,day,pedestrian,human.pedestrian.adult,person,v80-100,62.3,38.25,37.73,0.0,True,29.61,33.3,35.81,36.41,29.61,33.31
885472e412f4499cacf2f4796c309276,scene-0061,day,car,vehicle.car,car,v80-100,159.7,17.39,15.21,7.02,False,13.42,14.04,13.42,14.02,13.95,14.31
885472e412f4499cacf2f4796c309276,scene-0061,day,car,vehicle.car,car,v80-100,121.5,23.11,20.62,1.42,False,19.61,20.06,20.51,20.64,19.61,20.02
885472e412f4499cacf2f4796c309276,scene-0061,day,truck,vehicle.truck,truck,v80-100,93.6,33.2,30.85,10.91,False,30.94,31.44,31.94,32.31,30.94,31.32
885472e412f4499cacf2f4796c309276,scene-0061,day,pedestrian,human.pedestrian.adult,person,v80-100,74.8,27.85,27.53,0.09,True,24.89,26.41,27.08,27.51,24.89,26.84
885472e412f4499cacf2f4796c309276,scene-0061,day,truck,vehicle.truck,car,v80-100,55.9,66.18,63.03,18.01,False,56.28,58.14,56.28,57.09,55.0,57.5
885472e412f4499cacf2f4796c309276,scene-0061,day,pedestrian,human.pedestrian.adult,person,v80-100,73.7,35.13,34.69,1.14,True,32.26,32.3,32.26,32.73,32.34,34.43
885472e412f4499cacf2f4796c309276,scene-0061,day,pedestrian,human.pedestrian.adult,person,v80-100,72.8,34.15,33.74,1.84,False,33.73,34.65,33.71,34.64,33.73,35.27
885472e412f4499cacf2f4796c309276,scene-0061,day,pedestrian,human.pedestrian.adult,person,v80-100,56.3,42.61,42.15,0.1,True,30.41,34.95,39.5,39.98,30.41,36.22
885472e412f4499cacf2f4796c309276,scene-0061,day,parked two-wheeler,vehicle.motorcycle,motorcycle,v80-100,62.7,33.18,32.01,16.58,False,29.22,29.71,29.65,29.92,29.22,30.86
885472e412f4499cacf2f4796c309276,scene-0061,day,pedestrian,human.pedestrian.adult,person,v60-80,58.9,39.72,39.27,1.68,False,32.42,33.41,32.42,33.07,34.39,35.59
e41335fbfc1645faa5a532a62df1fe68,scene-0061,day,car,vehicle.car,car,v80-100,162.7,17.36,15.18,7.51,False,13.46,14.07,13.46,13.7,13.81,14.25
e41335fbfc1645faa5a532a62df1fe68,scene-0061,day,car,vehicle.car,car,v80-100,132.4,21.56,19.06,1.94,False,18.88,19.12,19.36,19.56,18.88,19.25
e41335fbfc1645faa5a532a62df1fe68,scene-0061,day,truck,vehicle.truck,car,v80-100,59.1,62.95,59.79,18.42,False,51.16,52.3,53.3,53.36,49.74,50.45
e41335fbfc1645faa5a532a62df1fe68,scene-0061,day,pedestrian,human.pedestrian.adult,person,v80-100,79.3,31.36,30.94,2.1,False,31.1,31.32,31.1,31.57,31.54,32.28
e41335fbfc1645faa5a532a62df1fe68,scene-0061,day,pedestrian,human.pedestrian.adult,person,v80-100,62.2,38.58,38.12,0.34,True,38.3,41.52,42.42,43.59,38.3,40.35
e41335fbfc1645faa5a532a62df1fe68,scene-0061,day,pedestrian,human.pedestrian.adult,person,v80-100,80.2,32.3,31.86,1.45,False,28.69,29.51,30.32,30.38,28.69,31.33
e41335fbfc1645faa5a532a62df1fe68,scene-0061,day,bus,vehicle.bus.rigid,car,v80-100,66.0,73.77,68.02,19.05,False,56.59,57.66,58.72,59.3,53.71,55.15
e41335fbfc1645faa5a532a62df1fe68,scene-0061,day,pedestrian,human.pedestrian.construction_worker,person,v80-100,80.7,28.11,27.68,2.02,False,31.55,32.12,31.46,32.08,31.55,33.08
e41335fbfc1645faa5a532a62df1fe68,scene-0061,day,pedestrian,human.pedestrian.adult,person,v80-100,97.5,24.93,24.46,9.41,False,16.82,16.91,16.82,19.02,16.99,19.82
81b6368f6af9417684cefeb6661a14e7,scene-0061,day,car,vehicle.car,car,v80-100,143.8,20.2,17.69,2.39,False,16.88,17.23,17.57,17.68,16.88,17.45
81b6368f6af9417684cefeb6661a14e7,scene-0061,day,car,vehicle.car,car,v80-100,164.0,17.57,15.4,8.1,False,14.1,14.19,14.1,14.48,14.21,14.25
81b6368f6af9417684cefeb6661a14e7,scene-0061,day,truck,vehicle.truck,car,v80-100,62.5,60.2,57.03,18.97,False,51.31,51.78,52.06,52.16,49.63,50.47
81b6368f6af9417684cefeb6661a14e7,scene-0061,day,pedestrian,human.pedestrian.adult,person,v60-80,65.9,35.51,35.13,1.32,False,20.88,30.57,33.11,36.69,20.88,31.77
81b6368f6af9417684cefeb6661a14e7,scene-0061,day,bus,vehicle.bus.rigid,car,v80-100,69.3,71.0,65.24,19.72,False,56.39,56.85,57.31,58.25,53.15,54.77
81b6368f6af9417684cefeb6661a14e7,scene-0061,day,pedestrian,human.pedestrian.construction_worker,person,v80-100,90.1,25.21,24.77,1.74,False,26.16,27.2,26.45,27.34,26.16,27.83
81b6368f6af9417684cefeb6661a14e7,scene-0061,day,pedestrian,human.pedestrian.adult,person,v80-100,85.9,29.04,28.62,2.5,False,25.36,27.7,29.73,29.89,25.36,27.39
81b6368f6af9417684cefeb6661a14e7,scene-0061,day,pedestrian,human.pedestrian.adult,person,v80-100,68.2,35.18,34.72,0.76,True,35.5,37.36,37.26,38.24,35.5,37.9
81b6368f6af9417684cefeb6661a14e7,scene-0061,day,pedestrian,human.pedestrian.adult,person,v80-100,96.5,21.67,21.33,1.32,False,18.78,20.42,21.97,22.02,18.78,20.34
81b6368f6af9417684cefeb6661a14e7,scene-0061,day,pedestrian,human.pedestrian.adult,person,v80-100,111.3,22.27,21.8,9.19,False,19.17,19.62,19.13,19.6,19.17,20.3
a61bfbde6877413386a772591617f38d,scene-0061,day,car,vehicle.car,car,v80-100,158.0,18.79,16.28,2.79,False,15.57,15.77,15.75,15.86,15.57,16.08
a61bfbde6877413386a772591617f38d,scene-0061,day,truck,vehicle.truck,car,v80-100,67.2,57.25,54.08,20.13,False,46.27,49.09,48.44,50.17,46.27,48.09
a61bfbde6877413386a772591617f38d,scene-0061,day,pedestrian,human.pedestrian.adult,person,v80-100,77.2,31.22,30.76,1.47,False,31.33,33.19,32.36,33.7,31.33,33.51
a61bfbde6877413386a772591617f38d,scene-0061,day,car,vehicle.car,car,v40-60,30.3,79.22,76.84,15.82,False,23.67,43.38,50.23,56.66,23.67,40.88
a61bfbde6877413386a772591617f38d,scene-0061,day,bus,vehicle.bus.rigid,car,v80-100,73.8,68.01,62.25,21.08,False,52.35,55.35,56.26,57.3,52.35,53.22
a61bfbde6877413386a772591617f38d,scene-0061,day,truck,vehicle.truck,truck,v60-80,120.3,43.39,40.07,9.09,False,27.49,28.05,28.6,30.38,26.65,27.07
a61bfbde6877413386a772591617f38d,scene-0061,day,pedestrian,human.pedestrian.adult,person,v80-100,74.1,31.69,31.31,2.02,False,31.23,33.24,32.44,33.85,31.23,33.67
a61bfbde6877413386a772591617f38d,scene-0061,day,pedestrian,human.pedestrian.adult,person,v80-100,114.0,18.52,18.17,2.0,False,16.64,17.68,18.72,18.75,16.64,17.55
a61bfbde6877413386a772591617f38d,scene-0061,day,pedestrian,human.pedestrian.construction_worker,person,v80-100,103.3,22.05,21.61,1.2,True,23.49,24.32,22.7,23.93,23.49,25.88
a61bfbde6877413386a772591617f38d,scene-0061,day,pedestrian,human.pedestrian.adult,person,v80-100,95.0,27.48,27.0,2.58,False,16.7,21.94,22.74,24.96,16.7,20.98
a61bfbde6877413386a772591617f38d,scene-0061,day,pedestrian,human.pedestrian.adult,person,v80-100,131.0,19.43,18.95,8.75,False,16.99,17.53,17.69,17.88,16.99,17.98
a61bfbde6877413386a772591617f38d,scene-0061,day,pedestrian,human.pedestrian.adult,person,v60-80,94.9,26.47,26.07,3.22,False,16.7,17.71,18.73,19.3,16.7,17.61
ad609ca688444331b3218f664d644473,scene-0061,day,car,vehicle.car,car,v80-100,174.1,17.44,14.93,2.99,False,14.23,14.31,14.23,14.25,14.39,14.45
ad609ca688444331b3218f664d644473,scene-0061,day,truck,vehicle.truck,truck,v60-80,108.5,47.12,44.12,20.54,False,30.37,35.65,39.25,40.09,30.37,33.12
ad609ca688444331b3218f664d644473,scene-0061,day,pedestrian,human.pedestrian.adult,person,v40-60,81.3,28.55,28.09,3.78,False,24.32,25.26,25.22,25.71,24.32,25.89
ad609ca688444331b3218f664d644473,scene-0061,day,truck,vehicle.truck,car,v80-100,73.5,54.53,51.34,21.91,False,40.79,43.5,46.2,46.52,40.79,41.84
ad609ca688444331b3218f664d644473,scene-0061,day,car,vehicle.car,car,v60-80,30.6,80.32,77.93,19.33,False,59.32,59.76,60.2,62.32,53.67,56.5
ad609ca688444331b3218f664d644473,scene-0061,day,bus,vehicle.bus.rigid,truck,v80-100,80.0,65.25,59.47,23.18,False,46.08,49.69,53.29,54.23,46.08,46.12
ad609ca688444331b3218f664d644473,scene-0061,day,pedestrian,human.pedestrian.adult,person,v80-100,84.7,28.05,27.67,3.11,False,27.7,28.16,28.32,28.47,27.7,28.87
ad609ca688444331b3218f664d644473,scene-0061,day,pedestrian,human.pedestrian.adult,person,v80-100,88.2,27.62,27.16,2.53,False,27.65,28.14,28.46,28.55,27.65,28.61
ad609ca688444331b3218f664d644473,scene-0061,day,pedestrian,human.pedestrian.adult,person,v80-100,106.0,24.1,23.68,4.26,False,17.83,20.82,19.79,21.8,17.83,20.67
ad609ca688444331b3218f664d644473,scene-0061,day,pedestrian,human.pedestrian.construction_worker,person,v80-100,120.3,19.04,18.61,0.39,True,20.77,20.78,18.95,19.87,20.77,21.23
ad609ca688444331b3218f664d644473,scene-0061,day,truck,vehicle.truck,truck,v60-80,131.4,40.54,37.14,7.56,False,22.03,24.3,22.03,30.0,22.04,24.3
ad609ca688444331b3218f664d644473,scene-0061,day,pedestrian,human.pedestrian.adult,person,v80-100,156.6,16.77,16.29,8.13,False,14.15,14.39,14.15,14.19,14.63,14.71
ad609ca688444331b3218f664d644473,scene-0061,day,pedestrian,human.pedestrian.adult,person,v60-80,105.4,25.1,24.62,3.79,False,16.37,16.5,16.62,20.2,16.37,18.54
3ead6ff0cd324d92918112dfcf400343,scene-0061,day,truck,vehicle.truck,truck,v60-80,116.6,44.54,41.52,18.56,False,35.18,38.05,38.4,39.66,35.18,35.58
3ead6ff0cd324d92918112dfcf400343,scene-0061,day,car,vehicle.car,car,v80-100,192.6,16.15,13.65,3.09,False,13.1,13.31,13.1,13.16,13.16,13.34
3ead6ff0cd324d92918112dfcf400343,scene-0061,day,truck,vehicle.truck,car,v80-100,81.5,52.01,48.81,24.04,False,33.41,37.45,41.49,42.69,33.41,36.18
3ead6ff0cd324d92918112dfcf400343,scene-0061,day,pedestrian,human.pedestrian.adult,person,v80-100,102.6,24.16,23.7,3.73,False,23.31,23.38,23.45,23.46,23.31,23.9
3ead6ff0cd324d92918112dfcf400343,scene-0061,day,truck,vehicle.truck,truck,v40-60,143.9,37.74,34.29,5.71,False,24.34,24.54,24.74,25.49,24.34,24.45
3ead6ff0cd324d92918112dfcf400343,scene-0061,day,pedestrian,human.pedestrian.adult,person,v80-100,118.5,22.88,22.42,5.2,False,20.99,22.01,20.99,21.52,22.69,22.86
3ead6ff0cd324d92918112dfcf400343,scene-0061,day,pedestrian,human.pedestrian.adult,person,v80-100,108.6,22.83,22.33,4.4,False,22.38,22.68,22.38,22.68,22.38,23.42
3ead6ff0cd324d92918112dfcf400343,scene-0061,day,pedestrian,human.pedestrian.construction_worker,person,v80-100,143.2,16.15,15.72,0.0,True,17.06,17.07,15.88,16.48,17.06,17.55
3ead6ff0cd324d92918112dfcf400343,scene-0061,day,pedestrian,human.pedestrian.adult,person,v80-100,98.6,24.55,24.16,4.34,False,23.55,23.75,23.83,23.88,23.55,24.19
3ead6ff0cd324d92918112dfcf400343,scene-0061,day,pedestrian,human.pedestrian.adult,person,v40-60,119.2,22.0,21.59,5.51,False,9.37,9.47,9.23,9.3,9.22,9.4
5941e77ca4bd478e99e17114ca8759ab,scene-0061,day,car,vehicle.car,car,v80-100,211.6,15.09,12.57,3.18,False,11.89,11.96,11.89,11.99,11.58,11.81
5941e77ca4bd478e99e17114ca8759ab,scene-0061,day,truck,vehicle.truck,truck,v80-100,120.2,41.88,38.78,15.81,False,35.32,37.12,36.72,37.82,35.32,35.34
5941e77ca4bd478e99e17114ca8759ab,scene-0061,day,pedestrian,human.pedestrian.adult,person,v80-100,123.8,20.61,20.12,5.21,False,19.06,19.23,19.39,19.56,19.06,20.37
5941e77ca4bd478e99e17114ca8759ab,scene-0061,day,pedestrian,human.pedestrian.adult,person,v80-100,125.2,20.53,20.03,6.15,False,19.47,19.97,19.81,20.14,19.47,20.62
5941e77ca4bd478e99e17114ca8759ab,scene-0061,day,pedestrian,human.pedestrian.adult,person,v80-100,244.6,10.32,9.86,4.88,False,8.16,8.31,8.46,8.57,8.16,8.19
5941e77ca4bd478e99e17114ca8759ab,scene-0061,day,pedestrian,human.pedestrian.adult,person,v80-100,137.9,19.95,19.52,7.29,False,17.68,18.02,18.37,18.41,17.68,18.29
5941e77ca4bd478e99e17114ca8759ab,scene-0061,day,pedestrian,human.pedestrian.adult,person,v80-100,137.2,20.61,20.15,6.99,False,18.86,18.87,18.86,18.99,18.87,19.32
5941e77ca4bd478e99e17114ca8759ab,scene-0061,day,truck,vehicle.truck,truck,v40-60,152.6,34.83,31.27,3.19,False,21.17,21.23,21.28,21.98,21.17,21.34
5941e77ca4bd478e99e17114ca8759ab,scene-0061,day,pedestrian,human.pedestrian.construction_worker,person,v80-100,178.2,13.12,12.68,0.75,True,12.75,12.97,12.6,12.68,13.2,13.33
5941e77ca4bd478e99e17114ca8759ab,scene-0061,day,pedestrian,human.pedestrian.adult,person,v80-100,119.2,20.97,20.55,5.84,False,19.77,19.79,19.77,20.03,19.8,20.51
e0bc3ff06fe348fdb56039c640be0ac3,scene-0061,day,car,vehicle.car,car,v80-100,226.2,14.34,11.82,3.06,False,11.16,11.16,11.16,11.25,11.12,11.14
e0bc3ff06fe348fdb56039c640be0ac3,scene-0061,day,pedestrian,human.pedestrian.adult,person,v80-100,153.5,17.62,17.12,6.72,False,15.36,15.72,16.08,16.11,15.36,16.29
e0bc3ff06fe348fdb56039c640be0ac3,scene-0061,day,pedestrian,human.pedestrian.adult,person,v80-100,161.2,18.94,18.46,8.96,False,15.31,15.93,16.11,16.33,15.31,16.66
e0bc3ff06fe348fdb56039c640be0ac3,scene-0061,day,pedestrian,human.pedestrian.adult,person,v80-100,146.0,18.82,18.33,8.12,False,16.48,17.09,16.92,17.31,16.48,17.52
e0bc3ff06fe348fdb56039c640be0ac3,scene-0061,day,pedestrian,human.pedestrian.construction_worker,person,v80-100,227.5,10.59,10.16,1.86,False,10.05,10.07,9.98,10.04,9.92,9.98
e0bc3ff06fe348fdb56039c640be0ac3,scene-0061,day,truck,vehicle.truck,truck,v60-80,121.9,39.51,36.37,12.47,False,29.67,33.27,35.75,36.3,29.67,31.97
0b2eb9c1cd1b45f0b1664a01684c5767,scene-0061,day,car,vehicle.car,truck,v80-100,239.7,13.72,11.19,2.95,False,10.75,10.8,10.75,10.89,10.76,10.8
0b2eb9c1cd1b45f0b1664a01684c5767,scene-0061,day,pedestrian,human.pedestrian.construction_worker,person,v80-100,316.7,8.29,7.84,2.84,False,7.54,7.56,7.28,7.41,7.16,7.37
357a06d0a5a44506b161c072c7247807,scene-0061,day,car,vehicle.car,car,v80-100,253.3,13.2,10.67,2.92,False,10.31,10.34,10.31,10.46,10.37,10.46
357a06d0a5a44506b161c072c7247807,scene-0061,day,truck,vehicle.truck,truck,v60-80,132.4,34.88,31.68,5.58,False,26.97,31.95,34.06,35.5,26.97,30.57
5aed4c34988b4c18a33c69ddcddb6010,scene-0061,day,car,vehicle.car,truck,v80-100,265.5,12.81,10.3,2.94,False,9.89,9.93,9.89,9.89,9.96,10.0
5aed4c34988b4c18a33c69ddcddb6010,scene-0061,day,truck,vehicle.truck,truck,v80-100,140.3,32.65,29.44,2.34,False,26.57,30.36,31.64,32.9,26.57,28.86
c8623ea6d2774a3aa81255a117ba2319,scene-0061,day,car,vehicle.car,truck,v80-100,276.2,12.42,9.93,2.81,False,9.29,9.55,9.29,9.45,9.54,9.68
c8623ea6d2774a3aa81255a117ba2319,scene-0061,day,truck,vehicle.truck,truck,v80-100,150.2,30.56,27.33,0.0,True,26.04,28.02,29.48,29.74,26.04,28.15
06c1523315b14aa7a0dfa4afacafb9e6,scene-0061,day,car,vehicle.car,truck,v80-100,291.4,11.86,9.4,2.47,False,8.82,9.11,8.82,9.04,8.94,9.17
06c1523315b14aa7a0dfa4afacafb9e6,scene-0061,day,truck,vehicle.truck,truck,v80-100,163.6,28.42,25.19,0.0,True,25.14,25.63,26.12,26.45,25.14,25.84
c9d8cf50e42b47fa9a0bbd923e5e9c30,scene-0061,day,car,vehicle.car,truck,v80-100,310.4,11.17,8.75,1.99,False,8.23,8.5,8.23,8.46,8.46,8.62
c9d8cf50e42b47fa9a0bbd923e5e9c30,scene-0061,day,truck,vehicle.truck,truck,v80-100,184.3,26.23,23.02,1.51,False,22.45,22.91,23.37,23.57,22.45,23.22
c9d8cf50e42b47fa9a0bbd923e5e9c30,scene-0061,day,car,vehicle.car,car,v80-100,187.6,15.53,13.83,6.24,False,12.45,12.64,12.72,12.78,12.33,12.39
c9d8cf50e42b47fa9a0bbd923e5e9c30,scene-0061,day,truck,vehicle.truck,truck,v60-80,407.2,19.39,16.52,6.45,False,15.74,16.01,16.28,16.5,15.74,15.98
addcad764798404b8141c9d40b413e73,scene-0061,day,truck,vehicle.truck,truck,v80-100,207.8,24.4,21.21,4.31,False,20.05,20.47,20.89,21.05,20.05,20.87
addcad764798404b8141c9d40b413e73,scene-0061,day,car,vehicle.car,truck,v80-100,329.3,10.56,8.16,1.5,False,7.73,8.06,7.73,7.92,7.94,8.17
426b7a257a5a4fcbbf1086a335f9c648,scene-0061,day,truck,vehicle.truck,truck,v80-100,244.5,22.52,19.38,6.9,False,16.36,17.1,17.84,17.99,16.36,17.34
426b7a257a5a4fcbbf1086a335f9c648,scene-0061,day,car,vehicle.car,truck,v80-100,353.7,9.9,7.51,1.02,True,7.23,7.37,7.23,7.47,7.29,7.4
8fe9b9f55bd14e25b8fde193d6b6a503,scene-0061,day,car,vehicle.car,truck,v80-100,387.7,9.16,6.79,0.58,True,6.62,6.74,6.62,6.87,6.69,6.78
8fe9b9f55bd14e25b8fde193d6b6a503,scene-0061,day,truck,vehicle.truck,truck,v80-100,302.8,20.66,17.62,9.16,False,16.13,17.1,18.08,18.26,16.13,17.38
4bc3a28622964e9f9ab28a68614189f1,scene-0061,day,car,vehicle.car,truck,v80-100,417.8,8.66,6.3,0.26,True,6.18,6.28,6.18,6.38,6.27,6.32
6c913201b35146eea7a2ed8c3fe43887,scene-0061,day,car,vehicle.car,truck,v80-100,432.5,8.42,6.06,0.02,True,5.99,6.13,5.99,6.16,6.09,6.19
6bd85a6773944798ae0be117d40d4fdc,scene-0061,day,car,vehicle.car,truck,v80-100,431.7,8.4,6.05,0.0,True,6.02,6.08,6.02,6.35,6.14,6.2
6bd85a6773944798ae0be117d40d4fdc,scene-0061,day,parked two-wheeler,vehicle.bicycle,bicycle,v80-100,59.7,26.06,25.62,6.01,False,11.25,18.72,24.1,25.15,11.25,20.74
b81fa956bfd84063b59401acce77dc12,scene-0061,day,car,vehicle.car,truck,v80-100,423.5,8.51,6.15,0.0,True,6.15,6.27,6.15,6.37,6.24,6.31
b81fa956bfd84063b59401acce77dc12,scene-0061,day,parked two-wheeler,vehicle.bicycle,bicycle,v80-100,62.4,24.72,24.27,5.07,False,13.51,19.11,22.45,23.58,13.51,20.07
95c58e12ca3d488b8101ff7f15737eb8,scene-0061,day,car,vehicle.car,truck,v80-100,414.4,8.62,6.26,0.0,True,6.23,6.41,6.23,6.47,6.4,6.49
95c58e12ca3d488b8101ff7f15737eb8,scene-0061,day,parked two-wheeler,vehicle.bicycle,bicycle,v80-100,64.8,23.71,23.25,4.65,False,21.43,22.46,20.62,22.06,21.43,23.22
5979f20786b745c5b05c21d8badc2ed8,scene-0061,day,car,vehicle.car,truck,v80-100,404.8,8.73,6.36,0.0,True,6.21,6.4,6.21,6.52,6.39,6.49
5979f20786b745c5b05c21d8badc2ed8,scene-0061,day,parked two-wheeler,vehicle.bicycle,bicycle,v80-100,67.9,22.51,22.04,4.49,False,19.25,20.48,20.26,20.98,19.25,21.21
64fcc224844b41179faa673670804b54,scene-0061,day,car,vehicle.car,car,v80-100,400.2,8.78,6.35,0.0,True,6.26,6.5,6.26,6.63,6.46,6.61
174d78fa966f42f9a9732ff84de02418,scene-0061,day,car,vehicle.car,car,v80-100,400.0,8.84,6.41,0.0,True,6.41,6.48,6.41,6.76,6.48,6.52
3789c6c9d01449e7baf981a6f185825d,scene-0061,day,car,vehicle.car,truck,v80-100,406.4,8.86,6.37,0.22,True,6.46,6.49,6.46,7.2,6.52,6.55
518c6dcad243448abf03cf28b2b09d60,scene-0061,day,car,vehicle.car,car,v80-100,419.2,8.78,6.27,0.61,True,6.11,6.22,6.33,7.37,6.11,6.25
de48c26fdae74181bf94ee9cd7d5f61f,scene-0061,day,car,vehicle.car,car,v80-100,444.1,8.54,6.03,1.0,True,5.68,5.81,5.94,6.61,5.68,5.87
8efbcbcd8e4848eda3f213f562191f2a,scene-0061,day,car,vehicle.car,car,v80-100,480.5,8.21,5.7,1.33,False,5.45,5.53,5.6,6.17,5.45,5.6
6c8111f474b943f589b4da1e3444c1c0,scene-0061,day,car,vehicle.car,truck,v80-100,547.9,7.67,5.18,1.59,False,4.89,4.99,5.1,5.22,4.89,5.07
6c8111f474b943f589b4da1e3444c1c0,scene-0061,day,parked two-wheeler,vehicle.bicycle,bicycle,v80-100,108.0,14.31,13.62,1.76,False,13.3,14.12,14.66,14.8,13.3,14.21
bf8c213cfaad4861907cd2677dc2dbcd,scene-0061,day,car,vehicle.car,car,v80-100,600.6,7.42,4.92,1.83,False,4.46,4.62,4.78,4.81,4.46,4.66
bf8c213cfaad4861907cd2677dc2dbcd,scene-0061,day,parked two-wheeler,vehicle.bicycle,bicycle,v80-100,113.8,13.26,12.66,0.73,True,12.45,13.04,13.03,13.33,12.45,13.22
4f5e35aa6c6a426ca945e206fb2f4921,scene-0103,day,car,vehicle.car,car,v80-100,29.5,73.06,70.75,7.28,False,67.24,72.09,68.8,72.87,67.24,69.78
4f5e35aa6c6a426ca945e206fb2f4921,scene-0103,day,pedestrian,human.pedestrian.adult,person,v80-100,40.7,53.88,53.55,4.45,False,49.08,52.61,50.87,53.51,49.08,52.41
4f5e35aa6c6a426ca945e206fb2f4921,scene-0103,day,car,vehicle.car,car,v80-100,50.3,43.03,40.52,4.86,False,40.72,41.73,39.52,41.14,40.72,41.27
4f5e35aa6c6a426ca945e206fb2f4921,scene-0103,day,pedestrian,human.pedestrian.adult,person,v80-100,145.6,18.55,18.04,6.98,False,13.18,13.34,13.5,15.49,12.94,13.06
4f5e35aa6c6a426ca945e206fb2f4921,scene-0103,day,pedestrian,human.pedestrian.adult,person,v80-100,120.7,20.89,20.53,9.03,False,19.43,19.93,19.33,19.88,19.43,22.15
4f5e35aa6c6a426ca945e206fb2f4921,scene-0103,day,pedestrian,human.pedestrian.adult,person,v80-100,76.4,32.0,31.54,5.5,False,30.72,31.88,30.78,31.91,30.72,32.58
4f5e35aa6c6a426ca945e206fb2f4921,scene-0103,day,pedestrian,human.pedestrian.adult,person,v80-100,87.0,30.98,30.44,9.47,False,27.36,28.0,28.65,29.32,27.36,27.66
4f5e35aa6c6a426ca945e206fb2f4921,scene-0103,day,pedestrian,human.pedestrian.adult,person,v80-100,57.0,38.67,38.39,12.73,False,31.16,32.74,34.33,35.19,31.16,32.43
ba01f58b926a472b9d146cb5a54e9a2e,scene-0103,day,pedestrian,human.pedestrian.adult,person,v80-100,43.7,50.24,49.91,5.46,False,45.6,47.75,47.31,48.6,45.6,48.3
ba01f58b926a472b9d146cb5a54e9a2e,scene-0103,day,car,vehicle.car,car,v80-100,51.7,41.6,39.21,5.17,False,40.35,41.49,38.86,40.75,40.35,40.61
ba01f58b926a472b9d146cb5a54e9a2e,scene-0103,day,car,vehicle.car,car,v80-100,64.2,39.35,36.76,0.0,True,34.84,36.23,35.59,36.61,34.84,36.05
ba01f58b926a472b9d146cb5a54e9a2e,scene-0103,day,car,vehicle.car,car,v80-100,33.2,64.74,62.43,5.21,False,58.15,62.84,59.82,63.67,58.15,60.06
ba01f58b926a472b9d146cb5a54e9a2e,scene-0103,day,pedestrian,human.pedestrian.adult,person,v80-100,94.0,27.43,27.06,10.19,False,23.42,23.69,23.64,23.8,23.42,23.66
ba01f58b926a472b9d146cb5a54e9a2e,scene-0103,day,pedestrian,human.pedestrian.adult,person,v80-100,207.0,13.98,13.44,6.52,False,11.14,11.16,11.18,11.38,11.06,11.1
ba01f58b926a472b9d146cb5a54e9a2e,scene-0103,day,car,vehicle.car,car,v60-80,28.8,76.83,74.38,1.42,False,51.13,62.42,66.55,70.12,51.13,60.11
ba01f58b926a472b9d146cb5a54e9a2e,scene-0103,day,pedestrian,human.pedestrian.adult,person,v80-100,105.3,26.02,25.45,8.83,False,23.92,23.99,23.74,23.9,23.67,23.8
ba01f58b926a472b9d146cb5a54e9a2e,scene-0103,day,pedestrian,human.pedestrian.adult,person,v80-100,89.4,27.62,27.16,5.9,False,26.83,27.5,26.67,27.43,26.83,27.95
a4f0ea2892094f4586a0e2c84f456d8e,scene-0103,day,car,vehicle.car,car,v80-100,83.1,31.51,28.92,0.13,True,27.09,27.59,27.58,27.84,27.09,27.73
a4f0ea2892094f4586a0e2c84f456d8e,scene-0103,day,car,vehicle.car,car,v80-100,38.7,56.47,54.15,2.81,False,51.43,54.01,50.57,53.58,51.43,53.56
a4f0ea2892094f4586a0e2c84f456d8e,scene-0103,day,car,vehicle.car,car,v80-100,53.7,40.68,38.33,4.69,False,40.3,40.5,37.22,38.76,39.73,40.22
a4f0ea2892094f4586a0e2c84f456d8e,scene-0103,day,pedestrian,human.pedestrian.adult,person,v80-100,74.9,29.11,28.78,9.41,False,27.03,28.46,26.58,26.8,28.41,29.15
a4f0ea2892094f4586a0e2c84f456d8e,scene-0103,day,pedestrian,human.pedestrian.adult,person,v80-100,47.5,46.67,46.32,6.93,False,41.59,44.01,42.8,44.61,41.59,43.92
a4f0ea2892094f4586a0e2c84f456d8e,scene-0103,day,car,vehicle.car,car,v60-80,31.1,72.63,70.18,0.0,True,61.1,62.93,64.6,64.68,61.1,63.64
a4f0ea2892094f4586a0e2c84f456d8e,scene-0103,day,pedestrian,human.pedestrian.adult,person,v80-100,108.3,24.24,23.85,9.67,False,20.02,20.36,20.02,20.47,19.86,20.28
a4f0ea2892094f4586a0e2c84f456d8e,scene-0103,day,pedestrian,human.pedestrian.adult,person,v80-100,74.9,29.88,29.64,10.67,False,25.65,26.54,25.65,26.25,25.78,26.61
a4f0ea2892094f4586a0e2c84f456d8e,scene-0103,day,pedestrian,human.pedestrian.adult,person,v80-100,131.8,21.32,20.74,8.1,False,19.65,19.71,19.65,19.79,19.51,19.65
a4f0ea2892094f4586a0e2c84f456d8e,scene-0103,day,pedestrian,human.pedestrian.adult,person,v80-100,86.1,28.2,27.78,9.21,False,23.25,24.88,25.81,26.16,23.25,25.17
78c6783107c4461e830783480eeda657,scene-0103,day,car,vehicle.car,car,v80-100,53.8,40.2,37.85,4.0,False,38.66,38.8,36.52,37.59,38.95,39.61
78c6783107c4461e830783480eeda657,scene-0103,day,car,vehicle.car,car,v80-100,45.5,48.22,45.9,0.66,True,43.65,44.88,44.04,45.07,43.65,45.28
78c6783107c4461e830783480eeda657,scene-0103,day,car,vehicle.car,car,v80-100,119.2,22.86,20.28,1.68,False,19.54,19.65,19.54,19.8,19.76,20.19
78c6783107c4461e830783480eeda657,scene-0103,day,pedestrian,human.pedestrian.adult,person,v80-100,88.9,24.75,24.4,8.51,False,18.36,20.64,19.04,20.98,18.36,21.44
78c6783107c4461e830783480eeda657,scene-0103,day,car,vehicle.car,car,v60-80,42.5,54.71,53.57,1.02,True,46.36,50.45,52.54,53.54,46.36,51.52
78c6783107c4461e830783480eeda657,scene-0103,day,car,vehicle.car,car,v60-80,32.8,68.44,66.0,0.14,True,56.49,59.5,60.84,61.67,56.49,59.62
78c6783107c4461e830783480eeda657,scene-0103,day,pedestrian,human.pedestrian.adult,person,v80-100,136.2,19.29,18.83,7.02,False,18.08,18.42,18.56,18.66,18.08,18.34
78c6783107c4461e830783480eeda657,scene-0103,day,pedestrian,human.pedestrian.child,person,v80-100,40.9,42.89,42.58,7.76,False,38.49,41.0,40.3,41.91,38.49,40.7
78c6783107c4461e830783480eeda657,scene-0103,day,pedestrian,human.pedestrian.adult,person,v80-100,106.2,23.89,23.47,10.03,False,20.38,21.02,21.66,21.68,20.38,21.14
78c6783107c4461e830783480eeda657,scene-0103,day,pedestrian,human.pedestrian.adult,person,v80-100,175.6,16.71,16.12,7.42,False,14.52,14.57,14.52,14.63,14.62,14.93
78c6783107c4461e830783480eeda657,scene-0103,day,pedestrian,human.pedestrian.adult,person,v80-100,94.0,27.01,26.61,10.71,False,13.89,15.29,13.89,18.09,16.28,16.48
fa18edcec56e4a87a5cbd9e04a2f3a09,scene-0103,day,car,vehicle.car,car,v80-100,52.1,40.79,38.46,3.51,False,37.7,38.0,36.79,37.25,38.3,38.51
fa18edcec56e4a87a5cbd9e04a2f3a09,scene-0103,day,car,vehicle.car,car,v80-100,55.5,39.65,37.34,0.0,True,35.15,35.91,36.66,36.66,35.15,36.77
fa18edcec56e4a87a5cbd9e04a2f3a09,scene-0103,day,car,vehicle.car,car,v80-100,43.9,49.12,46.69,7.53,False,44.47,44.73,43.83,44.41,44.47,44.92
fa18edcec56e4a87a5cbd9e04a2f3a09,scene-0103,day,car,vehicle.car,car,v60-80,45.8,50.55,49.44,2.42,False,42.8,45.71,48.06,48.34,42.8,45.9
fa18edcec56e4a87a5cbd9e04a2f3a09,scene-0103,day,pedestrian,human.pedestrian.adult,person,v80-100,108.3,21.28,21.06,8.8,False,17.55,17.64,17.55,18.01,17.73,17.73
fa18edcec56e4a87a5cbd9e04a2f3a09,scene-0103,day,car,vehicle.car,car,v80-100,64.5,34.77,32.22,3.49,False,31.07,31.91,31.8,32.28,31.07,32.36
fa18edcec56e4a87a5cbd9e04a2f3a09,scene-0103,day,pedestrian,human.pedestrian.adult,person,v80-100,109.9,20.44,20.08,7.73,False,18.31,18.7,18.31,18.58,18.73,18.91
fa18edcec56e4a87a5cbd9e04a2f3a09,scene-0103,day,car,vehicle.car,car,v80-100,208.1,14.32,11.71,2.59,False,11.21,11.39,11.21,11.44,11.33,11.45
fa18edcec56e4a87a5cbd9e04a2f3a09,scene-0103,day,pedestrian,human.pedestrian.adult,person,v80-100,96.1,23.04,22.76,8.38,False,19.49,19.87,19.49,19.77,20.16,20.2
fa18edcec56e4a87a5cbd9e04a2f3a09,scene-0103,day,car,vehicle.car,car,v60-80,34.7,64.23,61.8,2.06,False,51.97,54.62,54.08,55.67,51.97,53.99
fa18edcec56e4a87a5cbd9e04a2f3a09,scene-0103,day,pedestrian,human.pedestrian.adult,person,v80-100,180.9,15.62,15.17,7.61,False,13.49,13.69,13.89,14.0,13.49,13.68
fa18edcec56e4a87a5cbd9e04a2f3a09,scene-0103,day,pedestrian,human.pedestrian.adult,person,v80-100,148.8,17.74,17.31,7.7,False,9.9,12.82,15.41,15.58,9.9,10.75
42563f19747741318b4983bbc61a47b1,scene-0103,day,car,vehicle.car,car,v80-100,52.1,39.96,37.63,2.76,False,37.27,38.31,37.02,37.15,38.03,38.69
42563f19747741318b4983bbc61a47b1,scene-0103,day,car,vehicle.car,car,v80-100,30.8,66.39,64.02,0.0,True,69.08,70.12,65.58,68.38,69.08,70.03
42563f19747741318b4983bbc61a47b1,scene-0103,day,pedestrian,human.pedestrian.adult,person,v80-100,122.3,18.64,18.35,7.73,False,16.26,16.27,16.27,16.44,16.26,16.37
42563f19747741318b4983bbc61a47b1,scene-0103,day,car,vehicle.car,car,v80-100,47.8,44.83,42.42,6.38,False,40.49,41.61,40.49,40.57,40.99,41.86
42563f19747741318b4983bbc61a47b1,scene-0103,day,car,vehicle.car,car,v80-100,73.4,30.41,27.87,4.36,False,27.63,27.75,27.85,27.86,27.63,28.38
42563f19747741318b4983bbc61a47b1,scene-0103,day,car,vehicle.car,car,v80-100,71.1,30.99,28.68,0.12,True,28.73,28.91,28.73,28.81,29.09,29.8
42563f19747741318b4983bbc61a47b1,scene-0103,day,car,vehicle.car,car,v80-100,49.3,46.3,45.23,3.54,False,42.11,43.78,43.69,44.57,42.11,44.42
42563f19747741318b4983bbc61a47b1,scene-0103,day,pedestrian,human.pedestrian.adult,person,v80-100,41.8,56.27,55.91,12.63,False,56.47,56.59,54.78,55.75,56.31,56.39
42563f19747741318b4983bbc61a47b1,scene-0103,day,pedestrian,human.pedestrian.adult,person,v80-100,142.2,16.95,16.7,8.19,False,14.28,14.34,14.28,14.46,14.39,14.5
42563f19747741318b4983bbc61a47b1,scene-0103,day,pedestrian,human.pedestrian.adult,person,v80-100,63.1,36.06,35.68,10.34,False,31.66,32.61,32.53,33.05,31.66,32.81
42563f19747741318b4983bbc61a47b1,scene-0103,day,pedestrian,human.pedestrian.adult,person,v80-100,145.1,16.15,15.77,7.21,False,13.74,14.13,14.33,14.43,13.74,14.37
42563f19747741318b4983bbc61a47b1,scene-0103,day,pedestrian,human.pedestrian.child,person,v80-100,50.2,35.58,35.28,9.75,False,32.01,33.04,33.11,33.59,32.01,33.47
42563f19747741318b4983bbc61a47b1,scene-0103,day,car,vehicle.car,car,v40-60,36.9,59.93,57.51,3.64,False,46.9,48.35,47.6,48.7,46.9,49.37
42563f19747741318b4983bbc61a47b1,scene-0103,day,pedestrian,human.pedestrian.adult,person,v40-60,143.9,18.49,18.15,8.71,False,14.51,14.62,14.74,14.89,14.51,15.04
42563f19747741318b4983bbc61a47b1,scene-0103,day,pedestrian,human.pedestrian.adult,person,v80-100,63.8,38.44,38.01,11.09,False,26.63,31.73,33.38,35.11,26.63,31.01
a1e3e016cc5442b7b9c84652615b24f7,scene-0103,day,car,vehicle.car,car,v80-100,34.6,59.9,57.5,0.37,True,59.91,62.7,58.97,62.23,59.91,62.71
a1e3e016cc5442b7b9c84652615b24f7,scene-0103,day,car,vehicle.car,car,v80-100,51.5,40.27,37.92,1.85,False,38.82,38.93,37.28,38.16,38.82,38.83
a1e3e016cc5442b7b9c84652615b24f7,scene-0103,day,car,vehicle.car,car,v80-100,53.0,40.64,38.19,5.06,False,38.24,38.31,37.03,37.71,38.24,38.3
a1e3e016cc5442b7b9c84652615b24f7,scene-0103,day,car,vehicle.car,car,v80-100,89.8,26.08,23.52,5.36,False,23.23,23.35,23.38,23.42,23.23,24.05
a1e3e016cc5442b7b9c84652615b24f7,scene-0103,day,car,vehicle.car,car,v80-100,103.9,22.35,20.0,1.44,False,20.0,20.1,20.0,20.1,20.2,20.67
a1e3e016cc5442b7b9c84652615b24f7,scene-0103,day,pedestrian,human.pedestrian.adult,car,v80-100,168.0,14.33,14.0,7.05,False,12.3,12.43,12.3,12.39,12.55,12.73
a1e3e016cc5442b7b9c84652615b24f7,scene-0103,day,pedestrian,human.pedestrian.adult,person,v80-100,70.5,34.96,34.5,9.96,False,32.75,33.59,33.34,33.89,32.75,33.29
a1e3e016cc5442b7b9c84652615b24f7,scene-0103,day,pedestrian,human.pedestrian.adult,person,v80-100,43.4,52.43,52.06,11.09,False,50.27,51.69,48.82,50.96,50.27,50.91
a1e3e016cc5442b7b9c84652615b24f7,scene-0103,day,car,vehicle.car,car,v40-60,56.5,42.08,41.02,4.77,False,34.89,37.77,40.44,40.55,34.89,38.35
a1e3e016cc5442b7b9c84652615b24f7,scene-0103,day,pedestrian,human.pedestrian.child,person,v80-100,57.2,32.11,31.79,10.8,False,28.02,28.72,29.06,29.24,28.02,29.04
054c2431ba324912bb4799b9217f5b7b,scene-0103,day,car,vehicle.car,car,v80-100,51.0,40.38,38.03,1.09,True,38.27,38.6,37.64,38.28,38.27,38.52
054c2431ba324912bb4799b9217f5b7b,scene-0103,day,car,vehicle.car,car,v80-100,39.3,53.25,50.84,1.75,False,50.58,52.34,53.34,53.73,50.58,52.14
054c2431ba324912bb4799b9217f5b7b,scene-0103,day,car,vehicle.car,car,v80-100,59.2,36.3,33.83,4.25,False,33.24,33.75,33.55,33.9,33.24,33.68
054c2431ba324912bb4799b9217f5b7b,scene-0103,day,car,vehicle.car,car,v80-100,30.9,67.86,66.12,6.54,False,62.2,66.28,63.35,66.85,62.2,63.53
054c2431ba324912bb4799b9217f5b7b,scene-0103,day,pedestrian,human.pedestrian.adult,person,v80-100,46.6,48.83,48.46,9.97,False,42.24,44.6,44.19,45.58,42.18,42.21
054c2431ba324912bb4799b9217f5b7b,scene-0103,day,car,vehicle.car,car,v80-100,198.5,13.08,10.68,2.31,False,10.7,11.0,10.64,10.67,10.89,11.1
054c2431ba324912bb4799b9217f5b7b,scene-0103,day,pedestrian,human.pedestrian.adult,person,v80-100,79.2,31.35,30.88,9.26,False,28.95,29.85,29.73,30.24,28.95,29.34
054c2431ba324912bb4799b9217f5b7b,scene-0103,day,car,vehicle.car,car,v40-60,44.2,51.27,48.82,6.8,False,42.48,44.01,45.54,46.02,42.48,44.87
94449679456646028efd31ec73c6ae47,scene-0103,day,car,vehicle.car,car,v80-100,49.4,40.89,38.52,0.57,True,37.22,37.73,37.2,37.73,37.22,37.65
94449679456646028efd31ec73c6ae47,scene-0103,day,car,vehicle.car,car,v80-100,71.2,33.42,32.27,5.41,False,29.07,30.61,31.41,31.77,29.07,30.41
94449679456646028efd31ec73c6ae47,scene-0103,day,car,vehicle.car,car,v80-100,44.6,46.61,44.17,2.58,False,42.17,43.9,43.31,44.47,42.17,43.81
94449679456646028efd31ec73c6ae47,scene-0103,day,car,vehicle.car,car,v80-100,67.7,31.87,29.38,3.69,False,28.3,28.52,28.73,28.73,28.3,28.63
94449679456646028efd31ec73c6ae47,scene-0103,day,car,vehicle.car,car,v80-100,147.9,17.73,15.14,6.32,False,14.5,14.53,14.56,14.61,14.5,14.67
94449679456646028efd31ec73c6ae47,scene-0103,day,car,vehicle.car,car,v80-100,32.7,63.52,61.76,5.6,False,57.77,59.98,59.22,60.7,57.77,59.14
94449679456646028efd31ec73c6ae47,scene-0103,day,pedestrian,human.pedestrian.adult,person,v80-100,90.0,27.76,27.26,8.82,False,24.38,25.05,25.73,25.88,24.38,24.77
350b563e0523486391eba9d010337e2d,scene-0103,day,car,vehicle.car,car,v80-100,48.1,41.35,38.98,0.46,True,38.21,38.95,38.15,38.92,38.21,38.74
350b563e0523486391eba9d010337e2d,scene-0103,day,car,vehicle.car,car,v80-100,81.5,29.12,27.85,5.05,False,25.48,26.66,26.91,27.38,25.48,26.55
350b563e0523486391eba9d010337e2d,scene-0103,day,car,vehicle.car,car,v80-100,35.0,59.14,57.36,5.29,False,55.59,57.54,55.78,57.64,55.59,55.76
350b563e0523486391eba9d010337e2d,scene-0103,day,car,vehicle.car,car,v80-100,52.0,39.93,37.48,2.86,False,36.99,37.44,37.84,37.86,36.99,37.83
350b563e0523486391eba9d010337e2d,scene-0103,day,car,vehicle.car,car,v80-100,79.6,27.42,24.91,3.51,False,23.69,23.89,24.09,24.18,23.69,23.91
350b563e0523486391eba9d010337e2d,scene-0103,day,car,vehicle.car,car,v80-100,216.5,13.8,11.28,6.44,False,10.71,10.71,10.71,10.84,10.71,10.95
350b563e0523486391eba9d010337e2d,scene-0103,day,pedestrian,human.pedestrian.adult,person,v80-100,54.6,41.6,41.2,8.96,False,39.45,41.47,39.95,41.72,39.45,41.61
350b563e0523486391eba9d010337e2d,scene-0103,day,pedestrian,human.pedestrian.adult,person,v80-100,105.2,24.18,23.66,8.67,False,21.93,22.2,22.25,22.36,21.45,21.69
3d1b68481c894b0c84291b7d923e2e23,scene-0103,day,car,vehicle.car,car,v80-100,48.3,41.55,39.18,0.63,True,40.91,41.19,39.19,40.33,40.91,41.11
3d1b68481c894b0c84291b7d923e2e23,scene-0103,day,car,vehicle.car,car,v80-100,107.8,26.45,24.81,12.35,False,18.37,19.55,20.68,20.7,18.37,19.41
3d1b68481c894b0c84291b7d923e2e23,scene-0103,day,car,vehicle.car,car,v80-100,96.9,23.06,20.55,3.56,False,19.97,20.09,19.97,20.0,20.21,20.27
3d1b68481c894b0c84291b7d923e2e23,scene-0103,day,car,vehicle.car,car,v80-100,98.5,24.92,23.92,4.66,False,21.98,22.7,23.26,23.34,21.98,22.77
3d1b68481c894b0c84291b7d923e2e23,scene-0103,day,car,vehicle.car,car,v80-100,60.2,35.1,32.65,2.81,False,32.28,32.28,31.67,31.98,32.29,32.54
3d1b68481c894b0c84291b7d923e2e23,scene-0103,day,car,vehicle.car,car,v80-100,38.2,54.74,52.96,5.41,False,52.05,53.32,51.14,52.87,52.05,52.59
3d1b68481c894b0c84291b7d923e2e23,scene-0103,day,pedestrian,human.pedestrian.adult,person,v80-100,127.4,20.73,20.21,8.68,False,18.08,18.41,18.04,18.39,18.08,18.31
3d1b68481c894b0c84291b7d923e2e23,scene-0103,day,pedestrian,human.pedestrian.adult,person,v80-100,60.2,38.05,37.65,8.99,False,20.74,21.49,20.74,27.24,21.09,21.66
579c17cec3f94f0cbb84b8b95590841c,scene-0103,day,car,vehicle.car,car,v80-100,70.3,30.75,28.29,2.83,False,27.97,28.04,27.29,27.63,28.1,28.29
579c17cec3f94f0cbb84b8b95590841c,scene-0103,day,car,vehicle.car,car,v80-100,46.3,43.64,41.28,0.78,True,42.68,42.99,39.69,41.19,43.27,43.28
579c17cec3f94f0cbb84b8b95590841c,scene-0103,day,car,vehicle.car,car,v80-100,120.8,21.18,20.18,4.31,False,18.81,19.09,19.22,19.29,18.81,19.13
579c17cec3f94f0cbb84b8b95590841c,scene-0103,day,pedestrian,human.pedestrian.adult,person,v80-100,156.2,17.81,17.29,8.67,False,15.48,15.52,15.46,15.47,15.34,15.45
579c17cec3f94f0cbb84b8b95590841c,scene-0103,day,car,vehicle.car,car,v80-100,121.1,19.25,16.73,3.55,False,16.26,16.66,16.26,16.39,16.94,17.0
579c17cec3f94f0cbb84b8b95590841c,scene-0103,day,car,vehicle.car,car,v80-100,41.6,50.8,49.03,5.44,False,49.59,49.81,47.65,48.62,49.03,49.53
579c17cec3f94f0cbb84b8b95590841c,scene-0103,day,car,vehicle.car,car,v80-100,40.5,57.89,55.86,15.74,False,43.96,45.67,47.08,47.23,43.96,45.7
579c17cec3f94f0cbb84b8b95590841c,scene-0103,day,pedestrian,human.pedestrian.adult,person,v80-100,90.5,26.97,26.52,8.22,False,24.17,24.22,24.17,24.3,24.27,25.3
f9b9612d1bec41cf974eb41c202759f7,scene-0103,day,truck,vehicle.truck,truck,v40-60,64.0,63.78,60.39,5.99,False,47.01,50.45,53.55,53.72,47.01,51.34
f9b9612d1bec41cf974eb41c202759f7,scene-0103,day,car,vehicle.car,car,v80-100,80.9,27.04,24.57,2.95,False,24.82,24.82,24.46,24.64,24.82,25.05
f9b9612d1bec41cf974eb41c202759f7,scene-0103,day,car,vehicle.car,car,v80-100,144.9,18.14,17.14,4.07,False,15.82,16.06,16.31,16.42,15.82,16.06
f9b9612d1bec41cf974eb41c202759f7,scene-0103,day,car,vehicle.car,car,v80-100,150.9,16.09,13.55,3.48,False,13.23,13.6,13.23,13.28,13.65,13.8
f9b9612d1bec41cf974eb41c202759f7,scene-0103,day,car,vehicle.car,car,v80-100,44.5,47.52,45.74,5.32,False,45.07,46.11,44.1,45.62,45.07,45.52
f9b9612d1bec41cf974eb41c202759f7,scene-0103,day,car,vehicle.car,car,v80-100,43.0,54.72,52.68,15.6,False,36.11,40.16,37.75,40.98,36.11,39.16
c6de74ea1ed34b1fa6e084304bfdc184,scene-0103,day,car,vehicle.car,car,v80-100,46.7,45.41,43.62,5.22,False,42.78,43.43,42.0,43.04,42.78,43.41
c6de74ea1ed34b1fa6e084304bfdc184,scene-0103,day,car,vehicle.car,car,v80-100,88.4,24.95,22.48,3.05,False,22.38,22.52,22.44,22.55,22.38,22.77
c6de74ea1ed34b1fa6e084304bfdc184,scene-0103,day,car,vehicle.car,car,v80-100,166.5,16.24,15.24,3.82,False,13.59,13.82,14.05,14.05,13.59,13.95
c6de74ea1ed34b1fa6e084304bfdc184,scene-0103,day,car,vehicle.car,car,v80-100,179.6,14.09,11.54,3.43,False,11.11,11.55,11.11,11.16,11.49,11.75
c6de74ea1ed34b1fa6e084304bfdc184,scene-0103,day,truck,vehicle.truck,car,v60-80,66.3,61.67,58.28,6.13,False,45.96,48.97,50.71,51.34,45.96,48.9
c6de74ea1ed34b1fa6e084304bfdc184,scene-0103,day,car,vehicle.car,car,v80-100,44.9,52.68,50.64,15.48,False,31.24,35.07,28.9,33.9,31.24,36.01
c6de74ea1ed34b1fa6e084304bfdc184,scene-0103,day,car,vehicle.car,car,v60-80,78.2,35.32,32.76,7.43,False,30.92,31.57,31.89,32.06,30.92,31.89
562a992ab3724ba1873439cb5aa79c5f,scene-0103,day,car,vehicle.car,car,v80-100,49.3,43.35,41.56,5.21,False,41.37,41.44,39.52,40.45,41.51,41.72
562a992ab3724ba1873439cb5aa79c5f,scene-0103,day,car,vehicle.car,car,v80-100,97.7,22.93,20.45,3.09,False,20.64,20.7,20.26,20.45,20.77,20.9
562a992ab3724ba1873439cb5aa79c5f,scene-0103,day,car,vehicle.car,car,v80-100,192.9,14.37,13.4,2.99,False,12.09,12.16,12.24,12.24,12.09,12.16
562a992ab3724ba1873439cb5aa79c5f,scene-0103,day,car,vehicle.car,car,v80-100,221.4,12.18,9.63,3.41,False,9.11,9.4,9.11,9.12,9.25,9.47
562a992ab3724ba1873439cb5aa79c5f,scene-0103,day,car,vehicle.car,car,v80-100,47.1,50.71,48.67,15.48,False,37.08,38.45,36.61,38.22,37.08,38.67
562a992ab3724ba1873439cb5aa79c5f,scene-0103,day,truck,vehicle.truck,car,v60-80,69.0,59.62,56.22,6.15,False,41.31,45.84,49.48,49.92,41.31,45.27
562a992ab3724ba1873439cb5aa79c5f,scene-0103,day,car,vehicle.car,car,v40-60,84.0,33.29,30.73,7.44,False,28.89,29.21,29.49,29.51,28.89,29.74
a1c59120cae444969fe633dce315bfaf,scene-0103,day,car,vehicle.car,car,v80-100,51.1,41.91,40.11,5.22,False,39.75,39.86,38.27,39.01,39.95,39.97
a1c59120cae444969fe633dce315bfaf,scene-0103,day,car,vehicle.car,car,v80-100,211.4,13.1,12.12,2.18,False,11.4,11.4,11.16,11.28,11.4,11.41
a1c59120cae444969fe633dce315bfaf,scene-0103,day,car,vehicle.car,car,v80-100,264.9,10.82,8.27,3.42,False,7.66,7.72,7.66,7.66,7.71,7.75
a1c59120cae444969fe633dce315bfaf,scene-0103,day,car,vehicle.car,car,v80-100,105.0,21.52,19.03,3.11,False,19.06,19.14,18.66,18.86,19.22,19.33
a1c59120cae444969fe633dce315bfaf,scene-0103,day,pedestrian,human.pedestrian.adult,person,v80-100,118.0,22.03,21.49,11.89,False,16.18,17.24,17.47,17.89,16.18,17.3
a1c59120cae444969fe633dce315bfaf,scene-0103,day,truck,vehicle.truck,car,v60-80,70.8,58.19,54.78,6.15,False,47.18,48.53,48.28,49.08,47.18,48.41
a1c59120cae444969fe633dce315bfaf,scene-0103,day,car,vehicle.car,car,v60-80,48.6,49.33,47.29,15.49,False,39.07,41.35,42.99,43.31,39.07,40.23
46424bca0dce47e4b112431ecf260696,scene-0103,day,truck,vehicle.truck,truck,v60-80,72.1,57.27,53.85,6.14,False,43.0,45.84,46.3,47.49,43.0,45.7
46424bca0dce47e4b112431ecf260696,scene-0103,day,car,vehicle.car,car,v80-100,52.4,40.98,39.18,5.22,False,38.4,39.29,38.72,39.45,38.4,39.27
46424bca0dce47e4b112431ecf260696,scene-0103,day,car,vehicle.car,car,v80-100,213.6,12.7,11.19,0.75,True,10.69,10.86,10.69,10.75,11.03,11.04
46424bca0dce47e4b112431ecf260696,scene-0103,day,car,vehicle.car,car,v80-100,305.8,9.92,7.38,3.42,False,6.67,6.86,6.67,6.8,6.71,6.88
46424bca0dce47e4b112431ecf260696,scene-0103,day,pedestrian,human.pedestrian.adult,person,v80-100,80.3,29.3,28.89,8.73,False,27.61,28.1,27.6,28.09,27.61,28.3
46424bca0dce47e4b112431ecf260696,scene-0103,day,pedestrian,human.pedestrian.adult,person,v80-100,130.1,21.0,20.57,11.46,False,15.45,15.96,16.46,16.51,15.45,16.31
d05e01e43df24e35a7b4f11647e250f6,scene-0103,day,car,vehicle.car,car,v80-100,53.4,40.24,38.44,5.19,False,37.82,37.95,36.65,37.37,37.82,38.59
d05e01e43df24e35a7b4f11647e250f6,scene-0103,day,car,vehicle.car,car,v80-100,205.0,12.91,10.8,0.0,True,10.64,11.03,10.64,10.8,10.88,11.14
d05e01e43df24e35a7b4f11647e250f6,scene-0103,day,car,vehicle.car,car,v80-100,348.8,9.2,6.67,3.41,False,6.07,6.25,6.07,6.27,6.16,6.29
d05e01e43df24e35a7b4f11647e250f6,scene-0103,day,car,vehicle.car,car,v40-60,56.9,44.96,42.37,5.22,False,38.11,38.16,38.21,38.36,38.11,38.84
d05e01e43df24e35a7b4f11647e250f6,scene-0103,day,car,vehicle.car,car,v40-60,109.9,23.82,21.3,7.95,False,19.75,19.91,19.35,19.55,20.08,20.48
d05e01e43df24e35a7b4f11647e250f6,scene-0103,day,pedestrian,human.pedestrian.adult,person,v80-100,80.4,29.26,28.85,8.75,False,25.81,25.95,24.63,25.35,25.8,25.8
c78c89d264e64b1f9f8542e5817fc6f1,scene-0103,day,car,vehicle.car,car,v80-100,54.8,39.22,37.41,5.11,False,37.18,37.33,35.88,36.67,37.18,37.67
c78c89d264e64b1f9f8542e5817fc6f1,scene-0103,day,car,vehicle.car,car,v60-80,93.9,28.08,25.83,11.77,False,20.22,22.0,22.78,23.28,20.22,23.09
c78c89d264e64b1f9f8542e5817fc6f1,scene-0103,day,car,vehicle.car,car,v80-100,115.6,22.95,20.43,7.99,False,19.13,19.29,19.26,19.35,19.13,19.5
c78c89d264e64b1f9f8542e5817fc6f1,scene-0103,day,car,vehicle.car,car,v80-100,194.6,13.4,10.9,0.0,True,11.58,11.86,11.58,11.77,11.81,11.98
c78c89d264e64b1f9f8542e5817fc6f1,scene-0103,day,car,vehicle.car,car,v80-100,413.0,8.42,5.91,3.39,False,5.91,6.08,5.91,6.09,5.92,6.08
c78c89d264e64b1f9f8542e5817fc6f1,scene-0103,day,car,vehicle.car,car,v80-100,51.5,46.95,44.9,15.35,False,38.78,41.03,40.72,42.0,38.78,40.64
c78c89d264e64b1f9f8542e5817fc6f1,scene-0103,day,car,vehicle.car,car,v40-60,133.3,17.96,15.44,3.36,False,15.58,15.75,15.58,15.62,15.92,15.93
c78c89d264e64b1f9f8542e5817fc6f1,scene-0103,day,car,vehicle.car,car,v40-60,58.0,44.13,41.53,5.11,False,39.95,40.01,39.22,39.64,39.95,40.67
c78c89d264e64b1f9f8542e5817fc6f1,scene-0103,day,pedestrian,human.pedestrian.adult,person,v80-100,80.7,29.13,28.72,8.71,False,24.77,24.81,23.77,24.27,24.86,25.07
d9a8ad39503a411a8eb7501846d8dfc9,scene-0103,day,car,vehicle.car,car,v80-100,56.2,38.32,36.51,5.02,False,36.15,36.3,34.62,35.38,36.46,36.88
d9a8ad39503a411a8eb7501846d8dfc9,scene-0103,day,car,vehicle.car,car,v80-100,52.6,46.1,44.04,15.27,False,38.66,40.64,40.6,41.62,38.66,40.3
d9a8ad39503a411a8eb7501846d8dfc9,scene-0103,day,car,vehicle.car,car,v80-100,148.6,16.55,14.08,3.37,False,13.77,13.97,13.77,13.88,13.72,13.95
d9a8ad39503a411a8eb7501846d8dfc9,scene-0103,day,car,vehicle.car,car,v80-100,165.4,15.36,12.67,0.0,True,12.6,12.98,12.6,12.86,12.88,13.12
d9a8ad39503a411a8eb7501846d8dfc9,scene-0103,day,truck,vehicle.truck,truck,v80-100,75.7,54.8,51.37,6.45,False,40.6,43.73,46.86,46.95,40.6,44.92
d9a8ad39503a411a8eb7501846d8dfc9,scene-0103,day,car,vehicle.car,car,v40-60,59.3,43.22,40.62,5.0,False,37.38,37.75,36.28,36.83,38.11,38.3
d9a8ad39503a411a8eb7501846d8dfc9,scene-0103,day,car,vehicle.car,car,v40-60,121.7,22.15,19.63,8.05,False,17.92,18.14,18.18,18.27,17.92,18.42
d9a8ad39503a411a8eb7501846d8dfc9,scene-0103,day,car,vehicle.car,car,v80-100,426.4,7.64,5.18,3.36,False,5.76,5.88,5.76,5.88,5.86,5.94
30f3278766a040469851546a499aeddd,scene-0103,day,car,vehicle.car,car,v80-100,58.0,37.3,35.49,5.08,False,34.23,34.56,33.85,34.04,34.9,35.38
30f3278766a040469851546a499aeddd,scene-0103,day,car,vehicle.car,car,v80-100,54.1,45.13,43.08,15.35,False,24.51,32.82,39.67,40.4,24.51,33.07
30f3278766a040469851546a499aeddd,scene-0103,day,car,vehicle.car,car,v80-100,170.6,15.11,12.75,3.38,False,12.1,12.24,12.1,12.14,12.03,12.21
30f3278766a040469851546a499aeddd,scene-0103,day,car,vehicle.car,car,v80-100,142.6,17.42,14.74,0.0,True,13.86,14.43,13.86,14.14,14.48,14.75
30f3278766a040469851546a499aeddd,scene-0103,day,car,vehicle.car,car,v60-80,102.9,26.35,24.11,11.74,False,19.46,19.51,19.55,20.04,19.46,20.18
45b3945365d04b589a4e3d9d9588b934,scene-0103,day,car,vehicle.car,car,v80-100,128.9,19.23,16.65,0.0,True,16.26,16.73,16.26,16.4,16.68,16.95
45b3945365d04b589a4e3d9d9588b934,scene-0103,day,car,vehicle.car,car,v80-100,60.5,35.96,34.14,5.12,False,32.69,33.4,32.32,33.22,32.69,33.7
45b3945365d04b589a4e3d9d9588b934,scene-0103,day,truck,vehicle.truck,truck,v80-100,79.6,52.42,48.97,6.28,False,38.81,42.49,43.36,44.77,38.81,41.84
45b3945365d04b589a4e3d9d9588b934,scene-0103,day,car,vehicle.car,car,v80-100,56.1,43.86,41.81,15.39,False,30.99,36.12,37.1,39.17,30.99,35.88
45b3945365d04b589a4e3d9d9588b934,scene-0103,day,car,vehicle.car,car,v80-100,200.6,13.62,11.38,3.45,False,10.29,10.33,10.37,10.52,10.29,10.3
45b3945365d04b589a4e3d9d9588b934,scene-0103,day,car,vehicle.car,car,v80-100,110.3,25.16,22.92,11.76,False,13.25,15.82,18.39,18.57,13.25,16.26
45b3945365d04b589a4e3d9d9588b934,scene-0103,day,car,vehicle.car,car,v40-60,63.4,40.86,38.25,5.13,False,35.49,36.47,35.01,36.22,35.49,36.42
45b3945365d04b589a4e3d9d9588b934,scene-0103,day,car,vehicle.car,car,v40-60,39.7,73.36,71.32,6.69,False,54.87,60.61,61.29,63.83,54.87,59.45
aaeca9b158db49e697a4fc155f783dfa,scene-0103,day,car,vehicle.car,car,v80-100,63.3,34.59,32.77,5.12,False,31.97,32.2,31.47,31.95,31.97,32.51
aaeca9b158db49e697a4fc155f783dfa,scene-0103,day,car,vehicle.car,car,v80-100,116.8,21.15,18.63,0.34,True,18.7,19.16,18.7,18.7,19.42,19.52
aaeca9b158db49e697a4fc155f783dfa,scene-0103,day,car,vehicle.car,car,v80-100,58.4,42.57,40.52,15.4,False,18.37,29.51,36.79,38.72,18.37,28.66
aaeca9b158db49e697a4fc155f783dfa,scene-0103,day,truck,vehicle.truck,truck,v80-100,82.2,51.03,47.58,6.27,False,38.58,42.19,41.46,43.63,38.58,41.52
aaeca9b158db49e697a4fc155f783dfa,scene-0103,day,car,vehicle.car,car,v80-100,243.9,12.18,10.1,3.55,False,8.91,8.92,8.93,9.13,8.91,8.95
aaeca9b158db49e697a4fc155f783dfa,scene-0103,day,car,vehicle.car,car,v80-100,119.2,23.96,21.74,11.76,False,19.12,19.15,19.12,19.52,19.17,19.62
aaeca9b158db49e697a4fc155f783dfa,scene-0103,day,car,vehicle.car,car,v40-60,66.0,39.49,36.88,5.13,False,34.76,35.11,34.35,34.91,34.76,35.41
aaeca9b158db49e697a4fc155f783dfa,scene-0103,day,car,vehicle.car,car,v40-60,120.1,24.89,22.3,7.55,False,20.46,21.61,22.69,22.73,20.46,21.78
4d56d35168514019a3f2f6f39b1b54d5,scene-0103,day,truck,vehicle.truck,truck,v80-100,85.5,49.4,45.95,6.26,False,36.9,40.08,41.01,42.13,36.9,39.57
4d56d35168514019a3f2f6f39b1b54d5,scene-0103,day,car,vehicle.car,car,v80-100,67.0,32.96,31.13,5.12,False,30.66,30.95,30.42,30.83,30.66,31.16
4d56d35168514019a3f2f6f39b1b54d5,scene-0103,day,car,vehicle.car,car,v80-100,103.2,23.72,21.2,0.67,True,21.25,21.51,21.14,21.2,21.76,21.77
4d56d35168514019a3f2f6f39b1b54d5,scene-0103,day,car,vehicle.car,car,v60-80,61.3,41.04,38.99,15.4,False,19.67,29.59,34.7,37.11,19.67,28.79
4d56d35168514019a3f2f6f39b1b54d5,scene-0103,day,cyclist,vehicle.bicycle,person,v80-100,37.7,66.07,65.09,4.52,False,57.86,65.34,58.78,65.81,57.86,65.31
4d56d35168514019a3f2f6f39b1b54d5,scene-0103,day,car,vehicle.car,car,v60-80,69.4,37.85,35.24,5.14,False,33.54,34.3,33.72,34.39,33.54,34.34
4d56d35168514019a3f2f6f39b1b54d5,scene-0103,day,car,vehicle.car,car,v80-100,71.3,42.91,40.55,20.23,False,26.83,32.02,36.55,36.88,26.83,31.18
4d56d35168514019a3f2f6f39b1b54d5,scene-0103,day,car,vehicle.car,car,v80-100,322.0,10.59,8.79,3.68,False,8.05,8.07,8.05,8.18,8.02,8.05
4d56d35168514019a3f2f6f39b1b54d5,scene-0103,day,pedestrian,human.pedestrian.adult,person,v80-100,88.7,26.85,26.43,8.58,False,23.38,25.02,25.21,25.93,23.38,25.15
4d56d35168514019a3f2f6f39b1b54d5,scene-0103,day,car,vehicle.car,car,v80-100,131.7,22.56,20.36,11.75,False,17.26,17.36,17.26,18.03,17.45,17.82
47bac577996844c78919b53fa36cf1ed,scene-0103,day,car,vehicle.car,car,v80-100,93.1,26.08,23.56,0.99,True,23.78,23.95,23.57,23.84,23.78,24.21
47bac577996844c78919b53fa36cf1ed,scene-0103,day,truck,vehicle.truck,truck,v80-100,89.2,47.56,44.1,6.28,False,35.77,38.8,39.21,40.52,35.77,38.83
47bac577996844c78919b53fa36cf1ed,scene-0103,day,car,vehicle.car,car,v80-100,71.4,31.12,29.29,5.1,False,28.27,28.66,28.28,28.67,28.27,29.03
47bac577996844c78919b53fa36cf1ed,scene-0103,day,car,vehicle.car,car,v40-60,61.0,41.78,39.41,5.3,False,31.65,32.63,32.61,33.11,31.65,32.63
47bac577996844c78919b53fa36cf1ed,scene-0103,day,car,vehicle.car,car,v80-100,145.4,21.61,19.02,7.62,False,16.16,16.87,17.55,17.56,16.16,17.16
47bac577996844c78919b53fa36cf1ed,scene-0103,day,pedestrian,human.pedestrian.adult,person,v80-100,92.7,25.84,25.43,8.57,False,23.02,23.96,23.9,24.41,23.02,24.31
47bac577996844c78919b53fa36cf1ed,scene-0103,day,car,vehicle.car,car,v80-100,75.4,41.28,38.94,20.2,False,33.18,34.97,35.62,36.19,33.18,34.5
47bac577996844c78919b53fa36cf1ed,scene-0103,day,car,vehicle.car,car,v60-80,73.5,36.01,33.39,5.12,False,31.17,32.2,31.88,32.55,31.17,32.2
47bac577996844c78919b53fa36cf1ed,scene-0103,day,car,vehicle.car,car,v60-80,64.8,39.32,37.27,15.38,False,31.51,34.06,34.58,35.59,31.51,33.3
47bac577996844c78919b53fa36cf1ed,scene-0103,day,car,vehicle.car,car,v80-100,380.0,9.0,7.64,3.84,False,7.13,7.15,7.13,7.29,7.18,7.18
3152f3fe99a545b3a7af4019965f4973,scene-0103,day,car,vehicle.car,car,v80-100,84.9,28.43,25.87,1.19,True,26.48,26.59,25.78,26.13,26.7,26.93
3152f3fe99a545b3a7af4019965f4973,scene-0103,day,car,vehicle.car,car,v80-100,77.1,29.07,27.23,5.05,False,26.9,27.1,26.51,26.91,26.9,27.49
3152f3fe99a545b3a7af4019965f4973,scene-0103,day,truck,vehicle.truck,truck,v80-100,94.0,45.44,41.98,6.36,False,35.13,37.17,36.94,38.07,35.13,37.55
3152f3fe99a545b3a7af4019965f4973,scene-0103,day,car,vehicle.car,car,v80-100,165.8,19.72,17.14,7.71,False,15.33,15.36,15.39,15.59,15.33,15.52
3152f3fe99a545b3a7af4019965f4973,scene-0103,day,car,vehicle.car,car,v60-80,78.6,33.95,31.33,5.06,False,29.81,30.79,30.41,31.09,29.81,30.95
3152f3fe99a545b3a7af4019965f4973,scene-0103,day,car,vehicle.car,car,v60-80,69.1,37.41,35.37,15.31,False,19.3,23.85,28.4,28.62,19.3,23.98
3152f3fe99a545b3a7af4019965f4973,scene-0103,day,pedestrian,human.pedestrian.adult,person,v80-100,98.0,24.64,24.22,8.54,False,22.12,22.9,22.89,23.28,22.12,23.05
2548b0212b9b4356b3754f9aff505fba,scene-0103,day,car,vehicle.car,car,v80-100,77.5,30.85,28.3,1.2,True,28.4,28.68,27.68,28.32,28.4,28.95
2548b0212b9b4356b3754f9aff505fba,scene-0103,day,car,vehicle.car,car,v80-100,84.5,26.75,24.9,4.96,False,24.45,24.49,23.98,24.26,24.45,24.91
2548b0212b9b4356b3754f9aff505fba,scene-0103,day,truck,vehicle.truck,truck,v80-100,99.7,43.08,39.6,6.5,False,33.03,35.73,35.67,37.05,33.03,35.65
2548b0212b9b4356b3754f9aff505fba,scene-0103,day,car,vehicle.car,car,v80-100,195.3,17.68,15.12,7.74,False,12.86,12.97,13.08,13.34,12.86,13.07
2548b0212b9b4356b3754f9aff505fba,scene-0103,day,cyclist,vehicle.bicycle,person,v80-100,48.5,51.82,50.84,5.11,False,47.8,51.74,46.84,51.26,47.8,50.89
2548b0212b9b4356b3754f9aff505fba,scene-0103,day,car,vehicle.car,car,v60-80,84.9,31.64,29.01,4.95,False,27.2,28.11,28.42,28.72,27.2,28.37
2548b0212b9b4356b3754f9aff505fba,scene-0103,day,car,vehicle.car,car,v80-100,73.6,39.46,36.78,12.03,False,24.82,27.95,31.07,31.3,24.82,27.91
2548b0212b9b4356b3754f9aff505fba,scene-0103,day,pedestrian,human.pedestrian.adult,person,v80-100,105.6,23.11,22.68,8.48,False,20.71,21.27,21.19,21.52,20.71,21.64
2548b0212b9b4356b3754f9aff505fba,scene-0103,day,car,vehicle.car,car,v40-60,60.1,43.56,41.06,5.25,False,32.24,34.34,33.93,35.19,32.24,34.17
2548b0212b9b4356b3754f9aff505fba,scene-0103,day,car,vehicle.car,car,v40-60,46.1,64.11,62.05,6.94,False,48.78,53.23,48.74,53.22,48.78,53.69
8464c748ca5f460dba24b50a233692e4,scene-0103,day,car,vehicle.car,car,v80-100,94.6,24.22,22.36,4.85,False,21.55,21.61,21.55,21.61,21.55,22.11
8464c748ca5f460dba24b50a233692e4,scene-0103,day,truck,vehicle.truck,truck,v80-100,106.9,40.56,37.07,6.68,False,32.74,34.42,34.81,35.45,32.74,34.43
8464c748ca5f460dba24b50a233692e4,scene-0103,day,car,vehicle.car,car,v60-80,93.4,29.09,26.46,4.81,False,24.97,25.43,25.82,25.86,24.97,25.85
8464c748ca5f460dba24b50a233692e4,scene-0103,day,car,vehicle.car,car,v80-100,79.6,36.98,34.3,11.87,False,26.13,28.06,29.99,30.13,26.13,28.38
8464c748ca5f460dba24b50a233692e4,scene-0103,day,cyclist,vehicle.bicycle,person,v80-100,54.2,46.53,45.55,5.34,False,45.02,47.86,40.59,45.65,45.02,46.41
8464c748ca5f460dba24b50a233692e4,scene-0103,day,pedestrian,human.pedestrian.adult,person,v80-100,115.9,21.35,20.92,8.39,False,19.29,19.74,19.15,19.67,19.29,20.2
8464c748ca5f460dba24b50a233692e4,scene-0103,day,car,vehicle.car,car,v40-60,64.2,40.99,38.48,5.09,False,30.18,31.79,31.55,32.47,30.18,31.81
8464c748ca5f460dba24b50a233692e4,scene-0103,day,car,vehicle.car,car,v80-100,244.0,15.51,13.03,7.78,False,12.09,12.18,12.27,12.44,12.09,12.33
8464c748ca5f460dba24b50a233692e4,scene-0103,day,car,vehicle.car,car,v80-100,81.5,32.99,30.96,15.07,False,27.06,27.8,27.12,27.83,27.06,28.18
43690f8cf9e8472eae04d06de838217a,scene-0103,day,car,vehicle.car,car,v80-100,106.8,21.77,19.89,4.77,False,18.81,19.05,18.81,18.87,19.3,19.45
43690f8cf9e8472eae04d06de838217a,scene-0103,day,truck,vehicle.truck,truck,v80-100,114.8,38.11,34.61,6.83,False,30.28,32.02,32.31,33.03,30.28,31.72
43690f8cf9e8472eae04d06de838217a,scene-0103,day,car,vehicle.car,car,v60-80,103.4,26.61,23.96,4.69,False,22.92,23.02,23.09,23.11,22.92,23.41
43690f8cf9e8472eae04d06de838217a,scene-0103,day,cyclist,vehicle.bicycle,person,v80-100,61.4,41.29,40.3,5.45,False,40.21,42.39,38.32,41.45,40.21,42.71
43690f8cf9e8472eae04d06de838217a,scene-0103,day,car,vehicle.car,car,v80-100,86.2,34.62,31.93,11.74,False,25.15,26.27,27.26,27.33,25.15,26.82
43690f8cf9e8472eae04d06de838217a,scene-0103,day,car,vehicle.car,car,v40-60,52.7,44.11,41.94,5.16,False,30.85,31.89,30.52,31.73,30.85,31.78
43690f8cf9e8472eae04d06de838217a,scene-0103,day,car,vehicle.car,car,v40-60,68.7,38.49,35.97,4.95,False,27.77,29.23,28.69,29.7,27.77,29.09
43690f8cf9e8472eae04d06de838217a,scene-0103,day,pedestrian,human.pedestrian.adult,person,v80-100,128.0,19.69,19.25,8.32,False,17.79,17.88,17.51,17.65,17.96,18.24
883020ef0286455bbb4b91bc12f642ac,scene-0103,day,car,vehicle.car,car,v80-100,127.8,18.61,16.71,4.65,False,15.88,16.0,15.88,15.97,16.13,16.2
883020ef0286455bbb4b91bc12f642ac,scene-0103,day,truck,vehicle.truck,truck,v80-100,126.5,34.93,31.42,7.02,False,28.68,29.42,28.7,29.43,28.68,28.86
883020ef0286455bbb4b91bc12f642ac,scene-0103,day,car,vehicle.car,car,v40-60,54.3,60.42,58.11,7.35,False,49.78,51.5,49.74,51.48,49.78,50.16
883020ef0286455bbb4b91bc12f642ac,scene-0103,day,car,vehicle.car,car,v80-100,96.2,31.58,28.9,11.55,False,23.85,24.51,25.03,25.09,23.85,24.54
883020ef0286455bbb4b91bc12f642ac,scene-0103,day,car,vehicle.car,car,v60-80,119.4,23.4,20.74,4.54,False,19.97,20.03,20.09,20.12,19.97,20.33
883020ef0286455bbb4b91bc12f642ac,scene-0103,day,car,vehicle.car,car,v40-60,56.9,40.86,38.68,4.94,False,28.83,30.23,30.82,31.23,28.83,30.03
883020ef0286455bbb4b91bc12f642ac,scene-0103,day,car,vehicle.car,car,v40-60,75.3,35.22,32.68,4.76,False,25.0,26.05,25.97,26.54,25.0,25.93
883020ef0286455bbb4b91bc12f642ac,scene-0103,day,pedestrian,human.pedestrian.adult,person,v80-100,149.8,17.4,16.95,8.22,False,15.41,15.46,15.04,15.27,15.41,15.69
883020ef0286455bbb4b91bc12f642ac,scene-0103,day,car,vehicle.car,car,v40-60,45.0,58.14,56.12,5.08,False,45.61,49.54,47.92,50.7,45.61,48.2
6d2aceca30d140c2ada255c5289f2589,scene-0103,day,car,vehicle.car,car,v80-100,159.4,15.57,13.67,4.56,False,12.47,12.54,12.47,12.71,12.61,12.71
6d2aceca30d140c2ada255c5289f2589,scene-0103,day,truck,vehicle.truck,truck,v80-100,141.3,31.84,28.33,7.17,False,25.58,26.21,26.54,26.7,25.58,25.98
6d2aceca30d140c2ada255c5289f2589,scene-0103,day,car,vehicle.car,car,v80-100,109.2,28.67,26.0,11.41,False,19.2,20.73,21.57,21.91,19.2,20.64
6d2aceca30d140c2ada255c5289f2589,scene-0103,day,car,vehicle.car,car,v60-80,141.8,20.3,17.64,4.42,False,16.69,16.74,16.69,16.91,16.79,16.93
6d2aceca30d140c2ada255c5289f2589,scene-0103,day,cyclist,vehicle.bicycle,person,v80-100,87.7,29.43,28.43,5.54,False,26.65,28.62,26.45,28.52,26.65,29.88
6d2aceca30d140c2ada255c5289f2589,scene-0103,day,car,vehicle.car,car,v40-60,56.5,52.67,50.59,7.89,False,45.01,47.03,47.17,48.12,45.01,46.84
6d2aceca30d140c2ada255c5289f2589,scene-0103,day,car,vehicle.car,car,v60-80,102.4,25.98,23.57,4.57,False,21.52,22.34,22.79,22.98,21.52,22.28
6d2aceca30d140c2ada255c5289f2589,scene-0103,day,car,vehicle.car,car,v40-60,62.0,37.7,35.52,4.77,False,26.87,27.8,28.34,28.54,26.87,27.77
6d2aceca30d140c2ada255c5289f2589,scene-0103,day,car,vehicle.car,car,v60-80,47.7,54.96,52.95,4.84,False,49.96,51.92,53.02,53.45,49.96,51.45
6d2aceca30d140c2ada255c5289f2589,scene-0103,day,car,vehicle.car,car,v40-60,57.5,57.27,54.96,7.59,False,48.11,50.16,49.56,50.89,48.11,49.72
16c0e0687dda444285817f7ccd3387b5,scene-0103,day,car,vehicle.car,car,v80-100,216.0,12.43,10.51,4.5,False,9.04,9.18,9.32,9.41,9.04,9.25
16c0e0687dda444285817f7ccd3387b5,scene-0103,day,truck,vehicle.truck,truck,v80-100,161.1,28.57,25.05,7.27,False,21.97,22.55,22.56,22.85,21.97,22.23
16c0e0687dda444285817f7ccd3387b5,scene-0103,day,car,vehicle.car,car,v60-80,127.4,25.63,22.99,11.32,False,13.44,15.32,16.24,16.72,13.44,14.6
16c0e0687dda444285817f7ccd3387b5,scene-0103,day,car,vehicle.car,car,v80-100,176.3,17.06,14.39,4.34,False,13.21,13.37,13.53,13.68,13.21,13.44
16c0e0687dda444285817f7ccd3387b5,scene-0103,day,car,vehicle.car,car,v80-100,60.5,49.34,47.25,8.03,False,39.44,42.17,42.35,43.63,39.44,41.53
16c0e0687dda444285817f7ccd3387b5,scene-0103,day,car,vehicle.car,car,v60-80,119.7,22.66,20.24,4.49,False,18.42,19.16,19.42,19.66,18.42,19.01
16c0e0687dda444285817f7ccd3387b5,scene-0103,day,car,vehicle.car,car,v60-80,50.9,51.58,49.56,4.7,False,46.11,47.91,49.12,49.42,46.11,46.89
16c0e0687dda444285817f7ccd3387b5,scene-0103,day,car,vehicle.car,car,v40-60,61.2,53.92,51.6,7.73,False,45.34,47.19,47.03,48.03,45.34,46.8
16c0e0687dda444285817f7ccd3387b5,scene-0103,day,car,vehicle.car,car,v60-80,94.2,28.7,26.16,4.51,False,23.73,24.64,24.92,25.24,23.73,24.1
16c0e0687dda444285817f7ccd3387b5,scene-0103,day,cyclist,vehicle.bicycle,person,v80-100,112.9,23.35,22.33,5.65,False,22.04,22.57,21.44,22.27,22.04,22.3
059ffc35578745c3b625011b0479a4fa,scene-0103,day,truck,vehicle.truck,truck,v80-100,189.4,25.19,21.68,7.31,False,18.35,18.76,19.17,19.77,18.35,18.82
059ffc35578745c3b625011b0479a4fa,scene-0103,day,car,vehicle.car,car,v80-100,238.0,13.77,11.11,4.31,False,9.59,9.65,9.71,9.95,9.59,9.84
059ffc35578745c3b625011b0479a4fa,scene-0103,day,car,vehicle.car,car,v60-80,146.2,19.23,16.79,4.45,False,15.08,15.36,15.63,15.86,15.08,15.41
059ffc35578745c3b625011b0479a4fa,scene-0103,day,car,vehicle.car,car,v80-100,52.4,42.15,39.69,4.89,False,30.52,32.41,34.29,36.04,30.52,32.19
059ffc35578745c3b625011b0479a4fa,scene-0103,day,car,vehicle.car,car,v80-100,109.2,25.25,22.69,4.48,False,20.69,21.13,21.26,21.42,20.69,21.05
059ffc35578745c3b625011b0479a4fa,scene-0103,day,car,vehicle.car,car,v60-80,87.0,33.24,30.46,7.5,False,25.3,26.99,28.17,28.43,25.3,26.82
059ffc35578745c3b625011b0479a4fa,scene-0103,day,car,vehicle.car,car,v60-80,54.8,48.06,46.04,4.65,False,39.47,41.16,42.86,43.73,39.47,40.1
059ffc35578745c3b625011b0479a4fa,scene-0103,day,car,vehicle.car,car,v80-100,65.6,45.87,43.77,8.08,False,38.03,39.64,39.99,40.62,38.03,39.03
059ffc35578745c3b625011b0479a4fa,scene-0103,day,car,vehicle.car,car,v40-60,65.8,50.44,48.11,7.78,False,43.0,44.24,44.05,44.77,43.0,43.78
ae6645e8bf474b65b19a69bf71fe90a3,scene-0103,day,truck,vehicle.truck,truck,v80-100,232.5,21.7,18.2,7.4,False,14.98,15.37,15.75,16.02,14.98,15.28
ae6645e8bf474b65b19a69bf71fe90a3,scene-0103,day,car,vehicle.car,car,v80-100,71.9,42.21,40.1,8.21,False,34.83,36.26,36.08,36.88,34.83,35.88
ae6645e8bf474b65b19a69bf71fe90a3,scene-0103,day,car,vehicle.car,car,v80-100,190.3,15.64,13.2,4.37,False,11.83,11.92,12.01,12.23,11.83,12.15
ae6645e8bf474b65b19a69bf71fe90a3,scene-0103,day,car,vehicle.car,car,v80-100,376.4,10.42,7.84,4.24,False,7.23,7.28,7.33,7.55,7.23,7.38
ae6645e8bf474b65b19a69bf71fe90a3,scene-0103,day,car,vehicle.car,car,v80-100,57.9,38.45,35.99,4.75,False,26.71,29.25,31.78,32.93,26.71,29.23
ae6645e8bf474b65b19a69bf71fe90a3,scene-0103,day,car,vehicle.car,car,v60-80,59.7,44.34,42.31,4.5,False,40.68,42.3,42.16,43.04,40.68,42.0
ae6645e8bf474b65b19a69bf71fe90a3,scene-0103,day,car,vehicle.car,car,v80-100,131.2,21.61,19.04,4.38,False,16.98,17.57,17.87,18.02,16.98,17.7
ae6645e8bf474b65b19a69bf71fe90a3,scene-0103,day,car,vehicle.car,car,v40-60,40.5,63.64,61.52,4.57,False,54.03,57.66,53.99,57.64,54.03,56.48
ae6645e8bf474b65b19a69bf71fe90a3,scene-0103,day,car,vehicle.car,car,v60-80,99.6,29.64,26.86,7.61,False,22.26,23.76,24.69,24.98,22.26,23.61
ae6645e8bf474b65b19a69bf71fe90a3,scene-0103,day,car,vehicle.car,car,v60-80,88.8,27.16,24.96,4.51,False,22.6,23.49,23.49,23.93,22.6,23.5
87723668b00f419ba263ab062d14bd13,scene-0103,day,car,vehicle.car,car,v40-60,30.8,78.06,75.98,4.1,False,58.23,61.51,61.13,62.96,58.23,61.19
87723668b00f419ba263ab062d14bd13,scene-0103,day,truck,vehicle.truck,truck,v80-100,301.8,18.27,14.81,7.45,False,11.83,12.22,12.61,13.06,11.83,12.02
87723668b00f419ba263ab062d14bd13,scene-0103,day,car,vehicle.car,car,v60-80,65.7,40.48,38.45,4.44,False,36.23,37.8,37.18,38.27,36.23,37.61
87723668b00f419ba263ab062d14bd13,scene-0103,day,car,vehicle.car,car,v80-100,277.1,12.03,9.59,4.32,False,8.28,8.45,8.61,8.73,8.28,8.53
87723668b00f419ba263ab062d14bd13,scene-0103,day,car,vehicle.car,car,v80-100,58.8,34.58,32.39,2.6,False,32.31,32.64,30.9,31.93,32.31,32.78
87723668b00f419ba263ab062d14bd13,scene-0103,day,car,vehicle.car,car,v80-100,64.8,34.64,32.17,4.69,False,28.86,30.34,30.34,31.07,28.86,30.25
87723668b00f419ba263ab062d14bd13,scene-0103,day,car,vehicle.car,car,v80-100,165.6,17.88,15.29,4.33,False,13.81,14.19,14.57,14.57,13.81,14.25
87723668b00f419ba263ab062d14bd13,scene-0103,day,car,vehicle.car,car,v80-100,117.0,25.97,23.19,7.66,False,18.97,20.27,21.09,21.33,18.97,20.0
87723668b00f419ba263ab062d14bd13,scene-0103,day,car,vehicle.car,car,v40-60,43.2,59.77,57.65,4.55,False,46.44,49.57,48.33,50.52,46.44,48.88
87723668b00f419ba263ab062d14bd13,scene-0103,day,car,vehicle.car,car,v80-100,79.6,38.45,36.33,8.27,False,31.21,32.59,33.01,33.49,31.21,31.91
87723668b00f419ba263ab062d14bd13,scene-0103,day,car,vehicle.car,car,v60-80,105.3,23.35,21.14,4.46,False,19.36,19.88,20.06,20.23,19.36,20.13
d5061556971945c2afc03dbfdc3bc1a6,scene-0103,day,car,vehicle.car,car,v80-100,79.4,26.32,24.12,2.39,False,23.3,23.52,23.02,23.38,23.3,23.85
d5061556971945c2afc03dbfdc3bc1a6,scene-0103,day,car,vehicle.car,car,v80-100,149.3,21.58,18.81,7.61,False,15.68,16.21,16.73,16.74,15.68,16.39
d5061556971945c2afc03dbfdc3bc1a6,scene-0103,day,car,vehicle.car,car,v80-100,92.1,33.88,31.74,8.18,False,28.37,29.23,28.92,29.51,28.37,29.41
d5061556971945c2afc03dbfdc3bc1a6,scene-0103,day,car,vehicle.car,car,v80-100,246.3,13.41,10.82,4.35,False,9.33,9.53,9.72,9.85,9.33,9.73
d5061556971945c2afc03dbfdc3bc1a6,scene-0103,day,car,vehicle.car,car,v40-60,33.0,73.27,71.18,4.3,False,57.01,59.77,56.94,59.73,57.01,59.48
d5061556971945c2afc03dbfdc3bc1a6,scene-0103,day,car,vehicle.car,car,v60-80,75.3,35.78,33.74,4.55,False,31.51,32.84,33.08,33.62,31.51,33.36
d5061556971945c2afc03dbfdc3bc1a6,scene-0103,day,car,vehicle.car,car,v80-100,76.5,29.96,27.48,4.78,False,25.66,26.21,26.59,26.68,25.66,26.62
d5061556971945c2afc03dbfdc3bc1a6,scene-0103,day,car,vehicle.car,car,v60-80,137.3,18.76,16.53,4.5,False,14.98,15.43,15.87,16.0,14.98,15.88
d5061556971945c2afc03dbfdc3bc1a6,scene-0103,day,car,vehicle.car,car,v40-60,89.0,38.36,36.0,7.89,False,32.07,33.39,33.32,34.02,32.07,33.56
d5061556971945c2afc03dbfdc3bc1a6,scene-0103,day,car,vehicle.car,car,v40-60,47.3,55.05,52.93,4.75,False,36.79,38.68,39.36,39.97,36.79,39.15
d5061556971945c2afc03dbfdc3bc1a6,scene-0103,day,truck,vehicle.truck,truck,v80-100,475.8,14.34,11.06,7.43,False,10.96,11.21,11.46,11.74,10.96,11.19
2d3b48e3840244c7b681cb6e63e2c123,scene-0103,day,car,vehicle.car,car,v80-100,183.2,18.67,15.93,7.64,False,12.83,13.2,13.49,13.53,12.83,13.2
2d3b48e3840244c7b681cb6e63e2c123,scene-0103,day,car,vehicle.car,car,v80-100,110.5,19.57,17.36,2.29,False,17.58,17.6,17.28,17.45,17.58,17.83
2d3b48e3840244c7b681cb6e63e2c123,scene-0103,day,car,vehicle.car,car,v80-100,102.7,30.78,28.63,8.21,False,25.27,26.12,25.42,26.2,25.27,26.38
2d3b48e3840244c7b681cb6e63e2c123,scene-0103,day,car,vehicle.car,car,v80-100,86.6,26.77,24.29,4.75,False,22.96,23.11,22.86,23.06,22.96,23.66
2d3b48e3840244c7b681cb6e63e2c123,scene-0103,day,car,vehicle.car,car,v80-100,83.1,32.59,30.55,4.52,False,28.41,29.27,28.86,29.5,28.41,29.88
2d3b48e3840244c7b681cb6e63e2c123,scene-0103,day,car,vehicle.car,car,v60-80,50.2,51.82,49.7,4.77,False,44.23,46.51,43.69,46.24,44.23,46.83
2d3b48e3840244c7b681cb6e63e2c123,scene-0103,day,car,vehicle.car,car,v80-100,172.2,15.66,13.42,4.46,False,12.26,12.35,12.44,12.72,12.26,12.76
2d3b48e3840244c7b681cb6e63e2c123,scene-0103,day,car,vehicle.car,car,v80-100,366.2,10.48,7.94,4.31,False,7.21,7.26,7.21,7.52,7.31,7.38
2d3b48e3840244c7b681cb6e63e2c123,scene-0103,day,car,vehicle.car,car,v40-60,34.6,69.75,67.67,4.32,False,59.27,61.09,58.23,60.57,59.27,62.09
2d3b48e3840244c7b681cb6e63e2c123,scene-0103,day,car,vehicle.car,car,v40-60,97.8,35.22,32.85,7.92,False,29.75,30.7,29.89,30.77,29.75,31.0
0f4c0e7301424f2996d87a86902aafe9,scene-0103,day,car,vehicle.car,car,v80-100,119.6,26.93,24.76,8.19,False,20.63,21.77,21.63,22.27,20.63,21.76
0f4c0e7301424f2996d87a86902aafe9,scene-0103,day,car,vehicle.car,car,v80-100,252.9,11.9,9.66,4.47,False,8.32,8.38,8.45,8.65,8.32,8.58
0f4c0e7301424f2996d87a86902aafe9,scene-0103,day,car,vehicle.car,car,v80-100,192.5,12.39,10.12,2.34,False,10.17,10.37,10.17,10.2,10.32,10.45
0f4c0e7301424f2996d87a86902aafe9,scene-0103,day,car,vehicle.car,car,v80-100,103.7,22.8,20.29,4.77,False,19.08,19.47,19.57,19.71,19.08,19.86
0f4c0e7301424f2996d87a86902aafe9,scene-0103,day,car,vehicle.car,car,v80-100,95.4,28.6,26.54,4.55,False,24.54,25.45,25.59,25.98,24.54,25.76
0f4c0e7301424f2996d87a86902aafe9,scene-0103,day,car,vehicle.car,car,v60-80,54.3,47.77,45.64,4.88,False,33.23,34.89,36.55,36.6,33.23,35.79
0f4c0e7301424f2996d87a86902aafe9,scene-0103,day,car,vehicle.car,car,v80-100,255.9,15.18,12.53,7.63,False,11.34,11.47,11.61,11.78,11.34,11.69
0f4c0e7301424f2996d87a86902aafe9,scene-0103,day,car,vehicle.car,car,v60-80,36.4,60.33,58.14,4.69,False,45.96,50.09,52.42,53.33,45.96,48.98
0f4c0e7301424f2996d87a86902aafe9,scene-0103,day,parked two-wheeler,vehicle.bicycle,bicycle,v80-100,81.0,19.88,19.21,6.8,False,12.13,17.34,15.97,19.27,12.13,17.96
aeffd15cbe594a9a81b26d8bb8d15f3d,scene-0103,day,car,vehicle.car,car,v80-100,385.8,5.69,3.54,2.45,False,4.23,4.46,4.23,4.36,4.35,4.51
aeffd15cbe594a9a81b26d8bb8d15f3d,scene-0103,day,car,vehicle.car,car,v80-100,114.4,24.56,22.5,4.44,False,21.36,21.77,21.4,21.79,21.36,22.21
aeffd15cbe594a9a81b26d8bb8d15f3d,scene-0103,day,car,vehicle.car,car,v80-100,133.1,18.81,16.3,4.66,False,15.66,15.72,15.53,15.59,15.78,16.09
aeffd15cbe594a9a81b26d8bb8d15f3d,scene-0103,day,parked two-wheeler,vehicle.bicycle,bicycle,v80-100,105.0,16.08,15.43,6.7,False,14.57,14.66,14.2,14.38,14.74,14.93
aeffd15cbe594a9a81b26d8bb8d15f3d,scene-0103,day,car,vehicle.car,car,v40-60,39.4,61.93,59.87,4.41,False,50.26,51.14,52.03,52.64,50.26,51.95
aeffd15cbe594a9a81b26d8bb8d15f3d,scene-0103,day,car,vehicle.car,car,v80-100,147.2,23.14,20.95,8.3,False,17.46,18.29,17.7,18.41,17.46,18.59
aeffd15cbe594a9a81b26d8bb8d15f3d,scene-0103,day,car,vehicle.car,car,v60-80,60.6,43.68,41.54,4.74,False,31.26,32.69,33.53,33.82,31.26,32.67
aeffd15cbe594a9a81b26d8bb8d15f3d,scene-0103,day,car,vehicle.car,car,v40-60,70.3,35.69,33.48,4.55,False,26.18,26.92,26.84,27.25,26.18,27.2
1afba7064f794174a68582db8e099c80,scene-0103,day,car,vehicle.car,car,v80-100,186.1,19.42,17.22,8.26,False,13.58,14.09,14.17,14.39,13.58,14.05
1afba7064f794174a68582db8e099c80,scene-0103,day,car,vehicle.car,car,v80-100,140.4,20.53,18.44,4.51,False,17.0,17.37,17.67,17.7,17.0,17.76
1afba7064f794174a68582db8e099c80,scene-0103,day,car,vehicle.car,car,v80-100,180.7,14.88,12.36,4.69,False,11.31,11.35,11.39,11.55,11.31,11.6
1afba7064f794174a68582db8e099c80,scene-0103,day,car,vehicle.car,car,v60-80,99.9,26.62,24.38,4.74,False,22.52,22.89,23.27,23.27,22.52,23.22
1afba7064f794174a68582db8e099c80,scene-0103,day,car,vehicle.car,car,v80-100,159.4,23.53,21.09,7.95,False,17.91,18.72,18.68,19.11,17.91,18.57
1afba7064f794174a68582db8e099c80,scene-0103,day,car,vehicle.car,car,v40-60,84.1,28.68,26.22,8.03,False,22.95,24.28,24.19,24.9,22.95,24.2
be95ce80ec624f81ba6737eb67241215,scene-0655,day,car,vehicle.car,car,v80-100,19.1,101.66,99.22,5.78,False,95.71,104.72,103.32,108.53,88.92,92.31
be95ce80ec624f81ba6737eb67241215,scene-0655,day,car,vehicle.car,car,v80-100,71.9,33.07,31.15,3.39,False,30.78,31.4,32.02,32.3,30.78,31.54
be95ce80ec624f81ba6737eb67241215,scene-0655,day,car,vehicle.car,car,v40-60,53.7,57.9,54.93,6.91,False,47.5,50.16,49.08,50.95,47.5,48.75
be95ce80ec624f81ba6737eb67241215,scene-0655,day,car,vehicle.car,car,v60-80,53.3,39.28,36.7,7.39,False,30.94,32.09,33.24,34.31,30.94,31.94
be95ce80ec624f81ba6737eb67241215,scene-0655,day,car,vehicle.car,car,v40-60,52.0,44.76,42.24,7.46,False,37.96,40.03,41.79,41.95,37.96,39.55
be95ce80ec624f81ba6737eb67241215,scene-0655,day,car,vehicle.car,car,v40-60,201.4,14.57,12.62,5.69,False,11.14,11.57,11.14,11.45,11.5,11.75
be95ce80ec624f81ba6737eb67241215,scene-0655,day,car,vehicle.car,car,v80-100,276.6,13.55,11.07,7.02,False,10.13,10.25,10.37,11.0,10.13,10.42
be95ce80ec624f81ba6737eb67241215,scene-0655,day,truck,vehicle.truck,truck,v80-100,169.3,24.27,20.36,6.78,False,18.39,18.68,18.96,19.11,18.39,18.78
be95ce80ec624f81ba6737eb67241215,scene-0655,day,car,vehicle.car,car,v40-60,49.0,50.66,48.07,7.05,False,42.79,44.98,46.82,47.0,42.79,44.55
d35f5f1183da4cd9a744d9e265a6e40a,scene-0655,day,car,vehicle.car,car,v80-100,19.9,97.53,95.08,5.63,False,89.94,100.97,104.5,108.25,89.94,93.31
d35f5f1183da4cd9a744d9e265a6e40a,scene-0655,day,truck,vehicle.truck,truck,v80-100,216.2,20.36,16.46,6.72,False,14.65,14.69,14.72,15.08,14.65,14.83
d35f5f1183da4cd9a744d9e265a6e40a,scene-0655,day,car,vehicle.car,car,v40-60,58.1,53.74,50.76,6.83,False,46.83,49.08,49.5,50.41,46.83,49.62
d35f5f1183da4cd9a744d9e265a6e40a,scene-0655,day,car,vehicle.car,car,v60-80,60.3,35.19,32.59,7.36,False,27.7,28.2,28.71,30.03,27.7,28.41
d35f5f1183da4cd9a744d9e265a6e40a,scene-0655,day,car,vehicle.car,car,v40-60,57.8,40.63,38.1,7.33,False,34.21,35.19,36.17,36.75,34.21,35.67
d35f5f1183da4cd9a744d9e265a6e40a,scene-0655,day,car,vehicle.car,car,v60-80,81.2,29.85,27.87,5.06,False,26.53,27.08,27.62,28.01,26.53,27.9
d35f5f1183da4cd9a744d9e265a6e40a,scene-0655,day,car,vehicle.car,car,v40-60,53.7,46.52,43.92,7.0,False,41.12,41.95,41.96,42.38,41.12,42.66
d35f5f1183da4cd9a744d9e265a6e40a,scene-0655,day,car,vehicle.car,car,v40-60,127.4,17.9,16.17,5.13,False,16.01,16.32,16.01,16.44,16.62,17.07
8ba2ea656c09414c90b1a5d4b6f4130b,scene-0655,day,car,vehicle.car,car,v80-100,20.9,93.46,91.01,5.58,False,89.44,98.48,95.36,101.44,88.29,88.87
8ba2ea656c09414c90b1a5d4b6f4130b,scene-0655,day,car,vehicle.car,truck,v60-80,185.6,16.92,14.93,5.55,False,15.2,15.5,15.2,15.56,15.8,15.8
8ba2ea656c09414c90b1a5d4b6f4130b,scene-0655,day,car,vehicle.car,car,v60-80,69.6,31.22,28.6,7.35,False,26.97,27.39,27.25,27.53,26.97,27.22
8ba2ea656c09414c90b1a5d4b6f4130b,scene-0655,day,car,vehicle.car,car,v40-60,176.1,14.24,12.35,5.09,False,11.33,11.49,11.33,11.76,11.65,11.87
8ba2ea656c09414c90b1a5d4b6f4130b,scene-0655,day,car,vehicle.car,car,v40-60,63.4,49.71,46.73,6.86,False,41.08,41.59,42.11,42.66,41.08,41.71
8ba2ea656c09414c90b1a5d4b6f4130b,scene-0655,day,truck,vehicle.truck,truck,v80-100,297.7,16.7,12.88,6.73,False,11.13,11.14,11.13,11.62,11.15,11.2
8ba2ea656c09414c90b1a5d4b6f4130b,scene-0655,day,car,vehicle.car,car,v60-80,65.1,36.64,34.1,7.31,False,33.92,34.01,33.37,33.64,34.1,34.19
8ba2ea656c09414c90b1a5d4b6f4130b,scene-0655,day,car,vehicle.car,car,v60-80,59.6,42.51,39.9,7.05,False,39.63,40.2,39.15,39.97,39.63,40.17
8ba2ea656c09414c90b1a5d4b6f4130b,scene-0655,day,car,vehicle.car,car,v40-60,92.1,24.13,21.6,7.35,False,19.23,19.92,20.55,20.58,19.23,19.84
92f4ee9bea444cfba6ddde21cbb47f06,scene-0655,day,car,vehicle.car,car,v80-100,21.8,89.65,87.2,5.43,False,88.53,94.97,88.6,95.01,86.9,87.72
92f4ee9bea444cfba6ddde21cbb47f06,scene-0655,day,car,vehicle.car,truck,v60-80,256.1,13.66,11.47,5.54,False,9.65,9.88,10.1,10.39,9.65,10.02
92f4ee9bea444cfba6ddde21cbb47f06,scene-0655,day,car,vehicle.car,car,v80-100,80.6,27.53,24.9,7.3,False,23.86,24.15,23.23,23.84,23.86,23.89
92f4ee9bea444cfba6ddde21cbb47f06,scene-0655,day,car,vehicle.car,car,v60-80,69.0,45.95,42.96,6.81,False,40.95,42.21,41.53,42.5,40.95,42.54
92f4ee9bea444cfba6ddde21cbb47f06,scene-0655,day,car,vehicle.car,car,v60-80,73.4,32.93,30.39,7.28,False,30.71,30.73,29.88,30.3,30.39,30.57
92f4ee9bea444cfba6ddde21cbb47f06,scene-0655,day,car,vehicle.car,car,v60-80,65.8,38.76,36.15,6.96,False,35.86,36.17,35.6,36.05,35.86,36.17
92f4ee9bea444cfba6ddde21cbb47f06,scene-0655,day,car,vehicle.car,car,v60-80,113.1,20.6,18.08,7.34,False,16.11,16.23,16.35,16.46,16.11,16.22
92f4ee9bea444cfba6ddde21cbb47f06,scene-0655,day,truck,vehicle.truck,truck,v80-100,455.2,13.49,9.89,6.71,False,10.29,10.4,10.29,10.6,10.52,10.61
d30a9add52b347b281114af3fe6b2578,scene-0655,day,car,vehicle.car,car,v80-100,153.3,16.76,14.28,7.3,False,12.24,12.27,12.24,12.53,12.29,12.43
d30a9add52b347b281114af3fe6b2578,scene-0655,day,car,vehicle.car,car,v80-100,98.4,23.44,20.79,7.29,False,19.18,19.46,19.3,19.52,19.18,19.62
d30a9add52b347b281114af3fe6b2578,scene-0655,day,car,vehicle.car,car,v80-100,22.9,85.35,82.9,5.19,False,78.08,83.3,83.2,85.86,78.08,78.38
d30a9add52b347b281114af3fe6b2578,scene-0655,day,car,vehicle.car,car,v60-80,76.7,41.72,38.72,6.74,False,37.29,38.46,38.07,38.85,37.29,38.47
d30a9add52b347b281114af3fe6b2578,scene-0655,day,car,vehicle.car,car,v80-100,85.8,28.79,26.24,7.23,False,25.54,25.93,25.62,25.97,25.54,25.98
d30a9add52b347b281114af3fe6b2578,scene-0655,day,car,vehicle.car,car,v60-80,54.9,49.75,47.8,17.87,False,37.67,38.92,40.17,40.91,37.54,37.61
d30a9add52b347b281114af3fe6b2578,scene-0655,day,car,vehicle.car,car,v80-100,74.8,34.56,31.94,6.9,False,30.63,31.4,31.32,31.75,30.63,31.35
d30a9add52b347b281114af3fe6b2578,scene-0655,day,car,vehicle.car,car,v40-60,42.9,55.13,52.53,7.35,False,43.05,45.02,47.0,47.84,43.05,45.42
d30a9add52b347b281114af3fe6b2578,scene-0655,day,car,vehicle.car,car,v60-80,46.4,51.41,50.04,5.37,False,41.06,43.19,40.33,42.82,41.06,44.47
ef8ebee2c9b54a79a58c65c4bed11502,scene-0655,day,car,vehicle.car,car,v60-80,110.7,24.05,22.28,5.72,False,22.3,22.56,22.17,22.5,22.3,22.52
ef8ebee2c9b54a79a58c65c4bed11502,scene-0655,day,car,vehicle.car,car,v80-100,119.6,20.25,17.59,7.24,False,15.78,16.11,16.23,16.34,15.78,16.18
ef8ebee2c9b54a79a58c65c4bed11502,scene-0655,day,car,vehicle.car,car,v60-80,58.1,41.78,39.67,18.34,False,29.9,31.57,31.41,32.33,29.9,30.02
ef8ebee2c9b54a79a58c65c4bed11502,scene-0655,day,car,vehicle.car,car,v60-80,84.3,38.36,35.35,6.62,False,32.4,34.22,35.15,35.6,32.4,34.59
ef8ebee2c9b54a79a58c65c4bed11502,scene-0655,day,car,vehicle.car,car,v80-100,99.2,25.53,22.97,7.14,False,21.39,22.21,22.01,22.52,21.39,22.25
ef8ebee2c9b54a79a58c65c4bed11502,scene-0655,day,car,vehicle.car,car,v40-60,24.0,81.94,79.48,4.86,False,64.07,76.35,82.98,85.81,64.07,70.91
ef8ebee2c9b54a79a58c65c4bed11502,scene-0655,day,car,vehicle.car,car,v80-100,84.0,31.23,28.6,6.78,False,26.5,27.82,28.36,28.75,26.5,27.88
ef8ebee2c9b54a79a58c65c4bed11502,scene-0655,day,car,vehicle.car,car,v40-60,45.9,51.75,49.15,7.15,False,38.12,40.38,42.63,44.95,38.12,41.34
ef8ebee2c9b54a79a58c65c4bed11502,scene-0655,day,car,vehicle.car,car,v80-100,212.4,13.9,11.52,7.26,False,11.1,11.12,11.15,11.37,11.1,11.39
ef8ebee2c9b54a79a58c65c4bed11502,scene-0655,day,car,vehicle.car,car,v40-60,56.1,34.89,33.6,5.91,False,30.37,31.7,32.37,32.7,30.37,31.39
ef8ebee2c9b54a79a58c65c4bed11502,scene-0655,day,car,vehicle.car,car,v60-80,50.0,48.03,46.64,5.55,False,35.58,38.85,42.12,42.91,35.58,39.49
709c0afde9fa407ca2d077e4eb1c95c2,scene-0655,day,car,vehicle.car,car,v60-80,131.2,20.82,18.95,5.72,False,18.49,18.69,18.65,18.77,18.49,18.61
709c0afde9fa407ca2d077e4eb1c95c2,scene-0655,day,car,vehicle.car,car,v80-100,151.6,17.17,14.53,7.23,False,12.49,12.69,12.88,12.95,12.49,12.75
709c0afde9fa407ca2d077e4eb1c95c2,scene-0655,day,bus,vehicle.bus.bendy,bus,v80-100,44.7,100.75,96.01,3.5,False,77.34,87.34,86.65,91.99,77.34,81.95
709c0afde9fa407ca2d077e4eb1c95c2,scene-0655,day,car,vehicle.car,car,v60-80,53.8,44.67,43.25,5.64,False,32.73,35.38,34.4,36.22,32.73,35.72
709c0afde9fa407ca2d077e4eb1c95c2,scene-0655,day,car,vehicle.car,car,v80-100,117.2,22.33,19.76,7.1,False,18.04,18.64,18.9,19.07,18.04,18.64
709c0afde9fa407ca2d077e4eb1c95c2,scene-0655,day,car,vehicle.car,car,v80-100,93.3,35.03,32.01,6.53,False,29.37,30.88,32.03,32.21,29.37,30.8
709c0afde9fa407ca2d077e4eb1c95c2,scene-0655,day,car,vehicle.car,car,v80-100,95.5,27.94,25.29,6.7,False,23.1,24.19,24.75,25.02,23.1,24.17
709c0afde9fa407ca2d077e4eb1c95c2,scene-0655,day,car,vehicle.car,car,v40-60,49.3,48.4,45.79,7.02,False,36.67,38.86,41.05,42.5,36.67,38.47
709c0afde9fa407ca2d077e4eb1c95c2,scene-0655,day,car,vehicle.car,car,v60-80,62.2,31.6,30.27,5.99,False,27.18,28.11,28.66,28.85,27.18,28.47
709c0afde9fa407ca2d077e4eb1c95c2,scene-0655,day,truck,vehicle.construction,car,v60-80,24.1,113.93,110.28,3.51,False,82.94,97.2,97.33,104.39,82.94,86.12
709c0afde9fa407ca2d077e4eb1c95c2,scene-0655,day,car,vehicle.car,car,v40-60,33.7,60.37,57.9,6.68,False,48.97,53.04,54.7,55.91,48.97,51.69
94d08cc4745c4568a1e454c42ba46a6f,scene-0655,day,car,vehicle.car,car,v60-80,170.5,16.82,14.79,5.69,False,13.66,13.87,14.08,14.22,13.66,13.86
94d08cc4745c4568a1e454c42ba46a6f,scene-0655,day,bus,vehicle.bus.bendy,bus,v80-100,46.6,96.41,91.66,3.79,False,83.46,89.79,88.5,92.31,83.46,83.83
94d08cc4745c4568a1e454c42ba46a6f,scene-0655,day,car,vehicle.car,car,v60-80,58.8,40.4,38.95,5.72,False,27.63,30.63,32.08,32.86,27.63,30.22
94d08cc4745c4568a1e454c42ba46a6f,scene-0655,day,car,vehicle.car,car,v60-80,71.4,27.44,26.04,6.06,False,21.07,22.65,24.23,24.62,21.07,22.53
94d08cc4745c4568a1e454c42ba46a6f,scene-0655,day,car,vehicle.car,car,v80-100,151.9,18.36,15.81,7.1,False,14.07,14.29,14.5,14.63,14.07,14.47
94d08cc4745c4568a1e454c42ba46a6f,scene-0655,day,truck,vehicle.construction,car,v80-100,24.8,109.63,105.97,3.19,False,98.88,104.53,94.86,102.52,89.85,94.36
94d08cc4745c4568a1e454c42ba46a6f,scene-0655,day,car,vehicle.car,truck,v80-100,107.5,30.8,27.76,6.45,False,25.13,26.1,27.07,27.23,25.13,26.16
94d08cc4745c4568a1e454c42ba46a6f,scene-0655,day,car,vehicle.car,car,v80-100,115.1,23.81,21.15,6.68,False,19.66,20.03,20.4,20.43,19.66,20.13
94d08cc4745c4568a1e454c42ba46a6f,scene-0655,day,car,vehicle.car,car,v40-60,54.0,44.13,41.5,6.9,False,34.57,35.23,35.89,37.7,34.57,35.64
94d08cc4745c4568a1e454c42ba46a6f,scene-0655,day,car,vehicle.car,car,v80-100,231.4,13.52,10.98,7.23,False,10.64,10.78,10.91,11.08,10.64,10.91
94d08cc4745c4568a1e454c42ba46a6f,scene-0655,day,car,vehicle.car,car,v40-60,36.2,56.05,53.58,6.51,False,47.35,49.1,50.78,50.81,47.35,48.7
60ade2dececb46c69b114ce4c8a0bd3e,scene-0655,day,bus,vehicle.bus.bendy,bus,v80-100,48.9,92.2,87.45,4.09,False,83.53,88.79,86.31,90.18,83.53,84.23
60ade2dececb46c69b114ce4c8a0bd3e,scene-0655,day,car,vehicle.car,car,v80-100,66.3,36.28,34.78,5.85,False,21.94,27.99,33.53,33.78,21.94,27.32
60ade2dececb46c69b114ce4c8a0bd3e,scene-0655,day,car,vehicle.car,car,v80-100,86.1,23.48,21.99,6.16,False,16.31,18.66,20.32,20.67,16.31,18.77
60ade2dececb46c69b114ce4c8a0bd3e,scene-0655,day,truck,vehicle.construction,car,v80-100,25.9,105.45,101.8,2.72,False,92.65,101.33,94.79,102.4,91.37,92.01
60ade2dececb46c69b114ce4c8a0bd3e,scene-0655,day,car,vehicle.car,car,v80-100,215.9,14.71,12.22,7.08,False,10.78,10.78,10.78,11.22,10.78,11.04
60ade2dececb46c69b114ce4c8a0bd3e,scene-0655,day,car,vehicle.car,car,v80-100,145.6,19.88,17.22,6.64,False,15.58,15.71,15.85,16.09,15.58,15.91
60ade2dececb46c69b114ce4c8a0bd3e,scene-0655,day,car,vehicle.car,car,v80-100,127.3,26.74,23.69,6.4,False,21.9,22.24,22.58,23.06,21.9,22.63
60ade2dececb46c69b114ce4c8a0bd3e,scene-0655,day,car,vehicle.car,car,v60-80,60.2,40.0,37.36,6.68,False,31.77,31.89,31.77,34.15,32.01,32.34
60ade2dececb46c69b114ce4c8a0bd3e,scene-0655,day,car,vehicle.car,truck,v80-100,249.2,13.2,10.96,5.67,False,10.41,10.5,10.41,10.64,10.59,10.73
60ade2dececb46c69b114ce4c8a0bd3e,scene-0655,day,car,vehicle.car,car,v80-100,58.4,37.12,34.69,2.35,False,33.84,34.32,33.89,34.34,33.84,34.25
9fbe4358464342a6a4bc929412b3b358,scene-0655,day,car,vehicle.car,car,v80-100,104.8,20.05,18.46,6.22,False,12.89,15.28,17.56,17.62,12.89,15.03
9fbe4358464342a6a4bc929412b3b358,scene-0655,day,bus,vehicle.bus.bendy,bus,v80-100,51.1,88.47,83.72,4.29,False,79.22,82.09,83.85,84.4,79.22,80.14
9fbe4358464342a6a4bc929412b3b358,scene-0655,day,car,vehicle.car,car,v80-100,189.6,16.51,13.87,6.62,False,12.05,12.06,12.07,12.27,12.05,12.23
9fbe4358464342a6a4bc929412b3b358,scene-0655,day,car,vehicle.car,car,v80-100,29.5,66.28,63.81,3.99,False,67.69,67.89,64.34,66.22,65.37,66.53
9fbe4358464342a6a4bc929412b3b358,scene-0655,day,car,vehicle.car,car,v60-80,74.3,32.65,31.12,5.93,False,21.04,26.11,30.66,30.92,21.04,24.95
9fbe4358464342a6a4bc929412b3b358,scene-0655,day,pedestrian,human.pedestrian.adult,person,v80-100,38.9,54.27,53.95,0.41,True,59.69,63.05,56.94,61.67,59.69,60.67
9fbe4358464342a6a4bc929412b3b358,scene-0655,day,car,vehicle.car,car,v80-100,151.9,23.18,20.13,6.35,False,18.01,18.44,18.87,19.05,18.01,18.83
9fbe4358464342a6a4bc929412b3b358,scene-0655,day,car,vehicle.car,car,v80-100,78.5,28.25,25.8,2.37,False,25.1,25.65,25.87,26.03,25.1,25.84
9fbe4358464342a6a4bc929412b3b358,scene-0655,day,car,vehicle.car,car,v60-80,66.9,36.34,33.7,6.58,False,30.46,31.57,32.33,32.5,30.46,31.85
9fbe4358464342a6a4bc929412b3b358,scene-0655,day,truck,vehicle.construction,car,v80-100,26.8,101.73,98.07,2.46,False,93.35,99.72,91.32,98.7,89.27,91.31
9fbe4358464342a6a4bc929412b3b358,scene-0655,day,car,vehicle.car,car,v40-60,124.2,22.44,20.54,6.23,False,18.38,20.56,20.14,21.45,18.38,20.86
acd8c59c4b564ebb8e7f52086c9b7ec7,scene-0655,day,bus,vehicle.bus.bendy,bus,v80-100,54.1,84.22,79.47,4.62,False,69.04,72.47,75.89,76.72,69.04,72.53
acd8c59c4b564ebb8e7f52086c9b7ec7,scene-0655,day,car,vehicle.car,car,v80-100,31.9,62.03,59.56,3.72,False,59.62,61.65,59.81,61.75,59.62,61.0
acd8c59c4b564ebb8e7f52086c9b7ec7,scene-0655,day,car,vehicle.car,car,v80-100,87.8,28.55,26.95,6.06,False,21.08,23.59,26.11,26.54,21.08,23.72
acd8c59c4b564ebb8e7f52086c9b7ec7,scene-0655,day,car,vehicle.car,truck,v80-100,196.0,19.19,16.14,6.29,False,14.47,14.78,15.08,15.16,14.47,14.88
acd8c59c4b564ebb8e7f52086c9b7ec7,scene-0655,day,car,vehicle.car,car,v80-100,128.7,18.34,15.86,2.43,False,15.37,15.48,15.6,15.81,15.37,15.71
acd8c59c4b564ebb8e7f52086c9b7ec7,scene-0655,day,car,vehicle.car,car,v80-100,146.4,15.94,14.19,5.96,False,12.72,12.73,12.73,12.97,12.72,12.82
acd8c59c4b564ebb8e7f52086c9b7ec7,scene-0655,day,truck,vehicle.construction,car,v80-100,28.2,97.47,93.81,1.98,False,88.08,93.5,85.04,91.99,87.2,87.64
acd8c59c4b564ebb8e7f52086c9b7ec7,scene-0655,day,car,vehicle.car,car,v40-60,162.2,18.59,16.53,6.27,False,14.26,14.53,14.8,15.44,14.26,14.79
acd8c59c4b564ebb8e7f52086c9b7ec7,scene-0655,day,car,vehicle.car,car,v80-100,291.8,12.9,10.35,6.58,False,9.99,10.09,10.2,10.58,9.99,10.41
39f56d2899ee4d43b18c28382c9e4400,scene-0655,day,car,vehicle.car,car,v80-100,105.1,24.44,22.76,6.1,False,22.03,22.04,22.03,22.54,22.05,22.51
39f56d2899ee4d43b18c28382c9e4400,scene-0655,day,car,vehicle.car,car,v80-100,34.3,57.71,55.25,3.59,False,57.08,57.87,57.34,58.0,57.08,57.78
39f56d2899ee4d43b18c28382c9e4400,scene-0655,day,bus,vehicle.bus.bendy,bus,v80-100,57.2,79.9,75.15,4.85,False,71.1,74.57,74.87,76.46,71.1,72.47
39f56d2899ee4d43b18c28382c9e4400,scene-0655,day,car,vehicle.car,car,v80-100,355.5,8.67,6.15,2.57,False,5.66,5.79,5.66,5.86,5.87,5.89
39f56d2899ee4d43b18c28382c9e4400,scene-0655,day,truck,vehicle.construction,car,v80-100,29.6,93.13,89.48,1.71,False,88.8,94.19,90.13,94.85,85.74,87.27
39f56d2899ee4d43b18c28382c9e4400,scene-0655,day,car,vehicle.car,car,v60-80,90.8,27.99,25.33,6.34,False,22.99,23.62,24.25,24.63,22.99,23.79
39f56d2899ee4d43b18c28382c9e4400,scene-0655,day,car,vehicle.car,car,v40-60,52.8,39.73,37.25,5.92,False,34.39,35.36,36.27,36.3,34.39,35.2
39f56d2899ee4d43b18c28382c9e4400,scene-0655,day,car,vehicle.car,car,v80-100,275.5,15.26,12.27,6.24,False,10.05,10.5,10.94,10.94,10.05,10.37
39f56d2899ee4d43b18c28382c9e4400,scene-0655,day,truck,vehicle.truck,car,v40-60,77.2,33.75,30.76,6.25,False,29.04,29.43,29.83,30.09,29.04,29.49
5c430f75813e4eeb8375623c95d3a615,scene-0655,day,car,vehicle.car,car,v80-100,127.0,20.47,18.68,5.92,False,16.85,17.17,17.49,17.93,16.85,17.55
5c430f75813e4eeb8375623c95d3a615,scene-0655,day,bus,vehicle.bus.bendy,bus,v80-100,60.2,75.66,70.91,4.41,False,69.02,71.19,71.5,72.44,67.61,68.31
5c430f75813e4eeb8375623c95d3a615,scene-0655,day,car,vehicle.car,car,v80-100,36.8,53.48,51.0,3.94,False,51.26,52.32,51.48,52.43,51.26,51.91
5c430f75813e4eeb8375623c95d3a615,scene-0655,day,pedestrian,human.pedestrian.adult,person,v80-100,50.9,41.51,41.21,0.69,True,42.88,47.53,43.54,47.86,42.88,45.84
5c430f75813e4eeb8375623c95d3a615,scene-0655,day,car,vehicle.car,car,v80-100,108.9,23.92,21.25,6.53,False,19.09,19.69,20.28,20.57,19.09,19.73
5c430f75813e4eeb8375623c95d3a615,scene-0655,day,car,vehicle.car,car,v60-80,59.5,35.51,33.01,6.04,False,29.74,30.83,31.92,32.2,29.74,30.84
5c430f75813e4eeb8375623c95d3a615,scene-0655,day,car,vehicle.car,car,v80-100,136.9,18.56,16.06,6.84,False,14.15,14.39,14.63,14.86,14.15,14.5
5c430f75813e4eeb8375623c95d3a615,scene-0655,day,truck,vehicle.construction,car,v80-100,30.7,88.88,85.23,2.3,False,78.06,84.18,80.31,85.31,78.06,78.41
5c430f75813e4eeb8375623c95d3a615,scene-0655,day,truck,vehicle.truck,car,v40-60,89.1,29.62,26.61,6.45,False,24.75,25.45,26.15,26.44,24.75,25.28
9107e849634e4f23854b83f40aeb9c6f,scene-0655,day,car,vehicle.car,car,v80-100,39.9,49.23,46.76,4.4,False,47.57,47.64,47.28,47.49,47.57,47.73
9107e849634e4f23854b83f40aeb9c6f,scene-0655,day,car,vehicle.car,car,v80-100,164.9,16.62,14.68,5.7,False,13.3,13.44,13.58,13.93,13.3,13.71
9107e849634e4f23854b83f40aeb9c6f,scene-0655,day,car,vehicle.car,car,v80-100,196.3,14.84,12.41,7.03,False,10.85,10.88,10.85,11.42,10.92,11.07
9107e849634e4f23854b83f40aeb9c6f,scene-0655,day,bus,vehicle.bus.bendy,bus,v80-100,63.7,71.41,66.66,4.01,False,66.82,67.22,67.61,67.63,66.82,66.95
9107e849634e4f23854b83f40aeb9c6f,scene-0655,day,pedestrian,human.pedestrian.adult,person,v80-100,56.6,37.25,36.95,1.65,False,35.97,37.67,36.87,38.12,35.97,37.77
9107e849634e4f23854b83f40aeb9c6f,scene-0655,day,car,vehicle.car,car,v80-100,137.6,19.95,17.28,6.79,False,15.22,15.5,15.79,16.12,15.22,15.59
9107e849634e4f23854b83f40aeb9c6f,scene-0655,day,car,vehicle.car,car,v60-80,68.5,31.35,28.84,6.35,False,25.76,26.46,27.16,27.59,25.76,26.33
9107e849634e4f23854b83f40aeb9c6f,scene-0655,day,truck,vehicle.construction,car,v60-80,32.1,84.62,80.97,3.08,False,37.42,57.48,45.62,61.58,37.42,54.52
9107e849634e4f23854b83f40aeb9c6f,scene-0655,day,truck,vehicle.truck,car,v60-80,106.3,25.52,22.51,6.66,False,20.74,21.2,21.67,21.83,20.74,21.26
ade3d836ced34b1ab037f0b2f15b9615,scene-0655,day,pedestrian,human.pedestrian.adult,person,v80-100,64.0,33.09,32.79,2.6,False,34.17,34.48,33.45,34.12,34.17,35.54
ade3d836ced34b1ab037f0b2f15b9615,scene-0655,day,car,vehicle.car,car,v80-100,43.9,45.08,42.6,4.82,False,42.6,43.22,43.78,43.8,42.6,43.8
ade3d836ced34b1ab037f0b2f15b9615,scene-0655,day,car,vehicle.car,car,v80-100,187.3,16.23,13.59,7.0,False,11.62,11.65,11.69,12.18,11.62,11.82
ade3d836ced34b1ab037f0b2f15b9615,scene-0655,day,bus,vehicle.bus.bendy,bus,v80-100,68.0,67.24,62.48,3.38,False,61.39,62.7,62.84,63.43,61.39,63.22
ade3d836ced34b1ab037f0b2f15b9615,scene-0655,day,truck,vehicle.construction,car,v80-100,33.9,80.44,76.79,3.88,False,71.35,76.81,73.89,78.08,71.35,72.44
ade3d836ced34b1ab037f0b2f15b9615,scene-0655,day,car,vehicle.car,car,v60-80,80.9,27.32,24.79,6.64,False,22.69,23.33,23.96,24.09,22.69,23.34
ade3d836ced34b1ab037f0b2f15b9615,scene-0655,day,truck,vehicle.truck,car,v60-80,132.3,21.6,18.58,6.9,False,17.01,17.27,17.53,17.77,17.01,17.33
7d017f5a0bda42e0968d127852faac11,scene-0655,day,car,vehicle.car,car,v80-100,48.9,41.14,38.64,5.24,False,30.65,32.31,33.98,35.22,30.65,34.66
7d017f5a0bda42e0968d127852faac11,scene-0655,day,bus,vehicle.bus.bendy,bus,v80-100,72.8,63.26,58.49,2.81,False,59.66,60.15,59.27,59.95,59.66,59.8
7d017f5a0bda42e0968d127852faac11,scene-0655,day,truck,vehicle.construction,car,v80-100,36.0,76.46,72.8,4.59,False,70.07,72.42,66.08,70.42,70.07,70.47
7d017f5a0bda42e0968d127852faac11,scene-0655,day,pedestrian,human.pedestrian.adult,person,v80-100,73.3,29.15,28.83,3.54,False,27.75,28.3,28.4,28.62,27.75,29.22
7d017f5a0bda42e0968d127852faac11,scene-0655,day,truck,vehicle.truck,truck,v80-100,174.2,17.97,14.97,7.07,False,13.54,13.56,13.54,13.72,13.59,13.63
7d017f5a0bda42e0968d127852faac11,scene-0655,day,car,vehicle.car,car,v80-100,98.7,23.52,20.99,6.91,False,19.61,19.74,19.87,19.9,19.61,19.82
7689f1f8b5d5419cab590af0ddc27942,scene-0655,day,bus,vehicle.bus.bendy,bus,v80-100,78.0,59.32,54.52,2.45,False,54.74,55.32,54.74,55.37,53.87,54.88
7689f1f8b5d5419cab590af0ddc27942,scene-0655,day,truck,vehicle.construction,car,v80-100,38.0,72.52,68.84,5.05,False,64.27,67.66,63.82,67.44,64.27,65.44
7689f1f8b5d5419cab590af0ddc27942,scene-0655,day,pedestrian,human.pedestrian.adult,person,v80-100,85.2,25.3,24.95,4.36,False,26.13,26.2,25.26,25.7,26.26,28.28
7689f1f8b5d5419cab590af0ddc27942,scene-0655,day,car,vehicle.car,car,v80-100,123.2,19.85,17.31,7.07,False,15.61,15.8,15.61,15.88,15.84,15.91
7689f1f8b5d5419cab590af0ddc27942,scene-0655,day,car,vehicle.car,car,v80-100,54.6,37.24,34.72,5.5,False,34.28,34.43,34.58,34.69,34.28,35.41
7689f1f8b5d5419cab590af0ddc27942,scene-0655,day,truck,vehicle.truck,truck,v80-100,249.3,14.57,11.65,7.18,False,11.07,11.41,11.07,11.59,11.59,11.66
3318c79c35d349fbb576dc709b78ade5,scene-0655,day,pedestrian,human.pedestrian.adult,person,v80-100,102.8,21.39,21.03,5.09,False,20.39,20.82,21.14,21.2,20.39,20.51
3318c79c35d349fbb576dc709b78ade5,scene-0655,day,car,vehicle.car,car,v80-100,166.4,16.19,13.7,7.08,False,11.75,11.77,11.78,12.11,11.75,11.88
3318c79c35d349fbb576dc709b78ade5,scene-0655,day,car,vehicle.car,car,v80-100,62.3,33.2,30.68,5.47,False,30.12,30.61,30.12,30.61,30.89,31.0
3318c79c35d349fbb576dc709b78ade5,scene-0655,day,bus,vehicle.bus.bendy,truck,v80-100,84.9,55.21,50.43,2.5,False,49.5,50.27,49.5,49.89,50.21,50.62
3318c79c35d349fbb576dc709b78ade5,scene-0655,day,truck,vehicle.construction,truck,v80-100,40.9,68.29,64.62,5.01,False,59.51,63.14,61.65,64.21,59.51,60.68
3318c79c35d349fbb576dc709b78ade5,scene-0655,day,car,vehicle.car,car,v60-80,76.8,34.06,32.14,12.27,False,19.57,24.12,23.66,26.16,19.57,24.12
23377008bf0e4963b2f250660894e337,scene-0655,day,pedestrian,human.pedestrian.adult,person,v80-100,129.8,17.51,17.11,5.74,False,16.56,16.85,16.78,16.96,16.56,16.87
23377008bf0e4963b2f250660894e337,scene-0655,day,car,vehicle.car,car,v80-100,72.2,29.06,26.52,5.43,False,26.3,26.66,26.7,26.86,26.3,26.77
23377008bf0e4963b2f250660894e337,scene-0655,day,car,vehicle.car,car,v80-100,88.9,30.28,28.27,12.24,False,25.31,25.62,25.07,25.19,25.49,25.7
23377008bf0e4963b2f250660894e337,scene-0655,day,bus,vehicle.bus.bendy,bus,v80-100,92.5,51.0,46.2,2.45,False,46.28,47.42,46.28,46.53,46.34,47.45
23377008bf0e4963b2f250660894e337,scene-0655,day,truck,vehicle.construction,car,v80-100,43.7,63.94,60.26,5.01,False,57.21,60.23,57.62,60.44,57.21,57.73
e338ac946fcd4e9eb46097083b5682e9,scene-0655,day,car,vehicle.car,car,v80-100,86.8,24.79,22.24,5.42,False,22.08,22.22,22.36,22.54,22.08,22.67
e338ac946fcd4e9eb46097083b5682e9,scene-0655,day,truck,vehicle.construction,truck,v80-100,47.2,59.43,55.74,4.92,False,51.33,55.44,53.0,56.27,51.33,53.52
e338ac946fcd4e9eb46097083b5682e9,scene-0655,day,bus,vehicle.bus.bendy,bus,v80-100,102.2,46.61,41.81,2.49,False,42.91,42.91,42.32,42.62,42.74,42.83
e338ac946fcd4e9eb46097083b5682e9,scene-0655,day,pedestrian,human.pedestrian.adult,person,v80-100,178.8,13.75,13.31,6.37,False,12.14,12.3,12.14,12.23,12.47,12.49
e338ac946fcd4e9eb46097083b5682e9,scene-0655,day,car,vehicle.car,car,v80-100,107.4,26.49,24.38,12.25,False,22.17,22.33,22.17,22.41,22.48,22.69
e338ac946fcd4e9eb46097083b5682e9,scene-0655,day,car,vehicle.car,car,v40-60,35.9,61.72,60.19,11.21,False,37.34,46.98,50.86,53.74,37.34,45.41
1a91b5a0d17840ac98fcd256523bf9ad,scene-0655,day,bus,vehicle.bus.bendy,bus,v80-100,115.5,41.99,37.19,2.99,False,37.41,37.72,37.98,38.0,37.38,37.39
1a91b5a0d17840ac98fcd256523bf9ad,scene-0655,day,car,vehicle.car,car,v80-100,110.4,20.34,17.79,5.15,False,17.41,17.82,17.69,17.96,17.41,17.95
1a91b5a0d17840ac98fcd256523bf9ad,scene-0655,day,truck,vehicle.construction,truck,v80-100,51.7,54.8,51.12,4.11,False,48.61,51.37,51.73,52.93,48.61,50.27
1a91b5a0d17840ac98fcd256523bf9ad,scene-0655,day,truck,vehicle.construction,truck,v60-80,62.5,49.38,47.45,7.59,False,40.22,42.97,44.27,45.0,40.22,41.53
1a91b5a0d17840ac98fcd256523bf9ad,scene-0655,day,car,vehicle.car,car,v40-60,51.0,44.69,42.92,11.57,False,25.21,32.98,39.4,40.07,25.21,33.4
1a91b5a0d17840ac98fcd256523bf9ad,scene-0655,day,car,vehicle.car,car,v40-60,39.4,57.22,55.66,12.01,False,39.3,49.19,53.64,56.36,39.3,47.9
e5237a3e9a6c4f7793b6381fd5c6c4e5,scene-0655,day,bus,vehicle.bus.bendy,bus,v80-100,128.3,38.37,33.55,3.4,False,33.12,33.65,33.12,33.67,33.52,33.85
e5237a3e9a6c4f7793b6381fd5c6c4e5,scene-0655,day,car,vehicle.car,car,v40-60,67.9,36.7,34.76,12.55,False,28.2,29.19,30.18,30.19,28.2,29.63
e5237a3e9a6c4f7793b6381fd5c6c4e5,scene-0655,day,truck,vehicle.construction,truck,v80-100,55.6,51.16,47.47,3.45,False,44.13,46.36,47.45,48.02,44.13,46.22
e5237a3e9a6c4f7793b6381fd5c6c4e5,scene-0655,day,car,vehicle.car,car,v80-100,140.0,16.89,14.32,4.91,False,14.03,14.09,14.03,14.15,14.16,14.23
e5237a3e9a6c4f7793b6381fd5c6c4e5,scene-0655,day,car,vehicle.car,car,v60-80,110.9,25.42,23.1,11.77,False,20.66,20.91,20.66,20.67,21.17,21.37
e5237a3e9a6c4f7793b6381fd5c6c4e5,scene-0655,day,car,vehicle.car,car,v60-80,56.3,41.24,39.42,12.06,False,33.6,34.59,35.53,35.56,33.6,34.87
e5237a3e9a6c4f7793b6381fd5c6c4e5,scene-0655,day,car,vehicle.car,car,v40-60,42.5,53.66,52.07,12.51,False,32.46,41.25,44.41,47.23,32.46,40.45
e5237a3e9a6c4f7793b6381fd5c6c4e5,scene-0655,day,car,vehicle.car,car,v40-60,67.7,34.87,32.97,13.21,False,24.86,25.21,24.86,25.05,25.57,25.7
7c5a49ef75ba4c0b8b56146112b55b91,scene-0655,day,car,vehicle.car,car,v40-60,75.2,33.73,31.75,12.85,False,25.69,25.83,25.96,26.88,25.69,26.52
7c5a49ef75ba4c0b8b56146112b55b91,scene-0655,day,bus,vehicle.bus.bendy,bus,v80-100,142.1,35.13,30.32,3.69,False,30.01,30.33,30.01,30.66,30.64,30.69
7c5a49ef75ba4c0b8b56146112b55b91,scene-0655,day,truck,vehicle.construction,car,v80-100,72.0,42.68,40.65,6.61,False,34.26,35.71,37.16,37.59,34.26,36.27
7c5a49ef75ba4c0b8b56146112b55b91,scene-0655,day,car,vehicle.car,car,v80-100,183.0,13.89,11.33,4.75,False,10.63,10.78,10.63,10.78,10.89,10.91
7c5a49ef75ba4c0b8b56146112b55b91,scene-0655,day,car,vehicle.car,car,v60-80,61.2,38.21,36.34,12.44,False,31.85,32.24,32.63,33.06,31.85,32.83
7c5a49ef75ba4c0b8b56146112b55b91,scene-0655,day,car,vehicle.car,car,v40-60,75.5,31.99,30.02,13.51,False,25.2,25.36,25.51,25.94,25.2,25.91
7c5a49ef75ba4c0b8b56146112b55b91,scene-0655,day,truck,vehicle.construction,truck,v80-100,59.4,47.9,44.21,2.92,False,41.66,43.15,43.15,43.89,41.66,43.15
7c5a49ef75ba4c0b8b56146112b55b91,scene-0655,day,car,vehicle.car,car,v40-60,81.7,29.92,27.83,13.32,False,22.31,23.02,22.31,22.85,23.73,23.79
0d6e66783980495e8fad51cec76bb44d,scene-0655,day,car,vehicle.car,car,v40-60,85.9,30.99,28.93,13.05,False,24.87,24.88,24.87,25.3,24.89,25.75
0d6e66783980495e8fad51cec76bb44d,scene-0655,day,bus,vehicle.bus.bendy,bus,v80-100,159.5,32.09,27.24,3.9,False,26.14,27.03,26.14,26.99,27.36,27.64
0d6e66783980495e8fad51cec76bb44d,scene-0655,day,car,vehicle.car,car,v80-100,263.3,11.15,8.65,4.64,False,7.86,7.92,7.86,8.15,7.94,7.96
0d6e66783980495e8fad51cec76bb44d,scene-0655,day,truck,vehicle.construction,truck,v80-100,79.4,39.71,37.61,6.27,False,32.33,33.05,33.78,34.33,32.33,33.25
0d6e66783980495e8fad51cec76bb44d,scene-0655,day,truck,vehicle.construction,truck,v80-100,64.4,44.82,41.11,2.51,False,39.45,40.05,39.71,40.18,39.45,40.74
0d6e66783980495e8fad51cec76bb44d,scene-0655,day,car,vehicle.car,car,v60-80,68.9,35.38,33.45,12.72,False,30.21,30.29,30.21,30.88,30.36,31.11
0d6e66783980495e8fad51cec76bb44d,scene-0655,day,car,vehicle.car,car,v40-60,88.0,29.34,27.29,13.73,False,22.34,22.56,22.34,22.73,22.78,23.54
0d6e66783980495e8fad51cec76bb44d,scene-0655,day,car,vehicle.car,car,v40-60,49.3,47.59,45.93,13.36,False,27.94,34.86,41.78,42.27,27.94,36.24
f62878a493ea46e3b60bd312dfac2334,scene-0655,day,bus,vehicle.bus.bendy,bus,v80-100,181.9,28.97,24.07,3.97,False,23.21,23.79,23.21,23.75,23.72,24.04
f62878a493ea46e3b60bd312dfac2334,scene-0655,day,car,vehicle.car,car,v60-80,78.2,32.52,30.51,12.84,False,26.08,26.52,26.95,27.05,26.08,27.03
f62878a493ea46e3b60bd312dfac2334,scene-0655,day,truck,vehicle.construction,truck,v80-100,70.2,41.64,37.92,2.33,False,35.11,36.45,37.71,37.75,35.11,36.23
f62878a493ea46e3b60bd312dfac2334,scene-0655,day,truck,vehicle.construction,truck,v80-100,88.2,36.64,34.47,6.13,False,26.06,28.9,31.74,31.95,26.06,28.63
f62878a493ea46e3b60bd312dfac2334,scene-0655,day,car,vehicle.car,car,v60-80,99.7,28.24,26.1,13.12,False,22.92,23.15,22.92,23.25,23.37,23.87
db33b7a532744b56b05413a8323a6b87,scene-0655,day,bus,vehicle.bus.bendy,bus,v80-100,211.9,25.62,20.73,3.77,False,19.82,20.36,19.82,20.34,20.17,20.53
db33b7a532744b56b05413a8323a6b87,scene-0655,day,truck,vehicle.construction,truck,v80-100,97.8,33.4,31.16,6.43,False,27.12,28.02,28.92,29.16,27.12,27.87
db33b7a532744b56b05413a8323a6b87,scene-0655,day,car,vehicle.car,car,v60-80,88.4,29.54,27.46,12.59,False,23.76,24.3,23.76,24.19,24.83,25.03
db33b7a532744b56b05413a8323a6b87,scene-0655,day,truck,vehicle.construction,truck,v80-100,77.1,38.26,34.55,2.71,False,33.05,33.66,34.27,34.62,33.05,33.8
db33b7a532744b56b05413a8323a6b87,scene-0655,day,car,vehicle.car,car,v40-60,58.5,41.39,39.64,13.12,False,35.08,35.47,34.26,35.05,35.08,35.8
3f09ac5ffc0745eca86d75b5e3db3f49,scene-0655,day,bus,vehicle.bus.bendy,bus,v80-100,262.1,21.94,17.01,3.52,False,16.18,16.44,16.18,16.66,16.31,16.5
3f09ac5ffc0745eca86d75b5e3db3f49,scene-0655,day,truck,vehicle.construction,truck,v80-100,87.9,34.51,30.78,3.18,False,29.3,29.96,30.62,30.9,29.3,30.03
3f09ac5ffc0745eca86d75b5e3db3f49,scene-0655,day,truck,vehicle.construction,truck,v80-100,115.8,29.85,27.49,6.81,False,22.83,24.46,26.1,26.14,22.83,24.34
3f09ac5ffc0745eca86d75b5e3db3f49,scene-0655,day,car,vehicle.car,car,v60-80,107.8,26.31,24.12,12.27,False,16.82,19.61,22.39,22.77,16.82,21.31
3f09ac5ffc0745eca86d75b5e3db3f49,scene-0655,day,car,vehicle.car,car,v40-60,66.8,37.86,36.05,12.63,False,33.1,33.82,34.54,34.76,33.1,34.25
281af8097e0d404f8a1964b0a87e947b,scene-0655,day,truck,vehicle.construction,truck,v80-100,138.0,26.13,23.62,7.23,False,20.84,21.3,21.77,22.18,20.84,21.25
281af8097e0d404f8a1964b0a87e947b,scene-0655,day,bus,vehicle.bus.bendy,bus,v80-100,345.6,18.01,13.06,3.27,False,12.16,12.25,12.16,12.64,12.35,12.36
281af8097e0d404f8a1964b0a87e947b,scene-0655,day,truck,vehicle.construction,truck,v80-100,101.7,30.52,26.78,3.74,False,25.78,25.86,25.94,26.4,25.78,26.15
281af8097e0d404f8a1964b0a87e947b,scene-0655,day,car,vehicle.car,car,v80-100,25.2,98.14,96.9,6.37,False,78.14,83.08,79.61,83.81,78.14,83.59
281af8097e0d404f8a1964b0a87e947b,scene-0655,day,car,vehicle.car,car,v40-60,105.0,27.6,25.42,12.5,False,24.03,24.15,24.03,24.09,24.27,24.32
12e63e9ea8e345509b55ec661a911318,scene-0655,day,car,vehicle.car,car,v80-100,26.0,93.91,92.67,5.54,False,82.66,85.06,82.74,85.1,82.66,85.77
12e63e9ea8e345509b55ec661a911318,scene-0655,day,bus,vehicle.bus.bendy,bus,v80-100,517.0,13.96,9.01,3.16,False,8.29,8.31,8.34,8.62,8.29,8.43
12e63e9ea8e345509b55ec661a911318,scene-0655,day,truck,vehicle.construction,truck,v80-100,120.3,26.36,22.61,4.03,False,21.81,22.05,22.29,22.7,21.81,22.23
12e63e9ea8e345509b55ec661a911318,scene-0655,day,truck,vehicle.construction,truck,v80-100,167.3,22.39,19.66,7.43,False,17.08,17.55,18.02,18.23,17.08,17.64
092cdc4f4b8c41568ad30f0235556538,scene-0655,day,truck,vehicle.construction,truck,v80-100,147.7,22.17,18.41,4.0,False,17.9,17.98,17.9,18.32,18.05,18.16
092cdc4f4b8c41568ad30f0235556538,scene-0655,day,car,vehicle.car,car,v80-100,26.8,89.62,88.37,5.64,False,80.63,83.31,76.73,81.37,78.78,79.7
092cdc4f4b8c41568ad30f0235556538,scene-0655,day,truck,vehicle.construction,truck,v80-100,213.9,18.8,15.78,7.42,False,13.42,13.73,13.42,13.75,13.61,13.83
092cdc4f4b8c41568ad30f0235556538,scene-0655,day,bus,vehicle.bus.bendy,bus,v80-100,899.0,10.02,5.21,3.16,False,5.64,5.65,5.64,6.06,5.66,5.78
078b27dc1d57494887cba9e4e511ddeb,scene-0655,day,pedestrian,human.pedestrian.police_officer,person,v40-60,112.4,24.2,23.94,12.68,False,21.39,21.98,20.84,21.7,21.39,22.33
078b27dc1d57494887cba9e4e511ddeb,scene-0655,day,car,vehicle.car,car,v80-100,27.4,85.37,84.12,5.49,False,76.22,76.61,73.79,75.4,76.22,77.8
078b27dc1d57494887cba9e4e511ddeb,scene-0655,day,truck,vehicle.construction,truck,v80-100,190.8,18.09,14.32,4.07,False,13.84,13.87,13.89,14.1,13.84,13.96
078b27dc1d57494887cba9e4e511ddeb,scene-0655,day,bus,vehicle.bus.bendy,bus,v80-100,420.2,14.97,10.34,3.49,False,5.94,6.02,5.94,6.42,6.1,6.17
e4b019462e2f4e39944b5a5a9c349b2d,scene-0655,day,car,vehicle.car,car,v80-100,23.4,95.63,93.35,2.82,False,90.56,95.47,81.68,91.03,90.56,91.23
e4b019462e2f4e39944b5a5a9c349b2d,scene-0655,day,truck,vehicle.construction,truck,v80-100,275.9,14.19,10.43,4.09,False,9.82,9.91,9.82,10.05,10.01,10.01
e4b019462e2f4e39944b5a5a9c349b2d,scene-0655,day,bus,vehicle.bus.bendy,bus,v80-100,742.1,11.13,6.57,3.49,False,6.03,6.06,6.09,6.47,6.03,6.19
e4b019462e2f4e39944b5a5a9c349b2d,scene-0655,day,car,vehicle.car,car,v80-100,29.2,81.22,79.96,5.49,False,71.25,72.42,70.7,72.15,71.25,75.39
e4b019462e2f4e39944b5a5a9c349b2d,scene-0655,day,car,vehicle.car,car,v40-60,96.0,34.45,31.48,16.68,False,14.65,16.04,17.34,17.38,14.65,16.4
97a4892cd1bf408f8bd707be081c791c,scene-0655,day,car,vehicle.car,car,v80-100,26.7,84.24,81.97,2.77,False,80.94,81.34,75.41,78.17,81.74,81.93
97a4892cd1bf408f8bd707be081c791c,scene-0655,day,truck,vehicle.construction,truck,v80-100,491.3,10.47,6.86,4.11,False,6.99,7.19,6.99,7.45,7.21,7.3
97a4892cd1bf408f8bd707be081c791c,scene-0655,day,bus,vehicle.bus.bendy,bus,v80-100,899.0,7.63,3.74,3.44,False,6.05,6.05,6.05,6.39,6.06,6.13
427ebabc32f24b3f90bc66ea1a13cf01,scene-0655,day,car,vehicle.car,car,v80-100,31.0,72.77,70.47,2.75,False,69.99,71.6,64.15,67.07,72.26,72.73
427ebabc32f24b3f90bc66ea1a13cf01,scene-0655,day,car,vehicle.car,car,v80-100,32.6,72.78,71.5,5.22,False,70.07,70.67,62.82,67.05,70.07,71.38
dd1b722645744b3eb49fdad74b765c4f,scene-0655,day,car,vehicle.car,car,v80-100,36.6,61.92,59.62,2.53,False,62.25,62.95,55.49,58.87,62.28,62.97
dd1b722645744b3eb49fdad74b765c4f,scene-0655,day,car,vehicle.car,car,v60-80,34.9,68.34,67.06,5.4,False,65.09,66.87,56.72,62.68,65.09,68.12
8f4376cb2da3448abf42221512917c4d,scene-0655,day,car,vehicle.car,car,v80-100,43.7,52.19,49.89,2.31,False,52.45,52.63,48.41,50.43,52.0,52.41
8f4376cb2da3448abf42221512917c4d,scene-0655,day,car,vehicle.car,car,v60-80,37.0,64.39,63.09,5.64,False,59.81,64.25,55.24,61.97,59.81,64.55
e1a0ecd338d943b790f553972f2c9068,scene-0655,day,car,vehicle.car,car,v80-100,54.4,42.93,40.62,2.18,False,40.86,40.92,40.07,40.53,40.86,41.61
e1a0ecd338d943b790f553972f2c9068,scene-0655,day,car,vehicle.car,car,v60-80,40.8,60.01,58.69,5.85,False,52.92,57.03,50.49,55.81,52.92,57.7
16cd95c28f0642bca8f6f8017c5410d3,scene-0655,day,car,vehicle.car,truck,v80-100,72.6,32.82,30.5,2.12,False,29.74,30.07,30.4,30.45,29.74,30.46
16cd95c28f0642bca8f6f8017c5410d3,scene-0655,day,car,vehicle.car,car,v60-80,44.6,55.26,53.92,6.02,False,46.29,50.7,47.73,51.41,46.29,51.2
b79f8bcaf26944f9bbc08c928602a4e0,scene-0655,day,car,vehicle.car,car,v80-100,103.6,23.63,21.27,1.89,False,20.87,21.04,21.2,21.34,20.87,21.37
b79f8bcaf26944f9bbc08c928602a4e0,scene-0655,day,car,vehicle.car,car,v60-80,48.1,50.94,49.57,6.52,False,46.39,48.41,44.96,47.69,46.39,50.41
8140e0d584a448ddac2befd221508790,scene-0655,day,car,vehicle.car,car,v80-100,172.7,15.15,12.75,1.85,False,12.63,12.66,12.63,12.84,12.68,12.8
8140e0d584a448ddac2befd221508790,scene-0655,day,car,vehicle.car,car,v60-80,52.1,46.56,45.16,6.74,False,39.01,42.52,40.62,43.33,39.01,42.48
5a00ce5d429a48038aec0e2f252db7e3,scene-0655,day,car,vehicle.car,car,v60-80,57.2,42.17,40.74,6.5,False,36.88,38.01,38.72,38.92,36.88,39.14
5a00ce5d429a48038aec0e2f252db7e3,scene-0655,day,car,vehicle.car,car,v80-100,454.1,7.64,5.19,2.01,False,4.84,4.95,4.84,4.98,4.88,4.97
ca953b73b68c4855887802390c30d1d2,scene-0553,day,car,vehicle.car,car,v40-60,17.4,147.94,145.56,25.51,False,112.17,136.9,124.58,143.1,112.17,120.16
ca953b73b68c4855887802390c30d1d2,scene-0553,day,car,vehicle.car,car,v80-100,14.9,152.53,150.1,25.02,False,112.24,137.35,106.55,134.5,112.24,120.34
03bcdd9ceeb5403880dbea94d82fd645,scene-0553,day,car,vehicle.car,car,v40-60,18.1,142.47,140.09,24.76,False,93.1,125.84,137.86,148.23,93.1,111.58
8c66f270e43e4e49b3636b2ee042f96d,scene-0553,day,car,vehicle.car,car,v40-60,19.0,136.02,133.62,23.83,False,98.98,121.5,128.16,136.08,98.98,107.72
9e3b30e1496741bfa6593673ac3d3b30,scene-0553,day,car,vehicle.car,car,v40-60,19.9,130.1,127.72,23.19,False,89.25,113.1,102.45,119.7,89.25,100.15
9ac08955983e41ea8f4bf16b49bfa79c,scene-0553,day,car,vehicle.car,car,v40-60,20.8,124.37,122.0,22.44,False,79.14,103.86,91.55,110.06,79.14,91.39
9ac08955983e41ea8f4bf16b49bfa79c,scene-0553,day,car,vehicle.car,car,v80-100,73.9,30.81,29.36,14.87,False,26.11,26.39,25.05,25.58,26.1,26.39
6e76f277e47547bca0e38099ce01da54,scene-0553,day,car,vehicle.car,car,v40-60,21.8,118.64,116.25,21.75,False,53.67,84.85,55.4,85.72,53.67,76.41
6e76f277e47547bca0e38099ce01da54,scene-0553,day,car,vehicle.car,car,v80-100,128.0,19.63,17.47,7.82,False,16.16,16.19,16.16,16.25,16.22,16.27
85b9d897bc9d4d7094696a5a356b29f0,scene-0553,day,car,vehicle.car,car,v80-100,129.4,17.55,15.73,3.52,False,15.39,15.6,15.67,15.73,15.39,15.94
85b9d897bc9d4d7094696a5a356b29f0,scene-0553,day,truck,vehicle.truck,car,v80-100,150.0,25.16,22.28,11.56,False,17.34,17.89,18.09,18.27,17.34,17.71
435543e1321b411ea5c930633e0883d9,scene-0553,day,car,vehicle.car,car,v80-100,130.9,16.37,15.11,0.0,True,15.31,15.41,15.31,15.41,15.52,15.89
435543e1321b411ea5c930633e0883d9,scene-0553,day,truck,vehicle.truck,car,v80-100,153.2,22.71,20.08,7.53,False,17.27,18.07,17.92,18.4,17.27,18.17
435543e1321b411ea5c930633e0883d9,scene-0553,day,car,vehicle.car,car,v80-100,61.5,32.02,29.59,6.94,False,26.59,27.8,27.72,28.37,26.59,27.98
cf3f00e98842449696a4cb4edb1e1c5e,scene-0553,day,car,vehicle.car,car,v80-100,132.0,16.56,15.28,1.24,False,15.42,15.52,15.08,15.25,15.62,15.96
cf3f00e98842449696a4cb4edb1e1c5e,scene-0553,day,bus,vehicle.bus.rigid,truck,v80-100,230.1,21.04,17.84,9.18,False,13.9,14.69,15.48,15.49,13.9,14.46
cf3f00e98842449696a4cb4edb1e1c5e,scene-0553,day,truck,vehicle.truck,truck,v80-100,153.5,21.06,18.86,3.25,False,17.14,17.89,17.75,18.2,17.14,17.98
c7f783fe8173446383bfbbb7a783517f,scene-0553,day,bus,vehicle.bus.rigid,bus,v80-100,234.3,18.36,15.72,4.58,False,14.11,14.85,15.54,15.56,14.11,14.89
c7f783fe8173446383bfbbb7a783517f,scene-0553,day,car,vehicle.car,car,v80-100,131.2,18.4,16.44,6.22,False,14.94,15.11,15.29,15.5,14.94,15.48
c7f783fe8173446383bfbbb7a783517f,scene-0553,day,truck,vehicle.truck,truck,v80-100,155.6,19.96,18.32,0.0,True,17.25,17.91,18.39,18.48,17.25,18.07
a409449573af464c9cd6775837c45967,scene-0553,day,bus,vehicle.bus.rigid,bus,v80-100,238.8,16.56,14.78,0.0,True,14.03,14.71,15.39,15.44,14.03,14.66
a409449573af464c9cd6775837c45967,scene-0553,day,truck,vehicle.truck,truck,v80-100,157.1,19.88,18.4,0.0,True,17.43,18.21,18.79,18.89,17.43,18.3
a409449573af464c9cd6775837c45967,scene-0553,day,bus,vehicle.bus.rigid,truck,v80-100,170.5,31.95,28.9,14.44,False,20.28,22.09,23.91,24.0,20.28,21.43
45d02c618f34449bb7587ff6caf120ae,scene-0553,day,bus,vehicle.bus.rigid,bus,v80-100,242.4,16.03,14.73,0.0,True,14.58,14.86,15.14,15.45,14.58,15.16
45d02c618f34449bb7587ff6caf120ae,scene-0553,day,car,vehicle.car,car,v80-100,98.3,23.68,21.56,9.75,False,19.38,19.51,19.16,19.27,19.64,19.95
45d02c618f34449bb7587ff6caf120ae,scene-0553,day,bus,vehicle.bus.rigid,truck,v80-100,168.2,30.99,28.7,11.74,False,25.01,25.2,24.97,25.18,23.87,24.44
45d02c618f34449bb7587ff6caf120ae,scene-0553,day,car,vehicle.car,car,v80-100,30.1,86.86,84.47,16.69,False,47.15,48.96,43.54,47.16,47.15,48.7
45d02c618f34449bb7587ff6caf120ae,scene-0553,day,truck,vehicle.truck,truck,v80-100,158.1,20.89,18.82,4.11,False,18.3,18.8,18.48,18.89,18.3,18.8
3fb6c2eacb2e4361bb5d5aa092c4ff8f,scene-0553,day,bus,vehicle.bus.rigid,bus,v80-100,247.5,16.87,14.77,2.28,False,14.91,14.97,15.04,15.36,14.91,15.25
3fb6c2eacb2e4361bb5d5aa092c4ff8f,scene-0553,day,car,vehicle.car,car,v80-100,99.6,21.36,19.57,4.96,False,18.52,19.14,18.89,19.33,18.52,19.53
3fb6c2eacb2e4361bb5d5aa092c4ff8f,scene-0553,day,car,vehicle.car,car,v80-100,35.5,51.93,49.56,5.95,False,49.72,50.05,47.98,49.19,49.72,49.89
3fb6c2eacb2e4361bb5d5aa092c4ff8f,scene-0553,day,car,vehicle.car,car,v80-100,32.0,81.98,79.57,15.93,False,51.54,52.89,48.35,51.3,51.54,54.25
3fb6c2eacb2e4361bb5d5aa092c4ff8f,scene-0553,day,bus,vehicle.bus.rigid,bus,v80-100,164.2,30.71,29.28,9.33,False,22.48,23.75,25.01,25.08,22.48,24.51
c8fc91d460cb4ef39117982e0a20804d,scene-0553,day,car,vehicle.car,car,v80-100,101.1,19.92,18.62,0.07,True,19.11,19.3,19.15,19.32,19.11,19.7
c8fc91d460cb4ef39117982e0a20804d,scene-0553,day,bus,vehicle.bus.rigid,truck,v80-100,249.1,19.02,16.03,7.08,False,13.78,14.25,14.71,15.21,13.78,14.64
c8fc91d460cb4ef39117982e0a20804d,scene-0553,day,bus,vehicle.bus.rigid,bus,v80-100,159.0,31.04,29.21,7.34,False,23.39,24.4,25.16,25.29,23.39,24.94
c8fc91d460cb4ef39117982e0a20804d,scene-0553,day,pedestrian,human.pedestrian.adult,person,v80-100,244.0,9.88,9.4,4.92,False,8.11,8.18,8.25,8.54,8.11,8.16
23e08a928077488685ab3138f3e4164f,scene-0553,day,car,vehicle.car,car,v80-100,102.3,19.59,18.57,0.0,True,19.46,19.52,19.16,19.37,19.46,19.8
23e08a928077488685ab3138f3e4164f,scene-0553,day,bus,vehicle.bus.rigid,bus,v80-100,150.6,32.03,29.28,5.65,False,25.76,26.27,26.31,26.55,25.76,25.85
23e08a928077488685ab3138f3e4164f,scene-0553,day,car,vehicle.car,car,v80-100,31.7,57.93,55.55,6.62,False,58.51,59.81,57.41,57.96,57.42,59.27
23e08a928077488685ab3138f3e4164f,scene-0553,day,pedestrian,human.pedestrian.adult,person,v80-100,354.6,7.83,7.33,3.91,False,6.31,6.45,6.58,6.71,6.31,6.34
23e08a928077488685ab3138f3e4164f,scene-0553,day,pedestrian,human.pedestrian.adult,person,v80-100,244.5,9.62,9.15,4.44,False,7.63,7.77,7.9,8.09,7.63,7.67
f8ec648a57f24d988bd07305abf8b77f,scene-0553,day,car,vehicle.car,car,v80-100,103.7,20.16,18.72,3.44,False,19.17,19.31,18.78,19.12,19.17,19.48
f8ec648a57f24d988bd07305abf8b77f,scene-0553,day,bus,vehicle.bus.rigid,truck,v80-100,141.4,33.59,29.85,4.22,False,25.95,27.06,27.55,27.87,25.95,26.35
f8ec648a57f24d988bd07305abf8b77f,scene-0553,day,pedestrian,human.pedestrian.adult,person,v80-100,296.0,8.51,8.01,4.06,False,6.8,7.01,7.11,7.17,6.8,6.81
f8ec648a57f24d988bd07305abf8b77f,scene-0553,day,pedestrian,human.pedestrian.adult,person,v80-100,247.2,9.32,8.85,3.98,False,6.38,6.53,6.67,6.81,6.38,6.46
36287d40e88a4ac9bb64cf4e8c166d1f,scene-0553,day,car,vehicle.car,car,v80-100,105.5,20.68,19.04,3.13,False,18.98,19.34,19.19,19.45,18.98,19.52
36287d40e88a4ac9bb64cf4e8c166d1f,scene-0553,day,car,vehicle.car,car,v80-100,105.0,21.67,19.71,7.87,False,18.92,19.15,18.92,19.29,19.37,19.63
36287d40e88a4ac9bb64cf4e8c166d1f,scene-0553,day,bus,vehicle.bus.rigid,bus,v80-100,131.4,35.66,31.23,3.33,False,27.6,28.77,29.93,30.45,27.6,27.96
36287d40e88a4ac9bb64cf4e8c166d1f,scene-0553,day,pedestrian,human.pedestrian.adult,person,v80-100,297.8,8.07,7.59,3.25,False,6.78,6.96,7.13,7.29,6.78,6.97
29cfc6babdba4e7ebad782f6d551033f,scene-0553,day,car,vehicle.car,car,v80-100,106.5,19.78,18.62,0.0,True,18.67,19.27,19.38,19.62,18.67,19.32
29cfc6babdba4e7ebad782f6d551033f,scene-0553,day,bus,vehicle.bus.rigid,truck,v80-100,120.9,38.24,33.37,3.09,False,26.84,29.52,31.66,31.93,26.84,29.6
29cfc6babdba4e7ebad782f6d551033f,scene-0553,day,pedestrian,human.pedestrian.adult,person,v80-100,251.0,8.73,8.27,2.75,False,6.93,7.12,7.3,7.42,6.93,7.06
5479effa00bf4d01b96e1ec77065c977,scene-0553,day,car,vehicle.car,car,v80-100,107.3,19.97,18.74,1.59,False,19.52,19.78,19.21,19.62,19.52,20.06
5479effa00bf4d01b96e1ec77065c977,scene-0553,day,pedestrian,human.pedestrian.adult,person,v80-100,302.9,10.15,9.47,5.17,False,8.02,8.12,8.02,8.24,7.93,8.08
5479effa00bf4d01b96e1ec77065c977,scene-0553,day,pedestrian,human.pedestrian.adult,person,v80-100,304.6,7.3,6.88,1.55,False,6.14,6.72,7.31,7.35,6.14,6.55
5479effa00bf4d01b96e1ec77065c977,scene-0553,day,pedestrian,human.pedestrian.adult,person,v80-100,252.9,8.53,8.08,2.28,False,6.82,7.38,7.94,8.06,6.82,7.21
5479effa00bf4d01b96e1ec77065c977,scene-0553,day,pedestrian,human.pedestrian.adult,person,v80-100,370.5,6.45,6.0,0.93,True,6.08,6.2,6.32,6.42,6.08,6.18
836281904290463cafe2059d05d2b474,scene-0553,day,car,vehicle.car,car,v80-100,109.1,21.02,19.32,6.03,False,18.88,19.04,19.2,19.25,18.88,19.2
836281904290463cafe2059d05d2b474,scene-0553,day,pedestrian,human.pedestrian.adult,person,v80-100,305.3,9.73,9.05,4.49,False,7.93,8.1,8.27,8.44,7.93,7.96
836281904290463cafe2059d05d2b474,scene-0553,day,pedestrian,human.pedestrian.adult,person,v80-100,371.5,6.34,5.92,0.31,True,6.13,6.17,6.21,6.39,6.13,6.17
defde01fa5594f18b24be8fe68e6f2c4,scene-0553,day,car,vehicle.car,car,v80-100,109.8,22.96,20.91,10.27,False,19.53,19.8,18.56,19.05,20.08,20.65
defde01fa5594f18b24be8fe68e6f2c4,scene-0553,day,car,vehicle.car,car,v80-100,52.2,51.57,49.09,11.53,False,41.01,44.53,44.53,46.29,41.01,44.75
defde01fa5594f18b24be8fe68e6f2c4,scene-0553,day,bus,vehicle.bus.rigid,truck,v80-100,93.0,47.91,43.1,3.25,False,37.91,39.89,40.83,41.35,37.91,40.14
defde01fa5594f18b24be8fe68e6f2c4,scene-0553,day,car,vehicle.car,car,v80-100,96.7,22.26,20.32,6.37,False,18.69,19.58,19.6,20.04,18.69,19.41
defde01fa5594f18b24be8fe68e6f2c4,scene-0553,day,pedestrian,human.pedestrian.adult,person,v80-100,375.5,6.24,5.86,0.0,True,6.32,6.33,6.32,6.44,6.33,6.36
defde01fa5594f18b24be8fe68e6f2c4,scene-0553,day,pedestrian,human.pedestrian.adult,person,v80-100,257.0,8.12,7.7,1.13,True,7.92,8.04,8.16,8.31,7.92,7.93
defde01fa5594f18b24be8fe68e6f2c4,scene-0553,day,pedestrian,human.pedestrian.adult,person,v80-100,307.8,9.35,8.68,3.81,False,8.12,8.23,8.34,8.52,8.12,8.16
6e8383a5f5ba4334b4cb40e0663acdaa,scene-0553,day,car,vehicle.car,car,v80-100,98.9,20.31,18.87,0.9,True,18.51,19.25,19.12,19.55,18.51,19.23
6e8383a5f5ba4334b4cb40e0663acdaa,scene-0553,day,pedestrian,human.pedestrian.adult,person,v80-100,379.7,6.21,5.85,0.1,True,6.26,6.29,6.26,6.41,6.09,6.21
6e8383a5f5ba4334b4cb40e0663acdaa,scene-0553,day,pedestrian,human.pedestrian.adult,person,v80-100,259.9,7.95,7.55,0.56,True,7.99,8.14,8.3,8.36,7.74,7.87
6e8383a5f5ba4334b4cb40e0663acdaa,scene-0553,day,car,vehicle.car,car,v80-100,53.6,50.32,47.84,11.35,False,30.08,41.47,36.95,44.91,30.08,41.93
6e8383a5f5ba4334b4cb40e0663acdaa,scene-0553,day,pedestrian,human.pedestrian.adult,person,v80-100,283.5,9.54,8.95,4.91,False,7.88,7.95,8.02,8.16,7.62,7.75
7b90568403b64fba883c052427b76f24,scene-0553,day,car,vehicle.car,car,v80-100,55.1,49.08,46.59,11.17,False,39.58,41.79,42.84,43.42,39.58,41.5
7b90568403b64fba883c052427b76f24,scene-0553,day,pedestrian,human.pedestrian.adult,person,v80-100,384.0,6.23,5.86,0.71,True,6.02,6.14,6.27,6.38,6.02,6.08
7b90568403b64fba883c052427b76f24,scene-0553,day,bus,vehicle.bus.rigid,truck,v80-100,78.7,55.72,50.9,3.9,False,38.9,41.54,44.18,45.35,38.9,41.26
7b90568403b64fba883c052427b76f24,scene-0553,day,pedestrian,human.pedestrian.adult,person,v80-100,286.2,9.15,8.57,4.31,False,7.65,7.8,7.96,8.12,7.29,7.47
7b90568403b64fba883c052427b76f24,scene-0553,day,car,vehicle.car,car,v80-100,100.9,19.74,18.68,0.0,True,18.17,18.69,18.81,19.0,18.17,19.04
7b90568403b64fba883c052427b76f24,scene-0553,day,pedestrian,human.pedestrian.adult,person,v80-100,261.8,7.85,7.47,0.07,True,7.93,8.0,8.07,8.16,7.56,7.74
be0d41d37aac4b3c9771e1bafe72ff41,scene-0553,day,pedestrian,human.pedestrian.adult,person,v80-100,346.6,7.47,6.94,3.48,False,6.28,6.38,6.49,6.63,6.26,6.27
be0d41d37aac4b3c9771e1bafe72ff41,scene-0553,day,pedestrian,human.pedestrian.adult,person,v80-100,389.1,6.33,5.91,1.4,False,5.99,6.07,6.15,6.26,5.99,6.0
be0d41d37aac4b3c9771e1bafe72ff41,scene-0553,day,bus,vehicle.bus.rigid,truck,v80-100,72.8,59.81,55.0,4.05,False,45.43,47.81,49.75,49.97,45.43,46.5
be0d41d37aac4b3c9771e1bafe72ff41,scene-0553,day,car,vehicle.car,car,v80-100,102.9,20.41,18.88,4.23,False,17.06,18.48,18.32,19.12,17.06,18.54
be0d41d37aac4b3c9771e1bafe72ff41,scene-0553,day,pedestrian,human.pedestrian.adult,person,v80-100,267.1,7.7,7.34,0.0,True,7.79,7.9,8.01,8.09,7.53,7.66
be0d41d37aac4b3c9771e1bafe72ff41,scene-0553,day,car,vehicle.car,car,v80-100,55.1,49.09,46.6,11.18,False,16.45,29.46,39.36,40.91,16.45,28.83
c218bb82f11c47bc864e72a3e26db2c9,scene-0553,day,car,vehicle.car,car,v80-100,104.6,21.79,19.88,8.25,False,9.5,13.04,16.58,17.43,9.5,14.7
c218bb82f11c47bc864e72a3e26db2c9,scene-0553,day,pedestrian,human.pedestrian.adult,person,v80-100,269.3,7.66,7.33,0.07,True,7.68,7.76,7.84,8.03,7.6,7.64
c218bb82f11c47bc864e72a3e26db2c9,scene-0553,day,pedestrian,human.pedestrian.adult,person,v80-100,393.6,6.48,6.03,2.02,False,5.95,5.98,6.01,6.17,5.87,5.91
c218bb82f11c47bc864e72a3e26db2c9,scene-0553,day,bus,vehicle.bus.rigid,truck,v80-100,68.0,63.69,58.87,4.39,False,48.08,52.3,55.93,56.23,48.08,50.55
c218bb82f11c47bc864e72a3e26db2c9,scene-0553,day,car,vehicle.car,car,v80-100,40.6,58.88,56.38,15.68,False,44.83,48.53,51.83,52.03,44.83,46.38
c218bb82f11c47bc864e72a3e26db2c9,scene-0553,day,car,vehicle.car,car,v80-100,55.2,48.99,46.5,11.17,False,29.45,37.78,42.63,44.37,29.45,36.76
c218bb82f11c47bc864e72a3e26db2c9,scene-0553,day,pedestrian,human.pedestrian.adult,person,v80-100,315.7,8.32,7.71,1.34,False,8.03,8.19,8.35,8.43,8.03,8.04
c218bb82f11c47bc864e72a3e26db2c9,scene-0553,day,car,vehicle.car,car,v80-100,112.5,24.12,21.78,12.16,False,20.15,20.51,18.95,19.55,20.17,20.52
c218bb82f11c47bc864e72a3e26db2c9,scene-0553,day,pedestrian,human.pedestrian.adult,person,v80-100,347.4,7.19,6.68,2.94,False,6.28,6.34,6.4,6.58,6.25,6.27
706bc4ecedb1483485dd25b2cdb79b1e,scene-0553,day,pedestrian,human.pedestrian.adult,person,v80-100,398.9,6.71,6.24,2.7,False,5.57,5.7,5.82,5.94,5.57,5.64
706bc4ecedb1483485dd25b2cdb79b1e,scene-0553,day,pedestrian,human.pedestrian.adult,person,v80-100,271.5,7.68,7.36,0.63,True,7.62,7.75,7.88,8.02,7.58,7.6
706bc4ecedb1483485dd25b2cdb79b1e,scene-0553,day,car,vehicle.car,car,v80-100,114.0,21.05,19.01,6.87,False,16.46,17.59,17.73,18.22,16.46,17.49
706bc4ecedb1483485dd25b2cdb79b1e,scene-0553,day,car,vehicle.car,car,v80-100,55.4,48.86,46.37,11.15,False,39.63,42.47,41.98,43.64,39.63,42.84
706bc4ecedb1483485dd25b2cdb79b1e,scene-0553,day,car,vehicle.car,car,v80-100,42.9,56.01,53.5,15.27,False,43.75,46.98,49.66,49.94,43.75,46.12
706bc4ecedb1483485dd25b2cdb79b1e,scene-0553,day,pedestrian,human.pedestrian.adult,person,v80-100,317.7,8.14,7.56,0.61,True,7.92,8.14,8.36,8.43,7.92,7.96
706bc4ecedb1483485dd25b2cdb79b1e,scene-0553,day,pedestrian,human.pedestrian.adult,person,v80-100,304.2,7.92,7.37,2.44,False,6.05,6.21,6.36,6.51,6.05,6.15
63f667397e55468ea55cec6ca099d5e8,scene-0553,day,pedestrian,human.pedestrian.adult,person,v80-100,274.2,7.72,7.4,1.18,True,7.84,7.85,7.84,8.02,7.59,7.72
63f667397e55468ea55cec6ca099d5e8,scene-0553,day,pedestrian,human.pedestrian.adult,person,v80-100,318.7,8.06,7.51,0.04,True,8.06,8.2,8.33,8.36,7.97,8.02
63f667397e55468ea55cec6ca099d5e8,scene-0553,day,pedestrian,human.pedestrian.adult,person,v80-100,404.1,7.0,6.51,3.39,False,6.47,6.49,6.51,6.82,6.31,6.39
63f667397e55468ea55cec6ca099d5e8,scene-0553,day,pedestrian,human.pedestrian.adult,person,v80-100,303.0,8.54,8.06,3.67,False,7.19,7.4,7.61,7.67,7.19,7.22
63f667397e55468ea55cec6ca099d5e8,scene-0553,day,car,vehicle.car,car,v80-100,115.7,19.17,17.56,2.21,False,17.95,18.39,18.12,18.48,17.95,18.55
5a997f9d82874cc99e166b81c4cda2ad,scene-0553,day,car,vehicle.car,car,v80-100,45.5,53.05,50.54,14.9,False,41.76,44.22,42.39,44.53,41.76,43.41
5a997f9d82874cc99e166b81c4cda2ad,scene-0553,day,pedestrian,human.pedestrian.adult,person,v80-100,277.1,7.8,7.46,1.73,False,7.64,7.71,7.77,7.93,7.57,7.61
5a997f9d82874cc99e166b81c4cda2ad,scene-0553,day,car,vehicle.car,car,v80-100,118.1,18.28,17.23,0.0,True,17.14,17.84,17.67,18.11,17.14,17.94
5a997f9d82874cc99e166b81c4cda2ad,scene-0553,day,pedestrian,human.pedestrian.adult,person,v80-100,301.7,8.17,7.74,2.81,False,7.29,7.54,7.8,7.8,7.29,7.31
b379e0c083e349d9b3eda2b1f817535d,scene-0553,day,car,vehicle.car,car,v80-100,121.3,18.72,17.35,3.15,False,16.85,17.21,17.35,17.46,16.85,17.61
b379e0c083e349d9b3eda2b1f817535d,scene-0553,day,pedestrian,human.pedestrian.adult,person,v80-100,280.7,7.9,7.55,2.28,False,7.32,7.47,7.63,7.9,7.32,7.37
b379e0c083e349d9b3eda2b1f817535d,scene-0553,day,car,vehicle.car,car,v80-100,55.4,48.87,46.38,11.19,False,35.2,39.45,33.2,38.45,35.2,39.36
b379e0c083e349d9b3eda2b1f817535d,scene-0553,day,pedestrian,human.pedestrian.adult,person,v80-100,299.3,7.94,7.57,1.93,False,7.29,7.58,7.78,7.82,7.29,7.37
b379e0c083e349d9b3eda2b1f817535d,scene-0553,day,pedestrian,human.pedestrian.adult,person,v80-100,351.3,6.39,5.95,0.58,True,6.04,6.23,6.43,6.54,6.04,6.19
b379e0c083e349d9b3eda2b1f817535d,scene-0553,day,pedestrian,human.pedestrian.adult,person,v80-100,309.6,7.3,6.82,0.29,True,6.52,6.83,7.15,7.38,6.52,6.71
b71a3ed2e4cc4c3b9add0925bcefe743,scene-0553,day,car,vehicle.car,car,v80-100,46.3,52.27,49.76,14.79,False,40.79,43.11,44.9,45.16,40.79,42.98
b71a3ed2e4cc4c3b9add0925bcefe743,scene-0553,day,pedestrian,human.pedestrian.adult,person,v80-100,295.1,7.85,7.55,0.97,True,7.36,7.81,8.26,8.27,7.36,7.51
b71a3ed2e4cc4c3b9add0925bcefe743,scene-0553,day,car,vehicle.car,car,v80-100,55.4,48.87,46.38,11.19,False,38.74,41.12,42.22,42.86,38.74,41.35
b71a3ed2e4cc4c3b9add0925bcefe743,scene-0553,day,pedestrian,human.pedestrian.adult,person,v80-100,285.4,8.04,7.67,2.88,False,7.53,7.6,7.67,7.91,7.53,7.57
b71a3ed2e4cc4c3b9add0925bcefe743,scene-0553,day,car,vehicle.car,car,v80-100,124.6,20.72,18.7,8.79,False,17.04,17.54,17.01,17.02,18.03,18.38
b71a3ed2e4cc4c3b9add0925bcefe743,scene-0553,day,pedestrian,human.pedestrian.adult,person,v80-100,320.1,8.05,7.57,0.12,True,7.8,8.06,8.32,8.43,7.8,7.88
b71a3ed2e4cc4c3b9add0925bcefe743,scene-0553,day,pedestrian,human.pedestrian.adult,person,v80-100,344.2,6.43,6.04,0.0,True,6.3,6.4,6.51,6.65,6.3,6.38
8b448769529640509f5481de4976963e,scene-0553,day,pedestrian,human.pedestrian.adult,person,v80-100,337.7,6.53,6.18,0.0,True,6.34,6.5,6.66,6.83,6.34,6.48
8b448769529640509f5481de4976963e,scene-0553,day,car,vehicle.car,car,v80-100,46.6,51.94,49.42,14.74,False,42.32,44.84,44.15,45.75,42.32,44.64
8b448769529640509f5481de4976963e,scene-0553,day,car,vehicle.car,car,v80-100,55.4,48.87,46.38,11.18,False,40.89,43.0,42.42,43.77,40.89,43.64
8b448769529640509f5481de4976963e,scene-0553,day,pedestrian,human.pedestrian.adult,person,v80-100,289.8,8.17,7.79,3.36,False,7.51,7.54,7.51,7.87,7.54,7.56
8b448769529640509f5481de4976963e,scene-0553,day,pedestrian,human.pedestrian.adult,person,v80-100,290.8,7.89,7.59,0.33,True,7.61,7.95,8.28,8.36,7.61,7.67
8b448769529640509f5481de4976963e,scene-0553,day,pedestrian,human.pedestrian.adult,person,v80-100,323.4,8.08,7.6,0.85,True,7.67,7.95,8.23,8.34,7.67,7.77
549a0000f3a545239b5c6142fab2d9f2,scene-0553,day,car,vehicle.car,car,v80-100,46.5,52.06,49.54,14.77,False,41.62,44.58,44.87,46.21,41.62,44.16
549a0000f3a545239b5c6142fab2d9f2,scene-0553,day,car,vehicle.car,car,v80-100,55.4,48.87,46.38,11.19,False,40.16,42.77,43.38,44.38,40.16,42.94
549a0000f3a545239b5c6142fab2d9f2,scene-0553,day,pedestrian,human.pedestrian.adult,person,v80-100,339.9,6.53,6.17,0.2,True,6.35,6.51,6.67,6.79,6.35,6.49
549a0000f3a545239b5c6142fab2d9f2,scene-0553,day,bus,vehicle.bus.rigid,truck,v80-100,42.7,98.58,93.76,7.85,False,66.06,72.26,78.46,80.84,66.06,69.36
549a0000f3a545239b5c6142fab2d9f2,scene-0553,day,pedestrian,human.pedestrian.adult,person,v80-100,286.1,7.98,7.63,0.0,True,7.79,8.11,8.43,8.45,7.79,7.87
549a0000f3a545239b5c6142fab2d9f2,scene-0553,day,pedestrian,human.pedestrian.adult,person,v80-100,339.5,7.86,7.34,1.36,False,7.55,7.78,8.01,8.16,7.55,7.61
549a0000f3a545239b5c6142fab2d9f2,scene-0553,day,pedestrian,human.pedestrian.adult,person,v80-100,295.6,8.34,7.94,3.9,False,7.55,7.71,7.55,7.74,7.73,7.8
28e5177a5fc44a4aa8e813306e614927,scene-0553,day,car,vehicle.car,car,v80-100,46.4,52.18,49.67,14.8,False,42.37,45.02,45.45,46.56,42.37,44.28
28e5177a5fc44a4aa8e813306e614927,scene-0553,day,car,vehicle.car,car,v80-100,55.4,48.87,46.38,11.19,False,41.3,43.48,42.72,44.19,41.3,43.46
28e5177a5fc44a4aa8e813306e614927,scene-0553,day,bus,vehicle.bus.rigid,truck,v80-100,40.4,104.04,99.21,8.34,False,70.79,77.25,83.7,87.48,70.79,72.44
28e5177a5fc44a4aa8e813306e614927,scene-0553,day,pedestrian,human.pedestrian.adult,person,v80-100,279.2,8.21,7.82,0.26,True,8.0,8.3,8.61,8.64,8.0,8.07
28e5177a5fc44a4aa8e813306e614927,scene-0553,day,pedestrian,human.pedestrian.adult,person,v80-100,342.1,6.57,6.18,0.74,True,6.47,6.54,6.61,6.74,6.47,6.53
358ec472650f42d4b6c27686ee2e0d39,scene-0553,day,car,vehicle.car,car,v80-100,55.4,48.87,46.38,11.19,False,40.05,42.64,41.86,43.55,40.05,42.7
358ec472650f42d4b6c27686ee2e0d39,scene-0553,day,car,vehicle.car,car,v80-100,46.3,52.31,49.79,14.83,False,41.6,44.78,44.24,46.1,41.6,44.0
358ec472650f42d4b6c27686ee2e0d39,scene-0553,day,bus,vehicle.bus.rigid,car,v80-100,38.3,109.3,104.47,8.84,False,72.06,80.13,88.2,89.56,72.06,74.93
358ec472650f42d4b6c27686ee2e0d39,scene-0553,day,pedestrian,human.pedestrian.adult,person,v80-100,347.6,6.6,6.18,1.26,False,6.3,6.42,6.55,6.74,6.3,6.48
358ec472650f42d4b6c27686ee2e0d39,scene-0553,day,pedestrian,human.pedestrian.adult,person,v80-100,272.7,8.51,8.09,1.03,True,8.17,8.34,8.5,8.57,8.16,8.16
7036599cb4d44e9d98c2cfad3332c4f6,scene-0553,day,car,vehicle.car,car,v80-100,46.3,52.27,49.75,14.83,False,41.34,43.67,44.22,45.11,41.34,43.4
7036599cb4d44e9d98c2cfad3332c4f6,scene-0553,day,car,vehicle.car,car,v80-100,55.4,48.87,46.38,11.19,False,40.17,42.28,41.44,42.91,40.17,42.75
7036599cb4d44e9d98c2cfad3332c4f6,scene-0553,day,bus,vehicle.bus.rigid,car,v80-100,36.5,114.69,109.86,9.35,False,78.9,86.58,94.26,96.03,78.9,81.04
7036599cb4d44e9d98c2cfad3332c4f6,scene-0553,day,pedestrian,human.pedestrian.adult,person,v80-100,266.4,8.87,8.41,1.78,False,8.65,8.75,8.84,9.05,8.49,8.57
7036599cb4d44e9d98c2cfad3332c4f6,scene-0553,day,pedestrian,human.pedestrian.adult,person,v80-100,349.2,6.75,6.3,1.83,False,6.32,6.34,6.36,6.67,6.32,6.35
cd8a6fbb4c0a42138792b0b3515b363b,scene-0553,day,car,vehicle.car,car,v80-100,46.3,52.23,49.71,14.83,False,41.43,43.89,44.22,45.28,41.43,43.66
cd8a6fbb4c0a42138792b0b3515b363b,scene-0553,day,pedestrian,human.pedestrian.adult,person,v80-100,354.2,8.58,7.94,3.86,False,6.96,6.98,6.96,7.23,7.01,7.06
cd8a6fbb4c0a42138792b0b3515b363b,scene-0553,day,car,vehicle.car,car,v80-100,55.4,48.87,46.38,11.18,False,40.9,42.95,42.44,43.72,40.9,43.08
cd8a6fbb4c0a42138792b0b3515b363b,scene-0553,day,pedestrian,human.pedestrian.adult,person,v80-100,350.8,6.94,6.46,2.39,False,6.18,6.19,6.2,6.56,6.18,6.25
cd8a6fbb4c0a42138792b0b3515b363b,scene-0553,day,bus,vehicle.bus.rigid,car,v80-100,35.2,118.65,113.79,9.42,False,83.1,90.78,98.46,100.51,83.1,86.59
0839e821f0794b05a0f0dc6cce034265,scene-0553,day,car,vehicle.car,car,v80-100,46.4,52.19,49.67,14.83,False,42.43,44.61,44.01,45.41,42.43,44.02
0839e821f0794b05a0f0dc6cce034265,scene-0553,day,pedestrian,human.pedestrian.adult,person,v80-100,352.5,7.17,6.67,2.96,False,6.25,6.25,6.25,6.55,6.26,6.29
0839e821f0794b05a0f0dc6cce034265,scene-0553,day,car,vehicle.car,car,v80-100,55.4,48.87,46.38,11.18,False,40.18,42.44,41.82,43.26,40.18,43.06
0839e821f0794b05a0f0dc6cce034265,scene-0553,day,pedestrian,human.pedestrian.adult,person,v80-100,260.8,9.46,8.97,3.09,False,8.68,8.95,9.21,9.29,8.68,8.93
0839e821f0794b05a0f0dc6cce034265,scene-0553,day,bus,vehicle.bus.rigid,car,v80-100,34.0,122.58,117.73,10.04,False,83.99,93.36,102.29,102.52,83.99,88.98
1f9771d7882744aba57113fd8b40e294,scene-0553,day,car,vehicle.car,car,v80-100,46.4,52.15,49.63,14.84,False,41.0,43.48,44.91,45.44,41.0,43.62
1f9771d7882744aba57113fd8b40e294,scene-0553,day,car,vehicle.car,car,v80-100,55.4,48.87,46.38,11.18,False,39.93,41.73,42.27,42.91,39.93,42.64
1f9771d7882744aba57113fd8b40e294,scene-0553,day,pedestrian,human.pedestrian.adult,person,v80-100,354.1,7.43,6.92,3.52,False,6.05,6.36,6.05,6.57,6.17,6.42
1f9771d7882744aba57113fd8b40e294,scene-0553,day,pedestrian,human.pedestrian.adult,person,v80-100,254.8,9.81,9.34,3.64,False,9.21,9.3,9.21,9.55,9.38,9.47
aeae6f7b9b154cae9dfbd64705a4e540,scene-0553,day,car,vehicle.car,car,v80-100,46.5,52.11,49.59,14.84,False,41.51,43.95,44.23,45.31,41.51,43.74
aeae6f7b9b154cae9dfbd64705a4e540,scene-0553,day,car,vehicle.car,car,v80-100,55.4,48.87,46.38,11.18,False,40.19,42.2,41.71,42.95,40.19,42.77
bd0ce9c48550446fa13676c7703a70c1,scene-0553,day,pedestrian,human.pedestrian.adult,person,v80-100,255.2,10.4,9.99,4.74,False,9.12,9.38,9.12,9.4,9.65,9.71
bd0ce9c48550446fa13676c7703a70c1,scene-0553,day,car,vehicle.car,car,v80-100,46.5,52.07,49.55,14.84,False,41.49,44.19,44.29,45.59,41.49,44.08
bd0ce9c48550446fa13676c7703a70c1,scene-0553,day,car,vehicle.car,car,v80-100,55.4,48.87,46.38,11.18,False,39.84,42.13,42.62,43.52,39.84,43.22
b04ad7e3c86d47fc98dba25595b2327e,scene-0757,day,truck,vehicle.construction,truck,v80-100,259.4,14.97,12.62,4.03,False,5.79,5.87,5.79,7.07,5.95,6.22
9ce08dbf60bb4b22a952e11f56504292,scene-0757,day,truck,vehicle.construction,truck,v80-100,329.1,12.59,10.18,3.67,False,8.41,8.63,8.41,8.96,8.46,8.66
f921ab741862402aa867b4cd7ceb3d40,scene-0757,day,truck,vehicle.construction,truck,v80-100,452.4,10.28,7.82,3.44,False,7.04,7.37,7.04,7.45,7.7,7.77
5e862f5aad0444f199824efc78edfff0,scene-0757,day,car,vehicle.car,car,v80-100,68.3,38.55,36.34,2.5,False,35.07,35.51,35.78,35.87,35.07,36.12
85640ff86e61419993ae9a3f9ac456eb,scene-0757,day,bus,vehicle.bus.rigid,bus,v80-100,156.3,36.32,34.62,8.35,False,6.44,6.7,6.44,7.07,6.57,6.77
85640ff86e61419993ae9a3f9ac456eb,scene-0757,day,car,vehicle.car,car,v80-100,73.8,35.67,33.56,0.69,True,31.13,32.51,33.66,33.77,31.13,32.41
bf4b00d2af9344c3b3f444206f75cf14,scene-0757,day,car,vehicle.car,car,v80-100,80.9,32.65,30.62,0.0,True,29.0,29.84,29.82,30.25,29.0,29.72
bf4b00d2af9344c3b3f444206f75cf14,scene-0757,day,bus,vehicle.bus.rigid,bus,v80-100,164.0,34.24,32.61,6.46,False,9.93,10.66,9.93,11.12,10.7,11.04
5cfd339fb1cc4c84881d9bf2a48e1f46,scene-0757,day,bus,vehicle.bus.rigid,bus,v80-100,175.0,32.1,30.56,3.81,False,9.28,9.94,9.28,11.04,9.8,10.2
5cfd339fb1cc4c84881d9bf2a48e1f46,scene-0757,day,car,vehicle.car,car,v80-100,92.2,29.42,27.66,0.0,True,25.69,26.75,26.89,27.35,25.69,26.46
b732ab7ce371484b93ba0c2d2b2f9ae7,scene-0757,day,car,vehicle.car,car,v80-100,100.5,26.72,25.3,0.24,True,23.1,23.69,23.82,24.05,23.1,23.71
b732ab7ce371484b93ba0c2d2b2f9ae7,scene-0757,day,bus,vehicle.bus.rigid,bus,v80-100,177.8,30.26,28.67,0.86,True,10.16,10.25,10.16,18.03,10.33,10.37
b4f9181a80034d22972433e4d1dd9f9e,scene-0757,day,car,vehicle.car,car,v80-100,112.1,24.72,23.55,3.18,False,20.87,21.62,21.7,22.04,20.87,21.7
b4f9181a80034d22972433e4d1dd9f9e,scene-0757,day,bus,vehicle.bus.rigid,bus,v80-100,185.9,28.78,26.91,0.0,True,23.89,24.53,25.17,25.29,23.89,24.41
b7b3ad2c218c4192ab958334ea15303f,scene-0757,day,bus,vehicle.bus.rigid,bus,v80-100,192.9,27.97,25.34,0.0,True,22.62,23.76,24.57,24.73,22.62,23.48
b7b3ad2c218c4192ab958334ea15303f,scene-0757,day,car,vehicle.car,car,v80-100,127.3,23.43,21.91,6.79,False,18.58,19.52,19.82,20.13,18.58,19.37
b7b3ad2c218c4192ab958334ea15303f,scene-0757,day,car,vehicle.car,car,v60-80,80.5,29.28,26.94,8.68,False,21.44,24.09,25.64,26.19,21.44,23.26
c33b84588ead4a609f195d2c4fb56801,scene-0757,day,car,vehicle.car,car,v80-100,88.5,26.07,23.81,6.03,False,22.67,23.37,23.54,23.8,22.67,23.0
c33b84588ead4a609f195d2c4fb56801,scene-0757,day,bus,vehicle.bus.rigid,bus,v80-100,201.8,27.44,23.58,0.0,True,21.18,22.43,23.68,23.81,21.18,21.96
c33b84588ead4a609f195d2c4fb56801,scene-0757,day,car,vehicle.car,car,v60-80,145.9,23.15,21.18,10.41,False,17.76,18.01,9.74,14.0,17.34,17.55
f331f492972540ab8e843d484ac6919e,scene-0757,day,car,vehicle.car,car,v80-100,99.1,23.14,21.0,3.33,False,20.35,20.83,20.86,21.08,20.35,20.62
f331f492972540ab8e843d484ac6919e,scene-0757,day,bus,vehicle.bus.rigid,bus,v80-100,207.6,27.33,22.4,0.0,True,20.92,21.77,22.61,22.79,20.92,21.52
6830e208ec3b444f878c8f5c11135dc6,scene-0757,day,car,vehicle.car,car,v80-100,110.4,20.55,18.58,0.58,True,17.97,18.37,18.76,18.91,17.97,18.1
6830e208ec3b444f878c8f5c11135dc6,scene-0757,day,bus,vehicle.bus.rigid,bus,v80-100,207.1,27.99,22.06,0.0,True,20.45,21.26,22.07,22.44,20.45,21.16
35480f511677406fa35386f153291792,scene-0757,day,car,vehicle.car,car,v80-100,124.8,18.35,16.79,0.0,True,16.04,16.17,16.31,16.62,16.04,16.27
35480f511677406fa35386f153291792,scene-0757,day,bus,vehicle.bus.rigid,bus,v80-100,203.2,28.86,22.3,0.0,True,21.3,22.13,22.96,23.44,21.3,22.43
35480f511677406fa35386f153291792,scene-0757,day,car,vehicle.car,car,v80-100,113.2,23.18,21.48,9.88,False,17.4,17.42,17.4,17.66,17.45,17.75
f1680ea9126e468ca407f7284efc980c,scene-0757,day,car,vehicle.car,car,v80-100,116.5,21.72,20.22,7.23,False,17.38,17.56,17.75,17.91,17.38,17.48
f1680ea9126e468ca407f7284efc980c,scene-0757,day,car,vehicle.car,car,v80-100,141.8,16.86,15.79,0.0,True,15.06,15.14,15.23,15.28,14.9,14.98
f1680ea9126e468ca407f7284efc980c,scene-0757,day,bus,vehicle.bus.rigid,bus,v80-100,195.2,30.14,23.23,0.0,True,22.79,23.35,23.91,24.07,22.79,23.29
731b03604b4849f0aa646d0b46571451,scene-0757,day,car,vehicle.car,car,v80-100,160.2,16.37,15.04,3.37,False,13.25,13.53,13.78,13.79,13.25,13.39
731b03604b4849f0aa646d0b46571451,scene-0757,day,bus,vehicle.bus.rigid,bus,v80-100,188.4,31.67,24.63,0.0,True,22.02,23.56,24.37,24.74,22.02,23.84
19f4244aa37b42a49a005b8ea6d53953,scene-0757,day,car,vehicle.car,car,v80-100,117.5,19.96,18.74,0.23,True,17.24,17.77,17.84,18.07,17.24,17.73
19f4244aa37b42a49a005b8ea6d53953,scene-0757,day,bus,vehicle.bus.rigid,bus,v80-100,178.2,33.43,26.46,1.21,False,25.31,26.66,26.69,27.34,25.31,26.75
19f4244aa37b42a49a005b8ea6d53953,scene-0757,day,car,vehicle.car,car,v80-100,175.1,17.08,15.22,7.0,False,12.25,12.77,13.29,13.3,12.25,12.68
e30d5ecf0fd6418089112b4e4811737c,scene-0757,day,car,vehicle.car,car,v80-100,115.6,20.19,18.58,0.0,True,17.38,18.14,18.54,18.72,17.38,17.76
e30d5ecf0fd6418089112b4e4811737c,scene-0757,day,bus,vehicle.bus.rigid,bus,v80-100,163.7,35.99,29.11,2.24,False,26.92,28.43,28.83,29.38,26.92,28.45
3cd43f6baa4e444999eef6cb1c89416a,scene-0757,day,car,vehicle.car,car,v80-100,111.4,21.33,19.34,1.55,False,18.52,19.05,19.27,19.43,18.52,18.79
3cd43f6baa4e444999eef6cb1c89416a,scene-0757,day,bus,vehicle.bus.rigid,bus,v80-100,149.9,38.71,31.83,2.99,False,30.36,32.56,30.61,32.69,30.36,34.69
3cd43f6baa4e444999eef6cb1c89416a,scene-0757,day,truck,vehicle.truck,car,v80-100,224.6,21.11,18.75,8.49,False,14.27,15.13,15.76,15.88,14.27,14.96
76542abab799469cbfb7b293c83192aa,scene-0757,day,truck,vehicle.truck,truck,v80-100,214.6,19.98,18.11,5.24,False,14.53,15.13,15.74,15.87,14.53,15.35
76542abab799469cbfb7b293c83192aa,scene-0757,day,car,vehicle.car,car,v80-100,182.3,21.86,18.99,9.29,False,14.65,15.19,15.73,15.96,14.65,15.25
76542abab799469cbfb7b293c83192aa,scene-0757,day,bus,vehicle.bus.rigid,bus,v80-100,136.5,41.81,34.92,3.28,False,31.44,32.62,33.79,33.91,31.44,33.25
76542abab799469cbfb7b293c83192aa,scene-0757,day,car,vehicle.car,car,v80-100,107.0,23.08,20.81,5.1,False,18.4,19.23,19.9,19.98,18.4,19.19
0a7aef80edbc4854bcd781a3becb943c,scene-0757,day,car,vehicle.car,truck,v80-100,191.2,19.33,16.67,5.54,False,13.91,14.49,15.07,15.18,13.91,14.37
0a7aef80edbc4854bcd781a3becb943c,scene-0757,day,truck,vehicle.truck,truck,v80-100,204.8,19.41,18.04,1.97,False,15.23,15.71,16.02,16.11,15.23,15.85
0a7aef80edbc4854bcd781a3becb943c,scene-0757,day,bus,vehicle.bus.rigid,bus,v80-100,123.9,45.35,38.46,3.67,False,35.29,36.4,37.34,37.42,35.29,37.45
deb67484315f4ba8b56ea8f03ef3d444,scene-0757,day,car,vehicle.car,truck,v80-100,201.1,17.29,15.01,1.78,False,13.87,14.2,14.53,14.65,13.87,14.27
deb67484315f4ba8b56ea8f03ef3d444,scene-0757,day,truck,vehicle.truck,truck,v80-100,196.0,19.34,17.99,0.0,True,15.92,16.46,16.77,16.89,15.92,16.45
deb67484315f4ba8b56ea8f03ef3d444,scene-0757,day,bus,vehicle.bus.rigid,bus,v80-100,113.4,48.87,41.98,4.06,False,36.71,38.68,39.4,40.02,36.71,38.23
deb67484315f4ba8b56ea8f03ef3d444,scene-0757,day,car,vehicle.car,car,v80-100,98.9,27.93,25.36,12.41,False,22.66,22.77,22.26,22.46,22.87,23.0
73fffafd944c4c42a32cfcaeeafc4944,scene-0757,day,car,vehicle.car,truck,v80-100,212.1,15.93,14.22,0.0,True,12.62,13.11,13.59,13.62,12.62,13.03
f225d67c5e1e4f2e8f86fd9b7d2cb9e1,scene-0757,day,car,vehicle.car,truck,v80-100,224.2,15.43,14.19,0.0,True,12.49,12.8,13.11,13.11,12.49,12.71
f225d67c5e1e4f2e8f86fd9b7d2cb9e1,scene-0757,day,truck,vehicle.truck,truck,v80-100,181.0,21.12,18.68,0.92,True,17.63,18.45,18.46,18.87,17.63,18.14
f225d67c5e1e4f2e8f86fd9b7d2cb9e1,scene-0757,day,car,vehicle.car,car,v80-100,173.1,20.38,18.79,8.74,False,15.09,15.46,15.6,15.71,15.09,15.22
d507acb08ec94f00b54bd650bb4b1c52,scene-0757,day,car,vehicle.car,truck,v80-100,237.1,15.91,14.26,3.57,False,12.13,12.28,12.42,12.53,12.13,12.38
d507acb08ec94f00b54bd650bb4b1c52,scene-0757,day,truck,vehicle.truck,truck,v80-100,172.5,22.98,20.07,4.5,False,18.93,19.39,19.67,19.76,18.93,19.21
d507acb08ec94f00b54bd650bb4b1c52,scene-0757,day,bus,vehicle.bus.rigid,bus,v80-100,88.4,60.67,53.81,5.26,False,46.1,48.65,50.05,50.62,46.1,49.44
d507acb08ec94f00b54bd650bb4b1c52,scene-0757,day,car,vehicle.car,car,v80-100,126.6,22.21,19.96,10.26,False,16.91,17.1,17.24,17.27,16.91,16.98
17b8884e21844ad9bf5df19a141a1156,scene-0757,day,car,vehicle.car,car,v80-100,155.5,19.11,18.17,1.34,False,16.09,16.37,16.59,16.62,16.09,16.6
17b8884e21844ad9bf5df19a141a1156,scene-0757,day,car,vehicle.car,car,v80-100,133.0,19.6,17.49,6.62,False,15.87,16.01,16.15,16.5,15.87,15.93
17b8884e21844ad9bf5df19a141a1156,scene-0757,day,bus,vehicle.bus.rigid,bus,v80-100,81.6,65.15,58.29,5.72,False,47.89,52.34,55.83,56.31,47.89,51.84
17b8884e21844ad9bf5df19a141a1156,scene-0757,day,car,vehicle.car,bus,v80-100,251.7,17.28,15.07,7.39,False,11.94,12.06,12.19,12.5,11.94,12.48
eeed80879b3d4580804a0da6bf9c84e2,scene-0757,day,truck,vehicle.truck,truck,v80-100,156.3,27.96,24.49,11.8,False,22.71,22.76,22.65,22.73,22.69,22.7
eeed80879b3d4580804a0da6bf9c84e2,scene-0757,day,car,vehicle.car,car,v80-100,148.0,19.58,18.32,0.0,True,16.82,17.21,17.61,17.61,16.82,17.13
eeed80879b3d4580804a0da6bf9c84e2,scene-0757,day,car,vehicle.car,car,v80-100,140.3,17.32,15.52,2.7,False,14.71,15.04,15.36,15.6,14.71,14.83
eeed80879b3d4580804a0da6bf9c84e2,scene-0757,day,bus,vehicle.bus.rigid,bus,v80-100,76.1,69.36,62.5,6.22,False,55.93,57.67,59.41,59.51,55.93,56.85
881817a81bab4d8488464ac42db89f5f,scene-0757,day,car,vehicle.car,car,v80-100,146.5,15.94,14.55,0.0,True,14.19,14.29,14.39,14.71,14.19,14.3
881817a81bab4d8488464ac42db89f5f,scene-0757,day,car,vehicle.car,car,v80-100,128.5,19.94,18.44,6.98,False,16.24,16.31,16.39,16.49,16.14,16.19
881817a81bab4d8488464ac42db89f5f,scene-0757,day,car,vehicle.car,car,v80-100,141.8,20.66,19.07,0.99,True,18.45,18.85,18.87,19.06,18.45,19.0
7b6c123b090340358e642a70c6fda96d,scene-0757,day,car,vehicle.car,car,v80-100,153.2,15.38,14.41,0.05,True,13.67,13.73,13.79,13.89,13.67,13.7
7b6c123b090340358e642a70c6fda96d,scene-0757,day,bus,vehicle.bus.rigid,bus,v80-100,66.3,78.61,71.74,7.34,False,59.56,65.38,69.52,70.36,59.56,64.28
7b6c123b090340358e642a70c6fda96d,scene-0757,day,car,vehicle.car,car,v80-100,136.1,22.28,20.39,4.5,False,18.87,19.55,19.93,20.07,18.87,19.39
7b6c123b090340358e642a70c6fda96d,scene-0757,day,car,vehicle.car,car,v80-100,123.3,19.19,18.11,3.24,False,16.59,16.98,17.12,17.24,16.59,16.93
fc4cba53bd2c4923b17da19b2e6e44fa,scene-0757,day,car,vehicle.car,car,v80-100,160.9,15.71,14.43,3.73,False,13.06,13.32,13.59,13.59,13.06,13.2
fc4cba53bd2c4923b17da19b2e6e44fa,scene-0757,day,car,vehicle.car,car,v80-100,118.2,19.19,18.11,0.0,True,17.13,17.63,17.9,18.02,17.13,17.47
fc4cba53bd2c4923b17da19b2e6e44fa,scene-0757,day,car,vehicle.car,car,v80-100,139.6,18.36,16.33,6.25,False,14.89,15.49,16.06,16.07,14.89,15.19
fc4cba53bd2c4923b17da19b2e6e44fa,scene-0757,day,bus,vehicle.bus.rigid,bus,v80-100,62.1,83.48,76.6,8.08,False,63.44,70.01,76.35,76.47,63.44,66.59
e26810c28df44cefa069778865bd832c,scene-0757,day,car,vehicle.car,car,v80-100,144.7,16.27,14.57,2.19,False,14.13,14.36,14.59,14.72,14.13,14.29
e26810c28df44cefa069778865bd832c,scene-0757,day,bus,vehicle.bus.rigid,truck,v80-100,58.4,88.34,81.47,8.84,False,53.28,59.55,65.82,71.11,53.28,58.64
e26810c28df44cefa069778865bd832c,scene-0757,day,car,vehicle.car,car,v80-100,113.4,19.94,18.44,0.0,True,17.77,18.19,18.4,18.5,17.77,18.11
e26810c28df44cefa069778865bd832c,scene-0757,day,car,vehicle.car,car,v80-100,170.3,16.92,15.22,7.47,False,11.87,12.34,12.81,12.91,11.87,12.37
df1863e3fe614f288a9974d619343050,scene-0757,day,car,vehicle.car,car,v80-100,150.1,15.03,13.84,0.0,True,13.33,13.34,13.36,13.52,13.28,13.3
df1863e3fe614f288a9974d619343050,scene-0757,day,car,vehicle.car,car,v80-100,136.9,19.71,18.25,6.01,False,15.54,15.7,15.87,16.03,15.54,15.64
df1863e3fe614f288a9974d619343050,scene-0757,day,car,vehicle.car,car,v80-100,109.0,21.34,19.49,2.89,False,19.65,19.81,19.59,19.78,19.59,19.62
df1863e3fe614f288a9974d619343050,scene-0757,day,bus,vehicle.bus.rigid,truck,v80-100,54.9,93.42,86.51,9.53,False,67.83,75.32,82.81,84.93,67.83,73.01
9b6ce88572b947b3b8e141c8bfe96f5b,scene-0757,day,car,vehicle.car,car,v80-100,156.1,14.85,13.89,1.03,True,12.95,12.96,12.85,12.91,12.95,12.98
9b6ce88572b947b3b8e141c8bfe96f5b,scene-0757,day,car,vehicle.car,car,v80-100,105.0,23.26,21.16,6.55,False,19.94,20.41,20.43,20.66,19.94,20.25
9b6ce88572b947b3b8e141c8bfe96f5b,scene-0757,day,bus,vehicle.bus.rigid,truck,v80-100,51.9,98.49,91.56,10.32,False,73.02,79.82,86.63,87.44,73.02,76.91
beea8d83b337481799c36c6561ec3de6,scene-0757,day,car,vehicle.car,car,v80-100,163.3,15.67,14.19,4.91,False,12.16,12.42,12.58,12.63,12.16,12.17
beea8d83b337481799c36c6561ec3de6,scene-0757,day,car,vehicle.car,car,v80-100,124.0,19.53,18.16,0.0,True,17.08,17.67,18.1,18.18,17.08,17.36
beea8d83b337481799c36c6561ec3de6,scene-0757,day,car,vehicle.car,car,v60-80,101.3,25.59,23.32,10.22,False,20.76,21.38,21.3,21.65,20.76,20.97
beea8d83b337481799c36c6561ec3de6,scene-0757,day,bus,vehicle.bus.rigid,truck,v80-100,49.2,103.56,96.61,11.29,False,78.02,82.82,86.88,87.25,78.02,81.51
452cb8aa72de4124907764018407b8d8,scene-0757,day,car,vehicle.car,car,v80-100,119.1,20.75,18.98,1.49,False,17.71,18.13,18.55,18.68,17.71,18.05
452cb8aa72de4124907764018407b8d8,scene-0757,day,bus,vehicle.bus.rigid,truck,v80-100,46.7,108.63,101.66,12.26,False,51.67,74.83,95.06,96.52,51.67,79.04
834ce773cfa04be8b56d9614ed1dcf7f,scene-0757,day,car,vehicle.car,car,v80-100,114.6,22.59,20.48,5.47,False,18.1,18.95,19.5,19.64,18.1,18.77
50e02dd80f9444a194abe8acae4bb211,scene-0757,day,car,vehicle.car,car,v80-100,110.6,24.91,22.61,9.29,False,19.53,20.15,20.38,20.57,19.53,20.05
029dc949763249ddbeb3f756cb7b259f,scene-0757,day,truck,vehicle.truck,car,v80-100,178.3,20.19,18.59,6.24,False,15.09,15.52,15.86,15.9,15.09,15.55
f059772e809443b787af4bb7c60c094a,scene-0757,day,truck,vehicle.truck,car,v80-100,170.6,19.55,18.4,2.79,False,15.64,16.05,16.14,16.3,15.64,16.14
f059772e809443b787af4bb7c60c094a,scene-0757,day,car,vehicle.car,car,v80-100,190.3,18.93,16.76,5.5,False,15.45,15.73,16.02,16.14,15.45,15.48
d209059d97174d28a279f467e9cf89f0,scene-0757,day,truck,vehicle.truck,car,v80-100,163.5,19.53,18.43,0.0,True,16.82,16.98,17.12,17.13,16.82,17.05
d209059d97174d28a279f467e9cf89f0,scene-0757,day,car,vehicle.car,car,v80-100,201.1,16.8,15.0,1.38,False,14.91,14.93,14.91,15.04,14.81,14.88
9d8d518a34ff462d8d6a8fb665d5edd4,scene-0757,day,car,vehicle.car,truck,v80-100,213.3,15.52,14.29,0.0,True,14.09,14.16,14.24,14.29,13.94,14.02
98bea7c1f83340119051b7b7a0185033,scene-0796,day,car,vehicle.car,car,v80-100,66.9,35.28,32.93,11.04,False,30.86,31.44,30.86,31.63,29.73,30.88
98bea7c1f83340119051b7b7a0185033,scene-0796,day,pedestrian,human.pedestrian.adult,person,v80-100,250.2,10.17,9.67,4.78,False,8.12,8.27,8.43,8.87,8.12,8.49
98bea7c1f83340119051b7b7a0185033,scene-0796,day,pedestrian,human.pedestrian.adult,person,v80-100,141.6,16.4,15.93,5.38,False,14.07,14.09,14.07,14.88,14.1,14.18
5f413725e3d84fbc987d7f6b521bcf95,scene-0796,day,car,vehicle.car,car,v80-100,46.8,49.77,47.48,2.58,False,46.33,46.67,46.33,46.47,45.27,46.15
5f413725e3d84fbc987d7f6b521bcf95,scene-0796,day,car,vehicle.car,car,v60-80,32.9,74.58,72.33,2.85,False,70.68,76.13,81.58,82.07,70.68,72.91
5f413725e3d84fbc987d7f6b521bcf95,scene-0796,day,car,vehicle.car,car,v80-100,32.2,89.58,86.98,0.66,True,97.74,97.88,90.94,94.34,87.09,92.55
0113899528c54aa5b573e083ea4086b2,scene-0796,day,car,vehicle.car,car,v80-100,47.4,49.09,46.8,2.19,False,47.59,49.15,47.1,47.34,44.13,47.42
0113899528c54aa5b573e083ea4086b2,scene-0796,day,car,vehicle.car,car,v80-100,32.7,88.27,85.68,0.0,True,94.91,96.41,89.66,92.28,81.1,89.5
0113899528c54aa5b573e083ea4086b2,scene-0796,day,truck,vehicle.truck,truck,v80-100,94.5,34.05,31.05,13.02,False,29.21,29.25,29.29,29.86,29.21,29.33
0113899528c54aa5b573e083ea4086b2,scene-0796,day,car,vehicle.car,car,v60-80,34.7,70.99,68.73,2.2,False,78.05,81.89,77.41,81.57,73.14,75.59
30621e2ae07a4e3abbe450e3b7787625,scene-0796,day,car,vehicle.car,car,v80-100,47.3,48.37,46.07,2.13,False,46.22,48.27,46.22,47.0,43.95,47.14
30621e2ae07a4e3abbe450e3b7787625,scene-0796,day,car,vehicle.car,car,v40-60,34.0,71.12,68.86,2.26,False,69.41,75.02,73.59,77.11,69.41,72.9
30621e2ae07a4e3abbe450e3b7787625,scene-0796,day,car,vehicle.car,car,v80-100,32.8,86.93,84.33,0.0,True,89.01,91.57,86.17,87.59,81.61,87.87
30621e2ae07a4e3abbe450e3b7787625,scene-0796,day,car,vehicle.car,car,v40-60,31.7,77.54,75.11,6.17,False,61.07,67.02,65.64,69.3,61.07,64.58
b97cc09ac5cc44e38469e1561b7c773d,scene-0796,day,car,vehicle.car,car,v80-100,47.1,48.24,45.95,1.94,False,47.03,49.02,47.03,47.82,46.97,48.99
b97cc09ac5cc44e38469e1561b7c773d,scene-0796,day,car,vehicle.car,car,v40-60,33.5,72.0,69.74,2.34,False,54.98,69.27,73.42,78.48,54.98,67.67
b97cc09ac5cc44e38469e1561b7c773d,scene-0796,day,car,vehicle.car,car,v80-100,33.0,85.99,83.4,0.0,True,82.41,83.14,81.43,82.65,81.03,81.72
b97cc09ac5cc44e38469e1561b7c773d,scene-0796,day,car,vehicle.car,car,v80-100,27.3,80.43,77.97,12.23,False,78.39,81.97,84.82,85.18,78.39,79.56
a3e361c213684133a4c73f432928f4a0,scene-0796,day,car,vehicle.car,car,v40-60,38.0,64.79,62.36,5.89,False,55.31,56.97,56.1,57.37,55.31,56.6
a3e361c213684133a4c73f432928f4a0,scene-0796,day,car,vehicle.car,car,v80-100,46.8,48.19,45.9,1.88,False,48.78,49.36,47.48,48.13,47.52,48.73
a3e361c213684133a4c73f432928f4a0,scene-0796,day,car,vehicle.car,car,v80-100,33.2,85.17,82.58,0.0,True,81.31,81.53,80.44,80.88,79.24,80.5
a3e361c213684133a4c73f432928f4a0,scene-0796,day,car,vehicle.car,car,v80-100,32.3,68.68,66.2,11.72,False,65.34,67.06,68.79,69.73,65.34,66.47
1a04b117101e47b0b1e4531f338413a1,scene-0796,day,car,vehicle.car,car,v80-100,46.8,48.39,46.1,1.91,False,47.31,48.26,47.31,47.62,45.55,47.38
1a04b117101e47b0b1e4531f338413a1,scene-0796,day,car,vehicle.car,car,v80-100,33.6,84.44,81.84,0.0,True,78.92,79.77,80.62,82.5,75.05,76.98
1a04b117101e47b0b1e4531f338413a1,scene-0796,day,car,vehicle.car,car,v40-60,42.0,58.57,56.13,5.76,False,47.96,52.34,55.17,55.95,47.96,50.42
1a04b117101e47b0b1e4531f338413a1,scene-0796,day,car,vehicle.car,car,v80-100,39.6,57.5,54.99,11.84,False,61.16,62.04,60.23,61.58,59.98,60.57
627b4021d6974514931e82a01e6471a9,scene-0796,day,car,vehicle.car,car,v80-100,46.2,48.73,46.44,2.09,False,45.46,46.22,45.46,45.89,44.44,45.7
627b4021d6974514931e82a01e6471a9,scene-0796,day,car,vehicle.car,car,v80-100,34.0,83.03,80.43,0.14,True,78.8,79.03,78.8,78.99,76.5,77.88
627b4021d6974514931e82a01e6471a9,scene-0796,day,car,vehicle.car,car,v40-60,47.0,52.49,50.05,5.81,False,45.68,47.8,47.17,48.55,45.68,47.95
627b4021d6974514931e82a01e6471a9,scene-0796,day,car,vehicle.car,car,v80-100,48.3,48.17,45.65,12.19,False,45.91,46.48,45.91,45.97,46.96,47.01
627b4021d6974514931e82a01e6471a9,scene-0796,day,car,vehicle.car,car,v80-100,39.6,58.77,56.25,10.8,False,48.79,53.02,55.87,56.55,48.79,52.23
6a153bf7ebf845198322a0ecdaaea525,scene-0796,day,car,vehicle.car,car,v80-100,46.5,49.06,46.76,2.33,False,45.32,46.94,45.32,46.31,44.78,46.66
6a153bf7ebf845198322a0ecdaaea525,scene-0796,day,car,vehicle.car,car,v80-100,34.7,82.11,79.51,0.44,True,76.48,78.43,76.48,79.19,73.81,77.09
6a153bf7ebf845198322a0ecdaaea525,scene-0796,day,car,vehicle.car,car,v40-60,53.9,46.42,43.96,5.87,False,41.52,43.77,41.52,42.09,44.49,45.26
6a153bf7ebf845198322a0ecdaaea525,scene-0796,day,car,vehicle.car,car,v80-100,63.7,39.02,36.47,12.54,False,32.72,34.41,32.72,33.51,35.13,35.61
6a153bf7ebf845198322a0ecdaaea525,scene-0796,day,car,vehicle.car,car,v80-100,53.5,45.88,43.32,10.84,False,41.51,43.24,41.51,42.12,44.14,44.56
5e5aeedb64cd42ca97a20e94dab8a263,scene-0796,day,car,vehicle.car,car,v80-100,97.3,28.17,25.63,12.11,False,21.9,22.27,22.65,22.83,21.9,23.0
5e5aeedb64cd42ca97a20e94dab8a263,scene-0796,day,car,vehicle.car,car,v80-100,35.0,81.31,78.71,0.25,True,76.24,77.52,76.24,77.89,73.21,76.0
5e5aeedb64cd42ca97a20e94dab8a263,scene-0796,day,car,vehicle.car,car,v40-60,62.5,40.49,38.04,5.73,False,36.03,36.75,36.03,36.82,37.48,37.79
5e5aeedb64cd42ca97a20e94dab8a263,scene-0796,day,car,vehicle.car,car,v80-100,76.4,33.66,31.09,10.1,False,25.07,26.55,28.02,28.46,25.07,27.74
5e5aeedb64cd42ca97a20e94dab8a263,scene-0796,day,car,vehicle.car,car,v80-100,46.3,49.18,46.89,2.15,False,46.76,47.11,46.76,46.8,45.59,46.52
5e5aeedb64cd42ca97a20e94dab8a263,scene-0796,day,cyclist,vehicle.motorcycle,person,v80-100,93.5,24.01,22.97,6.09,False,25.89,26.89,26.66,27.27,25.89,27.09
67eddb8ae05b430396df053609015702,scene-0796,day,car,vehicle.car,car,v80-100,35.9,80.55,77.93,0.52,True,78.91,78.94,78.91,79.23,78.17,78.57
67eddb8ae05b430396df053609015702,scene-0796,day,car,vehicle.car,car,v80-100,47.2,49.34,47.03,2.24,False,45.64,47.08,46.98,47.75,45.64,46.66
67eddb8ae05b430396df053609015702,scene-0796,day,car,vehicle.car,car,v40-60,75.7,34.64,32.16,5.8,False,29.88,30.39,29.88,30.57,30.91,31.26
67eddb8ae05b430396df053609015702,scene-0796,day,car,vehicle.car,car,v80-100,147.4,21.34,18.77,9.77,False,14.54,15.71,16.88,17.0,14.54,15.52
6882c2a00a884227bf5eeb9d818061aa,scene-0796,day,car,vehicle.car,car,v80-100,35.1,79.83,77.18,0.75,True,73.97,75.08,73.97,76.78,73.41,74.8
6882c2a00a884227bf5eeb9d818061aa,scene-0796,day,car,vehicle.car,car,v40-60,91.2,28.89,26.4,5.86,False,25.14,25.48,25.14,25.57,25.77,25.79
6882c2a00a884227bf5eeb9d818061aa,scene-0796,day,car,vehicle.car,car,v80-100,78.7,30.52,27.95,10.65,False,27.01,27.41,27.01,27.23,27.81,28.11
6882c2a00a884227bf5eeb9d818061aa,scene-0796,day,car,vehicle.car,car,v80-100,45.0,49.55,47.2,2.32,False,47.78,48.44,47.78,49.25,47.45,48.28
da6036375a984bbdaca70ffc9966337e,scene-0796,day,car,vehicle.car,car,v80-100,29.4,73.26,70.94,6.41,False,69.4,69.64,69.88,70.9,68.02,68.71
da6036375a984bbdaca70ffc9966337e,scene-0796,day,car,vehicle.car,car,v40-60,120.0,23.22,20.77,5.59,False,19.42,19.52,19.42,20.2,19.61,19.98
da6036375a984bbdaca70ffc9966337e,scene-0796,day,car,vehicle.car,car,v80-100,44.3,51.29,48.98,1.99,False,47.87,48.86,47.87,50.74,48.65,49.25
da6036375a984bbdaca70ffc9966337e,scene-0796,day,car,vehicle.car,car,v80-100,36.3,79.12,76.51,0.09,True,72.55,73.0,73.45,76.22,71.49,72.02
5a030cc9599c4c7dbf334ac0dacbfd4e,scene-0796,day,car,vehicle.car,car,v80-100,42.1,53.04,50.73,1.63,False,48.86,50.29,48.86,51.33,49.61,50.66
5a030cc9599c4c7dbf334ac0dacbfd4e,scene-0796,day,car,vehicle.car,car,v40-60,168.5,17.72,15.32,5.39,False,13.46,13.87,13.46,13.91,14.05,14.16
5a030cc9599c4c7dbf334ac0dacbfd4e,scene-0796,day,car,vehicle.car,car,v80-100,36.0,78.67,76.05,0.0,True,74.62,75.48,74.62,76.92,71.64,74.0
5a030cc9599c4c7dbf334ac0dacbfd4e,scene-0796,day,car,vehicle.car,car,v80-100,31.5,67.61,65.29,5.76,False,63.83,65.28,63.83,64.25,62.17,64.45
5a030cc9599c4c7dbf334ac0dacbfd4e,scene-0796,day,pedestrian,human.pedestrian.adult,person,v80-100,69.5,31.93,31.53,6.68,False,30.39,31.1,31.49,31.65,30.39,30.45
5a030cc9599c4c7dbf334ac0dacbfd4e,scene-0796,day,car,vehicle.car,car,v80-100,144.8,21.01,18.51,10.08,False,16.33,16.58,16.33,16.95,16.83,17.2
a96757f814f343b2aab3b8749ad555f1,scene-0796,day,car,vehicle.car,car,v80-100,34.3,61.86,59.54,5.94,False,59.45,60.16,59.45,61.73,56.79,58.83
a96757f814f343b2aab3b8749ad555f1,scene-0796,day,car,vehicle.car,car,v80-100,36.0,78.1,75.48,0.0,True,75.18,77.63,75.18,78.15,77.36,78.72
a96757f814f343b2aab3b8749ad555f1,scene-0796,day,car,vehicle.car,car,v80-100,40.5,54.68,52.39,1.88,False,49.89,51.09,49.89,52.32,50.69,51.48
a96757f814f343b2aab3b8749ad555f1,scene-0796,day,pedestrian,human.pedestrian.adult,person,v80-100,87.7,25.6,25.2,6.68,False,19.57,21.87,24.08,24.12,19.57,21.53
521746029ebd45b497a658cecbb41f70,scene-0796,day,car,vehicle.car,car,v80-100,38.3,56.62,54.31,2.39,False,50.36,52.73,50.36,52.11,47.99,51.55
521746029ebd45b497a658cecbb41f70,scene-0796,day,car,vehicle.car,car,v80-100,36.3,76.9,74.25,0.03,True,73.14,74.92,73.14,76.09,70.56,73.63
521746029ebd45b497a658cecbb41f70,scene-0796,day,car,vehicle.car,car,v80-100,37.4,56.2,53.86,6.26,False,53.23,55.41,53.23,54.45,50.08,53.84
521746029ebd45b497a658cecbb41f70,scene-0796,day,car,vehicle.car,car,v60-80,27.9,72.86,70.64,9.52,False,67.4,67.9,67.4,72.92,65.44,66.92
8f9f8e2c223d4c22bd8966b158190c34,scene-0796,day,car,vehicle.car,car,v80-100,37.8,58.48,56.18,2.52,False,53.45,54.36,52.38,52.92,51.95,53.61
8f9f8e2c223d4c22bd8966b158190c34,scene-0796,day,car,vehicle.car,car,v80-100,34.9,60.41,58.19,9.39,False,56.45,60.25,64.04,64.74,56.45,57.89
8f9f8e2c223d4c22bd8966b158190c34,scene-0796,day,car,vehicle.car,car,v80-100,37.5,76.02,73.37,0.09,True,76.37,77.22,75.33,75.85,72.93,75.5
8f9f8e2c223d4c22bd8966b158190c34,scene-0796,day,car,vehicle.car,car,v80-100,43.0,50.48,48.12,6.16,False,48.76,49.8,48.76,48.8,46.74,48.78
8f9f8e2c223d4c22bd8966b158190c34,scene-0796,day,pedestrian,human.pedestrian.adult,person,v80-100,192.8,13.4,12.96,6.72,False,10.7,10.78,10.7,10.93,10.84,10.85
36653d8ce5bc4abc81ada795c6b33031,scene-0796,day,car,vehicle.car,car,v80-100,44.9,48.81,46.5,9.48,False,45.47,47.41,48.68,49.02,45.47,46.71
36653d8ce5bc4abc81ada795c6b33031,scene-0796,day,car,vehicle.car,car,v80-100,37.1,60.38,58.08,2.69,False,58.74,58.9,57.19,57.97,57.12,58.09
36653d8ce5bc4abc81ada795c6b33031,scene-0796,day,car,vehicle.car,car,v80-100,49.6,44.83,42.46,6.11,False,43.41,43.89,43.41,43.44,42.1,43.24
36653d8ce5bc4abc81ada795c6b33031,scene-0796,day,car,vehicle.car,truck,v80-100,38.4,75.18,72.54,0.21,True,74.59,76.49,75.82,77.1,74.59,76.37
c278024f52af4a949779af5f4e8d2372,scene-0796,day,car,vehicle.car,car,v80-100,35.7,62.25,59.95,2.41,False,61.31,63.0,59.04,61.86,61.31,62.14
c278024f52af4a949779af5f4e8d2372,scene-0796,day,car,vehicle.car,car,v80-100,60.2,37.51,35.14,9.46,False,35.81,35.92,36.02,36.61,35.14,35.48
c278024f52af4a949779af5f4e8d2372,scene-0796,day,car,vehicle.car,car,v80-100,38.7,74.32,71.67,0.0,True,78.52,80.71,80.22,81.56,78.52,78.91
c278024f52af4a949779af5f4e8d2372,scene-0796,day,car,vehicle.car,car,v80-100,56.9,39.15,36.75,5.78,False,36.9,37.26,36.9,37.09,36.79,37.2
63a7934bc99e49c284f7971b2b6c3971,scene-0796,day,car,vehicle.car,car,v80-100,35.8,62.21,59.9,2.27,False,60.61,63.17,60.45,63.09,60.61,62.66
63a7934bc99e49c284f7971b2b6c3971,scene-0796,day,car,vehicle.car,car,v80-100,96.3,25.59,23.2,9.28,False,22.57,22.62,22.57,22.84,22.68,23.05
63a7934bc99e49c284f7971b2b6c3971,scene-0796,day,car,vehicle.car,car,v80-100,39.2,73.34,70.7,0.0,True,74.66,77.35,75.27,77.66,74.66,76.42
63a7934bc99e49c284f7971b2b6c3971,scene-0796,day,car,vehicle.car,car,v80-100,67.7,33.44,31.02,5.6,False,30.67,31.27,30.56,30.62,30.96,31.42
949ef7d0557f4165a27eaf71616d14f2,scene-0796,day,car,vehicle.car,car,v80-100,36.4,62.22,59.91,2.18,False,64.04,66.44,63.35,66.1,64.04,66.36
949ef7d0557f4165a27eaf71616d14f2,scene-0796,day,car,vehicle.car,car,v80-100,85.3,27.82,25.36,5.46,False,24.93,25.62,24.93,24.93,25.36,25.84
949ef7d0557f4165a27eaf71616d14f2,scene-0796,day,car,vehicle.car,car,v80-100,40.3,72.42,69.78,0.0,True,75.8,77.4,74.41,76.7,75.8,77.19
949ef7d0557f4165a27eaf71616d14f2,scene-0796,day,car,vehicle.car,car,v80-100,67.7,34.79,32.42,5.88,False,32.24,32.48,31.94,32.09,31.45,32.09
fb4c4b4725b542a39bd4e165ebb60950,scene-0796,day,car,vehicle.car,car,v80-100,36.6,62.2,59.89,2.28,False,65.49,66.47,66.24,66.84,65.49,67.78
fb4c4b4725b542a39bd4e165ebb60950,scene-0796,day,car,vehicle.car,car,v80-100,40.9,71.68,69.02,0.0,True,72.32,72.88,73.45,73.59,72.32,73.22
fb4c4b4725b542a39bd4e165ebb60950,scene-0796,day,car,vehicle.car,car,v80-100,81.0,29.94,27.59,5.83,False,26.65,27.09,27.06,27.3,26.65,27.12
fb4c4b4725b542a39bd4e165ebb60950,scene-0796,day,car,vehicle.car,car,v80-100,113.2,22.19,19.7,5.42,False,18.88,19.22,18.88,18.91,19.32,19.44
24373c08d1e64e6ebdad1af9542f1438,scene-0796,day,car,vehicle.car,car,v80-100,35.3,64.19,61.89,2.74,False,65.98,67.22,66.41,67.44,65.98,68.5
24373c08d1e64e6ebdad1af9542f1438,scene-0796,day,car,vehicle.car,car,v80-100,99.5,25.14,22.83,5.93,False,22.12,22.31,22.48,22.49,22.12,22.8
24373c08d1e64e6ebdad1af9542f1438,scene-0796,day,car,vehicle.car,car,v80-100,163.3,16.69,14.19,5.42,False,13.29,13.45,13.29,13.4,13.61,13.8
24373c08d1e64e6ebdad1af9542f1438,scene-0796,day,car,vehicle.car,car,v80-100,41.3,70.9,68.25,0.0,True,70.86,71.64,72.42,73.0,70.86,72.08
af075ef815d0452db2614113413fb8a1,scene-0796,day,car,vehicle.car,car,v80-100,126.3,21.07,18.81,6.27,False,17.52,17.77,17.15,17.34,17.99,18.0
af075ef815d0452db2614113413fb8a1,scene-0796,day,car,vehicle.car,car,v80-100,34.3,66.27,63.95,3.22,False,70.81,71.18,71.42,71.48,70.81,70.86
af075ef815d0452db2614113413fb8a1,scene-0796,day,car,vehicle.car,car,v80-100,42.0,69.86,67.2,0.0,True,71.77,72.56,71.77,72.54,70.6,71.97
3299ffab259345fdaa4928d665a2c59d,scene-0796,day,car,vehicle.car,car,v80-100,32.8,68.0,65.67,3.88,False,69.2,71.56,68.91,71.41,69.2,71.72
3299ffab259345fdaa4928d665a2c59d,scene-0796,day,car,vehicle.car,car,v80-100,169.3,17.33,15.08,6.95,False,12.83,13.24,12.69,12.76,13.54,13.59
3299ffab259345fdaa4928d665a2c59d,scene-0796,day,car,vehicle.car,car,v80-100,42.1,68.83,66.17,0.48,True,70.03,71.16,65.84,69.06,69.1,69.56
89dfcc203bab4c6a84f2f044618bcbfc,scene-0796,day,car,vehicle.car,car,v80-100,31.5,69.85,67.5,3.87,False,73.29,73.47,71.39,72.52,72.4,72.84
89dfcc203bab4c6a84f2f044618bcbfc,scene-0796,day,car,vehicle.car,car,v80-100,42.3,67.89,65.23,0.31,True,66.85,68.12,66.73,66.79,65.61,67.5
adfdfa7db76a429e91d96d92978e26ee,scene-0796,day,car,vehicle.car,car,v80-100,31.1,71.59,69.25,3.77,False,70.86,76.92,72.65,77.82,70.86,72.48
adfdfa7db76a429e91d96d92978e26ee,scene-0796,day,car,vehicle.car,truck,v80-100,43.3,67.01,64.34,0.1,True,66.48,69.39,66.97,69.63,65.83,66.16
fe288794c9ce476b8401936c15891c42,scene-0796,day,car,vehicle.car,car,v80-100,30.5,73.35,71.02,3.59,False,72.64,76.59,75.91,78.23,72.64,73.55
fe288794c9ce476b8401936c15891c42,scene-0796,day,car,vehicle.car,car,v80-100,44.1,66.16,63.51,0.0,True,68.28,69.19,68.33,69.21,67.61,67.94
4118ce9345274dd2a344391bfbd42b8c,scene-0796,day,car,vehicle.car,car,v80-100,29.5,75.08,72.76,3.3,False,70.79,76.4,75.73,78.87,70.79,72.81
4118ce9345274dd2a344391bfbd42b8c,scene-0796,day,car,vehicle.car,car,v80-100,44.4,65.3,62.66,0.0,True,63.94,67.28,65.77,68.19,63.94,65.79
134565593253490b9df7fb084466111a,scene-0796,day,car,vehicle.car,car,v80-100,28.9,76.82,74.51,3.05,False,68.35,76.94,78.38,81.95,68.35,71.1
134565593253490b9df7fb084466111a,scene-0796,day,car,vehicle.car,truck,v80-100,45.1,64.45,61.81,0.0,True,61.7,65.06,65.73,67.07,61.7,62.78
b076d37011b64c70bd5a42d369c8f74a,scene-0796,day,car,vehicle.car,car,v80-100,28.5,78.45,76.13,2.87,False,74.62,79.02,83.42,84.66,74.62,75.61
b076d37011b64c70bd5a42d369c8f74a,scene-0796,day,car,vehicle.car,car,v80-100,46.1,63.49,60.85,0.0,True,59.92,61.87,61.43,62.62,59.92,59.94
3b93a3389fad40a4867a46b29a7595cf,scene-0796,day,car,vehicle.car,truck,v80-100,46.7,62.66,60.03,0.0,True,56.84,59.28,61.72,62.14,56.84,59.16
3b93a3389fad40a4867a46b29a7595cf,scene-0796,day,car,vehicle.car,car,v80-100,28.0,80.03,77.71,2.93,False,77.14,79.61,82.08,82.73,77.14,77.3
3396c8a22c8243d9b033f25d9cdf6ea4,scene-0796,day,car,vehicle.car,truck,v80-100,47.5,61.7,59.06,0.0,True,57.2,57.88,57.2,58.05,58.1,58.33
3396c8a22c8243d9b033f25d9cdf6ea4,scene-0796,day,car,vehicle.car,car,v80-100,27.4,81.47,79.15,2.74,False,81.31,81.72,81.31,81.81,76.84,79.48
9403a41ce7944d8f9d5966165f82c806,scene-0796,day,car,vehicle.car,car,v80-100,26.8,82.98,80.65,3.23,False,80.47,81.61,82.75,84.73,76.73,78.6
9403a41ce7944d8f9d5966165f82c806,scene-0796,day,car,vehicle.car,car,v80-100,48.1,60.8,58.16,0.0,True,57.63,58.39,57.63,58.62,57.28,58.22
55b484d8b9ce410abb64e18066ff8114,scene-0796,day,car,vehicle.car,car,v80-100,26.3,84.48,82.15,3.45,False,83.76,86.7,89.26,89.45,82.46,83.11
55b484d8b9ce410abb64e18066ff8114,scene-0796,day,car,vehicle.car,car,v80-100,48.8,59.89,57.25,0.0,True,57.06,57.33,57.59,59.09,55.07,56.06
938f54d1fad648dcbd3c94e398aae967,scene-0796,day,car,vehicle.car,car,v80-100,26.0,86.0,83.67,3.58,False,86.22,91.17,90.52,93.32,86.22,89.02
938f54d1fad648dcbd3c94e398aae967,scene-0796,day,car,vehicle.car,truck,v80-100,49.8,59.0,56.36,0.0,True,56.61,57.58,58.55,59.02,56.03,56.32
3e579ea5868a4f4180b863e3ee4eb63c,scene-0796,day,car,vehicle.car,car,v80-100,25.6,87.51,85.17,3.33,False,81.25,86.8,87.84,90.09,81.25,82.17
3e579ea5868a4f4180b863e3ee4eb63c,scene-0796,day,car,vehicle.car,car,v80-100,50.9,57.99,55.35,0.0,True,55.04,56.23,56.92,57.17,54.07,54.55
edd9247d5f8243b2a40b24ed7030525e,scene-0796,day,car,vehicle.car,car,v80-100,25.7,86.49,84.15,3.53,False,84.34,90.41,92.62,94.55,84.34,86.75
edd9247d5f8243b2a40b24ed7030525e,scene-0796,day,car,vehicle.car,car,v80-100,51.3,57.04,54.4,0.0,True,54.23,55.38,55.62,56.08,53.95,54.09
edd9247d5f8243b2a40b24ed7030525e,scene-0796,day,car,vehicle.car,car,v80-100,499.0,5.35,3.07,2.28,False,4.32,4.39,4.32,4.44,4.41,4.44
926d02b69e2d44ac97b091ce3295bdf5,scene-0796,day,car,vehicle.car,car,v80-100,26.1,85.44,83.11,3.43,False,83.06,86.36,89.66,90.44,83.06,84.93
926d02b69e2d44ac97b091ce3295bdf5,scene-0796,day,car,vehicle.car,car,v80-100,456.8,6.34,3.96,2.32,False,4.45,4.54,4.45,4.6,4.54,4.58
926d02b69e2d44ac97b091ce3295bdf5,scene-0796,day,car,vehicle.car,truck,v80-100,52.4,56.07,53.43,0.0,True,53.47,53.61,53.74,55.87,53.47,54.69
926d02b69e2d44ac97b091ce3295bdf5,scene-0796,day,bus,vehicle.bus.rigid,bus,v40-60,114.3,43.39,38.34,12.71,False,16.21,19.92,16.21,27.14,18.49,21.06
16a5fb2fe7dd44db92a77ac3a333f277,scene-0796,day,car,vehicle.car,car,v80-100,26.5,84.47,82.13,3.16,False,75.64,78.92,82.21,82.56,75.64,78.41
16a5fb2fe7dd44db92a77ac3a333f277,scene-0796,day,car,vehicle.car,car,v80-100,434.8,7.42,5.01,2.3,False,4.88,4.89,4.88,5.02,4.9,4.96
16a5fb2fe7dd44db92a77ac3a333f277,scene-0796,day,car,vehicle.car,truck,v80-100,53.5,55.17,52.53,0.0,True,52.34,52.98,53.62,53.84,52.34,52.77
524d443c501a4f98a14508c3fb6f6de3,scene-0916,day,pedestrian,human.pedestrian.adult,person,v80-100,114.2,19.29,18.87,3.99,False,17.93,18.22,18.51,18.62,17.93,19.08
524d443c501a4f98a14508c3fb6f6de3,scene-0916,day,pedestrian,human.pedestrian.adult,person,v80-100,145.0,16.39,15.86,2.65,False,15.13,15.58,15.13,15.75,16.03,16.38
524d443c501a4f98a14508c3fb6f6de3,scene-0916,day,pedestrian,human.pedestrian.adult,person,v60-80,107.8,24.66,24.24,10.94,False,22.05,22.75,22.02,22.04,23.45,23.95
524d443c501a4f98a14508c3fb6f6de3,scene-0916,day,pedestrian,human.pedestrian.adult,person,v60-80,100.2,24.96,24.54,11.52,False,22.02,22.79,22.02,22.19,23.56,23.91
bee06d622b78488eaf54f876f4912797,scene-0916,day,pedestrian,human.pedestrian.adult,person,v80-100,134.2,17.62,17.15,6.7,False,14.8,15.31,15.79,15.8,14.8,16.31
bee06d622b78488eaf54f876f4912797,scene-0916,day,pedestrian,human.pedestrian.adult,person,v40-60,151.3,15.77,15.38,0.34,True,14.29,14.48,14.29,14.34,14.68,14.88
bee06d622b78488eaf54f876f4912797,scene-0916,day,pedestrian,human.pedestrian.adult,person,v80-100,103.7,23.06,22.64,5.72,False,20.59,21.18,20.35,20.47,21.77,22.12
bee06d622b78488eaf54f876f4912797,scene-0916,day,pedestrian,human.pedestrian.adult,person,v80-100,95.3,25.5,25.13,11.15,False,22.33,22.34,20.43,21.38,22.36,22.73
bee06d622b78488eaf54f876f4912797,scene-0916,day,pedestrian,human.pedestrian.adult,person,v80-100,100.6,23.39,22.97,7.99,False,22.0,22.66,20.92,21.46,23.32,23.46
bee06d622b78488eaf54f876f4912797,scene-0916,day,pedestrian,human.pedestrian.adult,person,v60-80,109.6,22.67,22.25,6.66,False,21.31,21.87,20.47,20.89,22.42,22.64
332299caf93f4f37874d93def6c7bf46,scene-0916,day,pedestrian,human.pedestrian.adult,person,v40-60,169.4,14.22,13.82,1.04,True,12.26,12.3,12.26,12.54,12.35,12.71
332299caf93f4f37874d93def6c7bf46,scene-0916,day,pedestrian,human.pedestrian.adult,person,v60-80,95.3,24.72,24.34,7.1,False,22.53,22.74,21.25,21.89,22.67,22.81
332299caf93f4f37874d93def6c7bf46,scene-0916,day,pedestrian,human.pedestrian.adult,person,v80-100,105.3,21.31,20.9,3.93,False,20.83,21.67,19.79,20.31,21.83,22.17
332299caf93f4f37874d93def6c7bf46,scene-0916,day,pedestrian,human.pedestrian.adult,person,v60-80,116.1,20.58,20.16,2.67,False,19.76,20.8,19.54,19.65,20.79,21.32
332299caf93f4f37874d93def6c7bf46,scene-0916,day,pedestrian,human.pedestrian.adult,person,v80-100,100.7,22.47,22.05,5.03,False,23.1,23.7,21.48,22.29,23.32,23.81
1d1306dc17764f38b6b662d2350acac2,scene-0916,day,pedestrian,human.pedestrian.adult,person,v60-80,90.3,29.71,29.25,13.93,False,25.83,26.31,25.04,25.43,25.98,26.39
1d1306dc17764f38b6b662d2350acac2,scene-0916,day,pedestrian,human.pedestrian.adult,person,v40-60,191.2,13.07,12.68,2.75,False,11.11,11.12,11.13,11.23,11.11,11.25
1d1306dc17764f38b6b662d2350acac2,scene-0916,day,pedestrian,human.pedestrian.adult,person,v80-100,101.2,21.8,21.44,3.64,False,20.58,21.51,20.1,20.34,21.66,22.05
1d1306dc17764f38b6b662d2350acac2,scene-0916,day,pedestrian,human.pedestrian.adult,person,v80-100,111.9,19.66,19.25,0.86,True,18.85,19.57,18.13,18.49,20.28,20.3
1d1306dc17764f38b6b662d2350acac2,scene-0916,day,pedestrian,human.pedestrian.adult,person,v80-100,106.2,20.8,20.39,1.85,False,20.47,21.22,19.68,20.07,21.75,21.86
1d1306dc17764f38b6b662d2350acac2,scene-0916,day,pedestrian,human.pedestrian.adult,person,v60-80,124.9,18.94,18.52,0.0,True,17.73,18.45,17.49,17.61,18.72,18.94
1d1306dc17764f38b6b662d2350acac2,scene-0916,day,pedestrian,human.pedestrian.adult,person,v40-60,123.7,18.8,18.38,1.71,False,17.21,17.75,17.21,17.3,18.14,18.21
1d1306dc17764f38b6b662d2350acac2,scene-0916,day,pedestrian,human.pedestrian.adult,person,v60-80,113.7,19.35,18.93,0.27,True,17.58,18.33,17.34,17.46,18.63,18.85
b08a2deaf871433fad9a4c03e6f53d32,scene-0916,day,pedestrian,human.pedestrian.adult,person,v60-80,90.3,27.56,27.07,9.02,False,25.99,26.3,25.49,25.74,25.35,25.98
b08a2deaf871433fad9a4c03e6f53d32,scene-0916,day,pedestrian,human.pedestrian.adult,person,v40-60,230.3,11.69,11.31,4.5,False,8.93,9.28,9.63,9.71,8.93,9.27
b08a2deaf871433fad9a4c03e6f53d32,scene-0916,day,pedestrian,human.pedestrian.adult,person,v80-100,125.2,17.66,17.24,1.41,False,16.41,17.03,16.41,16.65,17.65,17.8
b08a2deaf871433fad9a4c03e6f53d32,scene-0916,day,car,vehicle.car,car,v80-100,75.4,33.79,31.57,15.26,False,27.31,27.33,27.35,27.58,25.64,26.48
b08a2deaf871433fad9a4c03e6f53d32,scene-0916,day,pedestrian,human.pedestrian.adult,person,v80-100,109.8,19.76,19.39,0.24,True,19.2,19.83,19.14,19.17,20.25,20.36
b08a2deaf871433fad9a4c03e6f53d32,scene-0916,day,pedestrian,human.pedestrian.adult,person,v60-80,104.8,16.36,15.93,3.31,False,14.66,14.96,14.66,14.82,15.25,15.54
b08a2deaf871433fad9a4c03e6f53d32,scene-0916,day,pedestrian,human.pedestrian.adult,person,v60-80,107.3,20.89,20.5,0.0,True,21.43,21.88,19.97,20.7,21.88,22.11
b08a2deaf871433fad9a4c03e6f53d32,scene-0916,day,pedestrian,human.pedestrian.adult,person,v80-100,117.0,18.81,18.38,0.6,True,18.33,18.91,17.99,18.16,19.16,19.32
b08a2deaf871433fad9a4c03e6f53d32,scene-0916,day,pedestrian,human.pedestrian.adult,person,v80-100,246.9,10.68,10.13,4.13,False,9.11,9.43,9.75,9.91,9.11,9.47
b08a2deaf871433fad9a4c03e6f53d32,scene-0916,day,pedestrian,human.pedestrian.adult,person,v60-80,147.8,16.43,15.9,1.91,False,15.13,15.69,15.13,15.39,16.25,16.43
790bc648874d4664811b364dcbab1bc8,scene-0916,day,pedestrian,human.pedestrian.adult,person,v60-80,94.8,25.23,24.73,4.8,False,25.02,25.62,26.23,26.38,25.02,25.92
790bc648874d4664811b364dcbab1bc8,scene-0916,day,pedestrian,human.pedestrian.adult,person,v60-80,176.5,14.42,13.9,4.06,False,13.54,13.65,13.54,14.15,13.76,13.98
790bc648874d4664811b364dcbab1bc8,scene-0916,day,pedestrian,human.pedestrian.adult,person,v60-80,126.6,18.2,17.79,4.25,False,15.01,15.02,15.01,15.62,15.04,15.38
790bc648874d4664811b364dcbab1bc8,scene-0916,day,car,vehicle.car,car,v60-80,79.7,32.53,30.42,13.89,False,28.06,28.32,28.59,28.62,27.25,27.66
790bc648874d4664811b364dcbab1bc8,scene-0916,day,car,vehicle.car,car,v80-100,76.5,31.85,29.62,11.52,False,27.89,28.72,29.22,29.38,27.65,27.77
790bc648874d4664811b364dcbab1bc8,scene-0916,day,car,vehicle.car,car,v60-80,77.1,33.31,31.12,16.22,False,28.31,28.58,28.31,28.92,27.41,28.13
790bc648874d4664811b364dcbab1bc8,scene-0916,day,pedestrian,human.pedestrian.adult,person,v80-100,123.8,17.64,17.28,1.65,False,17.86,18.05,17.86,18.41,18.24,18.78
790bc648874d4664811b364dcbab1bc8,scene-0916,day,pedestrian,human.pedestrian.adult,person,v60-80,126.6,14.41,14.0,5.41,False,12.91,12.95,12.91,13.46,12.99,13.22
790bc648874d4664811b364dcbab1bc8,scene-0916,day,pedestrian,human.pedestrian.adult,person,v60-80,120.3,18.79,18.41,2.05,False,19.95,20.56,19.95,19.95,20.09,20.63
790bc648874d4664811b364dcbab1bc8,scene-0916,day,pedestrian,human.pedestrian.adult,person,v80-100,134.4,16.75,16.33,3.09,False,16.84,16.91,16.97,17.24,16.84,17.23
790bc648874d4664811b364dcbab1bc8,scene-0916,day,pedestrian,human.pedestrian.adult,person,v80-100,139.1,16.55,16.13,4.44,False,14.51,14.54,14.51,15.14,14.56,14.77
fb91724c05c84935a6e066b293046e9e,scene-0916,day,car,vehicle.car,car,v80-100,79.5,29.81,27.57,8.79,False,27.62,27.69,27.62,28.04,26.9,27.32
fb91724c05c84935a6e066b293046e9e,scene-0916,day,car,vehicle.car,car,v80-100,82.6,30.51,28.39,11.16,False,27.48,27.57,27.48,27.77,26.56,27.11
fb91724c05c84935a6e066b293046e9e,scene-0916,day,car,vehicle.car,car,v60-80,79.2,31.41,29.2,13.6,False,28.0,28.16,28.0,28.2,27.0,27.66
fb91724c05c84935a6e066b293046e9e,scene-0916,day,pedestrian,human.pedestrian.adult,person,v60-80,103.4,22.79,22.28,1.65,False,23.6,23.62,23.63,23.7,23.6,24.04
fb91724c05c84935a6e066b293046e9e,scene-0916,day,pedestrian,human.pedestrian.adult,person,v60-80,139.0,16.72,16.32,3.97,False,16.6,16.71,16.83,17.37,16.56,16.58
fb91724c05c84935a6e066b293046e9e,scene-0916,day,pedestrian,human.pedestrian.adult,person,v60-80,221.1,12.48,11.97,5.43,False,10.64,10.66,10.64,11.41,10.68,10.97
fb91724c05c84935a6e066b293046e9e,scene-0916,day,pedestrian,human.pedestrian.adult,person,v80-100,159.9,14.73,14.3,4.72,False,13.64,13.8,13.96,14.51,13.64,14.11
fb91724c05c84935a6e066b293046e9e,scene-0916,day,pedestrian,human.pedestrian.adult,person,v80-100,144.2,15.52,15.14,3.37,False,14.96,15.16,15.36,16.09,14.96,15.6
fb91724c05c84935a6e066b293046e9e,scene-0916,day,pedestrian,human.pedestrian.adult,person,v80-100,168.4,14.59,14.16,5.99,False,11.42,11.47,11.42,12.16,11.53,11.79
fb91724c05c84935a6e066b293046e9e,scene-0916,day,pedestrian,human.pedestrian.adult,person,v80-100,178.0,13.62,13.19,5.22,False,11.98,12.07,11.98,12.79,12.17,12.38
fb91724c05c84935a6e066b293046e9e,scene-0916,day,pedestrian,human.pedestrian.adult,person,v60-80,149.8,16.19,15.77,5.99,False,12.97,12.98,12.97,13.71,12.98,13.25
aa78b9cc380b48c5be14f99540359ccf,scene-0916,day,pedestrian,human.pedestrian.adult,person,v80-100,225.8,11.66,11.23,5.88,False,9.37,9.55,9.37,10.82,9.74,9.83
aa78b9cc380b48c5be14f99540359ccf,scene-0916,day,car,vehicle.car,car,v80-100,85.5,27.69,25.44,7.42,False,24.78,24.94,25.1,27.48,24.71,24.75
aa78b9cc380b48c5be14f99540359ccf,scene-0916,day,car,vehicle.car,car,v60-80,84.3,29.43,27.21,12.28,False,26.01,26.19,26.01,27.88,25.83,26.09
aa78b9cc380b48c5be14f99540359ccf,scene-0916,day,car,vehicle.car,car,v80-100,88.2,28.41,26.27,9.77,False,25.02,25.04,25.06,27.42,24.63,24.82
aa78b9cc380b48c5be14f99540359ccf,scene-0916,day,pedestrian,human.pedestrian.adult,person,v60-80,116.2,20.24,19.73,0.0,True,19.9,20.13,20.36,21.81,19.9,20.61
aa78b9cc380b48c5be14f99540359ccf,scene-0916,day,pedestrian,human.pedestrian.adult,person,v60-80,182.4,14.19,13.77,6.78,False,10.85,11.47,10.85,12.63,11.32,11.71
aa78b9cc380b48c5be14f99540359ccf,scene-0916,day,pedestrian,human.pedestrian.adult,person,v80-100,173.3,13.35,12.98,4.16,False,12.71,12.8,12.9,14.42,12.71,12.84
aa78b9cc380b48c5be14f99540359ccf,scene-0916,day,pedestrian,human.pedestrian.adult,person,v80-100,196.8,12.7,12.27,5.47,False,11.03,11.2,11.03,12.55,11.37,11.43
aa78b9cc380b48c5be14f99540359ccf,scene-0916,day,pedestrian,human.pedestrian.adult,person,v60-80,165.0,14.61,14.21,4.89,False,13.97,14.03,14.09,15.48,13.48,13.73
aa78b9cc380b48c5be14f99540359ccf,scene-0916,day,car,vehicle.car,car,v60-80,100.6,29.96,27.32,14.44,False,25.39,26.32,27.25,29.38,25.39,25.85
aa78b9cc380b48c5be14f99540359ccf,scene-0916,day,parked two-wheeler,vehicle.motorcycle,car,v60-80,91.1,23.68,22.33,3.94,False,17.28,17.67,18.06,20.03,17.28,17.68
6f8a88c0de0b42d89e66197403822d30,scene-0916,day,car,vehicle.car,car,v80-100,93.8,25.47,23.22,6.73,False,22.86,22.96,23.07,25.25,22.86,23.16
6f8a88c0de0b42d89e66197403822d30,scene-0916,day,car,vehicle.car,car,v80-100,96.1,26.21,24.08,9.06,False,23.04,23.24,23.45,25.55,23.04,23.16
6f8a88c0de0b42d89e66197403822d30,scene-0916,day,parked two-wheeler,vehicle.motorcycle,motorcycle,v80-100,63.7,26.17,25.25,2.23,False,24.67,25.38,26.09,28.02,24.67,25.52
6f8a88c0de0b42d89e66197403822d30,scene-0916,day,car,vehicle.car,car,v60-80,91.1,27.35,25.14,11.58,False,24.18,24.22,24.26,26.26,24.18,24.34
6f8a88c0de0b42d89e66197403822d30,scene-0916,day,pedestrian,human.pedestrian.adult,person,v60-80,134.4,17.58,17.08,0.34,True,17.32,17.34,17.35,18.95,17.32,18.04
6f8a88c0de0b42d89e66197403822d30,scene-0916,day,parked two-wheeler,vehicle.motorcycle,motorcycle,v60-80,84.7,20.23,19.26,1.68,False,19.38,19.55,19.73,21.46,19.38,20.31
6f8a88c0de0b42d89e66197403822d30,scene-0916,day,parked two-wheeler,vehicle.motorcycle,motorcycle,v60-80,120.4,15.12,14.11,3.49,False,13.76,13.91,14.05,15.4,13.76,14.06
6f8a88c0de0b42d89e66197403822d30,scene-0916,day,pedestrian,human.pedestrian.adult,person,v60-80,203.4,12.48,12.08,5.36,False,10.92,11.14,10.92,12.21,10.87,11.12
6f8a88c0de0b42d89e66197403822d30,scene-0916,day,pedestrian,human.pedestrian.adult,person,v80-100,217.0,11.19,10.83,4.53,False,10.2,10.22,10.2,11.49,10.25,10.48
a9b15094d9f44d2c89faf05252547046,scene-0916,day,parked two-wheeler,vehicle.motorcycle,motorcycle,v80-100,70.1,23.86,22.94,1.54,False,22.32,22.74,23.16,24.52,22.32,23.59
a9b15094d9f44d2c89faf05252547046,scene-0916,day,car,vehicle.car,car,v80-100,104.3,23.26,21.01,6.1,False,20.43,20.61,20.79,21.98,20.43,21.3
a9b15094d9f44d2c89faf05252547046,scene-0916,day,car,vehicle.car,car,v80-100,106.2,24.04,21.9,8.4,False,20.62,20.88,21.14,22.34,20.62,21.37
a9b15094d9f44d2c89faf05252547046,scene-0916,day,car,vehicle.car,car,v60-80,99.6,25.29,23.08,10.94,False,21.89,22.04,21.89,22.91,22.19,22.59
a9b15094d9f44d2c89faf05252547046,scene-0916,day,pedestrian,human.pedestrian.adult,person,v60-80,160.0,14.95,14.46,1.43,False,14.33,14.57,14.81,15.98,14.33,15.11
13450209d238498bb7ad63928f2d6878,scene-0916,day,parked two-wheeler,vehicle.motorcycle,motorcycle,v80-100,77.9,21.57,20.65,0.81,True,20.31,20.53,20.75,22.38,20.31,21.44
13450209d238498bb7ad63928f2d6878,scene-0916,day,car,vehicle.car,car,v80-100,115.4,21.07,18.81,5.46,False,17.96,18.12,18.29,19.74,17.96,18.7
13450209d238498bb7ad63928f2d6878,scene-0916,day,car,vehicle.car,car,v60-80,117.2,21.91,19.78,7.79,False,18.02,18.45,18.87,20.23,18.02,18.74
13450209d238498bb7ad63928f2d6878,scene-0916,day,car,vehicle.car,car,v60-80,108.9,23.26,21.05,10.26,False,19.13,19.48,19.82,20.77,19.13,19.77
13450209d238498bb7ad63928f2d6878,scene-0916,day,parked two-wheeler,vehicle.motorcycle,motorcycle,v60-80,138.7,16.99,15.67,5.86,False,12.13,13.61,15.08,16.57,12.13,13.79
69c59330a61e4f078b81b475b480912e,scene-0916,day,parked two-wheeler,vehicle.motorcycle,motorcycle,v80-100,87.9,19.28,18.36,0.0,True,17.63,18.31,19.0,20.42,17.63,18.65
69c59330a61e4f078b81b475b480912e,scene-0916,day,car,vehicle.car,car,v80-100,129.3,18.87,16.61,4.6,False,15.91,16.13,16.36,17.81,15.91,16.53
69c59330a61e4f078b81b475b480912e,scene-0916,day,car,vehicle.car,car,v60-80,130.8,19.78,17.66,6.95,False,16.34,16.68,17.01,18.37,16.34,16.89
69c59330a61e4f078b81b475b480912e,scene-0916,day,parked two-wheeler,vehicle.motorcycle,motorcycle,v60-80,136.5,13.55,12.6,3.66,False,12.23,12.46,12.69,13.73,12.23,12.94
69c59330a61e4f078b81b475b480912e,scene-0916,day,car,vehicle.car,car,v60-80,119.6,21.22,19.02,9.34,False,17.56,17.82,18.08,19.02,17.56,17.97
69c59330a61e4f078b81b475b480912e,scene-0916,day,parked two-wheeler,vehicle.motorcycle,motorcycle,v60-80,169.2,14.93,13.64,6.68,False,10.13,11.7,13.27,14.12,10.13,12.12
b81d7ac6a39242999018827cf77ade26,scene-0916,day,car,vehicle.car,car,v80-100,146.5,16.68,14.42,3.06,False,14.11,14.34,14.58,15.54,14.11,14.87
b81d7ac6a39242999018827cf77ade26,scene-0916,day,car,vehicle.car,car,v60-80,146.4,17.67,15.56,5.5,False,14.67,14.96,15.25,16.14,14.67,15.36
b81d7ac6a39242999018827cf77ade26,scene-0916,day,car,vehicle.car,car,v60-80,131.7,19.19,17.01,7.92,False,15.33,15.68,16.03,16.76,15.33,16.05
b81d7ac6a39242999018827cf77ade26,scene-0916,day,parked two-wheeler,vehicle.motorcycle,motorcycle,v80-100,101.1,17.06,16.14,0.92,True,16.32,16.7,17.09,17.92,16.32,17.0
b81d7ac6a39242999018827cf77ade26,scene-0916,day,parked two-wheeler,vehicle.motorcycle,motorcycle,v60-80,174.3,11.53,10.59,4.65,False,10.24,10.43,10.61,11.29,10.24,10.78
6e98b1d0e18a428b869961943f871a83,scene-0916,day,car,vehicle.car,car,v80-100,168.3,14.57,12.31,1.18,True,12.33,12.55,12.78,13.06,12.33,12.82
6e98b1d0e18a428b869961943f871a83,scene-0916,day,parked two-wheeler,vehicle.motorcycle,motorcycle,v80-100,118.2,14.97,14.06,2.52,False,14.34,14.41,14.34,14.85,14.49,14.59
6e98b1d0e18a428b869961943f871a83,scene-0916,day,car,vehicle.car,car,v60-80,164.1,15.62,13.5,3.68,False,12.95,13.23,13.52,13.77,12.95,13.4
6e98b1d0e18a428b869961943f871a83,scene-0916,day,car,vehicle.car,car,v40-60,145.3,17.17,15.0,5.97,False,13.97,14.22,14.47,14.64,13.97,14.42
6e98b1d0e18a428b869961943f871a83,scene-0916,day,car,vehicle.car,car,v60-80,165.0,18.37,15.96,8.27,False,14.94,15.4,15.87,16.07,14.94,15.53
919ee11e9920472280b9ee1247298cf2,scene-0916,day,parked two-wheeler,vehicle.motorcycle,motorcycle,v80-100,145.8,13.06,12.13,4.59,False,11.51,11.76,11.51,11.73,12.01,12.03
919ee11e9920472280b9ee1247298cf2,scene-0916,day,car,vehicle.car,car,v80-100,197.4,12.47,10.22,0.0,True,10.91,10.96,10.91,10.98,11.0,11.18
919ee11e9920472280b9ee1247298cf2,scene-0916,day,car,vehicle.car,car,v60-80,177.2,16.43,14.07,5.49,False,13.4,13.48,13.55,13.64,13.4,13.71
919ee11e9920472280b9ee1247298cf2,scene-0916,day,car,vehicle.car,car,v60-80,185.5,13.55,11.44,1.15,True,11.62,11.74,11.87,11.87,11.62,11.91
919ee11e9920472280b9ee1247298cf2,scene-0916,day,car,vehicle.car,car,v40-60,159.8,15.11,12.97,3.26,False,12.84,12.96,12.88,12.98,12.84,13.21
d008df699f0e431db7664b16ee57de2f,scene-0916,day,car,vehicle.car,car,v80-100,127.5,21.09,19.4,10.07,False,17.09,17.55,18.01,18.15,17.09,17.59
d008df699f0e431db7664b16ee57de2f,scene-0916,day,car,vehicle.car,car,v80-100,246.7,10.52,8.27,0.53,True,8.61,8.93,8.61,8.71,8.92,9.09
d008df699f0e431db7664b16ee57de2f,scene-0916,day,car,vehicle.car,car,v60-80,217.7,11.55,9.43,0.0,True,10.13,10.16,10.02,10.07,10.18,10.25
d008df699f0e431db7664b16ee57de2f,scene-0916,day,car,vehicle.car,car,v60-80,190.4,14.46,12.13,2.16,False,12.56,12.57,12.49,12.53,12.58,12.76
d008df699f0e431db7664b16ee57de2f,scene-0916,day,car,vehicle.car,car,v40-60,179.1,13.07,10.93,0.11,True,10.36,10.41,10.46,10.86,10.36,10.54
93c6187bdede4f16ad577f8d02086c7c,scene-0916,day,car,vehicle.car,car,v80-100,125.7,19.33,17.67,5.98,False,16.24,16.29,16.24,16.71,16.34,16.39
93c6187bdede4f16ad577f8d02086c7c,scene-0916,day,car,vehicle.car,car,v60-80,277.1,9.73,7.6,0.79,True,8.06,8.15,8.06,8.07,8.13,8.19
93c6187bdede4f16ad577f8d02086c7c,scene-0916,day,car,vehicle.car,car,v60-80,214.1,12.54,10.2,0.0,True,10.67,10.72,10.78,10.86,10.67,10.87
93c6187bdede4f16ad577f8d02086c7c,scene-0916,day,car,vehicle.car,car,v80-100,349.0,8.86,6.64,2.36,False,6.21,6.53,6.21,6.3,6.4,6.62
93c6187bdede4f16ad577f8d02086c7c,scene-0916,day,car,vehicle.car,car,v40-60,212.4,11.13,8.98,0.0,True,9.68,9.72,9.61,9.64,9.76,9.82
93c6187bdede4f16ad577f8d02086c7c,scene-0916,day,car,vehicle.car,car,v60-80,114.6,24.6,23.2,10.69,False,17.87,18.48,19.08,20.1,17.87,18.66
18a34926d51e46a9b9f47aa2011b83d7,scene-0916,day,car,vehicle.car,car,v80-100,128.0,17.45,15.81,1.15,True,15.2,15.56,15.93,16.16,15.2,15.66
18a34926d51e46a9b9f47aa2011b83d7,scene-0916,day,car,vehicle.car,car,v60-80,259.0,10.67,8.27,0.0,True,8.9,8.91,8.9,9.04,8.92,9.05
18a34926d51e46a9b9f47aa2011b83d7,scene-0916,day,car,vehicle.car,car,v60-80,110.6,22.68,21.31,4.98,False,19.37,19.77,20.18,20.32,19.37,19.86
18a34926d51e46a9b9f47aa2011b83d7,scene-0916,day,car,vehicle.car,car,v40-60,279.2,9.34,7.15,1.45,False,7.29,7.36,7.42,7.54,7.29,7.46
18a34926d51e46a9b9f47aa2011b83d7,scene-0916,day,car,vehicle.car,car,v80-100,425.4,8.13,6.02,2.79,False,5.63,5.63,5.63,5.75,5.64,5.64
18a34926d51e46a9b9f47aa2011b83d7,scene-0916,day,truck,vehicle.truck,truck,v60-80,94.7,36.48,35.11,12.48,False,30.13,30.8,29.71,30.59,29.26,29.7
17194bb665bf45c3af0284287c1f3b4b,scene-0916,day,car,vehicle.car,car,v80-100,142.0,15.32,13.66,0.0,True,13.45,13.88,14.3,14.52,13.45,13.96
17194bb665bf45c3af0284287c1f3b4b,scene-0916,day,car,vehicle.car,car,v80-100,40.0,57.3,55.2,22.2,False,45.0,48.95,49.8,51.35,45.0,45.28
17194bb665bf45c3af0284287c1f3b4b,scene-0916,day,car,vehicle.car,car,v40-60,54.3,44.9,43.82,19.84,False,27.93,33.12,34.7,36.51,27.93,30.36
17194bb665bf45c3af0284287c1f3b4b,scene-0916,day,car,vehicle.car,car,v60-80,371.2,8.91,6.39,2.1,False,6.2,6.33,6.46,6.57,6.2,6.38
17194bb665bf45c3af0284287c1f3b4b,scene-0916,day,car,vehicle.car,car,v60-80,113.8,20.59,19.21,0.0,True,17.72,18.59,19.47,19.64,17.72,18.48
17194bb665bf45c3af0284287c1f3b4b,scene-0916,day,car,vehicle.car,car,v40-60,37.8,68.39,66.23,28.88,False,46.65,51.94,57.22,57.27,46.65,47.45
17194bb665bf45c3af0284287c1f3b4b,scene-0916,day,truck,vehicle.truck,truck,v40-60,91.1,34.37,33.01,3.35,False,21.93,27.43,31.83,32.38,21.93,24.91
207924ae382b416b8f4fb04b68e61bd7,scene-0916,day,car,vehicle.car,car,v80-100,173.2,13.2,11.47,2.24,False,11.43,11.64,11.86,11.91,11.43,11.72
207924ae382b416b8f4fb04b68e61bd7,scene-0916,day,car,vehicle.car,car,v80-100,38.7,55.21,53.09,10.25,False,45.53,49.16,50.96,51.88,45.53,47.34
207924ae382b416b8f4fb04b68e61bd7,scene-0916,day,car,vehicle.car,car,v60-80,178.5,14.63,13.27,5.38,False,10.74,11.06,11.38,11.6,10.74,11.27
207924ae382b416b8f4fb04b68e61bd7,scene-0916,day,car,vehicle.car,car,v60-80,127.3,18.43,17.0,1.17,True,16.37,16.8,17.24,17.36,16.37,16.88
207924ae382b416b8f4fb04b68e61bd7,scene-0916,day,car,vehicle.car,car,v60-80,99.8,23.78,22.67,7.47,False,15.36,17.62,19.87,20.21,15.36,17.07
207924ae382b416b8f4fb04b68e61bd7,scene-0916,day,car,vehicle.car,car,v40-60,51.4,42.76,41.64,10.8,False,28.19,30.26,32.27,32.3,28.19,30.2
207924ae382b416b8f4fb04b68e61bd7,scene-0916,day,car,vehicle.car,car,v40-60,36.2,66.24,64.06,14.62,False,47.67,53.22,58.77,60.25,47.67,49.77
207924ae382b416b8f4fb04b68e61bd7,scene-0916,day,truck,vehicle.truck,truck,v40-60,94.4,32.13,30.76,0.0,True,26.47,27.66,28.85,29.65,26.47,28.91
bae2946bd7c04bf190538513ec180ecc,scene-0916,day,car,vehicle.car,car,v80-100,227.9,11.25,9.39,3.84,False,8.7,8.73,8.77,8.95,8.7,8.82
bae2946bd7c04bf190538513ec180ecc,scene-0916,day,car,vehicle.car,car,v60-80,201.5,12.57,11.08,3.86,False,9.85,9.93,9.85,10.18,9.92,9.97
bae2946bd7c04bf190538513ec180ecc,scene-0916,day,car,vehicle.car,car,v80-100,39.6,53.01,50.87,3.85,False,44.43,48.13,51.83,52.58,44.43,48.33
bae2946bd7c04bf190538513ec180ecc,scene-0916,day,car,vehicle.car,car,v60-80,150.6,16.29,14.78,3.45,False,13.94,14.04,14.15,14.46,13.94,14.35
bae2946bd7c04bf190538513ec180ecc,scene-0916,day,car,vehicle.car,car,v60-80,105.6,21.59,20.43,4.88,False,14.3,16.52,18.74,19.35,14.3,15.84
bae2946bd7c04bf190538513ec180ecc,scene-0916,day,car,vehicle.car,car,v80-100,36.8,55.77,53.34,2.48,False,54.52,56.98,59.44,59.55,54.52,56.38
bae2946bd7c04bf190538513ec180ecc,scene-0916,day,car,vehicle.car,car,v40-60,36.8,63.97,61.78,6.84,False,48.25,55.77,62.69,62.99,48.25,55.54
bae2946bd7c04bf190538513ec180ecc,scene-0916,day,car,vehicle.car,car,v40-60,52.7,40.5,39.35,5.99,False,28.29,31.07,33.86,34.14,28.29,30.67
bae2946bd7c04bf190538513ec180ecc,scene-0916,day,truck,vehicle.truck,truck,v60-80,102.7,29.85,28.45,2.23,False,26.4,27.02,26.4,27.93,27.63,28.82
65ca09683fc74f8891762c2f072d260a,scene-0916,day,car,vehicle.car,car,v60-80,182.8,14.09,12.47,4.03,False,11.52,11.7,11.52,12.17,11.82,11.85
65ca09683fc74f8891762c2f072d260a,scene-0916,day,car,vehicle.car,car,v80-100,41.3,50.46,48.32,1.94,False,43.77,46.56,49.36,49.97,43.77,46.81
65ca09683fc74f8891762c2f072d260a,scene-0916,day,car,vehicle.car,car,v40-60,55.6,38.1,36.92,4.8,False,32.09,32.67,33.24,34.59,32.09,32.61
65ca09683fc74f8891762c2f072d260a,scene-0916,day,car,vehicle.car,car,v60-80,257.1,10.48,8.78,3.47,False,7.84,7.92,7.84,8.22,7.99,8.06
65ca09683fc74f8891762c2f072d260a,scene-0916,day,car,vehicle.car,car,v60-80,118.5,19.25,18.02,4.13,False,14.65,15.79,16.93,17.18,14.65,15.71
65ca09683fc74f8891762c2f072d260a,scene-0916,day,car,vehicle.car,car,v40-60,38.0,61.54,59.34,4.73,False,47.81,54.78,61.74,62.44,47.81,53.94
65ca09683fc74f8891762c2f072d260a,scene-0916,day,car,vehicle.car,car,v80-100,38.5,53.36,50.93,4.54,False,54.98,55.83,56.67,57.19,54.98,57.35
65ca09683fc74f8891762c2f072d260a,scene-0916,day,truck,vehicle.truck,truck,v60-80,112.5,27.43,26.01,3.08,False,24.53,24.58,24.62,26.15,24.53,25.49
b474724af63f4a108be0900675dbab6f,scene-0916,day,car,vehicle.car,car,v40-60,59.7,35.59,34.39,4.66,False,29.25,30.79,32.33,32.77,29.25,31.54
b474724af63f4a108be0900675dbab6f,scene-0916,day,car,vehicle.car,car,v60-80,232.9,11.85,10.1,4.05,False,9.25,9.32,9.25,9.42,9.4,9.47
b474724af63f4a108be0900675dbab6f,scene-0916,day,car,vehicle.car,car,v80-100,43.6,47.88,45.74,1.76,False,41.12,44.26,46.35,46.88,41.12,44.66
b474724af63f4a108be0900675dbab6f,scene-0916,day,car,vehicle.car,car,v60-80,138.9,16.85,15.53,4.06,False,13.95,14.15,14.35,14.65,13.95,14.4
b474724af63f4a108be0900675dbab6f,scene-0916,day,truck,vehicle.truck,truck,v60-80,124.7,24.96,23.46,3.19,False,21.18,21.89,22.6,22.95,21.18,22.46
b474724af63f4a108be0900675dbab6f,scene-0916,day,car,vehicle.car,car,v80-100,40.5,50.83,48.4,4.71,False,51.11,52.72,54.22,54.27,51.11,54.17
b474724af63f4a108be0900675dbab6f,scene-0916,day,car,vehicle.car,car,v40-60,39.7,59.0,56.8,4.69,False,47.56,54.98,59.45,60.93,47.56,53.42
ab7e9c8335034420a1012fd5d165c099,scene-0916,day,car,vehicle.car,car,v60-80,169.8,14.44,13.01,3.99,False,11.89,12.1,11.89,12.12,12.3,12.34
ab7e9c8335034420a1012fd5d165c099,scene-0916,day,car,vehicle.car,car,v40-60,65.2,33.03,31.81,4.53,False,28.8,30.31,31.7,31.77,28.8,30.34
ab7e9c8335034420a1012fd5d165c099,scene-0916,day,car,vehicle.car,car,v80-100,46.2,45.26,43.11,1.73,False,39.32,42.0,44.11,44.4,39.32,42.55
ab7e9c8335034420a1012fd5d165c099,scene-0916,day,car,vehicle.car,car,v80-100,42.8,48.26,45.8,4.74,False,47.67,49.25,49.28,50.05,47.67,50.14
ab7e9c8335034420a1012fd5d165c099,scene-0916,day,car,vehicle.car,car,v40-60,104.5,20.99,19.69,4.02,False,14.89,17.02,19.14,19.33,14.89,17.23
ab7e9c8335034420a1012fd5d165c099,scene-0916,day,truck,vehicle.truck,truck,v80-100,141.4,22.48,20.87,3.3,False,18.8,19.58,20.36,20.41,18.8,19.98
ab7e9c8335034420a1012fd5d165c099,scene-0916,day,car,vehicle.car,car,v40-60,41.7,56.41,54.2,4.68,False,44.4,50.36,54.74,55.53,44.4,49.64
ab7e9c8335034420a1012fd5d165c099,scene-0916,day,car,vehicle.car,car,v60-80,325.8,9.75,7.81,4.08,False,6.74,6.85,6.74,6.99,6.84,6.9
b45600798b1f46658b708b65fef08c1e,scene-0916,day,car,vehicle.car,car,v60-80,217.5,12.07,10.48,4.03,False,9.45,9.63,9.45,9.8,9.81,9.88
b45600798b1f46658b708b65fef08c1e,scene-0916,day,car,vehicle.car,car,v40-60,121.0,18.43,17.06,4.03,False,14.98,15.73,16.49,16.8,14.98,16.05
b45600798b1f46658b708b65fef08c1e,scene-0916,day,car,vehicle.car,car,v80-100,49.4,42.55,40.4,1.84,False,37.27,40.18,41.99,42.54,37.27,40.7
b45600798b1f46658b708b65fef08c1e,scene-0916,day,car,vehicle.car,car,v80-100,44.9,45.61,43.15,4.58,False,44.9,47.04,47.01,48.09,44.9,48.23
b45600798b1f46658b708b65fef08c1e,scene-0916,day,car,vehicle.car,car,v40-60,70.9,30.39,29.15,4.51,False,27.25,28.0,28.75,29.16,27.25,28.72
b45600798b1f46658b708b65fef08c1e,scene-0916,day,truck,vehicle.truck,truck,v80-100,161.7,19.92,18.21,3.32,False,17.16,17.66,18.16,18.23,17.16,17.88
b45600798b1f46658b708b65fef08c1e,scene-0916,day,car,vehicle.car,car,v40-60,43.8,53.73,51.52,4.86,False,40.79,49.83,53.66,56.27,40.79,49.78
b45600798b1f46658b708b65fef08c1e,scene-0916,day,car,vehicle.car,car,v40-60,40.8,55.67,53.5,0.26,True,47.26,50.75,49.47,51.86,47.26,52.11
d78259c8cb0d4cfc9a0ccd43b1ebd994,scene-0916,day,car,vehicle.car,car,v40-60,147.1,15.82,14.35,4.03,False,13.36,13.36,13.36,13.81,13.37,13.73
d78259c8cb0d4cfc9a0ccd43b1ebd994,scene-0916,day,car,vehicle.car,car,v80-100,53.1,39.72,37.56,1.9,False,35.64,37.05,38.35,38.41,35.64,37.92
d78259c8cb0d4cfc9a0ccd43b1ebd994,scene-0916,day,car,vehicle.car,car,v80-100,48.0,42.88,40.42,4.44,False,42.99,43.53,43.23,43.66,42.99,45.03
d78259c8cb0d4cfc9a0ccd43b1ebd994,scene-0916,day,truck,vehicle.truck,truck,v80-100,191.9,17.31,15.46,3.36,False,14.58,14.74,14.9,15.16,14.58,15.21
d78259c8cb0d4cfc9a0ccd43b1ebd994,scene-0916,day,car,vehicle.car,car,v40-60,78.9,27.67,26.39,4.59,False,25.13,26.29,27.45,27.61,25.13,26.84
d78259c8cb0d4cfc9a0ccd43b1ebd994,scene-0916,day,car,vehicle.car,car,v40-60,46.4,50.95,48.73,5.01,False,41.48,47.53,50.37,51.98,41.48,49.19
d78259c8cb0d4cfc9a0ccd43b1ebd994,scene-0916,day,car,vehicle.car,car,v40-60,43.1,52.85,50.69,0.14,True,44.71,46.22,46.96,47.34,44.71,47.88
d78259c8cb0d4cfc9a0ccd43b1ebd994,scene-0916,day,car,vehicle.car,car,v40-60,98.2,23.02,21.61,4.63,False,20.82,21.71,22.61,22.71,20.82,22.45
e8349613902547b5b0911759fa79efaa,scene-0916,day,car,vehicle.car,car,v40-60,186.3,13.26,11.64,3.89,False,10.96,11.2,10.96,11.38,11.44,11.54
e8349613902547b5b0911759fa79efaa,scene-0916,day,car,vehicle.car,car,v80-100,57.4,36.88,34.72,1.52,False,32.59,34.56,35.65,36.09,32.59,34.71
e8349613902547b5b0911759fa79efaa,scene-0916,day,car,vehicle.car,car,v80-100,51.6,40.06,37.59,4.88,False,39.18,40.34,39.56,40.53,39.18,40.95
e8349613902547b5b0911759fa79efaa,scene-0916,day,truck,vehicle.truck,truck,v80-100,238.2,14.73,12.72,3.63,False,12.37,12.54,12.7,12.97,12.37,12.62
e8349613902547b5b0911759fa79efaa,scene-0916,day,car,vehicle.car,car,v40-60,88.9,24.92,23.6,4.32,False,22.39,23.45,24.52,24.97,22.39,24.05
e8349613902547b5b0911759fa79efaa,scene-0916,day,car,vehicle.car,car,v40-60,49.3,48.13,45.9,4.52,False,38.89,44.52,47.4,48.77,38.89,46.14
e8349613902547b5b0911759fa79efaa,scene-0916,day,car,vehicle.car,car,v40-60,45.8,49.97,47.81,0.63,True,41.02,43.83,42.56,44.59,41.02,44.82
e8349613902547b5b0911759fa79efaa,scene-0916,day,car,vehicle.car,car,v60-80,113.8,20.33,18.82,4.39,False,19.34,19.38,19.42,19.55,19.34,20.55
2d7914ad33d64062806d96e7c1fd3476,scene-0916,day,car,vehicle.car,car,v80-100,55.5,37.22,34.75,5.38,False,34.89,36.18,36.94,37.2,34.89,36.78
2d7914ad33d64062806d96e7c1fd3476,scene-0916,day,car,vehicle.car,car,v80-100,62.6,33.99,31.82,1.06,True,29.71,31.46,33.09,33.15,29.71,31.39
2d7914ad33d64062806d96e7c1fd3476,scene-0916,day,truck,vehicle.truck,truck,v80-100,311.9,12.24,10.02,3.78,False,9.56,9.64,9.56,9.91,9.71,9.85
2d7914ad33d64062806d96e7c1fd3476,scene-0916,day,car,vehicle.car,car,v40-60,250.2,10.78,8.96,3.75,False,7.84,8.02,7.84,8.23,8.2,8.27
2d7914ad33d64062806d96e7c1fd3476,scene-0916,day,car,vehicle.car,car,v40-60,100.5,22.16,20.78,4.04,False,19.01,20.11,21.2,21.7,19.01,20.48
2d7914ad33d64062806d96e7c1fd3476,scene-0916,day,car,vehicle.car,car,v40-60,52.4,45.27,43.03,3.96,False,37.26,41.41,44.1,44.84,37.26,42.69
2d7914ad33d64062806d96e7c1fd3476,scene-0916,day,car,vehicle.car,car,v60-80,133.3,17.63,16.01,4.13,False,16.32,16.52,16.32,16.62,16.72,17.09
2d7914ad33d64062806d96e7c1fd3476,scene-0916,day,car,vehicle.car,car,v40-60,48.7,47.1,44.94,1.21,False,36.76,39.59,40.05,41.23,36.76,39.38
2d7914ad33d64062806d96e7c1fd3476,scene-0916,day,car,vehicle.car,car,v60-80,60.3,39.92,37.54,8.54,False,41.43,41.92,38.96,40.69,41.43,43.2
b886a7f74e7c4b78ae3b626c2e0b67f4,scene-0916,day,car,vehicle.car,car,v80-100,165.7,14.83,13.07,3.98,False,13.0,13.09,13.0,13.29,13.19,13.47
b886a7f74e7c4b78ae3b626c2e0b67f4,scene-0916,day,car,vehicle.car,car,v80-100,60.5,34.22,31.74,5.61,False,31.71,32.77,32.41,33.11,31.71,34.17
b886a7f74e7c4b78ae3b626c2e0b67f4,scene-0916,day,car,vehicle.car,car,v80-100,69.3,30.93,28.75,0.83,True,26.99,28.48,29.97,30.15,26.99,29.02
b886a7f74e7c4b78ae3b626c2e0b67f4,scene-0916,day,car,vehicle.car,car,v60-80,118.2,19.25,17.8,3.9,False,15.21,16.71,18.22,18.48,15.21,17.38
b886a7f74e7c4b78ae3b626c2e0b67f4,scene-0916,day,car,vehicle.car,car,v60-80,65.7,37.01,34.61,8.34,False,36.28,36.45,35.87,36.24,36.28,38.49
b886a7f74e7c4b78ae3b626c2e0b67f4,scene-0916,day,car,vehicle.car,car,v40-60,56.2,42.24,39.99,3.69,False,35.86,38.92,41.98,42.16,35.86,40.5
b886a7f74e7c4b78ae3b626c2e0b67f4,scene-0916,day,car,vehicle.car,car,v40-60,52.4,44.05,41.88,1.5,False,34.56,36.84,36.47,37.8,34.56,37.89
b886a7f74e7c4b78ae3b626c2e0b67f4,scene-0916,day,car,vehicle.car,car,v80-100,57.7,42.68,40.39,12.89,False,41.04,44.27,40.95,44.23,41.04,45.45
b886a7f74e7c4b78ae3b626c2e0b67f4,scene-0916,day,truck,vehicle.truck,car,v80-100,464.4,9.82,7.32,3.83,False,6.3,6.32,6.34,6.7,6.3,6.37
60c424c157b54829ba532e11fe66363c,scene-0916,day,car,vehicle.car,car,v80-100,67.1,31.24,28.75,5.83,False,27.86,29.09,29.6,29.96,27.86,29.8
60c424c157b54829ba532e11fe66363c,scene-0916,day,car,vehicle.car,car,v80-100,217.8,12.16,10.22,3.9,False,9.8,9.82,9.85,10.1,9.8,10.14
60c424c157b54829ba532e11fe66363c,scene-0916,day,car,vehicle.car,car,v80-100,77.5,27.92,25.72,0.67,True,24.35,25.5,26.64,26.89,24.35,25.79
60c424c157b54829ba532e11fe66363c,scene-0916,day,car,vehicle.car,car,v60-80,142.7,16.39,14.86,3.78,False,14.04,14.38,14.73,14.87,14.04,14.75
60c424c157b54829ba532e11fe66363c,scene-0916,day,car,vehicle.car,car,v80-100,71.8,34.12,31.7,8.15,False,30.77,31.45,32.12,32.89,30.77,33.18
60c424c157b54829ba532e11fe66363c,scene-0916,day,car,vehicle.car,car,v40-60,56.6,40.95,38.79,1.74,False,32.35,33.39,33.23,33.83,32.35,33.95
60c424c157b54829ba532e11fe66363c,scene-0916,day,car,vehicle.car,car,v40-60,60.6,39.22,36.96,3.44,False,28.02,32.9,37.34,37.56,28.02,33.91
60c424c157b54829ba532e11fe66363c,scene-0916,day,car,vehicle.car,car,v80-100,62.9,39.83,37.53,13.18,False,39.86,41.98,38.8,41.45,39.86,42.66
e2eb142fa3cf467a8ec42faa6a051bb0,scene-0916,day,car,vehicle.car,car,v60-80,178.4,13.63,11.98,3.7,False,11.47,11.54,11.47,12.03,11.61,11.72
e2eb142fa3cf467a8ec42faa6a051bb0,scene-0916,day,car,vehicle.car,car,v80-100,78.9,31.29,28.85,8.0,False,28.73,28.95,29.17,29.78,28.73,30.18
e2eb142fa3cf467a8ec42faa6a051bb0,scene-0916,day,car,vehicle.car,car,v80-100,74.8,28.37,25.87,5.91,False,25.37,26.38,26.81,27.1,25.37,27.21
e2eb142fa3cf467a8ec42faa6a051bb0,scene-0916,day,car,vehicle.car,car,v80-100,87.8,24.91,22.7,0.52,True,22.15,23.12,24.09,24.32,22.15,23.48
e2eb142fa3cf467a8ec42faa6a051bb0,scene-0916,day,car,vehicle.car,car,v40-60,65.4,36.25,33.98,3.28,False,24.57,29.66,34.76,35.27,24.57,29.85
e2eb142fa3cf467a8ec42faa6a051bb0,scene-0916,day,car,vehicle.car,car,v40-60,61.3,37.98,35.83,1.92,False,29.37,30.77,30.53,31.35,29.37,31.23
e2eb142fa3cf467a8ec42faa6a051bb0,scene-0916,day,car,vehicle.car,car,v80-100,68.7,37.07,34.75,13.4,False,35.83,36.92,34.88,36.45,35.83,38.41
aa8b56c5feb442dab1d95a62b8509e13,scene-0916,day,car,vehicle.car,car,v80-100,88.7,28.42,25.96,7.87,False,25.67,25.71,25.75,26.05,25.67,26.79
aa8b56c5feb442dab1d95a62b8509e13,scene-0916,day,car,vehicle.car,car,v80-100,84.8,25.5,23.0,5.98,False,22.68,23.42,24.16,24.41,22.68,24.05
aa8b56c5feb442dab1d95a62b8509e13,scene-0916,day,car,vehicle.car,car,v80-100,241.7,11.0,9.18,3.65,False,8.88,9.01,8.88,9.52,9.14,9.21
aa8b56c5feb442dab1d95a62b8509e13,scene-0916,day,car,vehicle.car,car,v80-100,101.2,21.93,19.71,0.46,True,19.61,20.36,21.11,21.62,19.61,20.87
aa8b56c5feb442dab1d95a62b8509e13,scene-0916,day,car,vehicle.car,car,v40-60,71.5,33.29,31.0,3.19,False,24.75,28.38,31.72,31.86,24.75,27.91
aa8b56c5feb442dab1d95a62b8509e13,scene-0916,day,car,vehicle.car,car,v40-60,66.9,35.01,32.85,1.98,False,25.71,27.12,28.52,28.52,25.71,27.87
11693aefd68c4f70ac76775f4a31026d,scene-0916,day,car,vehicle.car,car,v80-100,97.3,22.76,20.25,5.79,False,19.38,20.35,20.57,20.95,19.38,20.91
11693aefd68c4f70ac76775f4a31026d,scene-0916,day,car,vehicle.car,car,v80-100,101.0,25.75,23.27,8.06,False,21.46,21.91,21.46,21.73,22.36,23.0
11693aefd68c4f70ac76775f4a31026d,scene-0916,day,car,vehicle.car,car,v80-100,118.7,19.07,16.83,0.61,True,17.23,17.58,17.93,18.13,17.23,18.09
11693aefd68c4f70ac76775f4a31026d,scene-0916,day,car,vehicle.car,car,v40-60,72.9,32.16,30.01,1.71,False,22.69,24.15,24.52,25.06,22.69,24.57
11693aefd68c4f70ac76775f4a31026d,scene-0916,day,car,vehicle.car,car,v40-60,78.9,30.45,28.14,3.43,False,22.31,24.97,27.63,27.96,22.31,25.23
11693aefd68c4f70ac76775f4a31026d,scene-0916,day,car,vehicle.car,car,v80-100,84.9,31.75,29.37,13.12,False,29.43,30.45,28.4,29.93,29.43,31.81
f2b6c088d189439aa7bb2460d1db05da,scene-0916,day,car,vehicle.car,car,v80-100,117.4,23.36,20.86,8.76,False,19.25,20.02,18.94,19.09,20.78,21.37
f2b6c088d189439aa7bb2460d1db05da,scene-0916,day,car,vehicle.car,car,v80-100,112.0,20.13,17.62,5.08,False,17.38,18.15,17.94,18.43,17.38,18.81
f2b6c088d189439aa7bb2460d1db05da,scene-0916,day,car,vehicle.car,car,v80-100,142.4,16.41,14.14,1.14,True,15.17,15.21,15.25,15.33,15.17,15.75
f2b6c088d189439aa7bb2460d1db05da,scene-0916,day,car,vehicle.car,car,v40-60,54.1,37.36,35.23,13.06,False,25.23,27.01,28.79,31.54,25.23,26.98
f2b6c088d189439aa7bb2460d1db05da,scene-0916,day,car,vehicle.car,car,v80-100,93.1,29.3,26.91,12.25,False,26.85,27.94,25.89,27.45,26.85,29.19
f2b6c088d189439aa7bb2460d1db05da,scene-0916,day,car,vehicle.car,car,v40-60,79.8,29.45,27.3,0.82,True,19.9,21.4,21.55,22.23,19.9,21.94
f2b6c088d189439aa7bb2460d1db05da,scene-0916,day,car,vehicle.car,car,v40-60,87.7,27.8,25.48,4.3,False,26.02,26.2,25.92,26.15,26.02,26.69
7d31b274752d4b96a4e2fcb3eda3e1e1,scene-0916,day,car,vehicle.car,car,v80-100,60.5,35.21,33.07,15.22,False,29.26,29.39,29.26,29.47,29.51,30.23
7d31b274752d4b96a4e2fcb3eda3e1e1,scene-0916,day,car,vehicle.car,car,v80-100,174.8,14.08,11.78,2.15,False,12.36,12.44,12.52,12.59,12.36,12.52
7d31b274752d4b96a4e2fcb3eda3e1e1,scene-0916,day,car,vehicle.car,car,v80-100,128.5,17.72,15.21,3.65,False,15.6,16.17,15.99,16.36,15.6,16.75
7d31b274752d4b96a4e2fcb3eda3e1e1,scene-0916,day,car,vehicle.car,car,v80-100,100.4,27.06,24.65,10.65,False,24.93,26.08,24.93,26.08,24.93,26.57
7d31b274752d4b96a4e2fcb3eda3e1e1,scene-0916,day,car,vehicle.car,car,v40-60,87.6,27.03,24.89,0.0,True,18.11,19.25,19.46,19.93,18.11,19.39
4cb2e5f01be94ffeb22cabde23ba5b46,scene-0916,day,car,vehicle.car,car,v80-100,149.1,15.4,12.89,1.61,False,13.65,14.11,14.05,14.3,13.65,14.3
4cb2e5f01be94ffeb22cabde23ba5b46,scene-0916,day,car,vehicle.car,car,v80-100,228.6,12.06,9.68,3.5,False,9.51,9.57,9.49,9.56,9.43,9.47
4cb2e5f01be94ffeb22cabde23ba5b46,scene-0916,day,car,vehicle.car,car,v40-60,114.9,23.46,21.06,8.45,False,20.43,20.89,20.43,20.66,20.47,20.91
4cb2e5f01be94ffeb22cabde23ba5b46,scene-0916,day,car,vehicle.car,car,v40-60,96.3,24.76,22.6,1.71,False,15.6,16.54,17.1,17.29,15.6,16.13
13b3848fba3442f58870664d973fcb3f,scene-0916,day,car,vehicle.car,car,v80-100,174.0,13.36,10.83,0.0,True,11.84,12.1,12.17,12.27,11.84,12.05
71f5065f435c47f5b208831524ae6a2a,scene-0916,day,car,vehicle.car,car,v80-100,214.9,11.39,8.84,0.0,True,9.69,9.83,9.69,9.82,9.91,9.94
71f5065f435c47f5b208831524ae6a2a,scene-0916,day,car,vehicle.car,car,v80-100,112.9,20.98,18.53,0.59,True,17.48,20.38,20.22,21.74,17.48,19.98
468dcee93e6049d8873706be7f9f3f89,scene-0916,day,car,vehicle.car,car,v80-100,294.4,9.67,7.14,1.79,False,7.08,7.29,7.08,7.3,7.22,7.37
4c5917e14f224fa2a0bd3bd182f8a3d8,scene-0916,day,car,vehicle.car,car,v80-100,144.0,17.42,14.98,4.39,False,15.28,15.95,15.28,15.95,16.44,16.54
fc5171d2a56e46a593f7d3e90e5de0ea,scene-1077,night,car,vehicle.car,car,v80-100,195.5,15.0,12.49,5.09,False,10.09,10.65,10.09,11.02,10.67,10.94
16575dd8d5f744bd88e65b2fc28f9cd1,scene-1077,night,car,vehicle.car,car,v80-100,35.5,69.11,66.55,16.6,False,46.81,52.41,57.46,57.73,46.81,53.77
16575dd8d5f744bd88e65b2fc28f9cd1,scene-1077,night,car,vehicle.car,car,v80-100,173.4,16.12,13.7,4.45,False,12.12,12.59,12.12,13.13,12.61,12.84
16575dd8d5f744bd88e65b2fc28f9cd1,scene-1077,night,car,vehicle.car,car,v80-100,58.9,38.6,36.02,0.0,True,29.72,33.4,37.08,37.36,29.72,34.45
018a53cd2bd24f8085c57f286f83440d,scene-1077,night,car,vehicle.car,car,v80-100,152.9,17.16,14.83,3.05,False,15.18,15.54,15.18,15.83,15.45,15.68
018a53cd2bd24f8085c57f286f83440d,scene-1077,night,car,vehicle.car,car,v80-100,50.9,43.26,40.83,6.29,False,38.34,38.34,38.34,38.38,38.35,38.51
018a53cd2bd24f8085c57f286f83440d,scene-1077,night,car,vehicle.car,car,v80-100,41.1,57.8,55.22,0.0,True,46.56,52.82,48.95,54.02,46.56,53.97
c976f61a80744991951456098cfde3c5,scene-1077,night,car,vehicle.car,car,v80-100,134.1,18.45,16.16,1.19,True,16.86,17.56,16.86,17.56,17.49,17.88
c976f61a80744991951456098cfde3c5,scene-1077,night,car,vehicle.car,car,v80-100,47.0,45.89,43.48,0.0,True,42.33,42.75,43.18,44.64,42.33,42.61
73b2d06d6b324d4db30ae507cb0385f7,scene-1077,night,car,vehicle.car,car,v80-100,126.6,19.45,17.17,0.0,True,17.87,18.27,17.87,18.27,17.16,17.91
73b2d06d6b324d4db30ae507cb0385f7,scene-1077,night,car,vehicle.car,car,v80-100,45.2,48.6,46.21,2.8,False,45.55,45.56,45.58,47.78,45.55,45.8
3a308cf9cf9a4e60a103da1b9edb4850,scene-1077,night,car,vehicle.car,car,v80-100,42.1,51.47,49.05,4.78,False,47.09,48.08,47.09,48.94,49.06,49.36
3a308cf9cf9a4e60a103da1b9edb4850,scene-1077,night,car,vehicle.car,car,v80-100,51.5,44.19,41.53,10.83,False,37.41,39.13,40.85,43.3,37.41,42.46
3a308cf9cf9a4e60a103da1b9edb4850,scene-1077,night,car,vehicle.car,car,v80-100,120.7,20.38,18.1,0.0,True,17.8,18.52,17.8,18.91,17.98,18.61
6f9c54f157b347619b5259cc8002fa11,scene-1077,night,car,vehicle.car,car,v80-100,39.8,54.07,51.76,5.24,False,50.18,52.52,50.18,52.97,52.47,53.66
6f9c54f157b347619b5259cc8002fa11,scene-1077,night,car,vehicle.car,car,v80-100,34.3,65.36,62.8,12.05,False,44.83,49.22,53.62,56.48,44.83,50.72
6f9c54f157b347619b5259cc8002fa11,scene-1077,night,car,vehicle.car,car,v80-100,26.7,80.45,78.16,12.65,False,51.63,53.94,56.25,57.11,51.63,56.45
6f9c54f157b347619b5259cc8002fa11,scene-1077,night,car,vehicle.car,car,v80-100,122.6,22.95,20.32,10.72,False,18.55,19.05,19.54,21.13,18.55,19.38
6f9c54f157b347619b5259cc8002fa11,scene-1077,night,car,vehicle.car,car,v80-100,48.0,48.69,46.07,10.38,False,40.99,41.93,42.87,46.17,40.99,44.38
6f9c54f157b347619b5259cc8002fa11,scene-1077,night,car,vehicle.car,car,v80-100,117.3,20.86,18.58,0.0,True,19.04,19.87,19.04,20.05,19.19,19.95
03ff7abc0df34efa8e6e61138af392e0,scene-1077,night,car,vehicle.car,car,v80-100,38.4,56.43,54.11,5.54,False,54.69,56.38,54.69,55.74,57.41,57.74
03ff7abc0df34efa8e6e61138af392e0,scene-1077,night,car,vehicle.car,car,v80-100,91.8,28.05,25.38,11.38,False,23.37,24.45,23.37,24.75,25.54,26.2
03ff7abc0df34efa8e6e61138af392e0,scene-1077,night,car,vehicle.car,car,v80-100,114.1,21.36,19.08,0.0,True,19.33,20.1,19.33,20.53,19.87,20.37
03ff7abc0df34efa8e6e61138af392e0,scene-1077,night,car,vehicle.car,car,v80-100,50.8,55.78,53.22,20.66,False,43.08,46.98,50.89,53.66,43.08,49.77
03ff7abc0df34efa8e6e61138af392e0,scene-1077,night,car,vehicle.car,car,v80-100,60.9,39.76,37.11,10.43,False,35.31,37.03,35.31,37.28,38.75,39.85
03ff7abc0df34efa8e6e61138af392e0,scene-1077,night,car,vehicle.car,car,v80-100,30.1,72.55,70.25,12.88,False,47.65,50.74,53.83,55.34,47.65,52.08
a4fd7545ff374e7697358dcac68180f0,scene-1077,night,car,vehicle.car,car,v80-100,64.7,46.4,43.83,20.78,False,36.57,37.65,36.57,40.53,38.73,39.14
a4fd7545ff374e7697358dcac68180f0,scene-1077,night,car,vehicle.car,car,v80-100,37.0,58.6,56.29,5.71,False,57.35,61.74,57.35,59.55,60.94,63.53
a4fd7545ff374e7697358dcac68180f0,scene-1077,night,car,vehicle.car,car,v80-100,34.3,74.78,72.28,22.0,False,40.85,41.85,42.85,48.04,40.85,44.0
a4fd7545ff374e7697358dcac68180f0,scene-1077,night,car,vehicle.car,car,v80-100,110.1,21.83,19.55,0.0,True,19.44,20.34,19.44,20.61,19.97,20.6
a4fd7545ff374e7697358dcac68180f0,scene-1077,night,car,vehicle.car,car,v80-100,48.1,48.55,45.96,12.15,False,38.66,39.86,41.07,44.26,38.66,41.65
ff63efe960494c74b5c77a1324af336d,scene-1077,night,car,vehicle.car,car,v80-100,39.7,66.0,63.49,23.59,False,44.88,45.54,44.88,50.98,46.2,48.95
ff63efe960494c74b5c77a1324af336d,scene-1077,night,car,vehicle.car,car,v80-100,58.4,40.74,38.13,12.09,False,36.42,36.7,36.97,40.08,36.42,38.19
ff63efe960494c74b5c77a1324af336d,scene-1077,night,car,vehicle.car,car,v80-100,108.5,22.13,19.85,0.0,True,20.84,21.48,20.84,22.47,21.26,21.69
ff63efe960494c74b5c77a1324af336d,scene-1077,night,car,vehicle.car,car,v80-100,121.8,23.34,20.65,10.49,False,18.92,20.47,18.92,20.9,20.78,21.4
ff63efe960494c74b5c77a1324af336d,scene-1077,night,car,vehicle.car,car,v80-100,35.3,60.42,58.12,5.46,False,62.79,63.56,62.79,66.99,64.04,64.19
7fc914ee8d9743fcb7cea856d89ed3c9,scene-1077,night,car,vehicle.car,car,v80-100,67.2,38.54,35.93,17.43,False,27.74,28.66,27.74,30.53,29.57,30.17
7fc914ee8d9743fcb7cea856d89ed3c9,scene-1077,night,car,vehicle.car,car,v80-100,47.2,47.77,45.41,12.28,False,38.3,41.4,35.22,39.86,38.3,42.5
7fc914ee8d9743fcb7cea856d89ed3c9,scene-1077,night,car,vehicle.car,car,v80-100,82.1,30.83,28.19,11.71,False,26.49,27.44,26.49,27.62,28.39,29.11
7fc914ee8d9743fcb7cea856d89ed3c9,scene-1077,night,car,vehicle.car,car,v80-100,32.8,64.82,62.52,5.67,False,64.13,66.45,64.13,67.68,65.91,67.34
7fc914ee8d9743fcb7cea856d89ed3c9,scene-1077,night,car,vehicle.car,car,v80-100,106.2,22.53,20.25,0.0,True,21.85,22.16,21.85,22.79,22.29,22.38
7fc914ee8d9743fcb7cea856d89ed3c9,scene-1077,night,car,vehicle.car,car,v60-80,42.9,56.42,53.85,17.24,False,40.8,45.4,50.0,52.55,40.8,46.27
ff2ac4c5789941c5b3f57e337ac4ee9b,scene-1077,night,car,vehicle.car,car,v80-100,106.5,22.78,20.5,0.0,True,20.96,21.8,20.96,22.37,22.13,22.39
ff2ac4c5789941c5b3f57e337ac4ee9b,scene-1077,night,car,vehicle.car,car,v80-100,46.8,57.62,55.13,22.38,False,43.54,45.77,43.54,44.05,47.99,48.73
777b4a848cb44aad8cff5729011469d4,scene-1077,night,car,vehicle.car,car,v80-100,109.0,22.78,20.49,0.0,True,21.52,22.05,21.52,22.86,21.37,21.98
777b4a848cb44aad8cff5729011469d4,scene-1077,night,car,vehicle.car,car,v80-100,31.5,70.18,67.88,5.54,False,68.0,70.92,68.0,75.41,67.37,70.61
777b4a848cb44aad8cff5729011469d4,scene-1077,night,car,vehicle.car,car,v80-100,34.2,69.77,67.05,13.26,False,46.39,51.3,53.73,54.97,46.39,52.25
a427ed5bd5c94af1b88ba5bba662f837,scene-1077,night,car,vehicle.car,car,v60-80,80.3,34.21,31.57,12.34,False,22.7,23.39,22.7,24.74,23.32,23.7
a427ed5bd5c94af1b88ba5bba662f837,scene-1077,night,car,vehicle.car,car,v80-100,109.1,22.69,20.4,0.0,True,20.69,21.57,20.69,22.83,20.97,21.71
f4b30e3cdfca497c87a6640276e1b573,scene-1077,night,car,vehicle.car,car,v80-100,63.5,41.63,38.98,16.56,False,23.95,28.88,33.82,34.5,23.95,30.11
f4b30e3cdfca497c87a6640276e1b573,scene-1077,night,car,vehicle.car,car,v80-100,108.2,22.85,20.57,0.0,True,21.32,22.25,21.32,22.52,21.87,22.52
53bf4f9f335b4180bf3ffa998853d6c2,scene-1077,night,car,vehicle.car,car,v80-100,108.4,22.88,20.6,0.0,True,21.28,22.15,21.28,22.91,21.78,22.4
53bf4f9f335b4180bf3ffa998853d6c2,scene-1077,night,car,vehicle.car,car,v80-100,29.3,75.38,73.09,5.29,False,77.47,80.29,83.11,88.34,77.47,80.23
941df6343d944a659e16b892e023931c,scene-1077,night,car,vehicle.car,car,v80-100,105.0,23.19,20.9,0.0,True,21.68,22.91,21.68,23.8,21.69,22.92
a534bc510aba4393bc620e7c8121b69c,scene-1077,night,car,vehicle.car,car,v80-100,105.1,23.45,21.17,0.0,True,21.72,22.07,21.72,23.98,21.71,22.07
a534bc510aba4393bc620e7c8121b69c,scene-1077,night,car,vehicle.car,car,v80-100,27.4,79.93,77.64,4.61,False,32.74,62.8,92.85,105.08,32.74,57.78
e37de16d519e4af6beaba685eae05a57,scene-1077,night,car,vehicle.car,car,v80-100,103.9,23.68,21.39,0.0,True,21.53,22.4,21.53,22.95,21.88,22.57
f9c324a0d723415e92f7503ced9a7389,scene-1077,night,car,vehicle.car,car,v80-100,101.7,23.81,21.52,0.0,True,21.53,22.34,21.53,23.48,21.27,22.2
54e94f89fb124c32940a224c196a49c0,scene-1077,night,car,vehicle.car,car,v80-100,90.5,30.56,27.84,11.92,False,24.41,25.29,26.16,28.0,24.41,27.25
54e94f89fb124c32940a224c196a49c0,scene-1077,night,car,vehicle.car,car,v80-100,102.3,23.91,21.63,0.0,True,22.18,23.47,22.18,24.13,23.24,24.0
7d10c94f6a104fc0882fe126533d31e3,scene-1077,night,car,vehicle.car,car,v80-100,34.7,69.55,67.08,11.9,False,43.55,55.9,68.25,70.08,43.55,55.12
7d10c94f6a104fc0882fe126533d31e3,scene-1077,night,car,vehicle.car,car,v80-100,100.8,24.13,21.84,0.0,True,22.29,23.52,22.29,24.23,22.65,23.7
1636a50b7f3b403e899910eea8ce2e23,scene-1077,night,car,vehicle.car,car,v80-100,100.9,24.14,21.84,0.0,True,22.92,23.95,22.92,24.23,23.55,24.27
1636a50b7f3b403e899910eea8ce2e23,scene-1077,night,car,vehicle.car,car,v80-100,43.3,56.95,54.43,11.81,False,38.39,46.05,53.71,55.73,38.39,48.99
1636a50b7f3b403e899910eea8ce2e23,scene-1077,night,bus,vehicle.bus.rigid,car,v80-100,151.9,50.1,44.08,20.33,False,18.52,19.25,18.52,21.98,19.02,19.5
efc0530010574686a81ea923e2a77955,scene-1077,night,car,vehicle.car,car,v80-100,57.7,44.37,41.8,11.94,False,39.77,43.2,46.64,47.5,39.77,42.84
efc0530010574686a81ea923e2a77955,scene-1077,night,car,vehicle.car,car,v80-100,101.9,23.99,21.69,0.0,True,23.55,24.4,23.55,25.23,23.21,24.23
d80d00fe8aa444b7b04ae588b5e55ea0,scene-1077,night,car,vehicle.car,car,v80-100,85.0,32.65,30.01,12.32,False,31.15,32.3,32.97,33.21,31.15,32.23
d80d00fe8aa444b7b04ae588b5e55ea0,scene-1077,night,car,vehicle.car,car,v80-100,103.1,23.75,21.44,0.0,True,24.38,24.93,24.38,24.63,23.64,24.56
d80d00fe8aa444b7b04ae588b5e55ea0,scene-1077,night,car,vehicle.car,car,v80-100,52.2,48.44,45.99,8.96,False,37.04,40.6,44.16,45.57,37.04,39.64
da25480e018a40f5b86e16e5432e4fc8,scene-1077,night,car,vehicle.car,car,v80-100,70.6,36.63,34.14,9.46,False,33.26,33.48,33.26,33.97,32.71,33.21
da25480e018a40f5b86e16e5432e4fc8,scene-1077,night,car,vehicle.car,car,v80-100,101.8,23.65,21.33,0.0,True,22.81,23.66,22.81,23.13,23.62,24.07
b2e2c08229454e5587d05d2616877139,scene-1077,night,car,vehicle.car,car,v80-100,120.4,24.21,21.69,10.03,False,16.87,17.05,17.24,19.05,16.87,17.73
b2e2c08229454e5587d05d2616877139,scene-1077,night,car,vehicle.car,car,v80-100,102.2,23.52,21.19,0.0,True,22.16,23.45,22.16,22.77,24.59,24.66
8f2f799ccddb430aa6caa323d134014a,scene-1077,night,car,vehicle.car,car,v80-100,105.2,23.24,20.9,0.0,True,23.23,23.56,23.23,23.43,23.9,24.15
2edd8a4e2b484a22b0ec566f2f2e9b95,scene-1077,night,car,vehicle.car,car,v80-100,106.0,22.99,20.66,0.0,True,22.91,23.37,22.91,23.09,23.65,23.74
341e20164fcb47cbb22332a47013bdb6,scene-1077,night,car,vehicle.car,car,v80-100,32.4,65.24,62.85,11.67,False,43.75,47.41,51.06,51.9,43.75,51.34
341e20164fcb47cbb22332a47013bdb6,scene-1077,night,car,vehicle.car,car,v80-100,106.4,22.69,20.35,0.0,True,21.61,22.61,21.61,22.34,22.74,23.17
1a73ab0790a0423bbd317c10bebf7f23,scene-1077,night,car,vehicle.car,car,v80-100,40.5,52.75,50.33,11.93,False,35.84,41.11,46.38,48.42,35.84,39.88
1a73ab0790a0423bbd317c10bebf7f23,scene-1077,night,car,vehicle.car,car,v80-100,19.7,106.27,103.89,4.49,False,48.92,62.86,76.79,97.58,48.92,66.67
1a73ab0790a0423bbd317c10bebf7f23,scene-1077,night,car,vehicle.car,car,v80-100,106.3,22.53,20.18,0.0,True,21.37,22.56,21.37,22.24,22.21,22.98
2e63eb8c6e91493292396908c1257f31,scene-1077,night,car,vehicle.car,car,v80-100,55.5,40.44,37.98,11.88,False,31.88,35.0,38.12,38.78,31.88,35.25
2e63eb8c6e91493292396908c1257f31,scene-1077,night,car,vehicle.car,car,v80-100,66.7,39.54,36.97,17.99,False,31.49,32.48,33.48,33.57,31.49,33.26
2e63eb8c6e91493292396908c1257f31,scene-1077,night,car,vehicle.car,car,v80-100,36.2,61.58,59.12,13.04,False,35.28,40.8,42.89,44.61,35.28,42.04
2e63eb8c6e91493292396908c1257f31,scene-1077,night,car,vehicle.car,car,v80-100,19.5,108.02,105.66,5.6,False,45.69,65.06,84.44,91.82,45.69,63.02
2e63eb8c6e91493292396908c1257f31,scene-1077,night,car,vehicle.car,car,v80-100,107.2,22.45,20.11,0.0,True,22.22,23.02,22.22,22.64,22.48,23.14
9c46f52aa0674d528647cd892968f78b,scene-1077,night,car,vehicle.car,car,v80-100,46.7,48.72,46.23,12.8,False,33.15,33.74,34.33,35.86,33.15,38.05
9c46f52aa0674d528647cd892968f78b,scene-1077,night,car,vehicle.car,car,v80-100,107.1,22.34,19.99,0.0,True,22.48,23.76,22.48,23.11,23.54,24.29
f0a02178f2f5410f91c903bf632ee296,scene-1077,night,car,vehicle.car,car,v80-100,68.2,35.34,32.79,12.37,False,29.38,29.98,30.58,31.81,29.38,30.15
f0a02178f2f5410f91c903bf632ee296,scene-1077,night,car,vehicle.car,car,v80-100,106.9,22.3,19.94,0.0,True,22.96,23.68,22.96,23.53,23.36,23.88
1402826678e143fdbe22da3080dd36d8,scene-1077,night,car,vehicle.car,car,v60-80,35.9,66.38,63.8,19.2,False,33.5,39.05,44.59,46.17,33.5,39.91
1402826678e143fdbe22da3080dd36d8,scene-1077,night,car,vehicle.car,car,v80-100,104.5,22.43,20.09,0.0,True,23.08,23.52,23.08,23.71,22.54,23.24
2d35f62a9daf41a18c15c7a946b0d141,scene-1077,night,car,vehicle.car,car,v60-80,48.3,52.5,49.9,18.12,False,29.14,32.25,35.37,36.27,29.14,32.91
2d35f62a9daf41a18c15c7a946b0d141,scene-1077,night,car,vehicle.car,car,v80-100,105.5,22.54,20.22,0.0,True,22.3,23.59,22.3,23.33,21.82,23.36
6c501bdb8b9d47179d033f033a354e71,scene-1077,night,car,vehicle.car,car,v80-100,87.9,32.65,29.98,13.75,False,24.15,24.41,24.67,25.35,24.15,24.43
6c501bdb8b9d47179d033f033a354e71,scene-1077,night,car,vehicle.car,car,v80-100,104.8,22.59,20.27,0.0,True,22.04,22.98,22.04,23.29,21.34,22.63
6c501bdb8b9d47179d033f033a354e71,scene-1077,night,car,vehicle.car,car,v80-100,18.6,117.04,114.71,11.9,False,42.74,56.53,70.32,76.28,42.74,55.46
4108995c5ea14883bb275041f72eff2c,scene-1077,night,car,vehicle.car,car,v80-100,18.4,118.61,116.29,11.8,False,43.26,54.95,66.64,73.22,43.26,55.35
4108995c5ea14883bb275041f72eff2c,scene-1077,night,car,vehicle.car,car,v80-100,105.0,22.68,20.38,0.0,True,22.43,23.55,22.43,23.68,22.69,23.68
3a69d1b97c33405cae8b45e49de12e0e,scene-1077,night,car,vehicle.car,car,v80-100,18.2,120.3,117.99,11.74,False,41.58,53.73,65.89,76.04,41.58,51.59
3a69d1b97c33405cae8b45e49de12e0e,scene-1077,night,car,vehicle.car,car,v80-100,103.9,22.75,20.46,0.0,True,23.36,23.94,23.36,24.42,22.24,23.38
3a69d1b97c33405cae8b45e49de12e0e,scene-1077,night,car,vehicle.car,car,v80-100,26.3,87.3,84.96,22.19,False,38.37,47.13,48.66,52.28,38.37,44.16
99acf4933a5d4c5ca5690f308f64bd93,scene-1077,night,car,vehicle.car,car,v80-100,18.1,121.92,119.62,11.32,False,39.34,55.16,70.98,77.73,39.34,51.62
99acf4933a5d4c5ca5690f308f64bd93,scene-1077,night,car,vehicle.car,car,v80-100,104.7,22.77,20.48,0.0,True,22.92,23.62,22.92,23.56,22.85,23.58
06d2b0ce23224a5db6d8851ff8cfbb27,scene-1077,night,car,vehicle.car,car,v80-100,17.9,123.52,121.24,10.65,False,43.58,57.48,71.39,79.2,43.58,54.17
06d2b0ce23224a5db6d8851ff8cfbb27,scene-1077,night,car,vehicle.car,car,v80-100,42.4,56.49,54.09,17.26,False,31.0,41.7,32.65,42.52,31.0,39.69
06d2b0ce23224a5db6d8851ff8cfbb27,scene-1077,night,car,vehicle.car,car,v80-100,106.7,22.76,20.48,0.0,True,22.45,23.27,22.45,23.38,22.56,23.32
629da0cec6e84c159fed48f7c3ccafac,scene-1094,night,car,vehicle.car,truck,v80-100,130.3,24.95,22.44,8.17,False,21.01,22.68,21.78,23.06,21.01,22.5
629da0cec6e84c159fed48f7c3ccafac,scene-1094,night,car,vehicle.car,truck,v80-100,147.2,30.67,27.83,6.57,False,22.8,26.62,26.4,28.41,22.8,25.29
629da0cec6e84c159fed48f7c3ccafac,scene-1094,night,pedestrian,human.pedestrian.adult,person,v80-100,64.7,38.37,37.91,6.82,False,30.04,33.31,36.59,36.78,30.04,34.1
629da0cec6e84c159fed48f7c3ccafac,scene-1094,night,car,vehicle.car,car,v80-100,457.6,7.41,5.14,0.0,True,5.56,5.67,5.78,5.8,5.56,5.71
629da0cec6e84c159fed48f7c3ccafac,scene-1094,night,pedestrian,human.pedestrian.adult,person,v80-100,91.9,25.48,25.01,5.87,False,20.2,22.34,23.33,23.9,20.2,21.78
52b308c06f834367a99f05dbe93f9ade,scene-1094,night,car,vehicle.car,truck,v80-100,147.6,30.6,27.75,6.58,False,23.53,26.61,26.37,28.02,23.53,26.16
52b308c06f834367a99f05dbe93f9ade,scene-1094,night,pedestrian,human.pedestrian.adult,person,v80-100,65.8,37.79,37.33,6.8,False,30.84,33.98,36.53,36.83,30.84,34.15
52b308c06f834367a99f05dbe93f9ade,scene-1094,night,pedestrian,human.pedestrian.adult,person,v80-100,67.7,36.79,36.31,18.08,False,28.06,30.8,33.36,33.45,28.06,30.88
52b308c06f834367a99f05dbe93f9ade,scene-1094,night,car,vehicle.car,car,v80-100,430.2,7.76,5.47,0.0,True,5.94,5.99,6.04,6.04,5.94,6.0
52b308c06f834367a99f05dbe93f9ade,scene-1094,night,pedestrian,human.pedestrian.personal_mobility,person,v80-100,289.5,10.21,9.46,4.64,False,8.59,9.21,8.09,8.34,9.25,9.54
91bb1897f021417c9006dd8c0604340c,scene-1094,night,car,vehicle.car,truck,v80-100,148.1,30.52,27.68,6.61,False,22.88,25.77,26.61,27.63,22.88,25.44
91bb1897f021417c9006dd8c0604340c,scene-1094,night,car,vehicle.car,car,v80-100,405.9,8.11,5.8,0.0,True,6.36,6.37,6.36,6.39,6.37,6.38
91bb1897f021417c9006dd8c0604340c,scene-1094,night,pedestrian,human.pedestrian.adult,person,v80-100,68.6,36.14,35.71,17.39,False,28.56,31.3,33.12,33.58,28.56,31.23
91bb1897f021417c9006dd8c0604340c,scene-1094,night,pedestrian,human.pedestrian.adult,person,v80-100,66.8,37.16,36.69,6.44,False,30.36,33.9,35.21,36.33,30.36,33.05
91bb1897f021417c9006dd8c0604340c,scene-1094,night,pedestrian,human.pedestrian.adult,person,v80-100,62.9,37.33,36.89,17.64,False,28.71,31.58,33.26,33.86,28.71,31.53
91bb1897f021417c9006dd8c0604340c,scene-1094,night,car,vehicle.car,car,v80-100,131.7,24.8,22.29,8.17,False,20.77,21.77,22.58,22.67,20.77,21.57
91bb1897f021417c9006dd8c0604340c,scene-1094,night,pedestrian,human.pedestrian.adult,person,v80-100,197.1,13.32,12.88,6.59,False,10.59,10.85,9.8,10.46,10.59,10.71
2f308b453f8641aeb38db15c17f0ed6d,scene-1094,night,car,vehicle.car,truck,v80-100,149.2,30.34,27.49,6.67,False,22.65,25.59,25.85,27.19,22.65,25.49
2f308b453f8641aeb38db15c17f0ed6d,scene-1094,night,pedestrian,human.pedestrian.adult,person,v80-100,69.7,35.48,35.15,16.87,False,30.56,32.24,33.92,34.55,30.56,33.12
2f308b453f8641aeb38db15c17f0ed6d,scene-1094,night,pedestrian,human.pedestrian.adult,person,v80-100,63.3,36.83,36.38,16.95,False,31.15,33.01,34.87,35.02,31.15,33.64
2f308b453f8641aeb38db15c17f0ed6d,scene-1094,night,pedestrian,human.pedestrian.adult,person,v80-100,83.4,26.32,25.85,2.62,False,7.38,13.79,7.38,15.88,13.74,16.96
2f308b453f8641aeb38db15c17f0ed6d,scene-1094,night,car,vehicle.car,car,v80-100,392.1,8.33,6.01,0.0,True,6.4,6.52,6.63,6.67,6.4,6.57
2f308b453f8641aeb38db15c17f0ed6d,scene-1094,night,pedestrian,human.pedestrian.adult,person,v80-100,67.8,36.54,36.01,6.05,False,29.21,32.64,36.07,36.55,29.21,32.7
2f308b453f8641aeb38db15c17f0ed6d,scene-1094,night,pedestrian,human.pedestrian.adult,person,v80-100,96.7,23.83,23.29,3.18,False,19.85,21.93,22.55,23.28,19.85,21.6
d1233582dc804f17ba879d0cf751111a,scene-1094,night,car,vehicle.car,truck,v80-100,151.5,29.92,27.06,6.75,False,22.3,25.36,25.46,26.94,22.3,24.5
d1233582dc804f17ba879d0cf751111a,scene-1094,night,pedestrian,human.pedestrian.adult,person,v80-100,83.4,26.38,25.93,3.18,False,20.74,23.67,25.26,25.94,20.74,23.56
d1233582dc804f17ba879d0cf751111a,scene-1094,night,car,vehicle.car,car,v80-100,381.9,8.52,6.19,0.0,True,6.81,6.82,6.83,6.92,6.81,6.87
d1233582dc804f17ba879d0cf751111a,scene-1094,night,pedestrian,human.pedestrian.adult,person,v80-100,71.4,34.45,34.09,16.06,False,28.29,31.05,32.4,33.11,28.29,31.31
d1233582dc804f17ba879d0cf751111a,scene-1094,night,pedestrian,human.pedestrian.adult,person,v80-100,69.1,35.78,35.2,5.26,False,25.73,30.83,35.83,35.88,25.73,31.0
d1233582dc804f17ba879d0cf751111a,scene-1094,night,car,vehicle.car,car,v80-100,353.8,8.5,6.34,3.56,False,7.64,7.9,8.17,8.34,7.64,7.96
d1233582dc804f17ba879d0cf751111a,scene-1094,night,pedestrian,human.pedestrian.adult,person,v80-100,97.0,23.85,23.31,3.72,False,19.49,21.98,23.49,23.98,19.49,21.84
d1233582dc804f17ba879d0cf751111a,scene-1094,night,pedestrian,human.pedestrian.adult,person,v80-100,91.4,26.4,25.93,8.45,False,20.35,22.68,24.97,24.99,20.35,23.16
d1233582dc804f17ba879d0cf751111a,scene-1094,night,car,vehicle.car,car,v80-100,136.2,24.22,21.7,8.25,False,19.65,21.0,20.92,21.64,19.65,20.7
d1233582dc804f17ba879d0cf751111a,scene-1094,night,pedestrian,human.pedestrian.adult,person,v80-100,63.9,36.2,35.76,16.2,False,29.93,32.6,35.27,35.64,29.93,32.8
cd7cd1aa05d04862a0b8c346f291167e,scene-1094,night,car,vehicle.car,truck,v80-100,154.9,29.22,26.34,6.86,False,21.3,23.73,25.71,25.94,21.3,24.47
cd7cd1aa05d04862a0b8c346f291167e,scene-1094,night,pedestrian,human.pedestrian.adult,person,v80-100,73.3,33.31,32.91,15.24,False,27.46,29.66,31.46,31.66,27.46,30.55
cd7cd1aa05d04862a0b8c346f291167e,scene-1094,night,car,vehicle.car,truck,v80-100,141.0,23.55,21.03,8.32,False,18.27,19.02,19.78,19.89,18.27,19.25
cd7cd1aa05d04862a0b8c346f291167e,scene-1094,night,car,vehicle.car,car,v80-100,385.0,8.52,6.19,0.0,True,6.63,6.65,6.63,6.8,6.68,6.79
cd7cd1aa05d04862a0b8c346f291167e,scene-1094,night,pedestrian,human.pedestrian.adult,person,v80-100,70.6,34.88,34.41,4.51,False,20.65,25.47,30.29,31.07,20.65,27.48
cd7cd1aa05d04862a0b8c346f291167e,scene-1094,night,pedestrian,human.pedestrian.adult,person,v80-100,84.4,26.03,25.57,3.32,False,20.16,22.27,24.38,24.6,20.16,23.27
cd7cd1aa05d04862a0b8c346f291167e,scene-1094,night,pedestrian,human.pedestrian.adult,person,v80-100,99.0,23.45,22.91,4.04,False,18.31,19.8,21.3,21.64,18.31,20.81
cd7cd1aa05d04862a0b8c346f291167e,scene-1094,night,pedestrian,human.pedestrian.adult,person,v80-100,93.3,26.15,25.68,9.09,False,19.41,21.2,22.98,23.62,19.41,21.66
cd7cd1aa05d04862a0b8c346f291167e,scene-1094,night,pedestrian,human.pedestrian.personal_mobility,person,v80-100,359.1,8.47,7.72,3.96,False,7.1,7.29,7.1,7.32,7.34,7.41
c1a7b405ddce4180bdc32190642cda91,scene-1094,night,pedestrian,human.pedestrian.adult,person,v80-100,72.1,34.04,33.6,3.84,False,26.88,30.24,33.61,34.47,26.88,30.62
c1a7b405ddce4180bdc32190642cda91,scene-1094,night,car,vehicle.car,truck,v80-100,149.3,22.66,20.14,8.44,False,17.35,18.48,19.34,19.48,17.35,18.34
c1a7b405ddce4180bdc32190642cda91,scene-1094,night,car,vehicle.car,car,v80-100,402.0,8.33,5.98,0.0,True,6.13,6.3,6.48,6.62,6.13,6.33
c1a7b405ddce4180bdc32190642cda91,scene-1094,night,car,vehicle.car,truck,v80-100,161.4,28.29,25.39,7.04,False,20.32,23.37,24.46,25.44,20.32,23.05
c1a7b405ddce4180bdc32190642cda91,scene-1094,night,pedestrian,human.pedestrian.adult,person,v80-100,76.1,31.9,31.48,14.36,False,27.32,30.36,31.16,32.28,27.32,30.12
c1a7b405ddce4180bdc32190642cda91,scene-1094,night,pedestrian,human.pedestrian.adult,person,v80-100,86.6,25.43,24.98,3.65,False,19.01,21.6,24.19,24.59,19.01,21.5
4533b16ea9124957960f9ccd5eeb2429,scene-1094,night,car,vehicle.car,truck,v80-100,161.0,21.54,19.01,8.49,False,15.58,16.62,17.67,17.84,15.58,16.66
4533b16ea9124957960f9ccd5eeb2429,scene-1094,night,car,vehicle.car,car,v80-100,431.4,8.06,5.73,0.4,True,5.88,5.93,5.98,6.25,5.88,5.92
4533b16ea9124957960f9ccd5eeb2429,scene-1094,night,pedestrian,human.pedestrian.adult,person,v80-100,79.5,30.44,30.0,13.53,False,25.83,29.04,27.94,30.09,25.83,28.38
4533b16ea9124957960f9ccd5eeb2429,scene-1094,night,pedestrian,human.pedestrian.adult,person,v80-100,100.2,25.05,24.6,10.23,False,19.05,20.69,22.28,22.3,19.05,20.9
4533b16ea9124957960f9ccd5eeb2429,scene-1094,night,pedestrian,human.pedestrian.adult,person,v80-100,105.5,22.33,21.81,5.1,False,17.39,18.75,20.1,20.46,17.39,19.23
4533b16ea9124957960f9ccd5eeb2429,scene-1094,night,pedestrian,human.pedestrian.adult,person,v80-100,90.1,24.55,24.1,4.11,False,20.17,22.23,23.48,23.88,20.17,22.38
4533b16ea9124957960f9ccd5eeb2429,scene-1094,night,pedestrian,human.pedestrian.adult,person,v80-100,74.2,32.94,32.5,2.85,False,26.01,29.2,32.39,32.78,26.01,29.37
4533b16ea9124957960f9ccd5eeb2429,scene-1094,night,pedestrian,human.pedestrian.adult,person,v80-100,104.8,20.88,20.52,1.55,False,6.84,13.3,19.77,19.8,6.84,16.15
886031e85e7a43a49fe3cc374cfd9719,scene-1094,night,parked two-wheeler,vehicle.bicycle,bicycle,v80-100,58.3,25.42,25.07,3.58,False,21.82,24.48,26.68,26.91,21.82,25.05
886031e85e7a43a49fe3cc374cfd9719,scene-1094,night,car,vehicle.car,car,v80-100,446.5,7.94,5.61,1.05,True,5.43,5.47,5.52,5.84,5.43,5.53
886031e85e7a43a49fe3cc374cfd9719,scene-1094,night,pedestrian,human.pedestrian.adult,person,v80-100,72.1,31.44,31.03,13.24,False,28.97,31.0,31.16,32.09,28.97,31.14
886031e85e7a43a49fe3cc374cfd9719,scene-1094,night,pedestrian,human.pedestrian.adult,person,v80-100,108.6,20.15,19.8,1.53,False,15.76,17.14,18.52,18.73,15.76,17.63
886031e85e7a43a49fe3cc374cfd9719,scene-1094,night,car,vehicle.car,car,v80-100,174.7,20.43,17.91,8.49,False,9.16,11.2,13.23,14.16,9.16,10.72
3f63e450629640d58fd6b27fcfcbf0c2,scene-1094,night,pedestrian,human.pedestrian.adult,person,v80-100,75.7,30.06,29.67,12.89,False,26.0,27.5,29.0,29.66,26.0,28.11
3f63e450629640d58fd6b27fcfcbf0c2,scene-1094,night,pedestrian,human.pedestrian.adult,person,v60-80,113.0,19.37,19.04,1.15,True,10.53,12.9,14.04,14.65,10.53,12.93
3f63e450629640d58fd6b27fcfcbf0c2,scene-1094,night,car,vehicle.car,car,v80-100,474.3,8.15,5.83,2.11,False,4.92,5.16,4.92,5.18,5.4,5.4
be6fb7ba760d4c94834582f6ad761252,scene-1094,night,car,vehicle.car,truck,v80-100,201.5,23.27,20.31,5.75,False,18.68,20.02,19.92,20.64,18.68,20.05
be6fb7ba760d4c94834582f6ad761252,scene-1094,night,pedestrian,human.pedestrian.adult,person,v80-100,123.0,18.75,18.43,0.65,True,16.21,17.62,18.47,18.75,16.21,18.21
be6fb7ba760d4c94834582f6ad761252,scene-1094,night,pedestrian,human.pedestrian.adult,person,v80-100,81.1,28.8,28.42,13.67,False,23.54,25.25,26.05,26.51,23.54,25.77
be6fb7ba760d4c94834582f6ad761252,scene-1094,night,car,vehicle.car,car,v80-100,77.8,26.43,24.87,0.0,True,23.87,26.36,27.25,28.05,23.87,26.96
be6fb7ba760d4c94834582f6ad761252,scene-1094,night,car,vehicle.car,car,v80-100,202.7,18.2,15.68,7.54,False,5.52,5.66,5.52,5.83,5.77,5.79
be6fb7ba760d4c94834582f6ad761252,scene-1094,night,pedestrian,human.pedestrian.adult,person,v80-100,127.2,19.85,19.37,8.01,False,15.85,18.08,17.77,19.04,15.85,18.38
41377f1b5cb34525885b97cf94f55f35,scene-1094,night,car,vehicle.car,truck,v80-100,209.6,17.04,14.52,5.85,False,12.89,13.3,13.6,13.66,12.89,13.39
41377f1b5cb34525885b97cf94f55f35,scene-1094,night,car,vehicle.car,truck,v80-100,209.8,21.99,19.0,3.35,False,16.86,18.38,19.19,19.54,16.86,18.61
41377f1b5cb34525885b97cf94f55f35,scene-1094,night,car,vehicle.car,car,v80-100,82.6,25.12,23.56,0.0,True,19.75,22.73,25.46,25.59,19.75,23.29
41377f1b5cb34525885b97cf94f55f35,scene-1094,night,pedestrian,human.pedestrian.adult,person,v80-100,121.8,20.66,20.26,10.08,False,15.69,18.05,18.6,19.51,15.69,18.74
eed2863fa9f74b1b89b6f60ded77d9a9,scene-1094,night,car,vehicle.car,truck,v80-100,219.8,20.7,17.72,0.0,True,16.77,17.76,18.3,18.52,16.77,17.77
eed2863fa9f74b1b89b6f60ded77d9a9,scene-1094,night,car,vehicle.car,truck,v80-100,214.2,15.85,13.33,3.37,False,12.88,12.97,13.06,13.19,12.88,12.95
eed2863fa9f74b1b89b6f60ded77d9a9,scene-1094,night,pedestrian,human.pedestrian.adult,person,v80-100,139.1,17.26,16.96,4.08,False,14.73,16.05,16.89,17.13,14.73,15.96
eed2863fa9f74b1b89b6f60ded77d9a9,scene-1094,night,car,vehicle.car,car,v80-100,90.4,23.9,22.38,2.62,False,19.18,21.63,23.48,23.78,19.18,22.29
eed2863fa9f74b1b89b6f60ded77d9a9,scene-1094,night,pedestrian,human.pedestrian.adult,person,v80-100,133.8,17.14,16.83,4.73,False,14.71,15.96,16.75,16.98,14.71,15.76
6b624130797744aaa0d2103ee47080d0,scene-1094,night,car,vehicle.car,truck,v80-100,297.8,12.03,9.81,4.56,False,8.07,8.25,8.07,8.36,7.75,8.09
6b624130797744aaa0d2103ee47080d0,scene-1094,night,car,vehicle.car,truck,v80-100,240.5,19.33,16.4,0.0,True,12.61,12.67,12.61,14.07,12.34,12.54
6b624130797744aaa0d2103ee47080d0,scene-1094,night,car,vehicle.car,truck,v80-100,227.8,14.42,11.91,0.41,True,12.18,12.33,12.18,12.45,12.05,12.27
6b624130797744aaa0d2103ee47080d0,scene-1094,night,car,vehicle.car,car,v80-100,105.9,22.72,21.28,7.51,False,15.72,17.88,19.4,19.71,15.72,17.84
720a7aa4cb6c49c7ae26c748323af4ab,scene-1094,night,car,vehicle.car,car,v80-100,235.9,13.38,11.19,3.58,False,10.25,10.54,10.25,10.46,10.16,10.5
720a7aa4cb6c49c7ae26c748323af4ab,scene-1094,night,car,vehicle.car,bus,v80-100,288.8,17.85,14.99,3.03,False,12.97,14.3,15.13,15.38,12.97,14.04
720a7aa4cb6c49c7ae26c748323af4ab,scene-1094,night,car,vehicle.car,bus,v80-100,262.2,12.77,10.26,0.0,True,10.7,10.9,11.1,11.29,10.7,10.74
a05d0c1ad7d541d9a6f7c4e963555fb0,scene-1094,night,car,vehicle.car,car,v80-100,195.9,14.7,12.5,1.69,False,12.19,12.3,12.42,12.5,12.19,12.34
8233dc33889341648a3b873aca8df7c6,scene-1094,night,car,vehicle.car,car,v80-100,149.5,17.49,15.16,7.05,False,13.97,14.07,13.97,14.29,14.18,14.21
8233dc33889341648a3b873aca8df7c6,scene-1094,night,car,vehicle.car,car,v80-100,172.5,15.9,13.67,0.0,True,13.35,13.43,13.35,13.7,13.48,13.5
dbfa650384564594906313c18c49c9e6,scene-1094,night,car,vehicle.car,car,v80-100,127.8,21.64,19.01,6.95,False,11.58,11.77,11.58,14.52,11.95,12.58
dbfa650384564594906313c18c49c9e6,scene-1094,night,car,vehicle.car,car,v80-100,157.0,17.14,14.97,0.0,True,14.47,14.84,15.15,15.18,14.47,14.6
dbfa650384564594906313c18c49c9e6,scene-1094,night,car,vehicle.car,car,v80-100,86.2,29.1,26.78,6.47,False,14.8,15.25,15.69,16.16,14.8,15.6
dbfa650384564594906313c18c49c9e6,scene-1094,night,car,vehicle.car,car,v80-100,61.5,37.02,34.68,5.61,False,18.27,19.0,19.73,21.03,18.27,20.39
4e4858e6e8cf442aa77238755f7a4d4a,scene-1094,night,car,vehicle.car,car,v80-100,148.1,18.15,15.99,0.0,True,15.17,15.52,15.86,16.05,15.17,15.37
4e4858e6e8cf442aa77238755f7a4d4a,scene-1094,night,car,vehicle.car,car,v80-100,156.1,19.11,16.5,7.65,False,10.62,11.88,13.14,14.17,10.62,12.05
4e4858e6e8cf442aa77238755f7a4d4a,scene-1094,night,car,vehicle.car,car,v80-100,69.0,34.0,31.64,6.84,False,17.34,17.61,17.34,18.25,17.87,18.09
4e4858e6e8cf442aa77238755f7a4d4a,scene-1094,night,car,vehicle.car,car,v80-100,98.6,26.44,24.1,7.45,False,13.91,14.38,13.91,15.1,14.74,14.79
d7330cd5962148fc916a277e8fa8a0e8,scene-1094,night,car,vehicle.car,car,v80-100,140.0,19.16,17.0,0.0,True,16.53,16.88,16.53,17.11,16.41,16.82
d7330cd5962148fc916a277e8fa8a0e8,scene-1094,night,car,vehicle.car,car,v40-60,152.0,26.34,23.47,10.69,False,13.45,14.06,14.67,16.82,12.25,12.85
d7330cd5962148fc916a277e8fa8a0e8,scene-1094,night,car,vehicle.car,car,v80-100,78.4,30.7,28.33,7.57,False,15.13,15.55,15.13,16.2,15.96,16.23
d7330cd5962148fc916a277e8fa8a0e8,scene-1094,night,car,vehicle.car,car,v80-100,203.4,16.44,13.89,8.04,False,10.47,11.39,12.32,13.49,10.47,10.5
75eda5e473a64573a978b923da722bc4,scene-1094,night,car,vehicle.car,car,v80-100,133.5,20.01,17.86,0.0,True,17.34,17.49,17.34,17.91,17.01,17.33
75eda5e473a64573a978b923da722bc4,scene-1094,night,car,vehicle.car,car,v40-60,178.8,23.84,20.99,11.16,False,9.93,13.1,16.27,16.5,9.93,11.74
5cd71932637b4529939203433c8a26d2,scene-1094,night,car,vehicle.car,bus,v80-100,126.8,20.97,18.8,0.0,True,18.31,18.38,18.44,18.88,17.77,18.04
0ed3f1797f7440a39f93be12b852adee,scene-1094,night,car,vehicle.car,car,v80-100,120.6,21.84,19.67,0.0,True,18.95,19.19,18.95,19.64,18.53,18.98
5142afdaddc24595b44a210fc39b52ab,scene-1094,night,car,vehicle.car,car,v80-100,113.7,22.88,20.71,0.0,True,19.71,19.8,19.88,20.46,19.71,19.99
5142afdaddc24595b44a210fc39b52ab,scene-1094,night,pedestrian,human.pedestrian.adult,person,v80-100,115.0,20.39,20.03,4.51,False,18.54,19.03,19.52,20.3,18.54,19.72
ffa9bd002e7f47ec93caaa9f45fa03e6,scene-1094,night,car,vehicle.car,car,v80-100,110.1,23.53,21.37,0.03,True,20.38,20.49,20.61,21.73,20.38,20.45
ffa9bd002e7f47ec93caaa9f45fa03e6,scene-1094,night,pedestrian,human.pedestrian.adult,person,v80-100,151.0,15.87,15.5,4.48,False,13.9,14.27,14.63,15.79,13.9,14.59
f427799486934c7f98a66790d9b52332,scene-1094,night,car,vehicle.car,car,v80-100,106.0,24.3,22.14,0.0,True,21.16,21.61,21.16,23.76,20.83,21.45
f427799486934c7f98a66790d9b52332,scene-1094,night,pedestrian,human.pedestrian.adult,person,v80-100,224.4,11.32,10.93,4.49,False,9.45,9.57,9.69,11.4,9.45,9.55
f427799486934c7f98a66790d9b52332,scene-1094,night,car,vehicle.car,car,v80-100,37.5,52.63,50.2,7.91,False,37.63,44.52,51.41,53.76,37.63,44.05
dd508289c957487b969d55c879df3781,scene-1094,night,car,vehicle.car,car,v80-100,102.7,25.01,22.84,0.0,True,21.76,22.51,21.76,24.54,22.02,22.64
dd508289c957487b969d55c879df3781,scene-1094,night,pedestrian,human.pedestrian.adult,person,v80-100,117.8,18.02,17.52,2.94,False,15.04,15.54,15.04,18.5,16.05,16.1
dd508289c957487b969d55c879df3781,scene-1094,night,pedestrian,human.pedestrian.adult,person,v80-100,98.0,25.12,24.64,1.92,False,21.9,22.22,21.9,25.02,22.54,22.87
f74877ed3166478abb14d1373ecaf917,scene-1094,night,car,vehicle.car,car,v80-100,101.8,25.78,23.61,0.0,True,23.29,23.73,23.29,26.43,23.92,24.05
f74877ed3166478abb14d1373ecaf917,scene-1094,night,car,vehicle.car,car,v80-100,62.1,34.12,31.65,7.51,False,31.93,32.22,31.93,35.86,32.48,32.49
f74877ed3166478abb14d1373ecaf917,scene-1094,night,pedestrian,human.pedestrian.adult,person,v80-100,167.9,12.99,12.53,2.8,False,12.82,12.88,12.82,15.0,12.74,12.84
f74877ed3166478abb14d1373ecaf917,scene-1094,night,car,vehicle.car,car,v80-100,66.2,34.69,32.24,10.86,False,29.56,30.07,30.58,34.69,29.56,30.1
f567ac89901f4f81b4f65fed6aa1f93c,scene-1094,night,car,vehicle.car,car,v80-100,98.2,26.62,24.44,0.0,True,24.37,24.61,24.37,25.66,24.85,25.1
f567ac89901f4f81b4f65fed6aa1f93c,scene-1094,night,bus,vehicle.bus.rigid,car,v80-100,83.1,58.1,51.81,9.97,False,30.86,39.25,47.65,50.05,30.86,40.77
f567ac89901f4f81b4f65fed6aa1f93c,scene-1094,night,pedestrian,human.pedestrian.adult,person,v80-100,295.0,7.97,7.47,2.65,False,8.21,8.45,8.21,8.78,8.3,8.49
f567ac89901f4f81b4f65fed6aa1f93c,scene-1094,night,car,vehicle.car,car,v80-100,89.7,27.35,24.9,10.89,False,22.17,22.56,22.17,23.69,22.81,22.88
f567ac89901f4f81b4f65fed6aa1f93c,scene-1094,night,car,vehicle.car,car,v80-100,88.8,25.24,22.76,7.51,False,22.13,22.31,22.13,23.12,22.5,22.66
f567ac89901f4f81b4f65fed6aa1f93c,scene-1094,night,pedestrian,human.pedestrian.adult,person,v80-100,147.7,17.04,16.57,2.75,False,15.95,16.21,15.95,17.23,16.47,16.78
90e01def881c48e4876ee016315103ae,scene-1094,night,car,vehicle.car,car,v80-100,152.0,17.01,14.57,7.53,False,13.38,13.84,13.38,15.84,13.82,14.05
90e01def881c48e4876ee016315103ae,scene-1094,night,car,vehicle.car,car,v80-100,94.7,27.34,25.16,0.0,True,25.53,25.9,25.53,29.11,25.76,26.01
f2100c6bab3d413fb61c6a2da29bddd0,scene-1094,night,car,vehicle.car,car,v80-100,91.5,28.21,26.02,0.0,True,25.9,26.67,25.9,27.37,26.05,26.75
e39d8498f61e4053b47b41fb297d66ea,scene-1094,night,car,vehicle.car,car,v80-100,89.1,28.73,26.54,0.0,True,26.83,27.09,26.83,26.92,26.77,27.06
f598d2c67f5b4b91afd4d96f0a8f1e4e,scene-1094,night,car,vehicle.car,car,v80-100,87.6,29.25,27.06,0.0,True,26.76,27.09,27.41,27.57,26.76,26.8
f598d2c67f5b4b91afd4d96f0a8f1e4e,scene-1094,night,bus,vehicle.bus.rigid,bus,v80-100,238.0,26.23,20.11,9.75,False,17.36,17.68,18.0,19.04,17.36,17.44
adf5fff3a1634f1a9b472495f3a54fd3,scene-1094,night,car,vehicle.car,car,v80-100,86.6,29.69,27.5,0.0,True,27.69,28.33,28.96,28.96,27.69,27.75
cb4de282449d47259956e27cbaacbbab,scene-1094,night,car,vehicle.car,car,v80-100,85.8,30.0,27.8,0.0,True,28.84,28.96,29.09,29.63,27.92,28.38
d77a138a272b4ebcbbe509afa6ef241a,scene-1094,night,car,vehicle.car,car,v80-100,85.9,30.0,27.8,0.0,True,28.18,28.39,28.18,28.83,28.61,28.62
d77a138a272b4ebcbbe509afa6ef241a,scene-1094,night,car,vehicle.car,car,v80-100,42.2,53.84,51.53,7.64,False,31.36,41.77,49.22,50.7,31.36,38.28
552b0ec30c78436e8ea464cff1c604a3,scene-1094,night,car,vehicle.car,car,v80-100,54.8,42.05,39.73,7.35,False,27.07,27.39,27.07,32.75,27.54,27.63
552b0ec30c78436e8ea464cff1c604a3,scene-1094,night,car,vehicle.car,car,v80-100,85.3,30.02,27.83,0.0,True,28.38,28.49,28.61,29.3,27.54,27.96
3c7f6d4b49ce40e58f3b3455c7e4362d,scene-1094,night,car,vehicle.car,car,v80-100,85.0,30.02,27.84,0.0,True,27.22,28.16,29.01,29.05,27.22,27.25
4ac688756fe74af8ae12c2454f8b8f28,scene-1094,night,car,vehicle.car,car,v80-100,85.6,29.98,27.81,0.0,True,28.3,28.41,28.28,28.29,27.81,28.17
4ac688756fe74af8ae12c2454f8b8f28,scene-1094,night,pedestrian,human.pedestrian.adult,person,v60-80,99.6,26.35,25.97,5.28,False,12.88,13.5,14.12,14.99,12.88,13.39
243364c317fa40cca58f8ed708a0bf88,scene-1094,night,car,vehicle.car,truck,v80-100,86.1,29.86,27.69,0.0,True,26.0,26.8,26.0,27.3,27.49,27.55
51ceae8a5ecc4730950666723c135bc8,scene-1100,night,bus,vehicle.bus.rigid,bus,v80-100,95.2,73.64,67.56,32.82,False,37.9,42.76,47.62,48.91,37.9,42.42
51ceae8a5ecc4730950666723c135bc8,scene-1100,night,car,vehicle.car,car,v80-100,134.9,19.07,16.92,0.0,True,16.95,17.1,16.95,17.24,16.96,17.11
51ceae8a5ecc4730950666723c135bc8,scene-1100,night,car,vehicle.car,car,v80-100,129.0,20.37,18.27,3.71,False,17.72,17.74,17.72,17.96,17.5,17.63
51ceae8a5ecc4730950666723c135bc8,scene-1100,night,car,vehicle.car,car,v80-100,54.5,53.34,51.23,25.74,False,34.7,38.22,39.53,40.64,34.7,37.92
82fcade9fdcc431a850fdb715502a770,scene-1100,night,bus,vehicle.bus.rigid,bus,v80-100,95.1,73.69,67.61,32.84,False,36.04,41.57,47.1,48.48,36.04,42.48
82fcade9fdcc431a850fdb715502a770,scene-1100,night,car,vehicle.car,car,v80-100,54.4,53.46,51.35,25.81,False,33.29,36.81,38.87,39.6,33.29,36.94
5e556ec52f1b4751a90298d8103510a5,scene-1100,night,bus,vehicle.bus.rigid,bus,v80-100,95.0,73.75,67.67,32.87,False,36.46,42.08,47.7,49.27,36.46,41.45
5e556ec52f1b4751a90298d8103510a5,scene-1100,night,car,vehicle.car,car,v80-100,191.8,14.1,11.99,0.0,True,11.91,12.05,11.91,12.26,12.19,12.21
5e556ec52f1b4751a90298d8103510a5,scene-1100,night,car,vehicle.car,car,v60-80,66.9,35.45,33.31,10.17,False,22.09,26.12,30.06,30.1,22.09,24.9
5e556ec52f1b4751a90298d8103510a5,scene-1100,night,cyclist,vehicle.motorcycle,person,v80-100,147.0,18.19,17.93,8.72,False,16.16,16.29,16.42,17.33,16.16,17.22
5e556ec52f1b4751a90298d8103510a5,scene-1100,night,car,vehicle.car,car,v80-100,54.2,53.59,51.48,25.88,False,33.11,37.72,40.95,41.64,33.11,36.49
5e556ec52f1b4751a90298d8103510a5,scene-1100,night,car,vehicle.car,car,v80-100,246.4,11.27,9.13,0.0,True,9.8,9.93,9.8,10.19,9.52,9.79
dc1a0ca1014f488e833f586f234832e4,scene-1100,night,bus,vehicle.bus.rigid,bus,v80-100,94.9,73.81,67.73,32.9,False,41.24,45.28,49.31,49.75,41.24,45.98
dc1a0ca1014f488e833f586f234832e4,scene-1100,night,car,vehicle.car,car,v80-100,54.1,53.72,51.6,25.96,False,35.64,38.34,40.8,40.91,35.64,38.04
dc1a0ca1014f488e833f586f234832e4,scene-1100,night,cyclist,vehicle.motorcycle,person,v80-100,147.0,18.19,17.93,8.72,False,17.21,17.29,17.21,17.59,17.36,18.24
0130791235774e26b1986c78d11b4d30,scene-1100,night,bus,vehicle.bus.rigid,bus,v80-100,94.8,73.87,67.78,32.93,False,45.1,47.27,49.44,50.2,45.1,46.17
0130791235774e26b1986c78d11b4d30,scene-1100,night,car,vehicle.car,car,v80-100,53.9,53.85,51.73,26.03,False,39.63,41.28,42.04,42.49,39.63,40.09
cec0634dd47c47288a246deeb5f589a2,scene-1100,night,bus,vehicle.bus.rigid,bus,v80-100,94.8,73.92,67.84,32.96,False,44.81,46.93,49.05,50.1,44.81,45.53
cec0634dd47c47288a246deeb5f589a2,scene-1100,night,car,vehicle.car,car,v80-100,114.1,21.59,19.42,3.76,False,18.83,18.86,18.89,19.27,18.38,18.6
cec0634dd47c47288a246deeb5f589a2,scene-1100,night,car,vehicle.car,car,v80-100,53.8,53.98,51.85,26.11,False,38.23,40.14,40.87,41.47,38.23,38.83
fb4f791fc3bf46539c5b913682afad84,scene-1100,night,car,vehicle.car,car,v80-100,50.1,47.57,45.27,12.71,False,37.6,38.44,39.27,39.81,37.6,39.25
fb4f791fc3bf46539c5b913682afad84,scene-1100,night,cyclist,vehicle.motorcycle,person,v80-100,147.2,18.19,17.92,8.75,False,17.04,17.36,17.04,17.36,17.67,18.07
fb4f791fc3bf46539c5b913682afad84,scene-1100,night,bus,vehicle.bus.rigid,bus,v80-100,94.7,73.99,67.9,33.02,False,37.37,40.67,43.97,47.65,37.37,39.76
2a88a6dbc8054e79b75ef478a492209d,scene-1100,night,bus,vehicle.bus.rigid,truck,v80-100,94.7,74.05,67.97,33.1,False,41.05,44.69,48.33,50.22,41.05,43.32
2a88a6dbc8054e79b75ef478a492209d,scene-1100,night,cyclist,vehicle.motorcycle,person,v80-100,147.2,18.19,17.92,8.75,False,17.06,17.12,17.19,17.87,17.06,18.05
2a88a6dbc8054e79b75ef478a492209d,scene-1100,night,car,vehicle.car,car,v80-100,53.7,54.05,51.92,26.14,False,36.93,39.52,41.52,41.81,36.93,38.13
2a88a6dbc8054e79b75ef478a492209d,scene-1100,night,car,vehicle.car,car,v80-100,226.7,11.67,9.45,0.0,True,10.08,10.36,10.08,10.42,10.11,10.38
2a88a6dbc8054e79b75ef478a492209d,scene-1100,night,car,vehicle.car,car,v80-100,56.2,42.4,40.09,10.37,False,33.15,33.44,33.73,33.99,33.15,33.47
5bae7bae1021425d85461c905c4e4257,scene-1100,night,car,vehicle.car,car,v80-100,64.1,37.26,34.93,8.04,False,30.75,31.72,30.75,31.04,32.69,32.89
5bae7bae1021425d85461c905c4e4257,scene-1100,night,car,vehicle.car,car,v80-100,53.6,54.09,51.96,26.16,False,36.16,38.83,40.51,41.0,36.16,39.01
5bae7bae1021425d85461c905c4e4257,scene-1100,night,bus,vehicle.bus.rigid,bus,v80-100,94.6,74.11,68.03,33.17,False,43.91,46.77,49.64,50.23,43.91,47.12
5bae7bae1021425d85461c905c4e4257,scene-1100,night,cyclist,vehicle.motorcycle,person,v80-100,147.3,18.19,17.92,8.76,False,16.88,17.2,16.88,17.49,17.52,18.23
5bae7bae1021425d85461c905c4e4257,scene-1100,night,car,vehicle.car,car,v80-100,40.4,58.25,55.99,17.59,False,37.0,41.52,45.04,45.55,37.0,43.41
5bae7bae1021425d85461c905c4e4257,scene-1100,night,car,vehicle.car,car,v80-100,114.5,27.3,25.19,13.67,False,20.87,21.33,20.87,22.12,20.72,21.25
5bae7bae1021425d85461c905c4e4257,scene-1100,night,car,vehicle.car,car,v80-100,419.4,7.01,4.83,0.0,True,5.02,5.26,5.02,5.37,5.28,5.39
5aba40e3d8ee4846a6031238504ae286,scene-1100,night,car,vehicle.car,car,v80-100,90.5,33.86,31.78,17.09,False,25.33,25.35,25.37,26.27,24.42,24.88
5aba40e3d8ee4846a6031238504ae286,scene-1100,night,bus,vehicle.bus.rigid,bus,v80-100,94.6,74.18,68.09,33.27,False,49.36,50.35,51.34,52.03,49.36,50.27
5aba40e3d8ee4846a6031238504ae286,scene-1100,night,car,vehicle.car,car,v80-100,53.6,54.13,52.0,26.2,False,39.02,39.07,39.12,39.88,39.02,39.39
5aba40e3d8ee4846a6031238504ae286,scene-1100,night,cyclist,vehicle.motorcycle,person,v80-100,147.3,18.19,17.92,8.76,False,17.58,18.03,17.58,18.18,18.49,18.89
5aba40e3d8ee4846a6031238504ae286,scene-1100,night,car,vehicle.car,car,v80-100,44.0,53.65,51.38,15.71,False,45.8,45.93,45.8,45.86,44.76,45.41
8cee078e41ba487195016581ef895eb8,scene-1100,night,bus,vehicle.bus.rigid,bus,v80-100,94.7,74.25,68.16,33.56,False,46.86,49.37,51.88,52.62,46.86,49.12
8cee078e41ba487195016581ef895eb8,scene-1100,night,car,vehicle.car,car,v80-100,87.4,27.59,25.24,3.72,False,25.04,25.37,25.04,25.11,25.69,25.93
8cee078e41ba487195016581ef895eb8,scene-1100,night,car,vehicle.car,car,v80-100,47.8,49.54,47.26,14.04,False,41.8,42.19,41.06,41.82,41.8,43.24
8cee078e41ba487195016581ef895eb8,scene-1100,night,car,vehicle.car,car,v80-100,53.7,54.19,52.05,26.55,False,38.37,40.39,41.07,41.74,38.37,39.49
8cee078e41ba487195016581ef895eb8,scene-1100,night,cyclist,vehicle.motorcycle,person,v80-100,146.9,18.19,17.92,8.7,False,17.21,17.23,17.26,17.3,17.21,18.11
1ccd17b9ef5141099e59eb72127241b2,scene-1100,night,bus,vehicle.bus.rigid,bus,v80-100,94.4,74.72,68.63,34.13,False,40.86,45.84,50.81,51.12,40.86,44.0
1ccd17b9ef5141099e59eb72127241b2,scene-1100,night,car,vehicle.car,car,v80-100,108.5,22.52,20.15,1.53,False,19.93,20.23,19.93,20.18,20.52,20.61
1ccd17b9ef5141099e59eb72127241b2,scene-1100,night,car,vehicle.car,car,v80-100,53.0,44.92,42.64,12.18,False,38.67,38.9,37.81,38.24,39.13,39.26
1ccd17b9ef5141099e59eb72127241b2,scene-1100,night,car,vehicle.car,car,v80-100,53.4,54.71,52.57,27.05,False,36.98,39.98,41.09,42.04,36.98,38.36
649df4f65e0a479baaa2fd35e62f4161,scene-1100,night,bus,vehicle.bus.rigid,bus,v80-100,93.6,75.21,69.12,34.3,False,38.95,44.47,49.99,51.74,38.95,43.44
649df4f65e0a479baaa2fd35e62f4161,scene-1100,night,car,vehicle.car,car,v80-100,59.1,40.35,38.05,10.03,False,32.91,33.39,33.88,34.17,32.91,33.75
649df4f65e0a479baaa2fd35e62f4161,scene-1100,night,car,vehicle.car,car,v80-100,142.4,17.6,15.23,0.0,True,15.82,15.86,15.9,15.99,15.8,15.81
649df4f65e0a479baaa2fd35e62f4161,scene-1100,night,car,vehicle.car,car,v80-100,52.9,55.02,52.88,27.14,False,35.07,38.01,40.95,41.3,35.07,36.61
649df4f65e0a479baaa2fd35e62f4161,scene-1100,night,cyclist,vehicle.motorcycle,person,v80-100,148.7,18.05,17.81,8.72,False,16.65,17.02,17.4,17.65,16.65,17.91
71f45d9cab8f4716aabde882bd8bcc80,scene-1100,night,bus,vehicle.bus.rigid,bus,v80-100,93.0,75.72,69.63,34.56,False,38.53,41.41,44.3,47.89,38.53,40.81
71f45d9cab8f4716aabde882bd8bcc80,scene-1100,night,car,vehicle.car,car,v80-100,65.9,36.24,33.93,8.08,False,29.96,30.27,30.58,31.03,29.96,31.13
71f45d9cab8f4716aabde882bd8bcc80,scene-1100,night,car,vehicle.car,car,v80-100,206.6,12.96,10.62,0.0,True,10.61,10.98,10.61,11.07,11.36,11.38
639ffa5d537147cf8bd37be080d6cfa0,scene-1100,night,bus,vehicle.bus.rigid,bus,v80-100,92.3,76.23,70.15,34.83,False,40.73,45.87,51.01,51.08,40.73,44.08
639ffa5d537147cf8bd37be080d6cfa0,scene-1100,night,car,vehicle.car,car,v80-100,52.3,55.68,53.53,27.47,False,36.58,39.86,42.81,42.98,36.58,38.91
639ffa5d537147cf8bd37be080d6cfa0,scene-1100,night,car,vehicle.car,car,v80-100,379.6,8.85,6.77,1.72,False,6.53,6.55,6.58,7.0,6.53,6.63
639ffa5d537147cf8bd37be080d6cfa0,scene-1100,night,car,vehicle.car,car,v80-100,74.5,32.16,29.83,6.14,False,26.83,27.52,27.25,27.73,26.83,27.83
93f325d6ad2e47cb951226809c28f7d2,scene-1100,night,bus,vehicle.bus.rigid,bus,v80-100,91.6,76.74,70.66,35.1,False,46.37,49.73,51.22,52.16,46.37,46.72
93f325d6ad2e47cb951226809c28f7d2,scene-1100,night,car,vehicle.car,car,v80-100,85.2,28.18,25.85,4.23,False,25.96,25.99,25.0,25.48,26.02,26.04
93f325d6ad2e47cb951226809c28f7d2,scene-1100,night,car,vehicle.car,car,v80-100,52.0,56.01,53.86,27.64,False,39.05,40.93,41.6,42.2,38.69,38.87
91db399968274b33873d36d9e6ce5965,scene-1100,night,bus,vehicle.bus.rigid,bus,v80-100,91.0,77.26,71.18,35.43,False,47.22,50.16,53.11,54.11,47.22,48.92
91db399968274b33873d36d9e6ce5965,scene-1100,night,car,vehicle.car,car,v80-100,51.7,56.34,54.19,27.85,False,39.88,40.64,41.39,41.68,36.74,38.31
91db399968274b33873d36d9e6ce5965,scene-1100,night,pedestrian,human.pedestrian.adult,person,v80-100,129.9,18.95,18.77,7.28,False,17.9,18.31,17.9,18.75,18.73,19.04
f4cad237e12f4e6ebbc06465ff636017,scene-1100,night,bus,vehicle.bus.rigid,bus,v80-100,90.7,77.83,71.75,36.2,False,46.23,49.77,53.31,54.59,46.23,47.62
f4cad237e12f4e6ebbc06465ff636017,scene-1100,night,car,vehicle.car,car,v80-100,51.4,56.83,54.67,28.51,False,38.61,40.74,42.87,43.05,37.7,38.16
f4cad237e12f4e6ebbc06465ff636017,scene-1100,night,car,vehicle.car,car,v80-100,118.9,20.52,18.18,0.32,True,17.88,17.98,18.08,18.32,17.82,17.85
8a9c799e507647a68bc4b2b122747076,scene-1100,night,car,vehicle.car,car,v80-100,51.5,57.18,55.02,29.35,False,40.81,41.44,40.81,41.58,36.78,39.42
7bd7512987874d0a9a0d7d0a899622ed,scene-1100,night,bus,vehicle.bus.rigid,bus,v80-100,87.4,80.85,74.78,38.19,False,51.59,54.36,56.5,56.81,51.59,52.73
7bd7512987874d0a9a0d7d0a899622ed,scene-1100,night,car,vehicle.car,car,v80-100,167.5,15.15,13.3,0.0,True,13.41,13.53,13.64,14.11,13.41,13.69
7bd7512987874d0a9a0d7d0a899622ed,scene-1100,night,car,vehicle.car,car,v80-100,51.0,57.58,55.41,29.6,False,41.33,41.66,41.33,42.18,38.25,40.12
2e3cd48e3bb2488d934d1b48982ddf8e,scene-1100,night,car,vehicle.car,car,v80-100,192.3,13.98,12.83,2.3,False,11.88,12.09,11.88,12.14,12.3,12.35
2e3cd48e3bb2488d934d1b48982ddf8e,scene-1100,night,bus,vehicle.bus.rigid,bus,v80-100,85.2,82.82,76.74,39.34,False,54.85,56.0,57.15,57.27,54.85,55.75
2e3cd48e3bb2488d934d1b48982ddf8e,scene-1100,night,car,vehicle.car,car,v80-100,50.0,58.75,56.57,30.35,False,43.88,43.88,43.88,44.41,41.25,42.56
c938275052124ba9b3ec7c28f63011af,scene-1100,night,bus,vehicle.bus.rigid,bus,v80-100,83.8,84.59,78.51,40.93,False,54.6,58.44,54.58,58.42,54.6,55.53
c938275052124ba9b3ec7c28f63011af,scene-1100,night,car,vehicle.car,car,v80-100,205.2,14.06,13.09,4.58,False,11.3,11.32,11.3,11.55,11.35,11.54
c938275052124ba9b3ec7c28f63011af,scene-1100,night,car,vehicle.car,car,v80-100,49.3,59.8,57.63,31.42,False,43.99,48.81,43.92,48.78,43.99,44.42
82ea0ffe57654ac6b6a276c4f2e532d6,scene-1100,night,bus,vehicle.bus.rigid,car,v80-100,82.8,87.29,81.18,44.69,False,44.49,51.48,50.17,54.31,44.49,48.28
9ee04d160a514511a093dd35ea6f5604,scene-1100,night,pedestrian,human.pedestrian.adult,person,v80-100,121.6,18.26,18.05,0.2,True,19.43,20.58,19.43,20.56,19.74,20.73
20b9db8f43d6444ea6eba0e0402dc581,scene-1100,night,pedestrian,human.pedestrian.adult,person,v80-100,122.0,18.16,17.96,0.0,True,18.78,18.95,18.23,18.51,19.13,19.16
5bb3f45dfe05468b8aac65464502f883,scene-1100,night,car,vehicle.car,car,v60-80,61.1,42.26,39.83,18.46,False,23.95,27.97,31.99,33.53,23.95,26.66
9a5000ac405c41959f5c51d25af49d00,scene-1100,night,car,vehicle.car,car,v60-80,68.9,37.37,34.94,15.53,False,26.45,27.54,28.62,29.34,26.45,27.27
7bf078cc3e664137b4960898bc5067e9,scene-1100,night,car,vehicle.car,car,v80-100,94.8,27.62,25.18,9.77,False,21.54,22.41,23.28,23.38,21.54,21.83
70897e74c0224d819a92f17d285ee4c8,scene-1100,night,car,vehicle.car,car,v80-100,116.5,22.66,20.2,6.98,False,18.41,18.56,18.71,19.04,18.41,18.43
83be17e597cc4144bb776fe42336caf7,scene-1100,night,car,vehicle.car,car,v80-100,151.1,17.74,15.26,4.19,False,14.55,14.73,14.55,14.88,14.62,14.77
ccf3c969a3c74cd1b34ab6b1045ad0ab,scene-1100,night,car,vehicle.car,car,v80-100,220.3,12.57,10.06,1.34,False,9.95,10.29,9.95,10.29,10.08,10.35
ccf3c969a3c74cd1b34ab6b1045ad0ab,scene-1100,night,car,vehicle.car,car,v60-80,77.3,35.16,32.85,14.16,False,25.61,26.04,26.09,26.28,25.61,26.16
d05e9e109cd7431eb173763f0d2b2727,scene-1100,night,car,vehicle.car,car,v80-100,91.1,29.88,27.57,11.02,False,23.01,23.27,23.54,23.58,23.01,23.37
d05e9e109cd7431eb173763f0d2b2727,scene-1100,night,car,vehicle.car,car,v80-100,408.2,7.62,5.13,0.0,True,5.4,5.62,5.4,5.76,5.68,5.76
02525bc381f14e45936356c339a23922,scene-1100,night,car,vehicle.car,car,v80-100,110.9,24.64,22.3,7.87,False,19.79,20.13,20.48,20.68,19.79,19.85
02525bc381f14e45936356c339a23922,scene-1100,night,car,vehicle.car,car,v40-60,44.4,49.87,47.48,22.64,False,25.75,31.87,35.73,36.86,25.75,31.37
c76cfc72a390467b8a12f87df95f394b,scene-1100,night,car,vehicle.car,car,v80-100,142.0,19.31,16.95,4.78,False,15.75,15.79,15.75,16.12,15.38,15.61
c76cfc72a390467b8a12f87df95f394b,scene-1100,night,car,vehicle.car,car,v60-80,51.4,43.34,40.96,19.02,False,33.06,33.17,33.06,34.01,31.0,32.14
445dcd95cebc4c21b3e6a929fd2297bc,scene-1100,night,car,vehicle.car,car,v80-100,197.4,14.08,11.7,1.69,False,11.82,12.0,11.82,12.2,11.95,12.06
445dcd95cebc4c21b3e6a929fd2297bc,scene-1100,night,car,vehicle.car,car,v80-100,61.2,36.79,34.42,15.54,False,27.23,29.22,29.52,30.37,27.23,28.16
