frame,label,type,group,box_height_px,true_m,metric3d-v2-small_median,metric3d-v2-small_p10,metric3d-v2-small_p25
02_Hanns_Klemm_Str_44_000000_000020,05,"crate (gray, 2x stacked)",standard objects,12.0,62.8,119.03,109.42,113.12
02_Hanns_Klemm_Str_44_000000_000030,05,"crate (gray, 2x stacked)",standard objects,12.0,61.07,115.17,104.03,108.4
02_Hanns_Klemm_Str_44_000000_000040,05,"crate (gray, 2x stacked)",standard objects,12.0,57.82,106.52,96.66,99.86
02_Hanns_Klemm_Str_44_000000_000050,05,"crate (gray, 2x stacked)",standard objects,14.0,55.46,104.28,88.31,93.14
02_Hanns_Klemm_Str_44_000000_000060,05,"crate (gray, 2x stacked)",standard objects,14.0,53.3,85.26,74.29,75.75
02_Hanns_Klemm_Str_44_000000_000070,05,"crate (gray, 2x stacked)",standard objects,15.0,50.07,79.75,73.09,75.19
02_Hanns_Klemm_Str_44_000000_000080,05,"crate (gray, 2x stacked)",standard objects,17.0,46.68,82.81,70.65,74.22
02_Hanns_Klemm_Str_44_000000_000090,05,"crate (gray, 2x stacked)",standard objects,17.0,43.3,83.04,68.46,72.67
02_Hanns_Klemm_Str_44_000000_000100,05,"crate (gray, 2x stacked)",standard objects,19.0,39.82,59.86,54.83,56.39
02_Hanns_Klemm_Str_44_000000_000110,05,"crate (gray, 2x stacked)",standard objects,21.0,35.36,56.92,51.81,53.05
02_Hanns_Klemm_Str_44_000000_000120,05,"crate (gray, 2x stacked)",standard objects,24.0,30.89,46.73,43.04,44.39
02_Hanns_Klemm_Str_44_000000_000130,05,"crate (gray, 2x stacked)",standard objects,29.0,26.44,37.18,35.78,36.37
02_Hanns_Klemm_Str_44_000000_000140,05,"crate (gray, 2x stacked)",standard objects,34.0,22.13,28.65,28.0,28.29
02_Hanns_Klemm_Str_44_000000_000150,05,"crate (gray, 2x stacked)",standard objects,44.0,18.09,22.19,21.91,21.99
02_Hanns_Klemm_Str_44_000000_000160,05,"crate (gray, 2x stacked)",standard objects,56.0,14.09,16.92,16.78,16.84
02_Hanns_Klemm_Str_44_000000_000170,05,"crate (gray, 2x stacked)",standard objects,76.0,10.47,11.69,11.63,11.65
02_Hanns_Klemm_Str_44_000000_000180,05,"crate (gray, 2x stacked)",standard objects,120.0,7.16,7.9,7.83,7.86
02_Hanns_Klemm_Str_44_000001_000020,05,"crate (gray, 2x stacked)",standard objects,12.0,60.81,120.82,112.98,116.23
02_Hanns_Klemm_Str_44_000001_000020,04,crate (gray),standard objects,7.0,60.19,130.16,120.71,123.56
02_Hanns_Klemm_Str_44_000001_000030,05,"crate (gray, 2x stacked)",standard objects,13.0,59.63,114.0,103.16,107.33
02_Hanns_Klemm_Str_44_000001_000030,04,crate (gray),standard objects,8.0,59.2,120.79,112.24,114.89
02_Hanns_Klemm_Str_44_000001_000040,05,"crate (gray, 2x stacked)",standard objects,13.0,59.22,113.09,103.11,107.38
02_Hanns_Klemm_Str_44_000001_000040,04,crate (gray),standard objects,8.0,57.15,118.57,108.14,111.48
02_Hanns_Klemm_Str_44_000001_000050,05,"crate (gray, 2x stacked)",standard objects,13.0,55.41,97.15,93.76,95.38
02_Hanns_Klemm_Str_44_000001_000050,04,crate (gray),standard objects,8.0,55.36,116.6,105.48,109.62
02_Hanns_Klemm_Str_44_000001_000060,05,"crate (gray, 2x stacked)",standard objects,14.0,53.08,104.87,98.46,101.15
02_Hanns_Klemm_Str_44_000001_000060,04,crate (gray),standard objects,8.0,53.39,108.64,98.47,101.91
02_Hanns_Klemm_Str_44_000001_000070,05,"crate (gray, 2x stacked)",standard objects,15.0,52.46,86.56,84.28,85.57
02_Hanns_Klemm_Str_44_000001_000070,04,crate (gray),standard objects,8.0,51.45,107.01,94.15,98.96
02_Hanns_Klemm_Str_44_000001_000080,05,"crate (gray, 2x stacked)",standard objects,15.0,49.69,80.9,77.93,79.12
02_Hanns_Klemm_Str_44_000001_000080,04,crate (gray),standard objects,9.0,49.94,96.82,84.51,87.7
02_Hanns_Klemm_Str_44_000001_000090,05,"crate (gray, 2x stacked)",standard objects,15.0,48.22,87.78,79.86,82.88
02_Hanns_Klemm_Str_44_000001_000090,04,crate (gray),standard objects,9.0,47.53,88.27,79.93,82.96
02_Hanns_Klemm_Str_44_000001_000100,05,"crate (gray, 2x stacked)",standard objects,18.0,44.2,82.62,76.31,78.53
02_Hanns_Klemm_Str_44_000001_000100,04,crate (gray),standard objects,9.0,44.53,83.06,75.83,78.53
02_Hanns_Klemm_Str_44_000001_000110,05,"crate (gray, 2x stacked)",standard objects,18.0,42.03,72.18,67.78,69.54
02_Hanns_Klemm_Str_44_000001_000110,04,crate (gray),standard objects,11.0,41.68,72.35,66.14,68.55
02_Hanns_Klemm_Str_44_000001_000120,05,"crate (gray, 2x stacked)",standard objects,19.0,37.86,74.26,64.47,67.36
02_Hanns_Klemm_Str_44_000001_000120,04,crate (gray),standard objects,11.0,38.76,67.63,63.15,64.44
02_Hanns_Klemm_Str_44_000001_000130,05,"crate (gray, 2x stacked)",standard objects,22.0,35.13,69.53,60.74,63.28
02_Hanns_Klemm_Str_44_000001_000130,04,crate (gray),standard objects,12.0,35.11,63.65,57.49,59.18
02_Hanns_Klemm_Str_44_000001_000140,05,"crate (gray, 2x stacked)",standard objects,25.0,31.16,60.33,53.07,55.15
02_Hanns_Klemm_Str_44_000001_000140,04,crate (gray),standard objects,14.0,31.42,53.82,48.92,50.58
02_Hanns_Klemm_Str_44_000001_000150,05,"crate (gray, 2x stacked)",standard objects,28.0,27.29,44.04,41.48,42.5
02_Hanns_Klemm_Str_44_000001_000150,04,crate (gray),standard objects,17.0,27.53,42.54,39.48,40.43
02_Hanns_Klemm_Str_44_000001_000160,05,"crate (gray, 2x stacked)",standard objects,33.0,23.13,31.08,30.48,30.63
02_Hanns_Klemm_Str_44_000001_000160,04,crate (gray),standard objects,19.0,23.54,31.14,29.62,30.14
02_Hanns_Klemm_Str_44_000001_000170,05,"crate (gray, 2x stacked)",standard objects,41.0,19.38,25.95,25.4,25.67
02_Hanns_Klemm_Str_44_000001_000170,04,crate (gray),standard objects,25.0,19.65,26.13,25.14,25.45
02_Hanns_Klemm_Str_44_000001_000180,05,"crate (gray, 2x stacked)",standard objects,53.0,15.19,18.96,18.8,18.88
02_Hanns_Klemm_Str_44_000001_000180,04,crate (gray),standard objects,32.0,15.51,18.78,18.41,18.56
02_Hanns_Klemm_Str_44_000001_000190,05,"crate (gray, 2x stacked)",standard objects,72.0,11.46,13.5,13.38,13.42
02_Hanns_Klemm_Str_44_000001_000190,04,crate (gray),standard objects,44.0,11.63,13.28,13.09,13.15
02_Hanns_Klemm_Str_44_000001_000200,05,"crate (gray, 2x stacked)",standard objects,105.0,7.93,9.68,9.64,9.66
02_Hanns_Klemm_Str_44_000001_000200,04,crate (gray),standard objects,70.0,7.99,9.57,9.45,9.48
02_Hanns_Klemm_Str_44_000002_000020,02,"crate (black, 2x stacked)",standard objects,23.0,62.46,120.87,115.21,116.32
02_Hanns_Klemm_Str_44_000002_000020,01,crate (black),standard objects,10.0,61.57,111.52,106.42,108.12
02_Hanns_Klemm_Str_44_000002_000030,01,crate (black),standard objects,11.0,60.22,102.88,99.62,100.92
02_Hanns_Klemm_Str_44_000002_000030,02,"crate (black, 2x stacked)",standard objects,23.0,60.63,115.59,110.29,112.15
02_Hanns_Klemm_Str_44_000002_000040,02,"crate (black, 2x stacked)",standard objects,23.0,58.42,115.87,108.3,110.51
02_Hanns_Klemm_Str_44_000002_000040,01,crate (black),standard objects,10.0,57.87,95.04,92.72,93.69
02_Hanns_Klemm_Str_44_000002_000050,02,"crate (black, 2x stacked)",standard objects,25.0,56.85,107.01,103.06,103.74
02_Hanns_Klemm_Str_44_000002_000050,01,crate (black),standard objects,11.0,54.98,98.73,94.35,95.56
02_Hanns_Klemm_Str_44_000002_000060,02,"crate (black, 2x stacked)",standard objects,26.0,52.31,101.21,94.96,97.4
02_Hanns_Klemm_Str_44_000002_000060,01,crate (black),standard objects,13.0,53.96,88.91,86.97,87.55
02_Hanns_Klemm_Str_44_000002_000070,02,"crate (black, 2x stacked)",standard objects,26.0,50.86,88.48,82.94,84.17
02_Hanns_Klemm_Str_44_000002_000070,01,crate (black),standard objects,13.0,50.19,80.09,79.06,79.28
02_Hanns_Klemm_Str_44_000002_000080,02,"crate (black, 2x stacked)",standard objects,28.0,49.14,79.13,76.98,77.54
02_Hanns_Klemm_Str_44_000002_000080,01,crate (black),standard objects,14.0,48.2,85.67,82.66,83.9
02_Hanns_Klemm_Str_44_000002_000090,02,"crate (black, 2x stacked)",standard objects,31.0,44.0,79.13,75.91,77.1
02_Hanns_Klemm_Str_44_000002_000090,01,crate (black),standard objects,15.0,43.92,74.38,72.13,72.81
02_Hanns_Klemm_Str_44_000002_000100,02,"crate (black, 2x stacked)",standard objects,33.0,41.72,60.58,58.15,59.13
02_Hanns_Klemm_Str_44_000002_000100,01,crate (black),standard objects,16.0,41.44,62.13,60.07,60.85
02_Hanns_Klemm_Str_44_000002_000110,01,crate (black),standard objects,19.0,37.13,55.04,53.84,54.23
02_Hanns_Klemm_Str_44_000002_000110,02,"crate (black, 2x stacked)",standard objects,37.0,36.89,58.55,57.1,57.85
02_Hanns_Klemm_Str_44_000002_000120,01,crate (black),standard objects,19.0,33.73,48.92,48.17,48.44
02_Hanns_Klemm_Str_44_000002_000120,02,"crate (black, 2x stacked)",standard objects,40.0,33.43,47.46,46.93,47.22
02_Hanns_Klemm_Str_44_000002_000130,02,"crate (black, 2x stacked)",standard objects,47.0,28.86,42.71,41.98,42.47
02_Hanns_Klemm_Str_44_000002_000130,01,crate (black),standard objects,21.0,28.82,41.1,40.86,40.95
02_Hanns_Klemm_Str_44_000002_000140,02,"crate (black, 2x stacked)",standard objects,55.0,25.01,34.99,34.05,34.71
02_Hanns_Klemm_Str_44_000002_000140,01,crate (black),standard objects,26.0,24.9,33.05,32.73,32.82
02_Hanns_Klemm_Str_44_000002_000150,02,"crate (black, 2x stacked)",standard objects,67.0,20.4,28.58,28.08,28.33
02_Hanns_Klemm_Str_44_000002_000150,01,crate (black),standard objects,34.0,20.54,26.86,26.48,26.62
02_Hanns_Klemm_Str_44_000002_000160,02,"crate (black, 2x stacked)",standard objects,87.0,15.94,20.56,20.39,20.45
02_Hanns_Klemm_Str_44_000002_000160,01,crate (black),standard objects,42.0,16.07,20.47,20.26,20.34
02_Hanns_Klemm_Str_44_000002_000170,02,"crate (black, 2x stacked)",standard objects,120.0,11.89,14.29,14.15,14.23
02_Hanns_Klemm_Str_44_000002_000170,01,crate (black),standard objects,59.0,12.01,14.31,14.08,14.2
02_Hanns_Klemm_Str_44_000002_000180,02,"crate (black, 2x stacked)",standard objects,172.0,8.2,10.27,10.13,10.21
02_Hanns_Klemm_Str_44_000002_000180,01,crate (black),standard objects,87.0,8.27,10.05,9.95,9.99
02_Hanns_Klemm_Str_44_000003_000020,20,tire,random hazards,9.0,62.98,121.66,112.35,115.96
02_Hanns_Klemm_Str_44_000003_000020,34,styrofoam,random hazards,6.0,63.42,118.82,114.26,115.97
02_Hanns_Klemm_Str_44_000003_000030,20,tire,random hazards,10.0,61.95,111.44,103.77,106.78
02_Hanns_Klemm_Str_44_000003_000030,34,styrofoam,random hazards,6.0,62.31,113.76,108.59,110.87
02_Hanns_Klemm_Str_44_000003_000040,20,tire,random hazards,10.0,59.91,126.65,117.21,121.61
02_Hanns_Klemm_Str_44_000003_000040,34,styrofoam,random hazards,8.0,60.36,123.78,114.41,119.49
02_Hanns_Klemm_Str_44_000003_000050,20,tire,random hazards,11.0,55.48,107.54,99.46,102.26
02_Hanns_Klemm_Str_44_000003_000050,34,styrofoam,random hazards,7.0,55.62,110.09,103.45,105.85
02_Hanns_Klemm_Str_44_000003_000060,20,tire,random hazards,10.0,54.2,100.17,89.54,92.85
02_Hanns_Klemm_Str_44_000003_000060,34,styrofoam,random hazards,8.0,52.78,98.01,91.76,93.86
02_Hanns_Klemm_Str_44_000003_000070,20,tire,random hazards,11.0,52.37,93.96,84.6,87.94
02_Hanns_Klemm_Str_44_000003_000070,34,styrofoam,random hazards,8.0,50.6,93.47,88.09,90.84
02_Hanns_Klemm_Str_44_000003_000080,20,tire,random hazards,13.0,47.58,90.58,80.42,84.26
02_Hanns_Klemm_Str_44_000003_000080,34,styrofoam,random hazards,10.0,47.81,88.19,81.68,83.88
02_Hanns_Klemm_Str_44_000003_000090,20,tire,random hazards,14.0,43.81,81.76,72.98,75.47
02_Hanns_Klemm_Str_44_000003_000090,34,styrofoam,random hazards,9.0,43.42,80.3,76.73,78.05
02_Hanns_Klemm_Str_44_000003_000100,20,tire,random hazards,15.0,39.29,65.26,59.57,61.09
02_Hanns_Klemm_Str_44_000003_000100,34,styrofoam,random hazards,11.0,39.63,64.78,61.16,62.21
02_Hanns_Klemm_Str_44_000003_000110,20,tire,random hazards,17.0,36.09,63.09,58.18,59.51
02_Hanns_Klemm_Str_44_000003_000110,34,styrofoam,random hazards,12.0,35.85,62.1,57.85,59.43
02_Hanns_Klemm_Str_44_000003_000120,20,tire,random hazards,19.0,30.76,46.01,43.45,44.29
02_Hanns_Klemm_Str_44_000003_000120,34,styrofoam,random hazards,14.0,31.61,46.03,43.3,44.21
02_Hanns_Klemm_Str_44_000003_000130,20,tire,random hazards,22.0,26.6,37.31,35.51,36.15
02_Hanns_Klemm_Str_44_000003_000130,34,styrofoam,random hazards,16.0,26.75,38.0,35.72,36.52
02_Hanns_Klemm_Str_44_000003_000140,20,tire,random hazards,27.0,22.01,28.82,28.25,28.45
02_Hanns_Klemm_Str_44_000003_000140,34,styrofoam,random hazards,19.0,22.25,29.14,27.69,28.16
02_Hanns_Klemm_Str_44_000003_000150,20,tire,random hazards,36.0,17.27,20.96,20.6,20.69
02_Hanns_Klemm_Str_44_000003_000150,34,styrofoam,random hazards,25.0,17.54,21.36,20.76,20.97
02_Hanns_Klemm_Str_44_000003_000160,20,tire,random hazards,50.0,12.73,14.72,14.48,14.57
02_Hanns_Klemm_Str_44_000003_000160,34,styrofoam,random hazards,37.0,13.05,15.43,15.11,15.2
02_Hanns_Klemm_Str_44_000003_000170,20,tire,random hazards,79.0,8.62,9.42,9.28,9.31
02_Hanns_Klemm_Str_44_000003_000170,34,styrofoam,random hazards,57.0,8.85,9.84,9.64,9.69
02_Hanns_Klemm_Str_44_000005_000020,08,cardboard box,random hazards,10.0,60.42,123.52,107.25,111.89
02_Hanns_Klemm_Str_44_000005_000020,13,exhaust pipe,random hazards,10.0,60.3,93.66,91.49,92.58
02_Hanns_Klemm_Str_44_000005_000030,08,cardboard box,random hazards,10.0,60.3,121.31,108.69,112.6
02_Hanns_Klemm_Str_44_000005_000030,13,exhaust pipe,random hazards,9.0,59.91,102.76,101.07,101.75
02_Hanns_Klemm_Str_44_000005_000040,08,cardboard box,random hazards,11.0,57.89,120.23,103.03,110.14
02_Hanns_Klemm_Str_44_000005_000040,13,exhaust pipe,random hazards,10.0,58.98,99.93,96.92,98.69
02_Hanns_Klemm_Str_44_000005_000050,08,cardboard box,random hazards,10.0,56.01,96.21,89.07,91.67
02_Hanns_Klemm_Str_44_000005_000050,13,exhaust pipe,random hazards,10.0,56.11,93.67,88.69,90.55
02_Hanns_Klemm_Str_44_000005_000060,08,cardboard box,random hazards,10.0,53.48,87.83,83.77,85.45
02_Hanns_Klemm_Str_44_000005_000060,13,exhaust pipe,random hazards,9.0,52.82,95.73,92.53,94.17
02_Hanns_Klemm_Str_44_000005_000070,08,cardboard box,random hazards,11.0,50.62,90.97,83.9,86.51
02_Hanns_Klemm_Str_44_000005_000070,13,exhaust pipe,random hazards,12.0,51.21,84.65,82.56,83.48
02_Hanns_Klemm_Str_44_000005_000080,08,cardboard box,random hazards,13.0,47.51,78.84,72.9,75.57
02_Hanns_Klemm_Str_44_000005_000080,13,exhaust pipe,random hazards,12.0,49.03,79.4,75.16,76.67
02_Hanns_Klemm_Str_44_000005_000090,08,cardboard box,random hazards,13.0,44.11,67.1,62.25,63.91
02_Hanns_Klemm_Str_44_000005_000090,13,exhaust pipe,random hazards,12.0,44.23,66.66,64.09,65.29
02_Hanns_Klemm_Str_44_000005_000100,13,exhaust pipe,random hazards,14.0,40.54,64.7,62.35,63.41
02_Hanns_Klemm_Str_44_000005_000100,08,cardboard box,random hazards,14.0,40.37,66.05,60.13,61.98
02_Hanns_Klemm_Str_44_000005_000110,08,cardboard box,random hazards,16.0,36.64,58.1,52.68,54.41
02_Hanns_Klemm_Str_44_000005_000110,13,exhaust pipe,random hazards,16.0,37.18,56.62,53.27,54.5
02_Hanns_Klemm_Str_44_000005_000120,08,cardboard box,random hazards,18.0,32.29,44.7,42.36,43.13
02_Hanns_Klemm_Str_44_000005_000120,13,exhaust pipe,random hazards,19.0,33.0,47.21,43.89,44.93
02_Hanns_Klemm_Str_44_000005_000130,08,cardboard box,random hazards,20.0,28.11,36.52,35.33,35.73
02_Hanns_Klemm_Str_44_000005_000130,13,exhaust pipe,random hazards,22.0,28.89,40.06,37.37,38.29
02_Hanns_Klemm_Str_44_000005_000140,08,cardboard box,random hazards,25.0,24.19,30.33,29.56,29.85
02_Hanns_Klemm_Str_44_000005_000140,13,exhaust pipe,random hazards,26.0,24.75,31.04,29.29,29.77
02_Hanns_Klemm_Str_44_000005_000150,08,cardboard box,random hazards,30.0,20.45,24.71,24.18,24.37
02_Hanns_Klemm_Str_44_000005_000150,13,exhaust pipe,random hazards,31.0,20.89,25.28,23.95,24.34
02_Hanns_Klemm_Str_44_000005_000160,08,cardboard box,random hazards,37.0,16.67,18.84,18.45,18.57
02_Hanns_Klemm_Str_44_000005_000160,13,exhaust pipe,random hazards,40.0,17.14,19.92,19.13,19.35
02_Hanns_Klemm_Str_44_000005_000170,08,cardboard box,random hazards,47.0,12.98,14.17,13.96,14.04
02_Hanns_Klemm_Str_44_000005_000170,13,exhaust pipe,random hazards,50.0,13.61,14.85,14.36,14.49
02_Hanns_Klemm_Str_44_000005_000180,08,cardboard box,random hazards,63.0,9.69,10.17,10.08,10.11
02_Hanns_Klemm_Str_44_000005_000180,13,exhaust pipe,random hazards,65.0,10.26,10.62,10.35,10.43
02_Hanns_Klemm_Str_44_000005_000190,08,cardboard box,random hazards,96.0,6.74,7.29,7.19,7.22
02_Hanns_Klemm_Str_44_000005_000190,13,exhaust pipe,random hazards,97.0,7.25,7.72,7.54,7.58
02_Hanns_Klemm_Str_44_000006_000020,13,exhaust pipe,random hazards,10.0,37.16,45.88,40.73,43.19
02_Hanns_Klemm_Str_44_000006_000020,08,cardboard box,random hazards,9.0,54.63,52.81,48.14,49.42
02_Hanns_Klemm_Str_44_000006_000030,13,exhaust pipe,random hazards,11.0,47.44,47.53,42.97,45.22
02_Hanns_Klemm_Str_44_000006_000030,08,cardboard box,random hazards,10.0,51.8,52.5,47.88,49.0
02_Hanns_Klemm_Str_44_000006_000040,13,exhaust pipe,random hazards,12.0,54.13,51.16,47.65,48.83
02_Hanns_Klemm_Str_44_000006_000040,08,cardboard box,random hazards,12.0,51.6,57.17,51.14,53.47
02_Hanns_Klemm_Str_44_000006_000050,13,exhaust pipe,random hazards,12.0,48.86,46.02,43.25,44.21
02_Hanns_Klemm_Str_44_000006_000050,08,cardboard box,random hazards,11.0,50.62,50.4,45.09,46.89
02_Hanns_Klemm_Str_44_000006_000060,13,exhaust pipe,random hazards,12.0,48.29,45.67,42.41,43.71
02_Hanns_Klemm_Str_44_000006_000060,08,cardboard box,random hazards,12.0,49.59,51.23,44.95,47.35
02_Hanns_Klemm_Str_44_000006_000070,13,exhaust pipe,random hazards,15.0,46.95,36.56,34.34,35.15
02_Hanns_Klemm_Str_44_000006_000070,08,cardboard box,random hazards,12.0,45.26,40.59,35.73,37.5
02_Hanns_Klemm_Str_44_000006_000080,13,exhaust pipe,random hazards,14.0,43.45,36.34,33.89,34.8
02_Hanns_Klemm_Str_44_000006_000080,08,cardboard box,random hazards,13.0,42.84,40.53,35.96,37.54
02_Hanns_Klemm_Str_44_000006_000090,13,exhaust pipe,random hazards,16.0,40.47,36.0,33.88,34.66
02_Hanns_Klemm_Str_44_000006_000090,08,cardboard box,random hazards,14.0,39.91,40.12,36.08,37.42
02_Hanns_Klemm_Str_44_000006_000100,13,exhaust pipe,random hazards,18.0,37.2,32.55,30.9,31.45
02_Hanns_Klemm_Str_44_000006_000100,08,cardboard box,random hazards,15.0,37.12,34.84,31.75,32.65
02_Hanns_Klemm_Str_44_000006_000110,13,exhaust pipe,random hazards,18.0,34.67,36.51,34.17,34.95
02_Hanns_Klemm_Str_44_000006_000110,08,cardboard box,random hazards,15.0,34.35,34.91,31.92,32.88
02_Hanns_Klemm_Str_44_000006_000120,13,exhaust pipe,random hazards,21.0,31.32,35.04,32.91,33.63
02_Hanns_Klemm_Str_44_000006_000120,08,cardboard box,random hazards,18.0,30.81,33.92,31.29,32.34
02_Hanns_Klemm_Str_44_000006_000130,13,exhaust pipe,random hazards,24.0,28.35,31.42,29.65,30.26
02_Hanns_Klemm_Str_44_000006_000130,08,cardboard box,random hazards,20.0,27.67,29.16,27.69,28.25
02_Hanns_Klemm_Str_44_000006_000140,13,exhaust pipe,random hazards,29.0,24.82,27.06,25.49,26.1
02_Hanns_Klemm_Str_44_000006_000140,08,cardboard box,random hazards,22.0,24.61,25.59,24.71,25.02
02_Hanns_Klemm_Str_44_000006_000150,13,exhaust pipe,random hazards,33.0,21.58,24.1,22.96,23.37
02_Hanns_Klemm_Str_44_000006_000150,08,cardboard box,random hazards,27.0,21.27,22.58,22.05,22.22
02_Hanns_Klemm_Str_44_000006_000160,13,exhaust pipe,random hazards,40.0,18.26,19.69,18.66,19.05
02_Hanns_Klemm_Str_44_000006_000160,08,cardboard box,random hazards,32.0,17.87,18.82,18.41,18.63
02_Hanns_Klemm_Str_44_000006_000170,13,exhaust pipe,random hazards,50.0,14.58,16.16,15.29,15.52
02_Hanns_Klemm_Str_44_000006_000170,08,cardboard box,random hazards,39.0,14.29,15.15,14.9,15.02
02_Hanns_Klemm_Str_44_000006_000180,08,cardboard box,random hazards,55.0,10.69,11.47,11.34,11.39
02_Hanns_Klemm_Str_44_000006_000180,13,exhaust pipe,random hazards,71.0,11.04,11.66,11.34,11.45
02_Hanns_Klemm_Str_44_000006_000190,13,exhaust pipe,random hazards,113.0,7.59,8.9,8.48,8.61
02_Hanns_Klemm_Str_44_000006_000190,08,cardboard box,random hazards,82.0,7.34,9.43,8.41,8.61
02_Hanns_Klemm_Str_44_000007_000020,20,tire,random hazards,9.0,59.06,63.91,59.73,61.63
02_Hanns_Klemm_Str_44_000007_000030,20,tire,random hazards,9.0,57.95,63.02,58.41,59.88
02_Hanns_Klemm_Str_44_000007_000040,20,tire,random hazards,10.0,56.75,59.67,55.05,56.95
02_Hanns_Klemm_Str_44_000007_000050,20,tire,random hazards,9.0,55.55,61.27,56.89,58.43
02_Hanns_Klemm_Str_44_000007_000060,20,tire,random hazards,10.0,53.08,62.87,57.65,59.27
02_Hanns_Klemm_Str_44_000007_000070,20,tire,random hazards,10.0,53.79,65.54,60.6,62.42
02_Hanns_Klemm_Str_44_000007_000080,20,tire,random hazards,11.0,53.13,68.05,62.04,64.25
02_Hanns_Klemm_Str_44_000007_000090,20,tire,random hazards,11.0,52.94,57.71,52.83,54.46
02_Hanns_Klemm_Str_44_000007_000100,20,tire,random hazards,11.0,51.14,51.6,46.29,48.22
02_Hanns_Klemm_Str_44_000007_000110,20,tire,random hazards,13.0,47.86,54.49,49.1,50.94
02_Hanns_Klemm_Str_44_000007_000120,20,tire,random hazards,14.0,43.31,48.52,44.54,46.01
02_Hanns_Klemm_Str_44_000007_000130,20,tire,random hazards,14.0,40.1,48.04,44.21,45.52
02_Hanns_Klemm_Str_44_000007_000140,20,tire,random hazards,16.0,38.17,42.87,39.64,40.92
02_Hanns_Klemm_Str_44_000007_000150,20,tire,random hazards,17.0,34.94,38.89,35.76,36.91
02_Hanns_Klemm_Str_44_000007_000160,20,tire,random hazards,18.0,32.51,36.59,33.61,34.8
02_Hanns_Klemm_Str_44_000007_000170,20,tire,random hazards,21.0,30.21,31.59,29.8,30.49
02_Hanns_Klemm_Str_44_000007_000180,20,tire,random hazards,24.0,26.56,27.59,26.82,27.13
02_Hanns_Klemm_Str_44_000007_000190,20,tire,random hazards,25.0,23.46,25.3,24.64,25.08
02_Hanns_Klemm_Str_44_000007_000200,20,tire,random hazards,30.0,20.28,21.13,20.8,20.95
02_Hanns_Klemm_Str_44_000007_000210,20,tire,random hazards,36.0,17.09,17.53,17.24,17.38
02_Hanns_Klemm_Str_44_000007_000220,20,tire,random hazards,43.0,13.72,14.22,14.09,14.13
02_Hanns_Klemm_Str_44_000007_000230,20,tire,random hazards,62.0,10.22,10.79,10.62,10.67
02_Hanns_Klemm_Str_44_000007_000240,20,tire,random hazards,95.0,7.22,9.5,8.22,8.46
02_Hanns_Klemm_Str_44_000008_000020,20,tire,random hazards,7.0,64.43,88.49,82.39,84.72
02_Hanns_Klemm_Str_44_000008_000030,20,tire,random hazards,8.0,63.68,81.38,75.94,77.79
02_Hanns_Klemm_Str_44_000008_000040,20,tire,random hazards,9.0,61.92,76.03,70.62,72.33
02_Hanns_Klemm_Str_44_000008_000050,20,tire,random hazards,9.0,60.08,73.95,68.84,70.68
02_Hanns_Klemm_Str_44_000008_000060,20,tire,random hazards,9.0,65.15,74.34,68.86,70.9
02_Hanns_Klemm_Str_44_000008_000070,20,tire,random hazards,11.0,60.9,64.99,61.64,63.02
02_Hanns_Klemm_Str_44_000008_000080,20,tire,random hazards,11.0,55.38,67.07,63.1,64.72
02_Hanns_Klemm_Str_44_000008_000090,20,tire,random hazards,13.0,51.1,65.86,60.51,62.6
02_Hanns_Klemm_Str_44_000008_000100,20,tire,random hazards,13.0,48.27,57.04,53.31,54.59
02_Hanns_Klemm_Str_44_000008_000110,20,tire,random hazards,14.0,45.28,54.01,50.78,51.81
02_Hanns_Klemm_Str_44_000008_000120,20,tire,random hazards,15.0,40.77,50.39,46.91,48.22
02_Hanns_Klemm_Str_44_000008_000130,20,tire,random hazards,15.0,38.17,41.26,39.53,39.95
02_Hanns_Klemm_Str_44_000008_000140,20,tire,random hazards,17.0,34.28,38.49,37.7,38.02
02_Hanns_Klemm_Str_44_000008_000150,20,tire,random hazards,21.0,30.6,34.89,33.74,34.19
02_Hanns_Klemm_Str_44_000008_000160,20,tire,random hazards,21.0,26.35,29.68,28.99,29.25
02_Hanns_Klemm_Str_44_000008_000170,20,tire,random hazards,26.0,22.88,25.48,24.88,25.28
02_Hanns_Klemm_Str_44_000008_000180,20,tire,random hazards,32.0,19.12,20.44,20.12,20.33
02_Hanns_Klemm_Str_44_000008_000190,20,tire,random hazards,41.0,15.63,16.45,16.25,16.33
02_Hanns_Klemm_Str_44_000008_000200,20,tire,random hazards,54.0,11.87,12.28,12.11,12.17
02_Hanns_Klemm_Str_44_000008_000210,20,tire,random hazards,80.0,8.44,9.78,9.38,9.47
02_Hanns_Klemm_Str_44_000009_000020,02,"crate (black, 2x stacked)",standard objects,20.0,67.22,80.57,75.27,77.06
02_Hanns_Klemm_Str_44_000009_000020,01,crate (black),standard objects,9.0,67.71,94.73,88.38,90.87
02_Hanns_Klemm_Str_44_000009_000030,02,"crate (black, 2x stacked)",standard objects,20.0,64.53,90.26,82.31,85.33
02_Hanns_Klemm_Str_44_000009_000030,01,crate (black),standard objects,10.0,66.25,93.45,83.81,87.56
02_Hanns_Klemm_Str_44_000009_000040,02,"crate (black, 2x stacked)",standard objects,20.0,64.27,97.03,83.24,88.79
02_Hanns_Klemm_Str_44_000009_000040,01,crate (black),standard objects,10.0,65.68,96.0,85.4,89.0
02_Hanns_Klemm_Str_44_000009_000050,02,"crate (black, 2x stacked)",standard objects,20.0,63.23,93.33,83.8,86.93
02_Hanns_Klemm_Str_44_000009_000050,01,crate (black),standard objects,9.0,64.17,103.71,95.43,98.57
02_Hanns_Klemm_Str_44_000009_000060,02,"crate (black, 2x stacked)",standard objects,21.0,63.11,97.16,79.02,84.45
02_Hanns_Klemm_Str_44_000009_000060,01,crate (black),standard objects,10.0,63.45,90.42,83.33,85.95
02_Hanns_Klemm_Str_44_000009_000070,02,"crate (black, 2x stacked)",standard objects,22.0,63.01,94.84,75.9,81.01
02_Hanns_Klemm_Str_44_000009_000070,01,crate (black),standard objects,11.0,61.19,89.42,82.92,85.48
02_Hanns_Klemm_Str_44_000009_000080,02,"crate (black, 2x stacked)",standard objects,23.0,60.87,75.08,64.78,67.1
02_Hanns_Klemm_Str_44_000009_000080,01,crate (black),standard objects,11.0,61.42,75.29,67.73,70.72
02_Hanns_Klemm_Str_44_000009_000090,02,"crate (black, 2x stacked)",standard objects,23.0,58.71,78.72,68.51,71.37
02_Hanns_Klemm_Str_44_000009_000090,01,crate (black),standard objects,11.0,59.33,83.14,73.55,76.52
02_Hanns_Klemm_Str_44_000009_000100,02,"crate (black, 2x stacked)",standard objects,25.0,54.7,68.05,63.93,65.14
02_Hanns_Klemm_Str_44_000009_000100,01,crate (black),standard objects,12.0,55.84,74.74,69.16,70.9
02_Hanns_Klemm_Str_44_000009_000110,02,"crate (black, 2x stacked)",standard objects,26.0,50.97,76.13,66.65,69.46
02_Hanns_Klemm_Str_44_000009_000110,01,crate (black),standard objects,14.0,51.87,74.0,67.72,70.06
02_Hanns_Klemm_Str_44_000009_000120,02,"crate (black, 2x stacked)",standard objects,29.0,48.38,61.1,55.76,56.85
02_Hanns_Klemm_Str_44_000009_000120,01,crate (black),standard objects,14.0,48.42,61.41,57.46,59.18
02_Hanns_Klemm_Str_44_000009_000130,02,"crate (black, 2x stacked)",standard objects,30.0,44.14,57.79,54.08,54.83
02_Hanns_Klemm_Str_44_000009_000130,01,crate (black),standard objects,17.0,45.63,60.11,54.17,56.93
02_Hanns_Klemm_Str_44_000009_000140,02,"crate (black, 2x stacked)",standard objects,33.0,41.65,49.69,47.3,47.85
02_Hanns_Klemm_Str_44_000009_000140,01,crate (black),standard objects,18.0,40.77,52.39,47.96,49.54
02_Hanns_Klemm_Str_44_000009_000150,02,"crate (black, 2x stacked)",standard objects,36.0,37.31,43.14,41.75,42.25
02_Hanns_Klemm_Str_44_000009_000150,01,crate (black),standard objects,19.0,37.96,45.76,43.22,44.33
02_Hanns_Klemm_Str_44_000009_000160,02,"crate (black, 2x stacked)",standard objects,40.0,34.93,40.13,39.16,39.61
02_Hanns_Klemm_Str_44_000009_000160,01,crate (black),standard objects,21.0,34.37,41.51,39.85,40.46
02_Hanns_Klemm_Str_44_000009_000170,02,"crate (black, 2x stacked)",standard objects,48.0,30.75,36.29,35.61,35.98
02_Hanns_Klemm_Str_44_000009_000170,01,crate (black),standard objects,23.0,30.76,38.69,37.65,37.99
02_Hanns_Klemm_Str_44_000009_000180,02,"crate (black, 2x stacked)",standard objects,52.0,26.13,29.9,29.18,29.61
02_Hanns_Klemm_Str_44_000009_000180,01,crate (black),standard objects,27.0,26.49,31.14,30.36,30.62
02_Hanns_Klemm_Str_44_000009_000190,02,"crate (black, 2x stacked)",standard objects,65.0,22.58,24.52,24.26,24.39
02_Hanns_Klemm_Str_44_000009_000190,01,crate (black),standard objects,31.0,22.63,26.48,26.1,26.25
02_Hanns_Klemm_Str_44_000009_000200,02,"crate (black, 2x stacked)",standard objects,78.0,17.93,19.36,19.11,19.27
02_Hanns_Klemm_Str_44_000009_000200,01,crate (black),standard objects,38.0,18.04,20.35,20.12,20.21
02_Hanns_Klemm_Str_44_000009_000210,02,"crate (black, 2x stacked)",standard objects,103.0,13.54,14.42,13.96,14.21
02_Hanns_Klemm_Str_44_000009_000210,01,crate (black),standard objects,52.0,13.69,15.04,14.96,14.99
02_Hanns_Klemm_Str_44_000009_000220,02,"crate (black, 2x stacked)",standard objects,147.0,9.63,10.01,9.82,9.89
02_Hanns_Klemm_Str_44_000009_000220,01,crate (black),standard objects,75.0,9.7,10.51,10.33,10.43
02_Hanns_Klemm_Str_44_000009_000230,02,"crate (black, 2x stacked)",standard objects,227.0,6.35,6.92,6.69,6.74
02_Hanns_Klemm_Str_44_000009_000230,01,crate (black),standard objects,117.0,6.48,6.93,6.84,6.88
02_Hanns_Klemm_Str_44_000010_000020,05,"crate (gray, 2x stacked)",standard objects,10.0,64.79,86.18,78.01,80.33
02_Hanns_Klemm_Str_44_000010_000020,04,crate (gray),standard objects,6.0,67.57,80.07,73.86,76.09
02_Hanns_Klemm_Str_44_000010_000030,05,"crate (gray, 2x stacked)",standard objects,9.0,64.43,78.29,72.98,74.66
02_Hanns_Klemm_Str_44_000010_000030,04,crate (gray),standard objects,6.0,65.18,77.7,71.89,74.14
02_Hanns_Klemm_Str_44_000010_000040,05,"crate (gray, 2x stacked)",standard objects,11.0,62.62,89.44,80.37,83.68
02_Hanns_Klemm_Str_44_000010_000040,04,crate (gray),standard objects,7.0,62.89,84.38,78.52,80.4
02_Hanns_Klemm_Str_44_000010_000050,05,"crate (gray, 2x stacked)",standard objects,11.0,62.04,86.29,77.98,81.09
02_Hanns_Klemm_Str_44_000010_000050,04,crate (gray),standard objects,6.0,62.52,81.14,75.97,77.71
02_Hanns_Klemm_Str_44_000010_000060,05,"crate (gray, 2x stacked)",standard objects,11.0,63.08,89.56,81.41,84.36
02_Hanns_Klemm_Str_44_000010_000060,04,crate (gray),standard objects,6.0,61.76,85.1,79.45,81.54
02_Hanns_Klemm_Str_44_000010_000070,05,"crate (gray, 2x stacked)",standard objects,11.0,60.84,78.95,71.56,74.2
02_Hanns_Klemm_Str_44_000010_000070,04,crate (gray),standard objects,6.0,59.77,80.21,75.29,76.96
02_Hanns_Klemm_Str_44_000010_000080,05,"crate (gray, 2x stacked)",standard objects,12.0,57.48,76.12,68.78,71.59
02_Hanns_Klemm_Str_44_000010_000080,04,crate (gray),standard objects,7.0,60.29,76.04,70.75,73.1
02_Hanns_Klemm_Str_44_000010_000090,05,"crate (gray, 2x stacked)",standard objects,13.0,52.16,68.16,62.83,64.78
02_Hanns_Klemm_Str_44_000010_000090,04,crate (gray),standard objects,7.0,53.68,70.15,64.79,67.17
02_Hanns_Klemm_Str_44_000010_000100,05,"crate (gray, 2x stacked)",standard objects,13.0,49.92,68.1,61.96,64.3
02_Hanns_Klemm_Str_44_000010_000100,04,crate (gray),standard objects,8.0,49.65,65.31,60.24,62.57
02_Hanns_Klemm_Str_44_000010_000110,05,"crate (gray, 2x stacked)",standard objects,16.0,47.6,59.16,54.3,55.96
02_Hanns_Klemm_Str_44_000010_000110,04,crate (gray),standard objects,10.0,46.92,58.04,53.98,55.46
02_Hanns_Klemm_Str_44_000010_000120,05,"crate (gray, 2x stacked)",standard objects,16.0,42.63,55.17,50.09,52.07
02_Hanns_Klemm_Str_44_000010_000120,04,crate (gray),standard objects,11.0,43.28,52.58,48.37,50.18
02_Hanns_Klemm_Str_44_000010_000130,05,"crate (gray, 2x stacked)",standard objects,19.0,39.37,52.48,47.48,49.36
02_Hanns_Klemm_Str_44_000010_000130,04,crate (gray),standard objects,11.0,40.32,49.01,45.59,46.68
02_Hanns_Klemm_Str_44_000010_000140,05,"crate (gray, 2x stacked)",standard objects,19.0,35.62,44.59,41.4,42.47
02_Hanns_Klemm_Str_44_000010_000140,04,crate (gray),standard objects,13.0,36.16,42.82,40.48,41.42
02_Hanns_Klemm_Str_44_000010_000150,05,"crate (gray, 2x stacked)",standard objects,22.0,31.29,41.16,38.32,39.31
02_Hanns_Klemm_Str_44_000010_000150,04,crate (gray),standard objects,14.0,31.73,40.31,37.86,38.71
02_Hanns_Klemm_Str_44_000010_000160,05,"crate (gray, 2x stacked)",standard objects,29.0,27.84,35.76,32.4,33.62
02_Hanns_Klemm_Str_44_000010_000160,04,crate (gray),standard objects,18.0,27.92,35.12,32.61,33.6
02_Hanns_Klemm_Str_44_000010_000170,05,"crate (gray, 2x stacked)",standard objects,30.0,23.53,28.62,26.99,27.68
02_Hanns_Klemm_Str_44_000010_000170,04,crate (gray),standard objects,21.0,24.02,29.02,27.15,27.75
02_Hanns_Klemm_Str_44_000010_000180,05,"crate (gray, 2x stacked)",standard objects,39.0,19.59,22.9,22.24,22.44
02_Hanns_Klemm_Str_44_000010_000180,04,crate (gray),standard objects,24.0,19.84,23.21,22.34,22.77
02_Hanns_Klemm_Str_44_000010_000190,05,"crate (gray, 2x stacked)",standard objects,50.0,15.6,16.87,16.74,16.77
02_Hanns_Klemm_Str_44_000010_000190,04,crate (gray),standard objects,30.0,15.8,17.37,17.1,17.27
02_Hanns_Klemm_Str_44_000010_000200,04,crate (gray),standard objects,43.0,11.64,12.38,12.2,12.28
02_Hanns_Klemm_Str_44_000010_000200,05,"crate (gray, 2x stacked)",standard objects,66.0,11.48,12.03,11.95,11.99
02_Hanns_Klemm_Str_44_000010_000210,05,"crate (gray, 2x stacked)",standard objects,108.0,7.7,8.33,8.23,8.27
02_Hanns_Klemm_Str_44_000010_000210,04,crate (gray),standard objects,73.0,7.86,8.56,8.45,8.5
02_Hanns_Klemm_Str_44_000011_000030,23,dog (black),emotional hazards,17.0,71.94,98.87,97.83,98.16
02_Hanns_Klemm_Str_44_000011_000040,23,dog (black),emotional hazards,16.0,72.47,101.27,100.16,100.54
02_Hanns_Klemm_Str_44_000011_000050,23,dog (black),emotional hazards,14.0,78.99,93.95,93.4,93.58
02_Hanns_Klemm_Str_44_000011_000060,23,dog (black),emotional hazards,14.0,74.86,94.28,94.01,94.12
02_Hanns_Klemm_Str_44_000011_000070,23,dog (black),emotional hazards,17.0,69.84,90.71,90.46,90.53
02_Hanns_Klemm_Str_44_000011_000080,23,dog (black),emotional hazards,16.0,70.68,82.69,82.13,82.33
02_Hanns_Klemm_Str_44_000011_000090,23,dog (black),emotional hazards,18.0,68.32,81.79,81.36,81.5
02_Hanns_Klemm_Str_44_000011_000100,23,dog (black),emotional hazards,20.0,70.29,75.65,75.01,75.3
02_Hanns_Klemm_Str_44_000011_000110,23,dog (black),emotional hazards,19.0,61.72,76.36,75.36,75.82
02_Hanns_Klemm_Str_44_000011_000120,23,dog (black),emotional hazards,21.0,54.66,73.76,72.23,72.94
02_Hanns_Klemm_Str_44_000011_000130,23,dog (black),emotional hazards,23.0,48.8,68.66,67.78,68.3
02_Hanns_Klemm_Str_44_000011_000140,23,dog (black),emotional hazards,24.0,45.2,58.29,57.97,58.1
02_Hanns_Klemm_Str_44_000011_000150,23,dog (black),emotional hazards,26.0,40.74,57.56,56.07,56.52
02_Hanns_Klemm_Str_44_000011_000160,23,dog (black),emotional hazards,29.0,36.3,53.5,52.55,53.09
02_Hanns_Klemm_Str_44_000011_000170,23,dog (black),emotional hazards,31.0,32.42,42.62,41.84,42.23
02_Hanns_Klemm_Str_44_000011_000180,23,dog (black),emotional hazards,36.0,28.69,47.07,46.16,46.54
02_Hanns_Klemm_Str_44_000011_000190,23,dog (black),emotional hazards,42.0,25.13,39.23,38.67,38.81
02_Hanns_Klemm_Str_44_000011_000200,23,dog (black),emotional hazards,46.0,21.3,40.24,39.66,39.9
02_Hanns_Klemm_Str_44_000011_000210,23,dog (black),emotional hazards,57.0,18.03,31.93,28.45,29.71
02_Hanns_Klemm_Str_44_000011_000220,23,dog (black),emotional hazards,71.0,14.78,18.68,17.57,18.0
02_Hanns_Klemm_Str_44_000011_000230,23,dog (black),emotional hazards,90.0,11.62,13.71,13.06,13.39
02_Hanns_Klemm_Str_44_000011_000240,23,dog (black),emotional hazards,118.0,8.99,10.58,9.78,10.3
02_Hanns_Klemm_Str_44_000012_000020,24,dog (white),emotional hazards,7.0,72.59,131.34,111.83,120.91
02_Hanns_Klemm_Str_44_000012_000030,24,dog (white),emotional hazards,6.0,72.63,125.28,113.04,119.69
02_Hanns_Klemm_Str_44_000012_000040,24,dog (white),emotional hazards,7.0,73.0,118.08,93.21,103.21
02_Hanns_Klemm_Str_44_000012_000050,24,dog (white),emotional hazards,7.0,67.6,125.77,118.94,121.85
02_Hanns_Klemm_Str_44_000012_000060,24,dog (white),emotional hazards,7.0,67.71,128.62,120.29,124.14
02_Hanns_Klemm_Str_44_000012_000070,24,dog (white),emotional hazards,7.0,63.2,124.61,109.47,115.82
02_Hanns_Klemm_Str_44_000012_000080,24,dog (white),emotional hazards,7.0,61.16,107.82,92.86,98.81
02_Hanns_Klemm_Str_44_000012_000090,24,dog (white),emotional hazards,8.0,59.36,108.61,92.85,98.87
02_Hanns_Klemm_Str_44_000012_000100,24,dog (white),emotional hazards,9.0,56.87,98.13,88.23,91.83
02_Hanns_Klemm_Str_44_000012_000110,24,dog (white),emotional hazards,8.0,51.39,94.24,83.53,87.5
02_Hanns_Klemm_Str_44_000012_000120,24,dog (white),emotional hazards,10.0,47.72,95.69,83.97,89.14
02_Hanns_Klemm_Str_44_000012_000130,24,dog (white),emotional hazards,10.0,42.51,86.23,65.93,72.05
02_Hanns_Klemm_Str_44_000012_000140,24,dog (white),emotional hazards,12.0,40.54,70.76,53.84,60.69
02_Hanns_Klemm_Str_44_000012_000150,24,dog (white),emotional hazards,14.0,35.33,75.87,51.53,59.67
02_Hanns_Klemm_Str_44_000012_000160,24,dog (white),emotional hazards,18.0,30.94,48.01,38.02,41.07
02_Hanns_Klemm_Str_44_000012_000170,24,dog (white),emotional hazards,23.0,26.63,43.26,29.3,32.43
02_Hanns_Klemm_Str_44_000012_000180,24,dog (white),emotional hazards,31.0,22.21,27.42,22.96,24.57
02_Hanns_Klemm_Str_44_000012_000190,24,dog (white),emotional hazards,47.0,17.9,20.66,19.12,19.71
02_Hanns_Klemm_Str_44_000012_000200,24,dog (white),emotional hazards,59.0,13.31,14.51,13.97,14.21
02_Hanns_Klemm_Str_44_000013_000020,26,bobby car (gray),emotional hazards,13.0,67.11,94.86,89.13,90.23
02_Hanns_Klemm_Str_44_000013_000030,26,bobby car (gray),emotional hazards,13.0,66.59,94.27,88.82,90.06
02_Hanns_Klemm_Str_44_000013_000040,26,bobby car (gray),emotional hazards,13.0,64.62,102.26,94.87,96.49
02_Hanns_Klemm_Str_44_000013_000050,26,bobby car (gray),emotional hazards,15.0,62.94,101.86,94.39,96.31
02_Hanns_Klemm_Str_44_000013_000060,26,bobby car (gray),emotional hazards,15.0,62.56,101.13,93.42,96.5
02_Hanns_Klemm_Str_44_000013_000070,26,bobby car (gray),emotional hazards,15.0,63.54,93.68,83.53,86.05
02_Hanns_Klemm_Str_44_000013_000080,26,bobby car (gray),emotional hazards,15.0,60.93,78.28,75.48,76.23
02_Hanns_Klemm_Str_44_000013_000090,26,bobby car (gray),emotional hazards,16.0,59.69,91.43,84.3,86.39
02_Hanns_Klemm_Str_44_000013_000100,26,bobby car (gray),emotional hazards,17.0,54.49,72.76,71.72,72.01
02_Hanns_Klemm_Str_44_000013_000110,26,bobby car (gray),emotional hazards,16.0,51.04,77.17,71.59,73.52
02_Hanns_Klemm_Str_44_000013_000120,26,bobby car (gray),emotional hazards,18.0,48.53,79.41,74.88,76.36
02_Hanns_Klemm_Str_44_000013_000130,26,bobby car (gray),emotional hazards,19.0,44.62,79.97,73.28,74.87
02_Hanns_Klemm_Str_44_000013_000140,26,bobby car (gray),emotional hazards,21.0,41.95,67.13,61.47,63.68
02_Hanns_Klemm_Str_44_000013_000150,26,bobby car (gray),emotional hazards,24.0,37.61,51.75,49.75,50.46
02_Hanns_Klemm_Str_44_000013_000160,26,bobby car (gray),emotional hazards,27.0,34.79,45.76,44.09,44.65
02_Hanns_Klemm_Str_44_000013_000170,26,bobby car (gray),emotional hazards,30.0,30.93,38.12,37.53,37.79
02_Hanns_Klemm_Str_44_000013_000180,26,bobby car (gray),emotional hazards,33.0,26.95,34.37,33.35,33.7
02_Hanns_Klemm_Str_44_000013_000190,26,bobby car (gray),emotional hazards,40.0,22.91,28.54,27.77,28.06
02_Hanns_Klemm_Str_44_000013_000200,26,bobby car (gray),emotional hazards,50.0,19.21,24.01,23.53,23.7
02_Hanns_Klemm_Str_44_000013_000210,26,bobby car (gray),emotional hazards,61.0,15.55,19.98,19.5,19.71
02_Hanns_Klemm_Str_44_000013_000220,26,bobby car (gray),emotional hazards,81.0,12.05,13.15,12.99,13.05
02_Hanns_Klemm_Str_44_000013_000230,26,bobby car (gray),emotional hazards,112.0,8.87,10.04,9.83,9.96
02_Hanns_Klemm_Str_44_000014_000020,27,bobby car (red),emotional hazards,6.0,73.67,101.61,100.94,101.13
02_Hanns_Klemm_Str_44_000014_000030,27,bobby car (red),emotional hazards,7.0,76.51,104.42,104.29,104.32
02_Hanns_Klemm_Str_44_000014_000040,27,bobby car (red),emotional hazards,11.0,74.91,110.74,109.82,110.17
02_Hanns_Klemm_Str_44_000014_000050,27,bobby car (red),emotional hazards,11.0,74.74,109.36,108.09,108.88
02_Hanns_Klemm_Str_44_000014_000060,27,bobby car (red),emotional hazards,11.0,71.38,97.5,97.16,97.33
02_Hanns_Klemm_Str_44_000014_000070,27,bobby car (red),emotional hazards,13.0,70.14,96.73,95.47,95.94
02_Hanns_Klemm_Str_44_000014_000080,27,bobby car (red),emotional hazards,12.0,69.54,102.72,98.61,100.9
02_Hanns_Klemm_Str_44_000014_000090,27,bobby car (red),emotional hazards,12.0,61.87,87.19,86.69,86.99
02_Hanns_Klemm_Str_44_000014_000100,27,bobby car (red),emotional hazards,14.0,59.28,84.8,83.71,84.32
02_Hanns_Klemm_Str_44_000014_000110,27,bobby car (red),emotional hazards,15.0,53.59,74.73,73.61,74.04
02_Hanns_Klemm_Str_44_000014_000120,27,bobby car (red),emotional hazards,16.0,48.95,70.38,68.97,69.6
02_Hanns_Klemm_Str_44_000014_000130,27,bobby car (red),emotional hazards,18.0,45.05,61.04,57.28,59.12
02_Hanns_Klemm_Str_44_000014_000140,27,bobby car (red),emotional hazards,18.0,41.17,56.16,52.04,54.6
02_Hanns_Klemm_Str_44_000014_000150,27,bobby car (red),emotional hazards,21.0,36.79,55.0,51.13,53.75
02_Hanns_Klemm_Str_44_000014_000160,27,bobby car (red),emotional hazards,25.0,33.43,40.51,39.0,39.4
02_Hanns_Klemm_Str_44_000014_000170,27,bobby car (red),emotional hazards,30.0,29.11,41.0,32.87,36.29
02_Hanns_Klemm_Str_44_000014_000180,27,bobby car (red),emotional hazards,36.0,25.13,29.39,27.41,28.0
02_Hanns_Klemm_Str_44_000014_000190,27,bobby car (red),emotional hazards,44.0,21.31,21.65,21.11,21.3
02_Hanns_Klemm_Str_44_000014_000200,27,bobby car (red),emotional hazards,56.0,17.55,17.08,16.56,16.79
02_Hanns_Klemm_Str_44_000014_000210,27,bobby car (red),emotional hazards,72.0,13.71,15.27,14.97,15.08
02_Hanns_Klemm_Str_44_000014_000220,27,bobby car (red),emotional hazards,94.0,10.26,10.88,10.5,10.56
02_Hanns_Klemm_Str_44_000015_000050,27,bobby car (red),emotional hazards,4.0,52.97,53.22,52.11,52.87
02_Hanns_Klemm_Str_44_000015_000060,27,bobby car (red),emotional hazards,8.0,50.0,53.68,49.54,51.96
02_Hanns_Klemm_Str_44_000015_000070,27,bobby car (red),emotional hazards,8.0,48.93,50.51,46.03,46.92
02_Hanns_Klemm_Str_44_000015_000080,27,bobby car (red),emotional hazards,9.0,47.09,47.89,45.98,46.81
02_Hanns_Klemm_Str_44_000015_000090,27,bobby car (red),emotional hazards,10.0,43.52,46.69,44.75,45.56
02_Hanns_Klemm_Str_44_000015_000100,27,bobby car (red),emotional hazards,10.0,41.04,46.4,44.33,45.08
02_Hanns_Klemm_Str_44_000015_000110,27,bobby car (red),emotional hazards,10.0,42.39,42.48,40.65,41.21
02_Hanns_Klemm_Str_44_000015_000120,27,bobby car (red),emotional hazards,11.0,38.64,38.94,36.83,37.55
02_Hanns_Klemm_Str_44_000015_000130,27,bobby car (red),emotional hazards,16.0,37.08,34.92,32.58,33.45
02_Hanns_Klemm_Str_44_000015_000140,27,bobby car (red),emotional hazards,26.0,32.17,28.53,26.57,27.23
02_Hanns_Klemm_Str_44_000015_000150,27,bobby car (red),emotional hazards,35.0,28.26,26.69,25.48,25.92
02_Hanns_Klemm_Str_44_000015_000160,27,bobby car (red),emotional hazards,39.0,24.97,24.17,23.6,23.81
02_Hanns_Klemm_Str_44_000015_000170,27,bobby car (red),emotional hazards,47.0,21.07,20.88,20.51,20.66
02_Hanns_Klemm_Str_44_000015_000180,27,bobby car (red),emotional hazards,56.0,17.83,17.02,16.74,16.85
02_Hanns_Klemm_Str_44_000015_000190,27,bobby car (red),emotional hazards,67.0,14.14,13.17,12.96,13.05
02_Hanns_Klemm_Str_44_000015_000200,27,bobby car (red),emotional hazards,93.0,10.82,10.36,10.2,10.26
02_Hanns_Klemm_Str_44_000015_000210,27,bobby car (red),emotional hazards,128.0,7.71,8.22,7.91,8.06
02_Hanns_Klemm_Str_44_000016_000020,26,bobby car (gray),emotional hazards,10.0,45.07,48.37,46.57,47.3
02_Hanns_Klemm_Str_44_000016_000030,26,bobby car (gray),emotional hazards,8.0,46.33,47.64,46.02,46.74
02_Hanns_Klemm_Str_44_000016_000040,26,bobby car (gray),emotional hazards,10.0,45.02,45.53,43.72,44.26
02_Hanns_Klemm_Str_44_000016_000050,26,bobby car (gray),emotional hazards,10.0,44.45,45.39,43.73,43.93
02_Hanns_Klemm_Str_44_000016_000060,26,bobby car (gray),emotional hazards,11.0,44.07,45.54,43.34,44.1
02_Hanns_Klemm_Str_44_000016_000070,26,bobby car (gray),emotional hazards,12.0,40.12,44.24,41.92,42.64
02_Hanns_Klemm_Str_44_000016_000080,26,bobby car (gray),emotional hazards,12.0,38.32,39.35,38.01,38.58
02_Hanns_Klemm_Str_44_000016_000090,26,bobby car (gray),emotional hazards,13.0,35.41,36.02,34.48,34.99
02_Hanns_Klemm_Str_44_000016_000100,26,bobby car (gray),emotional hazards,15.0,32.71,33.78,31.79,32.47
02_Hanns_Klemm_Str_44_000016_000110,26,bobby car (gray),emotional hazards,23.0,29.67,28.89,26.45,27.39
02_Hanns_Klemm_Str_44_000016_000120,26,bobby car (gray),emotional hazards,37.0,25.79,21.6,21.21,21.38
02_Hanns_Klemm_Str_44_000016_000130,26,bobby car (gray),emotional hazards,43.0,22.69,19.22,18.88,19.02
02_Hanns_Klemm_Str_44_000016_000140,26,bobby car (gray),emotional hazards,55.0,19.06,17.14,16.85,16.92
02_Hanns_Klemm_Str_44_000016_000150,26,bobby car (gray),emotional hazards,64.0,15.65,14.91,14.76,14.81
02_Hanns_Klemm_Str_44_000016_000160,26,bobby car (gray),emotional hazards,81.0,12.22,11.44,11.26,11.31
02_Hanns_Klemm_Str_44_000016_000170,26,bobby car (gray),emotional hazards,105.0,9.07,8.79,8.63,8.68
02_Hanns_Klemm_Str_44_000016_000180,26,bobby car (gray),emotional hazards,156.0,6.4,6.76,6.47,6.56
02_Hanns_Klemm_Str_44_000017_000020,23,dog (black),emotional hazards,10.0,51.52,55.19,51.89,53.15
02_Hanns_Klemm_Str_44_000017_000030,23,dog (black),emotional hazards,11.0,49.57,51.02,48.28,49.13
02_Hanns_Klemm_Str_44_000017_000040,23,dog (black),emotional hazards,11.0,50.29,48.22,46.17,46.87
02_Hanns_Klemm_Str_44_000017_000050,23,dog (black),emotional hazards,13.0,48.93,45.8,43.67,44.53
02_Hanns_Klemm_Str_44_000017_000060,23,dog (black),emotional hazards,14.0,47.21,49.21,45.84,47.12
02_Hanns_Klemm_Str_44_000017_000070,23,dog (black),emotional hazards,14.0,43.71,39.3,37.28,38.09
02_Hanns_Klemm_Str_44_000017_000080,23,dog (black),emotional hazards,15.0,42.53,39.06,35.9,37.04
02_Hanns_Klemm_Str_44_000017_000090,23,dog (black),emotional hazards,19.0,37.58,33.85,32.08,32.75
02_Hanns_Klemm_Str_44_000017_000100,23,dog (black),emotional hazards,28.0,34.64,28.0,25.75,26.91
02_Hanns_Klemm_Str_44_000017_000110,23,dog (black),emotional hazards,34.0,30.94,26.17,24.96,25.44
02_Hanns_Klemm_Str_44_000017_000120,23,dog (black),emotional hazards,39.0,26.67,23.79,23.19,23.43
02_Hanns_Klemm_Str_44_000017_000130,23,dog (black),emotional hazards,45.0,22.98,20.42,19.89,20.09
02_Hanns_Klemm_Str_44_000017_000140,23,dog (black),emotional hazards,55.0,19.01,17.92,17.6,17.73
02_Hanns_Klemm_Str_44_000017_000150,23,dog (black),emotional hazards,69.0,15.04,14.23,13.97,14.08
02_Hanns_Klemm_Str_44_000017_000160,23,dog (black),emotional hazards,92.0,11.45,11.06,10.82,10.91
02_Hanns_Klemm_Str_44_000017_000170,23,dog (black),emotional hazards,132.0,7.92,7.97,7.8,7.89
02_Hanns_Klemm_Str_44_000018_000080,24,dog (white),emotional hazards,9.0,27.52,22.87,22.38,22.57
02_Hanns_Klemm_Str_44_000018_000090,24,dog (white),emotional hazards,8.0,46.0,42.33,39.98,40.75
02_Hanns_Klemm_Str_44_000018_000100,24,dog (white),emotional hazards,12.0,43.89,39.72,37.59,38.4
02_Hanns_Klemm_Str_44_000018_000110,24,dog (white),emotional hazards,11.0,42.68,34.75,33.36,33.86
02_Hanns_Klemm_Str_44_000018_000120,24,dog (white),emotional hazards,18.0,37.79,31.44,29.12,29.82
02_Hanns_Klemm_Str_44_000018_000130,24,dog (white),emotional hazards,23.0,35.56,30.77,28.32,29.18
02_Hanns_Klemm_Str_44_000018_000140,24,dog (white),emotional hazards,25.0,31.41,30.14,27.55,28.6
02_Hanns_Klemm_Str_44_000018_000150,24,dog (white),emotional hazards,30.0,27.73,27.88,26.43,26.99
02_Hanns_Klemm_Str_44_000018_000160,24,dog (white),emotional hazards,33.0,24.1,23.99,22.82,23.24
02_Hanns_Klemm_Str_44_000018_000170,24,dog (white),emotional hazards,38.0,20.61,20.05,19.51,19.76
02_Hanns_Klemm_Str_44_000018_000180,24,dog (white),emotional hazards,44.0,16.97,16.28,15.86,16.04
02_Hanns_Klemm_Str_44_000018_000190,24,dog (white),emotional hazards,58.0,13.84,13.59,13.3,13.38
02_Hanns_Klemm_Str_44_000018_000200,24,dog (white),emotional hazards,75.0,10.4,9.97,9.91,9.94
02_Hanns_Klemm_Str_44_000018_000210,24,dog (white),emotional hazards,112.0,6.94,7.02,6.91,6.96
04_Maurener_Weg_8_000000_000020,06,"crate (gray, upright)",standard objects,20.0,71.58,70.9,69.68,70.18
04_Maurener_Weg_8_000000_000020,04,crate (gray),standard objects,8.0,63.54,67.24,65.34,66.07
04_Maurener_Weg_8_000000_000020,05,"crate (gray, 2x stacked)",standard objects,11.0,75.83,77.63,73.44,74.89
04_Maurener_Weg_8_000000_000030,04,crate (gray),standard objects,9.0,62.86,66.04,63.79,64.68
04_Maurener_Weg_8_000000_000030,05,"crate (gray, 2x stacked)",standard objects,12.0,72.3,77.89,72.17,74.34
04_Maurener_Weg_8_000000_000030,06,"crate (gray, upright)",standard objects,21.0,71.32,66.57,62.15,63.17
04_Maurener_Weg_8_000000_000040,04,crate (gray),standard objects,9.0,60.13,67.49,64.78,65.81
04_Maurener_Weg_8_000000_000040,05,"crate (gray, 2x stacked)",standard objects,12.0,67.36,76.58,71.49,73.23
04_Maurener_Weg_8_000000_000040,06,"crate (gray, upright)",standard objects,23.0,68.5,68.16,65.84,66.56
04_Maurener_Weg_8_000000_000050,04,crate (gray),standard objects,9.0,58.18,64.57,61.62,62.8
04_Maurener_Weg_8_000000_000050,05,"crate (gray, 2x stacked)",standard objects,13.0,66.22,78.26,72.21,74.18
04_Maurener_Weg_8_000000_000050,06,"crate (gray, upright)",standard objects,22.0,65.81,65.89,62.95,64.0
04_Maurener_Weg_8_000000_000060,04,crate (gray),standard objects,11.0,54.43,62.47,59.8,60.9
04_Maurener_Weg_8_000000_000060,05,"crate (gray, 2x stacked)",standard objects,14.0,64.3,75.93,68.52,70.7
04_Maurener_Weg_8_000000_000060,06,"crate (gray, upright)",standard objects,24.0,63.29,59.88,58.43,58.88
04_Maurener_Weg_8_000000_000070,04,crate (gray),standard objects,11.0,51.21,55.02,52.31,53.34
04_Maurener_Weg_8_000000_000070,05,"crate (gray, 2x stacked)",standard objects,14.0,60.84,69.5,63.32,65.24
04_Maurener_Weg_8_000000_000070,06,"crate (gray, upright)",standard objects,25.0,59.39,58.49,56.48,57.32
04_Maurener_Weg_8_000000_000080,04,crate (gray),standard objects,11.0,47.49,50.2,47.79,48.68
04_Maurener_Weg_8_000000_000080,05,"crate (gray, 2x stacked)",standard objects,15.0,55.74,59.41,54.66,56.06
04_Maurener_Weg_8_000000_000080,06,"crate (gray, upright)",standard objects,28.0,54.06,55.73,53.37,54.39
04_Maurener_Weg_8_000000_000090,04,crate (gray),standard objects,13.0,42.58,43.95,41.51,42.4
04_Maurener_Weg_8_000000_000090,05,"crate (gray, 2x stacked)",standard objects,18.0,51.78,58.74,49.77,52.08
04_Maurener_Weg_8_000000_000090,06,"crate (gray, upright)",standard objects,28.0,51.57,48.89,46.79,47.64
04_Maurener_Weg_8_000000_000100,04,crate (gray),standard objects,14.0,36.89,40.31,37.87,38.72
04_Maurener_Weg_8_000000_000100,05,"crate (gray, 2x stacked)",standard objects,19.0,48.86,51.37,46.31,47.65
04_Maurener_Weg_8_000000_000100,06,"crate (gray, upright)",standard objects,31.0,47.28,46.01,44.34,45.05
04_Maurener_Weg_8_000000_000110,04,crate (gray),standard objects,18.0,32.78,36.33,33.75,34.63
04_Maurener_Weg_8_000000_000110,05,"crate (gray, 2x stacked)",standard objects,20.0,42.43,44.55,40.38,41.41
04_Maurener_Weg_8_000000_000110,06,"crate (gray, upright)",standard objects,34.0,42.64,39.58,38.45,38.77
04_Maurener_Weg_8_000000_000120,04,crate (gray),standard objects,20.0,28.44,31.99,29.69,30.45
04_Maurener_Weg_8_000000_000120,05,"crate (gray, 2x stacked)",standard objects,25.0,37.88,39.02,37.45,38.12
04_Maurener_Weg_8_000000_000120,06,"crate (gray, upright)",standard objects,37.0,36.65,38.33,36.45,36.78
04_Maurener_Weg_8_000000_000130,04,crate (gray),standard objects,24.0,24.69,26.49,25.27,25.63
04_Maurener_Weg_8_000000_000130,05,"crate (gray, 2x stacked)",standard objects,26.0,34.75,34.19,32.62,33.05
04_Maurener_Weg_8_000000_000130,06,"crate (gray, upright)",standard objects,44.0,32.38,29.98,29.14,29.26
04_Maurener_Weg_8_000000_000140,04,crate (gray),standard objects,28.0,20.67,21.49,20.66,20.86
04_Maurener_Weg_8_000000_000140,05,"crate (gray, 2x stacked)",standard objects,29.0,30.43,29.13,28.24,28.47
04_Maurener_Weg_8_000000_000140,06,"crate (gray, upright)",standard objects,51.0,28.35,28.1,27.06,27.32
04_Maurener_Weg_8_000000_000150,04,crate (gray),standard objects,35.0,16.61,17.15,16.84,16.95
04_Maurener_Weg_8_000000_000150,05,"crate (gray, 2x stacked)",standard objects,34.0,25.85,25.19,24.54,24.74
04_Maurener_Weg_8_000000_000150,06,"crate (gray, upright)",standard objects,60.0,24.26,23.98,23.14,23.41
04_Maurener_Weg_8_000000_000160,04,crate (gray),standard objects,41.0,12.79,13.71,13.39,13.51
04_Maurener_Weg_8_000000_000160,05,"crate (gray, 2x stacked)",standard objects,40.0,22.6,22.62,21.94,22.19
04_Maurener_Weg_8_000000_000160,06,"crate (gray, upright)",standard objects,71.0,19.69,20.34,20.01,20.12
04_Maurener_Weg_8_000000_000170,04,crate (gray),standard objects,65.0,9.15,9.86,9.65,9.72
04_Maurener_Weg_8_000000_000170,05,"crate (gray, 2x stacked)",standard objects,45.0,18.5,19.93,19.51,19.67
04_Maurener_Weg_8_000000_000170,06,"crate (gray, upright)",standard objects,90.0,15.98,16.49,16.22,16.3
04_Maurener_Weg_8_000000_000180,05,"crate (gray, 2x stacked)",standard objects,56.0,15.01,16.65,16.34,16.49
04_Maurener_Weg_8_000000_000180,06,"crate (gray, upright)",standard objects,110.0,12.63,13.26,13.17,13.21
04_Maurener_Weg_8_000000_000190,05,"crate (gray, 2x stacked)",standard objects,70.0,12.06,12.36,12.16,12.22
04_Maurener_Weg_8_000000_000190,06,"crate (gray, upright)",standard objects,150.0,9.65,9.84,9.75,9.79
04_Maurener_Weg_8_000000_000200,05,"crate (gray, 2x stacked)",standard objects,92.0,9.71,9.98,9.78,9.88
04_Maurener_Weg_8_000000_000200,06,"crate (gray, upright)",standard objects,201.0,7.22,7.42,7.28,7.36
04_Maurener_Weg_8_000001_000030,03,"crate (black, upright)",standard objects,12.0,71.48,71.66,64.9,67.43
04_Maurener_Weg_8_000001_000030,03,"crate (black, upright)",standard objects,9.0,81.02,81.21,76.06,77.7
04_Maurener_Weg_8_000001_000030,02,"crate (black, 2x stacked)",standard objects,15.0,74.35,71.13,66.88,68.88
04_Maurener_Weg_8_000001_000040,03,"crate (black, upright)",standard objects,11.0,66.52,68.42,62.46,64.86
04_Maurener_Weg_8_000001_000040,03,"crate (black, upright)",standard objects,9.0,79.72,74.91,71.56,72.7
04_Maurener_Weg_8_000001_000040,02,"crate (black, 2x stacked)",standard objects,15.0,73.41,65.15,63.39,64.04
04_Maurener_Weg_8_000001_000050,03,"crate (black, upright)",standard objects,11.0,66.25,59.3,54.34,56.28
04_Maurener_Weg_8_000001_000050,03,"crate (black, upright)",standard objects,9.0,77.84,64.48,61.78,62.69
04_Maurener_Weg_8_000001_000050,02,"crate (black, 2x stacked)",standard objects,16.0,71.11,54.49,53.02,53.56
04_Maurener_Weg_8_000001_000060,03,"crate (black, upright)",standard objects,13.0,65.15,58.03,53.74,55.18
04_Maurener_Weg_8_000001_000060,03,"crate (black, upright)",standard objects,10.0,74.69,65.73,62.0,63.3
04_Maurener_Weg_8_000001_000060,02,"crate (black, 2x stacked)",standard objects,17.0,68.76,53.53,51.57,52.12
04_Maurener_Weg_8_000001_000070,03,"crate (black, upright)",standard objects,13.0,59.25,56.86,52.78,54.27
04_Maurener_Weg_8_000001_000070,03,"crate (black, upright)",standard objects,11.0,69.89,66.44,62.22,63.61
04_Maurener_Weg_8_000001_000070,02,"crate (black, 2x stacked)",standard objects,18.0,64.49,57.31,53.73,55.05
04_Maurener_Weg_8_000001_000080,03,"crate (black, upright)",standard objects,13.0,54.8,56.26,50.89,52.44
04_Maurener_Weg_8_000001_000080,03,"crate (black, upright)",standard objects,12.0,64.92,71.4,64.8,67.11
04_Maurener_Weg_8_000001_000080,02,"crate (black, 2x stacked)",standard objects,19.0,62.16,54.2,51.98,52.59
04_Maurener_Weg_8_000001_000090,03,"crate (black, upright)",standard objects,17.0,52.86,52.57,47.81,49.48
04_Maurener_Weg_8_000001_000090,03,"crate (black, upright)",standard objects,12.0,62.43,65.25,60.64,62.21
04_Maurener_Weg_8_000001_000090,02,"crate (black, 2x stacked)",standard objects,19.0,58.16,55.22,53.25,53.95
04_Maurener_Weg_8_000001_000100,03,"crate (black, upright)",standard objects,16.0,49.74,50.18,45.18,46.63
04_Maurener_Weg_8_000001_000100,03,"crate (black, upright)",standard objects,14.0,60.56,63.68,56.81,58.85
04_Maurener_Weg_8_000001_000100,02,"crate (black, 2x stacked)",standard objects,20.0,54.31,53.21,50.96,51.87
04_Maurener_Weg_8_000001_000110,03,"crate (black, upright)",standard objects,19.0,43.87,49.47,44.95,46.25
04_Maurener_Weg_8_000001_000110,03,"crate (black, upright)",standard objects,13.0,57.2,58.46,54.37,55.6
04_Maurener_Weg_8_000001_000110,02,"crate (black, 2x stacked)",standard objects,20.0,49.52,48.09,46.94,47.31
04_Maurener_Weg_8_000001_000120,03,"crate (black, upright)",standard objects,22.0,40.13,43.62,38.68,40.36
04_Maurener_Weg_8_000001_000120,03,"crate (black, upright)",standard objects,13.0,51.33,55.65,50.89,52.42
04_Maurener_Weg_8_000001_000120,02,"crate (black, 2x stacked)",standard objects,23.0,46.84,43.07,42.15,42.4
04_Maurener_Weg_8_000001_000130,03,"crate (black, upright)",standard objects,23.0,36.42,39.19,34.94,36.03
04_Maurener_Weg_8_000001_000130,03,"crate (black, upright)",standard objects,15.0,48.13,51.94,47.56,48.91
04_Maurener_Weg_8_000001_000130,02,"crate (black, 2x stacked)",standard objects,26.0,42.43,38.9,37.83,38.18
04_Maurener_Weg_8_000001_000140,03,"crate (black, upright)",standard objects,30.0,32.02,33.56,30.94,31.46
04_Maurener_Weg_8_000001_000140,03,"crate (black, upright)",standard objects,16.0,43.28,44.06,40.98,42.01
04_Maurener_Weg_8_000001_000140,02,"crate (black, 2x stacked)",standard objects,29.0,37.24,35.12,34.25,34.57
04_Maurener_Weg_8_000001_000150,03,"crate (black, upright)",standard objects,26.0,27.6,28.25,27.08,27.48
04_Maurener_Weg_8_000001_000150,03,"crate (black, upright)",standard objects,17.0,39.84,38.0,36.78,37.08
04_Maurener_Weg_8_000001_000150,02,"crate (black, 2x stacked)",standard objects,32.0,34.11,32.41,31.5,31.89
04_Maurener_Weg_8_000001_000160,03,"crate (black, upright)",standard objects,31.0,22.9,23.61,22.9,23.17
04_Maurener_Weg_8_000001_000160,03,"crate (black, upright)",standard objects,21.0,35.07,35.25,33.8,34.14
04_Maurener_Weg_8_000001_000160,02,"crate (black, 2x stacked)",standard objects,39.0,28.58,27.59,27.24,27.47
04_Maurener_Weg_8_000001_000170,03,"crate (black, upright)",standard objects,37.0,18.45,20.2,19.69,19.86
04_Maurener_Weg_8_000001_000170,03,"crate (black, upright)",standard objects,25.0,30.81,31.93,31.4,31.5
04_Maurener_Weg_8_000001_000170,02,"crate (black, 2x stacked)",standard objects,43.0,24.93,25.1,24.65,24.87
04_Maurener_Weg_8_000001_000180,03,"crate (black, upright)",standard objects,50.0,14.46,15.53,15.2,15.39
04_Maurener_Weg_8_000001_000180,03,"crate (black, upright)",standard objects,27.0,25.69,28.04,27.63,27.8
04_Maurener_Weg_8_000001_000180,02,"crate (black, 2x stacked)",standard objects,53.0,20.41,20.45,20.23,20.29
04_Maurener_Weg_8_000001_000190,03,"crate (black, upright)",standard objects,67.0,10.43,10.75,10.61,10.66
04_Maurener_Weg_8_000001_000190,03,"crate (black, upright)",standard objects,32.0,21.87,23.27,22.82,22.93
04_Maurener_Weg_8_000001_000190,02,"crate (black, 2x stacked)",standard objects,71.0,16.08,16.22,16.11,16.16
04_Maurener_Weg_8_000001_000200,03,"crate (black, upright)",standard objects,110.0,6.65,7.07,6.98,7.04
04_Maurener_Weg_8_000001_000200,03,"crate (black, upright)",standard objects,38.0,18.1,19.7,19.57,19.62
04_Maurener_Weg_8_000001_000200,02,"crate (black, 2x stacked)",standard objects,91.0,12.47,12.86,12.79,12.83
04_Maurener_Weg_8_000001_000210,03,"crate (black, upright)",standard objects,48.0,14.97,16.3,16.08,16.21
04_Maurener_Weg_8_000001_000210,02,"crate (black, 2x stacked)",standard objects,122.0,9.33,9.36,9.25,9.3
04_Maurener_Weg_8_000002_000010,04,crate (gray),standard objects,10.0,39.04,46.48,43.96,45.03
04_Maurener_Weg_8_000002_000010,05,"crate (gray, 2x stacked)",standard objects,20.0,42.06,50.74,45.12,47.07
04_Maurener_Weg_8_000002_000010,06,"crate (gray, upright)",standard objects,29.0,53.97,48.66,48.39,48.51
04_Maurener_Weg_8_000002_000020,04,crate (gray),standard objects,11.0,38.2,46.22,43.18,44.32
04_Maurener_Weg_8_000002_000020,05,"crate (gray, 2x stacked)",standard objects,18.0,41.68,48.61,43.95,45.57
04_Maurener_Weg_8_000002_000020,06,"crate (gray, upright)",standard objects,31.0,52.37,55.88,53.23,54.79
04_Maurener_Weg_8_000002_000030,04,crate (gray),standard objects,11.0,37.19,45.67,42.4,43.64
04_Maurener_Weg_8_000002_000030,05,"crate (gray, 2x stacked)",standard objects,21.0,40.92,49.88,44.28,46.26
04_Maurener_Weg_8_000002_000030,06,"crate (gray, upright)",standard objects,30.0,52.76,49.9,48.83,49.28
04_Maurener_Weg_8_000002_000040,04,crate (gray),standard objects,10.0,36.57,43.4,40.63,41.5
04_Maurener_Weg_8_000002_000040,05,"crate (gray, 2x stacked)",standard objects,19.0,39.21,45.16,40.79,42.35
04_Maurener_Weg_8_000002_000040,06,"crate (gray, upright)",standard objects,33.0,51.7,55.19,50.84,53.02
04_Maurener_Weg_8_000002_000050,04,crate (gray),standard objects,12.0,34.24,38.62,36.53,37.3
04_Maurener_Weg_8_000002_000050,05,"crate (gray, 2x stacked)",standard objects,21.0,36.61,42.75,38.7,40.04
04_Maurener_Weg_8_000002_000050,06,"crate (gray, upright)",standard objects,34.0,45.4,52.03,46.86,49.39
04_Maurener_Weg_8_000002_000060,04,crate (gray),standard objects,12.0,31.64,37.04,34.95,35.7
04_Maurener_Weg_8_000002_000060,05,"crate (gray, 2x stacked)",standard objects,21.0,34.46,40.18,36.45,37.73
04_Maurener_Weg_8_000002_000060,06,"crate (gray, upright)",standard objects,36.0,44.07,41.48,41.04,41.16
04_Maurener_Weg_8_000002_000070,04,crate (gray),standard objects,15.0,28.81,35.58,32.88,33.88
04_Maurener_Weg_8_000002_000070,05,"crate (gray, 2x stacked)",standard objects,21.0,31.45,37.82,34.16,35.41
04_Maurener_Weg_8_000002_000070,06,"crate (gray, upright)",standard objects,37.0,40.05,44.93,42.81,43.66
04_Maurener_Weg_8_000002_000080,04,crate (gray),standard objects,15.0,25.97,31.28,29.43,30.08
04_Maurener_Weg_8_000002_000080,05,"crate (gray, 2x stacked)",standard objects,26.0,28.26,32.85,30.11,31.09
04_Maurener_Weg_8_000002_000080,06,"crate (gray, upright)",standard objects,43.0,36.7,36.18,35.35,35.55
04_Maurener_Weg_8_000002_000090,04,crate (gray),standard objects,17.0,22.75,24.71,23.74,24.04
04_Maurener_Weg_8_000002_000090,05,"crate (gray, 2x stacked)",standard objects,32.0,25.02,27.44,24.91,25.83
04_Maurener_Weg_8_000002_000090,06,"crate (gray, upright)",standard objects,43.0,32.06,31.14,30.72,30.88
04_Maurener_Weg_8_000002_000100,04,crate (gray),standard objects,24.0,19.19,20.07,19.66,19.84
04_Maurener_Weg_8_000002_000100,05,"crate (gray, 2x stacked)",standard objects,34.0,21.35,21.37,20.88,21.1
04_Maurener_Weg_8_000002_000100,06,"crate (gray, upright)",standard objects,55.0,28.37,28.03,27.56,27.75
04_Maurener_Weg_8_000002_000110,04,crate (gray),standard objects,32.0,15.37,15.61,15.44,15.53
04_Maurener_Weg_8_000002_000110,05,"crate (gray, 2x stacked)",standard objects,43.0,18.0,17.38,17.23,17.29
04_Maurener_Weg_8_000002_000110,06,"crate (gray, upright)",standard objects,57.0,24.03,23.98,23.62,23.83
04_Maurener_Weg_8_000002_000120,04,crate (gray),standard objects,39.0,11.76,12.32,12.14,12.22
04_Maurener_Weg_8_000002_000120,05,"crate (gray, 2x stacked)",standard objects,58.0,14.18,14.02,13.91,13.95
04_Maurener_Weg_8_000002_000120,06,"crate (gray, upright)",standard objects,70.0,19.9,19.88,19.76,19.83
04_Maurener_Weg_8_000002_000130,04,crate (gray),standard objects,64.0,8.39,8.62,8.52,8.55
04_Maurener_Weg_8_000002_000130,05,"crate (gray, 2x stacked)",standard objects,74.0,10.93,11.11,11.01,11.06
04_Maurener_Weg_8_000002_000130,06,"crate (gray, upright)",standard objects,85.0,16.67,17.18,17.07,17.13
04_Maurener_Weg_8_000002_000140,05,"crate (gray, 2x stacked)",standard objects,102.0,8.19,8.47,8.42,8.44
04_Maurener_Weg_8_000002_000140,06,"crate (gray, upright)",standard objects,96.0,13.97,14.63,14.52,14.58
04_Maurener_Weg_8_000002_000150,05,"crate (gray, 2x stacked)",standard objects,130.0,6.5,6.75,6.66,6.71
04_Maurener_Weg_8_000002_000150,06,"crate (gray, upright)",standard objects,112.0,12.11,12.67,12.57,12.62
04_Maurener_Weg_8_000003_000010,03,"crate (black, upright)",standard objects,20.0,32.8,35.71,34.82,35.07
04_Maurener_Weg_8_000003_000010,02,"crate (black, 2x stacked)",standard objects,30.0,38.22,40.97,40.0,40.3
04_Maurener_Weg_8_000003_000010,01,crate (black),standard objects,16.0,46.87,46.48,46.21,46.27
04_Maurener_Weg_8_000003_000020,03,"crate (black, upright)",standard objects,22.0,32.32,35.07,34.22,34.47
04_Maurener_Weg_8_000003_000020,02,"crate (black, 2x stacked)",standard objects,29.0,37.88,41.55,40.46,40.89
04_Maurener_Weg_8_000003_000020,01,crate (black),standard objects,17.0,45.43,47.79,47.36,47.48
04_Maurener_Weg_8_000003_000030,03,"crate (black, upright)",standard objects,22.0,31.8,33.64,32.82,33.1
04_Maurener_Weg_8_000003_000030,02,"crate (black, 2x stacked)",standard objects,30.0,36.65,38.36,37.27,37.58
04_Maurener_Weg_8_000003_000030,01,crate (black),standard objects,16.0,44.8,48.83,48.44,48.56
04_Maurener_Weg_8_000003_000040,03,"crate (black, upright)",standard objects,23.0,30.95,32.06,31.24,31.49
04_Maurener_Weg_8_000003_000040,02,"crate (black, 2x stacked)",standard objects,31.0,36.01,36.02,35.36,35.53
04_Maurener_Weg_8_000003_000040,01,crate (black),standard objects,17.0,43.07,43.41,43.22,43.29
04_Maurener_Weg_8_000003_000050,03,"crate (black, upright)",standard objects,24.0,28.21,28.97,28.58,28.68
04_Maurener_Weg_8_000003_000050,02,"crate (black, 2x stacked)",standard objects,32.0,33.86,32.33,31.74,31.86
04_Maurener_Weg_8_000003_000050,01,crate (black),standard objects,18.0,41.91,40.75,40.34,40.48
04_Maurener_Weg_8_000003_000060,03,"crate (black, upright)",standard objects,26.0,26.12,27.98,27.48,27.63
04_Maurener_Weg_8_000003_000060,02,"crate (black, 2x stacked)",standard objects,35.0,31.34,32.46,31.4,31.76
04_Maurener_Weg_8_000003_000060,01,crate (black),standard objects,20.0,39.46,41.27,40.84,40.93
04_Maurener_Weg_8_000003_000070,02,"crate (black, 2x stacked)",standard objects,37.0,28.18,27.2,26.95,27.03
04_Maurener_Weg_8_000003_000070,03,"crate (black, upright)",standard objects,31.0,23.02,23.22,22.61,22.88
04_Maurener_Weg_8_000003_000070,01,crate (black),standard objects,22.0,36.02,35.88,35.32,35.49
04_Maurener_Weg_8_000003_000080,03,"crate (black, upright)",standard objects,36.0,19.89,20.31,19.88,20.06
04_Maurener_Weg_8_000003_000080,02,"crate (black, 2x stacked)",standard objects,43.0,25.15,24.73,24.17,24.33
04_Maurener_Weg_8_000003_000080,01,crate (black),standard objects,25.0,32.47,33.25,32.85,32.98
04_Maurener_Weg_8_000003_000090,03,"crate (black, upright)",standard objects,42.0,16.64,17.16,16.93,17.04
04_Maurener_Weg_8_000003_000090,02,"crate (black, 2x stacked)",standard objects,49.0,21.29,21.7,21.36,21.51
04_Maurener_Weg_8_000003_000090,01,crate (black),standard objects,27.0,29.14,31.51,31.05,31.26
04_Maurener_Weg_8_000003_000100,03,"crate (black, upright)",standard objects,55.0,12.72,13.06,12.95,13.01
04_Maurener_Weg_8_000003_000100,02,"crate (black, 2x stacked)",standard objects,59.0,17.92,17.8,17.59,17.71
04_Maurener_Weg_8_000003_000100,01,crate (black),standard objects,30.0,25.44,25.87,25.56,25.65
04_Maurener_Weg_8_000003_000110,03,"crate (black, upright)",standard objects,76.0,9.28,9.75,9.62,9.68
04_Maurener_Weg_8_000003_000110,02,"crate (black, 2x stacked)",standard objects,75.0,14.19,14.44,14.24,14.36
04_Maurener_Weg_8_000003_000110,01,crate (black),standard objects,36.0,22.09,23.06,22.67,22.88
04_Maurener_Weg_8_000003_000120,02,"crate (black, 2x stacked)",standard objects,93.0,11.11,11.55,11.39,11.46
04_Maurener_Weg_8_000003_000120,01,crate (black),standard objects,40.0,18.92,19.77,19.57,19.67
04_Maurener_Weg_8_000003_000130,02,"crate (black, 2x stacked)",standard objects,122.0,8.62,8.69,8.6,8.64
04_Maurener_Weg_8_000003_000130,01,crate (black),standard objects,50.0,16.18,16.66,16.52,16.6
04_Maurener_Weg_8_000003_000140,02,"crate (black, 2x stacked)",standard objects,153.0,6.94,7.0,6.89,6.96
04_Maurener_Weg_8_000003_000140,01,crate (black),standard objects,58.0,14.57,15.13,14.84,15.05
04_Maurener_Weg_8_000004_000020,15,euro pallet,random hazards,11.0,53.26,62.95,56.51,59.18
04_Maurener_Weg_8_000004_000030,15,euro pallet,random hazards,11.0,53.17,61.77,56.71,58.42
04_Maurener_Weg_8_000004_000040,15,euro pallet,random hazards,12.0,53.19,55.49,51.18,52.6
04_Maurener_Weg_8_000004_000050,15,euro pallet,random hazards,12.0,52.84,53.89,50.13,51.57
04_Maurener_Weg_8_000004_000060,15,euro pallet,random hazards,12.0,51.55,52.83,48.79,50.63
04_Maurener_Weg_8_000004_000070,15,euro pallet,random hazards,12.0,51.57,57.82,51.26,53.58
04_Maurener_Weg_8_000004_000080,15,euro pallet,random hazards,13.0,50.15,55.89,49.11,51.68
04_Maurener_Weg_8_000004_000090,15,euro pallet,random hazards,12.0,48.42,49.34,43.46,45.14
04_Maurener_Weg_8_000004_000100,15,euro pallet,random hazards,15.0,44.79,50.78,46.31,47.97
04_Maurener_Weg_8_000004_000110,15,euro pallet,random hazards,13.0,42.32,42.35,39.78,40.76
04_Maurener_Weg_8_000004_000120,15,euro pallet,random hazards,12.0,39.86,39.76,37.16,38.06
04_Maurener_Weg_8_000004_000130,15,euro pallet,random hazards,14.0,36.33,36.52,34.2,35.0
04_Maurener_Weg_8_000004_000140,15,euro pallet,random hazards,17.0,32.34,34.76,31.91,32.73
04_Maurener_Weg_8_000004_000150,15,euro pallet,random hazards,20.0,28.47,32.71,30.29,31.18
04_Maurener_Weg_8_000004_000160,15,euro pallet,random hazards,23.0,25.4,26.62,24.85,25.46
04_Maurener_Weg_8_000004_000160,21,ball,emotional hazards,40.0,14.07,15.31,14.88,15.03
04_Maurener_Weg_8_000004_000170,15,euro pallet,random hazards,27.0,21.72,24.18,22.16,22.9
04_Maurener_Weg_8_000004_000170,21,ball,emotional hazards,45.0,10.92,12.32,11.98,12.13
04_Maurener_Weg_8_000004_000180,15,euro pallet,random hazards,34.0,18.38,19.99,18.67,19.16
04_Maurener_Weg_8_000004_000190,15,euro pallet,random hazards,46.0,14.7,15.52,14.43,14.89
04_Maurener_Weg_8_000004_000200,15,euro pallet,random hazards,60.0,11.23,11.6,11.11,11.32
04_Maurener_Weg_8_000004_000210,15,euro pallet,random hazards,93.0,8.47,8.69,8.22,8.41
04_Maurener_Weg_8_000005_000010,16,pylon,random hazards,16.0,49.86,58.06,52.57,54.46
04_Maurener_Weg_8_000005_000010,18,pylon (white),random hazards,18.0,48.18,55.71,52.74,54.02
04_Maurener_Weg_8_000005_000020,16,pylon,random hazards,15.0,49.36,56.45,51.1,52.94
04_Maurener_Weg_8_000005_000020,18,pylon (white),random hazards,19.0,47.7,59.31,54.96,56.6
04_Maurener_Weg_8_000005_000030,16,pylon,random hazards,16.0,48.24,59.98,54.07,56.32
04_Maurener_Weg_8_000005_000030,18,pylon (white),random hazards,19.0,47.6,56.44,52.16,54.01
04_Maurener_Weg_8_000005_000040,16,pylon,random hazards,16.0,47.9,52.86,49.41,50.49
04_Maurener_Weg_8_000005_000040,18,pylon (white),random hazards,17.0,46.25,48.53,46.96,47.59
04_Maurener_Weg_8_000005_000050,16,pylon,random hazards,16.0,47.6,51.45,48.07,49.52
04_Maurener_Weg_8_000005_000050,18,pylon (white),random hazards,17.0,46.05,47.77,45.4,46.38
04_Maurener_Weg_8_000005_000060,16,pylon,random hazards,15.0,46.52,52.56,48.91,50.4
04_Maurener_Weg_8_000005_000060,18,pylon (white),random hazards,18.0,44.52,51.18,47.56,48.94
04_Maurener_Weg_8_000005_000070,16,pylon,random hazards,15.0,44.71,55.97,50.73,52.53
04_Maurener_Weg_8_000005_000070,18,pylon (white),random hazards,20.0,42.29,50.09,47.24,48.55
04_Maurener_Weg_8_000005_000080,16,pylon,random hazards,17.0,43.74,51.64,46.87,48.45
04_Maurener_Weg_8_000005_000080,18,pylon (white),random hazards,19.0,41.69,50.93,46.54,47.99
04_Maurener_Weg_8_000005_000090,16,pylon,random hazards,19.0,41.92,48.13,45.13,46.18
04_Maurener_Weg_8_000005_000090,18,pylon (white),random hazards,22.0,39.46,45.2,41.92,43.19
04_Maurener_Weg_8_000005_000100,18,pylon (white),random hazards,22.0,36.82,45.61,41.1,42.49
04_Maurener_Weg_8_000005_000100,16,pylon,random hazards,19.0,40.77,47.47,42.25,43.82
04_Maurener_Weg_8_000005_000110,18,pylon (white),random hazards,24.0,34.89,39.52,37.42,38.06
04_Maurener_Weg_8_000005_000110,16,pylon,random hazards,20.0,37.73,40.72,36.2,37.37
04_Maurener_Weg_8_000005_000120,18,pylon (white),random hazards,25.0,31.58,36.31,33.94,34.87
04_Maurener_Weg_8_000005_000120,16,pylon,random hazards,20.0,34.7,38.49,36.22,36.93
04_Maurener_Weg_8_000005_000130,18,pylon (white),random hazards,28.0,28.31,34.19,31.63,32.46
04_Maurener_Weg_8_000005_000130,16,pylon,random hazards,20.0,31.33,33.46,30.65,31.38
04_Maurener_Weg_8_000005_000140,18,pylon (white),random hazards,32.0,25.37,30.41,28.47,29.23
04_Maurener_Weg_8_000005_000140,16,pylon,random hazards,25.0,27.77,29.98,28.47,28.96
04_Maurener_Weg_8_000005_000150,18,pylon (white),random hazards,38.0,21.77,24.28,22.87,23.45
04_Maurener_Weg_8_000005_000150,16,pylon,random hazards,30.0,24.51,25.4,24.36,24.69
04_Maurener_Weg_8_000005_000160,18,pylon (white),random hazards,43.0,18.04,19.37,18.3,18.65
04_Maurener_Weg_8_000005_000160,16,pylon,random hazards,35.0,20.54,20.86,20.0,20.33
04_Maurener_Weg_8_000005_000170,18,pylon (white),random hazards,57.0,14.29,15.57,14.9,15.16
04_Maurener_Weg_8_000005_000170,16,pylon,random hazards,44.0,16.79,17.23,16.44,16.66
04_Maurener_Weg_8_000005_000180,16,pylon,random hazards,52.0,13.88,14.37,13.86,14.02
04_Maurener_Weg_8_000005_000180,18,pylon (white),random hazards,70.0,11.34,12.2,11.72,11.93
04_Maurener_Weg_8_000005_000190,18,pylon (white),random hazards,87.0,9.25,9.8,9.5,9.62
04_Maurener_Weg_8_000005_000190,16,pylon,random hazards,61.0,11.81,12.11,11.83,11.94
04_Maurener_Weg_8_000005_000200,18,pylon (white),random hazards,96.0,8.06,8.6,8.31,8.45
04_Maurener_Weg_8_000005_000200,16,pylon,random hazards,72.0,10.58,10.92,10.69,10.76
04_Maurener_Weg_8_000006_000020,18,pylon (white),random hazards,12.0,45.87,51.84,49.14,49.94
04_Maurener_Weg_8_000006_000030,18,pylon (white),random hazards,13.0,45.42,49.17,46.35,47.11
04_Maurener_Weg_8_000006_000040,18,pylon (white),random hazards,12.0,44.14,48.03,45.34,46.39
04_Maurener_Weg_8_000006_000050,18,pylon (white),random hazards,13.0,42.39,46.0,43.79,44.64
04_Maurener_Weg_8_000006_000060,18,pylon (white),random hazards,14.0,40.02,46.3,43.59,44.69
04_Maurener_Weg_8_000006_000070,18,pylon (white),random hazards,14.0,37.06,40.52,37.95,38.86
04_Maurener_Weg_8_000006_000080,18,pylon (white),random hazards,18.0,34.22,35.82,33.81,34.44
04_Maurener_Weg_8_000006_000090,18,pylon (white),random hazards,20.0,30.45,32.45,30.62,31.29
04_Maurener_Weg_8_000006_000100,18,pylon (white),random hazards,24.0,26.46,29.55,27.51,28.19
04_Maurener_Weg_8_000006_000110,18,pylon (white),random hazards,29.0,22.5,24.66,23.71,24.06
04_Maurener_Weg_8_000006_000120,18,pylon (white),random hazards,30.0,18.18,18.41,17.98,18.16
04_Maurener_Weg_8_000006_000130,18,pylon (white),random hazards,38.0,14.28,14.82,14.43,14.59
04_Maurener_Weg_8_000006_000150,18,pylon (white),random hazards,63.0,8.48,8.94,8.67,8.81
04_Maurener_Weg_8_000007_000020,25,kid dummy,emotional hazards,10.0,61.81,64.05,62.34,63.08
04_Maurener_Weg_8_000007_000020,21,ball,emotional hazards,10.0,65.08,65.2,64.12,64.89
04_Maurener_Weg_8_000007_000030,25,kid dummy,emotional hazards,9.0,59.63,56.26,55.28,55.68
04_Maurener_Weg_8_000007_000030,21,ball,emotional hazards,10.0,60.81,57.27,55.88,56.52
04_Maurener_Weg_8_000007_000040,25,kid dummy,emotional hazards,10.0,57.53,62.62,60.61,61.51
04_Maurener_Weg_8_000007_000040,21,ball,emotional hazards,8.0,58.21,64.66,63.71,64.21
04_Maurener_Weg_8_000007_000050,25,kid dummy,emotional hazards,10.0,55.05,57.25,55.22,56.02
04_Maurener_Weg_8_000007_000050,21,ball,emotional hazards,11.0,55.1,58.87,57.11,57.95
04_Maurener_Weg_8_000007_000060,25,kid dummy,emotional hazards,8.0,51.23,56.6,54.23,55.31
04_Maurener_Weg_8_000007_000060,21,ball,emotional hazards,10.0,51.04,59.91,56.53,57.79
04_Maurener_Weg_8_000007_000070,25,kid dummy,emotional hazards,8.0,47.56,51.58,49.48,50.29
04_Maurener_Weg_8_000007_000070,21,ball,emotional hazards,11.0,47.79,54.33,49.99,51.45
04_Maurener_Weg_8_000007_000080,25,kid dummy,emotional hazards,9.0,42.68,44.76,43.09,43.79
04_Maurener_Weg_8_000007_000080,21,ball,emotional hazards,13.0,42.98,46.94,44.18,45.1
04_Maurener_Weg_8_000007_000090,25,kid dummy,emotional hazards,10.0,37.52,42.48,40.66,41.37
04_Maurener_Weg_8_000007_000090,21,ball,emotional hazards,15.0,37.04,44.97,41.59,42.64
04_Maurener_Weg_8_000007_000100,25,kid dummy,emotional hazards,11.0,32.66,37.26,35.83,36.31
04_Maurener_Weg_8_000007_000100,21,ball,emotional hazards,15.0,32.42,39.2,36.69,37.52
04_Maurener_Weg_8_000007_000110,25,kid dummy,emotional hazards,12.0,27.93,30.46,29.76,30.01
04_Maurener_Weg_8_000007_000110,21,ball,emotional hazards,19.0,27.65,30.81,29.63,29.92
04_Maurener_Weg_8_000007_000120,25,kid dummy,emotional hazards,15.0,22.79,24.28,23.68,23.92
04_Maurener_Weg_8_000007_000120,21,ball,emotional hazards,22.0,22.85,24.91,23.91,24.18
04_Maurener_Weg_8_000007_000130,25,kid dummy,emotional hazards,19.0,18.15,19.48,19.0,19.16
04_Maurener_Weg_8_000007_000130,21,ball,emotional hazards,27.0,18.02,19.42,19.02,19.16
04_Maurener_Weg_8_000007_000140,25,kid dummy,emotional hazards,24.0,13.94,15.08,14.57,14.83
04_Maurener_Weg_8_000007_000140,21,ball,emotional hazards,36.0,13.87,14.66,14.52,14.56
04_Maurener_Weg_8_000007_000150,25,kid dummy,emotional hazards,35.0,10.28,11.1,10.88,10.96
04_Maurener_Weg_8_000007_000150,21,ball,emotional hazards,51.0,10.09,10.93,10.84,10.87
04_Maurener_Weg_8_000007_000160,25,kid dummy,emotional hazards,48.0,7.37,8.35,8.17,8.23
04_Maurener_Weg_8_000007_000160,21,ball,emotional hazards,68.0,7.21,8.22,8.15,8.17
04_Maurener_Weg_8_000007_000170,25,kid dummy,emotional hazards,66.0,5.56,6.36,6.22,6.27
04_Maurener_Weg_8_000007_000170,21,ball,emotional hazards,94.0,5.37,6.25,6.22,6.23
04_Maurener_Weg_8_000008_000020,31,plastic bag (bloated),random hazards,8.0,59.36,63.2,60.62,61.54
04_Maurener_Weg_8_000008_000020,11,crate (green),random hazards,12.0,66.7,64.96,62.41,63.6
04_Maurener_Weg_8_000008_000020,31,plastic bag (bloated),random hazards,8.0,56.65,45.34,44.95,45.15
04_Maurener_Weg_8_000008_000030,11,crate (green),random hazards,11.0,67.71,63.15,60.54,60.94
04_Maurener_Weg_8_000008_000030,31,plastic bag (bloated),random hazards,9.0,58.74,57.19,54.78,55.71
04_Maurener_Weg_8_000008_000030,31,plastic bag (bloated),random hazards,7.0,55.96,44.6,44.2,44.35
04_Maurener_Weg_8_000008_000040,11,crate (green),random hazards,13.0,64.85,61.42,60.27,60.43
04_Maurener_Weg_8_000008_000040,31,plastic bag (bloated),random hazards,9.0,54.96,57.42,55.33,56.09
04_Maurener_Weg_8_000008_000040,31,plastic bag (bloated),random hazards,9.0,52.89,42.3,42.22,42.24
04_Maurener_Weg_8_000008_000050,11,crate (green),random hazards,14.0,62.1,55.26,53.36,53.73
04_Maurener_Weg_8_000008_000050,31,plastic bag (bloated),random hazards,12.0,48.93,38.43,38.25,38.31
04_Maurener_Weg_8_000008_000050,31,plastic bag (bloated),random hazards,10.0,53.88,50.71,48.55,49.34
04_Maurener_Weg_8_000008_000060,11,crate (green),random hazards,15.0,60.19,53.85,51.06,52.02
04_Maurener_Weg_8_000008_000060,31,plastic bag (bloated),random hazards,11.0,49.08,48.36,45.84,46.6
04_Maurener_Weg_8_000008_000060,31,plastic bag (bloated),random hazards,13.0,45.4,34.61,34.41,34.53
04_Maurener_Weg_8_000008_000070,31,plastic bag (bloated),random hazards,15.0,42.02,32.79,32.35,32.55
04_Maurener_Weg_8_000008_000070,11,crate (green),random hazards,13.0,55.95,54.19,52.61,53.26
04_Maurener_Weg_8_000008_000070,31,plastic bag (bloated),random hazards,11.0,47.06,45.24,42.61,43.64
04_Maurener_Weg_8_000008_000080,11,crate (green),random hazards,16.0,51.21,55.49,52.28,53.33
04_Maurener_Weg_8_000008_000080,31,plastic bag (bloated),random hazards,11.0,41.85,45.2,42.25,43.13
04_Maurener_Weg_8_000008_000080,31,plastic bag (bloated),random hazards,16.0,37.39,32.64,32.23,32.4
04_Maurener_Weg_8_000008_000090,11,crate (green),random hazards,18.0,47.86,44.91,43.83,44.05
04_Maurener_Weg_8_000008_000090,31,plastic bag (bloated),random hazards,13.0,38.46,36.71,35.22,35.78
04_Maurener_Weg_8_000008_000090,31,plastic bag (bloated),random hazards,21.0,33.01,29.46,28.76,29.07
04_Maurener_Weg_8_000008_000100,31,plastic bag (bloated),random hazards,22.0,28.1,25.29,24.5,24.83
04_Maurener_Weg_8_000008_000100,11,crate (green),random hazards,19.0,42.25,39.61,38.59,38.86
04_Maurener_Weg_8_000008_000100,31,plastic bag (bloated),random hazards,14.0,33.31,31.87,30.98,31.35
04_Maurener_Weg_8_000008_000110,11,crate (green),random hazards,20.0,37.02,37.36,35.96,36.46
04_Maurener_Weg_8_000008_000110,31,plastic bag (bloated),random hazards,27.0,23.37,21.82,21.13,21.39
04_Maurener_Weg_8_000008_000110,31,plastic bag (bloated),random hazards,18.0,29.01,29.12,27.7,28.18
04_Maurener_Weg_8_000008_000120,11,crate (green),random hazards,23.0,31.76,33.0,32.3,32.49
04_Maurener_Weg_8_000008_000120,31,plastic bag (bloated),random hazards,31.0,18.89,17.77,17.45,17.58
04_Maurener_Weg_8_000008_000120,31,plastic bag (bloated),random hazards,20.0,24.48,25.22,24.24,24.58
04_Maurener_Weg_8_000008_000130,11,crate (green),random hazards,28.0,26.86,27.85,27.15,27.34
04_Maurener_Weg_8_000008_000130,31,plastic bag (bloated),random hazards,23.0,19.57,20.6,20.08,20.26
04_Maurener_Weg_8_000008_000130,31,plastic bag (bloated),random hazards,43.0,13.94,13.41,13.13,13.23
04_Maurener_Weg_8_000008_000140,11,crate (green),random hazards,34.0,21.55,23.15,22.5,22.78
04_Maurener_Weg_8_000008_000140,31,plastic bag (bloated),random hazards,32.0,15.03,16.23,15.7,15.91
04_Maurener_Weg_8_000008_000140,31,plastic bag (bloated),random hazards,68.0,8.82,8.98,8.65,8.77
04_Maurener_Weg_8_000008_000150,11,crate (green),random hazards,42.0,16.99,19.02,18.65,18.73
04_Maurener_Weg_8_000008_000150,31,plastic bag (bloated),random hazards,47.0,10.38,11.52,11.15,11.31
04_Maurener_Weg_8_000008_000160,11,crate (green),random hazards,55.0,13.03,14.81,14.5,14.59
04_Maurener_Weg_8_000008_000160,31,plastic bag (bloated),random hazards,75.0,6.6,7.34,7.15,7.22
04_Maurener_Weg_8_000008_000170,11,crate (green),random hazards,74.0,9.99,10.93,10.66,10.75
04_Maurener_Weg_8_000008_000180,11,crate (green),random hazards,98.0,7.8,8.88,8.63,8.71
04_Maurener_Weg_8_000008_000190,11,crate (green),random hazards,120.0,6.42,7.58,7.32,7.41
04_Maurener_Weg_8_000008_000200,11,crate (green),random hazards,140.0,5.55,7.05,6.61,6.74
04_Maurener_Weg_8_000009_000040,24,dog (white),emotional hazards,11.0,70.33,62.18,61.1,61.72
04_Maurener_Weg_8_000009_000050,24,dog (white),emotional hazards,11.0,68.25,62.13,60.91,61.38
04_Maurener_Weg_8_000009_000060,24,dog (white),emotional hazards,12.0,65.88,63.24,62.49,62.79
04_Maurener_Weg_8_000009_000070,24,dog (white),emotional hazards,12.0,65.74,57.5,56.29,56.64
04_Maurener_Weg_8_000009_000080,24,dog (white),emotional hazards,13.0,62.46,55.74,54.3,54.84
04_Maurener_Weg_8_000009_000090,24,dog (white),emotional hazards,14.0,58.85,53.34,52.51,52.84
04_Maurener_Weg_8_000009_000100,24,dog (white),emotional hazards,14.0,53.77,50.04,49.27,49.58
04_Maurener_Weg_8_000009_000110,24,dog (white),emotional hazards,17.0,50.62,47.83,46.75,47.01
04_Maurener_Weg_8_000009_000120,24,dog (white),emotional hazards,17.0,45.42,44.25,43.79,43.97
04_Maurener_Weg_8_000009_000130,24,dog (white),emotional hazards,20.0,41.29,39.04,37.88,38.42
04_Maurener_Weg_8_000009_000140,24,dog (white),emotional hazards,20.0,36.21,35.82,34.75,35.3
04_Maurener_Weg_8_000009_000150,24,dog (white),emotional hazards,23.0,31.85,34.58,33.33,33.84
04_Maurener_Weg_8_000009_000160,24,dog (white),emotional hazards,26.0,27.68,28.79,27.88,28.25
04_Maurener_Weg_8_000009_000170,24,dog (white),emotional hazards,31.0,23.04,23.05,21.89,22.24
04_Maurener_Weg_8_000009_000180,24,dog (white),emotional hazards,36.0,19.27,19.13,18.39,18.64
04_Maurener_Weg_8_000009_000190,24,dog (white),emotional hazards,44.0,15.35,15.86,15.47,15.63
04_Maurener_Weg_8_000009_000200,24,dog (white),emotional hazards,59.0,11.9,12.67,12.4,12.53
04_Maurener_Weg_8_000009_000210,24,dog (white),emotional hazards,81.0,8.72,9.52,9.39,9.44
04_Maurener_Weg_8_000010_000010,23,dog (black),emotional hazards,23.0,51.57,53.57,52.55,53.18
04_Maurener_Weg_8_000010_000020,23,dog (black),emotional hazards,22.0,51.66,47.78,47.25,47.5
04_Maurener_Weg_8_000010_000030,23,dog (black),emotional hazards,23.0,51.43,55.06,54.43,54.81
04_Maurener_Weg_8_000010_000040,23,dog (black),emotional hazards,22.0,50.66,53.45,52.91,53.17
04_Maurener_Weg_8_000010_000050,23,dog (black),emotional hazards,25.0,48.84,52.68,50.91,52.17
04_Maurener_Weg_8_000010_000060,23,dog (black),emotional hazards,25.0,45.21,47.42,45.91,46.8
04_Maurener_Weg_8_000010_000070,23,dog (black),emotional hazards,28.0,42.22,41.22,39.32,39.54
04_Maurener_Weg_8_000010_000080,23,dog (black),emotional hazards,29.0,38.05,41.57,39.92,40.62
04_Maurener_Weg_8_000010_000090,23,dog (black),emotional hazards,33.0,34.69,35.49,34.94,35.09
04_Maurener_Weg_8_000010_000100,23,dog (black),emotional hazards,39.0,29.46,31.52,31.14,31.27
04_Maurener_Weg_8_000010_000110,23,dog (black),emotional hazards,43.0,25.23,25.43,24.87,25.08
04_Maurener_Weg_8_000010_000120,23,dog (black),emotional hazards,52.0,20.63,20.39,20.14,20.22
04_Maurener_Weg_8_000010_000130,23,dog (black),emotional hazards,67.0,15.92,16.76,16.34,16.51
04_Maurener_Weg_8_000010_000140,23,dog (black),emotional hazards,91.0,11.86,11.98,11.78,11.86
04_Maurener_Weg_8_000010_000150,23,dog (black),emotional hazards,131.0,8.22,8.19,8.04,8.08
04_Maurener_Weg_8_000011_000020,26,bobby car (gray),emotional hazards,18.0,62.34,61.11,59.58,60.24
04_Maurener_Weg_8_000011_000030,26,bobby car (gray),emotional hazards,17.0,62.04,60.73,58.71,59.49
04_Maurener_Weg_8_000011_000040,26,bobby car (gray),emotional hazards,18.0,61.66,59.08,57.71,58.26
04_Maurener_Weg_8_000011_000050,26,bobby car (gray),emotional hazards,17.0,61.39,59.36,57.88,58.37
04_Maurener_Weg_8_000011_000060,26,bobby car (gray),emotional hazards,18.0,60.67,53.44,52.53,52.83
04_Maurener_Weg_8_000011_000070,26,bobby car (gray),emotional hazards,20.0,55.62,52.95,50.97,51.76
04_Maurener_Weg_8_000011_000080,26,bobby car (gray),emotional hazards,19.0,52.84,49.39,47.84,48.46
04_Maurener_Weg_8_000011_000090,26,bobby car (gray),emotional hazards,21.0,50.11,45.12,44.36,44.66
04_Maurener_Weg_8_000011_000100,26,bobby car (gray),emotional hazards,23.0,47.01,42.88,41.84,42.2
04_Maurener_Weg_8_000011_000110,26,bobby car (gray),emotional hazards,24.0,42.13,39.96,39.35,39.54
04_Maurener_Weg_8_000011_000120,26,bobby car (gray),emotional hazards,28.0,37.84,37.19,35.78,36.33
04_Maurener_Weg_8_000011_000130,26,bobby car (gray),emotional hazards,30.0,34.69,33.23,32.36,32.61
04_Maurener_Weg_8_000011_000140,26,bobby car (gray),emotional hazards,33.0,30.78,28.58,27.56,27.91
04_Maurener_Weg_8_000011_000150,26,bobby car (gray),emotional hazards,38.0,26.29,25.32,24.5,24.8
04_Maurener_Weg_8_000011_000160,26,bobby car (gray),emotional hazards,46.0,22.81,21.21,20.69,20.84
04_Maurener_Weg_8_000011_000170,26,bobby car (gray),emotional hazards,55.0,18.99,18.27,17.71,17.88
04_Maurener_Weg_8_000011_000180,26,bobby car (gray),emotional hazards,64.0,15.12,15.41,15.12,15.16
04_Maurener_Weg_8_000011_000190,26,bobby car (gray),emotional hazards,84.0,11.58,12.4,12.28,12.3
04_Maurener_Weg_8_000012_000020,27,bobby car (red),emotional hazards,20.0,65.44,56.03,52.68,53.81
04_Maurener_Weg_8_000012_000030,27,bobby car (red),emotional hazards,19.0,65.71,59.15,54.42,56.0
04_Maurener_Weg_8_000012_000040,27,bobby car (red),emotional hazards,19.0,64.05,58.58,56.13,56.86
04_Maurener_Weg_8_000012_000050,27,bobby car (red),emotional hazards,19.0,64.53,61.33,59.49,60.24
04_Maurener_Weg_8_000012_000060,27,bobby car (red),emotional hazards,20.0,61.6,60.72,58.35,59.39
04_Maurener_Weg_8_000012_000070,27,bobby car (red),emotional hazards,21.0,58.18,54.5,52.5,53.26
04_Maurener_Weg_8_000012_000080,27,bobby car (red),emotional hazards,22.0,54.27,51.79,48.38,49.62
04_Maurener_Weg_8_000012_000090,27,bobby car (red),emotional hazards,23.0,51.66,46.73,44.8,45.54
04_Maurener_Weg_8_000012_000100,27,bobby car (red),emotional hazards,25.0,47.28,44.37,42.49,43.14
04_Maurener_Weg_8_000012_000110,27,bobby car (red),emotional hazards,25.0,43.34,43.52,41.57,42.31
04_Maurener_Weg_8_000012_000120,27,bobby car (red),emotional hazards,28.0,38.29,38.62,37.12,37.69
04_Maurener_Weg_8_000012_000130,27,bobby car (red),emotional hazards,31.0,33.86,32.81,31.6,31.96
04_Maurener_Weg_8_000012_000140,27,bobby car (red),emotional hazards,35.0,28.59,27.62,27.0,27.23
04_Maurener_Weg_8_000012_000150,27,bobby car (red),emotional hazards,43.0,24.58,22.68,21.92,22.15
04_Maurener_Weg_8_000012_000160,27,bobby car (red),emotional hazards,54.0,19.74,18.03,17.64,17.74
04_Maurener_Weg_8_000012_000170,27,bobby car (red),emotional hazards,70.0,15.63,14.99,14.69,14.8
04_Maurener_Weg_8_000012_000180,27,bobby car (red),emotional hazards,89.0,11.58,11.53,11.36,11.43
04_Maurener_Weg_8_000012_000190,27,bobby car (red),emotional hazards,129.0,8.28,8.74,8.57,8.63
04_Maurener_Weg_8_000013_000170,28,bobby car (yellow),emotional hazards,23.0,32.02,32.92,31.61,32.09
04_Maurener_Weg_8_000013_000180,28,bobby car (yellow),emotional hazards,39.0,27.71,25.94,25.17,25.37
04_Maurener_Weg_8_000013_000190,28,bobby car (yellow),emotional hazards,47.0,23.1,21.23,20.74,20.93
04_Maurener_Weg_8_000013_000200,28,bobby car (yellow),emotional hazards,55.0,19.39,20.12,19.82,19.91
04_Maurener_Weg_8_000013_000210,28,bobby car (yellow),emotional hazards,66.0,15.86,17.7,17.58,17.63
04_Maurener_Weg_8_000013_000220,28,bobby car (yellow),emotional hazards,84.0,12.64,14.71,14.46,14.49
04_Maurener_Weg_8_000013_000230,28,bobby car (yellow),emotional hazards,113.0,9.49,11.18,10.99,11.03
05_Schafgasse_1_000000_000020,05,"crate (gray, 2x stacked)",standard objects,11.0,64.01,99.86,96.5,98.19
05_Schafgasse_1_000000_000030,05,"crate (gray, 2x stacked)",standard objects,13.0,61.02,92.33,88.01,89.78
05_Schafgasse_1_000000_000040,05,"crate (gray, 2x stacked)",standard objects,11.0,59.97,88.03,85.36,86.67
05_Schafgasse_1_000000_000050,05,"crate (gray, 2x stacked)",standard objects,14.0,57.76,80.48,75.68,78.1
05_Schafgasse_1_000000_000060,05,"crate (gray, 2x stacked)",standard objects,13.0,56.11,80.28,76.97,78.57
05_Schafgasse_1_000000_000070,05,"crate (gray, 2x stacked)",standard objects,13.0,51.7,75.57,71.71,73.77
05_Schafgasse_1_000000_000080,05,"crate (gray, 2x stacked)",standard objects,15.0,48.66,64.45,60.85,62.32
05_Schafgasse_1_000000_000090,05,"crate (gray, 2x stacked)",standard objects,17.0,46.4,62.08,56.27,58.18
05_Schafgasse_1_000000_000100,05,"crate (gray, 2x stacked)",standard objects,17.0,42.61,55.47,51.62,52.98
05_Schafgasse_1_000000_000110,05,"crate (gray, 2x stacked)",standard objects,18.0,39.22,53.29,48.75,50.4
05_Schafgasse_1_000000_000120,05,"crate (gray, 2x stacked)",standard objects,21.0,35.77,47.99,44.23,45.43
05_Schafgasse_1_000000_000130,05,"crate (gray, 2x stacked)",standard objects,22.0,31.78,41.53,39.21,39.9
05_Schafgasse_1_000000_000140,05,"crate (gray, 2x stacked)",standard objects,26.0,28.33,37.5,34.64,35.48
05_Schafgasse_1_000000_000150,05,"crate (gray, 2x stacked)",standard objects,31.0,24.92,30.34,29.28,29.55
05_Schafgasse_1_000000_000160,05,"crate (gray, 2x stacked)",standard objects,42.0,21.05,24.02,23.48,23.55
05_Schafgasse_1_000000_000170,05,"crate (gray, 2x stacked)",standard objects,47.0,17.07,19.7,19.43,19.51
05_Schafgasse_1_000000_000180,05,"crate (gray, 2x stacked)",standard objects,60.0,13.46,14.86,14.67,14.73
05_Schafgasse_1_000000_000190,05,"crate (gray, 2x stacked)",standard objects,81.0,10.13,10.82,10.7,10.75
05_Schafgasse_1_000000_000200,05,"crate (gray, 2x stacked)",standard objects,124.0,7.13,7.44,7.38,7.4
05_Schafgasse_1_000001_000070,03,"crate (black, upright)",standard objects,12.0,57.38,84.45,65.52,75.32
05_Schafgasse_1_000001_000080,03,"crate (black, upright)",standard objects,13.0,57.43,83.2,79.69,81.19
05_Schafgasse_1_000001_000090,03,"crate (black, upright)",standard objects,14.0,52.29,79.05,75.16,76.88
05_Schafgasse_1_000001_000100,03,"crate (black, upright)",standard objects,14.0,50.52,71.35,66.78,68.44
05_Schafgasse_1_000001_000110,03,"crate (black, upright)",standard objects,16.0,48.6,71.95,66.86,68.78
05_Schafgasse_1_000001_000120,03,"crate (black, upright)",standard objects,14.0,45.68,65.88,61.43,63.02
05_Schafgasse_1_000001_000130,03,"crate (black, upright)",standard objects,17.0,43.01,61.11,55.64,57.56
05_Schafgasse_1_000001_000140,03,"crate (black, upright)",standard objects,18.0,40.83,52.12,49.02,50.0
05_Schafgasse_1_000001_000150,03,"crate (black, upright)",standard objects,18.0,37.92,44.73,42.44,43.21
05_Schafgasse_1_000001_000160,03,"crate (black, upright)",standard objects,23.0,34.66,45.63,42.05,43.14
05_Schafgasse_1_000001_000170,03,"crate (black, upright)",standard objects,27.0,31.48,39.7,37.89,38.4
05_Schafgasse_1_000001_000180,03,"crate (black, upright)",standard objects,27.0,28.29,36.91,34.99,35.71
05_Schafgasse_1_000001_000190,03,"crate (black, upright)",standard objects,29.0,25.66,34.76,33.0,33.63
05_Schafgasse_1_000001_000200,03,"crate (black, upright)",standard objects,32.0,23.02,29.24,28.57,28.79
05_Schafgasse_1_000001_000210,03,"crate (black, upright)",standard objects,40.0,20.73,25.0,24.63,24.73
05_Schafgasse_1_000001_000220,03,"crate (black, upright)",standard objects,41.0,17.95,22.15,21.67,21.87
05_Schafgasse_1_000001_000230,03,"crate (black, upright)",standard objects,46.0,15.46,18.04,17.84,17.97
05_Schafgasse_1_000001_000240,03,"crate (black, upright)",standard objects,56.0,13.01,13.55,13.47,13.51
05_Schafgasse_1_000001_000250,03,"crate (black, upright)",standard objects,69.0,10.79,11.28,11.18,11.21
05_Schafgasse_1_000001_000260,03,"crate (black, upright)",standard objects,82.0,8.69,8.66,8.58,8.62
05_Schafgasse_1_000002_000110,08,cardboard box,random hazards,14.0,46.74,59.33,57.81,58.32
05_Schafgasse_1_000002_000110,18,pylon (white),random hazards,14.0,39.15,47.24,45.77,46.31
05_Schafgasse_1_000002_000120,08,cardboard box,random hazards,15.0,46.7,60.87,59.13,59.7
05_Schafgasse_1_000002_000120,18,pylon (white),random hazards,15.0,38.37,46.2,44.21,44.86
05_Schafgasse_1_000002_000130,08,cardboard box,random hazards,15.0,44.9,56.62,54.35,55.11
05_Schafgasse_1_000002_000130,18,pylon (white),random hazards,15.0,35.78,43.11,41.54,42.06
05_Schafgasse_1_000002_000140,08,cardboard box,random hazards,15.0,42.35,59.31,56.37,57.52
05_Schafgasse_1_000002_000140,18,pylon (white),random hazards,16.0,34.34,40.4,38.7,39.24
05_Schafgasse_1_000002_000150,08,cardboard box,random hazards,17.0,40.73,56.48,53.12,54.15
05_Schafgasse_1_000002_000150,18,pylon (white),random hazards,17.0,32.82,38.01,36.24,36.8
05_Schafgasse_1_000002_000160,08,cardboard box,random hazards,18.0,38.32,43.86,43.0,43.35
05_Schafgasse_1_000002_000160,18,pylon (white),random hazards,18.0,30.17,32.57,31.36,31.78
05_Schafgasse_1_000002_000170,08,cardboard box,random hazards,18.0,35.89,45.74,43.08,44.09
05_Schafgasse_1_000002_000170,18,pylon (white),random hazards,19.0,27.82,30.04,28.64,29.12
05_Schafgasse_1_000002_000180,08,cardboard box,random hazards,20.0,32.91,40.82,39.66,40.08
05_Schafgasse_1_000002_000180,18,pylon (white),random hazards,21.0,25.14,27.32,26.15,26.53
05_Schafgasse_1_000002_000190,08,cardboard box,random hazards,21.0,30.37,36.54,35.45,35.89
05_Schafgasse_1_000002_000190,18,pylon (white),random hazards,24.0,22.0,23.49,22.84,23.1
05_Schafgasse_1_000002_000200,08,cardboard box,random hazards,24.0,27.36,31.17,30.29,30.56
05_Schafgasse_1_000002_000200,18,pylon (white),random hazards,28.0,18.91,19.2,18.58,18.84
05_Schafgasse_1_000002_000210,08,cardboard box,random hazards,26.0,24.34,26.79,26.0,26.3
05_Schafgasse_1_000002_000210,18,pylon (white),random hazards,31.0,15.72,15.51,15.16,15.29
05_Schafgasse_1_000002_000220,08,cardboard box,random hazards,30.0,21.01,21.51,21.26,21.35
05_Schafgasse_1_000002_000220,18,pylon (white),random hazards,41.0,12.48,12.07,11.77,11.87
05_Schafgasse_1_000002_000230,08,cardboard box,random hazards,35.0,18.15,17.63,17.43,17.46
05_Schafgasse_1_000002_000230,18,pylon (white),random hazards,57.0,9.12,8.6,8.47,8.52
05_Schafgasse_1_000003_000020,20,tire,random hazards,16.0,41.6,53.61,52.57,52.96
05_Schafgasse_1_000003_000030,20,tire,random hazards,16.0,42.15,52.33,51.6,51.8
05_Schafgasse_1_000003_000040,20,tire,random hazards,15.0,39.91,52.82,51.7,52.2
05_Schafgasse_1_000003_000050,20,tire,random hazards,17.0,37.97,47.95,46.77,47.15
05_Schafgasse_1_000003_000060,20,tire,random hazards,17.0,35.94,44.51,42.89,43.49
05_Schafgasse_1_000003_000070,20,tire,random hazards,19.0,34.59,42.12,40.79,41.26
05_Schafgasse_1_000003_000080,20,tire,random hazards,19.0,31.69,37.34,36.63,36.94
05_Schafgasse_1_000003_000090,20,tire,random hazards,20.0,28.52,35.18,34.52,34.73
05_Schafgasse_1_000003_000100,20,tire,random hazards,24.0,25.87,29.45,28.77,29.01
05_Schafgasse_1_000003_000110,20,tire,random hazards,27.0,23.44,25.3,24.88,25.06
05_Schafgasse_1_000003_000120,20,tire,random hazards,31.0,20.15,20.77,20.35,20.53
05_Schafgasse_1_000003_000130,20,tire,random hazards,37.0,17.09,17.99,17.73,17.82
05_Schafgasse_1_000003_000140,20,tire,random hazards,46.0,13.89,12.79,12.72,12.76
05_Schafgasse_1_000003_000150,20,tire,random hazards,61.0,10.63,10.06,9.95,9.99
05_Schafgasse_1_000003_000160,20,tire,random hazards,87.0,7.86,7.99,7.85,7.9
05_Schafgasse_1_000004_000020,11,crate (green),random hazards,13.0,48.51,63.93,62.36,62.93
05_Schafgasse_1_000004_000020,10,"crate (blue, small)",random hazards,10.0,41.33,54.94,53.43,53.97
05_Schafgasse_1_000004_000030,11,crate (green),random hazards,13.0,45.13,62.56,61.22,61.72
05_Schafgasse_1_000004_000030,10,"crate (blue, small)",random hazards,11.0,41.74,53.57,51.49,52.26
05_Schafgasse_1_000004_000040,11,crate (green),random hazards,13.0,44.22,58.93,57.57,58.08
05_Schafgasse_1_000004_000040,10,"crate (blue, small)",random hazards,9.0,40.52,49.27,47.97,48.43
05_Schafgasse_1_000004_000050,11,crate (green),random hazards,16.0,43.55,56.26,55.33,55.7
05_Schafgasse_1_000004_000050,10,"crate (blue, small)",random hazards,11.0,40.33,48.32,46.69,47.26
05_Schafgasse_1_000004_000060,11,crate (green),random hazards,16.0,41.84,56.91,55.89,56.27
05_Schafgasse_1_000004_000060,10,"crate (blue, small)",random hazards,14.0,38.33,45.85,44.29,44.76
05_Schafgasse_1_000004_000070,11,crate (green),random hazards,17.0,39.66,52.23,50.84,51.31
05_Schafgasse_1_000004_000070,10,"crate (blue, small)",random hazards,18.0,36.16,42.26,40.95,41.42
05_Schafgasse_1_000004_000080,11,crate (green),random hazards,18.0,37.61,48.59,47.25,47.69
05_Schafgasse_1_000004_000080,10,"crate (blue, small)",random hazards,15.0,34.17,39.09,37.84,38.34
05_Schafgasse_1_000004_000090,11,crate (green),random hazards,18.0,35.19,44.2,43.25,43.59
05_Schafgasse_1_000004_000090,10,"crate (blue, small)",random hazards,15.0,31.41,35.73,34.89,35.23
05_Schafgasse_1_000004_000100,11,crate (green),random hazards,21.0,32.77,40.81,39.92,40.21
05_Schafgasse_1_000004_000100,10,"crate (blue, small)",random hazards,17.0,28.51,32.35,31.42,31.75
05_Schafgasse_1_000004_000110,11,crate (green),random hazards,23.0,30.01,34.0,32.81,33.2
05_Schafgasse_1_000004_000110,10,"crate (blue, small)",random hazards,18.0,25.48,27.48,26.75,27.12
05_Schafgasse_1_000004_000120,11,crate (green),random hazards,24.0,26.33,30.03,29.41,29.54
05_Schafgasse_1_000004_000120,10,"crate (blue, small)",random hazards,20.0,22.43,23.86,23.23,23.46
05_Schafgasse_1_000004_000130,11,crate (green),random hazards,29.0,22.66,24.05,23.5,23.63
05_Schafgasse_1_000004_000130,10,"crate (blue, small)",random hazards,25.0,18.62,18.25,17.95,18.04
05_Schafgasse_1_000004_000140,11,crate (green),random hazards,37.0,19.53,20.15,19.94,20.02
05_Schafgasse_1_000004_000140,10,"crate (blue, small)",random hazards,32.0,15.19,14.89,14.71,14.77
05_Schafgasse_1_000004_000150,10,"crate (blue, small)",random hazards,43.0,11.52,11.45,11.37,11.39
05_Schafgasse_1_000004_000150,11,crate (green),random hazards,41.0,15.85,16.22,16.06,16.12
05_Schafgasse_1_000004_000160,11,crate (green),random hazards,55.0,12.54,12.71,12.58,12.63
05_Schafgasse_1_000004_000160,10,"crate (blue, small)",random hazards,68.0,7.99,8.05,7.92,7.97
05_Schafgasse_1_000004_000170,11,crate (green),random hazards,74.0,9.57,9.31,9.24,9.28
05_Schafgasse_1_000005_000030,29,cardboard box,random hazards,8.0,43.93,52.77,51.28,51.77
05_Schafgasse_1_000005_000040,29,cardboard box,random hazards,9.0,42.5,53.14,51.39,52.14
05_Schafgasse_1_000005_000050,29,cardboard box,random hazards,9.0,40.75,49.91,48.03,48.94
05_Schafgasse_1_000005_000060,29,cardboard box,random hazards,11.0,40.41,47.82,45.88,46.54
05_Schafgasse_1_000005_000070,29,cardboard box,random hazards,9.0,39.28,45.18,43.65,44.09
05_Schafgasse_1_000005_000080,29,cardboard box,random hazards,10.0,37.5,40.66,39.41,39.88
05_Schafgasse_1_000005_000090,29,cardboard box,random hazards,12.0,34.43,37.44,36.04,36.62
05_Schafgasse_1_000005_000100,29,cardboard box,random hazards,11.0,32.17,35.39,34.15,34.51
05_Schafgasse_1_000005_000110,29,cardboard box,random hazards,13.0,29.22,32.41,31.37,31.77
05_Schafgasse_1_000005_000120,29,cardboard box,random hazards,13.0,26.45,29.77,28.64,29.0
05_Schafgasse_1_000005_000120,21,ball,emotional hazards,27.0,21.28,26.62,25.71,26.15
05_Schafgasse_1_000005_000130,21,ball,emotional hazards,31.0,18.1,21.29,20.93,21.05
05_Schafgasse_1_000005_000130,29,cardboard box,random hazards,14.0,23.06,27.56,26.53,26.91
05_Schafgasse_1_000005_000140,29,cardboard box,random hazards,17.0,20.29,25.89,24.96,25.3
05_Schafgasse_1_000007_000010,20,tire,random hazards,11.0,41.89,55.66,53.56,54.4
05_Schafgasse_1_000007_000020,20,tire,random hazards,10.0,40.63,53.97,51.95,52.7
05_Schafgasse_1_000007_000030,20,tire,random hazards,10.0,39.31,50.45,48.18,49.0
05_Schafgasse_1_000007_000040,20,tire,random hazards,10.0,37.65,46.38,44.72,45.4
05_Schafgasse_1_000007_000050,20,tire,random hazards,11.0,35.49,44.94,43.27,43.97
05_Schafgasse_1_000007_000060,20,tire,random hazards,10.0,33.22,42.54,40.86,41.51
05_Schafgasse_1_000007_000070,20,tire,random hazards,10.0,30.36,36.69,35.39,35.87
05_Schafgasse_1_000007_000080,20,tire,random hazards,12.0,28.02,32.63,31.41,31.85
05_Schafgasse_1_000007_000090,20,tire,random hazards,14.0,24.49,28.36,27.19,27.66
05_Schafgasse_1_000007_000100,20,tire,random hazards,16.0,21.67,24.19,23.17,23.54
05_Schafgasse_1_000007_000110,20,tire,random hazards,18.0,18.32,19.43,18.67,18.94
05_Schafgasse_1_000007_000120,20,tire,random hazards,23.0,15.2,15.06,14.58,14.76
05_Schafgasse_1_000007_000130,20,tire,random hazards,30.0,12.21,12.29,11.9,12.05
05_Schafgasse_1_000007_000140,20,tire,random hazards,39.0,9.29,8.87,8.66,8.74
05_Schafgasse_1_000007_000150,20,tire,random hazards,63.0,6.47,6.22,6.06,6.12
05_Schafgasse_1_000008_000010,34,styrofoam,random hazards,9.0,47.67,75.07,71.97,73.28
05_Schafgasse_1_000008_000010,14,headlight,random hazards,15.0,39.62,53.96,51.73,52.49
05_Schafgasse_1_000008_000020,34,styrofoam,random hazards,8.0,47.06,68.96,67.0,67.71
05_Schafgasse_1_000008_000020,14,headlight,random hazards,17.0,37.84,54.42,52.18,53.19
05_Schafgasse_1_000008_000030,34,styrofoam,random hazards,7.0,47.08,64.95,63.04,63.76
05_Schafgasse_1_000008_000030,14,headlight,random hazards,18.0,36.73,49.93,47.53,48.49
05_Schafgasse_1_000008_000040,34,styrofoam,random hazards,9.0,44.6,68.85,66.02,66.98
05_Schafgasse_1_000008_000040,14,headlight,random hazards,19.0,35.29,49.74,47.06,48.17
05_Schafgasse_1_000008_000050,34,styrofoam,random hazards,10.0,42.17,59.22,56.98,57.96
05_Schafgasse_1_000008_000050,14,headlight,random hazards,20.0,32.31,41.94,40.35,40.91
05_Schafgasse_1_000008_000060,34,styrofoam,random hazards,10.0,39.92,52.4,50.37,51.39
05_Schafgasse_1_000008_000060,14,headlight,random hazards,22.0,29.7,36.91,35.48,35.92
05_Schafgasse_1_000008_000070,34,styrofoam,random hazards,10.0,36.55,46.61,44.99,45.76
05_Schafgasse_1_000008_000070,14,headlight,random hazards,22.0,26.37,32.59,31.38,31.89
05_Schafgasse_1_000008_000080,34,styrofoam,random hazards,11.0,33.1,41.07,39.37,40.0
05_Schafgasse_1_000008_000080,14,headlight,random hazards,26.0,23.27,28.34,27.42,27.79
05_Schafgasse_1_000008_000090,34,styrofoam,random hazards,13.0,30.11,37.85,36.12,36.79
05_Schafgasse_1_000008_000090,14,headlight,random hazards,31.0,19.74,22.35,21.94,22.05
05_Schafgasse_1_000008_000100,34,styrofoam,random hazards,14.0,26.79,31.12,29.94,30.41
05_Schafgasse_1_000008_000100,14,headlight,random hazards,38.0,16.51,17.75,17.39,17.52
05_Schafgasse_1_000008_000110,34,styrofoam,random hazards,16.0,23.57,27.36,25.96,26.53
05_Schafgasse_1_000008_000110,14,headlight,random hazards,47.0,13.23,13.09,12.81,12.92
05_Schafgasse_1_000008_000120,34,styrofoam,random hazards,17.0,20.17,22.52,21.03,21.62
05_Schafgasse_1_000008_000120,14,headlight,random hazards,63.0,9.97,9.37,9.17,9.24
05_Schafgasse_1_000009_000070,23,dog (black),emotional hazards,19.0,55.36,70.29,64.47,67.18
05_Schafgasse_1_000009_000080,23,dog (black),emotional hazards,22.0,53.95,57.58,54.24,55.53
05_Schafgasse_1_000009_000090,23,dog (black),emotional hazards,21.0,53.46,58.47,55.46,56.73
05_Schafgasse_1_000009_000100,23,dog (black),emotional hazards,20.0,52.39,59.24,55.83,57.39
05_Schafgasse_1_000009_000110,23,dog (black),emotional hazards,22.0,49.71,52.62,50.94,51.72
05_Schafgasse_1_000009_000120,23,dog (black),emotional hazards,23.0,48.08,52.56,48.67,50.47
05_Schafgasse_1_000009_000130,23,dog (black),emotional hazards,25.0,44.83,51.71,47.96,49.7
05_Schafgasse_1_000009_000140,23,dog (black),emotional hazards,26.0,42.47,47.86,45.02,46.13
05_Schafgasse_1_000009_000150,23,dog (black),emotional hazards,28.0,38.42,42.11,39.58,40.39
05_Schafgasse_1_000009_000160,23,dog (black),emotional hazards,31.0,36.24,38.79,36.45,37.1
05_Schafgasse_1_000009_000170,23,dog (black),emotional hazards,33.0,32.2,33.56,32.64,32.95
05_Schafgasse_1_000009_000180,23,dog (black),emotional hazards,37.0,28.77,28.87,28.01,28.37
05_Schafgasse_1_000009_000190,23,dog (black),emotional hazards,41.0,25.54,25.91,24.91,25.32
05_Schafgasse_1_000009_000200,23,dog (black),emotional hazards,51.0,21.69,24.64,23.76,24.21
05_Schafgasse_1_000009_000210,23,dog (black),emotional hazards,59.0,18.28,21.13,20.42,20.83
05_Schafgasse_1_000009_000220,23,dog (black),emotional hazards,75.0,14.99,16.82,16.24,16.45
05_Schafgasse_1_000009_000230,23,dog (black),emotional hazards,92.0,11.99,12.39,12.22,12.28
05_Schafgasse_1_000009_000240,23,dog (black),emotional hazards,114.0,9.26,9.63,9.37,9.5
05_Schafgasse_1_000010_000040,24,dog (white),emotional hazards,15.0,53.21,65.52,62.2,63.3
05_Schafgasse_1_000010_000050,24,dog (white),emotional hazards,16.0,52.73,67.62,64.65,66.05
05_Schafgasse_1_000010_000060,24,dog (white),emotional hazards,16.0,51.33,64.98,61.15,62.81
05_Schafgasse_1_000010_000070,24,dog (white),emotional hazards,16.0,50.61,61.4,55.64,58.36
05_Schafgasse_1_000010_000080,24,dog (white),emotional hazards,16.0,48.51,56.8,53.82,55.01
05_Schafgasse_1_000010_000090,24,dog (white),emotional hazards,18.0,45.39,54.48,51.8,52.89
05_Schafgasse_1_000010_000100,24,dog (white),emotional hazards,18.0,42.8,49.46,46.43,47.65
05_Schafgasse_1_000010_000110,24,dog (white),emotional hazards,20.0,38.79,42.61,39.32,40.63
05_Schafgasse_1_000010_000120,24,dog (white),emotional hazards,22.0,35.82,37.25,34.12,35.11
05_Schafgasse_1_000010_000130,24,dog (white),emotional hazards,24.0,31.65,32.75,30.67,31.43
05_Schafgasse_1_000010_000140,24,dog (white),emotional hazards,27.0,27.83,28.84,27.08,27.71
05_Schafgasse_1_000010_000150,24,dog (white),emotional hazards,32.0,23.42,25.95,24.63,25.12
05_Schafgasse_1_000010_000160,24,dog (white),emotional hazards,38.0,19.55,21.6,20.59,20.89
05_Schafgasse_1_000010_000170,24,dog (white),emotional hazards,46.0,15.87,17.38,16.82,17.0
05_Schafgasse_1_000010_000180,24,dog (white),emotional hazards,59.0,12.55,12.36,11.87,12.05
05_Schafgasse_1_000010_000190,24,dog (white),emotional hazards,76.0,9.31,9.55,9.25,9.35
05_Schafgasse_1_000011_000120,27,bobby car (red),emotional hazards,29.0,39.08,39.18,36.7,37.48
05_Schafgasse_1_000011_000130,27,bobby car (red),emotional hazards,32.0,33.58,34.61,32.99,33.41
05_Schafgasse_1_000011_000140,27,bobby car (red),emotional hazards,36.0,28.89,29.26,28.21,28.5
05_Schafgasse_1_000011_000150,27,bobby car (red),emotional hazards,41.0,23.8,25.97,25.37,25.52
05_Schafgasse_1_000011_000160,27,bobby car (red),emotional hazards,54.0,19.23,20.69,20.32,20.48
05_Schafgasse_1_000011_000170,27,bobby car (red),emotional hazards,71.0,14.17,13.06,12.83,12.89
05_Schafgasse_1_000011_000180,27,bobby car (red),emotional hazards,105.0,9.75,10.09,9.97,10.0
05_Schafgasse_1_000012_000030,28,bobby car (yellow),emotional hazards,17.0,77.54,84.36,81.91,82.71
05_Schafgasse_1_000012_000040,28,bobby car (yellow),emotional hazards,18.0,74.82,76.63,73.88,74.96
05_Schafgasse_1_000012_000050,28,bobby car (yellow),emotional hazards,17.0,72.79,72.04,69.31,70.5
05_Schafgasse_1_000012_000060,28,bobby car (yellow),emotional hazards,20.0,72.06,68.42,65.89,66.91
05_Schafgasse_1_000012_000070,28,bobby car (yellow),emotional hazards,17.0,65.78,69.41,67.57,68.29
05_Schafgasse_1_000012_000080,28,bobby car (yellow),emotional hazards,18.0,62.62,73.33,69.62,71.02
05_Schafgasse_1_000012_000090,28,bobby car (yellow),emotional hazards,19.0,60.76,64.3,62.01,62.95
05_Schafgasse_1_000012_000100,28,bobby car (yellow),emotional hazards,21.0,57.89,54.81,53.37,53.92
05_Schafgasse_1_000012_000110,28,bobby car (yellow),emotional hazards,23.0,52.41,48.97,47.76,48.2
05_Schafgasse_1_000012_000120,28,bobby car (yellow),emotional hazards,22.0,48.82,50.68,49.26,49.83
05_Schafgasse_1_000012_000130,28,bobby car (yellow),emotional hazards,26.0,43.81,43.9,42.91,43.24
05_Schafgasse_1_000012_000140,28,bobby car (yellow),emotional hazards,28.0,40.13,40.03,39.28,39.56
05_Schafgasse_1_000012_000150,28,bobby car (yellow),emotional hazards,33.0,35.51,38.89,37.76,38.08
05_Schafgasse_1_000012_000160,28,bobby car (yellow),emotional hazards,36.0,30.85,32.45,32.02,32.17
05_Schafgasse_1_000012_000170,28,bobby car (yellow),emotional hazards,41.0,26.2,28.36,27.88,28.08
05_Schafgasse_1_000012_000180,28,bobby car (yellow),emotional hazards,47.0,22.57,24.31,23.8,23.99
05_Schafgasse_1_000012_000190,28,bobby car (yellow),emotional hazards,58.0,18.22,19.8,19.51,19.59
05_Schafgasse_1_000012_000200,28,bobby car (yellow),emotional hazards,75.0,14.25,14.7,14.5,14.58
05_Schafgasse_1_000012_000210,28,bobby car (yellow),emotional hazards,99.0,10.6,10.77,10.57,10.64
05_Schafgasse_1_000012_000220,28,bobby car (yellow),emotional hazards,142.0,7.32,7.22,7.12,7.14
05_Schafgasse_1_000013_000030,26,bobby car (gray),emotional hazards,19.0,67.85,68.25,63.05,64.9
05_Schafgasse_1_000013_000040,26,bobby car (gray),emotional hazards,15.0,65.08,63.12,59.44,60.68
05_Schafgasse_1_000013_000050,26,bobby car (gray),emotional hazards,17.0,64.37,74.86,68.21,70.61
05_Schafgasse_1_000013_000060,26,bobby car (gray),emotional hazards,17.0,61.51,72.93,66.97,69.13
05_Schafgasse_1_000013_000070,26,bobby car (gray),emotional hazards,15.0,58.52,62.74,59.32,60.52
05_Schafgasse_1_000013_000080,26,bobby car (gray),emotional hazards,22.0,54.04,56.18,53.46,54.46
05_Schafgasse_1_000013_000090,26,bobby car (gray),emotional hazards,23.0,51.2,50.22,47.0,48.25
05_Schafgasse_1_000013_000100,26,bobby car (gray),emotional hazards,22.0,45.71,45.93,43.88,44.59
05_Schafgasse_1_000013_000110,26,bobby car (gray),emotional hazards,25.0,41.84,41.49,39.87,40.54
05_Schafgasse_1_000013_000120,26,bobby car (gray),emotional hazards,30.0,36.78,39.6,38.02,38.59
05_Schafgasse_1_000013_000130,26,bobby car (gray),emotional hazards,32.0,32.16,34.73,32.51,33.43
05_Schafgasse_1_000013_000140,26,bobby car (gray),emotional hazards,39.0,28.02,29.59,28.43,28.84
05_Schafgasse_1_000013_000150,26,bobby car (gray),emotional hazards,45.0,23.07,24.91,24.04,24.42
05_Schafgasse_1_000013_000160,26,bobby car (gray),emotional hazards,55.0,18.43,19.93,19.47,19.6
05_Schafgasse_1_000013_000170,26,bobby car (gray),emotional hazards,69.0,14.2,14.7,14.48,14.55
05_Schafgasse_1_000013_000180,26,bobby car (gray),emotional hazards,97.0,10.46,10.49,10.36,10.41
05_Schafgasse_1_000014_000030,24,dog (white),emotional hazards,20.0,47.14,58.07,53.34,55.11
05_Schafgasse_1_000014_000040,24,dog (white),emotional hazards,23.0,45.34,55.3,50.11,51.93
05_Schafgasse_1_000014_000050,24,dog (white),emotional hazards,25.0,43.42,52.43,48.27,49.64
05_Schafgasse_1_000014_000060,24,dog (white),emotional hazards,26.0,41.49,48.98,45.14,46.67
05_Schafgasse_1_000014_000070,24,dog (white),emotional hazards,27.0,39.53,45.79,42.64,43.81
05_Schafgasse_1_000014_000080,24,dog (white),emotional hazards,30.0,36.05,41.09,38.26,39.39
05_Schafgasse_1_000014_000090,24,dog (white),emotional hazards,32.0,32.25,35.27,33.84,34.41
05_Schafgasse_1_000014_000100,24,dog (white),emotional hazards,32.0,28.71,31.23,29.88,30.26
05_Schafgasse_1_000014_000110,24,dog (white),emotional hazards,38.0,25.23,26.42,25.41,25.77
05_Schafgasse_1_000014_000120,24,dog (white),emotional hazards,42.0,21.15,21.58,20.73,21.02
05_Schafgasse_1_000014_000130,24,dog (white),emotional hazards,53.0,17.66,18.78,18.34,18.56
05_Schafgasse_1_000014_000140,24,dog (white),emotional hazards,62.0,14.09,14.52,14.23,14.38
05_Schafgasse_1_000014_000150,24,dog (white),emotional hazards,79.0,11.09,11.34,11.11,11.21
05_Schafgasse_1_000014_000160,24,dog (white),emotional hazards,104.0,8.48,8.74,8.57,8.67
05_Schafgasse_1_000015_000050,27,bobby car (red),emotional hazards,24.0,47.76,51.39,49.04,49.7
05_Schafgasse_1_000015_000060,27,bobby car (red),emotional hazards,25.0,43.62,50.99,47.32,48.45
05_Schafgasse_1_000015_000070,27,bobby car (red),emotional hazards,26.0,41.34,46.68,44.77,45.42
05_Schafgasse_1_000015_000080,27,bobby car (red),emotional hazards,30.0,37.11,42.6,40.5,41.32
05_Schafgasse_1_000015_000090,27,bobby car (red),emotional hazards,33.0,33.46,35.29,34.24,34.56
05_Schafgasse_1_000015_000100,27,bobby car (red),emotional hazards,36.0,29.06,31.72,30.55,30.92
05_Schafgasse_1_000015_000110,27,bobby car (red),emotional hazards,41.0,25.47,25.54,24.98,25.14
05_Schafgasse_1_000015_000120,27,bobby car (red),emotional hazards,46.0,21.62,21.01,20.7,20.79
05_Schafgasse_1_000015_000130,27,bobby car (red),emotional hazards,55.0,18.15,16.87,16.61,16.68
05_Schafgasse_1_000015_000140,27,bobby car (red),emotional hazards,68.0,14.93,14.52,14.33,14.4
05_Schafgasse_1_000015_000150,27,bobby car (red),emotional hazards,82.0,12.05,11.69,11.54,11.58
05_Schafgasse_1_000015_000160,27,bobby car (red),emotional hazards,104.0,9.41,9.65,9.59,9.61
05_Schafgasse_1_000015_000170,27,bobby car (red),emotional hazards,135.0,7.29,7.32,7.26,7.28
05_Schafgasse_1_000016_000030,27,bobby car (red),emotional hazards,20.0,52.31,46.99,45.31,45.95
05_Schafgasse_1_000016_000040,27,bobby car (red),emotional hazards,20.0,52.14,52.73,51.12,51.76
05_Schafgasse_1_000016_000050,27,bobby car (red),emotional hazards,22.0,50.19,47.26,45.4,46.18
05_Schafgasse_1_000016_000060,27,bobby car (red),emotional hazards,23.0,48.51,46.49,45.24,45.71
05_Schafgasse_1_000016_000070,27,bobby car (red),emotional hazards,24.0,45.53,44.88,43.49,44.12
05_Schafgasse_1_000016_000080,27,bobby car (red),emotional hazards,25.0,42.22,42.37,40.76,41.35
05_Schafgasse_1_000016_000090,27,bobby car (red),emotional hazards,27.0,38.5,38.45,37.12,37.62
05_Schafgasse_1_000016_000100,27,bobby car (red),emotional hazards,30.0,35.52,36.49,35.17,35.71
05_Schafgasse_1_000016_000110,27,bobby car (red),emotional hazards,34.0,31.6,31.06,29.53,29.97
05_Schafgasse_1_000016_000120,27,bobby car (red),emotional hazards,40.0,27.84,27.43,26.44,26.78
05_Schafgasse_1_000016_000130,27,bobby car (red),emotional hazards,46.0,23.85,24.76,23.56,23.88
05_Schafgasse_1_000016_000140,27,bobby car (red),emotional hazards,48.0,19.86,19.26,18.72,18.9
05_Schafgasse_1_000016_000150,27,bobby car (red),emotional hazards,63.0,16.08,16.75,16.32,16.46
05_Schafgasse_1_000016_000160,27,bobby car (red),emotional hazards,80.0,12.51,11.99,11.67,11.8
05_Schafgasse_1_000016_000170,27,bobby car (red),emotional hazards,108.0,9.15,9.45,9.27,9.33
05_Schafgasse_1_000017_000030,26,bobby car (gray),emotional hazards,19.0,53.49,59.66,57.57,58.36
05_Schafgasse_1_000017_000040,26,bobby car (gray),emotional hazards,21.0,52.37,54.49,51.83,52.87
05_Schafgasse_1_000017_000050,26,bobby car (gray),emotional hazards,21.0,50.96,50.51,47.95,48.82
05_Schafgasse_1_000017_000060,26,bobby car (gray),emotional hazards,21.0,49.46,47.87,46.13,46.92
05_Schafgasse_1_000017_000070,26,bobby car (gray),emotional hazards,22.0,46.12,49.23,47.06,47.89
05_Schafgasse_1_000017_000080,26,bobby car (gray),emotional hazards,26.0,43.18,43.71,42.24,42.8
05_Schafgasse_1_000017_000090,26,bobby car (gray),emotional hazards,27.0,39.46,41.5,39.78,40.32
05_Schafgasse_1_000017_000100,26,bobby car (gray),emotional hazards,30.0,35.81,37.99,36.63,37.11
05_Schafgasse_1_000017_000110,26,bobby car (gray),emotional hazards,32.0,31.94,32.68,31.88,32.16
05_Schafgasse_1_000017_000120,26,bobby car (gray),emotional hazards,35.0,28.26,29.31,28.48,28.72
05_Schafgasse_1_000017_000130,26,bobby car (gray),emotional hazards,42.0,25.01,25.56,24.87,25.1
05_Schafgasse_1_000017_000140,26,bobby car (gray),emotional hazards,49.0,21.2,21.2,20.59,20.83
05_Schafgasse_1_000017_000150,26,bobby car (gray),emotional hazards,57.0,17.74,18.63,18.16,18.34
05_Schafgasse_1_000017_000160,26,bobby car (gray),emotional hazards,70.0,14.1,15.38,15.17,15.22
05_Schafgasse_1_000017_000170,26,bobby car (gray),emotional hazards,92.0,10.89,11.55,11.41,11.47
05_Schafgasse_1_000017_000180,26,bobby car (gray),emotional hazards,127.0,7.91,8.2,8.09,8.14
05_Schafgasse_1_000018_000030,24,dog (white),emotional hazards,22.0,55.19,57.0,55.43,56.14
05_Schafgasse_1_000018_000040,24,dog (white),emotional hazards,23.0,52.2,53.37,51.69,52.4
05_Schafgasse_1_000018_000050,24,dog (white),emotional hazards,24.0,50.77,55.54,53.22,54.34
05_Schafgasse_1_000018_000060,24,dog (white),emotional hazards,25.0,47.4,50.0,48.08,48.85
05_Schafgasse_1_000018_000070,24,dog (white),emotional hazards,26.0,42.78,45.17,43.17,43.99
05_Schafgasse_1_000018_000080,24,dog (white),emotional hazards,29.0,39.39,42.03,40.0,40.74
05_Schafgasse_1_000018_000090,24,dog (white),emotional hazards,32.0,35.21,37.14,35.42,36.12
05_Schafgasse_1_000018_000100,24,dog (white),emotional hazards,37.0,30.59,31.8,30.33,30.89
05_Schafgasse_1_000018_000110,24,dog (white),emotional hazards,43.0,25.71,25.89,25.07,25.38
05_Schafgasse_1_000018_000120,24,dog (white),emotional hazards,50.0,21.02,20.04,19.72,19.81
05_Schafgasse_1_000018_000130,24,dog (white),emotional hazards,62.0,16.71,16.32,16.09,16.17
05_Schafgasse_1_000018_000140,24,dog (white),emotional hazards,77.0,12.49,11.39,11.3,11.33
05_Schafgasse_1_000018_000150,24,dog (white),emotional hazards,111.0,8.45,8.42,8.3,8.35
05_Schafgasse_1_000019_000070,23,dog (black),emotional hazards,21.0,58.47,62.43,58.63,60.22
05_Schafgasse_1_000019_000080,23,dog (black),emotional hazards,23.0,54.36,60.34,56.75,58.15
05_Schafgasse_1_000019_000090,23,dog (black),emotional hazards,23.0,53.5,55.02,52.67,53.63
05_Schafgasse_1_000019_000100,23,dog (black),emotional hazards,26.0,51.45,52.75,49.23,50.6
05_Schafgasse_1_000019_000110,23,dog (black),emotional hazards,28.0,48.86,48.11,45.97,46.94
05_Schafgasse_1_000019_000120,23,dog (black),emotional hazards,32.0,43.86,42.67,40.13,41.1
05_Schafgasse_1_000019_000130,23,dog (black),emotional hazards,30.0,41.58,44.08,41.33,42.61
05_Schafgasse_1_000019_000140,23,dog (black),emotional hazards,32.0,37.64,37.88,35.96,36.73
05_Schafgasse_1_000019_000150,23,dog (black),emotional hazards,37.0,33.25,32.88,31.07,31.96
05_Schafgasse_1_000019_000160,23,dog (black),emotional hazards,44.0,28.7,27.95,26.83,27.28
05_Schafgasse_1_000019_000170,23,dog (black),emotional hazards,49.0,24.77,22.57,21.7,22.23
05_Schafgasse_1_000019_000180,23,dog (black),emotional hazards,58.0,20.05,20.1,19.54,19.95
05_Schafgasse_1_000019_000190,23,dog (black),emotional hazards,68.0,15.91,15.2,14.98,15.09
05_Schafgasse_1_000019_000200,23,dog (black),emotional hazards,88.0,12.12,13.04,12.87,12.91
05_Schafgasse_1_000019_000210,23,dog (black),emotional hazards,125.0,8.76,9.66,9.51,9.59
07_Festplatz_Flugfeld_000000_000030,04,crate (gray),standard objects,7.0,82.26,60.95,54.45,56.35
07_Festplatz_Flugfeld_000000_000030,05,"crate (gray, 2x stacked)",standard objects,11.0,89.7,107.66,84.21,94.78
07_Festplatz_Flugfeld_000000_000030,06,"crate (gray, upright)",standard objects,14.0,105.56,107.62,90.82,101.96
07_Festplatz_Flugfeld_000000_000040,04,crate (gray),standard objects,8.0,77.52,55.73,49.73,52.03
07_Festplatz_Flugfeld_000000_000040,05,"crate (gray, 2x stacked)",standard objects,11.0,91.55,108.55,77.57,91.55
07_Festplatz_Flugfeld_000000_000040,06,"crate (gray, upright)",standard objects,15.0,106.56,102.65,88.99,99.49
07_Festplatz_Flugfeld_000000_000050,04,crate (gray),standard objects,7.0,77.7,51.66,48.13,49.09
07_Festplatz_Flugfeld_000000_000050,05,"crate (gray, 2x stacked)",standard objects,10.0,91.74,107.77,77.15,90.09
07_Festplatz_Flugfeld_000000_000050,06,"crate (gray, upright)",standard objects,15.0,101.97,93.21,76.89,87.88
07_Festplatz_Flugfeld_000000_000060,04,crate (gray),standard objects,7.0,69.69,49.67,46.92,47.74
07_Festplatz_Flugfeld_000000_000060,05,"crate (gray, 2x stacked)",standard objects,11.0,87.81,78.94,58.26,63.91
07_Festplatz_Flugfeld_000000_000060,06,"crate (gray, upright)",standard objects,15.0,99.22,93.96,65.54,81.07
07_Festplatz_Flugfeld_000000_000070,04,crate (gray),standard objects,6.0,66.01,50.07,47.87,48.57
07_Festplatz_Flugfeld_000000_000070,05,"crate (gray, 2x stacked)",standard objects,9.0,82.16,95.89,76.3,82.85
07_Festplatz_Flugfeld_000000_000070,06,"crate (gray, upright)",standard objects,17.0,93.74,87.5,70.84,76.73
07_Festplatz_Flugfeld_000000_000080,04,crate (gray),standard objects,8.0,64.92,51.81,48.62,49.41
07_Festplatz_Flugfeld_000000_000080,05,"crate (gray, 2x stacked)",standard objects,12.0,76.82,103.55,73.8,84.16
07_Festplatz_Flugfeld_000000_000080,06,"crate (gray, upright)",standard objects,17.0,94.08,93.95,73.18,83.75
07_Festplatz_Flugfeld_000000_000090,04,crate (gray),standard objects,7.0,60.87,47.13,44.95,46.01
07_Festplatz_Flugfeld_000000_000090,05,"crate (gray, 2x stacked)",standard objects,14.0,76.05,92.58,64.53,75.66
07_Festplatz_Flugfeld_000000_000090,06,"crate (gray, upright)",standard objects,17.0,90.26,85.28,63.86,73.22
07_Festplatz_Flugfeld_000000_000100,04,crate (gray),standard objects,7.0,55.91,40.65,38.71,39.34
07_Festplatz_Flugfeld_000000_000100,05,"crate (gray, 2x stacked)",standard objects,13.0,70.64,77.84,52.43,58.8
07_Festplatz_Flugfeld_000000_000100,06,"crate (gray, upright)",standard objects,19.0,88.29,82.92,60.85,72.0
07_Festplatz_Flugfeld_000000_000110,05,"crate (gray, 2x stacked)",standard objects,12.0,66.35,52.71,43.12,46.07
07_Festplatz_Flugfeld_000000_000110,04,crate (gray),standard objects,8.0,52.71,37.42,35.69,36.35
07_Festplatz_Flugfeld_000000_000110,06,"crate (gray, upright)",standard objects,20.0,74.82,61.42,46.68,50.03
07_Festplatz_Flugfeld_000000_000120,04,crate (gray),standard objects,9.0,48.99,36.29,34.98,35.36
07_Festplatz_Flugfeld_000000_000120,05,"crate (gray, 2x stacked)",standard objects,13.0,63.95,56.63,43.79,46.17
07_Festplatz_Flugfeld_000000_000120,06,"crate (gray, upright)",standard objects,21.0,68.72,72.76,45.98,52.78
07_Festplatz_Flugfeld_000000_000130,04,crate (gray),standard objects,10.0,44.62,36.44,35.0,35.71
07_Festplatz_Flugfeld_000000_000130,05,"crate (gray, 2x stacked)",standard objects,12.0,58.39,62.53,47.52,51.61
07_Festplatz_Flugfeld_000000_000130,06,"crate (gray, upright)",standard objects,21.0,67.57,55.59,48.66,50.96
07_Festplatz_Flugfeld_000000_000140,04,crate (gray),standard objects,10.0,41.77,37.45,35.59,36.2
07_Festplatz_Flugfeld_000000_000140,05,"crate (gray, 2x stacked)",standard objects,15.0,54.08,53.98,43.71,47.03
07_Festplatz_Flugfeld_000000_000140,06,"crate (gray, upright)",standard objects,22.0,62.49,58.38,49.75,53.48
07_Festplatz_Flugfeld_000000_000150,04,crate (gray),standard objects,15.0,36.81,34.44,32.56,33.19
07_Festplatz_Flugfeld_000000_000150,05,"crate (gray, 2x stacked)",standard objects,16.0,51.62,48.36,41.12,42.98
07_Festplatz_Flugfeld_000000_000150,06,"crate (gray, upright)",standard objects,27.0,57.15,46.15,42.84,44.73
07_Festplatz_Flugfeld_000000_000160,04,crate (gray),standard objects,14.0,33.12,30.55,28.97,29.57
07_Festplatz_Flugfeld_000000_000160,05,"crate (gray, 2x stacked)",standard objects,19.0,47.21,44.61,37.97,39.39
07_Festplatz_Flugfeld_000000_000160,06,"crate (gray, upright)",standard objects,30.0,52.01,39.24,38.64,38.88
07_Festplatz_Flugfeld_000000_000170,04,crate (gray),standard objects,15.0,29.26,30.47,28.97,29.53
07_Festplatz_Flugfeld_000000_000170,05,"crate (gray, 2x stacked)",standard objects,17.0,42.33,42.47,38.72,40.09
07_Festplatz_Flugfeld_000000_000170,06,"crate (gray, upright)",standard objects,28.0,47.45,42.14,41.4,41.75
07_Festplatz_Flugfeld_000000_000180,04,crate (gray),standard objects,20.0,25.63,27.48,26.08,26.59
07_Festplatz_Flugfeld_000000_000180,05,"crate (gray, 2x stacked)",standard objects,21.0,38.45,39.08,35.79,36.69
07_Festplatz_Flugfeld_000000_000180,06,"crate (gray, upright)",standard objects,36.0,43.36,39.78,38.17,38.76
07_Festplatz_Flugfeld_000000_000190,04,crate (gray),standard objects,21.0,21.62,21.5,20.67,20.97
07_Festplatz_Flugfeld_000000_000190,05,"crate (gray, 2x stacked)",standard objects,25.0,36.12,31.72,30.21,30.63
07_Festplatz_Flugfeld_000000_000190,06,"crate (gray, upright)",standard objects,39.0,41.12,32.72,32.04,32.29
07_Festplatz_Flugfeld_000000_000200,04,crate (gray),standard objects,24.0,18.02,18.19,17.46,17.72
07_Festplatz_Flugfeld_000000_000200,05,"crate (gray, 2x stacked)",standard objects,26.0,31.42,29.0,28.3,28.54
07_Festplatz_Flugfeld_000000_000200,06,"crate (gray, upright)",standard objects,42.0,36.24,29.55,28.54,29.01
07_Festplatz_Flugfeld_000000_000210,04,crate (gray),standard objects,34.0,14.06,15.01,14.58,14.75
07_Festplatz_Flugfeld_000000_000210,05,"crate (gray, 2x stacked)",standard objects,32.0,27.28,26.11,25.34,25.65
07_Festplatz_Flugfeld_000000_000210,06,"crate (gray, upright)",standard objects,46.0,31.82,28.66,28.33,28.55
07_Festplatz_Flugfeld_000000_000220,04,crate (gray),standard objects,43.0,10.2,12.95,12.73,12.81
07_Festplatz_Flugfeld_000000_000220,05,"crate (gray, 2x stacked)",standard objects,35.0,23.19,27.78,27.33,27.47
07_Festplatz_Flugfeld_000000_000220,06,"crate (gray, upright)",standard objects,46.0,28.26,31.99,31.84,31.89
07_Festplatz_Flugfeld_000000_000230,05,"crate (gray, 2x stacked)",standard objects,38.0,19.43,22.74,22.32,22.51
07_Festplatz_Flugfeld_000000_000230,06,"crate (gray, upright)",standard objects,58.0,24.98,26.07,25.79,25.91
07_Festplatz_Flugfeld_000000_000240,05,"crate (gray, 2x stacked)",standard objects,51.0,15.84,18.2,17.76,17.96
07_Festplatz_Flugfeld_000000_000240,06,"crate (gray, upright)",standard objects,64.0,20.94,22.11,22.04,22.07
07_Festplatz_Flugfeld_000000_000250,05,"crate (gray, 2x stacked)",standard objects,70.0,12.57,14.22,13.95,14.05
07_Festplatz_Flugfeld_000000_000250,06,"crate (gray, upright)",standard objects,80.0,17.61,19.54,19.36,19.42
07_Festplatz_Flugfeld_000000_000260,05,"crate (gray, 2x stacked)",standard objects,93.0,9.07,11.65,11.56,11.59
07_Festplatz_Flugfeld_000000_000260,06,"crate (gray, upright)",standard objects,97.0,14.11,18.05,17.88,17.98
07_Festplatz_Flugfeld_000001_000030,03,"crate (black, upright)",standard objects,9.0,85.71,53.5,47.37,49.01
07_Festplatz_Flugfeld_000001_000030,02,"crate (black, 2x stacked)",standard objects,9.0,106.69,83.6,64.04,74.75
07_Festplatz_Flugfeld_000001_000030,01,crate (black),standard objects,9.0,102.7,70.67,50.12,54.64
07_Festplatz_Flugfeld_000001_000040,03,"crate (black, upright)",standard objects,7.0,88.02,50.32,45.6,47.17
07_Festplatz_Flugfeld_000001_000040,02,"crate (black, 2x stacked)",standard objects,10.0,104.11,91.61,60.19,73.12
07_Festplatz_Flugfeld_000001_000040,01,crate (black),standard objects,9.0,99.3,66.69,53.13,56.94
07_Festplatz_Flugfeld_000001_000050,03,"crate (black, upright)",standard objects,9.0,84.87,53.91,47.96,49.74
07_Festplatz_Flugfeld_000001_000050,02,"crate (black, 2x stacked)",standard objects,12.0,99.37,94.97,59.32,66.85
07_Festplatz_Flugfeld_000001_000050,01,crate (black),standard objects,10.0,93.4,70.43,57.08,61.11
07_Festplatz_Flugfeld_000001_000060,03,"crate (black, upright)",standard objects,8.0,81.95,55.71,49.25,51.74
07_Festplatz_Flugfeld_000001_000060,02,"crate (black, 2x stacked)",standard objects,11.0,98.24,112.84,72.42,91.06
07_Festplatz_Flugfeld_000001_000060,01,crate (black),standard objects,8.0,86.4,65.8,52.87,58.31
07_Festplatz_Flugfeld_000001_000070,03,"crate (black, upright)",standard objects,9.0,76.92,53.36,46.62,48.09
07_Festplatz_Flugfeld_000001_000070,02,"crate (black, 2x stacked)",standard objects,11.0,99.53,106.93,61.18,75.78
07_Festplatz_Flugfeld_000001_000070,01,crate (black),standard objects,9.0,86.14,64.93,55.21,57.39
07_Festplatz_Flugfeld_000001_000080,03,"crate (black, upright)",standard objects,11.0,73.41,48.12,43.31,44.67
07_Festplatz_Flugfeld_000001_000080,02,"crate (black, 2x stacked)",standard objects,11.0,93.0,79.79,53.15,57.57
07_Festplatz_Flugfeld_000001_000080,01,crate (black),standard objects,9.0,87.15,64.12,54.55,56.81
07_Festplatz_Flugfeld_000001_000090,03,"crate (black, upright)",standard objects,10.0,66.59,44.24,41.13,41.88
07_Festplatz_Flugfeld_000001_000090,02,"crate (black, 2x stacked)",standard objects,13.0,89.45,57.01,46.95,50.29
07_Festplatz_Flugfeld_000001_000090,01,crate (black),standard objects,10.0,80.12,49.28,45.25,46.31
07_Festplatz_Flugfeld_000001_000100,03,"crate (black, upright)",standard objects,10.0,63.14,47.41,44.64,45.54
07_Festplatz_Flugfeld_000001_000100,02,"crate (black, 2x stacked)",standard objects,13.0,82.74,63.86,51.6,53.89
07_Festplatz_Flugfeld_000001_000100,01,crate (black),standard objects,10.0,74.22,56.35,52.86,54.17
07_Festplatz_Flugfeld_000001_000110,03,"crate (black, upright)",standard objects,12.0,58.42,40.02,37.57,38.63
07_Festplatz_Flugfeld_000001_000110,02,"crate (black, 2x stacked)",standard objects,15.0,77.99,55.57,45.69,47.62
07_Festplatz_Flugfeld_000001_000110,01,crate (black),standard objects,11.0,70.76,43.84,40.57,41.4
07_Festplatz_Flugfeld_000001_000120,03,"crate (black, upright)",standard objects,13.0,52.22,40.04,37.33,38.04
07_Festplatz_Flugfeld_000001_000120,02,"crate (black, 2x stacked)",standard objects,14.0,70.93,46.3,42.46,43.8
07_Festplatz_Flugfeld_000001_000120,01,crate (black),standard objects,11.0,64.13,45.61,42.82,43.54
07_Festplatz_Flugfeld_000001_000130,03,"crate (black, upright)",standard objects,14.0,47.56,36.58,34.96,35.56
07_Festplatz_Flugfeld_000001_000130,02,"crate (black, 2x stacked)",standard objects,16.0,67.85,42.43,41.28,41.72
07_Festplatz_Flugfeld_000001_000130,01,crate (black),standard objects,13.0,61.19,44.75,41.19,42.15
07_Festplatz_Flugfeld_000001_000140,03,"crate (black, upright)",standard objects,16.0,43.2,35.27,33.54,34.01
07_Festplatz_Flugfeld_000001_000140,02,"crate (black, 2x stacked)",standard objects,18.0,61.89,45.88,42.75,43.61
07_Festplatz_Flugfeld_000001_000140,01,crate (black),standard objects,15.0,56.38,39.12,37.38,37.99
07_Festplatz_Flugfeld_000001_000150,03,"crate (black, upright)",standard objects,17.0,38.11,33.57,31.92,32.5
07_Festplatz_Flugfeld_000001_000150,02,"crate (black, 2x stacked)",standard objects,19.0,56.3,43.01,39.88,41.14
07_Festplatz_Flugfeld_000001_000150,01,crate (black),standard objects,15.0,51.97,40.87,38.27,39.55
07_Festplatz_Flugfeld_000001_000160,03,"crate (black, upright)",standard objects,20.0,34.27,29.21,28.3,28.55
07_Festplatz_Flugfeld_000001_000160,02,"crate (black, 2x stacked)",standard objects,21.0,50.39,37.64,36.47,36.91
07_Festplatz_Flugfeld_000001_000160,01,crate (black),standard objects,17.0,47.37,34.9,33.65,33.96
07_Festplatz_Flugfeld_000001_000170,02,"crate (black, 2x stacked)",standard objects,22.0,45.74,38.23,36.15,36.58
07_Festplatz_Flugfeld_000001_000170,03,"crate (black, upright)",standard objects,24.0,28.87,28.3,27.7,27.88
07_Festplatz_Flugfeld_000001_000170,01,crate (black),standard objects,20.0,42.13,34.31,33.56,33.77
07_Festplatz_Flugfeld_000001_000180,03,"crate (black, upright)",standard objects,28.0,24.93,24.36,23.82,24.06
07_Festplatz_Flugfeld_000001_000180,02,"crate (black, 2x stacked)",standard objects,27.0,41.72,36.17,35.69,35.91
07_Festplatz_Flugfeld_000001_000180,01,crate (black),standard objects,21.0,36.97,30.23,29.67,29.78
07_Festplatz_Flugfeld_000001_000190,03,"crate (black, upright)",standard objects,31.0,20.76,19.61,19.39,19.49
07_Festplatz_Flugfeld_000001_000190,02,"crate (black, 2x stacked)",standard objects,29.0,36.92,31.68,31.25,31.46
07_Festplatz_Flugfeld_000001_000190,01,crate (black),standard objects,23.0,33.32,28.49,27.84,28.04
07_Festplatz_Flugfeld_000001_000200,03,"crate (black, upright)",standard objects,42.0,16.73,16.9,16.79,16.83
07_Festplatz_Flugfeld_000001_000200,02,"crate (black, 2x stacked)",standard objects,32.0,32.75,31.79,31.21,31.53
07_Festplatz_Flugfeld_000001_000200,01,crate (black),standard objects,28.0,29.38,25.25,24.67,24.89
07_Festplatz_Flugfeld_000001_000210,03,"crate (black, upright)",standard objects,52.0,13.15,15.3,15.12,15.2
07_Festplatz_Flugfeld_000001_000210,02,"crate (black, 2x stacked)",standard objects,37.0,28.95,30.63,29.66,30.06
07_Festplatz_Flugfeld_000001_000210,01,crate (black),standard objects,32.0,25.53,25.53,24.99,25.18
07_Festplatz_Flugfeld_000001_000220,03,"crate (black, upright)",standard objects,72.0,9.81,12.47,12.28,12.35
07_Festplatz_Flugfeld_000001_000220,02,"crate (black, 2x stacked)",standard objects,40.0,25.64,29.39,28.92,29.07
07_Festplatz_Flugfeld_000001_000220,01,crate (black),standard objects,38.0,22.7,24.28,23.91,24.01
07_Festplatz_Flugfeld_000001_000230,02,"crate (black, 2x stacked)",standard objects,48.0,23.07,26.43,25.92,26.23
07_Festplatz_Flugfeld_000001_000230,01,crate (black),standard objects,41.0,19.47,20.42,19.97,20.19
07_Festplatz_Flugfeld_000001_000230,03,"crate (black, upright)",standard objects,103.0,7.16,8.34,8.21,8.25
07_Festplatz_Flugfeld_000002_000190,08,cardboard box,random hazards,11.0,86.86,51.39,46.28,48.3
07_Festplatz_Flugfeld_000002_000190,07,bumper,random hazards,17.0,99.53,70.3,56.36,61.59
07_Festplatz_Flugfeld_000002_000200,08,cardboard box,random hazards,9.0,84.2,48.61,45.48,46.76
07_Festplatz_Flugfeld_000002_000200,07,bumper,random hazards,19.0,96.91,77.97,56.37,63.5
07_Festplatz_Flugfeld_000002_000210,08,cardboard box,random hazards,10.0,86.45,52.86,49.36,50.34
07_Festplatz_Flugfeld_000002_000210,07,bumper,random hazards,18.0,92.53,70.94,59.3,63.39
07_Festplatz_Flugfeld_000002_000220,08,cardboard box,random hazards,10.0,82.79,44.92,42.82,43.55
07_Festplatz_Flugfeld_000002_000220,07,bumper,random hazards,18.0,91.16,60.52,52.99,55.43
07_Festplatz_Flugfeld_000002_000230,08,cardboard box,random hazards,11.0,76.87,44.38,41.64,43.12
07_Festplatz_Flugfeld_000002_000230,07,bumper,random hazards,18.0,84.86,57.11,50.66,53.41
07_Festplatz_Flugfeld_000002_000240,08,cardboard box,random hazards,12.0,74.52,49.67,45.63,47.27
07_Festplatz_Flugfeld_000002_000240,07,bumper,random hazards,18.0,85.14,65.7,55.83,59.82
07_Festplatz_Flugfeld_000002_000250,08,cardboard box,random hazards,13.0,70.26,50.46,46.2,47.38
07_Festplatz_Flugfeld_000002_000250,07,bumper,random hazards,21.0,81.85,57.01,53.96,55.44
07_Festplatz_Flugfeld_000002_000260,08,cardboard box,random hazards,13.0,66.52,50.98,47.15,48.42
07_Festplatz_Flugfeld_000002_000260,07,bumper,random hazards,22.0,79.18,67.98,59.57,63.68
07_Festplatz_Flugfeld_000002_000270,08,cardboard box,random hazards,14.0,65.08,42.02,39.52,40.52
07_Festplatz_Flugfeld_000002_000270,07,bumper,random hazards,23.0,74.13,55.83,47.89,51.06
07_Festplatz_Flugfeld_000002_000280,08,cardboard box,random hazards,16.0,60.11,42.77,39.8,40.86
07_Festplatz_Flugfeld_000002_000280,07,bumper,random hazards,23.0,67.36,48.5,45.79,47.41
07_Festplatz_Flugfeld_000002_000290,08,cardboard box,random hazards,15.0,55.77,39.54,37.12,37.99
07_Festplatz_Flugfeld_000002_000290,07,bumper,random hazards,23.0,64.3,53.25,46.86,50.0
07_Festplatz_Flugfeld_000002_000300,08,cardboard box,random hazards,17.0,50.66,36.44,35.12,35.79
07_Festplatz_Flugfeld_000002_000300,07,bumper,random hazards,26.0,61.45,43.54,41.98,43.1
07_Festplatz_Flugfeld_000002_000310,08,cardboard box,random hazards,19.0,48.05,35.99,34.56,34.94
07_Festplatz_Flugfeld_000002_000310,07,bumper,random hazards,26.0,57.05,45.09,42.52,43.68
07_Festplatz_Flugfeld_000002_000320,08,cardboard box,random hazards,21.0,42.8,34.46,32.83,33.31
07_Festplatz_Flugfeld_000002_000320,07,bumper,random hazards,27.0,51.62,40.81,38.93,40.06
07_Festplatz_Flugfeld_000002_000330,08,cardboard box,random hazards,22.0,39.31,32.33,30.79,31.76
07_Festplatz_Flugfeld_000002_000330,07,bumper,random hazards,30.0,48.6,38.25,37.26,37.68
07_Festplatz_Flugfeld_000002_000340,08,cardboard box,random hazards,24.0,35.66,29.97,29.1,29.37
07_Festplatz_Flugfeld_000002_000340,07,bumper,random hazards,33.0,43.1,36.39,35.22,35.78
07_Festplatz_Flugfeld_000002_000350,08,cardboard box,random hazards,26.0,31.73,25.81,25.26,25.44
07_Festplatz_Flugfeld_000002_000350,07,bumper,random hazards,35.0,40.65,32.1,31.59,31.7
07_Festplatz_Flugfeld_000002_000360,08,cardboard box,random hazards,30.0,28.34,22.4,21.85,22.11
07_Festplatz_Flugfeld_000002_000360,07,bumper,random hazards,39.0,36.23,29.96,28.85,29.42
07_Festplatz_Flugfeld_000002_000370,08,cardboard box,random hazards,40.0,24.87,19.52,19.22,19.32
07_Festplatz_Flugfeld_000002_000370,07,bumper,random hazards,48.0,32.92,28.61,27.01,27.79
07_Festplatz_Flugfeld_000002_000380,08,cardboard box,random hazards,42.0,21.24,18.64,18.47,18.52
07_Festplatz_Flugfeld_000002_000380,07,bumper,random hazards,49.0,29.28,27.5,26.46,26.99
07_Festplatz_Flugfeld_000002_000390,08,cardboard box,random hazards,49.0,18.09,17.23,17.05,17.15
07_Festplatz_Flugfeld_000002_000390,07,bumper,random hazards,58.0,25.89,26.23,25.63,25.79
07_Festplatz_Flugfeld_000002_000400,08,cardboard box,random hazards,59.0,14.72,13.05,12.89,12.97
07_Festplatz_Flugfeld_000002_000400,07,bumper,random hazards,63.0,22.92,22.44,22.07,22.25
07_Festplatz_Flugfeld_000002_000410,08,cardboard box,random hazards,77.0,11.6,10.4,10.3,10.34
07_Festplatz_Flugfeld_000002_000410,07,bumper,random hazards,70.0,19.75,20.26,19.87,20.04
07_Festplatz_Flugfeld_000002_000420,07,bumper,random hazards,84.0,16.84,16.78,16.39,16.52
07_Festplatz_Flugfeld_000002_000420,08,cardboard box,random hazards,105.0,8.65,7.5,7.41,7.44
07_Festplatz_Flugfeld_000002_000430,07,bumper,random hazards,95.0,14.14,14.96,14.7,14.79
07_Festplatz_Flugfeld_000002_000440,07,bumper,random hazards,121.0,11.59,12.55,12.34,12.44
07_Festplatz_Flugfeld_000003_000080,34,styrofoam,random hazards,7.0,79.13,56.87,52.2,53.52
07_Festplatz_Flugfeld_000003_000080,07,bumper,random hazards,14.0,93.2,78.4,66.9,71.35
07_Festplatz_Flugfeld_000003_000090,34,styrofoam,random hazards,5.0,75.12,49.73,46.62,48.1
07_Festplatz_Flugfeld_000003_000090,07,bumper,random hazards,13.0,92.66,70.24,58.89,62.43
07_Festplatz_Flugfeld_000003_000100,34,styrofoam,random hazards,5.0,76.96,45.47,43.68,44.71
07_Festplatz_Flugfeld_000003_000100,07,bumper,random hazards,16.0,89.7,60.32,53.52,55.97
07_Festplatz_Flugfeld_000003_000110,34,styrofoam,random hazards,6.0,70.26,47.7,45.83,46.47
07_Festplatz_Flugfeld_000003_000110,07,bumper,random hazards,17.0,87.15,58.45,54.8,56.18
07_Festplatz_Flugfeld_000003_000120,34,styrofoam,random hazards,5.0,66.83,47.03,45.84,46.26
07_Festplatz_Flugfeld_000003_000120,07,bumper,random hazards,16.0,82.42,60.06,54.7,56.28
07_Festplatz_Flugfeld_000003_000130,34,styrofoam,random hazards,6.0,64.08,42.51,40.99,41.5
07_Festplatz_Flugfeld_000003_000130,07,bumper,random hazards,17.0,79.18,56.89,48.07,50.67
07_Festplatz_Flugfeld_000003_000140,34,styrofoam,random hazards,6.0,62.07,47.05,44.39,45.08
07_Festplatz_Flugfeld_000003_000140,07,bumper,random hazards,18.0,76.01,66.08,56.14,59.54
07_Festplatz_Flugfeld_000003_000150,34,styrofoam,random hazards,5.0,59.47,39.2,38.59,38.83
07_Festplatz_Flugfeld_000003_000150,07,bumper,random hazards,17.0,72.87,54.0,47.89,50.69
07_Festplatz_Flugfeld_000003_000160,34,styrofoam,random hazards,8.0,52.41,37.77,36.25,36.81
07_Festplatz_Flugfeld_000003_000160,07,bumper,random hazards,20.0,66.45,47.85,43.04,44.28
07_Festplatz_Flugfeld_000003_000170,34,styrofoam,random hazards,8.0,49.88,37.26,35.79,36.24
07_Festplatz_Flugfeld_000003_000170,07,bumper,random hazards,23.0,63.95,48.08,44.09,45.3
07_Festplatz_Flugfeld_000003_000180,34,styrofoam,random hazards,9.0,45.84,35.93,34.38,35.17
07_Festplatz_Flugfeld_000003_000180,07,bumper,random hazards,24.0,60.28,45.24,41.21,43.2
07_Festplatz_Flugfeld_000003_000190,34,styrofoam,random hazards,8.0,43.1,33.59,32.45,32.94
07_Festplatz_Flugfeld_000003_000190,07,bumper,random hazards,23.0,58.16,42.38,39.5,40.53
07_Festplatz_Flugfeld_000003_000200,34,styrofoam,random hazards,11.0,40.1,33.55,32.27,32.6
07_Festplatz_Flugfeld_000003_000200,07,bumper,random hazards,25.0,53.63,38.17,36.56,37.1
07_Festplatz_Flugfeld_000003_000210,34,styrofoam,random hazards,12.0,36.15,29.12,28.15,28.55
07_Festplatz_Flugfeld_000003_000210,07,bumper,random hazards,28.0,51.13,36.15,33.92,34.95
07_Festplatz_Flugfeld_000003_000220,34,styrofoam,random hazards,13.0,32.7,28.85,27.79,28.22
07_Festplatz_Flugfeld_000003_000220,07,bumper,random hazards,29.0,47.44,35.01,34.25,34.44
07_Festplatz_Flugfeld_000003_000230,34,styrofoam,random hazards,17.0,29.19,28.42,27.05,27.49
07_Festplatz_Flugfeld_000003_000230,07,bumper,random hazards,31.0,43.27,36.36,34.2,35.0
07_Festplatz_Flugfeld_000003_000240,34,styrofoam,random hazards,17.0,25.79,25.43,24.33,24.75
07_Festplatz_Flugfeld_000003_000240,07,bumper,random hazards,32.0,41.34,32.66,31.38,31.77
07_Festplatz_Flugfeld_000003_000250,34,styrofoam,random hazards,19.0,22.5,21.54,20.67,21.0
07_Festplatz_Flugfeld_000003_000250,07,bumper,random hazards,35.0,37.0,30.31,29.65,29.97
07_Festplatz_Flugfeld_000003_000260,34,styrofoam,random hazards,25.0,18.93,18.38,17.51,17.85
07_Festplatz_Flugfeld_000003_000260,07,bumper,random hazards,38.0,34.24,28.5,27.63,28.03
07_Festplatz_Flugfeld_000003_000270,34,styrofoam,random hazards,28.0,15.5,14.59,13.94,14.2
07_Festplatz_Flugfeld_000003_000270,07,bumper,random hazards,43.0,30.74,25.11,24.4,24.62
07_Festplatz_Flugfeld_000003_000280,34,styrofoam,random hazards,32.0,11.85,12.59,12.17,12.3
07_Festplatz_Flugfeld_000003_000280,07,bumper,random hazards,51.0,26.76,24.12,23.17,23.47
07_Festplatz_Flugfeld_000003_000290,34,styrofoam,random hazards,53.0,8.0,8.42,8.21,8.29
07_Festplatz_Flugfeld_000003_000290,07,bumper,random hazards,56.0,23.24,21.08,20.45,20.6
07_Festplatz_Flugfeld_000003_000300,07,bumper,random hazards,73.0,19.75,19.75,19.07,19.31
07_Festplatz_Flugfeld_000003_000310,07,bumper,random hazards,88.0,16.45,14.93,14.18,14.42
07_Festplatz_Flugfeld_000003_000320,07,bumper,random hazards,114.0,13.15,13.0,12.48,12.71
07_Festplatz_Flugfeld_000003_000330,07,bumper,random hazards,154.0,10.12,11.64,11.0,11.3
07_Festplatz_Flugfeld_000003_000340,07,bumper,random hazards,215.0,7.54,8.51,8.02,8.19
07_Festplatz_Flugfeld_000004_000030,08,cardboard box,random hazards,11.0,57.07,48.1,45.3,46.24
07_Festplatz_Flugfeld_000004_000030,20,tire,random hazards,14.0,51.41,44.86,41.86,42.92
07_Festplatz_Flugfeld_000004_000040,08,cardboard box,random hazards,10.0,55.79,49.81,46.75,47.91
07_Festplatz_Flugfeld_000004_000040,20,tire,random hazards,15.0,50.01,42.19,38.97,40.07
07_Festplatz_Flugfeld_000004_000050,08,cardboard box,random hazards,10.0,56.5,46.49,45.02,45.58
07_Festplatz_Flugfeld_000004_000050,20,tire,random hazards,16.0,48.47,40.16,38.93,39.48
07_Festplatz_Flugfeld_000004_000060,08,cardboard box,random hazards,10.0,51.6,47.14,42.79,44.48
07_Festplatz_Flugfeld_000004_000060,20,tire,random hazards,15.0,48.55,40.73,37.57,38.35
07_Festplatz_Flugfeld_000004_000070,08,cardboard box,random hazards,10.0,50.41,45.57,43.53,44.26
07_Festplatz_Flugfeld_000004_000070,20,tire,random hazards,17.0,45.61,40.4,38.35,39.02
07_Festplatz_Flugfeld_000004_000080,08,cardboard box,random hazards,11.0,47.77,43.07,41.38,41.93
07_Festplatz_Flugfeld_000004_000080,20,tire,random hazards,17.0,44.14,36.86,35.26,35.83
07_Festplatz_Flugfeld_000004_000090,08,cardboard box,random hazards,12.0,45.95,43.03,41.3,41.94
07_Festplatz_Flugfeld_000004_000090,20,tire,random hazards,18.0,41.41,34.57,33.27,33.64
07_Festplatz_Flugfeld_000004_000100,08,cardboard box,random hazards,12.0,43.65,40.16,38.36,39.0
07_Festplatz_Flugfeld_000004_000100,20,tire,random hazards,20.0,38.09,32.42,31.42,31.7
07_Festplatz_Flugfeld_000004_000110,08,cardboard box,random hazards,11.0,40.75,37.67,36.14,36.79
07_Festplatz_Flugfeld_000004_000110,20,tire,random hazards,22.0,33.82,29.72,29.06,29.35
07_Festplatz_Flugfeld_000004_000120,08,cardboard box,random hazards,14.0,36.31,33.99,32.66,33.24
07_Festplatz_Flugfeld_000004_000120,20,tire,random hazards,24.0,31.38,25.62,25.05,25.24
07_Festplatz_Flugfeld_000004_000130,08,cardboard box,random hazards,18.0,32.94,31.53,29.83,30.4
07_Festplatz_Flugfeld_000004_000130,20,tire,random hazards,29.0,28.1,23.72,23.07,23.29
07_Festplatz_Flugfeld_000004_000140,08,cardboard box,random hazards,18.0,30.37,28.38,27.53,27.79
07_Festplatz_Flugfeld_000004_000140,20,tire,random hazards,34.0,23.81,22.1,21.46,21.64
07_Festplatz_Flugfeld_000004_000150,08,cardboard box,random hazards,20.0,26.66,24.45,23.74,23.98
07_Festplatz_Flugfeld_000004_000150,20,tire,random hazards,38.0,20.29,18.25,17.82,17.97
07_Festplatz_Flugfeld_000004_000160,08,cardboard box,random hazards,21.0,23.61,22.3,21.67,21.89
07_Festplatz_Flugfeld_000004_000160,20,tire,random hazards,48.0,17.03,15.34,15.05,15.15
07_Festplatz_Flugfeld_000004_000170,08,cardboard box,random hazards,24.0,20.48,19.06,18.46,18.63
07_Festplatz_Flugfeld_000004_000170,20,tire,random hazards,56.0,13.72,12.72,12.4,12.52
07_Festplatz_Flugfeld_000004_000180,08,cardboard box,random hazards,28.0,17.31,15.8,15.49,15.62
07_Festplatz_Flugfeld_000004_000180,20,tire,random hazards,71.0,10.66,9.97,9.86,9.89
07_Festplatz_Flugfeld_000004_000190,08,cardboard box,random hazards,37.0,14.72,13.23,12.94,13.08
07_Festplatz_Flugfeld_000004_000190,20,tire,random hazards,100.0,7.87,7.45,7.33,7.37
07_Festplatz_Flugfeld_000004_000200,08,cardboard box,random hazards,44.0,11.83,11.01,10.94,10.96
07_Festplatz_Flugfeld_000004_000210,08,cardboard box,random hazards,61.0,9.21,8.35,8.18,8.23
07_Festplatz_Flugfeld_000004_000220,08,cardboard box,random hazards,80.0,6.89,6.55,6.41,6.46
07_Festplatz_Flugfeld_000005_000020,09,crate (blue),random hazards,12.0,45.74,45.15,41.4,42.57
07_Festplatz_Flugfeld_000005_000020,13,exhaust pipe,random hazards,15.0,49.41,48.24,44.01,45.59
07_Festplatz_Flugfeld_000005_000030,09,crate (blue),random hazards,13.0,45.87,44.94,41.36,42.64
07_Festplatz_Flugfeld_000005_000030,13,exhaust pipe,random hazards,16.0,48.42,48.92,45.08,46.37
07_Festplatz_Flugfeld_000005_000040,09,crate (blue),random hazards,12.0,43.7,44.2,40.06,41.31
07_Festplatz_Flugfeld_000005_000040,13,exhaust pipe,random hazards,12.0,47.9,46.78,43.65,44.8
07_Festplatz_Flugfeld_000005_000050,09,crate (blue),random hazards,13.0,43.17,43.93,40.39,41.51
07_Festplatz_Flugfeld_000005_000050,13,exhaust pipe,random hazards,16.0,48.38,46.31,42.57,43.97
07_Festplatz_Flugfeld_000005_000060,09,crate (blue),random hazards,13.0,42.14,43.6,39.44,40.73
07_Festplatz_Flugfeld_000005_000060,13,exhaust pipe,random hazards,16.0,45.16,44.19,41.39,42.43
07_Festplatz_Flugfeld_000005_000070,09,crate (blue),random hazards,15.0,39.95,38.6,36.21,37.08
07_Festplatz_Flugfeld_000005_000070,13,exhaust pipe,random hazards,15.0,44.99,42.61,39.12,40.28
07_Festplatz_Flugfeld_000005_000080,09,crate (blue),random hazards,14.0,37.31,38.62,36.56,37.25
07_Festplatz_Flugfeld_000005_000080,13,exhaust pipe,random hazards,15.0,41.95,41.35,38.95,39.94
07_Festplatz_Flugfeld_000005_000090,09,crate (blue),random hazards,16.0,35.7,36.84,34.45,35.34
07_Festplatz_Flugfeld_000005_000090,13,exhaust pipe,random hazards,20.0,39.95,38.46,36.18,37.02
07_Festplatz_Flugfeld_000005_000100,09,crate (blue),random hazards,16.0,32.85,35.59,33.3,34.1
07_Festplatz_Flugfeld_000005_000100,13,exhaust pipe,random hazards,20.0,37.78,37.54,35.39,36.19
07_Festplatz_Flugfeld_000005_000110,09,crate (blue),random hazards,19.0,30.38,30.56,29.34,29.78
07_Festplatz_Flugfeld_000005_000110,13,exhaust pipe,random hazards,19.0,34.33,32.14,30.26,30.9
07_Festplatz_Flugfeld_000005_000120,09,crate (blue),random hazards,19.0,27.73,26.79,25.87,26.18
07_Festplatz_Flugfeld_000005_000120,13,exhaust pipe,random hazards,27.0,31.85,29.81,27.42,28.14
07_Festplatz_Flugfeld_000005_000130,09,crate (blue),random hazards,25.0,24.88,26.17,25.27,25.57
07_Festplatz_Flugfeld_000005_000130,13,exhaust pipe,random hazards,29.0,28.88,30.57,28.08,28.96
07_Festplatz_Flugfeld_000005_000140,09,crate (blue),random hazards,26.0,21.7,22.31,21.77,21.96
07_Festplatz_Flugfeld_000005_000140,13,exhaust pipe,random hazards,29.0,25.85,25.53,24.26,24.67
07_Festplatz_Flugfeld_000005_000150,09,crate (blue),random hazards,31.0,18.88,18.91,18.34,18.57
07_Festplatz_Flugfeld_000005_000150,13,exhaust pipe,random hazards,31.0,23.06,22.66,21.17,21.66
07_Festplatz_Flugfeld_000005_000160,09,crate (blue),random hazards,38.0,15.82,16.16,15.75,15.91
07_Festplatz_Flugfeld_000005_000160,13,exhaust pipe,random hazards,37.0,19.94,20.39,19.17,19.54
07_Festplatz_Flugfeld_000005_000170,09,crate (blue),random hazards,44.0,12.9,13.06,12.73,12.88
07_Festplatz_Flugfeld_000005_000170,13,exhaust pipe,random hazards,43.0,17.13,16.57,15.8,16.02
07_Festplatz_Flugfeld_000005_000180,13,exhaust pipe,random hazards,54.0,14.19,14.03,13.27,13.44
07_Festplatz_Flugfeld_000005_000180,09,crate (blue),random hazards,61.0,10.04,10.49,10.27,10.37
07_Festplatz_Flugfeld_000005_000190,09,crate (blue),random hazards,90.0,7.07,7.39,7.27,7.32
07_Festplatz_Flugfeld_000005_000190,13,exhaust pipe,random hazards,73.0,11.34,10.89,10.37,10.5
07_Festplatz_Flugfeld_000005_000200,13,exhaust pipe,random hazards,99.0,8.56,7.84,7.59,7.67
15_Rechbergstr_Deckenpfronn_000000_000040,39,kid (walking),humans,52.0,44.16,50.44,49.33,49.94
15_Rechbergstr_Deckenpfronn_000000_000040,40,kid (on a bobby car),humans,48.0,43.18,49.73,49.33,49.51
15_Rechbergstr_Deckenpfronn_000000_000050,40,kid (on a bobby car),humans,51.0,43.23,52.24,51.22,51.62
15_Rechbergstr_Deckenpfronn_000000_000060,39,kid (walking),humans,28.0,44.4,52.68,51.51,51.75
15_Rechbergstr_Deckenpfronn_000000_000060,40,kid (on a bobby car),humans,48.0,43.39,51.16,50.18,50.55
15_Rechbergstr_Deckenpfronn_000000_000070,39,kid (walking),humans,31.0,45.04,54.86,51.63,52.4
15_Rechbergstr_Deckenpfronn_000000_000070,40,kid (on a bobby car),humans,49.0,43.31,51.11,50.2,50.56
15_Rechbergstr_Deckenpfronn_000000_000080,39,kid (walking),humans,50.0,45.09,50.84,46.17,48.75
15_Rechbergstr_Deckenpfronn_000000_000080,40,kid (on a bobby car),humans,50.0,43.24,52.74,51.66,52.07
15_Rechbergstr_Deckenpfronn_000000_000090,40,kid (on a bobby car),humans,50.0,43.31,52.45,51.51,51.89
15_Rechbergstr_Deckenpfronn_000000_000100,41,kid (on a small bobby car),humans,38.0,44.74,53.42,51.74,52.29
15_Rechbergstr_Deckenpfronn_000000_000100,40,kid (on a bobby car),humans,49.0,43.47,52.16,51.09,51.47
15_Rechbergstr_Deckenpfronn_000000_000110,41,kid (on a small bobby car),humans,38.0,46.37,56.96,53.98,54.63
15_Rechbergstr_Deckenpfronn_000000_000110,40,kid (on a bobby car),humans,46.0,43.64,53.28,52.8,52.94
15_Rechbergstr_Deckenpfronn_000000_000120,40,kid (on a bobby car),humans,45.0,44.11,53.52,52.96,53.09
15_Rechbergstr_Deckenpfronn_000000_000120,41,kid (on a small bobby car),humans,37.0,46.99,61.24,58.42,59.59
15_Rechbergstr_Deckenpfronn_000000_000130,40,kid (on a bobby car),humans,47.0,45.48,54.66,54.08,54.36
15_Rechbergstr_Deckenpfronn_000000_000130,41,kid (on a small bobby car),humans,36.0,47.81,62.55,59.66,61.02
15_Rechbergstr_Deckenpfronn_000000_000140,40,kid (on a bobby car),humans,46.0,47.36,57.29,56.79,56.92
15_Rechbergstr_Deckenpfronn_000000_000140,41,kid (on a small bobby car),humans,37.0,47.34,61.56,58.95,60.17
15_Rechbergstr_Deckenpfronn_000000_000150,40,kid (on a bobby car),humans,47.0,48.08,56.49,55.53,55.97
15_Rechbergstr_Deckenpfronn_000000_000150,41,kid (on a small bobby car),humans,38.0,47.74,59.25,56.82,58.05
15_Rechbergstr_Deckenpfronn_000000_000160,40,kid (on a bobby car),humans,47.0,47.93,60.15,58.79,59.47
15_Rechbergstr_Deckenpfronn_000000_000160,41,kid (on a small bobby car),humans,37.0,47.58,59.6,57.37,58.26
15_Rechbergstr_Deckenpfronn_000000_000170,40,kid (on a bobby car),humans,48.0,48.64,60.77,59.77,60.14
15_Rechbergstr_Deckenpfronn_000000_000170,41,kid (on a small bobby car),humans,37.0,47.76,62.26,59.77,60.73
15_Rechbergstr_Deckenpfronn_000000_000180,40,kid (on a bobby car),humans,48.0,47.81,61.08,59.83,60.21
15_Rechbergstr_Deckenpfronn_000000_000180,41,kid (on a small bobby car),humans,37.0,47.54,61.59,59.47,60.27
15_Rechbergstr_Deckenpfronn_000001_000040,41,kid (on a small bobby car),humans,25.0,62.59,80.85,72.13,74.43
15_Rechbergstr_Deckenpfronn_000001_000040,40,kid (on a bobby car),humans,12.0,67.15,79.55,74.58,76.28
15_Rechbergstr_Deckenpfronn_000001_000040,39,kid (walking),humans,34.0,64.3,74.05,71.28,72.08
15_Rechbergstr_Deckenpfronn_000001_000040,40,kid (on a bobby car),humans,28.0,62.68,70.57,69.57,69.98
15_Rechbergstr_Deckenpfronn_000001_000050,40,kid (on a bobby car),humans,25.0,63.6,71.73,70.51,71.03
15_Rechbergstr_Deckenpfronn_000001_000050,41,kid (on a small bobby car),humans,26.0,62.04,79.06,70.88,73.31
15_Rechbergstr_Deckenpfronn_000001_000050,39,kid (walking),humans,33.0,64.56,74.76,72.46,73.22
15_Rechbergstr_Deckenpfronn_000001_000050,40,kid (on a bobby car),humans,28.0,62.46,70.13,69.13,69.51
15_Rechbergstr_Deckenpfronn_000001_000060,41,kid (on a small bobby car),humans,26.0,61.57,81.3,74.06,76.3
15_Rechbergstr_Deckenpfronn_000001_000060,40,kid (on a bobby car),humans,27.0,63.86,74.62,73.37,73.85
15_Rechbergstr_Deckenpfronn_000001_000060,39,kid (walking),humans,35.0,64.82,79.71,76.82,77.66
15_Rechbergstr_Deckenpfronn_000001_000060,40,kid (on a bobby car),humans,30.0,62.71,72.48,71.37,71.83
15_Rechbergstr_Deckenpfronn_000001_000070,41,kid (on a small bobby car),humans,26.0,61.81,78.84,72.08,73.95
15_Rechbergstr_Deckenpfronn_000001_000070,40,kid (on a bobby car),humans,26.0,63.73,71.77,70.3,70.89
15_Rechbergstr_Deckenpfronn_000001_000070,39,kid (walking),humans,35.0,64.05,76.96,73.61,74.52
15_Rechbergstr_Deckenpfronn_000001_000070,40,kid (on a bobby car),humans,28.0,62.74,69.14,67.94,68.51
15_Rechbergstr_Deckenpfronn_000001_000080,40,kid (on a bobby car),humans,34.0,63.79,69.89,68.58,69.05
15_Rechbergstr_Deckenpfronn_000001_000080,41,kid (on a small bobby car),humans,27.0,62.37,81.82,71.32,74.09
15_Rechbergstr_Deckenpfronn_000001_000080,39,kid (walking),humans,35.0,63.64,73.48,71.07,71.82
15_Rechbergstr_Deckenpfronn_000001_000080,40,kid (on a bobby car),humans,29.0,62.98,68.02,67.06,67.49
15_Rechbergstr_Deckenpfronn_000001_000090,40,kid (on a bobby car),humans,28.0,63.56,64.87,63.88,64.3
15_Rechbergstr_Deckenpfronn_000001_000090,39,kid (walking),humans,34.0,63.76,65.7,64.51,64.94
15_Rechbergstr_Deckenpfronn_000001_000090,40,kid (on a bobby car),humans,27.0,62.13,63.38,62.83,63.04
15_Rechbergstr_Deckenpfronn_000001_000090,41,kid (on a small bobby car),humans,26.0,62.34,76.24,67.09,69.61
15_Rechbergstr_Deckenpfronn_000001_000100,40,kid (on a bobby car),humans,34.0,62.86,68.53,66.96,67.6
15_Rechbergstr_Deckenpfronn_000001_000100,41,kid (on a small bobby car),humans,27.0,62.46,79.44,72.53,75.2
15_Rechbergstr_Deckenpfronn_000001_000100,39,kid (walking),humans,33.0,62.98,67.11,66.35,66.63
15_Rechbergstr_Deckenpfronn_000001_000100,40,kid (on a bobby car),humans,17.0,62.19,66.03,65.65,65.79
15_Rechbergstr_Deckenpfronn_000001_000110,40,kid (on a bobby car),humans,36.0,62.8,65.8,64.36,64.92
15_Rechbergstr_Deckenpfronn_000001_000110,41,kid (on a small bobby car),humans,28.0,63.01,70.87,66.87,68.11
15_Rechbergstr_Deckenpfronn_000001_000110,40,kid (on a bobby car),humans,14.0,61.72,63.58,63.08,63.3
15_Rechbergstr_Deckenpfronn_000001_000120,41,kid (on a small bobby car),humans,26.0,61.54,64.0,63.47,63.8
15_Rechbergstr_Deckenpfronn_000001_000120,40,kid (on a bobby car),humans,18.0,61.81,65.22,64.77,64.93
15_Rechbergstr_Deckenpfronn_000001_000120,40,kid (on a bobby car),humans,36.0,63.86,67.37,65.24,66.05
15_Rechbergstr_Deckenpfronn_000001_000130,41,kid (on a small bobby car),humans,26.0,61.92,70.44,68.61,69.14
15_Rechbergstr_Deckenpfronn_000001_000130,40,kid (on a bobby car),humans,35.0,63.6,68.27,66.47,67.06
15_Rechbergstr_Deckenpfronn_000001_000130,40,kid (on a bobby car),humans,13.0,61.13,65.99,65.69,65.8
15_Rechbergstr_Deckenpfronn_000001_000140,41,kid (on a small bobby car),humans,28.0,61.72,79.54,74.16,75.93
15_Rechbergstr_Deckenpfronn_000001_000140,40,kid (on a bobby car),humans,22.0,60.56,67.87,67.61,67.67
15_Rechbergstr_Deckenpfronn_000001_000140,40,kid (on a bobby car),humans,35.0,63.76,69.59,68.25,68.79
15_Rechbergstr_Deckenpfronn_000001_000150,41,kid (on a small bobby car),humans,27.0,61.75,76.63,72.01,73.51
15_Rechbergstr_Deckenpfronn_000001_000150,40,kid (on a bobby car),humans,39.0,63.51,69.51,67.89,68.45
15_Rechbergstr_Deckenpfronn_000001_000150,40,kid (on a bobby car),humans,20.0,60.87,67.63,67.36,67.49
15_Rechbergstr_Deckenpfronn_000001_000160,41,kid (on a small bobby car),humans,26.0,61.81,76.93,73.11,74.45
15_Rechbergstr_Deckenpfronn_000001_000160,40,kid (on a bobby car),humans,36.0,64.53,68.59,66.99,67.59
15_Rechbergstr_Deckenpfronn_000001_000160,40,kid (on a bobby car),humans,21.0,62.13,66.67,66.34,66.48
15_Rechbergstr_Deckenpfronn_000001_000170,41,kid (on a small bobby car),humans,26.0,61.98,80.68,75.43,77.1
15_Rechbergstr_Deckenpfronn_000001_000170,40,kid (on a bobby car),humans,12.0,64.53,74.36,73.05,73.5
15_Rechbergstr_Deckenpfronn_000001_000170,40,kid (on a bobby car),humans,29.0,64.01,72.16,70.89,71.35
15_Rechbergstr_Deckenpfronn_000001_000170,39,kid (walking),humans,30.0,64.08,73.05,71.34,72.02
15_Rechbergstr_Deckenpfronn_000001_000170,40,kid (on a bobby car),humans,29.0,62.34,70.43,69.52,69.9
15_Rechbergstr_Deckenpfronn_000001_000180,41,kid (on a small bobby car),humans,27.0,62.16,78.5,73.36,74.9
15_Rechbergstr_Deckenpfronn_000001_000180,40,kid (on a bobby car),humans,12.0,65.64,71.89,69.81,70.68
15_Rechbergstr_Deckenpfronn_000001_000180,40,kid (on a bobby car),humans,27.0,63.86,68.48,67.46,67.82
15_Rechbergstr_Deckenpfronn_000001_000180,39,kid (walking),humans,31.0,65.21,70.03,68.48,68.97
15_Rechbergstr_Deckenpfronn_000001_000180,40,kid (on a bobby car),humans,28.0,62.46,67.18,66.36,66.73
15_Rechbergstr_Deckenpfronn_000001_000190,41,kid (on a small bobby car),humans,26.0,61.66,83.51,76.6,78.89
15_Rechbergstr_Deckenpfronn_000001_000190,40,kid (on a bobby car),humans,13.0,64.41,78.86,71.12,73.19
15_Rechbergstr_Deckenpfronn_000001_000190,39,kid (walking),humans,30.0,63.95,71.65,69.65,70.21
15_Rechbergstr_Deckenpfronn_000001_000190,40,kid (on a bobby car),humans,38.0,61.63,67.5,66.05,66.65
15_Rechbergstr_Deckenpfronn_000001_000200,40,kid (on a bobby car),humans,15.0,68.36,75.21,67.46,68.99
15_Rechbergstr_Deckenpfronn_000001_000200,39,kid (walking),humans,22.0,67.5,69.15,66.47,67.26
15_Rechbergstr_Deckenpfronn_000001_000200,41,kid (on a small bobby car),humans,27.0,62.22,77.91,71.65,73.6
15_Rechbergstr_Deckenpfronn_000001_000200,40,kid (on a bobby car),humans,29.0,61.89,64.28,62.66,63.27
15_Rechbergstr_Deckenpfronn_000001_000210,41,kid (on a small bobby car),humans,26.0,61.89,79.15,72.35,74.41
15_Rechbergstr_Deckenpfronn_000001_000210,40,kid (on a bobby car),humans,15.0,63.29,66.02,64.41,65.1
15_Rechbergstr_Deckenpfronn_000001_000210,40,kid (on a bobby car),humans,34.0,61.13,63.23,62.23,62.55
15_Rechbergstr_Deckenpfronn_000001_000220,41,kid (on a small bobby car),humans,26.0,62.07,86.01,79.49,81.68
15_Rechbergstr_Deckenpfronn_000001_000220,40,kid (on a bobby car),humans,21.0,64.59,82.2,73.7,77.36
15_Rechbergstr_Deckenpfronn_000001_000220,40,kid (on a bobby car),humans,34.0,60.93,68.68,67.63,68.03
15_Rechbergstr_Deckenpfronn_000001_000230,40,kid (on a bobby car),humans,18.0,64.33,70.67,68.91,69.79
15_Rechbergstr_Deckenpfronn_000001_000230,41,kid (on a small bobby car),humans,27.0,62.65,72.98,69.63,70.58
15_Rechbergstr_Deckenpfronn_000001_000230,40,kid (on a bobby car),humans,34.0,60.67,61.99,61.34,61.63
15_Rechbergstr_Deckenpfronn_000001_000240,40,kid (on a bobby car),humans,20.0,64.33,73.12,71.61,72.14
15_Rechbergstr_Deckenpfronn_000001_000240,41,kid (on a small bobby car),humans,26.0,61.6,74.09,71.43,72.21
15_Rechbergstr_Deckenpfronn_000001_000240,40,kid (on a bobby car),humans,33.0,61.72,65.89,64.75,65.05
15_Rechbergstr_Deckenpfronn_000001_000250,40,kid (on a bobby car),humans,16.0,63.42,67.3,66.56,66.91
15_Rechbergstr_Deckenpfronn_000001_000250,41,kid (on a small bobby car),humans,26.0,62.8,66.88,66.09,66.37
15_Rechbergstr_Deckenpfronn_000001_000250,40,kid (on a bobby car),humans,34.0,61.81,63.02,62.24,62.48
15_Rechbergstr_Deckenpfronn_000001_000260,40,kid (on a bobby car),humans,21.0,62.43,69.07,68.13,68.55
15_Rechbergstr_Deckenpfronn_000001_000260,41,kid (on a small bobby car),humans,26.0,61.88,67.69,66.82,67.12
15_Rechbergstr_Deckenpfronn_000001_000260,40,kid (on a bobby car),humans,33.0,61.84,66.93,65.94,66.39
15_Rechbergstr_Deckenpfronn_000001_000270,41,kid (on a small bobby car),humans,26.0,61.84,65.35,65.08,65.27
15_Rechbergstr_Deckenpfronn_000001_000270,40,kid (on a bobby car),humans,33.0,61.78,65.67,65.18,65.33
15_Rechbergstr_Deckenpfronn_000001_000270,39,kid (walking),humans,33.0,64.43,70.78,68.78,69.51
15_Rechbergstr_Deckenpfronn_000001_000280,39,kid (walking),humans,33.0,64.46,75.74,73.81,74.56
15_Rechbergstr_Deckenpfronn_000001_000280,39,kid (walking),humans,33.0,63.98,74.88,71.67,73.37
15_Rechbergstr_Deckenpfronn_000001_000280,40,kid (on a bobby car),humans,33.0,61.98,66.07,64.56,65.22
15_Rechbergstr_Deckenpfronn_000001_000290,41,kid (on a small bobby car),humans,26.0,61.87,63.18,62.45,62.72
15_Rechbergstr_Deckenpfronn_000001_000290,40,kid (on a bobby car),humans,34.0,61.63,62.46,61.74,62.01
15_Rechbergstr_Deckenpfronn_000001_000290,39,kid (walking),humans,33.0,63.7,72.51,70.45,71.52
15_Rechbergstr_Deckenpfronn_000001_000290,39,kid (walking),humans,34.0,63.57,71.41,69.66,70.34
15_Rechbergstr_Deckenpfronn_000001_000300,40,kid (on a bobby car),humans,34.0,62.04,66.81,65.83,66.18
15_Rechbergstr_Deckenpfronn_000001_000300,41,kid (on a small bobby car),humans,26.0,62.46,68.79,67.78,68.21
15_Rechbergstr_Deckenpfronn_000001_000300,39,kid (walking),humans,33.0,63.89,78.8,76.75,77.64
15_Rechbergstr_Deckenpfronn_000001_000300,39,kid (walking),humans,34.0,64.21,80.08,78.1,78.86
15_Rechbergstr_Deckenpfronn_000002_000130,40,kid (on a bobby car),humans,57.0,41.8,42.03,39.36,40.05
15_Rechbergstr_Deckenpfronn_000002_000140,40,kid (on a bobby car),humans,55.0,37.5,41.49,40.09,40.44
15_Rechbergstr_Deckenpfronn_000002_000150,40,kid (on a bobby car),humans,60.0,35.88,40.16,38.94,39.4
15_Rechbergstr_Deckenpfronn_000002_000160,40,kid (on a bobby car),humans,63.0,33.36,37.82,36.46,36.92
15_Rechbergstr_Deckenpfronn_000002_000170,40,kid (on a bobby car),humans,66.0,31.83,34.14,33.6,33.84
15_Rechbergstr_Deckenpfronn_000002_000180,40,kid (on a bobby car),humans,71.0,31.04,34.65,34.02,34.22
15_Rechbergstr_Deckenpfronn_000003_000120,40,kid (on a bobby car),humans,59.0,36.89,44.58,42.57,43.22
15_Rechbergstr_Deckenpfronn_000003_000130,40,kid (on a bobby car),humans,62.0,35.36,41.84,40.44,41.06
15_Rechbergstr_Deckenpfronn_000003_000140,40,kid (on a bobby car),humans,67.0,31.98,36.24,35.9,36.08
15_Rechbergstr_Deckenpfronn_000003_000150,40,kid (on a bobby car),humans,70.0,30.42,33.41,32.83,33.04
15_Rechbergstr_Deckenpfronn_000003_000160,40,kid (on a bobby car),humans,76.0,28.11,31.67,30.68,31.0
15_Rechbergstr_Deckenpfronn_000003_000170,40,kid (on a bobby car),humans,83.0,25.69,29.2,28.27,28.81
15_Rechbergstr_Deckenpfronn_000004_000150,41,kid (on a small bobby car),humans,40.0,42.73,48.56,46.84,47.51
15_Rechbergstr_Deckenpfronn_000004_000160,41,kid (on a small bobby car),humans,41.0,40.22,48.01,46.35,47.0
15_Rechbergstr_Deckenpfronn_000004_000170,41,kid (on a small bobby car),humans,44.0,37.22,43.81,42.36,42.93
15_Rechbergstr_Deckenpfronn_000004_000180,41,kid (on a small bobby car),humans,48.0,35.79,39.56,38.81,39.1
15_Rechbergstr_Deckenpfronn_000004_000190,41,kid (on a small bobby car),humans,51.0,32.83,37.26,36.22,36.6
15_Rechbergstr_Deckenpfronn_000004_000200,41,kid (on a small bobby car),humans,56.0,31.3,35.03,34.62,34.81
15_Rechbergstr_Deckenpfronn_000004_000210,41,kid (on a small bobby car),humans,59.0,28.25,31.47,30.87,31.11
15_Rechbergstr_Deckenpfronn_000004_000220,41,kid (on a small bobby car),humans,65.0,25.91,29.0,28.36,28.54
15_Rechbergstr_Deckenpfronn_000004_000230,41,kid (on a small bobby car),humans,71.0,23.51,26.25,25.26,25.49
15_Rechbergstr_Deckenpfronn_000004_000240,41,kid (on a small bobby car),humans,79.0,21.23,22.66,22.26,22.37
15_Rechbergstr_Deckenpfronn_000004_000250,41,kid (on a small bobby car),humans,87.0,19.39,20.79,20.44,20.52
15_Rechbergstr_Deckenpfronn_000004_000260,41,kid (on a small bobby car),humans,95.0,17.54,19.51,19.21,19.33
15_Rechbergstr_Deckenpfronn_000004_000270,41,kid (on a small bobby car),humans,108.0,15.74,16.78,16.61,16.65
15_Rechbergstr_Deckenpfronn_000004_000280,41,kid (on a small bobby car),humans,120.0,14.11,15.36,15.15,15.24
15_Rechbergstr_Deckenpfronn_000004_000290,41,kid (on a small bobby car),humans,132.0,13.19,14.37,14.22,14.3
15_Rechbergstr_Deckenpfronn_000005_000020,42,kid (crawling),humans,85.0,12.41,13.54,13.43,13.46
15_Rechbergstr_Deckenpfronn_000005_000030,42,kid (crawling),humans,82.0,12.47,13.33,13.24,13.27
15_Rechbergstr_Deckenpfronn_000005_000040,42,kid (crawling),humans,84.0,12.54,13.66,13.56,13.6
15_Rechbergstr_Deckenpfronn_000005_000050,42,kid (crawling),humans,82.0,12.6,13.72,13.6,13.63
15_Rechbergstr_Deckenpfronn_000005_000060,42,kid (crawling),humans,74.0,12.66,13.94,13.77,13.83
15_Rechbergstr_Deckenpfronn_000005_000070,42,kid (crawling),humans,67.0,12.69,14.1,13.98,14.02
15_Rechbergstr_Deckenpfronn_000005_000080,42,kid (crawling),humans,68.0,12.68,13.72,13.59,13.63
15_Rechbergstr_Deckenpfronn_000005_000090,42,kid (crawling),humans,69.0,12.71,13.95,13.84,13.89
15_Rechbergstr_Deckenpfronn_000005_000100,42,kid (crawling),humans,76.0,12.71,13.79,13.69,13.71
15_Rechbergstr_Deckenpfronn_000006_000090,39,kid (walking),humans,45.0,48.24,53.62,51.61,52.36
15_Rechbergstr_Deckenpfronn_000006_000100,39,kid (walking),humans,47.0,45.15,51.52,50.5,50.66
15_Rechbergstr_Deckenpfronn_000006_000110,39,kid (walking),humans,49.0,43.56,49.94,48.03,48.49
15_Rechbergstr_Deckenpfronn_000006_000120,39,kid (walking),humans,52.0,42.37,43.52,43.11,43.32
15_Rechbergstr_Deckenpfronn_000006_000130,39,kid (walking),humans,53.0,41.58,40.73,40.14,40.36
15_Rechbergstr_Deckenpfronn_000006_000140,39,kid (walking),humans,55.0,40.46,43.57,43.08,43.33
15_Rechbergstr_Deckenpfronn_000006_000160,39,kid (walking),humans,68.0,36.15,40.39,39.56,39.72
15_Rechbergstr_Deckenpfronn_000006_000170,39,kid (walking),humans,72.0,33.22,41.5,41.02,41.16
15_Rechbergstr_Deckenpfronn_000006_000180,39,kid (walking),humans,75.0,31.62,34.89,34.18,34.49
15_Rechbergstr_Deckenpfronn_000006_000190,39,kid (walking),humans,79.0,29.68,32.7,32.24,32.34
15_Rechbergstr_Deckenpfronn_000006_000200,39,kid (walking),humans,84.0,28.1,29.64,28.96,29.13
15_Rechbergstr_Deckenpfronn_000006_000210,39,kid (walking),humans,89.0,26.16,27.59,27.27,27.37
15_Rechbergstr_Deckenpfronn_000006_000220,39,kid (walking),humans,98.0,25.04,27.67,27.08,27.28
15_Rechbergstr_Deckenpfronn_000006_000230,39,kid (walking),humans,103.0,23.08,27.25,26.9,27.05
15_Rechbergstr_Deckenpfronn_000006_000230,39,kid (walking),humans,95.0,23.73,28.53,27.86,28.03
15_Rechbergstr_Deckenpfronn_000006_000240,39,kid (walking),humans,101.0,22.19,27.48,26.99,27.19
15_Rechbergstr_Deckenpfronn_000006_000250,39,kid (walking),humans,110.0,20.55,24.66,24.3,24.44
15_Rechbergstr_Deckenpfronn_000006_000260,39,kid (walking),humans,118.0,19.23,22.25,22.03,22.14
15_Rechbergstr_Deckenpfronn_000006_000270,39,kid (walking),humans,126.0,18.01,20.75,19.9,20.56
15_Rechbergstr_Deckenpfronn_000006_000280,39,kid (walking),humans,135.0,16.78,18.55,18.42,18.46
15_Rechbergstr_Deckenpfronn_000006_000320,39,kid (walking),humans,198.0,11.95,13.98,13.41,13.71
15_Rechbergstr_Deckenpfronn_000006_000330,39,kid (walking),humans,208.0,11.0,13.22,12.78,12.93
15_Rechbergstr_Deckenpfronn_000006_000340,39,kid (walking),humans,218.0,10.55,11.9,11.72,11.82
15_Rechbergstr_Deckenpfronn_000006_000350,39,kid (walking),humans,233.0,10.21,11.95,11.84,11.89
15_Rechbergstr_Deckenpfronn_000007_000050,39,kid (walking),humans,46.0,50.76,66.11,65.36,65.61
15_Rechbergstr_Deckenpfronn_000007_000060,39,kid (walking),humans,46.0,50.35,63.9,63.2,63.37
15_Rechbergstr_Deckenpfronn_000007_000070,39,kid (walking),humans,45.0,49.94,60.38,59.42,59.6
15_Rechbergstr_Deckenpfronn_000007_000080,39,kid (walking),humans,47.0,49.5,60.94,60.07,60.33
15_Rechbergstr_Deckenpfronn_000007_000090,39,kid (walking),humans,48.0,49.38,58.91,58.06,58.34
15_Rechbergstr_Deckenpfronn_000007_000150,39,kid (walking),humans,64.0,38.21,42.97,41.82,42.16
15_Rechbergstr_Deckenpfronn_000007_000160,39,kid (walking),humans,65.0,36.33,40.89,39.98,40.39
15_Rechbergstr_Deckenpfronn_000007_000170,39,kid (walking),humans,68.0,34.63,38.9,37.72,38.15
15_Rechbergstr_Deckenpfronn_000007_000180,39,kid (walking),humans,74.0,31.96,32.98,31.74,31.94
15_Rechbergstr_Deckenpfronn_000007_000190,39,kid (walking),humans,78.0,29.63,30.12,28.85,29.31
15_Rechbergstr_Deckenpfronn_000007_000200,39,kid (walking),humans,84.0,27.9,29.4,28.38,28.67
15_Rechbergstr_Deckenpfronn_000007_000230,39,kid (walking),humans,98.0,22.7,38.49,28.19,31.49
15_Rechbergstr_Deckenpfronn_000007_000240,39,kid (walking),humans,105.0,21.11,22.96,22.62,22.73
15_Rechbergstr_Deckenpfronn_000007_000250,39,kid (walking),humans,110.0,19.78,21.88,21.68,21.77
15_Rechbergstr_Deckenpfronn_000007_000260,39,kid (walking),humans,117.0,18.57,20.95,20.39,20.56
15_Rechbergstr_Deckenpfronn_000007_000270,39,kid (walking),humans,125.0,17.83,19.69,19.34,19.51
15_Rechbergstr_Deckenpfronn_000007_000280,39,kid (walking),humans,132.0,16.9,18.6,18.14,18.29
15_Rechbergstr_Deckenpfronn_000007_000350,39,kid (walking),humans,150.0,14.55,16.73,16.58,16.64
15_Rechbergstr_Deckenpfronn_000007_000360,39,kid (walking),humans,152.0,14.74,17.45,17.3,17.33
