frame,label,type,group,box_height_px,true_m,metric3d-v2-small-fp16_median,metric3d-v2-small-fp16_p10,metric3d-v2-small-fp16_p25
02_Hanns_Klemm_Str_44_000000_000020,05,"crate (gray, 2x stacked)",standard objects,12.0,62.8,119.0,109.37,113.07
02_Hanns_Klemm_Str_44_000000_000030,05,"crate (gray, 2x stacked)",standard objects,12.0,61.07,115.2,104.08,108.43
02_Hanns_Klemm_Str_44_000000_000040,05,"crate (gray, 2x stacked)",standard objects,12.0,57.82,106.51,96.65,99.85
02_Hanns_Klemm_Str_44_000000_000050,05,"crate (gray, 2x stacked)",standard objects,14.0,55.46,104.38,88.39,93.22
02_Hanns_Klemm_Str_44_000000_000060,05,"crate (gray, 2x stacked)",standard objects,14.0,53.3,85.33,74.34,75.81
02_Hanns_Klemm_Str_44_000000_000070,05,"crate (gray, 2x stacked)",standard objects,15.0,50.07,79.77,73.09,75.21
02_Hanns_Klemm_Str_44_000000_000080,05,"crate (gray, 2x stacked)",standard objects,17.0,46.68,82.84,70.65,74.23
02_Hanns_Klemm_Str_44_000000_000090,05,"crate (gray, 2x stacked)",standard objects,17.0,43.3,83.06,68.44,72.67
02_Hanns_Klemm_Str_44_000000_000100,05,"crate (gray, 2x stacked)",standard objects,19.0,39.82,59.91,54.83,56.4
02_Hanns_Klemm_Str_44_000000_000110,05,"crate (gray, 2x stacked)",standard objects,21.0,35.36,56.96,51.82,53.07
02_Hanns_Klemm_Str_44_000000_000120,05,"crate (gray, 2x stacked)",standard objects,24.0,30.89,46.77,43.04,44.4
02_Hanns_Klemm_Str_44_000000_000130,05,"crate (gray, 2x stacked)",standard objects,29.0,26.44,37.16,35.77,36.36
02_Hanns_Klemm_Str_44_000000_000140,05,"crate (gray, 2x stacked)",standard objects,34.0,22.13,28.65,27.99,28.28
02_Hanns_Klemm_Str_44_000000_000150,05,"crate (gray, 2x stacked)",standard objects,44.0,18.09,22.18,21.9,21.98
02_Hanns_Klemm_Str_44_000000_000160,05,"crate (gray, 2x stacked)",standard objects,56.0,14.09,16.91,16.77,16.83
02_Hanns_Klemm_Str_44_000000_000170,05,"crate (gray, 2x stacked)",standard objects,76.0,10.47,11.69,11.62,11.65
02_Hanns_Klemm_Str_44_000000_000180,05,"crate (gray, 2x stacked)",standard objects,120.0,7.16,7.9,7.83,7.85
02_Hanns_Klemm_Str_44_000001_000020,05,"crate (gray, 2x stacked)",standard objects,12.0,60.81,172.06,170.7,171.17
02_Hanns_Klemm_Str_44_000001_000020,04,crate (gray),standard objects,7.0,60.19,101.65,92.93,95.17
02_Hanns_Klemm_Str_44_000001_000030,05,"crate (gray, 2x stacked)",standard objects,13.0,59.63,114.03,103.21,107.38
02_Hanns_Klemm_Str_44_000001_000030,04,crate (gray),standard objects,8.0,59.2,120.81,112.26,114.9
02_Hanns_Klemm_Str_44_000001_000040,05,"crate (gray, 2x stacked)",standard objects,13.0,59.22,113.08,103.08,107.37
02_Hanns_Klemm_Str_44_000001_000040,04,crate (gray),standard objects,8.0,57.15,118.53,108.12,111.46
02_Hanns_Klemm_Str_44_000001_000050,05,"crate (gray, 2x stacked)",standard objects,13.0,55.41,97.13,93.74,95.36
02_Hanns_Klemm_Str_44_000001_000050,04,crate (gray),standard objects,8.0,55.36,116.64,105.5,109.63
02_Hanns_Klemm_Str_44_000001_000060,05,"crate (gray, 2x stacked)",standard objects,14.0,53.08,104.82,98.41,101.1
02_Hanns_Klemm_Str_44_000001_000060,04,crate (gray),standard objects,8.0,53.39,108.6,98.43,101.88
02_Hanns_Klemm_Str_44_000001_000070,05,"crate (gray, 2x stacked)",standard objects,15.0,52.46,86.54,84.26,85.55
02_Hanns_Klemm_Str_44_000001_000070,04,crate (gray),standard objects,8.0,51.45,107.02,94.15,98.97
02_Hanns_Klemm_Str_44_000001_000080,05,"crate (gray, 2x stacked)",standard objects,15.0,49.69,80.97,77.98,79.17
02_Hanns_Klemm_Str_44_000001_000080,04,crate (gray),standard objects,9.0,49.94,96.96,84.6,87.79
02_Hanns_Klemm_Str_44_000001_000090,05,"crate (gray, 2x stacked)",standard objects,15.0,48.22,87.84,79.91,82.93
02_Hanns_Klemm_Str_44_000001_000090,04,crate (gray),standard objects,9.0,47.53,88.35,79.98,83.02
02_Hanns_Klemm_Str_44_000001_000100,05,"crate (gray, 2x stacked)",standard objects,18.0,44.2,82.67,76.32,78.56
02_Hanns_Klemm_Str_44_000001_000100,04,crate (gray),standard objects,9.0,44.53,83.14,75.86,78.6
02_Hanns_Klemm_Str_44_000001_000110,05,"crate (gray, 2x stacked)",standard objects,18.0,42.03,72.16,67.76,69.53
02_Hanns_Klemm_Str_44_000001_000110,04,crate (gray),standard objects,11.0,41.68,72.32,66.1,68.51
02_Hanns_Klemm_Str_44_000001_000120,05,"crate (gray, 2x stacked)",standard objects,19.0,37.86,74.28,64.48,67.37
02_Hanns_Klemm_Str_44_000001_000120,04,crate (gray),standard objects,11.0,38.76,67.63,63.15,64.44
02_Hanns_Klemm_Str_44_000001_000130,05,"crate (gray, 2x stacked)",standard objects,22.0,35.13,69.52,60.72,63.24
02_Hanns_Klemm_Str_44_000001_000130,04,crate (gray),standard objects,12.0,35.11,63.64,57.49,59.18
02_Hanns_Klemm_Str_44_000001_000140,05,"crate (gray, 2x stacked)",standard objects,25.0,31.16,60.35,53.07,55.15
02_Hanns_Klemm_Str_44_000001_000140,04,crate (gray),standard objects,14.0,31.42,53.84,48.93,50.6
02_Hanns_Klemm_Str_44_000001_000150,05,"crate (gray, 2x stacked)",standard objects,28.0,27.29,44.06,41.5,42.52
02_Hanns_Klemm_Str_44_000001_000150,04,crate (gray),standard objects,17.0,27.53,42.55,39.49,40.44
02_Hanns_Klemm_Str_44_000001_000160,05,"crate (gray, 2x stacked)",standard objects,33.0,23.13,31.07,30.47,30.63
02_Hanns_Klemm_Str_44_000001_000160,04,crate (gray),standard objects,19.0,23.54,31.14,29.62,30.14
02_Hanns_Klemm_Str_44_000001_000170,05,"crate (gray, 2x stacked)",standard objects,41.0,19.38,25.95,25.4,25.67
02_Hanns_Klemm_Str_44_000001_000170,04,crate (gray),standard objects,25.0,19.65,26.13,25.13,25.45
02_Hanns_Klemm_Str_44_000001_000180,05,"crate (gray, 2x stacked)",standard objects,53.0,15.19,18.95,18.8,18.87
02_Hanns_Klemm_Str_44_000001_000180,04,crate (gray),standard objects,32.0,15.51,18.77,18.41,18.55
02_Hanns_Klemm_Str_44_000001_000190,05,"crate (gray, 2x stacked)",standard objects,72.0,11.46,13.49,13.37,13.41
02_Hanns_Klemm_Str_44_000001_000190,04,crate (gray),standard objects,44.0,11.63,13.27,13.08,13.15
02_Hanns_Klemm_Str_44_000001_000200,05,"crate (gray, 2x stacked)",standard objects,105.0,7.93,9.68,9.64,9.66
02_Hanns_Klemm_Str_44_000001_000200,04,crate (gray),standard objects,70.0,7.99,9.57,9.44,9.48
02_Hanns_Klemm_Str_44_000002_000020,02,"crate (black, 2x stacked)",standard objects,23.0,62.46,120.82,115.17,116.26
02_Hanns_Klemm_Str_44_000002_000020,01,crate (black),standard objects,10.0,61.57,111.63,106.51,108.21
02_Hanns_Klemm_Str_44_000002_000030,01,crate (black),standard objects,11.0,60.22,103.01,99.7,101.04
02_Hanns_Klemm_Str_44_000002_000030,02,"crate (black, 2x stacked)",standard objects,23.0,60.63,115.68,110.38,112.24
02_Hanns_Klemm_Str_44_000002_000040,02,"crate (black, 2x stacked)",standard objects,23.0,58.42,116.04,108.46,110.68
02_Hanns_Klemm_Str_44_000002_000040,01,crate (black),standard objects,10.0,57.87,95.07,92.73,93.7
02_Hanns_Klemm_Str_44_000002_000050,02,"crate (black, 2x stacked)",standard objects,25.0,56.85,107.11,103.15,103.84
02_Hanns_Klemm_Str_44_000002_000050,01,crate (black),standard objects,11.0,54.98,98.82,94.41,95.63
02_Hanns_Klemm_Str_44_000002_000060,02,"crate (black, 2x stacked)",standard objects,26.0,52.31,101.37,95.07,97.52
02_Hanns_Klemm_Str_44_000002_000060,01,crate (black),standard objects,13.0,53.96,88.99,87.05,87.62
02_Hanns_Klemm_Str_44_000002_000070,02,"crate (black, 2x stacked)",standard objects,26.0,50.86,88.45,82.89,84.12
02_Hanns_Klemm_Str_44_000002_000070,01,crate (black),standard objects,13.0,50.19,80.08,79.05,79.27
02_Hanns_Klemm_Str_44_000002_000080,02,"crate (black, 2x stacked)",standard objects,28.0,49.14,79.17,77.02,77.58
02_Hanns_Klemm_Str_44_000002_000080,01,crate (black),standard objects,14.0,48.2,85.7,82.69,83.93
02_Hanns_Klemm_Str_44_000002_000090,02,"crate (black, 2x stacked)",standard objects,31.0,44.0,79.19,75.97,77.13
02_Hanns_Klemm_Str_44_000002_000090,01,crate (black),standard objects,15.0,43.92,74.43,72.17,72.86
02_Hanns_Klemm_Str_44_000002_000100,02,"crate (black, 2x stacked)",standard objects,33.0,41.72,60.57,58.12,59.11
02_Hanns_Klemm_Str_44_000002_000100,01,crate (black),standard objects,16.0,41.44,62.09,60.03,60.82
02_Hanns_Klemm_Str_44_000002_000110,01,crate (black),standard objects,19.0,37.13,55.06,53.85,54.25
02_Hanns_Klemm_Str_44_000002_000110,02,"crate (black, 2x stacked)",standard objects,37.0,36.89,58.57,57.13,57.88
02_Hanns_Klemm_Str_44_000002_000120,01,crate (black),standard objects,19.0,33.73,48.9,48.16,48.43
02_Hanns_Klemm_Str_44_000002_000120,02,"crate (black, 2x stacked)",standard objects,40.0,33.43,47.43,46.9,47.18
02_Hanns_Klemm_Str_44_000002_000130,02,"crate (black, 2x stacked)",standard objects,47.0,28.86,42.71,41.98,42.47
02_Hanns_Klemm_Str_44_000002_000130,01,crate (black),standard objects,21.0,28.82,41.1,40.86,40.95
02_Hanns_Klemm_Str_44_000002_000140,02,"crate (black, 2x stacked)",standard objects,55.0,25.01,34.98,34.04,34.71
02_Hanns_Klemm_Str_44_000002_000140,01,crate (black),standard objects,26.0,24.9,33.05,32.73,32.82
02_Hanns_Klemm_Str_44_000002_000150,02,"crate (black, 2x stacked)",standard objects,67.0,20.4,28.58,28.08,28.33
02_Hanns_Klemm_Str_44_000002_000150,01,crate (black),standard objects,34.0,20.54,26.87,26.49,26.62
02_Hanns_Klemm_Str_44_000002_000160,02,"crate (black, 2x stacked)",standard objects,87.0,15.94,20.55,20.37,20.44
02_Hanns_Klemm_Str_44_000002_000160,01,crate (black),standard objects,42.0,16.07,20.46,20.25,20.33
02_Hanns_Klemm_Str_44_000002_000170,02,"crate (black, 2x stacked)",standard objects,120.0,11.89,14.28,14.14,14.23
02_Hanns_Klemm_Str_44_000002_000170,01,crate (black),standard objects,59.0,12.01,14.31,14.08,14.2
02_Hanns_Klemm_Str_44_000002_000180,02,"crate (black, 2x stacked)",standard objects,172.0,8.2,10.26,10.13,10.21
02_Hanns_Klemm_Str_44_000002_000180,01,crate (black),standard objects,87.0,8.27,10.05,9.94,9.99
02_Hanns_Klemm_Str_44_000003_000020,20,tire,random hazards,9.0,62.98,121.72,112.4,116.03
02_Hanns_Klemm_Str_44_000003_000020,34,styrofoam,random hazards,6.0,63.42,118.84,114.27,115.98
02_Hanns_Klemm_Str_44_000003_000030,20,tire,random hazards,10.0,61.95,111.48,103.77,106.79
02_Hanns_Klemm_Str_44_000003_000030,34,styrofoam,random hazards,6.0,62.31,113.79,108.61,110.88
02_Hanns_Klemm_Str_44_000003_000040,20,tire,random hazards,10.0,59.91,126.73,117.3,121.7
02_Hanns_Klemm_Str_44_000003_000040,34,styrofoam,random hazards,8.0,60.36,123.8,114.46,119.51
02_Hanns_Klemm_Str_44_000003_000050,20,tire,random hazards,11.0,55.48,107.59,99.5,102.31
02_Hanns_Klemm_Str_44_000003_000050,34,styrofoam,random hazards,7.0,55.62,110.11,103.5,105.89
02_Hanns_Klemm_Str_44_000003_000060,20,tire,random hazards,10.0,54.2,100.3,89.63,92.96
02_Hanns_Klemm_Str_44_000003_000060,34,styrofoam,random hazards,8.0,52.78,98.07,91.82,93.92
02_Hanns_Klemm_Str_44_000003_000070,20,tire,random hazards,11.0,52.37,94.05,84.67,88.02
02_Hanns_Klemm_Str_44_000003_000070,34,styrofoam,random hazards,8.0,50.6,93.48,88.11,90.86
02_Hanns_Klemm_Str_44_000003_000080,20,tire,random hazards,13.0,47.58,90.69,80.47,84.33
02_Hanns_Klemm_Str_44_000003_000080,34,styrofoam,random hazards,10.0,47.81,88.23,81.7,83.91
02_Hanns_Klemm_Str_44_000003_000090,20,tire,random hazards,14.0,43.81,81.8,72.99,75.51
02_Hanns_Klemm_Str_44_000003_000090,34,styrofoam,random hazards,9.0,43.42,80.3,76.73,78.05
02_Hanns_Klemm_Str_44_000003_000100,20,tire,random hazards,15.0,39.29,65.22,59.51,61.03
02_Hanns_Klemm_Str_44_000003_000100,34,styrofoam,random hazards,11.0,39.63,64.71,61.11,62.15
02_Hanns_Klemm_Str_44_000003_000110,20,tire,random hazards,17.0,36.09,63.13,58.19,59.53
02_Hanns_Klemm_Str_44_000003_000110,34,styrofoam,random hazards,12.0,35.85,62.11,57.86,59.43
02_Hanns_Klemm_Str_44_000003_000120,20,tire,random hazards,19.0,30.76,46.04,43.48,44.32
02_Hanns_Klemm_Str_44_000003_000120,34,styrofoam,random hazards,14.0,31.61,46.05,43.31,44.22
02_Hanns_Klemm_Str_44_000003_000130,20,tire,random hazards,22.0,26.6,37.34,35.52,36.17
02_Hanns_Klemm_Str_44_000003_000130,34,styrofoam,random hazards,16.0,26.75,38.01,35.73,36.53
02_Hanns_Klemm_Str_44_000003_000140,20,tire,random hazards,27.0,22.01,28.81,28.24,28.44
02_Hanns_Klemm_Str_44_000003_000140,34,styrofoam,random hazards,19.0,22.25,29.14,27.68,28.15
02_Hanns_Klemm_Str_44_000003_000150,20,tire,random hazards,36.0,17.27,20.96,20.6,20.69
02_Hanns_Klemm_Str_44_000003_000150,34,styrofoam,random hazards,25.0,17.54,21.36,20.76,20.97
02_Hanns_Klemm_Str_44_000003_000160,20,tire,random hazards,50.0,12.73,14.72,14.47,14.57
02_Hanns_Klemm_Str_44_000003_000160,34,styrofoam,random hazards,37.0,13.05,15.42,15.1,15.2
02_Hanns_Klemm_Str_44_000003_000170,20,tire,random hazards,79.0,8.62,9.41,9.28,9.31
02_Hanns_Klemm_Str_44_000003_000170,34,styrofoam,random hazards,57.0,8.85,9.84,9.64,9.69
02_Hanns_Klemm_Str_44_000005_000020,08,cardboard box,random hazards,10.0,60.42,123.6,107.36,111.97
02_Hanns_Klemm_Str_44_000005_000020,13,exhaust pipe,random hazards,10.0,60.3,93.69,91.52,92.61
02_Hanns_Klemm_Str_44_000005_000030,08,cardboard box,random hazards,10.0,60.3,121.4,108.76,112.71
02_Hanns_Klemm_Str_44_000005_000030,13,exhaust pipe,random hazards,9.0,59.91,102.74,101.05,101.73
02_Hanns_Klemm_Str_44_000005_000040,08,cardboard box,random hazards,11.0,57.89,120.36,103.12,110.25
02_Hanns_Klemm_Str_44_000005_000040,13,exhaust pipe,random hazards,10.0,58.98,99.96,96.95,98.72
02_Hanns_Klemm_Str_44_000005_000050,08,cardboard box,random hazards,10.0,56.01,96.27,89.1,91.71
02_Hanns_Klemm_Str_44_000005_000050,13,exhaust pipe,random hazards,10.0,56.11,93.66,88.69,90.55
02_Hanns_Klemm_Str_44_000005_000060,08,cardboard box,random hazards,10.0,53.48,87.88,83.82,85.49
02_Hanns_Klemm_Str_44_000005_000060,13,exhaust pipe,random hazards,9.0,52.82,95.73,92.55,94.18
02_Hanns_Klemm_Str_44_000005_000070,08,cardboard box,random hazards,11.0,50.62,91.04,83.95,86.58
02_Hanns_Klemm_Str_44_000005_000070,13,exhaust pipe,random hazards,12.0,51.21,84.66,82.58,83.51
02_Hanns_Klemm_Str_44_000005_000080,08,cardboard box,random hazards,13.0,47.51,78.9,72.93,75.61
02_Hanns_Klemm_Str_44_000005_000080,13,exhaust pipe,random hazards,12.0,49.03,79.42,75.17,76.68
02_Hanns_Klemm_Str_44_000005_000090,08,cardboard box,random hazards,13.0,44.11,67.08,62.24,63.89
02_Hanns_Klemm_Str_44_000005_000090,13,exhaust pipe,random hazards,12.0,44.23,66.64,64.07,65.27
02_Hanns_Klemm_Str_44_000005_000100,13,exhaust pipe,random hazards,14.0,40.54,64.69,62.35,63.41
02_Hanns_Klemm_Str_44_000005_000100,08,cardboard box,random hazards,14.0,40.37,66.06,60.14,61.98
02_Hanns_Klemm_Str_44_000005_000110,08,cardboard box,random hazards,16.0,36.64,58.14,52.71,54.43
02_Hanns_Klemm_Str_44_000005_000110,13,exhaust pipe,random hazards,16.0,37.18,56.66,53.31,54.53
02_Hanns_Klemm_Str_44_000005_000120,08,cardboard box,random hazards,18.0,32.29,44.7,42.35,43.13
02_Hanns_Klemm_Str_44_000005_000120,13,exhaust pipe,random hazards,19.0,33.0,47.22,43.9,44.94
02_Hanns_Klemm_Str_44_000005_000130,08,cardboard box,random hazards,20.0,28.11,36.51,35.32,35.73
02_Hanns_Klemm_Str_44_000005_000130,13,exhaust pipe,random hazards,22.0,28.89,40.07,37.38,38.3
02_Hanns_Klemm_Str_44_000005_000140,08,cardboard box,random hazards,25.0,24.19,30.33,29.56,29.84
02_Hanns_Klemm_Str_44_000005_000140,13,exhaust pipe,random hazards,26.0,24.75,31.04,29.3,29.77
02_Hanns_Klemm_Str_44_000005_000150,08,cardboard box,random hazards,30.0,20.45,24.69,24.16,24.35
02_Hanns_Klemm_Str_44_000005_000150,13,exhaust pipe,random hazards,31.0,20.89,25.27,23.94,24.32
02_Hanns_Klemm_Str_44_000005_000160,08,cardboard box,random hazards,37.0,16.67,18.82,18.44,18.56
02_Hanns_Klemm_Str_44_000005_000160,13,exhaust pipe,random hazards,40.0,17.14,19.9,19.12,19.34
02_Hanns_Klemm_Str_44_000005_000170,08,cardboard box,random hazards,47.0,12.98,14.16,13.95,14.03
02_Hanns_Klemm_Str_44_000005_000170,13,exhaust pipe,random hazards,50.0,13.61,14.85,14.35,14.49
02_Hanns_Klemm_Str_44_000005_000180,08,cardboard box,random hazards,63.0,9.69,10.17,10.07,10.11
02_Hanns_Klemm_Str_44_000005_000180,13,exhaust pipe,random hazards,65.0,10.26,10.62,10.34,10.43
02_Hanns_Klemm_Str_44_000005_000190,08,cardboard box,random hazards,96.0,6.74,7.28,7.19,7.22
02_Hanns_Klemm_Str_44_000005_000190,13,exhaust pipe,random hazards,97.0,7.25,7.72,7.54,7.58
02_Hanns_Klemm_Str_44_000006_000020,13,exhaust pipe,random hazards,10.0,37.16,45.87,40.72,43.18
02_Hanns_Klemm_Str_44_000006_000020,08,cardboard box,random hazards,9.0,54.63,52.79,48.12,49.41
02_Hanns_Klemm_Str_44_000006_000030,13,exhaust pipe,random hazards,11.0,47.44,47.54,42.97,45.22
02_Hanns_Klemm_Str_44_000006_000030,08,cardboard box,random hazards,10.0,51.8,52.51,47.89,49.0
02_Hanns_Klemm_Str_44_000006_000040,13,exhaust pipe,random hazards,12.0,54.13,51.19,47.67,48.85
02_Hanns_Klemm_Str_44_000006_000040,08,cardboard box,random hazards,12.0,51.6,57.21,51.17,53.51
02_Hanns_Klemm_Str_44_000006_000050,13,exhaust pipe,random hazards,12.0,48.86,46.01,43.25,44.2
02_Hanns_Klemm_Str_44_000006_000050,08,cardboard box,random hazards,11.0,50.62,50.36,45.06,46.85
02_Hanns_Klemm_Str_44_000006_000060,13,exhaust pipe,random hazards,12.0,48.29,45.69,42.42,43.72
02_Hanns_Klemm_Str_44_000006_000060,08,cardboard box,random hazards,12.0,49.59,51.26,44.97,47.37
02_Hanns_Klemm_Str_44_000006_000070,13,exhaust pipe,random hazards,15.0,46.95,36.56,34.35,35.16
02_Hanns_Klemm_Str_44_000006_000070,08,cardboard box,random hazards,12.0,45.26,40.59,35.73,37.49
02_Hanns_Klemm_Str_44_000006_000080,13,exhaust pipe,random hazards,14.0,43.45,36.34,33.89,34.8
02_Hanns_Klemm_Str_44_000006_000080,08,cardboard box,random hazards,13.0,42.84,40.54,35.97,37.55
02_Hanns_Klemm_Str_44_000006_000090,13,exhaust pipe,random hazards,16.0,40.47,36.01,33.89,34.67
02_Hanns_Klemm_Str_44_000006_000090,08,cardboard box,random hazards,14.0,39.91,40.16,36.11,37.45
02_Hanns_Klemm_Str_44_000006_000100,13,exhaust pipe,random hazards,18.0,37.2,32.55,30.89,31.44
02_Hanns_Klemm_Str_44_000006_000100,08,cardboard box,random hazards,15.0,37.12,34.84,31.74,32.64
02_Hanns_Klemm_Str_44_000006_000110,13,exhaust pipe,random hazards,18.0,34.67,36.52,34.18,34.96
02_Hanns_Klemm_Str_44_000006_000110,08,cardboard box,random hazards,15.0,34.35,34.91,31.92,32.89
02_Hanns_Klemm_Str_44_000006_000120,13,exhaust pipe,random hazards,21.0,31.32,35.03,32.9,33.62
02_Hanns_Klemm_Str_44_000006_000120,08,cardboard box,random hazards,18.0,30.81,33.9,31.27,32.32
02_Hanns_Klemm_Str_44_000006_000130,13,exhaust pipe,random hazards,24.0,28.35,31.41,29.65,30.26
02_Hanns_Klemm_Str_44_000006_000130,08,cardboard box,random hazards,20.0,27.67,29.16,27.69,28.25
02_Hanns_Klemm_Str_44_000006_000140,13,exhaust pipe,random hazards,29.0,24.82,27.05,25.48,26.1
02_Hanns_Klemm_Str_44_000006_000140,08,cardboard box,random hazards,22.0,24.61,25.59,24.7,25.01
02_Hanns_Klemm_Str_44_000006_000150,13,exhaust pipe,random hazards,33.0,21.58,24.1,22.95,23.36
02_Hanns_Klemm_Str_44_000006_000150,08,cardboard box,random hazards,27.0,21.27,22.57,22.05,22.21
02_Hanns_Klemm_Str_44_000006_000160,13,exhaust pipe,random hazards,40.0,18.26,19.69,18.66,19.05
02_Hanns_Klemm_Str_44_000006_000160,08,cardboard box,random hazards,32.0,17.87,18.82,18.41,18.63
02_Hanns_Klemm_Str_44_000006_000170,13,exhaust pipe,random hazards,50.0,14.58,16.16,15.28,15.52
02_Hanns_Klemm_Str_44_000006_000170,08,cardboard box,random hazards,39.0,14.29,15.15,14.89,15.02
02_Hanns_Klemm_Str_44_000006_000180,08,cardboard box,random hazards,55.0,10.69,11.46,11.34,11.39
02_Hanns_Klemm_Str_44_000006_000180,13,exhaust pipe,random hazards,71.0,11.04,11.66,11.34,11.45
02_Hanns_Klemm_Str_44_000006_000190,13,exhaust pipe,random hazards,113.0,7.59,8.9,8.48,8.61
02_Hanns_Klemm_Str_44_000006_000190,08,cardboard box,random hazards,82.0,7.34,9.42,8.41,8.6
02_Hanns_Klemm_Str_44_000007_000020,20,tire,random hazards,9.0,59.06,63.93,59.75,61.65
02_Hanns_Klemm_Str_44_000007_000030,20,tire,random hazards,9.0,57.95,63.05,58.44,59.91
02_Hanns_Klemm_Str_44_000007_000040,20,tire,random hazards,10.0,56.75,59.7,55.08,56.97
02_Hanns_Klemm_Str_44_000007_000050,20,tire,random hazards,9.0,55.55,61.29,56.9,58.45
02_Hanns_Klemm_Str_44_000007_000060,20,tire,random hazards,10.0,53.08,62.91,57.68,59.3
02_Hanns_Klemm_Str_44_000007_000070,20,tire,random hazards,10.0,53.79,65.51,60.57,62.38
02_Hanns_Klemm_Str_44_000007_000080,20,tire,random hazards,11.0,53.13,68.05,62.04,64.24
02_Hanns_Klemm_Str_44_000007_000090,20,tire,random hazards,11.0,52.94,57.68,52.82,54.44
02_Hanns_Klemm_Str_44_000007_000100,20,tire,random hazards,11.0,51.14,51.65,46.31,48.26
02_Hanns_Klemm_Str_44_000007_000110,20,tire,random hazards,13.0,47.86,54.5,49.1,50.95
02_Hanns_Klemm_Str_44_000007_000120,20,tire,random hazards,14.0,43.31,48.52,44.54,46.01
02_Hanns_Klemm_Str_44_000007_000130,20,tire,random hazards,14.0,40.1,48.05,44.2,45.51
02_Hanns_Klemm_Str_44_000007_000140,20,tire,random hazards,16.0,38.17,42.88,39.64,40.92
02_Hanns_Klemm_Str_44_000007_000150,20,tire,random hazards,17.0,34.94,38.88,35.76,36.9
02_Hanns_Klemm_Str_44_000007_000160,20,tire,random hazards,18.0,32.51,36.59,33.6,34.8
02_Hanns_Klemm_Str_44_000007_000170,20,tire,random hazards,21.0,30.21,31.6,29.8,30.49
02_Hanns_Klemm_Str_44_000007_000180,20,tire,random hazards,24.0,26.56,27.59,26.82,27.13
02_Hanns_Klemm_Str_44_000007_000190,20,tire,random hazards,25.0,23.46,25.3,24.63,25.07
02_Hanns_Klemm_Str_44_000007_000200,20,tire,random hazards,30.0,20.28,21.12,20.79,20.94
02_Hanns_Klemm_Str_44_000007_000210,20,tire,random hazards,36.0,17.09,17.53,17.24,17.38
02_Hanns_Klemm_Str_44_000007_000220,20,tire,random hazards,43.0,13.72,14.22,14.09,14.13
02_Hanns_Klemm_Str_44_000007_000230,20,tire,random hazards,62.0,10.22,10.79,10.62,10.67
02_Hanns_Klemm_Str_44_000007_000240,20,tire,random hazards,95.0,7.22,9.5,8.21,8.46
02_Hanns_Klemm_Str_44_000008_000020,20,tire,random hazards,7.0,64.43,88.5,82.41,84.74
02_Hanns_Klemm_Str_44_000008_000030,20,tire,random hazards,8.0,63.68,81.41,75.96,77.81
02_Hanns_Klemm_Str_44_000008_000040,20,tire,random hazards,9.0,61.92,76.02,70.6,72.32
02_Hanns_Klemm_Str_44_000008_000050,20,tire,random hazards,9.0,60.08,73.95,68.83,70.67
02_Hanns_Klemm_Str_44_000008_000060,20,tire,random hazards,9.0,65.15,74.43,68.91,70.96
02_Hanns_Klemm_Str_44_000008_000070,20,tire,random hazards,11.0,60.9,65.0,61.66,63.04
02_Hanns_Klemm_Str_44_000008_000080,20,tire,random hazards,11.0,55.38,67.07,63.11,64.73
02_Hanns_Klemm_Str_44_000008_000090,20,tire,random hazards,13.0,51.1,65.9,60.55,62.63
02_Hanns_Klemm_Str_44_000008_000100,20,tire,random hazards,13.0,48.27,57.04,53.31,54.58
02_Hanns_Klemm_Str_44_000008_000110,20,tire,random hazards,14.0,45.28,54.0,50.77,51.81
02_Hanns_Klemm_Str_44_000008_000120,20,tire,random hazards,15.0,40.77,50.37,46.89,48.2
02_Hanns_Klemm_Str_44_000008_000130,20,tire,random hazards,15.0,38.17,41.26,39.52,39.95
02_Hanns_Klemm_Str_44_000008_000140,20,tire,random hazards,17.0,34.28,38.48,37.69,38.0
02_Hanns_Klemm_Str_44_000008_000150,20,tire,random hazards,21.0,30.6,34.89,33.73,34.18
02_Hanns_Klemm_Str_44_000008_000160,20,tire,random hazards,21.0,26.35,29.68,28.99,29.24
02_Hanns_Klemm_Str_44_000008_000170,20,tire,random hazards,26.0,22.88,25.48,24.88,25.28
02_Hanns_Klemm_Str_44_000008_000180,20,tire,random hazards,32.0,19.12,20.44,20.11,20.32
02_Hanns_Klemm_Str_44_000008_000190,20,tire,random hazards,41.0,15.63,16.45,16.24,16.32
02_Hanns_Klemm_Str_44_000008_000200,20,tire,random hazards,54.0,11.87,12.28,12.11,12.16
02_Hanns_Klemm_Str_44_000008_000210,20,tire,random hazards,80.0,8.44,9.77,9.37,9.46
02_Hanns_Klemm_Str_44_000009_000020,02,"crate (black, 2x stacked)",standard objects,20.0,67.22,80.56,75.27,77.06
02_Hanns_Klemm_Str_44_000009_000020,01,crate (black),standard objects,9.0,67.71,94.77,88.4,90.9
02_Hanns_Klemm_Str_44_000009_000030,02,"crate (black, 2x stacked)",standard objects,20.0,64.53,90.34,82.38,85.43
02_Hanns_Klemm_Str_44_000009_000030,01,crate (black),standard objects,10.0,66.25,93.54,83.88,87.64
02_Hanns_Klemm_Str_44_000009_000040,02,"crate (black, 2x stacked)",standard objects,20.0,64.27,97.1,83.29,88.83
02_Hanns_Klemm_Str_44_000009_000040,01,crate (black),standard objects,10.0,65.68,96.08,85.46,89.05
02_Hanns_Klemm_Str_44_000009_000050,02,"crate (black, 2x stacked)",standard objects,20.0,63.23,93.34,83.8,86.93
02_Hanns_Klemm_Str_44_000009_000050,01,crate (black),standard objects,9.0,64.17,103.73,95.45,98.6
02_Hanns_Klemm_Str_44_000009_000060,02,"crate (black, 2x stacked)",standard objects,21.0,63.11,97.22,79.06,84.5
02_Hanns_Klemm_Str_44_000009_000060,01,crate (black),standard objects,10.0,63.45,90.42,83.34,85.93
02_Hanns_Klemm_Str_44_000009_000070,02,"crate (black, 2x stacked)",standard objects,22.0,63.01,94.82,75.86,80.98
02_Hanns_Klemm_Str_44_000009_000070,01,crate (black),standard objects,11.0,61.19,89.39,82.88,85.45
02_Hanns_Klemm_Str_44_000009_000080,02,"crate (black, 2x stacked)",standard objects,23.0,60.87,75.02,64.71,67.02
02_Hanns_Klemm_Str_44_000009_000080,01,crate (black),standard objects,11.0,61.42,75.24,67.67,70.66
02_Hanns_Klemm_Str_44_000009_000090,02,"crate (black, 2x stacked)",standard objects,23.0,58.71,78.74,68.52,71.38
02_Hanns_Klemm_Str_44_000009_000090,01,crate (black),standard objects,11.0,59.33,83.22,73.61,76.59
02_Hanns_Klemm_Str_44_000009_000100,02,"crate (black, 2x stacked)",standard objects,25.0,54.7,68.01,63.9,65.1
02_Hanns_Klemm_Str_44_000009_000100,01,crate (black),standard objects,12.0,55.84,74.75,69.16,70.9
02_Hanns_Klemm_Str_44_000009_000110,02,"crate (black, 2x stacked)",standard objects,26.0,50.97,76.14,66.65,69.45
02_Hanns_Klemm_Str_44_000009_000110,01,crate (black),standard objects,14.0,51.87,74.04,67.74,70.08
02_Hanns_Klemm_Str_44_000009_000120,02,"crate (black, 2x stacked)",standard objects,29.0,48.38,61.1,55.76,56.87
02_Hanns_Klemm_Str_44_000009_000120,01,crate (black),standard objects,14.0,48.42,61.41,57.45,59.18
02_Hanns_Klemm_Str_44_000009_000130,02,"crate (black, 2x stacked)",standard objects,30.0,44.14,57.79,54.09,54.84
02_Hanns_Klemm_Str_44_000009_000130,01,crate (black),standard objects,17.0,45.63,60.12,54.16,56.93
02_Hanns_Klemm_Str_44_000009_000140,02,"crate (black, 2x stacked)",standard objects,33.0,41.65,49.7,47.31,47.86
02_Hanns_Klemm_Str_44_000009_000140,01,crate (black),standard objects,18.0,40.77,52.39,47.96,49.54
02_Hanns_Klemm_Str_44_000009_000150,02,"crate (black, 2x stacked)",standard objects,36.0,37.31,43.15,41.75,42.25
02_Hanns_Klemm_Str_44_000009_000150,01,crate (black),standard objects,19.0,37.96,45.76,43.21,44.33
02_Hanns_Klemm_Str_44_000009_000160,02,"crate (black, 2x stacked)",standard objects,40.0,34.93,40.13,39.16,39.61
02_Hanns_Klemm_Str_44_000009_000160,01,crate (black),standard objects,21.0,34.37,41.5,39.84,40.46
02_Hanns_Klemm_Str_44_000009_000170,02,"crate (black, 2x stacked)",standard objects,48.0,30.75,36.3,35.62,35.99
02_Hanns_Klemm_Str_44_000009_000170,01,crate (black),standard objects,23.0,30.76,38.71,37.66,38.0
02_Hanns_Klemm_Str_44_000009_000180,02,"crate (black, 2x stacked)",standard objects,52.0,26.13,29.9,29.19,29.6
02_Hanns_Klemm_Str_44_000009_000180,01,crate (black),standard objects,27.0,26.49,31.13,30.36,30.62
02_Hanns_Klemm_Str_44_000009_000190,02,"crate (black, 2x stacked)",standard objects,65.0,22.58,24.52,24.25,24.39
02_Hanns_Klemm_Str_44_000009_000190,01,crate (black),standard objects,31.0,22.63,26.48,26.1,26.25
02_Hanns_Klemm_Str_44_000009_000200,02,"crate (black, 2x stacked)",standard objects,78.0,17.93,19.35,19.11,19.27
02_Hanns_Klemm_Str_44_000009_000200,01,crate (black),standard objects,38.0,18.04,20.35,20.12,20.21
02_Hanns_Klemm_Str_44_000009_000210,02,"crate (black, 2x stacked)",standard objects,103.0,13.54,14.42,13.96,14.22
02_Hanns_Klemm_Str_44_000009_000210,01,crate (black),standard objects,52.0,13.69,15.04,14.96,14.99
02_Hanns_Klemm_Str_44_000009_000220,02,"crate (black, 2x stacked)",standard objects,147.0,9.63,10.01,9.82,9.89
02_Hanns_Klemm_Str_44_000009_000220,01,crate (black),standard objects,75.0,9.7,10.51,10.33,10.42
02_Hanns_Klemm_Str_44_000009_000230,02,"crate (black, 2x stacked)",standard objects,227.0,6.35,6.93,6.69,6.74
02_Hanns_Klemm_Str_44_000009_000230,01,crate (black),standard objects,117.0,6.48,6.93,6.84,6.88
02_Hanns_Klemm_Str_44_000010_000020,05,"crate (gray, 2x stacked)",standard objects,10.0,64.79,86.18,78.0,80.32
02_Hanns_Klemm_Str_44_000010_000020,04,crate (gray),standard objects,6.0,67.57,80.05,73.83,76.06
02_Hanns_Klemm_Str_44_000010_000030,05,"crate (gray, 2x stacked)",standard objects,9.0,64.43,78.38,73.06,74.75
02_Hanns_Klemm_Str_44_000010_000030,04,crate (gray),standard objects,6.0,65.18,77.79,71.97,74.21
02_Hanns_Klemm_Str_44_000010_000040,05,"crate (gray, 2x stacked)",standard objects,11.0,62.62,89.47,80.37,83.7
02_Hanns_Klemm_Str_44_000010_000040,04,crate (gray),standard objects,7.0,62.89,84.35,78.49,80.37
02_Hanns_Klemm_Str_44_000010_000050,05,"crate (gray, 2x stacked)",standard objects,11.0,62.04,86.31,78.0,81.1
02_Hanns_Klemm_Str_44_000010_000050,04,crate (gray),standard objects,6.0,62.52,81.14,75.96,77.71
02_Hanns_Klemm_Str_44_000010_000060,05,"crate (gray, 2x stacked)",standard objects,11.0,63.08,89.57,81.41,84.36
02_Hanns_Klemm_Str_44_000010_000060,04,crate (gray),standard objects,6.0,61.76,85.07,79.44,81.52
02_Hanns_Klemm_Str_44_000010_000070,05,"crate (gray, 2x stacked)",standard objects,11.0,60.84,79.02,71.59,74.24
02_Hanns_Klemm_Str_44_000010_000070,04,crate (gray),standard objects,6.0,59.77,80.25,75.33,77.01
02_Hanns_Klemm_Str_44_000010_000080,05,"crate (gray, 2x stacked)",standard objects,12.0,57.48,76.13,68.79,71.6
02_Hanns_Klemm_Str_44_000010_000080,04,crate (gray),standard objects,7.0,60.29,76.02,70.74,73.08
02_Hanns_Klemm_Str_44_000010_000090,05,"crate (gray, 2x stacked)",standard objects,13.0,52.16,68.16,62.82,64.77
02_Hanns_Klemm_Str_44_000010_000090,04,crate (gray),standard objects,7.0,53.68,70.16,64.8,67.17
02_Hanns_Klemm_Str_44_000010_000100,05,"crate (gray, 2x stacked)",standard objects,13.0,49.92,68.12,61.98,64.32
02_Hanns_Klemm_Str_44_000010_000100,04,crate (gray),standard objects,8.0,49.65,65.32,60.26,62.58
02_Hanns_Klemm_Str_44_000010_000110,05,"crate (gray, 2x stacked)",standard objects,16.0,47.6,59.19,54.32,55.97
02_Hanns_Klemm_Str_44_000010_000110,04,crate (gray),standard objects,10.0,46.92,58.05,53.99,55.47
02_Hanns_Klemm_Str_44_000010_000120,05,"crate (gray, 2x stacked)",standard objects,16.0,42.63,55.18,50.1,52.08
02_Hanns_Klemm_Str_44_000010_000120,04,crate (gray),standard objects,11.0,43.28,52.59,48.37,50.18
02_Hanns_Klemm_Str_44_000010_000130,05,"crate (gray, 2x stacked)",standard objects,19.0,39.37,52.49,47.48,49.36
02_Hanns_Klemm_Str_44_000010_000130,04,crate (gray),standard objects,11.0,40.32,49.01,45.59,46.67
02_Hanns_Klemm_Str_44_000010_000140,05,"crate (gray, 2x stacked)",standard objects,19.0,35.62,44.58,41.38,42.45
02_Hanns_Klemm_Str_44_000010_000140,04,crate (gray),standard objects,13.0,36.16,42.79,40.46,41.4
02_Hanns_Klemm_Str_44_000010_000150,05,"crate (gray, 2x stacked)",standard objects,22.0,31.29,41.15,38.32,39.3
02_Hanns_Klemm_Str_44_000010_000150,04,crate (gray),standard objects,14.0,31.73,40.31,37.86,38.72
02_Hanns_Klemm_Str_44_000010_000160,05,"crate (gray, 2x stacked)",standard objects,29.0,27.84,35.76,32.4,33.63
02_Hanns_Klemm_Str_44_000010_000160,04,crate (gray),standard objects,18.0,27.92,35.12,32.61,33.6
02_Hanns_Klemm_Str_44_000010_000170,05,"crate (gray, 2x stacked)",standard objects,30.0,23.53,28.61,26.98,27.67
02_Hanns_Klemm_Str_44_000010_000170,04,crate (gray),standard objects,21.0,24.02,29.0,27.14,27.73
02_Hanns_Klemm_Str_44_000010_000180,05,"crate (gray, 2x stacked)",standard objects,39.0,19.59,22.89,22.24,22.43
02_Hanns_Klemm_Str_44_000010_000180,04,crate (gray),standard objects,24.0,19.84,23.2,22.34,22.77
02_Hanns_Klemm_Str_44_000010_000190,05,"crate (gray, 2x stacked)",standard objects,50.0,15.6,16.87,16.74,16.77
02_Hanns_Klemm_Str_44_000010_000190,04,crate (gray),standard objects,30.0,15.8,17.37,17.1,17.27
02_Hanns_Klemm_Str_44_000010_000200,04,crate (gray),standard objects,43.0,11.64,12.38,12.2,12.28
02_Hanns_Klemm_Str_44_000010_000200,05,"crate (gray, 2x stacked)",standard objects,66.0,11.48,12.03,11.95,11.99
02_Hanns_Klemm_Str_44_000010_000210,05,"crate (gray, 2x stacked)",standard objects,108.0,7.7,8.33,8.23,8.28
02_Hanns_Klemm_Str_44_000010_000210,04,crate (gray),standard objects,73.0,7.86,8.56,8.45,8.5
02_Hanns_Klemm_Str_44_000011_000030,23,dog (black),emotional hazards,17.0,71.94,98.92,97.89,98.22
02_Hanns_Klemm_Str_44_000011_000040,23,dog (black),emotional hazards,16.0,72.47,101.3,100.19,100.58
02_Hanns_Klemm_Str_44_000011_000050,23,dog (black),emotional hazards,14.0,78.99,94.03,93.48,93.65
02_Hanns_Klemm_Str_44_000011_000060,23,dog (black),emotional hazards,14.0,74.86,94.32,94.04,94.15
02_Hanns_Klemm_Str_44_000011_000070,23,dog (black),emotional hazards,17.0,69.84,90.78,90.52,90.6
02_Hanns_Klemm_Str_44_000011_000080,23,dog (black),emotional hazards,16.0,70.68,82.71,82.14,82.35
02_Hanns_Klemm_Str_44_000011_000090,23,dog (black),emotional hazards,18.0,68.32,81.83,81.4,81.53
02_Hanns_Klemm_Str_44_000011_000100,23,dog (black),emotional hazards,20.0,70.29,75.68,75.04,75.33
02_Hanns_Klemm_Str_44_000011_000110,23,dog (black),emotional hazards,19.0,61.72,76.31,75.36,75.79
02_Hanns_Klemm_Str_44_000011_000120,23,dog (black),emotional hazards,21.0,54.66,73.76,72.25,72.95
02_Hanns_Klemm_Str_44_000011_000130,23,dog (black),emotional hazards,23.0,48.8,68.71,67.83,68.34
02_Hanns_Klemm_Str_44_000011_000140,23,dog (black),emotional hazards,24.0,45.2,58.3,57.98,58.11
02_Hanns_Klemm_Str_44_000011_000150,23,dog (black),emotional hazards,26.0,40.74,57.56,56.07,56.53
02_Hanns_Klemm_Str_44_000011_000160,23,dog (black),emotional hazards,29.0,36.3,53.44,52.51,53.04
02_Hanns_Klemm_Str_44_000011_000170,23,dog (black),emotional hazards,31.0,32.42,42.6,41.82,42.22
02_Hanns_Klemm_Str_44_000011_000180,23,dog (black),emotional hazards,36.0,28.69,47.05,46.14,46.52
02_Hanns_Klemm_Str_44_000011_000190,23,dog (black),emotional hazards,42.0,25.13,39.24,38.68,38.82
02_Hanns_Klemm_Str_44_000011_000200,23,dog (black),emotional hazards,46.0,21.3,40.25,39.66,39.91
02_Hanns_Klemm_Str_44_000011_000210,23,dog (black),emotional hazards,57.0,18.03,31.96,28.46,29.72
02_Hanns_Klemm_Str_44_000011_000220,23,dog (black),emotional hazards,71.0,14.78,18.69,17.56,18.0
02_Hanns_Klemm_Str_44_000011_000230,23,dog (black),emotional hazards,90.0,11.62,13.7,13.06,13.39
02_Hanns_Klemm_Str_44_000011_000240,23,dog (black),emotional hazards,118.0,8.99,10.58,9.79,10.3
02_Hanns_Klemm_Str_44_000012_000020,24,dog (white),emotional hazards,7.0,72.59,131.37,111.88,120.93
02_Hanns_Klemm_Str_44_000012_000030,24,dog (white),emotional hazards,6.0,72.63,125.34,113.12,119.75
02_Hanns_Klemm_Str_44_000012_000040,24,dog (white),emotional hazards,7.0,73.0,118.09,93.22,103.24
02_Hanns_Klemm_Str_44_000012_000050,24,dog (white),emotional hazards,7.0,67.6,125.81,119.02,121.92
02_Hanns_Klemm_Str_44_000012_000060,24,dog (white),emotional hazards,7.0,67.71,128.66,120.26,124.1
02_Hanns_Klemm_Str_44_000012_000070,24,dog (white),emotional hazards,7.0,63.2,124.61,109.45,115.74
02_Hanns_Klemm_Str_44_000012_000080,24,dog (white),emotional hazards,7.0,61.16,107.82,92.8,98.77
02_Hanns_Klemm_Str_44_000012_000090,24,dog (white),emotional hazards,8.0,59.36,108.59,92.83,98.85
02_Hanns_Klemm_Str_44_000012_000100,24,dog (white),emotional hazards,9.0,56.87,98.11,88.21,91.81
02_Hanns_Klemm_Str_44_000012_000110,24,dog (white),emotional hazards,8.0,51.39,94.18,83.45,87.4
02_Hanns_Klemm_Str_44_000012_000120,24,dog (white),emotional hazards,10.0,47.72,95.75,84.01,89.18
02_Hanns_Klemm_Str_44_000012_000130,24,dog (white),emotional hazards,10.0,42.51,86.01,65.79,71.88
02_Hanns_Klemm_Str_44_000012_000140,24,dog (white),emotional hazards,12.0,40.54,70.73,53.77,60.63
02_Hanns_Klemm_Str_44_000012_000150,24,dog (white),emotional hazards,14.0,35.33,75.83,51.48,59.55
02_Hanns_Klemm_Str_44_000012_000160,24,dog (white),emotional hazards,18.0,30.94,48.04,38.04,41.09
02_Hanns_Klemm_Str_44_000012_000170,24,dog (white),emotional hazards,23.0,26.63,43.3,29.3,32.44
02_Hanns_Klemm_Str_44_000012_000180,24,dog (white),emotional hazards,31.0,22.21,27.45,22.96,24.58
02_Hanns_Klemm_Str_44_000012_000190,24,dog (white),emotional hazards,47.0,17.9,20.66,19.11,19.71
02_Hanns_Klemm_Str_44_000012_000200,24,dog (white),emotional hazards,59.0,13.31,14.51,13.96,14.2
02_Hanns_Klemm_Str_44_000013_000020,26,bobby car (gray),emotional hazards,13.0,67.11,94.87,89.14,90.24
02_Hanns_Klemm_Str_44_000013_000030,26,bobby car (gray),emotional hazards,13.0,66.59,94.32,88.85,90.09
02_Hanns_Klemm_Str_44_000013_000040,26,bobby car (gray),emotional hazards,13.0,64.62,102.32,94.93,96.55
02_Hanns_Klemm_Str_44_000013_000050,26,bobby car (gray),emotional hazards,15.0,62.94,101.92,94.43,96.35
02_Hanns_Klemm_Str_44_000013_000060,26,bobby car (gray),emotional hazards,15.0,62.56,101.17,93.46,96.54
02_Hanns_Klemm_Str_44_000013_000070,26,bobby car (gray),emotional hazards,15.0,63.54,93.69,83.56,86.07
02_Hanns_Klemm_Str_44_000013_000080,26,bobby car (gray),emotional hazards,15.0,60.93,78.29,75.51,76.25
02_Hanns_Klemm_Str_44_000013_000090,26,bobby car (gray),emotional hazards,16.0,59.69,91.52,84.37,86.48
02_Hanns_Klemm_Str_44_000013_000100,26,bobby car (gray),emotional hazards,17.0,54.49,72.74,71.69,71.98
02_Hanns_Klemm_Str_44_000013_000110,26,bobby car (gray),emotional hazards,16.0,51.04,77.08,71.55,73.46
02_Hanns_Klemm_Str_44_000013_000120,26,bobby car (gray),emotional hazards,18.0,48.53,79.4,74.87,76.35
02_Hanns_Klemm_Str_44_000013_000130,26,bobby car (gray),emotional hazards,19.0,44.62,79.95,73.27,74.87
02_Hanns_Klemm_Str_44_000013_000140,26,bobby car (gray),emotional hazards,21.0,41.95,67.12,61.47,63.66
02_Hanns_Klemm_Str_44_000013_000150,26,bobby car (gray),emotional hazards,24.0,37.61,51.75,49.75,50.46
02_Hanns_Klemm_Str_44_000013_000160,26,bobby car (gray),emotional hazards,27.0,34.79,45.77,44.1,44.66
02_Hanns_Klemm_Str_44_000013_000170,26,bobby car (gray),emotional hazards,30.0,30.93,38.11,37.52,37.78
02_Hanns_Klemm_Str_44_000013_000180,26,bobby car (gray),emotional hazards,33.0,26.95,34.36,33.34,33.69
02_Hanns_Klemm_Str_44_000013_000190,26,bobby car (gray),emotional hazards,40.0,22.91,28.54,27.76,28.06
02_Hanns_Klemm_Str_44_000013_000200,26,bobby car (gray),emotional hazards,50.0,19.21,23.99,23.51,23.69
02_Hanns_Klemm_Str_44_000013_000210,26,bobby car (gray),emotional hazards,61.0,15.55,19.97,19.5,19.7
02_Hanns_Klemm_Str_44_000013_000220,26,bobby car (gray),emotional hazards,81.0,12.05,13.14,12.98,13.04
02_Hanns_Klemm_Str_44_000013_000230,26,bobby car (gray),emotional hazards,112.0,8.87,10.03,9.82,9.96
02_Hanns_Klemm_Str_44_000014_000020,27,bobby car (red),emotional hazards,6.0,73.67,101.61,100.95,101.14
02_Hanns_Klemm_Str_44_000014_000030,27,bobby car (red),emotional hazards,7.0,76.51,104.43,104.3,104.34
02_Hanns_Klemm_Str_44_000014_000040,27,bobby car (red),emotional hazards,11.0,74.91,110.8,109.88,110.23
02_Hanns_Klemm_Str_44_000014_000050,27,bobby car (red),emotional hazards,11.0,74.74,109.43,108.17,108.96
02_Hanns_Klemm_Str_44_000014_000060,27,bobby car (red),emotional hazards,11.0,71.38,97.54,97.2,97.36
02_Hanns_Klemm_Str_44_000014_000070,27,bobby car (red),emotional hazards,13.0,70.14,96.75,95.5,95.97
02_Hanns_Klemm_Str_44_000014_000080,27,bobby car (red),emotional hazards,12.0,69.54,102.8,98.7,100.99
02_Hanns_Klemm_Str_44_000014_000090,27,bobby car (red),emotional hazards,12.0,61.87,87.18,86.69,86.98
02_Hanns_Klemm_Str_44_000014_000100,27,bobby car (red),emotional hazards,14.0,59.28,84.8,83.73,84.34
02_Hanns_Klemm_Str_44_000014_000110,27,bobby car (red),emotional hazards,15.0,53.59,74.71,73.59,74.03
02_Hanns_Klemm_Str_44_000014_000120,27,bobby car (red),emotional hazards,16.0,48.95,70.39,68.97,69.6
02_Hanns_Klemm_Str_44_000014_000130,27,bobby car (red),emotional hazards,18.0,45.05,61.03,57.28,59.12
02_Hanns_Klemm_Str_44_000014_000140,27,bobby car (red),emotional hazards,18.0,41.17,56.16,52.05,54.62
02_Hanns_Klemm_Str_44_000014_000150,27,bobby car (red),emotional hazards,21.0,36.79,55.02,51.16,53.78
02_Hanns_Klemm_Str_44_000014_000160,27,bobby car (red),emotional hazards,25.0,33.43,40.51,39.01,39.41
02_Hanns_Klemm_Str_44_000014_000170,27,bobby car (red),emotional hazards,30.0,29.11,40.96,32.83,36.25
02_Hanns_Klemm_Str_44_000014_000180,27,bobby car (red),emotional hazards,36.0,25.13,29.39,27.4,28.0
02_Hanns_Klemm_Str_44_000014_000190,27,bobby car (red),emotional hazards,44.0,21.31,21.65,21.11,21.29
02_Hanns_Klemm_Str_44_000014_000200,27,bobby car (red),emotional hazards,56.0,17.55,17.07,16.56,16.79
02_Hanns_Klemm_Str_44_000014_000210,27,bobby car (red),emotional hazards,72.0,13.71,15.27,14.96,15.07
02_Hanns_Klemm_Str_44_000014_000220,27,bobby car (red),emotional hazards,94.0,10.26,10.88,10.49,10.55
02_Hanns_Klemm_Str_44_000015_000050,27,bobby car (red),emotional hazards,4.0,52.97,53.21,52.11,52.87
02_Hanns_Klemm_Str_44_000015_000060,27,bobby car (red),emotional hazards,8.0,50.0,53.67,49.53,51.95
02_Hanns_Klemm_Str_44_000015_000070,27,bobby car (red),emotional hazards,8.0,48.93,50.51,46.03,46.92
02_Hanns_Klemm_Str_44_000015_000080,27,bobby car (red),emotional hazards,9.0,47.09,47.9,45.98,46.82
02_Hanns_Klemm_Str_44_000015_000090,27,bobby car (red),emotional hazards,10.0,43.52,46.68,44.74,45.55
02_Hanns_Klemm_Str_44_000015_000100,27,bobby car (red),emotional hazards,10.0,41.04,46.39,44.33,45.08
02_Hanns_Klemm_Str_44_000015_000110,27,bobby car (red),emotional hazards,10.0,42.39,42.49,40.65,41.22
02_Hanns_Klemm_Str_44_000015_000120,27,bobby car (red),emotional hazards,11.0,38.64,38.96,36.83,37.56
02_Hanns_Klemm_Str_44_000015_000130,27,bobby car (red),emotional hazards,16.0,37.08,34.92,32.58,33.45
02_Hanns_Klemm_Str_44_000015_000140,27,bobby car (red),emotional hazards,26.0,32.17,28.53,26.57,27.23
02_Hanns_Klemm_Str_44_000015_000150,27,bobby car (red),emotional hazards,35.0,28.26,26.69,25.48,25.92
02_Hanns_Klemm_Str_44_000015_000160,27,bobby car (red),emotional hazards,39.0,24.97,24.17,23.6,23.82
02_Hanns_Klemm_Str_44_000015_000170,27,bobby car (red),emotional hazards,47.0,21.07,20.88,20.51,20.66
02_Hanns_Klemm_Str_44_000015_000180,27,bobby car (red),emotional hazards,56.0,17.83,17.01,16.73,16.84
02_Hanns_Klemm_Str_44_000015_000190,27,bobby car (red),emotional hazards,67.0,14.14,13.16,12.95,13.05
02_Hanns_Klemm_Str_44_000015_000200,27,bobby car (red),emotional hazards,93.0,10.82,10.36,10.2,10.25
02_Hanns_Klemm_Str_44_000015_000210,27,bobby car (red),emotional hazards,128.0,7.71,8.22,7.91,8.06
02_Hanns_Klemm_Str_44_000016_000020,26,bobby car (gray),emotional hazards,10.0,45.07,48.37,46.55,47.28
02_Hanns_Klemm_Str_44_000016_000030,26,bobby car (gray),emotional hazards,8.0,46.33,47.65,46.02,46.74
02_Hanns_Klemm_Str_44_000016_000040,26,bobby car (gray),emotional hazards,10.0,45.02,45.55,43.73,44.28
02_Hanns_Klemm_Str_44_000016_000050,26,bobby car (gray),emotional hazards,10.0,44.45,45.42,43.76,43.96
02_Hanns_Klemm_Str_44_000016_000060,26,bobby car (gray),emotional hazards,11.0,44.07,45.54,43.35,44.11
02_Hanns_Klemm_Str_44_000016_000070,26,bobby car (gray),emotional hazards,12.0,40.12,44.24,41.92,42.64
02_Hanns_Klemm_Str_44_000016_000080,26,bobby car (gray),emotional hazards,12.0,38.32,39.36,38.02,38.59
02_Hanns_Klemm_Str_44_000016_000090,26,bobby car (gray),emotional hazards,13.0,35.41,36.01,34.46,34.97
02_Hanns_Klemm_Str_44_000016_000100,26,bobby car (gray),emotional hazards,15.0,32.71,33.78,31.79,32.46
02_Hanns_Klemm_Str_44_000016_000110,26,bobby car (gray),emotional hazards,23.0,29.67,28.89,26.45,27.39
02_Hanns_Klemm_Str_44_000016_000120,26,bobby car (gray),emotional hazards,37.0,25.79,21.6,21.21,21.38
02_Hanns_Klemm_Str_44_000016_000130,26,bobby car (gray),emotional hazards,43.0,22.69,19.22,18.88,19.02
02_Hanns_Klemm_Str_44_000016_000140,26,bobby car (gray),emotional hazards,55.0,19.06,17.14,16.84,16.92
02_Hanns_Klemm_Str_44_000016_000150,26,bobby car (gray),emotional hazards,64.0,15.65,14.9,14.75,14.81
02_Hanns_Klemm_Str_44_000016_000160,26,bobby car (gray),emotional hazards,81.0,12.22,11.44,11.26,11.31
02_Hanns_Klemm_Str_44_000016_000170,26,bobby car (gray),emotional hazards,105.0,9.07,8.79,8.63,8.67
02_Hanns_Klemm_Str_44_000016_000180,26,bobby car (gray),emotional hazards,156.0,6.4,6.76,6.47,6.56
02_Hanns_Klemm_Str_44_000017_000020,23,dog (black),emotional hazards,10.0,51.52,55.19,51.9,53.16
02_Hanns_Klemm_Str_44_000017_000030,23,dog (black),emotional hazards,11.0,49.57,51.03,48.28,49.13
02_Hanns_Klemm_Str_44_000017_000040,23,dog (black),emotional hazards,11.0,50.29,48.23,46.19,46.88
02_Hanns_Klemm_Str_44_000017_000050,23,dog (black),emotional hazards,13.0,48.93,45.8,43.67,44.52
02_Hanns_Klemm_Str_44_000017_000060,23,dog (black),emotional hazards,14.0,47.21,49.21,45.83,47.11
02_Hanns_Klemm_Str_44_000017_000070,23,dog (black),emotional hazards,14.0,43.71,39.3,37.28,38.08
02_Hanns_Klemm_Str_44_000017_000080,23,dog (black),emotional hazards,15.0,42.53,39.09,35.9,37.05
02_Hanns_Klemm_Str_44_000017_000090,23,dog (black),emotional hazards,19.0,37.58,33.86,32.09,32.76
02_Hanns_Klemm_Str_44_000017_000100,23,dog (black),emotional hazards,28.0,34.64,27.99,25.74,26.9
02_Hanns_Klemm_Str_44_000017_000110,23,dog (black),emotional hazards,34.0,30.94,26.17,24.95,25.43
02_Hanns_Klemm_Str_44_000017_000120,23,dog (black),emotional hazards,39.0,26.67,23.8,23.2,23.43
02_Hanns_Klemm_Str_44_000017_000130,23,dog (black),emotional hazards,45.0,22.98,20.42,19.89,20.09
02_Hanns_Klemm_Str_44_000017_000140,23,dog (black),emotional hazards,55.0,19.01,17.92,17.59,17.72
02_Hanns_Klemm_Str_44_000017_000150,23,dog (black),emotional hazards,69.0,15.04,14.23,13.97,14.08
02_Hanns_Klemm_Str_44_000017_000160,23,dog (black),emotional hazards,92.0,11.45,11.06,10.82,10.91
02_Hanns_Klemm_Str_44_000017_000170,23,dog (black),emotional hazards,132.0,7.92,7.97,7.8,7.89
02_Hanns_Klemm_Str_44_000018_000080,24,dog (white),emotional hazards,9.0,27.52,44.07,32.73,36.59
02_Hanns_Klemm_Str_44_000018_000090,24,dog (white),emotional hazards,8.0,46.0,42.34,39.99,40.76
02_Hanns_Klemm_Str_44_000018_000100,24,dog (white),emotional hazards,12.0,43.89,39.72,37.58,38.39
02_Hanns_Klemm_Str_44_000018_000110,24,dog (white),emotional hazards,11.0,42.68,34.73,33.33,33.83
02_Hanns_Klemm_Str_44_000018_000120,24,dog (white),emotional hazards,18.0,37.79,31.44,29.12,29.82
02_Hanns_Klemm_Str_44_000018_000130,24,dog (white),emotional hazards,23.0,35.56,30.75,28.31,29.17
02_Hanns_Klemm_Str_44_000018_000140,24,dog (white),emotional hazards,25.0,31.41,30.15,27.55,28.61
02_Hanns_Klemm_Str_44_000018_000150,24,dog (white),emotional hazards,30.0,27.73,27.86,26.43,26.98
02_Hanns_Klemm_Str_44_000018_000160,24,dog (white),emotional hazards,33.0,24.1,23.98,22.81,23.23
02_Hanns_Klemm_Str_44_000018_000170,24,dog (white),emotional hazards,38.0,20.61,20.05,19.5,19.75
02_Hanns_Klemm_Str_44_000018_000180,24,dog (white),emotional hazards,44.0,16.97,16.28,15.85,16.03
02_Hanns_Klemm_Str_44_000018_000190,24,dog (white),emotional hazards,58.0,13.84,13.59,13.3,13.38
02_Hanns_Klemm_Str_44_000018_000200,24,dog (white),emotional hazards,75.0,10.4,9.97,9.91,9.94
02_Hanns_Klemm_Str_44_000018_000210,24,dog (white),emotional hazards,112.0,6.94,7.02,6.9,6.96
04_Maurener_Weg_8_000000_000020,06,"crate (gray, upright)",standard objects,20.0,71.58,70.9,69.66,70.16
04_Maurener_Weg_8_000000_000020,04,crate (gray),standard objects,8.0,63.54,67.23,65.32,66.05
04_Maurener_Weg_8_000000_000020,05,"crate (gray, 2x stacked)",standard objects,11.0,75.83,77.59,73.41,74.86
04_Maurener_Weg_8_000000_000030,04,crate (gray),standard objects,9.0,62.86,66.02,63.77,64.67
04_Maurener_Weg_8_000000_000030,05,"crate (gray, 2x stacked)",standard objects,12.0,72.3,77.9,72.18,74.35
04_Maurener_Weg_8_000000_000030,06,"crate (gray, upright)",standard objects,21.0,71.32,66.53,62.13,63.16
04_Maurener_Weg_8_000000_000040,04,crate (gray),standard objects,9.0,60.13,67.45,64.74,65.78
04_Maurener_Weg_8_000000_000040,05,"crate (gray, 2x stacked)",standard objects,12.0,67.36,76.53,71.44,73.17
04_Maurener_Weg_8_000000_000040,06,"crate (gray, upright)",standard objects,23.0,68.5,68.13,65.8,66.52
04_Maurener_Weg_8_000000_000050,04,crate (gray),standard objects,9.0,58.18,64.55,61.61,62.78
04_Maurener_Weg_8_000000_000050,05,"crate (gray, 2x stacked)",standard objects,13.0,66.22,78.24,72.18,74.14
04_Maurener_Weg_8_000000_000050,06,"crate (gray, upright)",standard objects,22.0,65.81,65.87,62.93,63.97
04_Maurener_Weg_8_000000_000060,04,crate (gray),standard objects,11.0,54.43,62.48,59.79,60.9
04_Maurener_Weg_8_000000_000060,05,"crate (gray, 2x stacked)",standard objects,14.0,64.3,75.95,68.53,70.71
04_Maurener_Weg_8_000000_000060,06,"crate (gray, upright)",standard objects,24.0,63.29,59.88,58.42,58.87
04_Maurener_Weg_8_000000_000070,04,crate (gray),standard objects,11.0,51.21,55.02,52.3,53.33
04_Maurener_Weg_8_000000_000070,05,"crate (gray, 2x stacked)",standard objects,14.0,60.84,69.49,63.3,65.23
04_Maurener_Weg_8_000000_000070,06,"crate (gray, upright)",standard objects,25.0,59.39,58.5,56.5,57.33
04_Maurener_Weg_8_000000_000080,04,crate (gray),standard objects,11.0,47.49,50.2,47.78,48.67
04_Maurener_Weg_8_000000_000080,05,"crate (gray, 2x stacked)",standard objects,15.0,55.74,59.36,54.65,56.03
04_Maurener_Weg_8_000000_000080,06,"crate (gray, upright)",standard objects,28.0,54.06,55.71,53.34,54.36
04_Maurener_Weg_8_000000_000090,04,crate (gray),standard objects,13.0,42.58,43.93,41.49,42.38
04_Maurener_Weg_8_000000_000090,05,"crate (gray, 2x stacked)",standard objects,18.0,51.78,58.71,49.74,52.05
04_Maurener_Weg_8_000000_000090,06,"crate (gray, upright)",standard objects,28.0,51.57,48.86,46.77,47.62
04_Maurener_Weg_8_000000_000100,04,crate (gray),standard objects,14.0,36.89,40.3,37.85,38.71
04_Maurener_Weg_8_000000_000100,05,"crate (gray, 2x stacked)",standard objects,19.0,48.86,51.38,46.3,47.65
04_Maurener_Weg_8_000000_000100,06,"crate (gray, upright)",standard objects,31.0,47.28,45.99,44.32,45.02
04_Maurener_Weg_8_000000_000110,04,crate (gray),standard objects,18.0,32.78,36.32,33.74,34.61
04_Maurener_Weg_8_000000_000110,05,"crate (gray, 2x stacked)",standard objects,20.0,42.43,44.52,40.35,41.38
04_Maurener_Weg_8_000000_000110,06,"crate (gray, upright)",standard objects,34.0,42.64,39.55,38.42,38.74
04_Maurener_Weg_8_000000_000120,04,crate (gray),standard objects,20.0,28.44,31.98,29.68,30.44
04_Maurener_Weg_8_000000_000120,05,"crate (gray, 2x stacked)",standard objects,25.0,37.88,39.02,37.45,38.11
04_Maurener_Weg_8_000000_000120,06,"crate (gray, upright)",standard objects,37.0,36.65,38.31,36.43,36.75
04_Maurener_Weg_8_000000_000130,04,crate (gray),standard objects,24.0,24.69,26.49,25.27,25.62
04_Maurener_Weg_8_000000_000130,05,"crate (gray, 2x stacked)",standard objects,26.0,34.75,34.18,32.6,33.04
04_Maurener_Weg_8_000000_000130,06,"crate (gray, upright)",standard objects,44.0,32.38,29.96,29.13,29.25
04_Maurener_Weg_8_000000_000140,04,crate (gray),standard objects,28.0,20.67,21.48,20.64,20.85
04_Maurener_Weg_8_000000_000140,05,"crate (gray, 2x stacked)",standard objects,29.0,30.43,29.13,28.23,28.46
04_Maurener_Weg_8_000000_000140,06,"crate (gray, upright)",standard objects,51.0,28.35,28.09,27.05,27.31
04_Maurener_Weg_8_000000_000150,04,crate (gray),standard objects,35.0,16.61,17.14,16.83,16.94
04_Maurener_Weg_8_000000_000150,05,"crate (gray, 2x stacked)",standard objects,34.0,25.85,25.18,24.54,24.74
04_Maurener_Weg_8_000000_000150,06,"crate (gray, upright)",standard objects,60.0,24.26,23.97,23.13,23.4
04_Maurener_Weg_8_000000_000160,04,crate (gray),standard objects,41.0,12.79,13.71,13.39,13.51
04_Maurener_Weg_8_000000_000160,05,"crate (gray, 2x stacked)",standard objects,40.0,22.6,22.62,21.93,22.18
04_Maurener_Weg_8_000000_000160,06,"crate (gray, upright)",standard objects,71.0,19.69,20.34,20.01,20.12
04_Maurener_Weg_8_000000_000170,04,crate (gray),standard objects,65.0,9.15,9.86,9.64,9.72
04_Maurener_Weg_8_000000_000170,05,"crate (gray, 2x stacked)",standard objects,45.0,18.5,19.92,19.5,19.66
04_Maurener_Weg_8_000000_000170,06,"crate (gray, upright)",standard objects,90.0,15.98,16.48,16.21,16.3
04_Maurener_Weg_8_000000_000180,05,"crate (gray, 2x stacked)",standard objects,56.0,15.01,16.65,16.34,16.49
04_Maurener_Weg_8_000000_000180,06,"crate (gray, upright)",standard objects,110.0,12.63,13.26,13.17,13.21
04_Maurener_Weg_8_000000_000190,05,"crate (gray, 2x stacked)",standard objects,70.0,12.06,12.35,12.16,12.22
04_Maurener_Weg_8_000000_000190,06,"crate (gray, upright)",standard objects,150.0,9.65,9.84,9.75,9.79
04_Maurener_Weg_8_000000_000200,05,"crate (gray, 2x stacked)",standard objects,92.0,9.71,9.98,9.78,9.87
04_Maurener_Weg_8_000000_000200,06,"crate (gray, upright)",standard objects,201.0,7.22,7.42,7.28,7.36
04_Maurener_Weg_8_000001_000030,03,"crate (black, upright)",standard objects,12.0,71.48,71.57,64.84,67.37
04_Maurener_Weg_8_000001_000030,03,"crate (black, upright)",standard objects,9.0,81.02,81.14,76.01,77.64
04_Maurener_Weg_8_000001_000030,02,"crate (black, 2x stacked)",standard objects,15.0,74.35,71.13,66.87,68.87
04_Maurener_Weg_8_000001_000040,03,"crate (black, upright)",standard objects,11.0,66.52,68.41,62.45,64.84
04_Maurener_Weg_8_000001_000040,03,"crate (black, upright)",standard objects,9.0,79.72,74.89,71.54,72.67
04_Maurener_Weg_8_000001_000040,02,"crate (black, 2x stacked)",standard objects,15.0,73.41,65.11,63.34,64.0
04_Maurener_Weg_8_000001_000050,03,"crate (black, upright)",standard objects,11.0,66.25,59.3,54.35,56.28
04_Maurener_Weg_8_000001_000050,03,"crate (black, upright)",standard objects,9.0,77.84,64.48,61.78,62.69
04_Maurener_Weg_8_000001_000050,02,"crate (black, 2x stacked)",standard objects,16.0,71.11,54.48,53.0,53.55
04_Maurener_Weg_8_000001_000060,03,"crate (black, upright)",standard objects,13.0,65.15,58.04,53.75,55.18
04_Maurener_Weg_8_000001_000060,03,"crate (black, upright)",standard objects,10.0,74.69,65.75,62.01,63.3
04_Maurener_Weg_8_000001_000060,02,"crate (black, 2x stacked)",standard objects,17.0,68.76,53.5,51.55,52.11
04_Maurener_Weg_8_000001_000070,03,"crate (black, upright)",standard objects,13.0,59.25,56.84,52.77,54.26
04_Maurener_Weg_8_000001_000070,03,"crate (black, upright)",standard objects,11.0,69.89,66.41,62.18,63.57
04_Maurener_Weg_8_000001_000070,02,"crate (black, 2x stacked)",standard objects,18.0,64.49,57.3,53.72,55.05
04_Maurener_Weg_8_000001_000080,03,"crate (black, upright)",standard objects,13.0,54.8,56.25,50.86,52.42
04_Maurener_Weg_8_000001_000080,03,"crate (black, upright)",standard objects,12.0,64.92,71.4,64.8,67.1
04_Maurener_Weg_8_000001_000080,02,"crate (black, 2x stacked)",standard objects,19.0,62.16,54.21,51.98,52.6
04_Maurener_Weg_8_000001_000090,03,"crate (black, upright)",standard objects,17.0,52.86,52.57,47.8,49.48
04_Maurener_Weg_8_000001_000090,03,"crate (black, upright)",standard objects,12.0,62.43,65.18,60.59,62.17
04_Maurener_Weg_8_000001_000090,02,"crate (black, 2x stacked)",standard objects,19.0,58.16,55.17,53.21,53.92
04_Maurener_Weg_8_000001_000100,03,"crate (black, upright)",standard objects,16.0,49.74,50.16,45.17,46.61
04_Maurener_Weg_8_000001_000100,03,"crate (black, upright)",standard objects,14.0,60.56,63.64,56.77,58.82
04_Maurener_Weg_8_000001_000100,02,"crate (black, 2x stacked)",standard objects,20.0,54.31,53.19,50.93,51.84
04_Maurener_Weg_8_000001_000110,03,"crate (black, upright)",standard objects,19.0,43.87,49.48,44.95,46.25
04_Maurener_Weg_8_000001_000110,03,"crate (black, upright)",standard objects,13.0,57.2,58.47,54.39,55.61
04_Maurener_Weg_8_000001_000110,02,"crate (black, 2x stacked)",standard objects,20.0,49.52,48.08,46.93,47.3
04_Maurener_Weg_8_000001_000120,03,"crate (black, upright)",standard objects,22.0,40.13,43.62,38.68,40.36
04_Maurener_Weg_8_000001_000120,03,"crate (black, upright)",standard objects,13.0,51.33,55.67,50.9,52.43
04_Maurener_Weg_8_000001_000120,02,"crate (black, 2x stacked)",standard objects,23.0,46.84,43.06,42.14,42.39
04_Maurener_Weg_8_000001_000130,03,"crate (black, upright)",standard objects,23.0,36.42,39.19,34.94,36.03
04_Maurener_Weg_8_000001_000130,03,"crate (black, upright)",standard objects,15.0,48.13,51.94,47.56,48.91
04_Maurener_Weg_8_000001_000130,02,"crate (black, 2x stacked)",standard objects,26.0,42.43,38.88,37.8,38.16
04_Maurener_Weg_8_000001_000140,03,"crate (black, upright)",standard objects,30.0,32.02,33.55,30.92,31.44
04_Maurener_Weg_8_000001_000140,03,"crate (black, upright)",standard objects,16.0,43.28,44.07,40.97,42.01
04_Maurener_Weg_8_000001_000140,02,"crate (black, 2x stacked)",standard objects,29.0,37.24,35.1,34.24,34.55
04_Maurener_Weg_8_000001_000150,03,"crate (black, upright)",standard objects,26.0,27.6,28.23,27.06,27.47
04_Maurener_Weg_8_000001_000150,03,"crate (black, upright)",standard objects,17.0,39.84,37.99,36.78,37.07
04_Maurener_Weg_8_000001_000150,02,"crate (black, 2x stacked)",standard objects,32.0,34.11,32.39,31.48,31.86
04_Maurener_Weg_8_000001_000160,03,"crate (black, upright)",standard objects,31.0,22.9,23.6,22.89,23.16
04_Maurener_Weg_8_000001_000160,03,"crate (black, upright)",standard objects,21.0,35.07,35.24,33.79,34.13
04_Maurener_Weg_8_000001_000160,02,"crate (black, 2x stacked)",standard objects,39.0,28.58,27.58,27.23,27.46
04_Maurener_Weg_8_000001_000170,03,"crate (black, upright)",standard objects,37.0,18.45,20.2,19.68,19.86
04_Maurener_Weg_8_000001_000170,03,"crate (black, upright)",standard objects,25.0,30.81,31.92,31.39,31.49
04_Maurener_Weg_8_000001_000170,02,"crate (black, 2x stacked)",standard objects,43.0,24.93,25.1,24.64,24.86
04_Maurener_Weg_8_000001_000180,03,"crate (black, upright)",standard objects,50.0,14.46,15.52,15.19,15.38
04_Maurener_Weg_8_000001_000180,03,"crate (black, upright)",standard objects,27.0,25.69,28.02,27.61,27.77
04_Maurener_Weg_8_000001_000180,02,"crate (black, 2x stacked)",standard objects,53.0,20.41,20.43,20.21,20.27
04_Maurener_Weg_8_000001_000190,03,"crate (black, upright)",standard objects,67.0,10.43,10.75,10.6,10.66
04_Maurener_Weg_8_000001_000190,03,"crate (black, upright)",standard objects,32.0,21.87,23.26,22.8,22.92
04_Maurener_Weg_8_000001_000190,02,"crate (black, 2x stacked)",standard objects,71.0,16.08,16.21,16.11,16.16
04_Maurener_Weg_8_000001_000200,03,"crate (black, upright)",standard objects,110.0,6.65,7.07,6.98,7.04
04_Maurener_Weg_8_000001_000200,03,"crate (black, upright)",standard objects,38.0,18.1,19.69,19.56,19.61
04_Maurener_Weg_8_000001_000200,02,"crate (black, 2x stacked)",standard objects,91.0,12.47,12.86,12.79,12.83
04_Maurener_Weg_8_000001_000210,03,"crate (black, upright)",standard objects,48.0,14.97,16.29,16.07,16.2
04_Maurener_Weg_8_000001_000210,02,"crate (black, 2x stacked)",standard objects,122.0,9.33,9.36,9.25,9.3
04_Maurener_Weg_8_000002_000010,04,crate (gray),standard objects,10.0,39.04,46.47,43.94,45.02
04_Maurener_Weg_8_000002_000010,05,"crate (gray, 2x stacked)",standard objects,20.0,42.06,50.73,45.11,47.07
04_Maurener_Weg_8_000002_000010,06,"crate (gray, upright)",standard objects,29.0,53.97,48.65,48.38,48.5
04_Maurener_Weg_8_000002_000020,04,crate (gray),standard objects,11.0,38.2,46.21,43.16,44.31
04_Maurener_Weg_8_000002_000020,05,"crate (gray, 2x stacked)",standard objects,18.0,41.68,48.61,43.94,45.55
04_Maurener_Weg_8_000002_000020,06,"crate (gray, upright)",standard objects,31.0,52.37,55.88,53.22,54.77
04_Maurener_Weg_8_000002_000030,04,crate (gray),standard objects,11.0,37.19,45.68,42.41,43.65
04_Maurener_Weg_8_000002_000030,05,"crate (gray, 2x stacked)",standard objects,21.0,40.92,49.88,44.28,46.27
04_Maurener_Weg_8_000002_000030,06,"crate (gray, upright)",standard objects,30.0,52.76,49.93,48.86,49.32
04_Maurener_Weg_8_000002_000040,04,crate (gray),standard objects,10.0,36.57,43.4,40.63,41.49
04_Maurener_Weg_8_000002_000040,05,"crate (gray, 2x stacked)",standard objects,19.0,39.21,45.17,40.78,42.35
04_Maurener_Weg_8_000002_000040,06,"crate (gray, upright)",standard objects,33.0,51.7,55.2,50.84,53.01
04_Maurener_Weg_8_000002_000050,04,crate (gray),standard objects,12.0,34.24,38.6,36.52,37.28
04_Maurener_Weg_8_000002_000050,05,"crate (gray, 2x stacked)",standard objects,21.0,36.61,42.74,38.69,40.02
04_Maurener_Weg_8_000002_000050,06,"crate (gray, upright)",standard objects,34.0,45.4,52.0,46.85,49.38
04_Maurener_Weg_8_000002_000060,04,crate (gray),standard objects,12.0,31.64,37.04,34.95,35.71
04_Maurener_Weg_8_000002_000060,05,"crate (gray, 2x stacked)",standard objects,21.0,34.46,40.18,36.45,37.73
04_Maurener_Weg_8_000002_000060,06,"crate (gray, upright)",standard objects,36.0,44.07,41.5,41.06,41.18
04_Maurener_Weg_8_000002_000070,04,crate (gray),standard objects,15.0,28.81,35.59,32.88,33.88
04_Maurener_Weg_8_000002_000070,05,"crate (gray, 2x stacked)",standard objects,21.0,31.45,37.82,34.16,35.41
04_Maurener_Weg_8_000002_000070,06,"crate (gray, upright)",standard objects,37.0,40.05,44.95,42.82,43.67
04_Maurener_Weg_8_000002_000080,04,crate (gray),standard objects,15.0,25.97,31.27,29.42,30.07
04_Maurener_Weg_8_000002_000080,05,"crate (gray, 2x stacked)",standard objects,26.0,28.26,32.85,30.1,31.09
04_Maurener_Weg_8_000002_000080,06,"crate (gray, upright)",standard objects,43.0,36.7,36.18,35.33,35.55
04_Maurener_Weg_8_000002_000090,04,crate (gray),standard objects,17.0,22.75,24.72,23.74,24.05
04_Maurener_Weg_8_000002_000090,05,"crate (gray, 2x stacked)",standard objects,32.0,25.02,27.44,24.91,25.82
04_Maurener_Weg_8_000002_000090,06,"crate (gray, upright)",standard objects,43.0,32.06,31.14,30.71,30.88
04_Maurener_Weg_8_000002_000100,04,crate (gray),standard objects,24.0,19.19,20.07,19.65,19.84
04_Maurener_Weg_8_000002_000100,05,"crate (gray, 2x stacked)",standard objects,34.0,21.35,21.37,20.87,21.1
04_Maurener_Weg_8_000002_000100,06,"crate (gray, upright)",standard objects,55.0,28.37,28.03,27.56,27.75
04_Maurener_Weg_8_000002_000110,04,crate (gray),standard objects,32.0,15.37,15.6,15.43,15.52
04_Maurener_Weg_8_000002_000110,05,"crate (gray, 2x stacked)",standard objects,43.0,18.0,17.38,17.22,17.28
04_Maurener_Weg_8_000002_000110,06,"crate (gray, upright)",standard objects,57.0,24.03,23.97,23.6,23.82
04_Maurener_Weg_8_000002_000120,04,crate (gray),standard objects,39.0,11.76,12.32,12.14,12.22
04_Maurener_Weg_8_000002_000120,05,"crate (gray, 2x stacked)",standard objects,58.0,14.18,14.02,13.9,13.95
04_Maurener_Weg_8_000002_000120,06,"crate (gray, upright)",standard objects,70.0,19.9,19.88,19.76,19.83
04_Maurener_Weg_8_000002_000130,04,crate (gray),standard objects,64.0,8.39,8.62,8.52,8.55
04_Maurener_Weg_8_000002_000130,05,"crate (gray, 2x stacked)",standard objects,74.0,10.93,11.1,11.01,11.06
04_Maurener_Weg_8_000002_000130,06,"crate (gray, upright)",standard objects,85.0,16.67,17.17,17.06,17.13
04_Maurener_Weg_8_000002_000140,05,"crate (gray, 2x stacked)",standard objects,102.0,8.19,8.47,8.42,8.43
04_Maurener_Weg_8_000002_000140,06,"crate (gray, upright)",standard objects,96.0,13.97,14.63,14.52,14.58
04_Maurener_Weg_8_000002_000150,05,"crate (gray, 2x stacked)",standard objects,130.0,6.5,6.75,6.66,6.71
04_Maurener_Weg_8_000002_000150,06,"crate (gray, upright)",standard objects,112.0,12.11,12.66,12.56,12.62
04_Maurener_Weg_8_000003_000010,03,"crate (black, upright)",standard objects,20.0,32.8,35.72,34.83,35.08
04_Maurener_Weg_8_000003_000010,02,"crate (black, 2x stacked)",standard objects,30.0,38.22,41.01,40.02,40.32
04_Maurener_Weg_8_000003_000010,01,crate (black),standard objects,16.0,46.87,46.5,46.23,46.29
04_Maurener_Weg_8_000003_000020,03,"crate (black, upright)",standard objects,22.0,32.32,35.06,34.21,34.46
04_Maurener_Weg_8_000003_000020,02,"crate (black, 2x stacked)",standard objects,29.0,37.88,41.54,40.46,40.89
04_Maurener_Weg_8_000003_000020,01,crate (black),standard objects,17.0,45.43,47.79,47.36,47.48
04_Maurener_Weg_8_000003_000030,03,"crate (black, upright)",standard objects,22.0,31.8,33.64,32.82,33.1
04_Maurener_Weg_8_000003_000030,02,"crate (black, 2x stacked)",standard objects,30.0,36.65,38.37,37.28,37.58
04_Maurener_Weg_8_000003_000030,01,crate (black),standard objects,16.0,44.8,48.86,48.48,48.6
04_Maurener_Weg_8_000003_000040,03,"crate (black, upright)",standard objects,23.0,30.95,32.05,31.23,31.47
04_Maurener_Weg_8_000003_000040,02,"crate (black, 2x stacked)",standard objects,31.0,36.01,36.02,35.36,35.53
04_Maurener_Weg_8_000003_000040,01,crate (black),standard objects,17.0,43.07,43.41,43.21,43.29
04_Maurener_Weg_8_000003_000050,03,"crate (black, upright)",standard objects,24.0,28.21,28.96,28.57,28.67
04_Maurener_Weg_8_000003_000050,02,"crate (black, 2x stacked)",standard objects,32.0,33.86,32.31,31.73,31.84
04_Maurener_Weg_8_000003_000050,01,crate (black),standard objects,18.0,41.91,40.75,40.34,40.48
04_Maurener_Weg_8_000003_000060,03,"crate (black, upright)",standard objects,26.0,26.12,27.97,27.47,27.62
04_Maurener_Weg_8_000003_000060,02,"crate (black, 2x stacked)",standard objects,35.0,31.34,32.46,31.41,31.77
04_Maurener_Weg_8_000003_000060,01,crate (black),standard objects,20.0,39.46,41.25,40.82,40.92
04_Maurener_Weg_8_000003_000070,02,"crate (black, 2x stacked)",standard objects,37.0,28.18,27.19,26.94,27.02
04_Maurener_Weg_8_000003_000070,03,"crate (black, upright)",standard objects,31.0,23.02,23.22,22.61,22.87
04_Maurener_Weg_8_000003_000070,01,crate (black),standard objects,22.0,36.02,35.87,35.31,35.48
04_Maurener_Weg_8_000003_000080,03,"crate (black, upright)",standard objects,36.0,19.89,20.31,19.88,20.06
04_Maurener_Weg_8_000003_000080,02,"crate (black, 2x stacked)",standard objects,43.0,25.15,24.73,24.17,24.33
04_Maurener_Weg_8_000003_000080,01,crate (black),standard objects,25.0,32.47,33.25,32.86,32.99
04_Maurener_Weg_8_000003_000090,03,"crate (black, upright)",standard objects,42.0,16.64,17.16,16.92,17.03
04_Maurener_Weg_8_000003_000090,02,"crate (black, 2x stacked)",standard objects,49.0,21.29,21.69,21.35,21.5
04_Maurener_Weg_8_000003_000090,01,crate (black),standard objects,27.0,29.14,31.51,31.05,31.26
04_Maurener_Weg_8_000003_000100,03,"crate (black, upright)",standard objects,55.0,12.72,13.06,12.95,13.01
04_Maurener_Weg_8_000003_000100,02,"crate (black, 2x stacked)",standard objects,59.0,17.92,17.79,17.58,17.7
04_Maurener_Weg_8_000003_000100,01,crate (black),standard objects,30.0,25.44,25.87,25.56,25.65
04_Maurener_Weg_8_000003_000110,03,"crate (black, upright)",standard objects,76.0,9.28,9.75,9.62,9.67
04_Maurener_Weg_8_000003_000110,02,"crate (black, 2x stacked)",standard objects,75.0,14.19,14.43,14.24,14.35
04_Maurener_Weg_8_000003_000110,01,crate (black),standard objects,36.0,22.09,23.06,22.66,22.88
04_Maurener_Weg_8_000003_000120,02,"crate (black, 2x stacked)",standard objects,93.0,11.11,11.54,11.39,11.45
04_Maurener_Weg_8_000003_000120,01,crate (black),standard objects,40.0,18.92,19.77,19.57,19.66
04_Maurener_Weg_8_000003_000130,02,"crate (black, 2x stacked)",standard objects,122.0,8.62,8.69,8.6,8.64
04_Maurener_Weg_8_000003_000130,01,crate (black),standard objects,50.0,16.18,16.66,16.52,16.6
04_Maurener_Weg_8_000003_000140,02,"crate (black, 2x stacked)",standard objects,153.0,6.94,7.0,6.89,6.96
04_Maurener_Weg_8_000003_000140,01,crate (black),standard objects,58.0,14.57,15.13,14.84,15.05
04_Maurener_Weg_8_000004_000020,15,euro pallet,random hazards,11.0,53.26,62.97,56.52,59.19
04_Maurener_Weg_8_000004_000030,15,euro pallet,random hazards,11.0,53.17,61.75,56.68,58.4
04_Maurener_Weg_8_000004_000040,15,euro pallet,random hazards,12.0,53.19,55.48,51.17,52.58
04_Maurener_Weg_8_000004_000050,15,euro pallet,random hazards,12.0,52.84,53.88,50.12,51.56
04_Maurener_Weg_8_000004_000060,15,euro pallet,random hazards,12.0,51.55,52.85,48.8,50.65
04_Maurener_Weg_8_000004_000070,15,euro pallet,random hazards,12.0,51.57,57.79,51.25,53.56
04_Maurener_Weg_8_000004_000080,15,euro pallet,random hazards,13.0,50.15,55.88,49.1,51.67
04_Maurener_Weg_8_000004_000090,15,euro pallet,random hazards,12.0,48.42,49.31,43.42,45.11
04_Maurener_Weg_8_000004_000100,15,euro pallet,random hazards,15.0,44.79,50.78,46.31,47.97
04_Maurener_Weg_8_000004_000110,15,euro pallet,random hazards,13.0,42.32,42.34,39.77,40.76
04_Maurener_Weg_8_000004_000120,15,euro pallet,random hazards,12.0,39.86,39.76,37.16,38.05
04_Maurener_Weg_8_000004_000130,15,euro pallet,random hazards,14.0,36.33,36.51,34.19,34.98
04_Maurener_Weg_8_000004_000140,15,euro pallet,random hazards,17.0,32.34,34.77,31.91,32.73
04_Maurener_Weg_8_000004_000150,15,euro pallet,random hazards,20.0,28.47,32.7,30.27,31.17
04_Maurener_Weg_8_000004_000160,15,euro pallet,random hazards,23.0,25.4,26.61,24.84,25.45
04_Maurener_Weg_8_000004_000160,21,ball,emotional hazards,40.0,14.07,15.3,14.87,15.02
04_Maurener_Weg_8_000004_000170,15,euro pallet,random hazards,27.0,21.72,24.16,22.15,22.88
04_Maurener_Weg_8_000004_000170,21,ball,emotional hazards,45.0,10.92,12.31,11.98,12.13
04_Maurener_Weg_8_000004_000180,15,euro pallet,random hazards,34.0,18.38,19.98,18.66,19.15
04_Maurener_Weg_8_000004_000190,15,euro pallet,random hazards,46.0,14.7,15.52,14.42,14.88
04_Maurener_Weg_8_000004_000200,15,euro pallet,random hazards,60.0,11.23,11.59,11.1,11.31
04_Maurener_Weg_8_000004_000210,15,euro pallet,random hazards,93.0,8.47,8.69,8.22,8.41
04_Maurener_Weg_8_000005_000010,16,pylon,random hazards,16.0,49.86,58.03,52.53,54.42
04_Maurener_Weg_8_000005_000010,18,pylon (white),random hazards,18.0,48.18,55.65,52.69,53.96
04_Maurener_Weg_8_000005_000020,16,pylon,random hazards,15.0,49.36,56.42,51.08,52.93
04_Maurener_Weg_8_000005_000020,18,pylon (white),random hazards,19.0,47.7,59.3,54.94,56.57
04_Maurener_Weg_8_000005_000030,16,pylon,random hazards,16.0,48.24,59.97,54.06,56.3
04_Maurener_Weg_8_000005_000030,18,pylon (white),random hazards,19.0,47.6,56.43,52.15,53.99
04_Maurener_Weg_8_000005_000040,16,pylon,random hazards,16.0,47.9,52.84,49.39,50.47
04_Maurener_Weg_8_000005_000040,18,pylon (white),random hazards,17.0,46.25,48.52,46.96,47.58
04_Maurener_Weg_8_000005_000050,16,pylon,random hazards,16.0,47.6,51.41,48.03,49.48
04_Maurener_Weg_8_000005_000050,18,pylon (white),random hazards,17.0,46.05,47.73,45.35,46.34
04_Maurener_Weg_8_000005_000060,16,pylon,random hazards,15.0,46.52,52.59,48.93,50.43
04_Maurener_Weg_8_000005_000060,18,pylon (white),random hazards,18.0,44.52,51.2,47.58,48.96
04_Maurener_Weg_8_000005_000070,16,pylon,random hazards,15.0,44.71,55.98,50.73,52.54
04_Maurener_Weg_8_000005_000070,18,pylon (white),random hazards,20.0,42.29,50.06,47.24,48.53
04_Maurener_Weg_8_000005_000080,16,pylon,random hazards,17.0,43.74,51.62,46.85,48.43
04_Maurener_Weg_8_000005_000080,18,pylon (white),random hazards,19.0,41.69,50.9,46.52,47.97
04_Maurener_Weg_8_000005_000090,16,pylon,random hazards,19.0,41.92,48.14,45.14,46.2
04_Maurener_Weg_8_000005_000090,18,pylon (white),random hazards,22.0,39.46,45.24,41.95,43.22
04_Maurener_Weg_8_000005_000100,18,pylon (white),random hazards,22.0,36.82,45.6,41.1,42.5
04_Maurener_Weg_8_000005_000100,16,pylon,random hazards,19.0,40.77,47.48,42.26,43.83
04_Maurener_Weg_8_000005_000110,18,pylon (white),random hazards,24.0,34.89,39.52,37.42,38.06
04_Maurener_Weg_8_000005_000110,16,pylon,random hazards,20.0,37.73,40.72,36.2,37.36
04_Maurener_Weg_8_000005_000120,18,pylon (white),random hazards,25.0,31.58,36.32,33.94,34.87
04_Maurener_Weg_8_000005_000120,16,pylon,random hazards,20.0,34.7,38.5,36.22,36.93
04_Maurener_Weg_8_000005_000130,18,pylon (white),random hazards,28.0,28.31,34.19,31.64,32.46
04_Maurener_Weg_8_000005_000130,16,pylon,random hazards,20.0,31.33,33.46,30.66,31.39
04_Maurener_Weg_8_000005_000140,18,pylon (white),random hazards,32.0,25.37,30.41,28.47,29.24
04_Maurener_Weg_8_000005_000140,16,pylon,random hazards,25.0,27.77,29.98,28.47,28.97
04_Maurener_Weg_8_000005_000150,18,pylon (white),random hazards,38.0,21.77,24.27,22.86,23.44
04_Maurener_Weg_8_000005_000150,16,pylon,random hazards,30.0,24.51,25.4,24.36,24.68
04_Maurener_Weg_8_000005_000160,18,pylon (white),random hazards,43.0,18.04,19.36,18.29,18.64
04_Maurener_Weg_8_000005_000160,16,pylon,random hazards,35.0,20.54,20.85,19.99,20.32
04_Maurener_Weg_8_000005_000170,18,pylon (white),random hazards,57.0,14.29,15.56,14.9,15.16
04_Maurener_Weg_8_000005_000170,16,pylon,random hazards,44.0,16.79,17.23,16.44,16.65
04_Maurener_Weg_8_000005_000180,16,pylon,random hazards,52.0,13.88,14.36,13.85,14.01
04_Maurener_Weg_8_000005_000180,18,pylon (white),random hazards,70.0,11.34,12.19,11.71,11.92
04_Maurener_Weg_8_000005_000190,18,pylon (white),random hazards,87.0,9.25,9.79,9.5,9.61
04_Maurener_Weg_8_000005_000190,16,pylon,random hazards,61.0,11.81,12.1,11.83,11.94
04_Maurener_Weg_8_000005_000200,18,pylon (white),random hazards,96.0,8.06,8.6,8.3,8.44
04_Maurener_Weg_8_000005_000200,16,pylon,random hazards,72.0,10.58,10.91,10.68,10.76
04_Maurener_Weg_8_000006_000020,18,pylon (white),random hazards,12.0,45.87,51.84,49.15,49.94
04_Maurener_Weg_8_000006_000030,18,pylon (white),random hazards,13.0,45.42,49.16,46.35,47.1
04_Maurener_Weg_8_000006_000040,18,pylon (white),random hazards,12.0,44.14,48.04,45.34,46.39
04_Maurener_Weg_8_000006_000050,18,pylon (white),random hazards,13.0,42.39,46.02,43.81,44.65
04_Maurener_Weg_8_000006_000060,18,pylon (white),random hazards,14.0,40.02,46.3,43.58,44.69
04_Maurener_Weg_8_000006_000070,18,pylon (white),random hazards,14.0,37.06,40.52,37.94,38.86
04_Maurener_Weg_8_000006_000080,18,pylon (white),random hazards,18.0,34.22,35.82,33.81,34.44
04_Maurener_Weg_8_000006_000090,18,pylon (white),random hazards,20.0,30.45,32.44,30.61,31.28
04_Maurener_Weg_8_000006_000100,18,pylon (white),random hazards,24.0,26.46,29.55,27.51,28.19
04_Maurener_Weg_8_000006_000110,18,pylon (white),random hazards,29.0,22.5,24.65,23.7,24.05
04_Maurener_Weg_8_000006_000120,18,pylon (white),random hazards,30.0,18.18,18.4,17.97,18.15
04_Maurener_Weg_8_000006_000130,18,pylon (white),random hazards,38.0,14.28,14.81,14.42,14.58
04_Maurener_Weg_8_000006_000150,18,pylon (white),random hazards,63.0,8.48,8.93,8.67,8.8
04_Maurener_Weg_8_000007_000020,25,kid dummy,emotional hazards,10.0,61.81,64.03,62.32,63.05
04_Maurener_Weg_8_000007_000020,21,ball,emotional hazards,10.0,65.08,65.18,64.1,64.86
04_Maurener_Weg_8_000007_000030,25,kid dummy,emotional hazards,9.0,59.63,56.24,55.27,55.67
04_Maurener_Weg_8_000007_000030,21,ball,emotional hazards,10.0,60.81,57.25,55.87,56.51
04_Maurener_Weg_8_000007_000040,25,kid dummy,emotional hazards,10.0,57.53,62.58,60.57,61.47
04_Maurener_Weg_8_000007_000040,21,ball,emotional hazards,8.0,58.21,64.62,63.66,64.16
04_Maurener_Weg_8_000007_000050,25,kid dummy,emotional hazards,10.0,55.05,57.26,55.24,56.04
04_Maurener_Weg_8_000007_000050,21,ball,emotional hazards,11.0,55.1,58.87,57.12,57.96
04_Maurener_Weg_8_000007_000060,25,kid dummy,emotional hazards,8.0,51.23,56.6,54.24,55.32
04_Maurener_Weg_8_000007_000060,21,ball,emotional hazards,10.0,51.04,59.92,56.54,57.79
04_Maurener_Weg_8_000007_000070,25,kid dummy,emotional hazards,8.0,47.56,51.55,49.46,50.27
04_Maurener_Weg_8_000007_000070,21,ball,emotional hazards,11.0,47.79,54.31,49.97,51.43
04_Maurener_Weg_8_000007_000080,25,kid dummy,emotional hazards,9.0,42.68,44.76,43.08,43.78
04_Maurener_Weg_8_000007_000080,21,ball,emotional hazards,13.0,42.98,46.95,44.17,45.11
04_Maurener_Weg_8_000007_000090,25,kid dummy,emotional hazards,10.0,37.52,42.47,40.64,41.36
04_Maurener_Weg_8_000007_000090,21,ball,emotional hazards,15.0,37.04,44.97,41.58,42.64
04_Maurener_Weg_8_000007_000100,25,kid dummy,emotional hazards,11.0,32.66,37.25,35.82,36.3
04_Maurener_Weg_8_000007_000100,21,ball,emotional hazards,15.0,32.42,39.19,36.67,37.51
04_Maurener_Weg_8_000007_000110,25,kid dummy,emotional hazards,12.0,27.93,30.47,29.76,30.01
04_Maurener_Weg_8_000007_000110,21,ball,emotional hazards,19.0,27.65,30.82,29.64,29.92
04_Maurener_Weg_8_000007_000120,25,kid dummy,emotional hazards,15.0,22.79,24.28,23.67,23.92
04_Maurener_Weg_8_000007_000120,21,ball,emotional hazards,22.0,22.85,24.91,23.9,24.18
04_Maurener_Weg_8_000007_000130,25,kid dummy,emotional hazards,19.0,18.15,19.47,19.0,19.15
04_Maurener_Weg_8_000007_000130,21,ball,emotional hazards,27.0,18.02,19.41,19.02,19.15
04_Maurener_Weg_8_000007_000140,25,kid dummy,emotional hazards,24.0,13.94,15.08,14.57,14.83
04_Maurener_Weg_8_000007_000140,21,ball,emotional hazards,36.0,13.87,14.66,14.52,14.55
04_Maurener_Weg_8_000007_000150,25,kid dummy,emotional hazards,35.0,10.28,11.09,10.88,10.95
04_Maurener_Weg_8_000007_000150,21,ball,emotional hazards,51.0,10.09,10.92,10.84,10.86
04_Maurener_Weg_8_000007_000160,25,kid dummy,emotional hazards,48.0,7.37,8.35,8.17,8.23
04_Maurener_Weg_8_000007_000160,21,ball,emotional hazards,68.0,7.21,8.22,8.15,8.17
04_Maurener_Weg_8_000007_000170,25,kid dummy,emotional hazards,66.0,5.56,6.36,6.22,6.27
04_Maurener_Weg_8_000007_000170,21,ball,emotional hazards,94.0,5.37,6.25,6.22,6.23
04_Maurener_Weg_8_000008_000020,31,plastic bag (bloated),random hazards,8.0,59.36,63.19,60.6,61.53
04_Maurener_Weg_8_000008_000020,11,crate (green),random hazards,12.0,66.7,64.96,62.4,63.59
04_Maurener_Weg_8_000008_000020,31,plastic bag (bloated),random hazards,8.0,56.65,45.32,44.93,45.13
04_Maurener_Weg_8_000008_000030,11,crate (green),random hazards,11.0,67.71,63.16,60.55,60.95
04_Maurener_Weg_8_000008_000030,31,plastic bag (bloated),random hazards,9.0,58.74,57.18,54.77,55.71
04_Maurener_Weg_8_000008_000030,31,plastic bag (bloated),random hazards,7.0,55.96,44.61,44.2,44.35
04_Maurener_Weg_8_000008_000040,11,crate (green),random hazards,13.0,64.85,61.42,60.26,60.42
04_Maurener_Weg_8_000008_000040,31,plastic bag (bloated),random hazards,9.0,54.96,57.43,55.33,56.1
04_Maurener_Weg_8_000008_000040,31,plastic bag (bloated),random hazards,9.0,52.89,42.29,42.21,42.23
04_Maurener_Weg_8_000008_000050,11,crate (green),random hazards,14.0,62.1,55.25,53.36,53.73
04_Maurener_Weg_8_000008_000050,31,plastic bag (bloated),random hazards,12.0,48.93,38.43,38.25,38.31
04_Maurener_Weg_8_000008_000050,31,plastic bag (bloated),random hazards,10.0,53.88,50.68,48.52,49.31
04_Maurener_Weg_8_000008_000060,11,crate (green),random hazards,15.0,60.19,53.86,51.06,52.03
04_Maurener_Weg_8_000008_000060,31,plastic bag (bloated),random hazards,11.0,49.08,48.36,45.84,46.6
04_Maurener_Weg_8_000008_000060,31,plastic bag (bloated),random hazards,13.0,45.4,34.6,34.4,34.52
04_Maurener_Weg_8_000008_000070,31,plastic bag (bloated),random hazards,15.0,42.02,32.77,32.34,32.53
04_Maurener_Weg_8_000008_000070,11,crate (green),random hazards,13.0,55.95,54.18,52.59,53.25
04_Maurener_Weg_8_000008_000070,31,plastic bag (bloated),random hazards,11.0,47.06,45.23,42.59,43.63
04_Maurener_Weg_8_000008_000080,11,crate (green),random hazards,16.0,51.21,55.48,52.27,53.32
04_Maurener_Weg_8_000008_000080,31,plastic bag (bloated),random hazards,11.0,41.85,45.2,42.25,43.13
04_Maurener_Weg_8_000008_000080,31,plastic bag (bloated),random hazards,16.0,37.39,32.62,32.21,32.39
04_Maurener_Weg_8_000008_000090,11,crate (green),random hazards,18.0,47.86,44.9,43.82,44.04
04_Maurener_Weg_8_000008_000090,31,plastic bag (bloated),random hazards,13.0,38.46,36.7,35.21,35.77
04_Maurener_Weg_8_000008_000090,31,plastic bag (bloated),random hazards,21.0,33.01,29.45,28.75,29.06
04_Maurener_Weg_8_000008_000100,31,plastic bag (bloated),random hazards,22.0,28.1,25.29,24.49,24.82
04_Maurener_Weg_8_000008_000100,11,crate (green),random hazards,19.0,42.25,39.61,38.59,38.85
04_Maurener_Weg_8_000008_000100,31,plastic bag (bloated),random hazards,14.0,33.31,31.86,30.97,31.35
04_Maurener_Weg_8_000008_000110,11,crate (green),random hazards,20.0,37.02,37.37,35.97,36.47
04_Maurener_Weg_8_000008_000110,31,plastic bag (bloated),random hazards,27.0,23.37,21.82,21.13,21.39
04_Maurener_Weg_8_000008_000110,31,plastic bag (bloated),random hazards,18.0,29.01,29.13,27.7,28.18
04_Maurener_Weg_8_000008_000120,11,crate (green),random hazards,23.0,31.76,33.0,32.3,32.49
04_Maurener_Weg_8_000008_000120,31,plastic bag (bloated),random hazards,31.0,18.89,17.77,17.45,17.58
04_Maurener_Weg_8_000008_000120,31,plastic bag (bloated),random hazards,20.0,24.48,25.22,24.23,24.58
04_Maurener_Weg_8_000008_000130,11,crate (green),random hazards,28.0,26.86,27.84,27.13,27.33
04_Maurener_Weg_8_000008_000130,31,plastic bag (bloated),random hazards,23.0,19.57,20.59,20.06,20.25
04_Maurener_Weg_8_000008_000130,31,plastic bag (bloated),random hazards,43.0,13.94,13.41,13.12,13.22
04_Maurener_Weg_8_000008_000140,11,crate (green),random hazards,34.0,21.55,23.15,22.5,22.78
04_Maurener_Weg_8_000008_000140,31,plastic bag (bloated),random hazards,32.0,15.03,16.23,15.7,15.91
04_Maurener_Weg_8_000008_000140,31,plastic bag (bloated),random hazards,68.0,8.82,8.98,8.65,8.77
04_Maurener_Weg_8_000008_000150,11,crate (green),random hazards,42.0,16.99,19.01,18.65,18.73
04_Maurener_Weg_8_000008_000150,31,plastic bag (bloated),random hazards,47.0,10.38,11.51,11.14,11.31
04_Maurener_Weg_8_000008_000160,11,crate (green),random hazards,55.0,13.03,14.81,14.5,14.59
04_Maurener_Weg_8_000008_000160,31,plastic bag (bloated),random hazards,75.0,6.6,7.34,7.15,7.22
04_Maurener_Weg_8_000008_000170,11,crate (green),random hazards,74.0,9.99,10.93,10.66,10.75
04_Maurener_Weg_8_000008_000180,11,crate (green),random hazards,98.0,7.8,8.87,8.63,8.71
04_Maurener_Weg_8_000008_000190,11,crate (green),random hazards,120.0,6.42,7.58,7.32,7.4
04_Maurener_Weg_8_000008_000200,11,crate (green),random hazards,140.0,5.55,7.05,6.6,6.74
04_Maurener_Weg_8_000009_000040,24,dog (white),emotional hazards,11.0,70.33,62.17,61.1,61.71
04_Maurener_Weg_8_000009_000050,24,dog (white),emotional hazards,11.0,68.25,62.12,60.91,61.37
04_Maurener_Weg_8_000009_000060,24,dog (white),emotional hazards,12.0,65.88,63.22,62.47,62.77
04_Maurener_Weg_8_000009_000070,24,dog (white),emotional hazards,12.0,65.74,57.5,56.29,56.64
04_Maurener_Weg_8_000009_000080,24,dog (white),emotional hazards,13.0,62.46,55.74,54.3,54.85
04_Maurener_Weg_8_000009_000090,24,dog (white),emotional hazards,14.0,58.85,53.35,52.52,52.85
04_Maurener_Weg_8_000009_000100,24,dog (white),emotional hazards,14.0,53.77,50.04,49.26,49.57
04_Maurener_Weg_8_000009_000110,24,dog (white),emotional hazards,17.0,50.62,47.8,46.71,46.98
04_Maurener_Weg_8_000009_000120,24,dog (white),emotional hazards,17.0,45.42,44.23,43.78,43.95
04_Maurener_Weg_8_000009_000130,24,dog (white),emotional hazards,20.0,41.29,39.04,37.89,38.43
04_Maurener_Weg_8_000009_000140,24,dog (white),emotional hazards,20.0,36.21,35.81,34.75,35.3
04_Maurener_Weg_8_000009_000150,24,dog (white),emotional hazards,23.0,31.85,34.58,33.32,33.84
04_Maurener_Weg_8_000009_000160,24,dog (white),emotional hazards,26.0,27.68,28.78,27.87,28.24
04_Maurener_Weg_8_000009_000170,24,dog (white),emotional hazards,31.0,23.04,23.04,21.88,22.24
04_Maurener_Weg_8_000009_000180,24,dog (white),emotional hazards,36.0,19.27,19.13,18.39,18.64
04_Maurener_Weg_8_000009_000190,24,dog (white),emotional hazards,44.0,15.35,15.86,15.47,15.63
04_Maurener_Weg_8_000009_000200,24,dog (white),emotional hazards,59.0,11.9,12.67,12.4,12.53
04_Maurener_Weg_8_000009_000210,24,dog (white),emotional hazards,81.0,8.72,9.52,9.39,9.44
04_Maurener_Weg_8_000010_000010,23,dog (black),emotional hazards,23.0,51.57,53.56,52.54,53.17
04_Maurener_Weg_8_000010_000020,23,dog (black),emotional hazards,22.0,51.66,47.76,47.23,47.48
04_Maurener_Weg_8_000010_000030,23,dog (black),emotional hazards,23.0,51.43,55.03,54.4,54.78
04_Maurener_Weg_8_000010_000040,23,dog (black),emotional hazards,22.0,50.66,53.46,52.91,53.17
04_Maurener_Weg_8_000010_000050,23,dog (black),emotional hazards,25.0,48.84,52.67,50.91,52.16
04_Maurener_Weg_8_000010_000060,23,dog (black),emotional hazards,25.0,45.21,47.42,45.9,46.79
04_Maurener_Weg_8_000010_000070,23,dog (black),emotional hazards,28.0,42.22,41.21,39.3,39.53
04_Maurener_Weg_8_000010_000080,23,dog (black),emotional hazards,29.0,38.05,41.57,39.91,40.61
04_Maurener_Weg_8_000010_000090,23,dog (black),emotional hazards,33.0,34.69,35.49,34.95,35.09
04_Maurener_Weg_8_000010_000100,23,dog (black),emotional hazards,39.0,29.46,31.51,31.13,31.25
04_Maurener_Weg_8_000010_000110,23,dog (black),emotional hazards,43.0,25.23,25.43,24.87,25.07
04_Maurener_Weg_8_000010_000120,23,dog (black),emotional hazards,52.0,20.63,20.38,20.13,20.22
04_Maurener_Weg_8_000010_000130,23,dog (black),emotional hazards,67.0,15.92,16.75,16.34,16.51
04_Maurener_Weg_8_000010_000140,23,dog (black),emotional hazards,91.0,11.86,11.98,11.78,11.86
04_Maurener_Weg_8_000010_000150,23,dog (black),emotional hazards,131.0,8.22,8.19,8.04,8.08
04_Maurener_Weg_8_000011_000020,26,bobby car (gray),emotional hazards,18.0,62.34,61.09,59.57,60.22
04_Maurener_Weg_8_000011_000030,26,bobby car (gray),emotional hazards,17.0,62.04,60.7,58.7,59.47
04_Maurener_Weg_8_000011_000040,26,bobby car (gray),emotional hazards,18.0,61.66,59.06,57.69,58.24
04_Maurener_Weg_8_000011_000050,26,bobby car (gray),emotional hazards,17.0,61.39,59.33,57.86,58.35
04_Maurener_Weg_8_000011_000060,26,bobby car (gray),emotional hazards,18.0,60.67,53.44,52.52,52.83
04_Maurener_Weg_8_000011_000070,26,bobby car (gray),emotional hazards,20.0,55.62,52.95,50.97,51.76
04_Maurener_Weg_8_000011_000080,26,bobby car (gray),emotional hazards,19.0,52.84,49.39,47.83,48.46
04_Maurener_Weg_8_000011_000090,26,bobby car (gray),emotional hazards,21.0,50.11,45.12,44.35,44.66
04_Maurener_Weg_8_000011_000100,26,bobby car (gray),emotional hazards,23.0,47.01,42.88,41.85,42.21
04_Maurener_Weg_8_000011_000110,26,bobby car (gray),emotional hazards,24.0,42.13,39.95,39.34,39.53
04_Maurener_Weg_8_000011_000120,26,bobby car (gray),emotional hazards,28.0,37.84,37.19,35.78,36.33
04_Maurener_Weg_8_000011_000130,26,bobby car (gray),emotional hazards,30.0,34.69,33.22,32.35,32.61
04_Maurener_Weg_8_000011_000140,26,bobby car (gray),emotional hazards,33.0,30.78,28.58,27.56,27.91
04_Maurener_Weg_8_000011_000150,26,bobby car (gray),emotional hazards,38.0,26.29,25.31,24.5,24.8
04_Maurener_Weg_8_000011_000160,26,bobby car (gray),emotional hazards,46.0,22.81,21.21,20.7,20.84
04_Maurener_Weg_8_000011_000170,26,bobby car (gray),emotional hazards,55.0,18.99,18.27,17.7,17.87
04_Maurener_Weg_8_000011_000180,26,bobby car (gray),emotional hazards,64.0,15.12,15.41,15.12,15.16
04_Maurener_Weg_8_000011_000190,26,bobby car (gray),emotional hazards,84.0,11.58,12.4,12.28,12.3
04_Maurener_Weg_8_000012_000020,27,bobby car (red),emotional hazards,20.0,65.44,56.04,52.69,53.82
04_Maurener_Weg_8_000012_000030,27,bobby car (red),emotional hazards,19.0,65.71,59.16,54.41,55.99
04_Maurener_Weg_8_000012_000040,27,bobby car (red),emotional hazards,19.0,64.05,58.58,56.12,56.85
04_Maurener_Weg_8_000012_000050,27,bobby car (red),emotional hazards,19.0,64.53,61.34,59.47,60.23
04_Maurener_Weg_8_000012_000060,27,bobby car (red),emotional hazards,20.0,61.6,60.7,58.33,59.36
04_Maurener_Weg_8_000012_000070,27,bobby car (red),emotional hazards,21.0,58.18,54.5,52.49,53.25
04_Maurener_Weg_8_000012_000080,27,bobby car (red),emotional hazards,22.0,54.27,51.78,48.36,49.6
04_Maurener_Weg_8_000012_000090,27,bobby car (red),emotional hazards,23.0,51.66,46.74,44.8,45.54
04_Maurener_Weg_8_000012_000100,27,bobby car (red),emotional hazards,25.0,47.28,44.36,42.49,43.14
04_Maurener_Weg_8_000012_000110,27,bobby car (red),emotional hazards,25.0,43.34,43.51,41.55,42.3
04_Maurener_Weg_8_000012_000120,27,bobby car (red),emotional hazards,28.0,38.29,38.61,37.11,37.67
04_Maurener_Weg_8_000012_000130,27,bobby car (red),emotional hazards,31.0,33.86,32.81,31.6,31.96
04_Maurener_Weg_8_000012_000140,27,bobby car (red),emotional hazards,35.0,28.59,27.62,27.0,27.23
04_Maurener_Weg_8_000012_000150,27,bobby car (red),emotional hazards,43.0,24.58,22.68,21.92,22.14
04_Maurener_Weg_8_000012_000160,27,bobby car (red),emotional hazards,54.0,19.74,18.04,17.64,17.74
04_Maurener_Weg_8_000012_000170,27,bobby car (red),emotional hazards,70.0,15.63,14.99,14.68,14.8
04_Maurener_Weg_8_000012_000180,27,bobby car (red),emotional hazards,89.0,11.58,11.53,11.36,11.43
04_Maurener_Weg_8_000012_000190,27,bobby car (red),emotional hazards,129.0,8.28,8.74,8.57,8.63
04_Maurener_Weg_8_000013_000170,28,bobby car (yellow),emotional hazards,23.0,32.02,32.91,31.6,32.07
04_Maurener_Weg_8_000013_000180,28,bobby car (yellow),emotional hazards,39.0,27.71,25.93,25.16,25.36
04_Maurener_Weg_8_000013_000190,28,bobby car (yellow),emotional hazards,47.0,23.1,21.22,20.73,20.92
04_Maurener_Weg_8_000013_000200,28,bobby car (yellow),emotional hazards,55.0,19.39,20.12,19.81,19.9
04_Maurener_Weg_8_000013_000210,28,bobby car (yellow),emotional hazards,66.0,15.86,17.69,17.57,17.62
04_Maurener_Weg_8_000013_000220,28,bobby car (yellow),emotional hazards,84.0,12.64,14.71,14.46,14.5
04_Maurener_Weg_8_000013_000230,28,bobby car (yellow),emotional hazards,113.0,9.49,11.18,10.99,11.04
05_Schafgasse_1_000000_000020,05,"crate (gray, 2x stacked)",standard objects,11.0,64.01,99.9,96.53,98.22
05_Schafgasse_1_000000_000030,05,"crate (gray, 2x stacked)",standard objects,13.0,61.02,92.3,87.98,89.74
05_Schafgasse_1_000000_000040,05,"crate (gray, 2x stacked)",standard objects,11.0,59.97,88.01,85.34,86.65
05_Schafgasse_1_000000_000050,05,"crate (gray, 2x stacked)",standard objects,14.0,57.76,80.44,75.63,78.06
05_Schafgasse_1_000000_000060,05,"crate (gray, 2x stacked)",standard objects,13.0,56.11,80.27,76.97,78.57
05_Schafgasse_1_000000_000070,05,"crate (gray, 2x stacked)",standard objects,13.0,51.7,75.54,71.69,73.75
05_Schafgasse_1_000000_000080,05,"crate (gray, 2x stacked)",standard objects,15.0,48.66,64.46,60.85,62.33
05_Schafgasse_1_000000_000090,05,"crate (gray, 2x stacked)",standard objects,17.0,46.4,62.11,56.28,58.19
05_Schafgasse_1_000000_000100,05,"crate (gray, 2x stacked)",standard objects,17.0,42.61,55.45,51.6,52.96
05_Schafgasse_1_000000_000110,05,"crate (gray, 2x stacked)",standard objects,18.0,39.22,53.28,48.75,50.4
05_Schafgasse_1_000000_000120,05,"crate (gray, 2x stacked)",standard objects,21.0,35.77,48.02,44.24,45.45
05_Schafgasse_1_000000_000130,05,"crate (gray, 2x stacked)",standard objects,22.0,31.78,41.5,39.18,39.88
05_Schafgasse_1_000000_000140,05,"crate (gray, 2x stacked)",standard objects,26.0,28.33,37.5,34.63,35.48
05_Schafgasse_1_000000_000150,05,"crate (gray, 2x stacked)",standard objects,31.0,24.92,30.33,29.27,29.54
05_Schafgasse_1_000000_000160,05,"crate (gray, 2x stacked)",standard objects,42.0,21.05,24.01,23.47,23.54
05_Schafgasse_1_000000_000170,05,"crate (gray, 2x stacked)",standard objects,47.0,17.07,19.69,19.42,19.5
05_Schafgasse_1_000000_000180,05,"crate (gray, 2x stacked)",standard objects,60.0,13.46,14.86,14.67,14.73
05_Schafgasse_1_000000_000190,05,"crate (gray, 2x stacked)",standard objects,81.0,10.13,10.82,10.7,10.75
05_Schafgasse_1_000000_000200,05,"crate (gray, 2x stacked)",standard objects,124.0,7.13,7.44,7.38,7.4
05_Schafgasse_1_000001_000070,03,"crate (black, upright)",standard objects,12.0,57.38,84.42,65.5,75.29
05_Schafgasse_1_000001_000080,03,"crate (black, upright)",standard objects,13.0,57.43,83.22,79.64,81.21
05_Schafgasse_1_000001_000090,03,"crate (black, upright)",standard objects,14.0,52.29,79.01,75.14,76.86
05_Schafgasse_1_000001_000100,03,"crate (black, upright)",standard objects,14.0,50.52,71.38,66.8,68.46
05_Schafgasse_1_000001_000110,03,"crate (black, upright)",standard objects,16.0,48.6,71.95,66.85,68.77
05_Schafgasse_1_000001_000120,03,"crate (black, upright)",standard objects,14.0,45.68,65.86,61.42,63.02
05_Schafgasse_1_000001_000130,03,"crate (black, upright)",standard objects,17.0,43.01,61.11,55.64,57.56
05_Schafgasse_1_000001_000140,03,"crate (black, upright)",standard objects,18.0,40.83,52.11,49.01,49.99
05_Schafgasse_1_000001_000150,03,"crate (black, upright)",standard objects,18.0,37.92,44.73,42.41,43.19
05_Schafgasse_1_000001_000160,03,"crate (black, upright)",standard objects,23.0,34.66,45.61,42.04,43.13
05_Schafgasse_1_000001_000170,03,"crate (black, upright)",standard objects,27.0,31.48,39.71,37.89,38.41
05_Schafgasse_1_000001_000180,03,"crate (black, upright)",standard objects,27.0,28.29,36.9,34.99,35.7
05_Schafgasse_1_000001_000190,03,"crate (black, upright)",standard objects,29.0,25.66,34.76,33.0,33.63
05_Schafgasse_1_000001_000200,03,"crate (black, upright)",standard objects,32.0,23.02,29.23,28.55,28.77
05_Schafgasse_1_000001_000210,03,"crate (black, upright)",standard objects,40.0,20.73,25.0,24.62,24.72
05_Schafgasse_1_000001_000220,03,"crate (black, upright)",standard objects,41.0,17.95,22.16,21.67,21.87
05_Schafgasse_1_000001_000230,03,"crate (black, upright)",standard objects,46.0,15.46,18.05,17.84,17.97
05_Schafgasse_1_000001_000240,03,"crate (black, upright)",standard objects,56.0,13.01,13.55,13.47,13.51
05_Schafgasse_1_000001_000250,03,"crate (black, upright)",standard objects,69.0,10.79,11.28,11.18,11.21
05_Schafgasse_1_000001_000260,03,"crate (black, upright)",standard objects,82.0,8.69,8.66,8.58,8.63
05_Schafgasse_1_000002_000110,08,cardboard box,random hazards,14.0,46.74,59.34,57.82,58.33
05_Schafgasse_1_000002_000110,18,pylon (white),random hazards,14.0,39.15,47.26,45.79,46.33
05_Schafgasse_1_000002_000120,08,cardboard box,random hazards,15.0,46.7,60.88,59.13,59.7
05_Schafgasse_1_000002_000120,18,pylon (white),random hazards,15.0,38.37,46.19,44.21,44.85
05_Schafgasse_1_000002_000130,08,cardboard box,random hazards,15.0,44.9,56.62,54.34,55.11
05_Schafgasse_1_000002_000130,18,pylon (white),random hazards,15.0,35.78,43.1,41.53,42.05
05_Schafgasse_1_000002_000140,08,cardboard box,random hazards,15.0,42.35,59.3,56.35,57.51
05_Schafgasse_1_000002_000140,18,pylon (white),random hazards,16.0,34.34,40.39,38.69,39.23
05_Schafgasse_1_000002_000150,08,cardboard box,random hazards,17.0,40.73,56.49,53.13,54.15
05_Schafgasse_1_000002_000150,18,pylon (white),random hazards,17.0,32.82,38.0,36.23,36.79
05_Schafgasse_1_000002_000160,08,cardboard box,random hazards,18.0,38.32,43.85,42.98,43.34
05_Schafgasse_1_000002_000160,18,pylon (white),random hazards,18.0,30.17,32.56,31.35,31.77
05_Schafgasse_1_000002_000170,08,cardboard box,random hazards,18.0,35.89,45.74,43.08,44.09
05_Schafgasse_1_000002_000170,18,pylon (white),random hazards,19.0,27.82,30.03,28.64,29.12
05_Schafgasse_1_000002_000180,08,cardboard box,random hazards,20.0,32.91,40.81,39.65,40.07
05_Schafgasse_1_000002_000180,18,pylon (white),random hazards,21.0,25.14,27.32,26.15,26.53
05_Schafgasse_1_000002_000190,08,cardboard box,random hazards,21.0,30.37,36.5,35.42,35.85
05_Schafgasse_1_000002_000190,18,pylon (white),random hazards,24.0,22.0,23.48,22.83,23.09
05_Schafgasse_1_000002_000200,08,cardboard box,random hazards,24.0,27.36,31.14,30.26,30.54
05_Schafgasse_1_000002_000200,18,pylon (white),random hazards,28.0,18.91,19.19,18.57,18.83
05_Schafgasse_1_000002_000210,08,cardboard box,random hazards,26.0,24.34,26.76,25.97,26.27
05_Schafgasse_1_000002_000210,18,pylon (white),random hazards,31.0,15.72,15.5,15.15,15.28
05_Schafgasse_1_000002_000220,08,cardboard box,random hazards,30.0,21.01,21.5,21.25,21.34
05_Schafgasse_1_000002_000220,18,pylon (white),random hazards,41.0,12.48,12.06,11.76,11.87
05_Schafgasse_1_000002_000230,08,cardboard box,random hazards,35.0,18.15,17.63,17.43,17.46
05_Schafgasse_1_000002_000230,18,pylon (white),random hazards,57.0,9.12,8.6,8.47,8.52
05_Schafgasse_1_000003_000020,20,tire,random hazards,16.0,41.6,53.6,52.57,52.96
05_Schafgasse_1_000003_000030,20,tire,random hazards,16.0,42.15,52.31,51.58,51.78
05_Schafgasse_1_000003_000040,20,tire,random hazards,15.0,39.91,52.81,51.68,52.18
05_Schafgasse_1_000003_000050,20,tire,random hazards,17.0,37.97,47.94,46.76,47.14
05_Schafgasse_1_000003_000060,20,tire,random hazards,17.0,35.94,44.51,42.9,43.49
05_Schafgasse_1_000003_000070,20,tire,random hazards,19.0,34.59,42.12,40.79,41.26
05_Schafgasse_1_000003_000080,20,tire,random hazards,19.0,31.69,37.32,36.61,36.92
05_Schafgasse_1_000003_000090,20,tire,random hazards,20.0,28.52,35.19,34.52,34.73
05_Schafgasse_1_000003_000100,20,tire,random hazards,24.0,25.87,29.42,28.75,28.99
05_Schafgasse_1_000003_000110,20,tire,random hazards,27.0,23.44,25.29,24.87,25.05
05_Schafgasse_1_000003_000120,20,tire,random hazards,31.0,20.15,20.75,20.33,20.51
05_Schafgasse_1_000003_000130,20,tire,random hazards,37.0,17.09,17.98,17.72,17.81
05_Schafgasse_1_000003_000140,20,tire,random hazards,46.0,13.89,12.79,12.72,12.75
05_Schafgasse_1_000003_000150,20,tire,random hazards,61.0,10.63,10.06,9.94,9.98
05_Schafgasse_1_000003_000160,20,tire,random hazards,87.0,7.86,8.0,7.86,7.9
05_Schafgasse_1_000004_000020,11,crate (green),random hazards,13.0,48.51,63.91,62.34,62.9
05_Schafgasse_1_000004_000020,10,"crate (blue, small)",random hazards,10.0,41.33,54.93,53.42,53.96
05_Schafgasse_1_000004_000030,11,crate (green),random hazards,13.0,45.13,62.57,61.23,61.73
05_Schafgasse_1_000004_000030,10,"crate (blue, small)",random hazards,11.0,41.74,53.56,51.49,52.25
05_Schafgasse_1_000004_000040,11,crate (green),random hazards,13.0,44.22,58.94,57.56,58.08
05_Schafgasse_1_000004_000040,10,"crate (blue, small)",random hazards,9.0,40.52,49.27,47.96,48.42
05_Schafgasse_1_000004_000050,11,crate (green),random hazards,16.0,43.55,56.25,55.33,55.69
05_Schafgasse_1_000004_000050,10,"crate (blue, small)",random hazards,11.0,40.33,48.32,46.7,47.26
05_Schafgasse_1_000004_000060,11,crate (green),random hazards,16.0,41.84,56.92,55.9,56.28
05_Schafgasse_1_000004_000060,10,"crate (blue, small)",random hazards,14.0,38.33,45.86,44.3,44.77
05_Schafgasse_1_000004_000070,11,crate (green),random hazards,17.0,39.66,52.23,50.83,51.3
05_Schafgasse_1_000004_000070,10,"crate (blue, small)",random hazards,18.0,36.16,42.25,40.94,41.41
05_Schafgasse_1_000004_000080,11,crate (green),random hazards,18.0,37.61,48.59,47.24,47.68
05_Schafgasse_1_000004_000080,10,"crate (blue, small)",random hazards,15.0,34.17,39.08,37.82,38.32
05_Schafgasse_1_000004_000090,11,crate (green),random hazards,18.0,35.19,44.2,43.25,43.59
05_Schafgasse_1_000004_000090,10,"crate (blue, small)",random hazards,15.0,31.41,35.72,34.88,35.23
05_Schafgasse_1_000004_000100,11,crate (green),random hazards,21.0,32.77,40.81,39.91,40.21
05_Schafgasse_1_000004_000100,10,"crate (blue, small)",random hazards,17.0,28.51,32.35,31.42,31.75
05_Schafgasse_1_000004_000110,11,crate (green),random hazards,23.0,30.01,33.98,32.79,33.18
05_Schafgasse_1_000004_000110,10,"crate (blue, small)",random hazards,18.0,25.48,27.47,26.74,27.1
05_Schafgasse_1_000004_000120,11,crate (green),random hazards,24.0,26.33,30.02,29.39,29.52
05_Schafgasse_1_000004_000120,10,"crate (blue, small)",random hazards,20.0,22.43,23.85,23.23,23.45
05_Schafgasse_1_000004_000130,11,crate (green),random hazards,29.0,22.66,24.04,23.49,23.62
05_Schafgasse_1_000004_000130,10,"crate (blue, small)",random hazards,25.0,18.62,18.25,17.94,18.04
05_Schafgasse_1_000004_000140,11,crate (green),random hazards,37.0,19.53,20.14,19.93,20.02
05_Schafgasse_1_000004_000140,10,"crate (blue, small)",random hazards,32.0,15.19,14.89,14.7,14.76
05_Schafgasse_1_000004_000150,10,"crate (blue, small)",random hazards,43.0,11.52,11.45,11.36,11.39
05_Schafgasse_1_000004_000150,11,crate (green),random hazards,41.0,15.85,16.21,16.05,16.11
05_Schafgasse_1_000004_000160,11,crate (green),random hazards,55.0,12.54,12.7,12.57,12.63
05_Schafgasse_1_000004_000160,10,"crate (blue, small)",random hazards,68.0,7.99,8.05,7.92,7.96
05_Schafgasse_1_000004_000170,11,crate (green),random hazards,74.0,9.57,9.31,9.24,9.27
05_Schafgasse_1_000005_000030,29,cardboard box,random hazards,8.0,43.93,52.77,51.28,51.77
05_Schafgasse_1_000005_000040,29,cardboard box,random hazards,9.0,42.5,53.14,51.38,52.13
05_Schafgasse_1_000005_000050,29,cardboard box,random hazards,9.0,40.75,49.92,48.04,48.94
05_Schafgasse_1_000005_000060,29,cardboard box,random hazards,11.0,40.41,47.81,45.88,46.54
05_Schafgasse_1_000005_000070,29,cardboard box,random hazards,9.0,39.28,45.14,43.62,44.05
05_Schafgasse_1_000005_000080,29,cardboard box,random hazards,10.0,37.5,40.63,39.39,39.85
05_Schafgasse_1_000005_000090,29,cardboard box,random hazards,12.0,34.43,37.43,36.03,36.61
05_Schafgasse_1_000005_000100,29,cardboard box,random hazards,11.0,32.17,35.38,34.14,34.5
05_Schafgasse_1_000005_000110,29,cardboard box,random hazards,13.0,29.22,32.4,31.36,31.75
05_Schafgasse_1_000005_000120,29,cardboard box,random hazards,13.0,26.45,29.76,28.63,28.99
05_Schafgasse_1_000005_000120,21,ball,emotional hazards,27.0,21.28,26.62,25.71,26.14
05_Schafgasse_1_000005_000130,21,ball,emotional hazards,31.0,18.1,21.28,20.92,21.05
05_Schafgasse_1_000005_000130,29,cardboard box,random hazards,14.0,23.06,27.55,26.53,26.91
05_Schafgasse_1_000005_000140,29,cardboard box,random hazards,17.0,20.29,25.87,24.94,25.28
05_Schafgasse_1_000007_000010,20,tire,random hazards,11.0,41.89,55.67,53.57,54.41
05_Schafgasse_1_000007_000020,20,tire,random hazards,10.0,40.63,53.97,51.95,52.71
05_Schafgasse_1_000007_000030,20,tire,random hazards,10.0,39.31,50.44,48.17,48.99
05_Schafgasse_1_000007_000040,20,tire,random hazards,10.0,37.65,46.38,44.71,45.39
05_Schafgasse_1_000007_000050,20,tire,random hazards,11.0,35.49,44.93,43.26,43.97
05_Schafgasse_1_000007_000060,20,tire,random hazards,10.0,33.22,42.54,40.86,41.5
05_Schafgasse_1_000007_000070,20,tire,random hazards,10.0,30.36,36.69,35.39,35.86
05_Schafgasse_1_000007_000080,20,tire,random hazards,12.0,28.02,32.63,31.41,31.85
05_Schafgasse_1_000007_000090,20,tire,random hazards,14.0,24.49,28.35,27.19,27.65
05_Schafgasse_1_000007_000100,20,tire,random hazards,16.0,21.67,24.18,23.16,23.53
05_Schafgasse_1_000007_000110,20,tire,random hazards,18.0,18.32,19.43,18.67,18.94
05_Schafgasse_1_000007_000120,20,tire,random hazards,23.0,15.2,15.06,14.58,14.76
05_Schafgasse_1_000007_000130,20,tire,random hazards,30.0,12.21,12.28,11.89,12.05
05_Schafgasse_1_000007_000140,20,tire,random hazards,39.0,9.29,8.87,8.65,8.74
05_Schafgasse_1_000007_000150,20,tire,random hazards,63.0,6.47,6.22,6.06,6.12
05_Schafgasse_1_000008_000010,34,styrofoam,random hazards,9.0,47.67,75.09,71.99,73.31
05_Schafgasse_1_000008_000010,14,headlight,random hazards,15.0,39.62,53.97,51.74,52.5
05_Schafgasse_1_000008_000020,34,styrofoam,random hazards,8.0,47.06,68.94,66.97,67.69
05_Schafgasse_1_000008_000020,14,headlight,random hazards,17.0,37.84,54.41,52.17,53.17
05_Schafgasse_1_000008_000030,34,styrofoam,random hazards,7.0,47.08,64.92,63.01,63.74
05_Schafgasse_1_000008_000030,14,headlight,random hazards,18.0,36.73,49.91,47.51,48.48
05_Schafgasse_1_000008_000040,34,styrofoam,random hazards,9.0,44.6,68.82,65.99,66.95
05_Schafgasse_1_000008_000040,14,headlight,random hazards,19.0,35.29,49.73,47.05,48.16
05_Schafgasse_1_000008_000050,34,styrofoam,random hazards,10.0,42.17,59.24,57.0,57.98
05_Schafgasse_1_000008_000050,14,headlight,random hazards,20.0,32.31,41.95,40.34,40.92
05_Schafgasse_1_000008_000060,34,styrofoam,random hazards,10.0,39.92,52.4,50.37,51.4
05_Schafgasse_1_000008_000060,14,headlight,random hazards,22.0,29.7,36.92,35.48,35.92
05_Schafgasse_1_000008_000070,34,styrofoam,random hazards,10.0,36.55,46.62,45.0,45.77
05_Schafgasse_1_000008_000070,14,headlight,random hazards,22.0,26.37,32.6,31.38,31.89
05_Schafgasse_1_000008_000080,34,styrofoam,random hazards,11.0,33.1,41.06,39.36,39.99
05_Schafgasse_1_000008_000080,14,headlight,random hazards,26.0,23.27,28.34,27.41,27.78
05_Schafgasse_1_000008_000090,34,styrofoam,random hazards,13.0,30.11,37.84,36.11,36.78
05_Schafgasse_1_000008_000090,14,headlight,random hazards,31.0,19.74,22.34,21.94,22.04
05_Schafgasse_1_000008_000100,34,styrofoam,random hazards,14.0,26.79,31.12,29.93,30.4
05_Schafgasse_1_000008_000100,14,headlight,random hazards,38.0,16.51,17.75,17.38,17.52
05_Schafgasse_1_000008_000110,34,styrofoam,random hazards,16.0,23.57,27.35,25.95,26.51
05_Schafgasse_1_000008_000110,14,headlight,random hazards,47.0,13.23,13.08,12.81,12.91
05_Schafgasse_1_000008_000120,34,styrofoam,random hazards,17.0,20.17,22.51,21.02,21.61
05_Schafgasse_1_000008_000120,14,headlight,random hazards,63.0,9.97,9.37,9.17,9.24
05_Schafgasse_1_000009_000070,23,dog (black),emotional hazards,19.0,55.36,70.26,64.46,67.17
05_Schafgasse_1_000009_000080,23,dog (black),emotional hazards,22.0,53.95,57.58,54.25,55.54
05_Schafgasse_1_000009_000090,23,dog (black),emotional hazards,21.0,53.46,58.44,55.43,56.71
05_Schafgasse_1_000009_000100,23,dog (black),emotional hazards,20.0,52.39,59.22,55.81,57.36
05_Schafgasse_1_000009_000110,23,dog (black),emotional hazards,22.0,49.71,52.62,50.94,51.73
05_Schafgasse_1_000009_000120,23,dog (black),emotional hazards,23.0,48.08,52.52,48.66,50.45
05_Schafgasse_1_000009_000130,23,dog (black),emotional hazards,25.0,44.83,51.71,47.95,49.69
05_Schafgasse_1_000009_000140,23,dog (black),emotional hazards,26.0,42.47,47.85,45.01,46.12
05_Schafgasse_1_000009_000150,23,dog (black),emotional hazards,28.0,38.42,42.1,39.57,40.39
05_Schafgasse_1_000009_000160,23,dog (black),emotional hazards,31.0,36.24,38.78,36.44,37.08
05_Schafgasse_1_000009_000170,23,dog (black),emotional hazards,33.0,32.2,33.56,32.63,32.95
05_Schafgasse_1_000009_000180,23,dog (black),emotional hazards,37.0,28.77,28.86,28.01,28.36
05_Schafgasse_1_000009_000190,23,dog (black),emotional hazards,41.0,25.54,25.92,24.91,25.32
05_Schafgasse_1_000009_000200,23,dog (black),emotional hazards,51.0,21.69,24.63,23.75,24.2
05_Schafgasse_1_000009_000210,23,dog (black),emotional hazards,59.0,18.28,21.12,20.41,20.82
05_Schafgasse_1_000009_000220,23,dog (black),emotional hazards,75.0,14.99,16.81,16.23,16.44
05_Schafgasse_1_000009_000230,23,dog (black),emotional hazards,92.0,11.99,12.39,12.22,12.28
05_Schafgasse_1_000009_000240,23,dog (black),emotional hazards,114.0,9.26,9.62,9.37,9.49
05_Schafgasse_1_000010_000040,24,dog (white),emotional hazards,15.0,53.21,65.47,62.16,63.26
05_Schafgasse_1_000010_000050,24,dog (white),emotional hazards,16.0,52.73,67.59,64.64,66.05
05_Schafgasse_1_000010_000060,24,dog (white),emotional hazards,16.0,51.33,64.95,61.13,62.78
05_Schafgasse_1_000010_000070,24,dog (white),emotional hazards,16.0,50.61,61.4,55.63,58.36
05_Schafgasse_1_000010_000080,24,dog (white),emotional hazards,16.0,48.51,56.76,53.79,54.97
05_Schafgasse_1_000010_000090,24,dog (white),emotional hazards,18.0,45.39,54.47,51.79,52.88
05_Schafgasse_1_000010_000100,24,dog (white),emotional hazards,18.0,42.8,49.46,46.42,47.64
05_Schafgasse_1_000010_000110,24,dog (white),emotional hazards,20.0,38.79,42.6,39.31,40.62
05_Schafgasse_1_000010_000120,24,dog (white),emotional hazards,22.0,35.82,37.23,34.1,35.09
05_Schafgasse_1_000010_000130,24,dog (white),emotional hazards,24.0,31.65,32.73,30.65,31.41
05_Schafgasse_1_000010_000140,24,dog (white),emotional hazards,27.0,27.83,28.82,27.07,27.69
05_Schafgasse_1_000010_000150,24,dog (white),emotional hazards,32.0,23.42,25.94,24.62,25.11
05_Schafgasse_1_000010_000160,24,dog (white),emotional hazards,38.0,19.55,21.6,20.58,20.88
05_Schafgasse_1_000010_000170,24,dog (white),emotional hazards,46.0,15.87,17.37,16.81,16.99
05_Schafgasse_1_000010_000180,24,dog (white),emotional hazards,59.0,12.55,12.35,11.86,12.04
05_Schafgasse_1_000010_000190,24,dog (white),emotional hazards,76.0,9.31,9.54,9.24,9.34
05_Schafgasse_1_000011_000120,27,bobby car (red),emotional hazards,29.0,39.08,25.55,25.48,25.51
05_Schafgasse_1_000011_000130,27,bobby car (red),emotional hazards,32.0,33.58,34.59,32.97,33.39
05_Schafgasse_1_000011_000140,27,bobby car (red),emotional hazards,36.0,28.89,29.25,28.19,28.48
05_Schafgasse_1_000011_000150,27,bobby car (red),emotional hazards,41.0,23.8,25.95,25.35,25.49
05_Schafgasse_1_000011_000160,27,bobby car (red),emotional hazards,54.0,19.23,20.67,20.3,20.46
05_Schafgasse_1_000011_000170,27,bobby car (red),emotional hazards,71.0,14.17,13.06,12.83,12.89
05_Schafgasse_1_000011_000180,27,bobby car (red),emotional hazards,105.0,9.75,10.09,9.96,10.0
05_Schafgasse_1_000012_000030,28,bobby car (yellow),emotional hazards,17.0,77.54,84.34,81.88,82.68
05_Schafgasse_1_000012_000040,28,bobby car (yellow),emotional hazards,18.0,74.82,76.64,73.89,74.96
05_Schafgasse_1_000012_000050,28,bobby car (yellow),emotional hazards,17.0,72.79,71.99,69.27,70.46
05_Schafgasse_1_000012_000060,28,bobby car (yellow),emotional hazards,20.0,72.06,68.36,65.83,66.86
05_Schafgasse_1_000012_000070,28,bobby car (yellow),emotional hazards,17.0,65.78,69.37,67.53,68.25
05_Schafgasse_1_000012_000080,28,bobby car (yellow),emotional hazards,18.0,62.62,73.29,69.58,70.99
05_Schafgasse_1_000012_000090,28,bobby car (yellow),emotional hazards,19.0,60.76,64.26,61.97,62.91
05_Schafgasse_1_000012_000100,28,bobby car (yellow),emotional hazards,21.0,57.89,54.81,53.37,53.92
05_Schafgasse_1_000012_000110,28,bobby car (yellow),emotional hazards,23.0,52.41,48.95,47.73,48.17
05_Schafgasse_1_000012_000120,28,bobby car (yellow),emotional hazards,22.0,48.82,50.69,49.26,49.84
05_Schafgasse_1_000012_000130,28,bobby car (yellow),emotional hazards,26.0,43.81,43.9,42.91,43.24
05_Schafgasse_1_000012_000140,28,bobby car (yellow),emotional hazards,28.0,40.13,40.0,39.25,39.53
05_Schafgasse_1_000012_000150,28,bobby car (yellow),emotional hazards,33.0,35.51,38.87,37.74,38.06
05_Schafgasse_1_000012_000160,28,bobby car (yellow),emotional hazards,36.0,30.85,32.43,32.0,32.15
05_Schafgasse_1_000012_000170,28,bobby car (yellow),emotional hazards,41.0,26.2,28.35,27.88,28.07
05_Schafgasse_1_000012_000180,28,bobby car (yellow),emotional hazards,47.0,22.57,24.3,23.79,23.98
05_Schafgasse_1_000012_000190,28,bobby car (yellow),emotional hazards,58.0,18.22,19.8,19.5,19.58
05_Schafgasse_1_000012_000200,28,bobby car (yellow),emotional hazards,75.0,14.25,14.69,14.5,14.57
05_Schafgasse_1_000012_000210,28,bobby car (yellow),emotional hazards,99.0,10.6,10.76,10.57,10.63
05_Schafgasse_1_000012_000220,28,bobby car (yellow),emotional hazards,142.0,7.32,7.22,7.12,7.15
05_Schafgasse_1_000013_000030,26,bobby car (gray),emotional hazards,19.0,67.85,68.21,63.01,64.87
05_Schafgasse_1_000013_000040,26,bobby car (gray),emotional hazards,15.0,65.08,63.09,59.41,60.64
05_Schafgasse_1_000013_000050,26,bobby car (gray),emotional hazards,17.0,64.37,74.81,68.15,70.55
05_Schafgasse_1_000013_000060,26,bobby car (gray),emotional hazards,17.0,61.51,72.84,66.9,69.05
05_Schafgasse_1_000013_000070,26,bobby car (gray),emotional hazards,15.0,58.52,62.72,59.31,60.51
05_Schafgasse_1_000013_000080,26,bobby car (gray),emotional hazards,22.0,54.04,56.16,53.43,54.43
05_Schafgasse_1_000013_000090,26,bobby car (gray),emotional hazards,23.0,51.2,50.22,47.01,48.25
05_Schafgasse_1_000013_000100,26,bobby car (gray),emotional hazards,22.0,45.71,45.91,43.87,44.58
05_Schafgasse_1_000013_000110,26,bobby car (gray),emotional hazards,25.0,41.84,41.48,39.87,40.54
05_Schafgasse_1_000013_000120,26,bobby car (gray),emotional hazards,30.0,36.78,39.58,38.01,38.57
05_Schafgasse_1_000013_000130,26,bobby car (gray),emotional hazards,32.0,32.16,34.71,32.49,33.4
05_Schafgasse_1_000013_000140,26,bobby car (gray),emotional hazards,39.0,28.02,29.58,28.41,28.83
05_Schafgasse_1_000013_000150,26,bobby car (gray),emotional hazards,45.0,23.07,24.91,24.05,24.42
05_Schafgasse_1_000013_000160,26,bobby car (gray),emotional hazards,55.0,18.43,19.93,19.46,19.6
05_Schafgasse_1_000013_000170,26,bobby car (gray),emotional hazards,69.0,14.2,14.7,14.48,14.55
05_Schafgasse_1_000013_000180,26,bobby car (gray),emotional hazards,97.0,10.46,10.48,10.36,10.4
05_Schafgasse_1_000014_000030,24,dog (white),emotional hazards,20.0,47.14,58.06,53.34,55.11
05_Schafgasse_1_000014_000040,24,dog (white),emotional hazards,23.0,45.34,55.3,50.12,51.94
05_Schafgasse_1_000014_000050,24,dog (white),emotional hazards,25.0,43.42,52.45,48.28,49.65
05_Schafgasse_1_000014_000060,24,dog (white),emotional hazards,26.0,41.49,48.98,45.13,46.67
05_Schafgasse_1_000014_000070,24,dog (white),emotional hazards,27.0,39.53,45.8,42.64,43.81
05_Schafgasse_1_000014_000080,24,dog (white),emotional hazards,30.0,36.05,41.07,38.25,39.37
05_Schafgasse_1_000014_000090,24,dog (white),emotional hazards,32.0,32.25,35.25,33.82,34.39
05_Schafgasse_1_000014_000100,24,dog (white),emotional hazards,32.0,28.71,31.22,29.88,30.26
05_Schafgasse_1_000014_000110,24,dog (white),emotional hazards,38.0,25.23,26.41,25.4,25.75
05_Schafgasse_1_000014_000120,24,dog (white),emotional hazards,42.0,21.15,21.57,20.72,21.01
05_Schafgasse_1_000014_000130,24,dog (white),emotional hazards,53.0,17.66,18.78,18.33,18.55
05_Schafgasse_1_000014_000140,24,dog (white),emotional hazards,62.0,14.09,14.52,14.22,14.38
05_Schafgasse_1_000014_000150,24,dog (white),emotional hazards,79.0,11.09,11.33,11.1,11.2
05_Schafgasse_1_000014_000160,24,dog (white),emotional hazards,104.0,8.48,8.74,8.56,8.66
05_Schafgasse_1_000015_000050,27,bobby car (red),emotional hazards,24.0,47.76,51.38,49.03,49.69
05_Schafgasse_1_000015_000060,27,bobby car (red),emotional hazards,25.0,43.62,50.95,47.28,48.42
05_Schafgasse_1_000015_000070,27,bobby car (red),emotional hazards,26.0,41.34,46.68,44.77,45.43
05_Schafgasse_1_000015_000080,27,bobby car (red),emotional hazards,30.0,37.11,42.59,40.5,41.31
05_Schafgasse_1_000015_000090,27,bobby car (red),emotional hazards,33.0,33.46,35.28,34.23,34.55
05_Schafgasse_1_000015_000100,27,bobby car (red),emotional hazards,36.0,29.06,31.71,30.54,30.91
05_Schafgasse_1_000015_000110,27,bobby car (red),emotional hazards,41.0,25.47,25.53,24.97,25.14
05_Schafgasse_1_000015_000120,27,bobby car (red),emotional hazards,46.0,21.62,21.0,20.69,20.78
05_Schafgasse_1_000015_000130,27,bobby car (red),emotional hazards,55.0,18.15,16.86,16.6,16.68
05_Schafgasse_1_000015_000140,27,bobby car (red),emotional hazards,68.0,14.93,14.52,14.33,14.4
05_Schafgasse_1_000015_000150,27,bobby car (red),emotional hazards,82.0,12.05,11.68,11.53,11.57
05_Schafgasse_1_000015_000160,27,bobby car (red),emotional hazards,104.0,9.41,9.65,9.58,9.6
05_Schafgasse_1_000015_000170,27,bobby car (red),emotional hazards,135.0,7.29,7.31,7.26,7.28
05_Schafgasse_1_000016_000030,27,bobby car (red),emotional hazards,20.0,52.31,46.96,45.28,45.91
05_Schafgasse_1_000016_000040,27,bobby car (red),emotional hazards,20.0,52.14,52.73,51.11,51.76
05_Schafgasse_1_000016_000050,27,bobby car (red),emotional hazards,22.0,50.19,47.26,45.4,46.18
05_Schafgasse_1_000016_000060,27,bobby car (red),emotional hazards,23.0,48.51,46.49,45.24,45.71
05_Schafgasse_1_000016_000070,27,bobby car (red),emotional hazards,24.0,45.53,44.87,43.48,44.1
05_Schafgasse_1_000016_000080,27,bobby car (red),emotional hazards,25.0,42.22,42.38,40.76,41.36
05_Schafgasse_1_000016_000090,27,bobby car (red),emotional hazards,27.0,38.5,38.44,37.11,37.61
05_Schafgasse_1_000016_000100,27,bobby car (red),emotional hazards,30.0,35.52,36.47,35.15,35.69
05_Schafgasse_1_000016_000110,27,bobby car (red),emotional hazards,34.0,31.6,31.05,29.53,29.96
05_Schafgasse_1_000016_000120,27,bobby car (red),emotional hazards,40.0,27.84,27.42,26.43,26.77
05_Schafgasse_1_000016_000130,27,bobby car (red),emotional hazards,46.0,23.85,24.75,23.55,23.87
05_Schafgasse_1_000016_000140,27,bobby car (red),emotional hazards,48.0,19.86,19.26,18.73,18.91
05_Schafgasse_1_000016_000150,27,bobby car (red),emotional hazards,63.0,16.08,16.75,16.33,16.47
05_Schafgasse_1_000016_000160,27,bobby car (red),emotional hazards,80.0,12.51,11.98,11.67,11.8
05_Schafgasse_1_000016_000170,27,bobby car (red),emotional hazards,108.0,9.15,9.45,9.26,9.32
05_Schafgasse_1_000017_000030,26,bobby car (gray),emotional hazards,19.0,53.49,59.63,57.55,58.34
05_Schafgasse_1_000017_000040,26,bobby car (gray),emotional hazards,21.0,52.37,54.47,51.81,52.85
05_Schafgasse_1_000017_000050,26,bobby car (gray),emotional hazards,21.0,50.96,50.46,47.91,48.77
05_Schafgasse_1_000017_000060,26,bobby car (gray),emotional hazards,21.0,49.46,47.81,46.09,46.88
05_Schafgasse_1_000017_000070,26,bobby car (gray),emotional hazards,22.0,46.12,49.25,47.07,47.9
05_Schafgasse_1_000017_000080,26,bobby car (gray),emotional hazards,26.0,43.18,43.72,42.24,42.79
05_Schafgasse_1_000017_000090,26,bobby car (gray),emotional hazards,27.0,39.46,41.49,39.76,40.31
05_Schafgasse_1_000017_000100,26,bobby car (gray),emotional hazards,30.0,35.81,37.98,36.62,37.1
05_Schafgasse_1_000017_000110,26,bobby car (gray),emotional hazards,32.0,31.94,32.67,31.87,32.15
05_Schafgasse_1_000017_000120,26,bobby car (gray),emotional hazards,35.0,28.26,29.29,28.47,28.71
05_Schafgasse_1_000017_000130,26,bobby car (gray),emotional hazards,42.0,25.01,25.54,24.86,25.09
05_Schafgasse_1_000017_000140,26,bobby car (gray),emotional hazards,49.0,21.2,21.2,20.58,20.82
05_Schafgasse_1_000017_000150,26,bobby car (gray),emotional hazards,57.0,17.74,18.62,18.15,18.33
05_Schafgasse_1_000017_000160,26,bobby car (gray),emotional hazards,70.0,14.1,15.39,15.17,15.22
05_Schafgasse_1_000017_000170,26,bobby car (gray),emotional hazards,92.0,10.89,11.54,11.4,11.46
05_Schafgasse_1_000017_000180,26,bobby car (gray),emotional hazards,127.0,7.91,8.2,8.09,8.13
05_Schafgasse_1_000018_000030,24,dog (white),emotional hazards,22.0,55.19,56.98,55.43,56.12
05_Schafgasse_1_000018_000040,24,dog (white),emotional hazards,23.0,52.2,53.36,51.68,52.39
05_Schafgasse_1_000018_000050,24,dog (white),emotional hazards,24.0,50.77,55.51,53.19,54.31
05_Schafgasse_1_000018_000060,24,dog (white),emotional hazards,25.0,47.4,50.0,48.07,48.84
05_Schafgasse_1_000018_000070,24,dog (white),emotional hazards,26.0,42.78,45.15,43.14,43.97
05_Schafgasse_1_000018_000080,24,dog (white),emotional hazards,29.0,39.39,42.02,40.0,40.74
05_Schafgasse_1_000018_000090,24,dog (white),emotional hazards,32.0,35.21,37.12,35.41,36.11
05_Schafgasse_1_000018_000100,24,dog (white),emotional hazards,37.0,30.59,31.78,30.32,30.88
05_Schafgasse_1_000018_000110,24,dog (white),emotional hazards,43.0,25.71,25.87,25.06,25.36
05_Schafgasse_1_000018_000120,24,dog (white),emotional hazards,50.0,21.02,20.03,19.71,19.81
05_Schafgasse_1_000018_000130,24,dog (white),emotional hazards,62.0,16.71,16.31,16.09,16.17
05_Schafgasse_1_000018_000140,24,dog (white),emotional hazards,77.0,12.49,11.39,11.3,11.32
05_Schafgasse_1_000018_000150,24,dog (white),emotional hazards,111.0,8.45,8.41,8.3,8.35
05_Schafgasse_1_000019_000070,23,dog (black),emotional hazards,21.0,58.47,62.44,58.63,60.23
05_Schafgasse_1_000019_000080,23,dog (black),emotional hazards,23.0,54.36,60.33,56.74,58.13
05_Schafgasse_1_000019_000090,23,dog (black),emotional hazards,23.0,53.5,54.99,52.64,53.6
05_Schafgasse_1_000019_000100,23,dog (black),emotional hazards,26.0,51.45,52.76,49.23,50.6
05_Schafgasse_1_000019_000110,23,dog (black),emotional hazards,28.0,48.86,48.1,45.95,46.93
05_Schafgasse_1_000019_000120,23,dog (black),emotional hazards,32.0,43.86,42.66,40.13,41.09
05_Schafgasse_1_000019_000130,23,dog (black),emotional hazards,30.0,41.58,44.06,41.31,42.59
05_Schafgasse_1_000019_000140,23,dog (black),emotional hazards,32.0,37.64,37.87,35.96,36.72
05_Schafgasse_1_000019_000150,23,dog (black),emotional hazards,37.0,33.25,32.87,31.05,31.95
05_Schafgasse_1_000019_000160,23,dog (black),emotional hazards,44.0,28.7,27.94,26.82,27.27
05_Schafgasse_1_000019_000170,23,dog (black),emotional hazards,49.0,24.77,22.56,21.7,22.23
05_Schafgasse_1_000019_000180,23,dog (black),emotional hazards,58.0,20.05,20.09,19.52,19.93
05_Schafgasse_1_000019_000190,23,dog (black),emotional hazards,68.0,15.91,15.19,14.98,15.09
05_Schafgasse_1_000019_000200,23,dog (black),emotional hazards,88.0,12.12,13.04,12.86,12.91
05_Schafgasse_1_000019_000210,23,dog (black),emotional hazards,125.0,8.76,9.66,9.5,9.59
07_Festplatz_Flugfeld_000000_000030,04,crate (gray),standard objects,7.0,82.26,61.03,54.48,56.4
07_Festplatz_Flugfeld_000000_000030,05,"crate (gray, 2x stacked)",standard objects,11.0,89.7,107.72,84.32,94.87
07_Festplatz_Flugfeld_000000_000030,06,"crate (gray, upright)",standard objects,14.0,105.56,107.65,90.89,101.99
07_Festplatz_Flugfeld_000000_000040,04,crate (gray),standard objects,8.0,77.52,55.75,49.75,52.05
07_Festplatz_Flugfeld_000000_000040,05,"crate (gray, 2x stacked)",standard objects,11.0,91.55,108.54,77.61,91.58
07_Festplatz_Flugfeld_000000_000040,06,"crate (gray, upright)",standard objects,15.0,106.56,102.6,88.96,99.43
07_Festplatz_Flugfeld_000000_000050,04,crate (gray),standard objects,7.0,77.7,51.72,48.16,49.13
07_Festplatz_Flugfeld_000000_000050,05,"crate (gray, 2x stacked)",standard objects,10.0,91.74,107.77,77.31,90.22
07_Festplatz_Flugfeld_000000_000050,06,"crate (gray, upright)",standard objects,15.0,101.97,93.26,77.05,87.97
07_Festplatz_Flugfeld_000000_000060,04,crate (gray),standard objects,7.0,69.69,49.72,46.96,47.79
07_Festplatz_Flugfeld_000000_000060,05,"crate (gray, 2x stacked)",standard objects,11.0,87.81,79.1,58.38,64.06
07_Festplatz_Flugfeld_000000_000060,06,"crate (gray, upright)",standard objects,15.0,99.22,93.91,65.65,81.14
07_Festplatz_Flugfeld_000000_000070,04,crate (gray),standard objects,6.0,66.01,50.13,47.92,48.61
07_Festplatz_Flugfeld_000000_000070,05,"crate (gray, 2x stacked)",standard objects,9.0,82.16,95.94,76.41,82.96
07_Festplatz_Flugfeld_000000_000070,06,"crate (gray, upright)",standard objects,17.0,93.74,87.54,70.92,76.79
07_Festplatz_Flugfeld_000000_000080,04,crate (gray),standard objects,8.0,64.92,51.86,48.65,49.44
07_Festplatz_Flugfeld_000000_000080,05,"crate (gray, 2x stacked)",standard objects,12.0,76.82,103.65,73.98,84.36
07_Festplatz_Flugfeld_000000_000080,06,"crate (gray, upright)",standard objects,17.0,94.08,94.06,73.34,83.93
07_Festplatz_Flugfeld_000000_000090,04,crate (gray),standard objects,7.0,60.87,47.16,44.96,46.03
07_Festplatz_Flugfeld_000000_000090,05,"crate (gray, 2x stacked)",standard objects,14.0,76.05,92.56,64.54,75.65
07_Festplatz_Flugfeld_000000_000090,06,"crate (gray, upright)",standard objects,17.0,90.26,85.33,63.94,73.3
07_Festplatz_Flugfeld_000000_000100,04,crate (gray),standard objects,7.0,55.91,40.66,38.71,39.35
07_Festplatz_Flugfeld_000000_000100,05,"crate (gray, 2x stacked)",standard objects,13.0,70.64,77.91,52.48,58.87
07_Festplatz_Flugfeld_000000_000100,06,"crate (gray, upright)",standard objects,19.0,88.29,82.91,60.87,72.0
07_Festplatz_Flugfeld_000000_000110,05,"crate (gray, 2x stacked)",standard objects,12.0,66.35,52.76,43.14,46.1
07_Festplatz_Flugfeld_000000_000110,04,crate (gray),standard objects,8.0,52.71,37.39,35.66,36.32
07_Festplatz_Flugfeld_000000_000110,06,"crate (gray, upright)",standard objects,20.0,74.82,61.48,46.67,50.03
07_Festplatz_Flugfeld_000000_000120,04,crate (gray),standard objects,9.0,48.99,36.28,34.98,35.35
07_Festplatz_Flugfeld_000000_000120,05,"crate (gray, 2x stacked)",standard objects,13.0,63.95,56.65,43.81,46.19
07_Festplatz_Flugfeld_000000_000120,06,"crate (gray, upright)",standard objects,21.0,68.72,72.82,45.98,52.79
07_Festplatz_Flugfeld_000000_000130,04,crate (gray),standard objects,10.0,44.62,36.45,35.01,35.72
07_Festplatz_Flugfeld_000000_000130,05,"crate (gray, 2x stacked)",standard objects,12.0,58.39,62.69,47.58,51.69
07_Festplatz_Flugfeld_000000_000130,06,"crate (gray, upright)",standard objects,21.0,67.57,55.65,48.68,50.99
07_Festplatz_Flugfeld_000000_000140,04,crate (gray),standard objects,10.0,41.77,37.46,35.6,36.21
07_Festplatz_Flugfeld_000000_000140,05,"crate (gray, 2x stacked)",standard objects,15.0,54.08,54.12,43.75,47.1
07_Festplatz_Flugfeld_000000_000140,06,"crate (gray, upright)",standard objects,22.0,62.49,58.48,49.81,53.56
07_Festplatz_Flugfeld_000000_000150,04,crate (gray),standard objects,15.0,36.81,34.42,32.54,33.17
07_Festplatz_Flugfeld_000000_000150,05,"crate (gray, 2x stacked)",standard objects,16.0,51.62,48.32,41.08,42.94
07_Festplatz_Flugfeld_000000_000150,06,"crate (gray, upright)",standard objects,27.0,57.15,46.15,42.81,44.71
07_Festplatz_Flugfeld_000000_000160,04,crate (gray),standard objects,14.0,33.12,30.56,28.98,29.57
07_Festplatz_Flugfeld_000000_000160,05,"crate (gray, 2x stacked)",standard objects,19.0,47.21,44.66,37.97,39.39
07_Festplatz_Flugfeld_000000_000160,06,"crate (gray, upright)",standard objects,30.0,52.01,39.23,38.64,38.87
07_Festplatz_Flugfeld_000000_000170,04,crate (gray),standard objects,15.0,29.26,30.48,28.97,29.53
07_Festplatz_Flugfeld_000000_000170,05,"crate (gray, 2x stacked)",standard objects,17.0,42.33,42.48,38.72,40.09
07_Festplatz_Flugfeld_000000_000170,06,"crate (gray, upright)",standard objects,28.0,47.45,42.13,41.39,41.74
07_Festplatz_Flugfeld_000000_000180,04,crate (gray),standard objects,20.0,25.63,27.48,26.07,26.58
07_Festplatz_Flugfeld_000000_000180,05,"crate (gray, 2x stacked)",standard objects,21.0,38.45,39.06,35.77,36.66
07_Festplatz_Flugfeld_000000_000180,06,"crate (gray, upright)",standard objects,36.0,43.36,39.74,38.14,38.72
07_Festplatz_Flugfeld_000000_000190,04,crate (gray),standard objects,21.0,21.62,21.5,20.67,20.97
07_Festplatz_Flugfeld_000000_000190,05,"crate (gray, 2x stacked)",standard objects,25.0,36.12,31.71,30.2,30.63
07_Festplatz_Flugfeld_000000_000190,06,"crate (gray, upright)",standard objects,39.0,41.12,32.72,32.03,32.28
07_Festplatz_Flugfeld_000000_000200,04,crate (gray),standard objects,24.0,18.02,18.2,17.47,17.72
07_Festplatz_Flugfeld_000000_000200,05,"crate (gray, 2x stacked)",standard objects,26.0,31.42,29.0,28.3,28.54
07_Festplatz_Flugfeld_000000_000200,06,"crate (gray, upright)",standard objects,42.0,36.24,29.55,28.55,29.02
07_Festplatz_Flugfeld_000000_000210,04,crate (gray),standard objects,34.0,14.06,15.01,14.58,14.75
07_Festplatz_Flugfeld_000000_000210,05,"crate (gray, 2x stacked)",standard objects,32.0,27.28,26.1,25.33,25.65
07_Festplatz_Flugfeld_000000_000210,06,"crate (gray, upright)",standard objects,46.0,31.82,28.65,28.31,28.53
07_Festplatz_Flugfeld_000000_000220,04,crate (gray),standard objects,43.0,10.2,12.96,12.74,12.82
07_Festplatz_Flugfeld_000000_000220,05,"crate (gray, 2x stacked)",standard objects,35.0,23.19,27.78,27.33,27.48
07_Festplatz_Flugfeld_000000_000220,06,"crate (gray, upright)",standard objects,46.0,28.26,31.99,31.84,31.9
07_Festplatz_Flugfeld_000000_000230,05,"crate (gray, 2x stacked)",standard objects,38.0,19.43,22.74,22.32,22.51
07_Festplatz_Flugfeld_000000_000230,06,"crate (gray, upright)",standard objects,58.0,24.98,26.07,25.79,25.91
07_Festplatz_Flugfeld_000000_000240,05,"crate (gray, 2x stacked)",standard objects,51.0,15.84,18.19,17.75,17.94
07_Festplatz_Flugfeld_000000_000240,06,"crate (gray, upright)",standard objects,64.0,20.94,22.1,22.03,22.06
07_Festplatz_Flugfeld_000000_000250,05,"crate (gray, 2x stacked)",standard objects,70.0,12.57,14.23,13.96,14.06
07_Festplatz_Flugfeld_000000_000250,06,"crate (gray, upright)",standard objects,80.0,17.61,19.54,19.37,19.42
07_Festplatz_Flugfeld_000000_000260,05,"crate (gray, 2x stacked)",standard objects,93.0,9.07,11.66,11.57,11.6
07_Festplatz_Flugfeld_000000_000260,06,"crate (gray, upright)",standard objects,97.0,14.11,18.06,17.88,17.98
07_Festplatz_Flugfeld_000001_000030,03,"crate (black, upright)",standard objects,9.0,85.71,53.52,47.38,49.03
07_Festplatz_Flugfeld_000001_000030,02,"crate (black, 2x stacked)",standard objects,9.0,106.69,83.6,64.15,74.81
07_Festplatz_Flugfeld_000001_000030,01,crate (black),standard objects,9.0,102.7,70.77,50.14,54.68
07_Festplatz_Flugfeld_000001_000040,03,"crate (black, upright)",standard objects,7.0,88.02,50.42,45.66,47.24
07_Festplatz_Flugfeld_000001_000040,02,"crate (black, 2x stacked)",standard objects,10.0,104.11,91.61,60.29,73.19
07_Festplatz_Flugfeld_000001_000040,01,crate (black),standard objects,9.0,99.3,66.85,53.22,57.06
07_Festplatz_Flugfeld_000001_000050,03,"crate (black, upright)",standard objects,9.0,84.87,53.92,47.96,49.74
07_Festplatz_Flugfeld_000001_000050,02,"crate (black, 2x stacked)",standard objects,12.0,99.37,95.0,59.38,66.95
07_Festplatz_Flugfeld_000001_000050,01,crate (black),standard objects,10.0,93.4,70.49,57.11,61.16
07_Festplatz_Flugfeld_000001_000060,03,"crate (black, upright)",standard objects,8.0,81.95,55.72,49.26,51.75
07_Festplatz_Flugfeld_000001_000060,02,"crate (black, 2x stacked)",standard objects,11.0,98.24,112.69,72.37,90.95
07_Festplatz_Flugfeld_000001_000060,01,crate (black),standard objects,8.0,86.4,65.86,52.88,58.36
07_Festplatz_Flugfeld_000001_000070,03,"crate (black, upright)",standard objects,9.0,76.92,53.42,46.65,48.13
07_Festplatz_Flugfeld_000001_000070,02,"crate (black, 2x stacked)",standard objects,11.0,99.53,107.05,61.26,75.88
07_Festplatz_Flugfeld_000001_000070,01,crate (black),standard objects,9.0,86.14,65.04,55.26,57.46
07_Festplatz_Flugfeld_000001_000080,03,"crate (black, upright)",standard objects,11.0,73.41,48.17,43.33,44.7
07_Festplatz_Flugfeld_000001_000080,02,"crate (black, 2x stacked)",standard objects,11.0,93.0,79.93,53.23,57.65
07_Festplatz_Flugfeld_000001_000080,01,crate (black),standard objects,9.0,87.15,64.27,54.65,56.94
07_Festplatz_Flugfeld_000001_000090,03,"crate (black, upright)",standard objects,10.0,66.59,44.28,41.16,41.92
07_Festplatz_Flugfeld_000001_000090,02,"crate (black, 2x stacked)",standard objects,13.0,89.45,57.11,46.99,50.34
07_Festplatz_Flugfeld_000001_000090,01,crate (black),standard objects,10.0,80.12,49.35,45.31,46.37
07_Festplatz_Flugfeld_000001_000100,03,"crate (black, upright)",standard objects,10.0,63.14,47.43,44.65,45.55
07_Festplatz_Flugfeld_000001_000100,02,"crate (black, 2x stacked)",standard objects,13.0,82.74,63.92,51.64,53.94
07_Festplatz_Flugfeld_000001_000100,01,crate (black),standard objects,10.0,74.22,56.39,52.89,54.2
07_Festplatz_Flugfeld_000001_000110,03,"crate (black, upright)",standard objects,12.0,58.42,40.02,37.57,38.63
07_Festplatz_Flugfeld_000001_000110,02,"crate (black, 2x stacked)",standard objects,15.0,77.99,55.57,45.72,47.64
07_Festplatz_Flugfeld_000001_000110,01,crate (black),standard objects,11.0,70.76,43.84,40.57,41.39
07_Festplatz_Flugfeld_000001_000120,03,"crate (black, upright)",standard objects,13.0,52.22,40.03,37.33,38.03
07_Festplatz_Flugfeld_000001_000120,02,"crate (black, 2x stacked)",standard objects,14.0,70.93,46.33,42.47,43.81
07_Festplatz_Flugfeld_000001_000120,01,crate (black),standard objects,11.0,64.13,45.63,42.83,43.55
07_Festplatz_Flugfeld_000001_000130,03,"crate (black, upright)",standard objects,14.0,47.56,36.58,34.96,35.57
07_Festplatz_Flugfeld_000001_000130,02,"crate (black, 2x stacked)",standard objects,16.0,67.85,42.44,41.29,41.73
07_Festplatz_Flugfeld_000001_000130,01,crate (black),standard objects,13.0,61.19,44.77,41.21,42.16
07_Festplatz_Flugfeld_000001_000140,03,"crate (black, upright)",standard objects,16.0,43.2,35.27,33.54,34.01
07_Festplatz_Flugfeld_000001_000140,02,"crate (black, 2x stacked)",standard objects,18.0,61.89,45.9,42.77,43.64
07_Festplatz_Flugfeld_000001_000140,01,crate (black),standard objects,15.0,56.38,39.12,37.38,38.0
07_Festplatz_Flugfeld_000001_000150,03,"crate (black, upright)",standard objects,17.0,38.11,33.55,31.91,32.49
07_Festplatz_Flugfeld_000001_000150,02,"crate (black, 2x stacked)",standard objects,19.0,56.3,43.01,39.87,41.14
07_Festplatz_Flugfeld_000001_000150,01,crate (black),standard objects,15.0,51.97,40.89,38.28,39.56
07_Festplatz_Flugfeld_000001_000160,03,"crate (black, upright)",standard objects,20.0,34.27,29.21,28.29,28.54
07_Festplatz_Flugfeld_000001_000160,02,"crate (black, 2x stacked)",standard objects,21.0,50.39,37.65,36.48,36.92
07_Festplatz_Flugfeld_000001_000160,01,crate (black),standard objects,17.0,47.37,34.9,33.65,33.96
07_Festplatz_Flugfeld_000001_000170,02,"crate (black, 2x stacked)",standard objects,22.0,45.74,38.21,36.14,36.57
07_Festplatz_Flugfeld_000001_000170,03,"crate (black, upright)",standard objects,24.0,28.87,28.29,27.68,27.86
07_Festplatz_Flugfeld_000001_000170,01,crate (black),standard objects,20.0,42.13,34.3,33.56,33.76
07_Festplatz_Flugfeld_000001_000180,03,"crate (black, upright)",standard objects,28.0,24.93,24.36,23.82,24.07
07_Festplatz_Flugfeld_000001_000180,02,"crate (black, 2x stacked)",standard objects,27.0,41.72,36.17,35.69,35.9
07_Festplatz_Flugfeld_000001_000180,01,crate (black),standard objects,21.0,36.97,30.23,29.67,29.78
07_Festplatz_Flugfeld_000001_000190,03,"crate (black, upright)",standard objects,31.0,20.76,19.61,19.4,19.49
07_Festplatz_Flugfeld_000001_000190,02,"crate (black, 2x stacked)",standard objects,29.0,36.92,31.67,31.24,31.45
07_Festplatz_Flugfeld_000001_000190,01,crate (black),standard objects,23.0,33.32,28.5,27.85,28.04
07_Festplatz_Flugfeld_000001_000200,03,"crate (black, upright)",standard objects,42.0,16.73,16.91,16.79,16.84
07_Festplatz_Flugfeld_000001_000200,02,"crate (black, 2x stacked)",standard objects,32.0,32.75,31.79,31.2,31.52
07_Festplatz_Flugfeld_000001_000200,01,crate (black),standard objects,28.0,29.38,25.25,24.67,24.89
07_Festplatz_Flugfeld_000001_000210,03,"crate (black, upright)",standard objects,52.0,13.15,15.3,15.12,15.2
07_Festplatz_Flugfeld_000001_000210,02,"crate (black, 2x stacked)",standard objects,37.0,28.95,30.62,29.64,30.05
07_Festplatz_Flugfeld_000001_000210,01,crate (black),standard objects,32.0,25.53,25.53,24.99,25.18
07_Festplatz_Flugfeld_000001_000220,03,"crate (black, upright)",standard objects,72.0,9.81,12.47,12.28,12.35
07_Festplatz_Flugfeld_000001_000220,02,"crate (black, 2x stacked)",standard objects,40.0,25.64,29.37,28.9,29.05
07_Festplatz_Flugfeld_000001_000220,01,crate (black),standard objects,38.0,22.7,24.27,23.9,24.0
07_Festplatz_Flugfeld_000001_000230,02,"crate (black, 2x stacked)",standard objects,48.0,23.07,26.42,25.91,26.22
07_Festplatz_Flugfeld_000001_000230,01,crate (black),standard objects,41.0,19.47,20.41,19.96,20.19
07_Festplatz_Flugfeld_000001_000230,03,"crate (black, upright)",standard objects,103.0,7.16,8.34,8.21,8.26
07_Festplatz_Flugfeld_000002_000190,08,cardboard box,random hazards,11.0,86.86,51.43,46.3,48.32
07_Festplatz_Flugfeld_000002_000190,07,bumper,random hazards,17.0,99.53,70.36,56.44,61.69
07_Festplatz_Flugfeld_000002_000200,08,cardboard box,random hazards,9.0,84.2,48.59,45.46,46.74
07_Festplatz_Flugfeld_000002_000200,07,bumper,random hazards,19.0,96.91,77.93,56.36,63.49
07_Festplatz_Flugfeld_000002_000210,08,cardboard box,random hazards,10.0,86.45,52.84,49.35,50.33
07_Festplatz_Flugfeld_000002_000210,07,bumper,random hazards,18.0,92.53,70.95,59.3,63.41
07_Festplatz_Flugfeld_000002_000220,08,cardboard box,random hazards,10.0,82.79,44.92,42.82,43.55
07_Festplatz_Flugfeld_000002_000220,07,bumper,random hazards,18.0,91.16,60.56,53.02,55.46
07_Festplatz_Flugfeld_000002_000230,08,cardboard box,random hazards,11.0,76.87,44.4,41.65,43.13
07_Festplatz_Flugfeld_000002_000230,07,bumper,random hazards,18.0,84.86,57.19,50.71,53.48
07_Festplatz_Flugfeld_000002_000240,08,cardboard box,random hazards,12.0,74.52,49.71,45.66,47.3
07_Festplatz_Flugfeld_000002_000240,07,bumper,random hazards,18.0,85.14,65.8,55.88,59.89
07_Festplatz_Flugfeld_000002_000250,08,cardboard box,random hazards,13.0,70.26,50.44,46.18,47.36
07_Festplatz_Flugfeld_000002_000250,07,bumper,random hazards,21.0,81.85,57.01,53.94,55.43
07_Festplatz_Flugfeld_000002_000260,08,cardboard box,random hazards,13.0,66.52,51.02,47.18,48.46
07_Festplatz_Flugfeld_000002_000260,07,bumper,random hazards,22.0,79.18,68.0,59.61,63.72
07_Festplatz_Flugfeld_000002_000270,08,cardboard box,random hazards,14.0,65.08,42.02,39.52,40.51
07_Festplatz_Flugfeld_000002_000270,07,bumper,random hazards,23.0,74.13,55.86,47.9,51.07
07_Festplatz_Flugfeld_000002_000280,08,cardboard box,random hazards,16.0,60.11,42.81,39.82,40.89
07_Festplatz_Flugfeld_000002_000280,07,bumper,random hazards,23.0,67.36,48.54,45.84,47.46
07_Festplatz_Flugfeld_000002_000290,08,cardboard box,random hazards,15.0,55.77,39.54,37.12,37.99
07_Festplatz_Flugfeld_000002_000290,07,bumper,random hazards,23.0,64.3,53.27,46.88,50.01
07_Festplatz_Flugfeld_000002_000300,08,cardboard box,random hazards,17.0,50.66,36.45,35.11,35.79
07_Festplatz_Flugfeld_000002_000300,07,bumper,random hazards,26.0,61.45,43.54,41.98,43.1
07_Festplatz_Flugfeld_000002_000310,08,cardboard box,random hazards,19.0,48.05,35.97,34.55,34.93
07_Festplatz_Flugfeld_000002_000310,07,bumper,random hazards,26.0,57.05,45.07,42.5,43.66
07_Festplatz_Flugfeld_000002_000320,08,cardboard box,random hazards,21.0,42.8,34.45,32.83,33.31
07_Festplatz_Flugfeld_000002_000320,07,bumper,random hazards,27.0,51.62,40.8,38.92,40.04
07_Festplatz_Flugfeld_000002_000330,08,cardboard box,random hazards,22.0,39.31,32.33,30.79,31.76
07_Festplatz_Flugfeld_000002_000330,07,bumper,random hazards,30.0,48.6,38.24,37.25,37.66
07_Festplatz_Flugfeld_000002_000340,08,cardboard box,random hazards,24.0,35.66,29.97,29.11,29.37
07_Festplatz_Flugfeld_000002_000340,07,bumper,random hazards,33.0,43.1,36.4,35.22,35.79
07_Festplatz_Flugfeld_000002_000350,08,cardboard box,random hazards,26.0,31.73,25.81,25.26,25.45
07_Festplatz_Flugfeld_000002_000350,07,bumper,random hazards,35.0,40.65,32.11,31.59,31.7
07_Festplatz_Flugfeld_000002_000360,08,cardboard box,random hazards,30.0,28.34,22.39,21.84,22.1
07_Festplatz_Flugfeld_000002_000360,07,bumper,random hazards,39.0,36.23,29.94,28.84,29.41
07_Festplatz_Flugfeld_000002_000370,08,cardboard box,random hazards,40.0,24.87,19.51,19.21,19.31
07_Festplatz_Flugfeld_000002_000370,07,bumper,random hazards,48.0,32.92,28.58,26.99,27.77
07_Festplatz_Flugfeld_000002_000380,08,cardboard box,random hazards,42.0,21.24,18.63,18.46,18.52
07_Festplatz_Flugfeld_000002_000380,07,bumper,random hazards,49.0,29.28,27.49,26.44,26.97
07_Festplatz_Flugfeld_000002_000390,08,cardboard box,random hazards,49.0,18.09,17.23,17.05,17.15
07_Festplatz_Flugfeld_000002_000390,07,bumper,random hazards,58.0,25.89,26.22,25.62,25.79
07_Festplatz_Flugfeld_000002_000400,08,cardboard box,random hazards,59.0,14.72,13.05,12.89,12.97
07_Festplatz_Flugfeld_000002_000400,07,bumper,random hazards,63.0,22.92,22.43,22.06,22.24
07_Festplatz_Flugfeld_000002_000410,08,cardboard box,random hazards,77.0,11.6,10.4,10.29,10.33
07_Festplatz_Flugfeld_000002_000410,07,bumper,random hazards,70.0,19.75,20.25,19.86,20.02
07_Festplatz_Flugfeld_000002_000420,07,bumper,random hazards,84.0,16.84,16.78,16.39,16.52
07_Festplatz_Flugfeld_000002_000420,08,cardboard box,random hazards,105.0,8.65,7.5,7.41,7.44
07_Festplatz_Flugfeld_000002_000430,07,bumper,random hazards,95.0,14.14,14.96,14.7,14.79
07_Festplatz_Flugfeld_000002_000440,07,bumper,random hazards,121.0,11.59,12.55,12.35,12.44
07_Festplatz_Flugfeld_000003_000080,34,styrofoam,random hazards,7.0,79.13,56.81,52.14,53.47
07_Festplatz_Flugfeld_000003_000080,07,bumper,random hazards,14.0,93.2,78.41,66.88,71.34
07_Festplatz_Flugfeld_000003_000090,34,styrofoam,random hazards,5.0,75.12,49.71,46.6,48.07
07_Festplatz_Flugfeld_000003_000090,07,bumper,random hazards,13.0,92.66,70.27,58.88,62.42
07_Festplatz_Flugfeld_000003_000100,34,styrofoam,random hazards,5.0,76.96,45.49,43.68,44.72
07_Festplatz_Flugfeld_000003_000100,07,bumper,random hazards,16.0,89.7,60.41,53.55,56.02
07_Festplatz_Flugfeld_000003_000110,34,styrofoam,random hazards,6.0,70.26,47.7,45.84,46.48
07_Festplatz_Flugfeld_000003_000110,07,bumper,random hazards,17.0,87.15,58.47,54.8,56.19
07_Festplatz_Flugfeld_000003_000120,34,styrofoam,random hazards,5.0,66.83,47.06,45.86,46.29
07_Festplatz_Flugfeld_000003_000120,07,bumper,random hazards,16.0,82.42,60.08,54.72,56.29
07_Festplatz_Flugfeld_000003_000130,34,styrofoam,random hazards,6.0,64.08,42.52,40.99,41.51
07_Festplatz_Flugfeld_000003_000130,07,bumper,random hazards,17.0,79.18,56.87,48.08,50.67
07_Festplatz_Flugfeld_000003_000140,34,styrofoam,random hazards,6.0,62.07,47.06,44.4,45.09
07_Festplatz_Flugfeld_000003_000140,07,bumper,random hazards,18.0,76.01,66.07,56.12,59.52
07_Festplatz_Flugfeld_000003_000150,34,styrofoam,random hazards,5.0,59.47,39.22,38.6,38.84
07_Festplatz_Flugfeld_000003_000150,07,bumper,random hazards,17.0,72.87,54.01,47.89,50.71
07_Festplatz_Flugfeld_000003_000160,34,styrofoam,random hazards,8.0,52.41,37.77,36.25,36.81
07_Festplatz_Flugfeld_000003_000160,07,bumper,random hazards,20.0,66.45,47.9,43.05,44.31
07_Festplatz_Flugfeld_000003_000170,34,styrofoam,random hazards,8.0,49.88,37.27,35.8,36.25
07_Festplatz_Flugfeld_000003_000170,07,bumper,random hazards,23.0,63.95,48.15,44.12,45.35
07_Festplatz_Flugfeld_000003_000180,34,styrofoam,random hazards,9.0,45.84,35.93,34.38,35.17
07_Festplatz_Flugfeld_000003_000180,07,bumper,random hazards,24.0,60.28,45.27,41.21,43.21
07_Festplatz_Flugfeld_000003_000190,34,styrofoam,random hazards,8.0,43.1,33.58,32.44,32.94
07_Festplatz_Flugfeld_000003_000190,07,bumper,random hazards,23.0,58.16,42.36,39.48,40.52
07_Festplatz_Flugfeld_000003_000200,34,styrofoam,random hazards,11.0,40.1,33.55,32.26,32.6
07_Festplatz_Flugfeld_000003_000200,07,bumper,random hazards,25.0,53.63,38.17,36.56,37.11
07_Festplatz_Flugfeld_000003_000210,34,styrofoam,random hazards,12.0,36.15,29.13,28.16,28.56
07_Festplatz_Flugfeld_000003_000210,07,bumper,random hazards,28.0,51.13,36.15,33.93,34.96
07_Festplatz_Flugfeld_000003_000220,34,styrofoam,random hazards,13.0,32.7,28.85,27.79,28.22
07_Festplatz_Flugfeld_000003_000220,07,bumper,random hazards,29.0,47.44,34.99,34.23,34.42
07_Festplatz_Flugfeld_000003_000230,34,styrofoam,random hazards,17.0,29.19,28.41,27.04,27.48
07_Festplatz_Flugfeld_000003_000230,07,bumper,random hazards,31.0,43.27,36.34,34.17,34.97
07_Festplatz_Flugfeld_000003_000240,34,styrofoam,random hazards,17.0,25.79,25.43,24.33,24.75
07_Festplatz_Flugfeld_000003_000240,07,bumper,random hazards,32.0,41.34,32.66,31.39,31.77
07_Festplatz_Flugfeld_000003_000250,34,styrofoam,random hazards,19.0,22.5,21.54,20.66,21.0
07_Festplatz_Flugfeld_000003_000250,07,bumper,random hazards,35.0,37.0,30.3,29.64,29.96
07_Festplatz_Flugfeld_000003_000260,34,styrofoam,random hazards,25.0,18.93,18.38,17.51,17.85
07_Festplatz_Flugfeld_000003_000260,07,bumper,random hazards,38.0,34.24,28.49,27.62,28.02
07_Festplatz_Flugfeld_000003_000270,34,styrofoam,random hazards,28.0,15.5,14.59,13.94,14.19
07_Festplatz_Flugfeld_000003_000270,07,bumper,random hazards,43.0,30.74,25.09,24.38,24.6
07_Festplatz_Flugfeld_000003_000280,34,styrofoam,random hazards,32.0,11.85,12.59,12.17,12.3
07_Festplatz_Flugfeld_000003_000280,07,bumper,random hazards,51.0,26.76,24.12,23.17,23.47
07_Festplatz_Flugfeld_000003_000290,34,styrofoam,random hazards,53.0,8.0,8.42,8.21,8.29
07_Festplatz_Flugfeld_000003_000290,07,bumper,random hazards,56.0,23.24,21.08,20.44,20.6
07_Festplatz_Flugfeld_000003_000300,07,bumper,random hazards,73.0,19.75,19.74,19.06,19.3
07_Festplatz_Flugfeld_000003_000310,07,bumper,random hazards,88.0,16.45,14.93,14.18,14.42
07_Festplatz_Flugfeld_000003_000320,07,bumper,random hazards,114.0,13.15,13.0,12.48,12.7
07_Festplatz_Flugfeld_000003_000330,07,bumper,random hazards,154.0,10.12,11.64,11.0,11.3
07_Festplatz_Flugfeld_000003_000340,07,bumper,random hazards,215.0,7.54,8.51,8.02,8.19
07_Festplatz_Flugfeld_000004_000030,08,cardboard box,random hazards,11.0,57.07,48.11,45.27,46.23
07_Festplatz_Flugfeld_000004_000030,20,tire,random hazards,14.0,51.41,44.87,41.86,42.92
07_Festplatz_Flugfeld_000004_000040,08,cardboard box,random hazards,10.0,55.79,49.87,46.8,47.96
07_Festplatz_Flugfeld_000004_000040,20,tire,random hazards,15.0,50.01,42.21,38.97,40.08
07_Festplatz_Flugfeld_000004_000050,08,cardboard box,random hazards,10.0,56.5,46.46,45.0,45.55
07_Festplatz_Flugfeld_000004_000050,20,tire,random hazards,16.0,48.47,40.15,38.91,39.46
07_Festplatz_Flugfeld_000004_000060,08,cardboard box,random hazards,10.0,51.6,47.18,42.82,44.51
07_Festplatz_Flugfeld_000004_000060,20,tire,random hazards,15.0,48.55,40.75,37.58,38.36
07_Festplatz_Flugfeld_000004_000070,08,cardboard box,random hazards,10.0,50.41,45.6,43.55,44.27
07_Festplatz_Flugfeld_000004_000070,20,tire,random hazards,17.0,45.61,40.43,38.37,39.04
07_Festplatz_Flugfeld_000004_000080,08,cardboard box,random hazards,11.0,47.77,43.05,41.36,41.91
07_Festplatz_Flugfeld_000004_000080,20,tire,random hazards,17.0,44.14,36.85,35.25,35.82
07_Festplatz_Flugfeld_000004_000090,08,cardboard box,random hazards,12.0,45.95,43.01,41.29,41.93
07_Festplatz_Flugfeld_000004_000090,20,tire,random hazards,18.0,41.41,34.57,33.26,33.63
07_Festplatz_Flugfeld_000004_000100,08,cardboard box,random hazards,12.0,43.65,40.14,38.34,38.99
07_Festplatz_Flugfeld_000004_000100,20,tire,random hazards,20.0,38.09,32.42,31.41,31.69
07_Festplatz_Flugfeld_000004_000110,08,cardboard box,random hazards,11.0,40.75,37.68,36.14,36.79
07_Festplatz_Flugfeld_000004_000110,20,tire,random hazards,22.0,33.82,29.73,29.06,29.36
07_Festplatz_Flugfeld_000004_000120,08,cardboard box,random hazards,14.0,36.31,33.99,32.65,33.24
07_Festplatz_Flugfeld_000004_000120,20,tire,random hazards,24.0,31.38,25.62,25.05,25.24
07_Festplatz_Flugfeld_000004_000130,08,cardboard box,random hazards,18.0,32.94,31.52,29.83,30.39
07_Festplatz_Flugfeld_000004_000130,20,tire,random hazards,29.0,28.1,23.72,23.07,23.29
07_Festplatz_Flugfeld_000004_000140,08,cardboard box,random hazards,18.0,30.37,28.37,27.52,27.78
07_Festplatz_Flugfeld_000004_000140,20,tire,random hazards,34.0,23.81,22.09,21.45,21.63
07_Festplatz_Flugfeld_000004_000150,08,cardboard box,random hazards,20.0,26.66,24.45,23.74,23.98
07_Festplatz_Flugfeld_000004_000150,20,tire,random hazards,38.0,20.29,18.25,17.81,17.97
07_Festplatz_Flugfeld_000004_000160,08,cardboard box,random hazards,21.0,23.61,22.3,21.67,21.89
07_Festplatz_Flugfeld_000004_000160,20,tire,random hazards,48.0,17.03,15.35,15.06,15.15
07_Festplatz_Flugfeld_000004_000170,08,cardboard box,random hazards,24.0,20.48,19.06,18.46,18.63
07_Festplatz_Flugfeld_000004_000170,20,tire,random hazards,56.0,13.72,12.72,12.4,12.52
07_Festplatz_Flugfeld_000004_000180,08,cardboard box,random hazards,28.0,17.31,15.8,15.49,15.61
07_Festplatz_Flugfeld_000004_000180,20,tire,random hazards,71.0,10.66,9.97,9.86,9.89
07_Festplatz_Flugfeld_000004_000190,08,cardboard box,random hazards,37.0,14.72,13.23,12.94,13.08
07_Festplatz_Flugfeld_000004_000190,20,tire,random hazards,100.0,7.87,7.45,7.32,7.37
07_Festplatz_Flugfeld_000004_000200,08,cardboard box,random hazards,44.0,11.83,11.01,10.94,10.96
07_Festplatz_Flugfeld_000004_000210,08,cardboard box,random hazards,61.0,9.21,8.34,8.17,8.23
07_Festplatz_Flugfeld_000004_000220,08,cardboard box,random hazards,80.0,6.89,6.55,6.41,6.46
07_Festplatz_Flugfeld_000005_000020,09,crate (blue),random hazards,12.0,45.74,45.15,41.39,42.56
07_Festplatz_Flugfeld_000005_000020,13,exhaust pipe,random hazards,15.0,49.41,48.25,44.01,45.6
07_Festplatz_Flugfeld_000005_000030,09,crate (blue),random hazards,13.0,45.87,44.92,41.34,42.63
07_Festplatz_Flugfeld_000005_000030,13,exhaust pipe,random hazards,16.0,48.42,48.9,45.07,46.36
07_Festplatz_Flugfeld_000005_000040,09,crate (blue),random hazards,12.0,43.7,44.21,40.05,41.31
07_Festplatz_Flugfeld_000005_000040,13,exhaust pipe,random hazards,12.0,47.9,46.79,43.66,44.81
07_Festplatz_Flugfeld_000005_000050,09,crate (blue),random hazards,13.0,43.17,43.93,40.37,41.5
07_Festplatz_Flugfeld_000005_000050,13,exhaust pipe,random hazards,16.0,48.38,46.3,42.55,43.95
07_Festplatz_Flugfeld_000005_000060,09,crate (blue),random hazards,13.0,42.14,43.6,39.43,40.73
07_Festplatz_Flugfeld_000005_000060,13,exhaust pipe,random hazards,16.0,45.16,44.2,41.39,42.43
07_Festplatz_Flugfeld_000005_000070,09,crate (blue),random hazards,15.0,39.95,38.58,36.2,37.06
07_Festplatz_Flugfeld_000005_000070,13,exhaust pipe,random hazards,15.0,44.99,42.61,39.12,40.28
07_Festplatz_Flugfeld_000005_000080,09,crate (blue),random hazards,14.0,37.31,38.6,36.54,37.23
07_Festplatz_Flugfeld_000005_000080,13,exhaust pipe,random hazards,15.0,41.95,41.34,38.95,39.94
07_Festplatz_Flugfeld_000005_000090,09,crate (blue),random hazards,16.0,35.7,36.83,34.44,35.33
07_Festplatz_Flugfeld_000005_000090,13,exhaust pipe,random hazards,20.0,39.95,38.46,36.18,37.02
07_Festplatz_Flugfeld_000005_000100,09,crate (blue),random hazards,16.0,32.85,35.57,33.28,34.08
07_Festplatz_Flugfeld_000005_000100,13,exhaust pipe,random hazards,20.0,37.78,37.53,35.38,36.18
07_Festplatz_Flugfeld_000005_000110,09,crate (blue),random hazards,19.0,30.38,30.54,29.32,29.76
07_Festplatz_Flugfeld_000005_000110,13,exhaust pipe,random hazards,19.0,34.33,32.13,30.25,30.89
07_Festplatz_Flugfeld_000005_000120,09,crate (blue),random hazards,19.0,27.73,26.79,25.86,26.17
07_Festplatz_Flugfeld_000005_000120,13,exhaust pipe,random hazards,27.0,31.85,29.82,27.42,28.15
07_Festplatz_Flugfeld_000005_000130,09,crate (blue),random hazards,25.0,24.88,26.17,25.27,25.57
07_Festplatz_Flugfeld_000005_000130,13,exhaust pipe,random hazards,29.0,28.88,30.57,28.09,28.97
07_Festplatz_Flugfeld_000005_000140,09,crate (blue),random hazards,26.0,21.7,22.31,21.76,21.95
07_Festplatz_Flugfeld_000005_000140,13,exhaust pipe,random hazards,29.0,25.85,25.52,24.25,24.66
07_Festplatz_Flugfeld_000005_000150,09,crate (blue),random hazards,31.0,18.88,18.91,18.34,18.57
07_Festplatz_Flugfeld_000005_000150,13,exhaust pipe,random hazards,31.0,23.06,22.66,21.17,21.65
07_Festplatz_Flugfeld_000005_000160,09,crate (blue),random hazards,38.0,15.82,16.15,15.75,15.91
07_Festplatz_Flugfeld_000005_000160,13,exhaust pipe,random hazards,37.0,19.94,20.39,19.17,19.54
07_Festplatz_Flugfeld_000005_000170,09,crate (blue),random hazards,44.0,12.9,13.06,12.73,12.87
07_Festplatz_Flugfeld_000005_000170,13,exhaust pipe,random hazards,43.0,17.13,16.56,15.79,16.01
07_Festplatz_Flugfeld_000005_000180,13,exhaust pipe,random hazards,54.0,14.19,14.02,13.26,13.43
07_Festplatz_Flugfeld_000005_000180,09,crate (blue),random hazards,61.0,10.04,10.49,10.26,10.36
07_Festplatz_Flugfeld_000005_000190,09,crate (blue),random hazards,90.0,7.07,7.39,7.26,7.31
07_Festplatz_Flugfeld_000005_000190,13,exhaust pipe,random hazards,73.0,11.34,10.89,10.37,10.5
07_Festplatz_Flugfeld_000005_000200,13,exhaust pipe,random hazards,99.0,8.56,7.84,7.59,7.67
15_Rechbergstr_Deckenpfronn_000000_000040,39,kid (walking),humans,52.0,44.16,50.42,49.32,49.93
15_Rechbergstr_Deckenpfronn_000000_000040,40,kid (on a bobby car),humans,48.0,43.18,49.71,49.31,49.5
15_Rechbergstr_Deckenpfronn_000000_000050,40,kid (on a bobby car),humans,51.0,43.23,52.23,51.19,51.6
15_Rechbergstr_Deckenpfronn_000000_000060,39,kid (walking),humans,28.0,44.4,52.66,51.48,51.72
15_Rechbergstr_Deckenpfronn_000000_000060,40,kid (on a bobby car),humans,48.0,43.39,51.14,50.16,50.53
15_Rechbergstr_Deckenpfronn_000000_000070,39,kid (walking),humans,31.0,45.04,54.86,51.61,52.39
15_Rechbergstr_Deckenpfronn_000000_000070,40,kid (on a bobby car),humans,49.0,43.31,51.09,50.19,50.55
15_Rechbergstr_Deckenpfronn_000000_000080,39,kid (walking),humans,50.0,45.09,50.82,46.16,48.74
15_Rechbergstr_Deckenpfronn_000000_000080,40,kid (on a bobby car),humans,50.0,43.24,52.72,51.65,52.05
15_Rechbergstr_Deckenpfronn_000000_000090,40,kid (on a bobby car),humans,50.0,43.31,52.42,51.48,51.86
15_Rechbergstr_Deckenpfronn_000000_000100,41,kid (on a small bobby car),humans,38.0,44.74,53.38,51.7,52.24
15_Rechbergstr_Deckenpfronn_000000_000100,40,kid (on a bobby car),humans,49.0,43.47,52.12,51.06,51.43
15_Rechbergstr_Deckenpfronn_000000_000110,41,kid (on a small bobby car),humans,38.0,46.37,56.99,54.01,54.66
15_Rechbergstr_Deckenpfronn_000000_000110,40,kid (on a bobby car),humans,46.0,43.64,53.31,52.82,52.97
15_Rechbergstr_Deckenpfronn_000000_000120,40,kid (on a bobby car),humans,45.0,44.11,53.49,52.93,53.06
15_Rechbergstr_Deckenpfronn_000000_000120,41,kid (on a small bobby car),humans,37.0,46.99,61.22,58.4,59.56
15_Rechbergstr_Deckenpfronn_000000_000130,40,kid (on a bobby car),humans,47.0,45.48,54.62,54.05,54.33
15_Rechbergstr_Deckenpfronn_000000_000130,41,kid (on a small bobby car),humans,36.0,47.81,62.54,59.63,60.99
15_Rechbergstr_Deckenpfronn_000000_000140,40,kid (on a bobby car),humans,46.0,47.36,57.29,56.79,56.92
15_Rechbergstr_Deckenpfronn_000000_000140,41,kid (on a small bobby car),humans,37.0,47.34,61.58,58.96,60.18
15_Rechbergstr_Deckenpfronn_000000_000150,40,kid (on a bobby car),humans,47.0,48.08,56.48,55.53,55.96
15_Rechbergstr_Deckenpfronn_000000_000150,41,kid (on a small bobby car),humans,38.0,47.74,59.24,56.81,58.03
15_Rechbergstr_Deckenpfronn_000000_000160,40,kid (on a bobby car),humans,47.0,47.93,60.12,58.76,59.45
15_Rechbergstr_Deckenpfronn_000000_000160,41,kid (on a small bobby car),humans,37.0,47.58,59.6,57.36,58.25
15_Rechbergstr_Deckenpfronn_000000_000170,40,kid (on a bobby car),humans,48.0,48.64,60.76,59.75,60.12
15_Rechbergstr_Deckenpfronn_000000_000170,41,kid (on a small bobby car),humans,37.0,47.76,62.25,59.76,60.71
15_Rechbergstr_Deckenpfronn_000000_000180,40,kid (on a bobby car),humans,48.0,47.81,61.01,59.77,60.15
15_Rechbergstr_Deckenpfronn_000000_000180,41,kid (on a small bobby car),humans,37.0,47.54,61.55,59.42,60.23
15_Rechbergstr_Deckenpfronn_000001_000040,41,kid (on a small bobby car),humans,25.0,62.59,80.79,72.11,74.39
15_Rechbergstr_Deckenpfronn_000001_000040,40,kid (on a bobby car),humans,12.0,67.15,79.62,74.6,76.32
15_Rechbergstr_Deckenpfronn_000001_000040,39,kid (walking),humans,34.0,64.3,74.07,71.28,72.09
15_Rechbergstr_Deckenpfronn_000001_000040,40,kid (on a bobby car),humans,28.0,62.68,70.57,69.55,69.97
15_Rechbergstr_Deckenpfronn_000001_000050,40,kid (on a bobby car),humans,25.0,63.6,71.71,70.49,71.0
15_Rechbergstr_Deckenpfronn_000001_000050,41,kid (on a small bobby car),humans,26.0,62.04,78.99,70.82,73.26
15_Rechbergstr_Deckenpfronn_000001_000050,39,kid (walking),humans,33.0,64.56,74.73,72.43,73.19
15_Rechbergstr_Deckenpfronn_000001_000050,40,kid (on a bobby car),humans,28.0,62.46,70.11,69.11,69.48
15_Rechbergstr_Deckenpfronn_000001_000060,41,kid (on a small bobby car),humans,26.0,61.57,81.25,74.0,76.25
15_Rechbergstr_Deckenpfronn_000001_000060,40,kid (on a bobby car),humans,27.0,63.86,74.59,73.34,73.82
15_Rechbergstr_Deckenpfronn_000001_000060,39,kid (walking),humans,35.0,64.82,79.69,76.79,77.63
15_Rechbergstr_Deckenpfronn_000001_000060,40,kid (on a bobby car),humans,30.0,62.71,72.45,71.34,71.79
15_Rechbergstr_Deckenpfronn_000001_000070,41,kid (on a small bobby car),humans,26.0,61.81,78.75,72.01,73.86
15_Rechbergstr_Deckenpfronn_000001_000070,40,kid (on a bobby car),humans,26.0,63.73,71.71,70.24,70.84
15_Rechbergstr_Deckenpfronn_000001_000070,39,kid (walking),humans,35.0,64.05,76.9,73.54,74.45
15_Rechbergstr_Deckenpfronn_000001_000070,40,kid (on a bobby car),humans,28.0,62.74,69.09,67.88,68.46
15_Rechbergstr_Deckenpfronn_000001_000080,40,kid (on a bobby car),humans,34.0,63.79,69.85,68.55,69.02
15_Rechbergstr_Deckenpfronn_000001_000080,41,kid (on a small bobby car),humans,27.0,62.37,81.73,71.28,74.04
15_Rechbergstr_Deckenpfronn_000001_000080,39,kid (walking),humans,35.0,63.64,73.44,71.05,71.79
15_Rechbergstr_Deckenpfronn_000001_000080,40,kid (on a bobby car),humans,29.0,62.98,67.99,67.04,67.46
15_Rechbergstr_Deckenpfronn_000001_000090,40,kid (on a bobby car),humans,28.0,63.56,64.81,63.82,64.24
15_Rechbergstr_Deckenpfronn_000001_000090,39,kid (walking),humans,34.0,63.76,65.64,64.45,64.88
15_Rechbergstr_Deckenpfronn_000001_000090,40,kid (on a bobby car),humans,27.0,62.13,63.31,62.76,62.97
15_Rechbergstr_Deckenpfronn_000001_000090,41,kid (on a small bobby car),humans,26.0,62.34,76.18,67.03,69.53
15_Rechbergstr_Deckenpfronn_000001_000100,40,kid (on a bobby car),humans,34.0,62.86,68.5,66.93,67.57
15_Rechbergstr_Deckenpfronn_000001_000100,41,kid (on a small bobby car),humans,27.0,62.46,79.44,72.5,75.18
15_Rechbergstr_Deckenpfronn_000001_000100,39,kid (walking),humans,33.0,62.98,67.07,66.32,66.59
15_Rechbergstr_Deckenpfronn_000001_000100,40,kid (on a bobby car),humans,17.0,62.19,65.99,65.61,65.75
15_Rechbergstr_Deckenpfronn_000001_000110,40,kid (on a bobby car),humans,36.0,62.8,65.78,64.33,64.89
15_Rechbergstr_Deckenpfronn_000001_000110,41,kid (on a small bobby car),humans,28.0,63.01,70.85,66.84,68.08
15_Rechbergstr_Deckenpfronn_000001_000110,40,kid (on a bobby car),humans,14.0,61.72,63.55,63.05,63.27
15_Rechbergstr_Deckenpfronn_000001_000120,41,kid (on a small bobby car),humans,26.0,61.54,63.94,63.4,63.74
15_Rechbergstr_Deckenpfronn_000001_000120,40,kid (on a bobby car),humans,18.0,61.81,65.16,64.72,64.88
15_Rechbergstr_Deckenpfronn_000001_000120,40,kid (on a bobby car),humans,36.0,63.86,67.32,65.18,66.0
15_Rechbergstr_Deckenpfronn_000001_000130,41,kid (on a small bobby car),humans,26.0,61.92,70.41,68.59,69.13
15_Rechbergstr_Deckenpfronn_000001_000130,40,kid (on a bobby car),humans,35.0,63.6,68.25,66.45,67.04
15_Rechbergstr_Deckenpfronn_000001_000130,40,kid (on a bobby car),humans,13.0,61.13,65.97,65.67,65.78
15_Rechbergstr_Deckenpfronn_000001_000140,41,kid (on a small bobby car),humans,28.0,61.72,79.51,74.14,75.9
15_Rechbergstr_Deckenpfronn_000001_000140,40,kid (on a bobby car),humans,22.0,60.56,67.84,67.57,67.64
15_Rechbergstr_Deckenpfronn_000001_000140,40,kid (on a bobby car),humans,35.0,63.76,69.56,68.22,68.75
15_Rechbergstr_Deckenpfronn_000001_000150,41,kid (on a small bobby car),humans,27.0,61.75,76.58,71.97,73.47
15_Rechbergstr_Deckenpfronn_000001_000150,40,kid (on a bobby car),humans,39.0,63.51,69.49,67.87,68.43
15_Rechbergstr_Deckenpfronn_000001_000150,40,kid (on a bobby car),humans,20.0,60.87,67.61,67.34,67.47
15_Rechbergstr_Deckenpfronn_000001_000160,41,kid (on a small bobby car),humans,26.0,61.81,76.9,73.07,74.41
15_Rechbergstr_Deckenpfronn_000001_000160,40,kid (on a bobby car),humans,36.0,64.53,68.58,66.98,67.58
15_Rechbergstr_Deckenpfronn_000001_000160,40,kid (on a bobby car),humans,21.0,62.13,66.66,66.33,66.47
15_Rechbergstr_Deckenpfronn_000001_000170,41,kid (on a small bobby car),humans,26.0,61.98,80.62,75.37,77.05
15_Rechbergstr_Deckenpfronn_000001_000170,40,kid (on a bobby car),humans,12.0,64.53,74.33,73.02,73.47
15_Rechbergstr_Deckenpfronn_000001_000170,40,kid (on a bobby car),humans,29.0,64.01,72.12,70.85,71.31
15_Rechbergstr_Deckenpfronn_000001_000170,39,kid (walking),humans,30.0,64.08,73.01,71.3,71.98
15_Rechbergstr_Deckenpfronn_000001_000170,40,kid (on a bobby car),humans,29.0,62.34,70.39,69.49,69.86
15_Rechbergstr_Deckenpfronn_000001_000180,41,kid (on a small bobby car),humans,27.0,62.16,78.41,73.27,74.82
15_Rechbergstr_Deckenpfronn_000001_000180,40,kid (on a bobby car),humans,12.0,65.64,71.82,69.74,70.62
15_Rechbergstr_Deckenpfronn_000001_000180,40,kid (on a bobby car),humans,27.0,63.86,68.41,67.4,67.76
15_Rechbergstr_Deckenpfronn_000001_000180,39,kid (walking),humans,31.0,65.21,69.97,68.41,68.91
15_Rechbergstr_Deckenpfronn_000001_000180,40,kid (on a bobby car),humans,28.0,62.46,67.12,66.3,66.67
15_Rechbergstr_Deckenpfronn_000001_000190,41,kid (on a small bobby car),humans,26.0,61.66,83.41,76.53,78.81
15_Rechbergstr_Deckenpfronn_000001_000190,40,kid (on a bobby car),humans,13.0,64.41,78.83,71.08,73.15
15_Rechbergstr_Deckenpfronn_000001_000190,39,kid (walking),humans,30.0,63.95,71.6,69.6,70.16
15_Rechbergstr_Deckenpfronn_000001_000190,40,kid (on a bobby car),humans,38.0,61.63,67.47,66.03,66.62
15_Rechbergstr_Deckenpfronn_000001_000200,40,kid (on a bobby car),humans,15.0,68.36,75.25,67.46,68.99
15_Rechbergstr_Deckenpfronn_000001_000200,39,kid (walking),humans,22.0,67.5,69.17,66.47,67.27
15_Rechbergstr_Deckenpfronn_000001_000200,41,kid (on a small bobby car),humans,27.0,62.22,77.86,71.59,73.52
15_Rechbergstr_Deckenpfronn_000001_000200,40,kid (on a bobby car),humans,29.0,61.89,64.29,62.67,63.28
15_Rechbergstr_Deckenpfronn_000001_000210,41,kid (on a small bobby car),humans,26.0,61.89,79.05,72.29,74.34
15_Rechbergstr_Deckenpfronn_000001_000210,40,kid (on a bobby car),humans,15.0,63.29,65.96,64.36,65.05
15_Rechbergstr_Deckenpfronn_000001_000210,40,kid (on a bobby car),humans,34.0,61.13,63.18,62.19,62.51
15_Rechbergstr_Deckenpfronn_000001_000220,41,kid (on a small bobby car),humans,26.0,62.07,86.01,79.52,81.7
15_Rechbergstr_Deckenpfronn_000001_000220,40,kid (on a bobby car),humans,21.0,64.59,82.19,73.67,77.33
15_Rechbergstr_Deckenpfronn_000001_000220,40,kid (on a bobby car),humans,34.0,60.93,68.64,67.6,68.0
15_Rechbergstr_Deckenpfronn_000001_000230,40,kid (on a bobby car),humans,18.0,64.33,70.64,68.88,69.76
15_Rechbergstr_Deckenpfronn_000001_000230,41,kid (on a small bobby car),humans,27.0,62.65,72.95,69.59,70.55
15_Rechbergstr_Deckenpfronn_000001_000230,40,kid (on a bobby car),humans,34.0,60.67,61.97,61.32,61.6
15_Rechbergstr_Deckenpfronn_000001_000240,40,kid (on a bobby car),humans,20.0,64.33,73.12,71.6,72.14
15_Rechbergstr_Deckenpfronn_000001_000240,41,kid (on a small bobby car),humans,26.0,61.6,74.11,71.43,72.21
15_Rechbergstr_Deckenpfronn_000001_000240,40,kid (on a bobby car),humans,33.0,61.72,65.88,64.75,65.04
15_Rechbergstr_Deckenpfronn_000001_000250,40,kid (on a bobby car),humans,16.0,63.42,67.27,66.53,66.88
15_Rechbergstr_Deckenpfronn_000001_000250,41,kid (on a small bobby car),humans,26.0,62.8,66.85,66.06,66.34
15_Rechbergstr_Deckenpfronn_000001_000250,40,kid (on a bobby car),humans,34.0,61.81,62.99,62.22,62.46
15_Rechbergstr_Deckenpfronn_000001_000260,40,kid (on a bobby car),humans,21.0,62.43,69.04,68.09,68.52
15_Rechbergstr_Deckenpfronn_000001_000260,41,kid (on a small bobby car),humans,26.0,61.88,67.65,66.79,67.08
15_Rechbergstr_Deckenpfronn_000001_000260,40,kid (on a bobby car),humans,33.0,61.84,66.91,65.9,66.35
15_Rechbergstr_Deckenpfronn_000001_000270,41,kid (on a small bobby car),humans,26.0,61.84,65.32,65.06,65.25
15_Rechbergstr_Deckenpfronn_000001_000270,40,kid (on a bobby car),humans,33.0,61.78,65.64,65.15,65.3
15_Rechbergstr_Deckenpfronn_000001_000270,39,kid (walking),humans,33.0,64.43,70.76,68.74,69.48
15_Rechbergstr_Deckenpfronn_000001_000280,39,kid (walking),humans,33.0,64.46,75.75,73.82,74.57
15_Rechbergstr_Deckenpfronn_000001_000280,39,kid (walking),humans,33.0,63.98,74.88,71.64,73.36
15_Rechbergstr_Deckenpfronn_000001_000280,40,kid (on a bobby car),humans,33.0,61.98,66.08,64.56,65.23
15_Rechbergstr_Deckenpfronn_000001_000290,41,kid (on a small bobby car),humans,26.0,61.87,63.17,62.44,62.7
15_Rechbergstr_Deckenpfronn_000001_000290,40,kid (on a bobby car),humans,34.0,61.63,62.44,61.73,61.99
15_Rechbergstr_Deckenpfronn_000001_000290,39,kid (walking),humans,33.0,63.7,72.48,70.43,71.49
15_Rechbergstr_Deckenpfronn_000001_000290,39,kid (walking),humans,34.0,63.57,71.39,69.65,70.32
15_Rechbergstr_Deckenpfronn_000001_000300,40,kid (on a bobby car),humans,34.0,62.04,66.76,65.77,66.12
15_Rechbergstr_Deckenpfronn_000001_000300,41,kid (on a small bobby car),humans,26.0,62.46,68.71,67.71,68.12
15_Rechbergstr_Deckenpfronn_000001_000300,39,kid (walking),humans,33.0,63.89,78.72,76.68,77.57
15_Rechbergstr_Deckenpfronn_000001_000300,39,kid (walking),humans,34.0,64.21,80.01,78.02,78.78
15_Rechbergstr_Deckenpfronn_000002_000130,40,kid (on a bobby car),humans,57.0,41.8,41.99,39.33,40.01
15_Rechbergstr_Deckenpfronn_000002_000140,40,kid (on a bobby car),humans,55.0,37.5,41.46,40.06,40.41
15_Rechbergstr_Deckenpfronn_000002_000150,40,kid (on a bobby car),humans,60.0,35.88,40.15,38.93,39.39
15_Rechbergstr_Deckenpfronn_000002_000160,40,kid (on a bobby car),humans,63.0,33.36,37.8,36.44,36.9
15_Rechbergstr_Deckenpfronn_000002_000170,40,kid (on a bobby car),humans,66.0,31.83,34.14,33.59,33.84
15_Rechbergstr_Deckenpfronn_000002_000180,40,kid (on a bobby car),humans,71.0,31.04,34.64,34.02,34.22
15_Rechbergstr_Deckenpfronn_000003_000120,40,kid (on a bobby car),humans,59.0,36.89,44.58,42.56,43.22
15_Rechbergstr_Deckenpfronn_000003_000130,40,kid (on a bobby car),humans,62.0,35.36,41.85,40.45,41.07
15_Rechbergstr_Deckenpfronn_000003_000140,40,kid (on a bobby car),humans,67.0,31.98,36.23,35.89,36.07
15_Rechbergstr_Deckenpfronn_000003_000150,40,kid (on a bobby car),humans,70.0,30.42,33.4,32.82,33.02
15_Rechbergstr_Deckenpfronn_000003_000160,40,kid (on a bobby car),humans,76.0,28.11,31.66,30.67,31.0
15_Rechbergstr_Deckenpfronn_000003_000170,40,kid (on a bobby car),humans,83.0,25.69,29.19,28.26,28.81
15_Rechbergstr_Deckenpfronn_000004_000150,41,kid (on a small bobby car),humans,40.0,42.73,48.53,46.82,47.49
15_Rechbergstr_Deckenpfronn_000004_000160,41,kid (on a small bobby car),humans,41.0,40.22,48.01,46.34,46.99
15_Rechbergstr_Deckenpfronn_000004_000170,41,kid (on a small bobby car),humans,44.0,37.22,43.78,42.32,42.89
15_Rechbergstr_Deckenpfronn_000004_000180,41,kid (on a small bobby car),humans,48.0,35.79,39.52,38.77,39.07
15_Rechbergstr_Deckenpfronn_000004_000190,41,kid (on a small bobby car),humans,51.0,32.83,37.23,36.2,36.58
15_Rechbergstr_Deckenpfronn_000004_000200,41,kid (on a small bobby car),humans,56.0,31.3,35.0,34.59,34.77
15_Rechbergstr_Deckenpfronn_000004_000210,41,kid (on a small bobby car),humans,59.0,28.25,31.46,30.86,31.11
15_Rechbergstr_Deckenpfronn_000004_000220,41,kid (on a small bobby car),humans,65.0,25.91,29.0,28.36,28.54
15_Rechbergstr_Deckenpfronn_000004_000230,41,kid (on a small bobby car),humans,71.0,23.51,26.23,25.25,25.47
15_Rechbergstr_Deckenpfronn_000004_000240,41,kid (on a small bobby car),humans,79.0,21.23,22.65,22.25,22.37
15_Rechbergstr_Deckenpfronn_000004_000250,41,kid (on a small bobby car),humans,87.0,19.39,20.78,20.43,20.51
15_Rechbergstr_Deckenpfronn_000004_000260,41,kid (on a small bobby car),humans,95.0,17.54,19.5,19.21,19.32
15_Rechbergstr_Deckenpfronn_000004_000270,41,kid (on a small bobby car),humans,108.0,15.74,16.77,16.6,16.64
15_Rechbergstr_Deckenpfronn_000004_000280,41,kid (on a small bobby car),humans,120.0,14.11,15.36,15.15,15.24
15_Rechbergstr_Deckenpfronn_000004_000290,41,kid (on a small bobby car),humans,132.0,13.19,14.37,14.22,14.29
15_Rechbergstr_Deckenpfronn_000005_000020,42,kid (crawling),humans,85.0,12.41,13.54,13.42,13.45
15_Rechbergstr_Deckenpfronn_000005_000030,42,kid (crawling),humans,82.0,12.47,13.33,13.24,13.27
15_Rechbergstr_Deckenpfronn_000005_000040,42,kid (crawling),humans,84.0,12.54,13.66,13.56,13.6
15_Rechbergstr_Deckenpfronn_000005_000050,42,kid (crawling),humans,82.0,12.6,13.72,13.6,13.63
15_Rechbergstr_Deckenpfronn_000005_000060,42,kid (crawling),humans,74.0,12.66,13.94,13.76,13.83
15_Rechbergstr_Deckenpfronn_000005_000070,42,kid (crawling),humans,67.0,12.69,14.09,13.97,14.01
15_Rechbergstr_Deckenpfronn_000005_000080,42,kid (crawling),humans,68.0,12.68,13.72,13.59,13.63
15_Rechbergstr_Deckenpfronn_000005_000090,42,kid (crawling),humans,69.0,12.71,13.95,13.84,13.89
15_Rechbergstr_Deckenpfronn_000005_000100,42,kid (crawling),humans,76.0,12.71,13.79,13.69,13.71
15_Rechbergstr_Deckenpfronn_000006_000090,39,kid (walking),humans,45.0,48.24,53.58,51.55,52.3
15_Rechbergstr_Deckenpfronn_000006_000100,39,kid (walking),humans,47.0,45.15,51.52,50.5,50.66
15_Rechbergstr_Deckenpfronn_000006_000110,39,kid (walking),humans,49.0,43.56,49.93,48.0,48.45
15_Rechbergstr_Deckenpfronn_000006_000120,39,kid (walking),humans,52.0,42.37,43.51,43.11,43.31
15_Rechbergstr_Deckenpfronn_000006_000130,39,kid (walking),humans,53.0,41.58,40.72,40.14,40.35
15_Rechbergstr_Deckenpfronn_000006_000140,39,kid (walking),humans,55.0,40.46,43.55,43.08,43.31
15_Rechbergstr_Deckenpfronn_000006_000160,39,kid (walking),humans,68.0,36.15,40.36,39.53,39.69
15_Rechbergstr_Deckenpfronn_000006_000170,39,kid (walking),humans,72.0,33.22,41.47,41.0,41.14
15_Rechbergstr_Deckenpfronn_000006_000180,39,kid (walking),humans,75.0,31.62,34.86,34.15,34.46
15_Rechbergstr_Deckenpfronn_000006_000190,39,kid (walking),humans,79.0,29.68,32.7,32.23,32.34
15_Rechbergstr_Deckenpfronn_000006_000200,39,kid (walking),humans,84.0,28.1,29.62,28.94,29.11
15_Rechbergstr_Deckenpfronn_000006_000210,39,kid (walking),humans,89.0,26.16,27.59,27.26,27.37
15_Rechbergstr_Deckenpfronn_000006_000220,39,kid (walking),humans,98.0,25.04,27.67,27.08,27.28
15_Rechbergstr_Deckenpfronn_000006_000230,39,kid (walking),humans,103.0,23.08,27.24,26.89,27.04
15_Rechbergstr_Deckenpfronn_000006_000230,39,kid (walking),humans,95.0,23.73,28.51,27.85,28.02
15_Rechbergstr_Deckenpfronn_000006_000240,39,kid (walking),humans,101.0,22.19,27.47,26.99,27.18
15_Rechbergstr_Deckenpfronn_000006_000250,39,kid (walking),humans,110.0,20.55,24.66,24.3,24.44
15_Rechbergstr_Deckenpfronn_000006_000260,39,kid (walking),humans,118.0,19.23,22.24,22.03,22.13
15_Rechbergstr_Deckenpfronn_000006_000270,39,kid (walking),humans,126.0,18.01,20.75,19.89,20.56
15_Rechbergstr_Deckenpfronn_000006_000280,39,kid (walking),humans,135.0,16.78,18.55,18.41,18.46
15_Rechbergstr_Deckenpfronn_000006_000320,39,kid (walking),humans,198.0,11.95,13.97,13.41,13.7
15_Rechbergstr_Deckenpfronn_000006_000330,39,kid (walking),humans,208.0,11.0,13.22,12.77,12.93
15_Rechbergstr_Deckenpfronn_000006_000340,39,kid (walking),humans,218.0,10.55,11.9,11.72,11.82
15_Rechbergstr_Deckenpfronn_000006_000350,39,kid (walking),humans,233.0,10.21,11.95,11.84,11.89
15_Rechbergstr_Deckenpfronn_000007_000050,39,kid (walking),humans,46.0,50.76,66.08,65.34,65.58
15_Rechbergstr_Deckenpfronn_000007_000060,39,kid (walking),humans,46.0,50.35,63.86,63.18,63.34
15_Rechbergstr_Deckenpfronn_000007_000070,39,kid (walking),humans,45.0,49.94,60.36,59.41,59.59
15_Rechbergstr_Deckenpfronn_000007_000080,39,kid (walking),humans,47.0,49.5,60.94,60.06,60.33
15_Rechbergstr_Deckenpfronn_000007_000090,39,kid (walking),humans,48.0,49.38,58.91,58.07,58.34
15_Rechbergstr_Deckenpfronn_000007_000150,39,kid (walking),humans,64.0,38.21,42.96,41.82,42.16
15_Rechbergstr_Deckenpfronn_000007_000160,39,kid (walking),humans,65.0,36.33,40.89,39.97,40.38
15_Rechbergstr_Deckenpfronn_000007_000170,39,kid (walking),humans,68.0,34.63,38.9,37.73,38.15
15_Rechbergstr_Deckenpfronn_000007_000180,39,kid (walking),humans,74.0,31.96,32.98,31.73,31.93
15_Rechbergstr_Deckenpfronn_000007_000190,39,kid (walking),humans,78.0,29.63,30.12,28.85,29.31
15_Rechbergstr_Deckenpfronn_000007_000200,39,kid (walking),humans,84.0,27.9,29.38,28.36,28.65
15_Rechbergstr_Deckenpfronn_000007_000230,39,kid (walking),humans,98.0,22.7,26.2,25.92,26.02
15_Rechbergstr_Deckenpfronn_000007_000240,39,kid (walking),humans,105.0,21.11,22.94,22.6,22.71
15_Rechbergstr_Deckenpfronn_000007_000250,39,kid (walking),humans,110.0,19.78,21.87,21.67,21.76
15_Rechbergstr_Deckenpfronn_000007_000260,39,kid (walking),humans,117.0,18.57,20.95,20.38,20.55
15_Rechbergstr_Deckenpfronn_000007_000270,39,kid (walking),humans,125.0,17.83,19.68,19.33,19.5
15_Rechbergstr_Deckenpfronn_000007_000280,39,kid (walking),humans,132.0,16.9,18.59,18.14,18.28
15_Rechbergstr_Deckenpfronn_000007_000350,39,kid (walking),humans,150.0,14.55,16.73,16.57,16.64
15_Rechbergstr_Deckenpfronn_000007_000360,39,kid (walking),humans,152.0,14.74,17.46,17.3,17.33
