frame,scene,condition,class,category,predicted_class,visibility,box_height_px,true_centre_m,true_nearest_surface_m,lateral_gap_m,depth-pro_median,depth-pro_p10,depth-pro_p25,in_path
e3d495d4ac534d54b321f50006683844,scene-0061,day,car,vehicle.car,car,v80-100,52.9,40.04,37.99,2.14,36.84,36.02,36.02,False
e3d495d4ac534d54b321f50006683844,scene-0061,day,car,vehicle.car,car,v80-100,65.0,35.09,33.02,4.9,31.75,31.17,31.17,False
e3d495d4ac534d54b321f50006683844,scene-0061,day,car,vehicle.car,bus,v80-100,71.8,37.65,35.27,1.17,33.08,32.98,33.08,True
e3d495d4ac534d54b321f50006683844,scene-0061,day,truck,vehicle.truck,car,v60-80,61.8,45.84,43.53,5.51,45.03,41.06,42.66,False
e3d495d4ac534d54b321f50006683844,scene-0061,day,truck,vehicle.truck,truck,v80-100,475.7,15.49,10.22,2.99,11.22,10.88,10.95,False
e3d495d4ac534d54b321f50006683844,scene-0061,day,car,vehicle.car,car,v60-80,37.2,71.01,69.25,26.91,40.53,38.04,39.54,False
e3d495d4ac534d54b321f50006683844,scene-0061,day,pedestrian,human.pedestrian.adult,person,v80-100,138.3,16.6,16.26,2.18,17.06,16.6,16.71,False
4b6870ae200c4b969b91c50a9737f712,scene-0061,day,car,vehicle.car,car,v80-100,73.7,31.5,29.42,5.19,27.47,27.02,27.2,False
4b6870ae200c4b969b91c50a9737f712,scene-0061,day,truck,vehicle.truck,truck,v60-80,66.5,42.99,40.68,5.88,39.54,37.7,38.6,False
4b6870ae200c4b969b91c50a9737f712,scene-0061,day,car,vehicle.car,bus,v80-100,76.2,35.73,33.35,1.02,29.47,29.47,29.47,True
4b6870ae200c4b969b91c50a9737f712,scene-0061,day,car,vehicle.car,car,v80-100,51.6,41.17,39.11,2.63,36.02,35.24,35.35,False
4b6870ae200c4b969b91c50a9737f712,scene-0061,day,truck,vehicle.truck,truck,v80-100,844.8,11.26,6.07,2.98,7.76,5.94,6.08,False
4b6870ae200c4b969b91c50a9737f712,scene-0061,day,car,vehicle.car,car,v60-80,40.7,66.93,65.12,27.23,40.81,35.94,39.54,False
4b6870ae200c4b969b91c50a9737f712,scene-0061,day,pedestrian,human.pedestrian.adult,person,v80-100,192.3,12.15,11.83,2.12,11.62,11.5,11.53,False
4b6870ae200c4b969b91c50a9737f712,scene-0061,day,pedestrian,human.pedestrian.adult,person,v80-100,42.8,57.72,57.26,0.0,49.12,46.31,46.5,True
d0d9ef23e3934ea09d55afdc24db9827,scene-0061,day,car,vehicle.car,car,v80-100,81.2,33.58,31.23,0.69,26.15,25.73,25.73,True
d0d9ef23e3934ea09d55afdc24db9827,scene-0061,day,car,vehicle.car,car,v80-100,49.7,42.59,40.53,3.32,34.49,33.77,34.29,False
d0d9ef23e3934ea09d55afdc24db9827,scene-0061,day,car,vehicle.car,car,v80-100,87.5,27.05,24.94,5.4,22.51,21.91,22.21,False
d0d9ef23e3934ea09d55afdc24db9827,scene-0061,day,truck,vehicle.truck,truck,v80-100,71.3,40.36,38.03,6.36,34.49,33.08,33.64,False
d0d9ef23e3934ea09d55afdc24db9827,scene-0061,day,pedestrian,human.pedestrian.adult,person,v80-100,329.1,7.48,7.16,2.06,6.68,6.59,6.64,False
d0d9ef23e3934ea09d55afdc24db9827,scene-0061,day,pedestrian,human.pedestrian.adult,person,v80-100,47.1,54.69,54.24,0.4,40.53,38.6,39.54,True
d0d9ef23e3934ea09d55afdc24db9827,scene-0061,day,pedestrian,human.pedestrian.adult,person,v80-100,46.1,53.55,53.1,0.0,43.81,40.61,41.63,True
d0d9ef23e3934ea09d55afdc24db9827,scene-0061,day,car,vehicle.car,car,v80-100,44.2,62.69,60.82,27.63,33.08,26.53,31.78,False
74e7a9260c5d45b78b831528b62daf41,scene-0061,day,car,vehicle.car,car,v80-100,101.0,23.89,21.78,5.52,20.52,20.01,20.26,False
74e7a9260c5d45b78b831528b62daf41,scene-0061,day,car,vehicle.car,car,v80-100,85.9,31.73,29.36,0.53,25.73,25.33,25.33,True
74e7a9260c5d45b78b831528b62daf41,scene-0061,day,truck,vehicle.truck,truck,v80-100,75.3,38.41,36.07,6.86,35.01,33.77,33.93,False
74e7a9260c5d45b78b831528b62daf41,scene-0061,day,car,vehicle.car,car,v80-100,47.8,43.82,41.76,4.03,37.96,37.7,37.7,False
74e7a9260c5d45b78b831528b62daf41,scene-0061,day,pedestrian,human.pedestrian.adult,person,v40-60,41.9,54.12,53.63,0.33,40.67,38.78,39.54,True
74e7a9260c5d45b78b831528b62daf41,scene-0061,day,pedestrian,human.pedestrian.adult,person,v80-100,50.3,51.16,50.72,0.0,42.86,38.33,40.08,True
74e7a9260c5d45b78b831528b62daf41,scene-0061,day,pedestrian,human.pedestrian.adult,person,v80-100,49.4,49.99,49.56,0.35,41.56,40.53,40.67,True
74e7a9260c5d45b78b831528b62daf41,scene-0061,day,car,vehicle.car,car,v80-100,47.6,59.08,57.15,28.21,33.08,31.73,32.42,False
21ca7cbfbde14f088143cf001570d01b,scene-0061,day,car,vehicle.car,car,v80-100,46.3,45.26,43.19,4.73,40.5,39.54,39.56,False
21ca7cbfbde14f088143cf001570d01b,scene-0061,day,car,vehicle.car,car,v80-100,91.2,29.99,27.6,0.59,23.84,23.49,23.55,True
21ca7cbfbde14f088143cf001570d01b,scene-0061,day,car,vehicle.car,car,v80-100,116.2,21.35,19.21,5.73,18.37,17.81,17.9,False
21ca7cbfbde14f088143cf001570d01b,scene-0061,day,truck,vehicle.truck,truck,v80-100,79.6,36.67,34.35,7.22,35.69,33.77,33.77,False
21ca7cbfbde14f088143cf001570d01b,scene-0061,day,pedestrian,human.pedestrian.adult,person,v80-100,53.0,46.57,46.15,0.66,40.24,38.6,39.38,True
ddbc1befa70f4b49a0824f63a920676b,scene-0061,day,car,vehicle.car,car,v80-100,127.6,19.92,17.77,5.96,16.37,16.06,16.21,False
ddbc1befa70f4b49a0824f63a920676b,scene-0061,day,car,vehicle.car,car,v80-100,96.6,28.44,26.03,0.65,22.83,22.51,22.66,True
ddbc1befa70f4b49a0824f63a920676b,scene-0061,day,truck,vehicle.truck,truck,v80-100,83.1,35.46,33.16,7.76,33.08,31.78,32.42,False
ddbc1befa70f4b49a0824f63a920676b,scene-0061,day,pedestrian,human.pedestrian.adult,person,v80-100,56.6,43.66,43.24,0.93,37.7,36.43,36.84,True
ddbc1befa70f4b49a0824f63a920676b,scene-0061,day,pedestrian,human.pedestrian.adult,person,v80-100,57.6,44.71,44.27,0.08,39.41,38.13,38.61,True
33b500c9cc824733a47bfe2c3ea33202,scene-0061,day,car,vehicle.car,car,v80-100,142.1,18.52,16.35,6.25,14.96,14.6,14.74,False
33b500c9cc824733a47bfe2c3ea33202,scene-0061,day,car,vehicle.car,car,v80-100,103.9,26.62,24.17,0.73,20.38,20.01,20.26,True
33b500c9cc824733a47bfe2c3ea33202,scene-0061,day,truck,vehicle.truck,truck,v80-100,86.9,34.42,32.14,8.51,31.78,30.02,30.59,False
33b500c9cc824733a47bfe2c3ea33202,scene-0061,day,pedestrian,human.pedestrian.adult,person,v80-100,61.2,40.49,40.08,1.28,34.66,33.77,33.77,False
33b500c9cc824733a47bfe2c3ea33202,scene-0061,day,pedestrian,human.pedestrian.adult,person,v80-100,62.2,41.52,41.08,0.47,37.7,36.02,36.83,True
33b500c9cc824733a47bfe2c3ea33202,scene-0061,day,pedestrian,human.pedestrian.adult,person,v80-100,57.0,41.67,41.15,0.0,36.42,33.77,34.51,True
33b500c9cc824733a47bfe2c3ea33202,scene-0061,day,pedestrian,human.pedestrian.adult,person,v80-100,58.6,35.42,35.1,0.54,32.1,27.47,28.74,True
c311678f400e471d84e785652dd87a7a,scene-0061,day,car,vehicle.car,car,v80-100,112.7,24.78,22.31,1.09,19.35,19.07,19.3,True
c311678f400e471d84e785652dd87a7a,scene-0061,day,car,vehicle.car,car,v80-100,153.7,17.73,15.55,6.65,13.74,13.4,13.5,False
c311678f400e471d84e785652dd87a7a,scene-0061,day,truck,vehicle.truck,truck,v80-100,90.8,33.63,31.35,9.52,29.29,27.95,28.42,False
c311678f400e471d84e785652dd87a7a,scene-0061,day,pedestrian,human.pedestrian.adult,person,v40-60,54.9,42.64,42.18,1.22,34.49,33.84,34.39,False
c311678f400e471d84e785652dd87a7a,scene-0061,day,truck,vehicle.truck,car,v80-100,52.9,69.53,66.4,17.47,49.12,47.68,47.89,False
c311678f400e471d84e785652dd87a7a,scene-0061,day,pedestrian,human.pedestrian.adult,person,v80-100,67.1,37.07,36.65,1.5,32.42,31.65,31.78,False
c311678f400e471d84e785652dd87a7a,scene-0061,day,bus,vehicle.bus.rigid,car,v80-100,60.0,80.39,74.66,17.92,53.47,51.11,52.29,False
c311678f400e471d84e785652dd87a7a,scene-0061,day,pedestrian,human.pedestrian.adult,person,v80-100,75.4,31.36,30.92,9.81,27.81,26.64,27.02,False
c311678f400e471d84e785652dd87a7a,scene-0061,day,pedestrian,human.pedestrian.adult,person,v80-100,62.3,38.25,37.73,0.0,33.77,31.59,32.85,True
885472e412f4499cacf2f4796c309276,scene-0061,day,car,vehicle.car,car,v80-100,159.7,17.39,15.21,7.02,12.76,12.47,12.57,False
885472e412f4499cacf2f4796c309276,scene-0061,day,car,vehicle.car,car,v80-100,121.5,23.11,20.62,1.42,16.89,16.54,16.71,False
885472e412f4499cacf2f4796c309276,scene-0061,day,truck,vehicle.truck,truck,v80-100,93.6,33.2,30.85,10.91,27.47,26.36,26.57,False
885472e412f4499cacf2f4796c309276,scene-0061,day,pedestrian,human.pedestrian.adult,person,v80-100,74.8,27.85,27.53,0.09,24.2,21.5,22.57,True
885472e412f4499cacf2f4796c309276,scene-0061,day,truck,vehicle.truck,car,v80-100,55.9,66.18,63.03,18.01,41.74,41.56,41.56,False
885472e412f4499cacf2f4796c309276,scene-0061,day,pedestrian,human.pedestrian.adult,person,v80-100,73.7,35.13,34.69,1.14,30.95,30.59,30.59,True
885472e412f4499cacf2f4796c309276,scene-0061,day,pedestrian,human.pedestrian.adult,person,v80-100,72.8,34.15,33.74,1.84,29.47,28.78,28.95,False
885472e412f4499cacf2f4796c309276,scene-0061,day,pedestrian,human.pedestrian.adult,person,v80-100,56.3,42.61,42.15,0.1,34.96,33.08,33.62,True
885472e412f4499cacf2f4796c309276,scene-0061,day,parked two-wheeler,vehicle.motorcycle,motorcycle,v80-100,62.7,33.18,32.01,16.58,24.19,23.84,23.84,False
885472e412f4499cacf2f4796c309276,scene-0061,day,pedestrian,human.pedestrian.adult,person,v60-80,58.9,39.72,39.27,1.68,33.29,31.48,32.11,False
e41335fbfc1645faa5a532a62df1fe68,scene-0061,day,car,vehicle.car,car,v80-100,162.7,17.36,15.18,7.51,12.87,12.28,12.47,False
e41335fbfc1645faa5a532a62df1fe68,scene-0061,day,car,vehicle.car,car,v80-100,132.4,21.56,19.06,1.94,16.21,15.88,16.05,False
e41335fbfc1645faa5a532a62df1fe68,scene-0061,day,truck,vehicle.truck,car,v80-100,59.1,62.95,59.79,18.42,37.7,37.25,37.7,False
e41335fbfc1645faa5a532a62df1fe68,scene-0061,day,pedestrian,human.pedestrian.adult,person,v80-100,79.3,31.36,30.94,2.1,27.02,25.77,26.57,False
e41335fbfc1645faa5a532a62df1fe68,scene-0061,day,pedestrian,human.pedestrian.adult,person,v80-100,62.2,38.58,38.12,0.34,33.59,31.8,33.06,True
e41335fbfc1645faa5a532a62df1fe68,scene-0061,day,pedestrian,human.pedestrian.adult,person,v80-100,80.2,32.3,31.86,1.45,26.57,26.15,26.33,False
e41335fbfc1645faa5a532a62df1fe68,scene-0061,day,bus,vehicle.bus.rigid,car,v80-100,66.0,73.77,68.02,19.05,42.74,40.53,41.56,False
e41335fbfc1645faa5a532a62df1fe68,scene-0061,day,pedestrian,human.pedestrian.construction_worker,person,v80-100,80.7,28.11,27.68,2.02,26.57,25.81,26.15,False
e41335fbfc1645faa5a532a62df1fe68,scene-0061,day,pedestrian,human.pedestrian.adult,person,v80-100,97.5,24.93,24.46,9.41,20.5,17.3,20.02,False
81b6368f6af9417684cefeb6661a14e7,scene-0061,day,car,vehicle.car,car,v80-100,143.8,20.2,17.69,2.39,15.29,15.01,15.03,False
81b6368f6af9417684cefeb6661a14e7,scene-0061,day,car,vehicle.car,car,v80-100,164.0,17.57,15.4,8.1,13.07,12.47,12.69,False
81b6368f6af9417684cefeb6661a14e7,scene-0061,day,truck,vehicle.truck,car,v80-100,62.5,60.2,57.03,18.97,37.0,36.84,36.84,False
81b6368f6af9417684cefeb6661a14e7,scene-0061,day,pedestrian,human.pedestrian.adult,person,v60-80,65.9,35.51,35.13,1.32,29.47,26.22,27.47,False
81b6368f6af9417684cefeb6661a14e7,scene-0061,day,bus,vehicle.bus.rigid,car,v80-100,69.3,71.0,65.24,19.72,41.56,39.54,40.51,False
81b6368f6af9417684cefeb6661a14e7,scene-0061,day,pedestrian,human.pedestrian.construction_worker,person,v80-100,90.1,25.21,24.77,1.74,24.5,23.85,24.19,False
81b6368f6af9417684cefeb6661a14e7,scene-0061,day,pedestrian,human.pedestrian.adult,person,v80-100,85.9,29.04,28.62,2.5,26.15,24.86,25.03,False
81b6368f6af9417684cefeb6661a14e7,scene-0061,day,pedestrian,human.pedestrian.adult,person,v80-100,68.2,35.18,34.72,0.76,30.71,29.47,30.02,True
81b6368f6af9417684cefeb6661a14e7,scene-0061,day,pedestrian,human.pedestrian.adult,person,v80-100,96.5,21.67,21.33,1.32,17.95,17.5,17.68,False
81b6368f6af9417684cefeb6661a14e7,scene-0061,day,pedestrian,human.pedestrian.adult,person,v80-100,111.3,22.27,21.8,9.19,18.49,18.09,18.24,False
a61bfbde6877413386a772591617f38d,scene-0061,day,car,vehicle.car,car,v80-100,158.0,18.79,16.28,2.79,14.35,13.85,14.1,False
a61bfbde6877413386a772591617f38d,scene-0061,day,truck,vehicle.truck,car,v80-100,67.2,57.25,54.08,20.13,36.77,36.02,36.02,False
a61bfbde6877413386a772591617f38d,scene-0061,day,pedestrian,human.pedestrian.adult,person,v80-100,77.2,31.22,30.76,1.47,31.47,28.44,29.47,False
a61bfbde6877413386a772591617f38d,scene-0061,day,car,vehicle.car,car,v40-60,30.3,79.22,76.84,15.82,47.68,44.11,46.31,False
a61bfbde6877413386a772591617f38d,scene-0061,day,bus,vehicle.bus.rigid,car,v80-100,73.8,68.01,62.25,21.08,41.58,40.53,40.53,False
a61bfbde6877413386a772591617f38d,scene-0061,day,truck,vehicle.truck,truck,v60-80,120.3,43.39,40.07,9.09,28.44,23.4,27.94,False
a61bfbde6877413386a772591617f38d,scene-0061,day,pedestrian,human.pedestrian.adult,person,v80-100,74.1,31.69,31.31,2.02,32.1,30.59,31.17,False
a61bfbde6877413386a772591617f38d,scene-0061,day,pedestrian,human.pedestrian.adult,person,v80-100,114.0,18.52,18.17,2.0,15.29,15.01,15.08,False
a61bfbde6877413386a772591617f38d,scene-0061,day,pedestrian,human.pedestrian.construction_worker,person,v80-100,103.3,22.05,21.61,1.2,21.82,21.22,21.33,True
a61bfbde6877413386a772591617f38d,scene-0061,day,pedestrian,human.pedestrian.adult,person,v80-100,95.0,27.48,27.0,2.58,24.56,23.84,24.19,False
a61bfbde6877413386a772591617f38d,scene-0061,day,pedestrian,human.pedestrian.adult,person,v80-100,131.0,19.43,18.95,8.75,15.89,15.59,15.74,False
a61bfbde6877413386a772591617f38d,scene-0061,day,pedestrian,human.pedestrian.adult,person,v60-80,94.9,26.47,26.07,3.22,18.5,15.29,15.95,False
ad609ca688444331b3218f664d644473,scene-0061,day,car,vehicle.car,car,v80-100,174.1,17.44,14.93,2.99,13.4,12.97,13.07,False
ad609ca688444331b3218f664d644473,scene-0061,day,truck,vehicle.truck,truck,v60-80,108.5,47.12,44.12,20.54,29.29,27.95,28.44,False
ad609ca688444331b3218f664d644473,scene-0061,day,pedestrian,human.pedestrian.adult,person,v40-60,81.3,28.55,28.09,3.78,23.84,23.3,23.53,False
ad609ca688444331b3218f664d644473,scene-0061,day,truck,vehicle.truck,car,v80-100,73.5,54.53,51.34,21.91,33.77,33.08,33.45,False
ad609ca688444331b3218f664d644473,scene-0061,day,car,vehicle.car,car,v60-80,30.6,80.32,77.93,19.33,46.31,39.54,43.12,False
ad609ca688444331b3218f664d644473,scene-0061,day,bus,vehicle.bus.rigid,truck,v80-100,80.0,65.25,59.47,23.18,37.87,36.84,37.7,False
ad609ca688444331b3218f664d644473,scene-0061,day,pedestrian,human.pedestrian.adult,person,v80-100,84.7,28.05,27.67,3.11,27.47,26.15,26.57,False
ad609ca688444331b3218f664d644473,scene-0061,day,pedestrian,human.pedestrian.adult,person,v80-100,88.2,27.62,27.16,2.53,26.71,25.73,26.12,False
ad609ca688444331b3218f664d644473,scene-0061,day,pedestrian,human.pedestrian.adult,person,v80-100,106.0,24.1,23.68,4.26,21.61,21.33,21.33,False
ad609ca688444331b3218f664d644473,scene-0061,day,pedestrian,human.pedestrian.construction_worker,person,v80-100,120.3,19.04,18.61,0.39,18.42,18.01,18.21,True
ad609ca688444331b3218f664d644473,scene-0061,day,truck,vehicle.truck,truck,v60-80,131.4,40.54,37.14,7.56,28.44,26.28,28.44,False
ad609ca688444331b3218f664d644473,scene-0061,day,pedestrian,human.pedestrian.adult,person,v80-100,156.6,16.77,16.29,8.13,13.79,13.62,13.74,False
ad609ca688444331b3218f664d644473,scene-0061,day,pedestrian,human.pedestrian.adult,person,v60-80,105.4,25.1,24.62,3.79,22.51,15.65,22.04,False
3ead6ff0cd324d92918112dfcf400343,scene-0061,day,truck,vehicle.truck,truck,v60-80,116.6,44.54,41.52,18.56,28.39,27.47,27.95,False
3ead6ff0cd324d92918112dfcf400343,scene-0061,day,car,vehicle.car,car,v80-100,192.6,16.15,13.65,3.09,11.97,11.58,11.74,False
3ead6ff0cd324d92918112dfcf400343,scene-0061,day,truck,vehicle.truck,car,v80-100,81.5,52.01,48.81,24.04,30.2,30.02,30.02,False
3ead6ff0cd324d92918112dfcf400343,scene-0061,day,pedestrian,human.pedestrian.adult,person,v80-100,102.6,24.16,23.7,3.73,21.52,21.05,21.32,False
3ead6ff0cd324d92918112dfcf400343,scene-0061,day,truck,vehicle.truck,truck,v40-60,143.9,37.74,34.29,5.71,25.73,20.78,24.03,False
3ead6ff0cd324d92918112dfcf400343,scene-0061,day,pedestrian,human.pedestrian.adult,person,v80-100,118.5,22.88,22.42,5.2,19.96,19.63,19.77,False
3ead6ff0cd324d92918112dfcf400343,scene-0061,day,pedestrian,human.pedestrian.adult,person,v80-100,108.6,22.83,22.33,4.4,20.78,20.01,20.23,False
3ead6ff0cd324d92918112dfcf400343,scene-0061,day,pedestrian,human.pedestrian.construction_worker,person,v80-100,143.2,16.15,15.72,0.0,15.15,15.01,15.01,True
3ead6ff0cd324d92918112dfcf400343,scene-0061,day,pedestrian,human.pedestrian.adult,person,v80-100,98.6,24.55,24.16,4.34,22.51,21.69,22.21,False
3ead6ff0cd324d92918112dfcf400343,scene-0061,day,pedestrian,human.pedestrian.adult,person,v40-60,119.2,22.0,21.59,5.51,17.88,8.37,14.53,False
5941e77ca4bd478e99e17114ca8759ab,scene-0061,day,car,vehicle.car,car,v80-100,211.6,15.09,12.57,3.18,10.44,10.07,10.2,False
5941e77ca4bd478e99e17114ca8759ab,scene-0061,day,truck,vehicle.truck,truck,v80-100,120.2,41.88,38.78,15.81,28.44,28.31,28.44,False
5941e77ca4bd478e99e17114ca8759ab,scene-0061,day,pedestrian,human.pedestrian.adult,person,v80-100,123.8,20.61,20.12,5.21,17.62,17.44,17.62,False
5941e77ca4bd478e99e17114ca8759ab,scene-0061,day,pedestrian,human.pedestrian.adult,person,v80-100,125.2,20.53,20.03,6.15,17.81,17.43,17.59,False
5941e77ca4bd478e99e17114ca8759ab,scene-0061,day,pedestrian,human.pedestrian.adult,person,v80-100,244.6,10.32,9.86,4.88,7.87,7.5,7.61,False
5941e77ca4bd478e99e17114ca8759ab,scene-0061,day,pedestrian,human.pedestrian.adult,person,v80-100,137.9,19.95,19.52,7.29,17.43,16.92,17.06,False
5941e77ca4bd478e99e17114ca8759ab,scene-0061,day,pedestrian,human.pedestrian.adult,person,v80-100,137.2,20.61,20.15,6.99,17.43,17.26,17.42,False
5941e77ca4bd478e99e17114ca8759ab,scene-0061,day,truck,vehicle.truck,truck,v40-60,152.6,34.83,31.27,3.19,19.77,18.01,18.16,False
5941e77ca4bd478e99e17114ca8759ab,scene-0061,day,pedestrian,human.pedestrian.construction_worker,person,v80-100,178.2,13.12,12.68,0.75,11.92,11.75,11.83,True
5941e77ca4bd478e99e17114ca8759ab,scene-0061,day,pedestrian,human.pedestrian.adult,person,v80-100,119.2,20.97,20.55,5.84,18.63,18.21,18.42,False
e0bc3ff06fe348fdb56039c640be0ac3,scene-0061,day,car,vehicle.car,car,v80-100,226.2,14.34,11.82,3.06,10.27,9.94,10.07,False
e0bc3ff06fe348fdb56039c640be0ac3,scene-0061,day,pedestrian,human.pedestrian.adult,person,v80-100,153.5,17.62,17.12,6.72,14.1,13.94,13.97,False
e0bc3ff06fe348fdb56039c640be0ac3,scene-0061,day,pedestrian,human.pedestrian.adult,person,v80-100,161.2,18.94,18.46,8.96,14.6,14.37,14.47,False
e0bc3ff06fe348fdb56039c640be0ac3,scene-0061,day,pedestrian,human.pedestrian.adult,person,v80-100,146.0,18.82,18.33,8.12,15.01,14.74,14.83,False
e0bc3ff06fe348fdb56039c640be0ac3,scene-0061,day,pedestrian,human.pedestrian.construction_worker,person,v80-100,227.5,10.59,10.16,1.86,9.14,9.06,9.11,False
e0bc3ff06fe348fdb56039c640be0ac3,scene-0061,day,truck,vehicle.truck,truck,v60-80,121.9,39.51,36.37,12.47,27.95,27.02,27.54,False
0b2eb9c1cd1b45f0b1664a01684c5767,scene-0061,day,car,vehicle.car,truck,v80-100,239.7,13.72,11.19,2.95,9.8,9.42,9.54,False
0b2eb9c1cd1b45f0b1664a01684c5767,scene-0061,day,pedestrian,human.pedestrian.construction_worker,person,v80-100,316.7,8.29,7.84,2.84,6.81,6.75,6.78,False
357a06d0a5a44506b161c072c7247807,scene-0061,day,car,vehicle.car,car,v80-100,253.3,13.2,10.67,2.92,10.39,10.01,10.13,False
357a06d0a5a44506b161c072c7247807,scene-0061,day,truck,vehicle.truck,truck,v60-80,132.4,34.88,31.68,5.58,28.44,27.95,27.95,False
5aed4c34988b4c18a33c69ddcddb6010,scene-0061,day,car,vehicle.car,truck,v80-100,265.5,12.81,10.3,2.94,9.88,9.48,9.65,False
5aed4c34988b4c18a33c69ddcddb6010,scene-0061,day,truck,vehicle.truck,truck,v80-100,140.3,32.65,29.44,2.34,25.73,25.3,25.33,False
c8623ea6d2774a3aa81255a117ba2319,scene-0061,day,car,vehicle.car,truck,v80-100,276.2,12.42,9.93,2.81,8.76,8.4,8.53,False
c8623ea6d2774a3aa81255a117ba2319,scene-0061,day,truck,vehicle.truck,truck,v80-100,150.2,30.56,27.33,0.0,23.49,22.58,22.95,True
06c1523315b14aa7a0dfa4afacafb9e6,scene-0061,day,car,vehicle.car,truck,v80-100,291.4,11.86,9.4,2.47,8.81,8.49,8.62,False
06c1523315b14aa7a0dfa4afacafb9e6,scene-0061,day,truck,vehicle.truck,truck,v80-100,163.6,28.42,25.19,0.0,23.12,21.99,22.21,True
c9d8cf50e42b47fa9a0bbd923e5e9c30,scene-0061,day,car,vehicle.car,truck,v80-100,310.4,11.17,8.75,1.99,7.91,7.68,7.76,False
c9d8cf50e42b47fa9a0bbd923e5e9c30,scene-0061,day,truck,vehicle.truck,truck,v80-100,184.3,26.23,23.02,1.51,20.78,19.53,19.91,False
c9d8cf50e42b47fa9a0bbd923e5e9c30,scene-0061,day,car,vehicle.car,car,v80-100,187.6,15.53,13.83,6.24,11.42,11.03,11.18,False
c9d8cf50e42b47fa9a0bbd923e5e9c30,scene-0061,day,truck,vehicle.truck,truck,v60-80,407.2,19.39,16.52,6.45,15.01,13.51,14.1,False
addcad764798404b8141c9d40b413e73,scene-0061,day,truck,vehicle.truck,truck,v80-100,207.8,24.4,21.21,4.31,18.63,17.33,17.62,False
addcad764798404b8141c9d40b413e73,scene-0061,day,car,vehicle.car,truck,v80-100,329.3,10.56,8.16,1.5,7.65,7.47,7.5,False
426b7a257a5a4fcbbf1086a335f9c648,scene-0061,day,truck,vehicle.truck,truck,v80-100,244.5,22.52,19.38,6.9,17.06,15.89,16.21,False
426b7a257a5a4fcbbf1086a335f9c648,scene-0061,day,car,vehicle.car,truck,v80-100,353.7,9.9,7.51,1.02,7.23,7.07,7.11,True
8fe9b9f55bd14e25b8fde193d6b6a503,scene-0061,day,car,vehicle.car,truck,v80-100,387.7,9.16,6.79,0.58,6.7,6.56,6.61,True
8fe9b9f55bd14e25b8fde193d6b6a503,scene-0061,day,truck,vehicle.truck,truck,v80-100,302.8,20.66,17.62,9.16,16.5,15.74,15.96,False
4bc3a28622964e9f9ab28a68614189f1,scene-0061,day,car,vehicle.car,truck,v80-100,417.8,8.66,6.3,0.26,6.28,6.16,6.21,True
6c913201b35146eea7a2ed8c3fe43887,scene-0061,day,car,vehicle.car,truck,v80-100,432.5,8.42,6.06,0.02,5.96,5.92,5.92,True
6bd85a6773944798ae0be117d40d4fdc,scene-0061,day,car,vehicle.car,truck,v80-100,431.7,8.4,6.05,0.0,5.87,5.8,5.83,True
6bd85a6773944798ae0be117d40d4fdc,scene-0061,day,parked two-wheeler,vehicle.bicycle,bicycle,v80-100,59.7,26.06,25.62,6.01,21.05,20.78,21.03,False
b81fa956bfd84063b59401acce77dc12,scene-0061,day,car,vehicle.car,truck,v80-100,423.5,8.51,6.15,0.0,5.92,5.85,5.88,True
b81fa956bfd84063b59401acce77dc12,scene-0061,day,parked two-wheeler,vehicle.bicycle,bicycle,v80-100,62.4,24.72,24.27,5.07,20.52,20.15,20.29,False
95c58e12ca3d488b8101ff7f15737eb8,scene-0061,day,car,vehicle.car,truck,v80-100,414.4,8.62,6.26,0.0,6.05,6.0,6.01,True
95c58e12ca3d488b8101ff7f15737eb8,scene-0061,day,parked two-wheeler,vehicle.bicycle,bicycle,v80-100,64.8,23.71,23.25,4.65,19.53,19.3,19.39,False
5979f20786b745c5b05c21d8badc2ed8,scene-0061,day,car,vehicle.car,truck,v80-100,404.8,8.73,6.36,0.0,6.23,6.16,6.19,True
5979f20786b745c5b05c21d8badc2ed8,scene-0061,day,parked two-wheeler,vehicle.bicycle,bicycle,v80-100,67.9,22.51,22.04,4.49,19.07,18.85,19.03,False
64fcc224844b41179faa673670804b54,scene-0061,day,car,vehicle.car,car,v80-100,400.2,8.78,6.35,0.0,6.1,6.0,6.05,True
174d78fa966f42f9a9732ff84de02418,scene-0061,day,car,vehicle.car,car,v80-100,400.0,8.84,6.41,0.0,6.15,6.0,6.05,True
3789c6c9d01449e7baf981a6f185825d,scene-0061,day,car,vehicle.car,truck,v80-100,406.4,8.86,6.37,0.22,6.45,6.23,6.31,True
518c6dcad243448abf03cf28b2b09d60,scene-0061,day,car,vehicle.car,car,v80-100,419.2,8.78,6.27,0.61,6.14,5.83,5.94,True
de48c26fdae74181bf94ee9cd7d5f61f,scene-0061,day,car,vehicle.car,car,v80-100,444.1,8.54,6.03,1.0,6.03,5.65,5.79,True
8efbcbcd8e4848eda3f213f562191f2a,scene-0061,day,car,vehicle.car,car,v80-100,480.5,8.21,5.7,1.33,5.87,5.46,5.61,False
6c8111f474b943f589b4da1e3444c1c0,scene-0061,day,car,vehicle.car,truck,v80-100,547.9,7.67,5.18,1.59,4.97,4.7,4.81,False
6c8111f474b943f589b4da1e3444c1c0,scene-0061,day,parked two-wheeler,vehicle.bicycle,bicycle,v80-100,108.0,14.31,13.62,1.76,12.93,12.77,12.87,False
bf8c213cfaad4861907cd2677dc2dbcd,scene-0061,day,car,vehicle.car,car,v80-100,600.6,7.42,4.92,1.83,4.66,4.31,4.44,False
bf8c213cfaad4861907cd2677dc2dbcd,scene-0061,day,parked two-wheeler,vehicle.bicycle,bicycle,v80-100,113.8,13.26,12.66,0.73,12.15,12.01,12.06,True
4f5e35aa6c6a426ca945e206fb2f4921,scene-0103,day,car,vehicle.car,car,v80-100,29.5,73.06,70.75,7.28,44.79,44.54,44.54,False
4f5e35aa6c6a426ca945e206fb2f4921,scene-0103,day,pedestrian,human.pedestrian.adult,person,v80-100,40.7,53.88,53.55,4.45,39.11,38.43,39.11,False
4f5e35aa6c6a426ca945e206fb2f4921,scene-0103,day,car,vehicle.car,car,v80-100,50.3,43.03,40.52,4.86,30.84,30.26,30.54,False
4f5e35aa6c6a426ca945e206fb2f4921,scene-0103,day,pedestrian,human.pedestrian.adult,person,v80-100,145.6,18.55,18.04,6.98,14.99,11.59,14.76,False
4f5e35aa6c6a426ca945e206fb2f4921,scene-0103,day,pedestrian,human.pedestrian.adult,person,v80-100,120.7,20.89,20.53,9.03,18.43,16.36,18.25,False
4f5e35aa6c6a426ca945e206fb2f4921,scene-0103,day,pedestrian,human.pedestrian.adult,person,v80-100,76.4,32.0,31.54,5.5,26.29,25.45,25.86,False
4f5e35aa6c6a426ca945e206fb2f4921,scene-0103,day,pedestrian,human.pedestrian.adult,person,v80-100,87.0,30.98,30.44,9.47,22.59,21.97,22.27,False
4f5e35aa6c6a426ca945e206fb2f4921,scene-0103,day,pedestrian,human.pedestrian.adult,person,v80-100,57.0,38.67,38.39,12.73,25.86,25.06,25.45,False
ba01f58b926a472b9d146cb5a54e9a2e,scene-0103,day,pedestrian,human.pedestrian.adult,person,v80-100,43.7,50.24,49.91,5.46,37.38,37.03,37.29,False
ba01f58b926a472b9d146cb5a54e9a2e,scene-0103,day,car,vehicle.car,car,v80-100,51.7,41.6,39.21,5.17,31.44,31.44,31.44,False
ba01f58b926a472b9d146cb5a54e9a2e,scene-0103,day,car,vehicle.car,car,v80-100,64.2,39.35,36.76,0.0,28.87,28.61,28.64,True
ba01f58b926a472b9d146cb5a54e9a2e,scene-0103,day,car,vehicle.car,car,v80-100,33.2,64.74,62.43,5.21,45.09,44.54,44.54,False
ba01f58b926a472b9d146cb5a54e9a2e,scene-0103,day,pedestrian,human.pedestrian.adult,person,v80-100,94.0,27.43,27.06,10.19,20.05,19.8,19.91,False
ba01f58b926a472b9d146cb5a54e9a2e,scene-0103,day,pedestrian,human.pedestrian.adult,person,v80-100,207.0,13.98,13.44,6.52,11.21,10.88,11.14,False
ba01f58b926a472b9d146cb5a54e9a2e,scene-0103,day,car,vehicle.car,car,v60-80,28.8,76.83,74.38,1.42,51.7,37.87,49.35,False
ba01f58b926a472b9d146cb5a54e9a2e,scene-0103,day,pedestrian,human.pedestrian.adult,person,v80-100,105.3,26.02,25.45,8.83,21.67,20.3,20.83,False
ba01f58b926a472b9d146cb5a54e9a2e,scene-0103,day,pedestrian,human.pedestrian.adult,person,v80-100,89.4,27.62,27.16,5.9,23.63,23.24,23.39,False
a4f0ea2892094f4586a0e2c84f456d8e,scene-0103,day,car,vehicle.car,car,v80-100,83.1,31.51,28.92,0.13,23.93,23.29,23.58,True
a4f0ea2892094f4586a0e2c84f456d8e,scene-0103,day,car,vehicle.car,car,v80-100,38.7,56.47,54.15,2.81,40.38,40.09,40.09,False
a4f0ea2892094f4586a0e2c84f456d8e,scene-0103,day,car,vehicle.car,car,v80-100,53.7,40.68,38.33,4.69,31.44,31.44,31.44,False
a4f0ea2892094f4586a0e2c84f456d8e,scene-0103,day,pedestrian,human.pedestrian.adult,person,v80-100,74.9,29.11,28.78,9.41,23.95,23.58,23.62,False
a4f0ea2892094f4586a0e2c84f456d8e,scene-0103,day,pedestrian,human.pedestrian.adult,person,v80-100,47.5,46.67,46.32,6.93,36.97,35.64,36.17,False
a4f0ea2892094f4586a0e2c84f456d8e,scene-0103,day,car,vehicle.car,car,v60-80,31.1,72.63,70.18,0.0,48.59,45.39,47.16,True
a4f0ea2892094f4586a0e2c84f456d8e,scene-0103,day,pedestrian,human.pedestrian.adult,person,v80-100,108.3,24.24,23.85,9.67,18.65,18.43,18.43,False
a4f0ea2892094f4586a0e2c84f456d8e,scene-0103,day,pedestrian,human.pedestrian.adult,person,v80-100,74.9,29.88,29.64,10.67,22.99,22.89,22.91,False
a4f0ea2892094f4586a0e2c84f456d8e,scene-0103,day,pedestrian,human.pedestrian.adult,person,v80-100,131.8,21.32,20.74,8.1,18.02,17.39,17.82,False
a4f0ea2892094f4586a0e2c84f456d8e,scene-0103,day,pedestrian,human.pedestrian.adult,person,v80-100,86.1,28.2,27.78,9.21,22.91,22.27,22.86,False
78c6783107c4461e830783480eeda657,scene-0103,day,car,vehicle.car,car,v80-100,53.8,40.2,37.85,4.0,31.44,31.08,31.41,False
78c6783107c4461e830783480eeda657,scene-0103,day,car,vehicle.car,car,v80-100,45.5,48.22,45.9,0.66,35.64,35.09,35.64,True
78c6783107c4461e830783480eeda657,scene-0103,day,car,vehicle.car,car,v80-100,119.2,22.86,20.28,1.68,18.22,17.62,17.7,False
78c6783107c4461e830783480eeda657,scene-0103,day,pedestrian,human.pedestrian.adult,person,v80-100,88.9,24.75,24.4,8.51,19.32,17.97,18.65,False
78c6783107c4461e830783480eeda657,scene-0103,day,car,vehicle.car,car,v60-80,42.5,54.71,53.57,1.02,41.0,40.09,40.09,True
78c6783107c4461e830783480eeda657,scene-0103,day,car,vehicle.car,car,v60-80,32.8,68.44,66.0,0.14,47.94,42.41,47.16,True
78c6783107c4461e830783480eeda657,scene-0103,day,pedestrian,human.pedestrian.adult,person,v80-100,136.2,19.29,18.83,7.02,16.88,16.53,16.7,False
78c6783107c4461e830783480eeda657,scene-0103,day,pedestrian,human.pedestrian.child,person,v80-100,40.9,42.89,42.58,7.76,36.45,35.64,36.11,False
78c6783107c4461e830783480eeda657,scene-0103,day,pedestrian,human.pedestrian.adult,person,v80-100,106.2,23.89,23.47,10.03,19.8,19.56,19.56,False
78c6783107c4461e830783480eeda657,scene-0103,day,pedestrian,human.pedestrian.adult,person,v80-100,175.6,16.71,16.12,7.42,13.82,13.71,13.81,False
78c6783107c4461e830783480eeda657,scene-0103,day,pedestrian,human.pedestrian.adult,person,v80-100,94.0,27.01,26.61,10.71,20.83,13.59,20.16,False
fa18edcec56e4a87a5cbd9e04a2f3a09,scene-0103,day,car,vehicle.car,car,v80-100,52.1,40.79,38.46,3.51,30.17,29.7,29.7,False
fa18edcec56e4a87a5cbd9e04a2f3a09,scene-0103,day,car,vehicle.car,car,v80-100,55.5,39.65,37.34,0.0,29.7,29.16,29.16,True
fa18edcec56e4a87a5cbd9e04a2f3a09,scene-0103,day,car,vehicle.car,car,v80-100,43.9,49.12,46.69,7.53,34.66,34.12,34.12,False
fa18edcec56e4a87a5cbd9e04a2f3a09,scene-0103,day,car,vehicle.car,car,v60-80,45.8,50.55,49.44,2.42,35.78,34.86,35.64,False
fa18edcec56e4a87a5cbd9e04a2f3a09,scene-0103,day,pedestrian,human.pedestrian.adult,person,v80-100,108.3,21.28,21.06,8.8,16.08,15.72,15.88,False
fa18edcec56e4a87a5cbd9e04a2f3a09,scene-0103,day,car,vehicle.car,car,v80-100,64.5,34.77,32.22,3.49,26.29,25.45,25.86,False
fa18edcec56e4a87a5cbd9e04a2f3a09,scene-0103,day,pedestrian,human.pedestrian.adult,person,v80-100,109.9,20.44,20.08,7.73,15.71,15.56,15.57,False
fa18edcec56e4a87a5cbd9e04a2f3a09,scene-0103,day,car,vehicle.car,car,v80-100,208.1,14.32,11.71,2.59,10.28,9.84,9.9,False
fa18edcec56e4a87a5cbd9e04a2f3a09,scene-0103,day,pedestrian,human.pedestrian.adult,person,v80-100,96.1,23.04,22.76,8.38,17.84,17.43,17.57,False
fa18edcec56e4a87a5cbd9e04a2f3a09,scene-0103,day,car,vehicle.car,car,v60-80,34.7,64.23,61.8,2.06,43.12,38.18,40.09,False
fa18edcec56e4a87a5cbd9e04a2f3a09,scene-0103,day,pedestrian,human.pedestrian.adult,person,v80-100,180.9,15.62,15.17,7.61,11.97,11.79,11.88,False
fa18edcec56e4a87a5cbd9e04a2f3a09,scene-0103,day,pedestrian,human.pedestrian.adult,person,v80-100,148.8,17.74,17.31,7.7,12.73,8.55,12.42,False
42563f19747741318b4983bbc61a47b1,scene-0103,day,car,vehicle.car,car,v80-100,52.1,39.96,37.63,2.76,28.27,28.13,28.13,False
42563f19747741318b4983bbc61a47b1,scene-0103,day,car,vehicle.car,car,v80-100,30.8,66.39,64.02,0.0,43.33,42.2,42.2,True
42563f19747741318b4983bbc61a47b1,scene-0103,day,pedestrian,human.pedestrian.adult,person,v80-100,122.3,18.64,18.35,7.73,14.07,13.94,13.97,False
42563f19747741318b4983bbc61a47b1,scene-0103,day,car,vehicle.car,car,v80-100,47.8,44.83,42.42,6.38,30.59,30.23,30.26,False
42563f19747741318b4983bbc61a47b1,scene-0103,day,car,vehicle.car,car,v80-100,73.4,30.41,27.87,4.36,22.91,22.14,22.27,False
42563f19747741318b4983bbc61a47b1,scene-0103,day,car,vehicle.car,car,v80-100,71.1,30.99,28.68,0.12,23.24,22.77,22.91,True
42563f19747741318b4983bbc61a47b1,scene-0103,day,car,vehicle.car,car,v80-100,49.3,46.3,45.23,3.54,33.41,32.73,32.73,False
42563f19747741318b4983bbc61a47b1,scene-0103,day,pedestrian,human.pedestrian.adult,person,v80-100,41.8,56.27,55.91,12.63,39.37,37.67,38.18,False
42563f19747741318b4983bbc61a47b1,scene-0103,day,pedestrian,human.pedestrian.adult,person,v80-100,142.2,16.95,16.7,8.19,12.46,12.34,12.42,False
42563f19747741318b4983bbc61a47b1,scene-0103,day,pedestrian,human.pedestrian.adult,person,v80-100,63.1,36.06,35.68,10.34,26.73,26.29,26.3,False
42563f19747741318b4983bbc61a47b1,scene-0103,day,pedestrian,human.pedestrian.adult,person,v80-100,145.1,16.15,15.77,7.21,12.17,12.06,12.14,False
42563f19747741318b4983bbc61a47b1,scene-0103,day,pedestrian,human.pedestrian.child,person,v80-100,50.2,35.58,35.28,9.75,27.18,26.93,27.18,False
42563f19747741318b4983bbc61a47b1,scene-0103,day,car,vehicle.car,car,v40-60,36.9,59.93,57.51,3.64,38.18,34.12,35.38,False
42563f19747741318b4983bbc61a47b1,scene-0103,day,pedestrian,human.pedestrian.adult,person,v40-60,143.9,18.49,18.15,8.71,13.7,13.36,13.56,False
42563f19747741318b4983bbc61a47b1,scene-0103,day,pedestrian,human.pedestrian.adult,person,v80-100,63.8,38.44,38.01,11.09,29.69,27.49,28.44,False
a1e3e016cc5442b7b9c84652615b24f7,scene-0103,day,car,vehicle.car,car,v80-100,34.6,59.9,57.5,0.37,43.36,42.75,43.34,True
a1e3e016cc5442b7b9c84652615b24f7,scene-0103,day,car,vehicle.car,car,v80-100,51.5,40.27,37.92,1.85,30.26,30.26,30.26,False
a1e3e016cc5442b7b9c84652615b24f7,scene-0103,day,car,vehicle.car,car,v80-100,53.0,40.64,38.19,5.06,29.95,29.63,29.7,False
a1e3e016cc5442b7b9c84652615b24f7,scene-0103,day,car,vehicle.car,car,v80-100,89.8,26.08,23.52,5.36,20.3,19.56,19.8,False
a1e3e016cc5442b7b9c84652615b24f7,scene-0103,day,car,vehicle.car,car,v80-100,103.9,22.35,20.0,1.44,17.43,16.88,17.06,False
a1e3e016cc5442b7b9c84652615b24f7,scene-0103,day,pedestrian,human.pedestrian.adult,car,v80-100,168.0,14.33,14.0,7.05,11.07,10.84,10.91,False
a1e3e016cc5442b7b9c84652615b24f7,scene-0103,day,pedestrian,human.pedestrian.adult,person,v80-100,70.5,34.96,34.5,9.96,29.45,28.73,29.16,False
a1e3e016cc5442b7b9c84652615b24f7,scene-0103,day,pedestrian,human.pedestrian.adult,person,v80-100,43.4,52.43,52.06,11.09,40.24,38.56,39.11,False
a1e3e016cc5442b7b9c84652615b24f7,scene-0103,day,car,vehicle.car,car,v40-60,56.5,42.08,41.02,4.77,32.73,31.91,32.09,False
a1e3e016cc5442b7b9c84652615b24f7,scene-0103,day,pedestrian,human.pedestrian.child,person,v80-100,57.2,32.11,31.79,10.8,24.67,24.3,24.43,False
054c2431ba324912bb4799b9217f5b7b,scene-0103,day,car,vehicle.car,car,v80-100,51.0,40.38,38.03,1.09,29.7,29.27,29.62,True
054c2431ba324912bb4799b9217f5b7b,scene-0103,day,car,vehicle.car,car,v80-100,39.3,53.25,50.84,1.75,38.18,37.49,38.18,False
054c2431ba324912bb4799b9217f5b7b,scene-0103,day,car,vehicle.car,car,v80-100,59.2,36.3,33.83,4.25,26.73,26.29,26.29,False
054c2431ba324912bb4799b9217f5b7b,scene-0103,day,car,vehicle.car,car,v80-100,30.9,67.86,66.12,6.54,45.94,45.18,45.82,False
054c2431ba324912bb4799b9217f5b7b,scene-0103,day,pedestrian,human.pedestrian.adult,person,v80-100,46.6,48.83,48.46,9.97,37.25,34.81,35.44,False
054c2431ba324912bb4799b9217f5b7b,scene-0103,day,car,vehicle.car,car,v80-100,198.5,13.08,10.68,2.31,9.96,9.4,9.51,False
054c2431ba324912bb4799b9217f5b7b,scene-0103,day,pedestrian,human.pedestrian.adult,person,v80-100,79.2,31.35,30.88,9.26,26.18,25.86,25.86,False
054c2431ba324912bb4799b9217f5b7b,scene-0103,day,car,vehicle.car,car,v40-60,44.2,51.27,48.82,6.8,34.86,31.32,33.42,False
94449679456646028efd31ec73c6ae47,scene-0103,day,car,vehicle.car,car,v80-100,49.4,40.89,38.52,0.57,30.26,29.7,29.74,True
94449679456646028efd31ec73c6ae47,scene-0103,day,car,vehicle.car,car,v80-100,71.2,33.42,32.27,5.41,25.72,25.06,25.45,False
94449679456646028efd31ec73c6ae47,scene-0103,day,car,vehicle.car,car,v80-100,44.6,46.61,44.17,2.58,34.72,33.6,34.12,False
94449679456646028efd31ec73c6ae47,scene-0103,day,car,vehicle.car,car,v80-100,67.7,31.87,29.38,3.69,24.3,23.93,23.93,False
94449679456646028efd31ec73c6ae47,scene-0103,day,car,vehicle.car,car,v80-100,147.9,17.73,15.14,6.32,13.14,12.27,12.47,False
94449679456646028efd31ec73c6ae47,scene-0103,day,car,vehicle.car,car,v80-100,32.7,63.52,61.76,5.6,44.54,44.29,44.54,False
94449679456646028efd31ec73c6ae47,scene-0103,day,pedestrian,human.pedestrian.adult,person,v80-100,90.0,27.76,27.26,8.82,22.28,22.27,22.27,False
350b563e0523486391eba9d010337e2d,scene-0103,day,car,vehicle.car,car,v80-100,48.1,41.35,38.98,0.46,30.84,30.26,30.26,True
350b563e0523486391eba9d010337e2d,scene-0103,day,car,vehicle.car,car,v80-100,81.5,29.12,27.85,5.05,23.93,23.24,23.58,False
350b563e0523486391eba9d010337e2d,scene-0103,day,car,vehicle.car,car,v80-100,35.0,59.14,57.36,5.29,42.2,41.13,41.86,False
350b563e0523486391eba9d010337e2d,scene-0103,day,car,vehicle.car,car,v80-100,52.0,39.93,37.48,2.86,30.84,30.26,30.26,False
350b563e0523486391eba9d010337e2d,scene-0103,day,car,vehicle.car,car,v80-100,79.6,27.42,24.91,3.51,20.83,20.3,20.56,False
350b563e0523486391eba9d010337e2d,scene-0103,day,car,vehicle.car,car,v80-100,216.5,13.8,11.28,6.44,10.76,9.72,10.21,False
350b563e0523486391eba9d010337e2d,scene-0103,day,pedestrian,human.pedestrian.adult,person,v80-100,54.6,41.6,41.2,8.96,34.12,33.41,33.41,False
350b563e0523486391eba9d010337e2d,scene-0103,day,pedestrian,human.pedestrian.adult,person,v80-100,105.2,24.18,23.66,8.67,19.69,19.55,19.56,False
3d1b68481c894b0c84291b7d923e2e23,scene-0103,day,car,vehicle.car,car,v80-100,48.3,41.55,39.18,0.63,30.26,29.7,29.73,True
3d1b68481c894b0c84291b7d923e2e23,scene-0103,day,car,vehicle.car,car,v80-100,107.8,26.45,24.81,12.35,16.53,16.42,16.53,False
3d1b68481c894b0c84291b7d923e2e23,scene-0103,day,car,vehicle.car,car,v80-100,96.9,23.06,20.55,3.56,16.7,16.36,16.53,False
3d1b68481c894b0c84291b7d923e2e23,scene-0103,day,car,vehicle.car,car,v80-100,98.5,24.92,23.92,4.66,19.32,18.87,19.09,False
3d1b68481c894b0c84291b7d923e2e23,scene-0103,day,car,vehicle.car,car,v80-100,60.2,35.1,32.65,2.81,26.18,25.45,25.45,False
3d1b68481c894b0c84291b7d923e2e23,scene-0103,day,car,vehicle.car,car,v80-100,38.2,54.74,52.96,5.41,39.11,39.11,39.11,False
3d1b68481c894b0c84291b7d923e2e23,scene-0103,day,pedestrian,human.pedestrian.adult,person,v80-100,127.4,20.73,20.21,8.68,16.2,16.04,16.1,False
3d1b68481c894b0c84291b7d923e2e23,scene-0103,day,pedestrian,human.pedestrian.adult,person,v80-100,60.2,38.05,37.65,8.99,27.65,22.16,27.12,False
579c17cec3f94f0cbb84b8b95590841c,scene-0103,day,car,vehicle.car,car,v80-100,70.3,30.75,28.29,2.83,23.58,22.91,22.91,False
579c17cec3f94f0cbb84b8b95590841c,scene-0103,day,car,vehicle.car,car,v80-100,46.3,43.64,41.28,0.78,32.73,32.58,32.73,True
579c17cec3f94f0cbb84b8b95590841c,scene-0103,day,car,vehicle.car,car,v80-100,120.8,21.18,20.18,4.31,16.53,16.04,16.2,False
579c17cec3f94f0cbb84b8b95590841c,scene-0103,day,pedestrian,human.pedestrian.adult,person,v80-100,156.2,17.81,17.29,8.67,14.31,14.13,14.19,False
579c17cec3f94f0cbb84b8b95590841c,scene-0103,day,car,vehicle.car,car,v80-100,121.1,19.25,16.73,3.55,14.32,13.94,14.07,False
579c17cec3f94f0cbb84b8b95590841c,scene-0103,day,car,vehicle.car,car,v80-100,41.6,50.8,49.03,5.44,38.18,37.47,38.18,False
579c17cec3f94f0cbb84b8b95590841c,scene-0103,day,car,vehicle.car,car,v80-100,40.5,57.89,55.86,15.74,37.29,36.45,36.82,False
579c17cec3f94f0cbb84b8b95590841c,scene-0103,day,pedestrian,human.pedestrian.adult,person,v80-100,90.5,26.97,26.52,8.22,21.21,20.36,20.56,False
f9b9612d1bec41cf974eb41c202759f7,scene-0103,day,truck,vehicle.truck,truck,v40-60,64.0,63.78,60.39,5.99,42.2,40.31,41.64,False
f9b9612d1bec41cf974eb41c202759f7,scene-0103,day,car,vehicle.car,car,v80-100,80.9,27.04,24.57,2.95,21.58,20.83,21.1,False
f9b9612d1bec41cf974eb41c202759f7,scene-0103,day,car,vehicle.car,car,v80-100,144.9,18.14,17.14,4.07,13.71,13.28,13.44,False
f9b9612d1bec41cf974eb41c202759f7,scene-0103,day,car,vehicle.car,car,v80-100,150.9,16.09,13.55,3.48,11.71,11.29,11.37,False
f9b9612d1bec41cf974eb41c202759f7,scene-0103,day,car,vehicle.car,car,v80-100,44.5,47.52,45.74,5.32,37.29,35.71,36.45,False
f9b9612d1bec41cf974eb41c202759f7,scene-0103,day,car,vehicle.car,car,v80-100,43.0,54.72,52.68,15.6,34.41,32.07,33.41,False
c6de74ea1ed34b1fa6e084304bfdc184,scene-0103,day,car,vehicle.car,car,v80-100,46.7,45.41,43.62,5.22,34.12,33.72,34.12,False
c6de74ea1ed34b1fa6e084304bfdc184,scene-0103,day,car,vehicle.car,car,v80-100,88.4,24.95,22.48,3.05,19.56,18.69,19.01,False
c6de74ea1ed34b1fa6e084304bfdc184,scene-0103,day,car,vehicle.car,car,v80-100,166.5,16.24,15.24,3.82,11.97,11.54,11.71,False
c6de74ea1ed34b1fa6e084304bfdc184,scene-0103,day,car,vehicle.car,car,v80-100,179.6,14.09,11.54,3.43,10.02,9.64,9.72,False
c6de74ea1ed34b1fa6e084304bfdc184,scene-0103,day,truck,vehicle.truck,car,v60-80,66.3,61.67,58.28,6.13,40.09,38.7,39.11,False
c6de74ea1ed34b1fa6e084304bfdc184,scene-0103,day,car,vehicle.car,car,v80-100,44.9,52.68,50.64,15.48,32.86,29.26,31.64,False
c6de74ea1ed34b1fa6e084304bfdc184,scene-0103,day,car,vehicle.car,car,v60-80,78.2,35.32,32.76,7.43,26.73,25.45,25.86,False
562a992ab3724ba1873439cb5aa79c5f,scene-0103,day,car,vehicle.car,car,v80-100,49.3,43.35,41.56,5.21,34.12,33.41,33.82,False
562a992ab3724ba1873439cb5aa79c5f,scene-0103,day,car,vehicle.car,car,v80-100,97.7,22.93,20.45,3.09,18.41,17.62,17.82,False
562a992ab3724ba1873439cb5aa79c5f,scene-0103,day,car,vehicle.car,car,v80-100,192.9,14.37,13.4,2.99,10.98,10.55,10.69,False
562a992ab3724ba1873439cb5aa79c5f,scene-0103,day,car,vehicle.car,car,v80-100,221.4,12.18,9.63,3.41,8.48,8.06,8.18,False
562a992ab3724ba1873439cb5aa79c5f,scene-0103,day,car,vehicle.car,car,v80-100,47.1,50.71,48.67,15.48,34.53,32.07,33.42,False
562a992ab3724ba1873439cb5aa79c5f,scene-0103,day,truck,vehicle.truck,car,v60-80,69.0,59.62,56.22,6.15,39.03,37.29,38.18,False
562a992ab3724ba1873439cb5aa79c5f,scene-0103,day,car,vehicle.car,car,v40-60,84.0,33.29,30.73,7.44,24.67,23.58,23.93,False
a1c59120cae444969fe633dce315bfaf,scene-0103,day,car,vehicle.car,car,v80-100,51.1,41.91,40.11,5.22,33.41,32.91,33.41,False
a1c59120cae444969fe633dce315bfaf,scene-0103,day,car,vehicle.car,car,v80-100,211.4,13.1,12.12,2.18,10.28,9.84,9.98,False
a1c59120cae444969fe633dce315bfaf,scene-0103,day,car,vehicle.car,car,v80-100,264.9,10.82,8.27,3.42,7.53,7.0,7.1,False
a1c59120cae444969fe633dce315bfaf,scene-0103,day,car,vehicle.car,car,v80-100,105.0,21.52,19.03,3.11,17.82,16.7,17.06,False
a1c59120cae444969fe633dce315bfaf,scene-0103,day,pedestrian,human.pedestrian.adult,person,v80-100,118.0,22.03,21.49,11.89,15.49,14.99,15.13,False
a1c59120cae444969fe633dce315bfaf,scene-0103,day,truck,vehicle.truck,car,v60-80,70.8,58.19,54.78,6.15,39.69,38.53,39.11,False
a1c59120cae444969fe633dce315bfaf,scene-0103,day,car,vehicle.car,car,v60-80,48.6,49.33,47.29,15.49,35.61,30.65,34.59,False
46424bca0dce47e4b112431ecf260696,scene-0103,day,truck,vehicle.truck,truck,v60-80,72.1,57.27,53.85,6.14,38.18,37.29,37.97,False
46424bca0dce47e4b112431ecf260696,scene-0103,day,car,vehicle.car,car,v80-100,52.4,40.98,39.18,5.22,31.42,30.84,30.84,False
46424bca0dce47e4b112431ecf260696,scene-0103,day,car,vehicle.car,car,v80-100,213.6,12.7,11.19,0.75,9.78,9.32,9.49,True
46424bca0dce47e4b112431ecf260696,scene-0103,day,car,vehicle.car,car,v80-100,305.8,9.92,7.38,3.42,6.55,5.92,6.11,False
46424bca0dce47e4b112431ecf260696,scene-0103,day,pedestrian,human.pedestrian.adult,person,v80-100,80.3,29.3,28.89,8.73,23.23,22.17,22.59,False
46424bca0dce47e4b112431ecf260696,scene-0103,day,pedestrian,human.pedestrian.adult,person,v80-100,130.1,21.0,20.57,11.46,13.77,13.36,13.55,False
d05e01e43df24e35a7b4f11647e250f6,scene-0103,day,car,vehicle.car,car,v80-100,53.4,40.24,38.44,5.19,30.26,29.7,30.08,False
d05e01e43df24e35a7b4f11647e250f6,scene-0103,day,car,vehicle.car,car,v80-100,205.0,12.91,10.8,0.0,9.65,9.04,9.22,True
d05e01e43df24e35a7b4f11647e250f6,scene-0103,day,car,vehicle.car,car,v80-100,348.8,9.2,6.67,3.41,6.11,5.43,5.67,False
d05e01e43df24e35a7b4f11647e250f6,scene-0103,day,car,vehicle.car,car,v40-60,56.9,44.96,42.37,5.22,32.81,30.26,31.55,False
d05e01e43df24e35a7b4f11647e250f6,scene-0103,day,car,vehicle.car,car,v40-60,109.9,23.82,21.3,7.95,16.7,16.36,16.53,False
d05e01e43df24e35a7b4f11647e250f6,scene-0103,day,pedestrian,human.pedestrian.adult,person,v80-100,80.4,29.26,28.85,8.75,23.13,20.12,21.61,False
c78c89d264e64b1f9f8542e5817fc6f1,scene-0103,day,car,vehicle.car,car,v80-100,54.8,39.22,37.41,5.11,30.84,30.26,30.26,False
c78c89d264e64b1f9f8542e5817fc6f1,scene-0103,day,car,vehicle.car,car,v60-80,93.9,28.08,25.83,11.77,23.24,21.51,21.97,False
c78c89d264e64b1f9f8542e5817fc6f1,scene-0103,day,car,vehicle.car,car,v80-100,115.6,22.95,20.43,7.99,17.62,16.7,16.91,False
c78c89d264e64b1f9f8542e5817fc6f1,scene-0103,day,car,vehicle.car,car,v80-100,194.6,13.4,10.9,0.0,10.69,10.28,10.41,True
c78c89d264e64b1f9f8542e5817fc6f1,scene-0103,day,car,vehicle.car,car,v80-100,413.0,8.42,5.91,3.39,5.99,5.32,5.55,False
c78c89d264e64b1f9f8542e5817fc6f1,scene-0103,day,car,vehicle.car,car,v80-100,51.5,46.95,44.9,15.35,34.12,33.41,33.41,False
c78c89d264e64b1f9f8542e5817fc6f1,scene-0103,day,car,vehicle.car,car,v40-60,133.3,17.96,15.44,3.36,13.94,13.71,13.8,False
c78c89d264e64b1f9f8542e5817fc6f1,scene-0103,day,car,vehicle.car,car,v40-60,58.0,44.13,41.53,5.11,33.41,32.07,32.69,False
c78c89d264e64b1f9f8542e5817fc6f1,scene-0103,day,pedestrian,human.pedestrian.adult,person,v80-100,80.7,29.13,28.72,8.71,24.78,19.32,23.04,False
d9a8ad39503a411a8eb7501846d8dfc9,scene-0103,day,car,vehicle.car,car,v80-100,56.2,38.32,36.51,5.02,29.26,28.64,29.15,False
d9a8ad39503a411a8eb7501846d8dfc9,scene-0103,day,car,vehicle.car,car,v80-100,52.6,46.1,44.04,15.27,33.41,32.73,33.4,False
d9a8ad39503a411a8eb7501846d8dfc9,scene-0103,day,car,vehicle.car,car,v80-100,148.6,16.55,14.08,3.37,13.14,12.15,12.34,False
d9a8ad39503a411a8eb7501846d8dfc9,scene-0103,day,car,vehicle.car,car,v80-100,165.4,15.36,12.67,0.0,11.29,10.98,11.06,True
d9a8ad39503a411a8eb7501846d8dfc9,scene-0103,day,truck,vehicle.truck,truck,v80-100,75.7,54.8,51.37,6.45,39.11,37.95,38.18,False
d9a8ad39503a411a8eb7501846d8dfc9,scene-0103,day,car,vehicle.car,car,v40-60,59.3,43.22,40.62,5.0,32.07,29.7,30.54,False
d9a8ad39503a411a8eb7501846d8dfc9,scene-0103,day,car,vehicle.car,car,v40-60,121.7,22.15,19.63,8.05,16.35,15.42,15.72,False
d9a8ad39503a411a8eb7501846d8dfc9,scene-0103,day,car,vehicle.car,car,v80-100,426.4,7.64,5.18,3.36,5.7,5.17,5.36,False
30f3278766a040469851546a499aeddd,scene-0103,day,car,vehicle.car,car,v80-100,58.0,37.3,35.49,5.08,30.26,29.7,29.7,False
30f3278766a040469851546a499aeddd,scene-0103,day,car,vehicle.car,car,v80-100,54.1,45.13,43.08,15.35,34.12,33.41,33.6,False
30f3278766a040469851546a499aeddd,scene-0103,day,car,vehicle.car,car,v80-100,170.6,15.11,12.75,3.38,11.88,10.84,11.09,False
30f3278766a040469851546a499aeddd,scene-0103,day,car,vehicle.car,car,v80-100,142.6,17.42,14.74,0.0,12.83,12.59,12.69,True
30f3278766a040469851546a499aeddd,scene-0103,day,car,vehicle.car,car,v60-80,102.9,26.35,24.11,11.74,19.8,19.32,19.46,False
45b3945365d04b589a4e3d9d9588b934,scene-0103,day,car,vehicle.car,car,v80-100,128.9,19.23,16.65,0.0,15.13,14.97,14.99,True
45b3945365d04b589a4e3d9d9588b934,scene-0103,day,car,vehicle.car,car,v80-100,60.5,35.96,34.14,5.12,29.16,28.64,28.67,False
45b3945365d04b589a4e3d9d9588b934,scene-0103,day,truck,vehicle.truck,truck,v80-100,79.6,52.42,48.97,6.28,37.29,37.14,37.29,False
45b3945365d04b589a4e3d9d9588b934,scene-0103,day,car,vehicle.car,car,v80-100,56.1,43.86,41.81,15.39,32.73,32.07,32.11,False
45b3945365d04b589a4e3d9d9588b934,scene-0103,day,car,vehicle.car,car,v80-100,200.6,13.62,11.38,3.45,10.4,9.32,9.66,False
45b3945365d04b589a4e3d9d9588b934,scene-0103,day,car,vehicle.car,car,v80-100,110.3,25.16,22.92,11.76,18.63,16.88,18.2,False
45b3945365d04b589a4e3d9d9588b934,scene-0103,day,car,vehicle.car,car,v40-60,63.4,40.86,38.25,5.13,33.22,30.47,31.44,False
45b3945365d04b589a4e3d9d9588b934,scene-0103,day,car,vehicle.car,car,v40-60,39.7,73.36,71.32,6.69,53.48,51.56,52.51,False
aaeca9b158db49e697a4fc155f783dfa,scene-0103,day,car,vehicle.car,car,v80-100,63.3,34.59,32.77,5.12,28.34,28.13,28.13,False
aaeca9b158db49e697a4fc155f783dfa,scene-0103,day,car,vehicle.car,car,v80-100,116.8,21.15,18.63,0.34,17.06,16.95,17.06,True
aaeca9b158db49e697a4fc155f783dfa,scene-0103,day,car,vehicle.car,car,v80-100,58.4,42.57,40.52,15.4,32.07,29.6,31.83,False
aaeca9b158db49e697a4fc155f783dfa,scene-0103,day,truck,vehicle.truck,truck,v80-100,82.2,51.03,47.58,6.27,37.59,36.46,37.29,False
aaeca9b158db49e697a4fc155f783dfa,scene-0103,day,car,vehicle.car,car,v80-100,243.9,12.18,10.1,3.55,9.38,8.44,8.81,False
aaeca9b158db49e697a4fc155f783dfa,scene-0103,day,car,vehicle.car,car,v80-100,119.2,23.96,21.74,11.76,18.68,18.02,18.42,False
aaeca9b158db49e697a4fc155f783dfa,scene-0103,day,car,vehicle.car,car,v40-60,66.0,39.49,36.88,5.13,32.13,30.65,31.34,False
aaeca9b158db49e697a4fc155f783dfa,scene-0103,day,car,vehicle.car,car,v40-60,120.1,24.89,22.3,7.55,20.83,19.86,20.05,False
4d56d35168514019a3f2f6f39b1b54d5,scene-0103,day,truck,vehicle.truck,truck,v80-100,85.5,49.4,45.95,6.26,35.64,34.12,34.86,False
4d56d35168514019a3f2f6f39b1b54d5,scene-0103,day,car,vehicle.car,car,v80-100,67.0,32.96,31.13,5.12,27.18,26.73,26.73,False
4d56d35168514019a3f2f6f39b1b54d5,scene-0103,day,car,vehicle.car,car,v80-100,103.2,23.72,21.2,0.67,18.87,18.65,18.8,True
4d56d35168514019a3f2f6f39b1b54d5,scene-0103,day,car,vehicle.car,car,v60-80,61.3,41.04,38.99,15.4,31.44,28.66,30.58,False
4d56d35168514019a3f2f6f39b1b54d5,scene-0103,day,cyclist,vehicle.bicycle,person,v80-100,37.7,66.07,65.09,4.52,52.13,47.34,49.59,False
4d56d35168514019a3f2f6f39b1b54d5,scene-0103,day,car,vehicle.car,car,v60-80,69.4,37.85,35.24,5.14,30.84,29.61,30.26,False
4d56d35168514019a3f2f6f39b1b54d5,scene-0103,day,car,vehicle.car,car,v80-100,71.3,42.91,40.55,20.23,30.26,28.12,29.16,False
4d56d35168514019a3f2f6f39b1b54d5,scene-0103,day,car,vehicle.car,car,v80-100,322.0,10.59,8.79,3.68,8.32,7.71,7.94,False
4d56d35168514019a3f2f6f39b1b54d5,scene-0103,day,pedestrian,human.pedestrian.adult,person,v80-100,88.7,26.85,26.43,8.58,22.86,22.27,22.48,False
4d56d35168514019a3f2f6f39b1b54d5,scene-0103,day,car,vehicle.car,car,v80-100,131.7,22.56,20.36,11.75,16.74,16.34,16.53,False
47bac577996844c78919b53fa36cf1ed,scene-0103,day,car,vehicle.car,car,v80-100,93.1,26.08,23.56,0.99,21.38,21.1,21.1,True
47bac577996844c78919b53fa36cf1ed,scene-0103,day,truck,vehicle.truck,truck,v80-100,89.2,47.56,44.1,6.28,36.45,35.64,36.36,False
47bac577996844c78919b53fa36cf1ed,scene-0103,day,car,vehicle.car,car,v80-100,71.4,31.12,29.29,5.1,25.86,25.45,25.6,False
47bac577996844c78919b53fa36cf1ed,scene-0103,day,car,vehicle.car,car,v40-60,61.0,41.78,39.41,5.3,30.84,28.64,29.16,False
47bac577996844c78919b53fa36cf1ed,scene-0103,day,car,vehicle.car,car,v80-100,145.4,21.61,19.02,7.62,17.24,16.2,16.39,False
47bac577996844c78919b53fa36cf1ed,scene-0103,day,pedestrian,human.pedestrian.adult,person,v80-100,92.7,25.84,25.43,8.57,22.14,21.67,21.75,False
47bac577996844c78919b53fa36cf1ed,scene-0103,day,car,vehicle.car,car,v80-100,75.4,41.28,38.94,20.2,28.87,28.13,28.41,False
47bac577996844c78919b53fa36cf1ed,scene-0103,day,car,vehicle.car,car,v60-80,73.5,36.01,33.39,5.12,29.7,28.52,28.97,False
47bac577996844c78919b53fa36cf1ed,scene-0103,day,car,vehicle.car,car,v60-80,64.8,39.32,37.27,15.38,31.27,29.2,29.7,False
47bac577996844c78919b53fa36cf1ed,scene-0103,day,car,vehicle.car,car,v80-100,380.0,9.0,7.64,3.84,7.29,6.94,7.1,False
3152f3fe99a545b3a7af4019965f4973,scene-0103,day,car,vehicle.car,car,v80-100,84.9,28.43,25.87,1.19,23.24,22.91,22.91,True
3152f3fe99a545b3a7af4019965f4973,scene-0103,day,car,vehicle.car,car,v80-100,77.1,29.07,27.23,5.05,23.93,23.58,23.65,False
3152f3fe99a545b3a7af4019965f4973,scene-0103,day,truck,vehicle.truck,truck,v80-100,94.0,45.44,41.98,6.36,34.12,32.73,33.41,False
3152f3fe99a545b3a7af4019965f4973,scene-0103,day,car,vehicle.car,car,v80-100,165.8,19.72,17.14,7.71,15.13,14.1,14.32,False
3152f3fe99a545b3a7af4019965f4973,scene-0103,day,car,vehicle.car,car,v60-80,78.6,33.95,31.33,5.06,27.65,26.64,26.96,False
3152f3fe99a545b3a7af4019965f4973,scene-0103,day,car,vehicle.car,car,v60-80,69.1,37.41,35.37,15.31,29.7,25.98,28.71,False
3152f3fe99a545b3a7af4019965f4973,scene-0103,day,pedestrian,human.pedestrian.adult,person,v80-100,98.0,24.64,24.22,8.54,20.87,20.64,20.83,False
2548b0212b9b4356b3754f9aff505fba,scene-0103,day,car,vehicle.car,car,v80-100,77.5,30.85,28.3,1.2,23.93,23.75,23.93,True
2548b0212b9b4356b3754f9aff505fba,scene-0103,day,car,vehicle.car,car,v80-100,84.5,26.75,24.9,4.96,21.38,20.83,20.98,False
2548b0212b9b4356b3754f9aff505fba,scene-0103,day,truck,vehicle.truck,truck,v80-100,99.7,43.08,39.6,6.5,31.44,30.26,30.84,False
2548b0212b9b4356b3754f9aff505fba,scene-0103,day,car,vehicle.car,car,v80-100,195.3,17.68,15.12,7.74,12.73,11.79,12.15,False
2548b0212b9b4356b3754f9aff505fba,scene-0103,day,cyclist,vehicle.bicycle,person,v80-100,48.5,51.82,50.84,5.11,41.87,40.16,41.12,False
2548b0212b9b4356b3754f9aff505fba,scene-0103,day,car,vehicle.car,car,v60-80,84.9,31.64,29.01,4.95,25.06,24.1,24.3,False
2548b0212b9b4356b3754f9aff505fba,scene-0103,day,car,vehicle.car,car,v80-100,73.6,39.46,36.78,12.03,28.51,25.97,27.19,False
2548b0212b9b4356b3754f9aff505fba,scene-0103,day,pedestrian,human.pedestrian.adult,person,v80-100,105.6,23.11,22.68,8.48,18.5,18.22,18.39,False
2548b0212b9b4356b3754f9aff505fba,scene-0103,day,car,vehicle.car,car,v40-60,60.1,43.56,41.06,5.25,29.7,28.64,29.16,False
2548b0212b9b4356b3754f9aff505fba,scene-0103,day,car,vehicle.car,car,v40-60,46.1,64.11,62.05,6.94,48.59,44.38,47.16,False
8464c748ca5f460dba24b50a233692e4,scene-0103,day,car,vehicle.car,car,v80-100,94.6,24.22,22.36,4.85,18.87,18.58,18.65,False
8464c748ca5f460dba24b50a233692e4,scene-0103,day,truck,vehicle.truck,truck,v80-100,106.9,40.56,37.07,6.68,30.26,29.16,29.7,False
8464c748ca5f460dba24b50a233692e4,scene-0103,day,car,vehicle.car,car,v60-80,93.4,29.09,26.46,4.81,22.35,21.67,21.97,False
8464c748ca5f460dba24b50a233692e4,scene-0103,day,car,vehicle.car,car,v80-100,79.6,36.98,34.3,11.87,26.73,25.45,26.2,False
8464c748ca5f460dba24b50a233692e4,scene-0103,day,cyclist,vehicle.bicycle,person,v80-100,54.2,46.53,45.55,5.34,37.66,35.64,36.8,False
8464c748ca5f460dba24b50a233692e4,scene-0103,day,pedestrian,human.pedestrian.adult,person,v80-100,115.9,21.35,20.92,8.39,17.61,17.24,17.43,False
8464c748ca5f460dba24b50a233692e4,scene-0103,day,car,vehicle.car,car,v40-60,64.2,40.99,38.48,5.09,27.47,26.29,26.74,False
8464c748ca5f460dba24b50a233692e4,scene-0103,day,car,vehicle.car,car,v80-100,244.0,15.51,13.03,7.78,11.88,11.21,11.45,False
8464c748ca5f460dba24b50a233692e4,scene-0103,day,car,vehicle.car,car,v80-100,81.5,32.99,30.96,15.07,23.93,23.58,23.58,False
43690f8cf9e8472eae04d06de838217a,scene-0103,day,car,vehicle.car,car,v80-100,106.8,21.77,19.89,4.77,16.97,16.53,16.7,False
43690f8cf9e8472eae04d06de838217a,scene-0103,day,truck,vehicle.truck,truck,v80-100,114.8,38.11,34.61,6.83,28.91,27.8,28.13,False
43690f8cf9e8472eae04d06de838217a,scene-0103,day,car,vehicle.car,car,v60-80,103.4,26.61,23.96,4.69,20.56,19.8,20.24,False
43690f8cf9e8472eae04d06de838217a,scene-0103,day,cyclist,vehicle.bicycle,person,v80-100,61.4,41.29,40.3,5.45,33.25,31.89,32.14,False
43690f8cf9e8472eae04d06de838217a,scene-0103,day,car,vehicle.car,car,v80-100,86.2,34.62,31.93,11.74,25.25,23.93,24.3,False
43690f8cf9e8472eae04d06de838217a,scene-0103,day,car,vehicle.car,car,v40-60,52.7,44.11,41.94,5.16,28.13,25.86,26.73,False
43690f8cf9e8472eae04d06de838217a,scene-0103,day,car,vehicle.car,car,v40-60,68.7,38.49,35.97,4.95,25.29,23.84,24.67,False
43690f8cf9e8472eae04d06de838217a,scene-0103,day,pedestrian,human.pedestrian.adult,person,v80-100,128.0,19.69,19.25,8.32,16.07,15.72,15.97,False
883020ef0286455bbb4b91bc12f642ac,scene-0103,day,car,vehicle.car,car,v80-100,127.8,18.61,16.71,4.65,14.32,13.82,13.96,False
883020ef0286455bbb4b91bc12f642ac,scene-0103,day,truck,vehicle.truck,truck,v80-100,126.5,34.93,31.42,7.02,25.86,24.95,25.06,False
883020ef0286455bbb4b91bc12f642ac,scene-0103,day,car,vehicle.car,car,v40-60,54.3,60.42,58.11,7.35,42.2,40.09,41.12,False
883020ef0286455bbb4b91bc12f642ac,scene-0103,day,car,vehicle.car,car,v80-100,96.2,31.58,28.9,11.55,22.91,21.1,21.75,False
883020ef0286455bbb4b91bc12f642ac,scene-0103,day,car,vehicle.car,car,v60-80,119.4,23.4,20.74,4.54,17.82,17.25,17.43,False
883020ef0286455bbb4b91bc12f642ac,scene-0103,day,car,vehicle.car,car,v40-60,56.9,40.86,38.68,4.94,26.63,24.0,25.86,False
883020ef0286455bbb4b91bc12f642ac,scene-0103,day,car,vehicle.car,car,v40-60,75.3,35.22,32.68,4.76,22.91,22.24,22.36,False
883020ef0286455bbb4b91bc12f642ac,scene-0103,day,pedestrian,human.pedestrian.adult,person,v80-100,149.8,17.4,16.95,8.22,13.91,13.52,13.72,False
883020ef0286455bbb4b91bc12f642ac,scene-0103,day,car,vehicle.car,car,v40-60,45.0,58.14,56.12,5.08,38.18,37.29,37.37,False
6d2aceca30d140c2ada255c5289f2589,scene-0103,day,car,vehicle.car,car,v80-100,159.4,15.57,13.67,4.56,11.62,11.29,11.37,False
6d2aceca30d140c2ada255c5289f2589,scene-0103,day,truck,vehicle.truck,truck,v80-100,141.3,31.84,28.33,7.17,24.67,23.58,23.93,False
6d2aceca30d140c2ada255c5289f2589,scene-0103,day,car,vehicle.car,car,v80-100,109.2,28.67,26.0,11.41,19.8,17.74,18.65,False
6d2aceca30d140c2ada255c5289f2589,scene-0103,day,car,vehicle.car,car,v60-80,141.8,20.3,17.64,4.42,15.42,14.85,14.99,False
6d2aceca30d140c2ada255c5289f2589,scene-0103,day,cyclist,vehicle.bicycle,person,v80-100,87.7,29.43,28.43,5.54,25.89,24.65,25.03,False
6d2aceca30d140c2ada255c5289f2589,scene-0103,day,car,vehicle.car,car,v40-60,56.5,52.67,50.59,7.89,40.12,38.18,38.87,False
6d2aceca30d140c2ada255c5289f2589,scene-0103,day,car,vehicle.car,car,v60-80,102.4,25.98,23.57,4.57,20.56,19.8,20.07,False
6d2aceca30d140c2ada255c5289f2589,scene-0103,day,car,vehicle.car,car,v40-60,62.0,37.7,35.52,4.77,24.67,23.93,24.3,False
6d2aceca30d140c2ada255c5289f2589,scene-0103,day,car,vehicle.car,car,v60-80,47.7,54.96,52.95,4.84,41.12,40.09,40.99,False
6d2aceca30d140c2ada255c5289f2589,scene-0103,day,car,vehicle.car,car,v40-60,57.5,57.27,54.96,7.59,41.12,40.09,41.08,False
16c0e0687dda444285817f7ccd3387b5,scene-0103,day,car,vehicle.car,car,v80-100,216.0,12.43,10.51,4.5,9.01,8.62,8.73,False
16c0e0687dda444285817f7ccd3387b5,scene-0103,day,truck,vehicle.truck,truck,v80-100,161.1,28.57,25.05,7.27,21.67,20.83,21.1,False
16c0e0687dda444285817f7ccd3387b5,scene-0103,day,car,vehicle.car,car,v60-80,127.4,25.63,22.99,11.32,16.99,13.72,16.57,False
16c0e0687dda444285817f7ccd3387b5,scene-0103,day,car,vehicle.car,car,v80-100,176.3,17.06,14.39,4.34,12.73,12.24,12.34,False
16c0e0687dda444285817f7ccd3387b5,scene-0103,day,car,vehicle.car,car,v80-100,60.5,49.34,47.25,8.03,38.18,37.07,37.29,False
16c0e0687dda444285817f7ccd3387b5,scene-0103,day,car,vehicle.car,car,v60-80,119.7,22.66,20.24,4.49,17.62,17.24,17.43,False
16c0e0687dda444285817f7ccd3387b5,scene-0103,day,car,vehicle.car,car,v60-80,50.9,51.58,49.56,4.7,38.18,37.28,37.29,False
16c0e0687dda444285817f7ccd3387b5,scene-0103,day,car,vehicle.car,car,v40-60,61.2,53.92,51.6,7.73,41.12,39.61,40.09,False
16c0e0687dda444285817f7ccd3387b5,scene-0103,day,car,vehicle.car,car,v60-80,94.2,28.7,26.16,4.51,22.24,21.67,21.94,False
16c0e0687dda444285817f7ccd3387b5,scene-0103,day,cyclist,vehicle.bicycle,person,v80-100,112.9,23.35,22.33,5.65,20.59,20.11,20.3,False
059ffc35578745c3b625011b0479a4fa,scene-0103,day,truck,vehicle.truck,truck,v80-100,189.4,25.19,21.68,7.31,19.8,18.43,19.09,False
059ffc35578745c3b625011b0479a4fa,scene-0103,day,car,vehicle.car,car,v80-100,238.0,13.77,11.11,4.31,9.66,9.16,9.31,False
059ffc35578745c3b625011b0479a4fa,scene-0103,day,car,vehicle.car,car,v60-80,146.2,19.23,16.79,4.45,14.85,14.43,14.58,False
059ffc35578745c3b625011b0479a4fa,scene-0103,day,car,vehicle.car,car,v80-100,52.4,42.15,39.69,4.89,32.73,27.18,32.61,False
059ffc35578745c3b625011b0479a4fa,scene-0103,day,car,vehicle.car,car,v80-100,109.2,25.25,22.69,4.48,20.05,19.41,19.56,False
059ffc35578745c3b625011b0479a4fa,scene-0103,day,car,vehicle.car,car,v60-80,87.0,33.24,30.46,7.5,27.18,25.86,26.29,False
059ffc35578745c3b625011b0479a4fa,scene-0103,day,car,vehicle.car,car,v60-80,54.8,48.06,46.04,4.65,37.95,33.41,36.53,False
059ffc35578745c3b625011b0479a4fa,scene-0103,day,car,vehicle.car,car,v80-100,65.6,45.87,43.77,8.08,35.64,34.86,35.21,False
059ffc35578745c3b625011b0479a4fa,scene-0103,day,car,vehicle.car,car,v40-60,65.8,50.44,48.11,7.78,39.69,38.06,38.99,False
ae6645e8bf474b65b19a69bf71fe90a3,scene-0103,day,truck,vehicle.truck,truck,v80-100,232.5,21.7,18.2,7.4,16.53,15.13,15.72,False
ae6645e8bf474b65b19a69bf71fe90a3,scene-0103,day,car,vehicle.car,car,v80-100,71.9,42.21,40.1,8.21,34.12,32.07,32.73,False
ae6645e8bf474b65b19a69bf71fe90a3,scene-0103,day,car,vehicle.car,car,v80-100,190.3,15.64,13.2,4.37,12.06,11.45,11.71,False
ae6645e8bf474b65b19a69bf71fe90a3,scene-0103,day,car,vehicle.car,car,v80-100,376.4,10.42,7.84,4.24,7.97,7.14,7.41,False
ae6645e8bf474b65b19a69bf71fe90a3,scene-0103,day,car,vehicle.car,car,v80-100,57.9,38.45,35.99,4.75,30.26,24.92,29.7,False
ae6645e8bf474b65b19a69bf71fe90a3,scene-0103,day,car,vehicle.car,car,v60-80,59.7,44.34,42.31,4.5,35.64,34.75,34.86,False
ae6645e8bf474b65b19a69bf71fe90a3,scene-0103,day,car,vehicle.car,car,v80-100,131.2,21.61,19.04,4.38,17.15,16.7,16.88,False
ae6645e8bf474b65b19a69bf71fe90a3,scene-0103,day,car,vehicle.car,car,v40-60,40.5,63.64,61.52,4.57,44.54,43.15,43.34,False
ae6645e8bf474b65b19a69bf71fe90a3,scene-0103,day,car,vehicle.car,car,v60-80,99.6,29.64,26.86,7.61,24.67,22.91,23.58,False
ae6645e8bf474b65b19a69bf71fe90a3,scene-0103,day,car,vehicle.car,car,v60-80,88.8,27.16,24.96,4.51,22.91,21.47,21.97,False
87723668b00f419ba263ab062d14bd13,scene-0103,day,car,vehicle.car,car,v40-60,30.8,78.06,75.98,4.1,50.11,47.05,48.08,False
87723668b00f419ba263ab062d14bd13,scene-0103,day,truck,vehicle.truck,truck,v80-100,301.8,18.27,14.81,7.45,13.48,12.15,12.83,False
87723668b00f419ba263ab062d14bd13,scene-0103,day,car,vehicle.car,car,v60-80,65.7,40.48,38.45,4.44,32.07,30.85,31.44,False
87723668b00f419ba263ab062d14bd13,scene-0103,day,car,vehicle.car,car,v80-100,277.1,12.03,9.59,4.32,8.38,7.82,7.96,False
87723668b00f419ba263ab062d14bd13,scene-0103,day,car,vehicle.car,car,v80-100,58.8,34.58,32.39,2.6,27.65,27.18,27.53,False
87723668b00f419ba263ab062d14bd13,scene-0103,day,car,vehicle.car,car,v80-100,64.8,34.64,32.17,4.69,27.33,26.73,27.09,False
87723668b00f419ba263ab062d14bd13,scene-0103,day,car,vehicle.car,car,v80-100,165.6,17.88,15.29,4.33,13.48,13.04,13.14,False
87723668b00f419ba263ab062d14bd13,scene-0103,day,car,vehicle.car,car,v80-100,117.0,25.97,23.19,7.66,20.91,19.55,20.05,False
87723668b00f419ba263ab062d14bd13,scene-0103,day,car,vehicle.car,car,v40-60,43.2,59.77,57.65,4.55,39.11,36.18,38.19,False
87723668b00f419ba263ab062d14bd13,scene-0103,day,car,vehicle.car,car,v80-100,79.6,38.45,36.33,8.27,29.91,29.16,29.27,False
87723668b00f419ba263ab062d14bd13,scene-0103,day,car,vehicle.car,car,v60-80,105.3,23.35,21.14,4.46,18.25,17.62,17.82,False
d5061556971945c2afc03dbfdc3bc1a6,scene-0103,day,car,vehicle.car,car,v80-100,79.4,26.32,24.12,2.39,21.67,21.38,21.38,False
d5061556971945c2afc03dbfdc3bc1a6,scene-0103,day,car,vehicle.car,car,v80-100,149.3,21.58,18.81,7.61,17.25,15.88,16.21,False
d5061556971945c2afc03dbfdc3bc1a6,scene-0103,day,car,vehicle.car,car,v80-100,92.1,33.88,31.74,8.18,27.65,26.73,26.96,False
d5061556971945c2afc03dbfdc3bc1a6,scene-0103,day,car,vehicle.car,car,v80-100,246.3,13.41,10.82,4.35,9.53,9.16,9.25,False
d5061556971945c2afc03dbfdc3bc1a6,scene-0103,day,car,vehicle.car,car,v40-60,33.0,73.27,71.18,4.3,49.88,46.18,47.16,False
d5061556971945c2afc03dbfdc3bc1a6,scene-0103,day,car,vehicle.car,car,v60-80,75.3,35.78,33.74,4.55,29.16,28.58,28.67,False
d5061556971945c2afc03dbfdc3bc1a6,scene-0103,day,car,vehicle.car,car,v80-100,76.5,29.96,27.48,4.78,24.05,23.58,23.89,False
d5061556971945c2afc03dbfdc3bc1a6,scene-0103,day,car,vehicle.car,car,v60-80,137.3,18.76,16.53,4.5,14.9,14.45,14.58,False
d5061556971945c2afc03dbfdc3bc1a6,scene-0103,day,car,vehicle.car,car,v40-60,89.0,38.36,36.0,7.89,32.36,30.39,31.02,False
d5061556971945c2afc03dbfdc3bc1a6,scene-0103,day,car,vehicle.car,car,v40-60,47.3,55.05,52.93,4.75,34.12,31.67,32.29,False
d5061556971945c2afc03dbfdc3bc1a6,scene-0103,day,truck,vehicle.truck,truck,v80-100,475.8,14.34,11.06,7.43,11.88,11.06,11.37,False
2d3b48e3840244c7b681cb6e63e2c123,scene-0103,day,car,vehicle.car,car,v80-100,183.2,18.67,15.93,7.64,14.58,13.36,13.59,False
2d3b48e3840244c7b681cb6e63e2c123,scene-0103,day,car,vehicle.car,car,v80-100,110.5,19.57,17.36,2.29,17.35,16.88,16.98,False
2d3b48e3840244c7b681cb6e63e2c123,scene-0103,day,car,vehicle.car,car,v80-100,102.7,30.78,28.63,8.21,24.67,23.58,23.93,False
2d3b48e3840244c7b681cb6e63e2c123,scene-0103,day,car,vehicle.car,car,v80-100,86.6,26.77,24.29,4.75,21.05,20.56,20.65,False
2d3b48e3840244c7b681cb6e63e2c123,scene-0103,day,car,vehicle.car,car,v80-100,83.1,32.59,30.55,4.52,26.48,25.86,26.29,False
2d3b48e3840244c7b681cb6e63e2c123,scene-0103,day,car,vehicle.car,car,v60-80,50.2,51.82,49.7,4.77,40.09,36.03,39.11,False
2d3b48e3840244c7b681cb6e63e2c123,scene-0103,day,car,vehicle.car,car,v80-100,172.2,15.66,13.42,4.46,12.34,11.79,11.99,False
2d3b48e3840244c7b681cb6e63e2c123,scene-0103,day,car,vehicle.car,car,v80-100,366.2,10.48,7.94,4.31,8.1,7.26,7.52,False
2d3b48e3840244c7b681cb6e63e2c123,scene-0103,day,car,vehicle.car,car,v40-60,34.6,69.75,67.67,4.32,51.73,49.11,50.11,False
2d3b48e3840244c7b681cb6e63e2c123,scene-0103,day,car,vehicle.car,car,v40-60,97.8,35.22,32.85,7.92,28.67,27.26,27.67,False
0f4c0e7301424f2996d87a86902aafe9,scene-0103,day,car,vehicle.car,car,v80-100,119.6,26.93,24.76,8.19,21.18,20.05,20.34,False
0f4c0e7301424f2996d87a86902aafe9,scene-0103,day,car,vehicle.car,car,v80-100,252.9,11.9,9.66,4.47,8.91,8.31,8.44,False
0f4c0e7301424f2996d87a86902aafe9,scene-0103,day,car,vehicle.car,car,v80-100,192.5,12.39,10.12,2.34,10.76,10.21,10.29,False
0f4c0e7301424f2996d87a86902aafe9,scene-0103,day,car,vehicle.car,car,v80-100,103.7,22.8,20.29,4.77,17.82,17.34,17.43,False
0f4c0e7301424f2996d87a86902aafe9,scene-0103,day,car,vehicle.car,car,v80-100,95.4,28.6,26.54,4.55,23.58,22.95,23.24,False
0f4c0e7301424f2996d87a86902aafe9,scene-0103,day,car,vehicle.car,car,v60-80,54.3,47.77,45.64,4.88,32.82,29.97,32.07,False
0f4c0e7301424f2996d87a86902aafe9,scene-0103,day,car,vehicle.car,car,v80-100,255.9,15.18,12.53,7.63,12.73,11.88,12.16,False
0f4c0e7301424f2996d87a86902aafe9,scene-0103,day,car,vehicle.car,car,v60-80,36.4,60.33,58.14,4.69,44.5,42.73,43.34,False
0f4c0e7301424f2996d87a86902aafe9,scene-0103,day,parked two-wheeler,vehicle.bicycle,bicycle,v80-100,81.0,19.88,19.21,6.8,17.81,10.64,16.41,False
aeffd15cbe594a9a81b26d8bb8d15f3d,scene-0103,day,car,vehicle.car,car,v80-100,385.8,5.69,3.54,2.45,4.86,4.23,4.47,False
aeffd15cbe594a9a81b26d8bb8d15f3d,scene-0103,day,car,vehicle.car,car,v80-100,114.4,24.56,22.5,4.44,19.09,18.8,18.87,False
aeffd15cbe594a9a81b26d8bb8d15f3d,scene-0103,day,car,vehicle.car,car,v80-100,133.1,18.81,16.3,4.66,14.07,13.52,13.71,False
aeffd15cbe594a9a81b26d8bb8d15f3d,scene-0103,day,parked two-wheeler,vehicle.bicycle,bicycle,v80-100,105.0,16.08,15.43,6.7,12.57,11.88,12.06,False
aeffd15cbe594a9a81b26d8bb8d15f3d,scene-0103,day,car,vehicle.car,car,v40-60,39.4,61.93,59.87,4.41,44.18,42.0,43.23,False
aeffd15cbe594a9a81b26d8bb8d15f3d,scene-0103,day,car,vehicle.car,car,v80-100,147.2,23.14,20.95,8.3,19.32,18.43,18.77,False
aeffd15cbe594a9a81b26d8bb8d15f3d,scene-0103,day,car,vehicle.car,car,v60-80,60.6,43.68,41.54,4.74,29.32,26.86,28.64,False
aeffd15cbe594a9a81b26d8bb8d15f3d,scene-0103,day,car,vehicle.car,car,v40-60,70.3,35.69,33.48,4.55,24.25,22.91,23.58,False
1afba7064f794174a68582db8e099c80,scene-0103,day,car,vehicle.car,car,v80-100,186.1,19.42,17.22,8.26,14.71,13.54,13.83,False
1afba7064f794174a68582db8e099c80,scene-0103,day,car,vehicle.car,car,v80-100,140.4,20.53,18.44,4.51,15.72,15.31,15.42,False
1afba7064f794174a68582db8e099c80,scene-0103,day,car,vehicle.car,car,v80-100,180.7,14.88,12.36,4.69,10.57,10.02,10.13,False
1afba7064f794174a68582db8e099c80,scene-0103,day,car,vehicle.car,car,v60-80,99.9,26.62,24.38,4.74,20.58,19.9,20.23,False
1afba7064f794174a68582db8e099c80,scene-0103,day,car,vehicle.car,car,v80-100,159.4,23.53,21.09,7.95,18.65,17.6,17.83,False
1afba7064f794174a68582db8e099c80,scene-0103,day,car,vehicle.car,car,v40-60,84.1,28.68,26.22,8.03,22.96,21.82,22.27,False
be95ce80ec624f81ba6737eb67241215,scene-0655,day,car,vehicle.car,car,v80-100,19.1,101.66,99.22,5.78,66.82,64.14,64.15,False
be95ce80ec624f81ba6737eb67241215,scene-0655,day,car,vehicle.car,car,v80-100,71.9,33.07,31.15,3.39,29.7,28.64,29.16,False
be95ce80ec624f81ba6737eb67241215,scene-0655,day,car,vehicle.car,car,v40-60,53.7,57.9,54.93,6.91,42.33,39.11,40.09,False
be95ce80ec624f81ba6737eb67241215,scene-0655,day,car,vehicle.car,car,v60-80,53.3,39.28,36.7,7.39,30.67,28.08,30.07,False
be95ce80ec624f81ba6737eb67241215,scene-0655,day,car,vehicle.car,car,v40-60,52.0,44.76,42.24,7.46,35.64,33.45,34.86,False
be95ce80ec624f81ba6737eb67241215,scene-0655,day,car,vehicle.car,car,v40-60,201.4,14.57,12.62,5.69,12.43,11.88,12.06,False
be95ce80ec624f81ba6737eb67241215,scene-0655,day,car,vehicle.car,car,v80-100,276.6,13.55,11.07,7.02,10.48,9.78,10.02,False
be95ce80ec624f81ba6737eb67241215,scene-0655,day,truck,vehicle.truck,truck,v80-100,169.3,24.27,20.36,6.78,17.62,16.2,16.53,False
be95ce80ec624f81ba6737eb67241215,scene-0655,day,car,vehicle.car,car,v40-60,49.0,50.66,48.07,7.05,39.11,36.45,39.11,False
d35f5f1183da4cd9a744d9e265a6e40a,scene-0655,day,car,vehicle.car,car,v80-100,19.9,97.53,95.08,5.63,69.72,68.09,69.72,False
d35f5f1183da4cd9a744d9e265a6e40a,scene-0655,day,truck,vehicle.truck,truck,v80-100,216.2,20.36,16.46,6.72,14.81,13.35,13.59,False
d35f5f1183da4cd9a744d9e265a6e40a,scene-0655,day,car,vehicle.car,car,v40-60,58.1,53.74,50.76,6.83,42.2,40.09,41.12,False
d35f5f1183da4cd9a744d9e265a6e40a,scene-0655,day,car,vehicle.car,car,v60-80,60.3,35.19,32.59,7.36,27.65,24.67,26.73,False
d35f5f1183da4cd9a744d9e265a6e40a,scene-0655,day,car,vehicle.car,car,v40-60,57.8,40.63,38.1,7.33,32.08,28.74,31.44,False
d35f5f1183da4cd9a744d9e265a6e40a,scene-0655,day,car,vehicle.car,car,v60-80,81.2,29.85,27.87,5.06,27.17,26.73,26.73,False
d35f5f1183da4cd9a744d9e265a6e40a,scene-0655,day,car,vehicle.car,car,v40-60,53.7,46.52,43.92,7.0,36.45,34.07,35.82,False
d35f5f1183da4cd9a744d9e265a6e40a,scene-0655,day,car,vehicle.car,car,v40-60,127.4,17.9,16.17,5.13,17.24,16.53,16.91,False
8ba2ea656c09414c90b1a5d4b6f4130b,scene-0655,day,car,vehicle.car,car,v80-100,20.9,93.46,91.01,5.58,63.18,59.81,61.59,False
8ba2ea656c09414c90b1a5d4b6f4130b,scene-0655,day,car,vehicle.car,truck,v60-80,185.6,16.92,14.93,5.55,15.88,15.72,15.72,False
8ba2ea656c09414c90b1a5d4b6f4130b,scene-0655,day,car,vehicle.car,car,v60-80,69.6,31.22,28.6,7.35,24.67,23.6,23.93,False
8ba2ea656c09414c90b1a5d4b6f4130b,scene-0655,day,car,vehicle.car,car,v40-60,176.1,14.24,12.35,5.09,12.43,12.12,12.24,False
8ba2ea656c09414c90b1a5d4b6f4130b,scene-0655,day,car,vehicle.car,car,v40-60,63.4,49.71,46.73,6.86,37.29,33.35,34.72,False
8ba2ea656c09414c90b1a5d4b6f4130b,scene-0655,day,truck,vehicle.truck,truck,v80-100,297.7,16.7,12.88,6.73,11.97,10.48,11.06,False
8ba2ea656c09414c90b1a5d4b6f4130b,scene-0655,day,car,vehicle.car,car,v60-80,65.1,36.64,34.1,7.31,29.16,28.13,28.64,False
8ba2ea656c09414c90b1a5d4b6f4130b,scene-0655,day,car,vehicle.car,car,v60-80,59.6,42.51,39.9,7.05,33.12,32.16,32.73,False
8ba2ea656c09414c90b1a5d4b6f4130b,scene-0655,day,car,vehicle.car,car,v40-60,92.1,24.13,21.6,7.35,19.62,17.76,18.93,False
92f4ee9bea444cfba6ddde21cbb47f06,scene-0655,day,car,vehicle.car,car,v80-100,21.8,89.65,87.2,5.43,61.68,59.39,60.85,False
92f4ee9bea444cfba6ddde21cbb47f06,scene-0655,day,car,vehicle.car,truck,v60-80,256.1,13.66,11.47,5.54,10.98,10.48,10.69,False
92f4ee9bea444cfba6ddde21cbb47f06,scene-0655,day,car,vehicle.car,car,v80-100,80.6,27.53,24.9,7.3,21.57,20.56,20.83,False
92f4ee9bea444cfba6ddde21cbb47f06,scene-0655,day,car,vehicle.car,car,v60-80,69.0,45.95,42.96,6.81,34.86,33.76,34.12,False
92f4ee9bea444cfba6ddde21cbb47f06,scene-0655,day,car,vehicle.car,car,v60-80,73.4,32.93,30.39,7.28,25.86,25.22,25.45,False
92f4ee9bea444cfba6ddde21cbb47f06,scene-0655,day,car,vehicle.car,car,v60-80,65.8,38.76,36.15,6.96,30.26,29.49,29.7,False
92f4ee9bea444cfba6ddde21cbb47f06,scene-0655,day,car,vehicle.car,car,v60-80,113.1,20.6,18.08,7.34,16.04,14.19,15.36,False
92f4ee9bea444cfba6ddde21cbb47f06,scene-0655,day,truck,vehicle.truck,truck,v80-100,455.2,13.49,9.89,6.71,10.84,9.78,10.12,False
d30a9add52b347b281114af3fe6b2578,scene-0655,day,car,vehicle.car,car,v80-100,153.3,16.76,14.28,7.3,12.43,11.34,11.71,False
d30a9add52b347b281114af3fe6b2578,scene-0655,day,car,vehicle.car,car,v80-100,98.4,23.44,20.79,7.29,18.22,17.07,17.43,False
d30a9add52b347b281114af3fe6b2578,scene-0655,day,car,vehicle.car,car,v80-100,22.9,85.35,82.9,5.19,57.47,55.85,57.27,False
d30a9add52b347b281114af3fe6b2578,scene-0655,day,car,vehicle.car,car,v60-80,76.7,41.72,38.72,6.74,32.52,31.44,32.0,False
d30a9add52b347b281114af3fe6b2578,scene-0655,day,car,vehicle.car,car,v80-100,85.8,28.79,26.24,7.23,22.9,21.97,22.27,False
d30a9add52b347b281114af3fe6b2578,scene-0655,day,car,vehicle.car,car,v60-80,54.9,49.75,47.8,17.87,32.75,30.64,32.73,False
d30a9add52b347b281114af3fe6b2578,scene-0655,day,car,vehicle.car,car,v80-100,74.8,34.56,31.94,6.9,27.18,26.29,26.59,False
d30a9add52b347b281114af3fe6b2578,scene-0655,day,car,vehicle.car,car,v40-60,42.9,55.13,52.53,7.35,41.0,37.52,39.12,False
d30a9add52b347b281114af3fe6b2578,scene-0655,day,car,vehicle.car,car,v60-80,46.4,51.41,50.04,5.37,43.63,41.18,43.31,False
ef8ebee2c9b54a79a58c65c4bed11502,scene-0655,day,car,vehicle.car,car,v60-80,110.7,24.05,22.28,5.72,21.67,20.83,21.26,False
ef8ebee2c9b54a79a58c65c4bed11502,scene-0655,day,car,vehicle.car,car,v80-100,119.6,20.25,17.59,7.24,15.27,14.44,14.58,False
ef8ebee2c9b54a79a58c65c4bed11502,scene-0655,day,car,vehicle.car,car,v60-80,58.1,41.78,39.67,18.34,28.13,27.18,28.13,False
ef8ebee2c9b54a79a58c65c4bed11502,scene-0655,day,car,vehicle.car,car,v60-80,84.3,38.36,35.35,6.62,29.7,28.64,29.16,False
ef8ebee2c9b54a79a58c65c4bed11502,scene-0655,day,car,vehicle.car,car,v80-100,99.2,25.53,22.97,7.14,20.28,19.32,19.56,False
ef8ebee2c9b54a79a58c65c4bed11502,scene-0655,day,car,vehicle.car,car,v40-60,24.0,81.94,79.48,4.86,59.39,54.89,57.27,False
ef8ebee2c9b54a79a58c65c4bed11502,scene-0655,day,car,vehicle.car,car,v80-100,84.0,31.23,28.6,6.78,24.3,23.58,23.76,False
ef8ebee2c9b54a79a58c65c4bed11502,scene-0655,day,car,vehicle.car,car,v40-60,45.9,51.75,49.15,7.15,38.18,34.12,36.28,False
ef8ebee2c9b54a79a58c65c4bed11502,scene-0655,day,car,vehicle.car,car,v80-100,212.4,13.9,11.52,7.26,10.98,10.48,10.69,False
ef8ebee2c9b54a79a58c65c4bed11502,scene-0655,day,car,vehicle.car,car,v40-60,56.1,34.89,33.6,5.91,29.84,29.16,29.7,False
ef8ebee2c9b54a79a58c65c4bed11502,scene-0655,day,car,vehicle.car,car,v60-80,50.0,48.03,46.64,5.55,41.12,39.11,40.64,False
709c0afde9fa407ca2d077e4eb1c95c2,scene-0655,day,car,vehicle.car,car,v60-80,131.2,20.82,18.95,5.72,19.09,18.52,18.87,False
709c0afde9fa407ca2d077e4eb1c95c2,scene-0655,day,car,vehicle.car,car,v80-100,151.6,17.17,14.53,7.23,13.25,12.15,12.43,False
709c0afde9fa407ca2d077e4eb1c95c2,scene-0655,day,bus,vehicle.bus.bendy,bus,v80-100,44.7,100.75,96.01,3.5,72.89,69.72,69.72,False
709c0afde9fa407ca2d077e4eb1c95c2,scene-0655,day,car,vehicle.car,car,v60-80,53.8,44.67,43.25,5.64,40.09,36.15,39.36,False
709c0afde9fa407ca2d077e4eb1c95c2,scene-0655,day,car,vehicle.car,car,v80-100,117.2,22.33,19.76,7.1,18.43,17.42,17.82,False
709c0afde9fa407ca2d077e4eb1c95c2,scene-0655,day,car,vehicle.car,car,v80-100,93.3,35.03,32.01,6.53,28.64,27.65,27.89,False
709c0afde9fa407ca2d077e4eb1c95c2,scene-0655,day,car,vehicle.car,car,v80-100,95.5,27.94,25.29,6.7,23.24,22.07,22.47,False
709c0afde9fa407ca2d077e4eb1c95c2,scene-0655,day,car,vehicle.car,car,v40-60,49.3,48.4,45.79,7.02,38.69,33.59,36.45,False
709c0afde9fa407ca2d077e4eb1c95c2,scene-0655,day,car,vehicle.car,car,v60-80,62.2,31.6,30.27,5.99,29.7,29.16,29.59,False
709c0afde9fa407ca2d077e4eb1c95c2,scene-0655,day,truck,vehicle.construction,car,v60-80,24.1,113.93,110.28,3.51,76.14,67.23,72.6,False
709c0afde9fa407ca2d077e4eb1c95c2,scene-0655,day,car,vehicle.car,car,v40-60,33.7,60.37,57.9,6.68,45.82,43.34,44.54,False
94d08cc4745c4568a1e454c42ba46a6f,scene-0655,day,car,vehicle.car,car,v60-80,170.5,16.82,14.79,5.69,15.12,14.71,14.87,False
94d08cc4745c4568a1e454c42ba46a6f,scene-0655,day,bus,vehicle.bus.bendy,bus,v80-100,46.6,96.41,91.66,3.79,76.36,72.89,72.89,False
94d08cc4745c4568a1e454c42ba46a6f,scene-0655,day,car,vehicle.car,car,v60-80,58.8,40.4,38.95,5.72,37.29,32.43,35.79,False
94d08cc4745c4568a1e454c42ba46a6f,scene-0655,day,car,vehicle.car,car,v60-80,71.4,27.44,26.04,6.06,25.45,24.3,25.45,False
94d08cc4745c4568a1e454c42ba46a6f,scene-0655,day,car,vehicle.car,car,v80-100,151.9,18.36,15.81,7.1,14.58,13.48,13.82,False
94d08cc4745c4568a1e454c42ba46a6f,scene-0655,day,truck,vehicle.construction,car,v80-100,24.8,109.63,105.97,3.19,73.53,69.72,72.89,False
94d08cc4745c4568a1e454c42ba46a6f,scene-0655,day,car,vehicle.car,truck,v80-100,107.5,30.8,27.76,6.45,24.67,23.93,24.29,False
94d08cc4745c4568a1e454c42ba46a6f,scene-0655,day,car,vehicle.car,car,v80-100,115.1,23.81,21.15,6.68,19.32,18.43,18.65,False
94d08cc4745c4568a1e454c42ba46a6f,scene-0655,day,car,vehicle.car,car,v40-60,54.0,44.13,41.5,6.9,35.43,32.58,33.9,False
94d08cc4745c4568a1e454c42ba46a6f,scene-0655,day,car,vehicle.car,car,v80-100,231.4,13.52,10.98,7.23,11.29,10.83,10.98,False
94d08cc4745c4568a1e454c42ba46a6f,scene-0655,day,car,vehicle.car,car,v40-60,36.2,56.05,53.58,6.51,43.34,42.2,42.64,False
60ade2dececb46c69b114ce4c8a0bd3e,scene-0655,day,bus,vehicle.bus.bendy,bus,v80-100,48.9,92.2,87.45,4.09,69.72,66.82,69.72,False
60ade2dececb46c69b114ce4c8a0bd3e,scene-0655,day,car,vehicle.car,car,v80-100,66.3,36.28,34.78,5.85,33.91,31.76,33.41,False
60ade2dececb46c69b114ce4c8a0bd3e,scene-0655,day,car,vehicle.car,car,v80-100,86.1,23.48,21.99,6.16,21.31,20.56,21.1,False
60ade2dececb46c69b114ce4c8a0bd3e,scene-0655,day,truck,vehicle.construction,car,v80-100,25.9,105.45,101.8,2.72,73.39,72.89,72.89,False
60ade2dececb46c69b114ce4c8a0bd3e,scene-0655,day,car,vehicle.car,car,v80-100,215.9,14.71,12.22,7.08,11.88,10.91,11.29,False
60ade2dececb46c69b114ce4c8a0bd3e,scene-0655,day,car,vehicle.car,car,v80-100,145.6,19.88,17.22,6.64,16.2,15.13,15.27,False
60ade2dececb46c69b114ce4c8a0bd3e,scene-0655,day,car,vehicle.car,car,v80-100,127.3,26.74,23.69,6.4,21.97,21.21,21.38,False
60ade2dececb46c69b114ce4c8a0bd3e,scene-0655,day,car,vehicle.car,car,v60-80,60.2,40.0,37.36,6.68,33.34,29.7,32.73,False
60ade2dececb46c69b114ce4c8a0bd3e,scene-0655,day,car,vehicle.car,truck,v80-100,249.2,13.2,10.96,5.67,11.68,11.06,11.29,False
60ade2dececb46c69b114ce4c8a0bd3e,scene-0655,day,car,vehicle.car,car,v80-100,58.4,37.12,34.69,2.35,30.72,30.26,30.26,False
9fbe4358464342a6a4bc929412b3b358,scene-0655,day,car,vehicle.car,car,v80-100,104.8,20.05,18.46,6.22,17.43,16.04,17.24,False
9fbe4358464342a6a4bc929412b3b358,scene-0655,day,bus,vehicle.bus.bendy,bus,v80-100,51.1,88.47,83.72,4.29,64.14,62.6,64.14,False
9fbe4358464342a6a4bc929412b3b358,scene-0655,day,car,vehicle.car,car,v80-100,189.6,16.51,13.87,6.62,12.37,11.37,11.54,False
9fbe4358464342a6a4bc929412b3b358,scene-0655,day,car,vehicle.car,car,v80-100,29.5,66.28,63.81,3.99,50.11,48.59,49.84,False
9fbe4358464342a6a4bc929412b3b358,scene-0655,day,car,vehicle.car,car,v60-80,74.3,32.65,31.12,5.93,30.26,29.16,29.7,False
9fbe4358464342a6a4bc929412b3b358,scene-0655,day,pedestrian,human.pedestrian.adult,person,v80-100,38.9,54.27,53.95,0.41,50.07,45.82,46.62,True
9fbe4358464342a6a4bc929412b3b358,scene-0655,day,car,vehicle.car,car,v80-100,151.9,23.18,20.13,6.35,18.28,17.31,17.49,False
9fbe4358464342a6a4bc929412b3b358,scene-0655,day,car,vehicle.car,car,v80-100,78.5,28.25,25.8,2.37,22.98,22.59,22.59,False
9fbe4358464342a6a4bc929412b3b358,scene-0655,day,car,vehicle.car,car,v60-80,66.9,36.34,33.7,6.58,30.26,29.16,29.59,False
9fbe4358464342a6a4bc929412b3b358,scene-0655,day,truck,vehicle.construction,car,v80-100,26.8,101.73,98.07,2.46,72.62,69.72,70.08,False
9fbe4358464342a6a4bc929412b3b358,scene-0655,day,car,vehicle.car,car,v40-60,124.2,22.44,20.54,6.23,20.17,19.52,20.05,False
acd8c59c4b564ebb8e7f52086c9b7ec7,scene-0655,day,bus,vehicle.bus.bendy,bus,v80-100,54.1,84.22,79.47,4.62,64.14,63.08,64.14,False
acd8c59c4b564ebb8e7f52086c9b7ec7,scene-0655,day,car,vehicle.car,car,v80-100,31.9,62.03,59.56,3.72,46.36,45.82,45.82,False
acd8c59c4b564ebb8e7f52086c9b7ec7,scene-0655,day,car,vehicle.car,car,v80-100,87.8,28.55,26.95,6.06,26.73,26.15,26.33,False
acd8c59c4b564ebb8e7f52086c9b7ec7,scene-0655,day,car,vehicle.car,truck,v80-100,196.0,19.19,16.14,6.29,15.27,14.19,14.36,False
acd8c59c4b564ebb8e7f52086c9b7ec7,scene-0655,day,car,vehicle.car,car,v80-100,128.7,18.34,15.86,2.43,15.72,15.14,15.27,False
acd8c59c4b564ebb8e7f52086c9b7ec7,scene-0655,day,car,vehicle.car,car,v80-100,146.4,15.94,14.19,5.96,13.61,13.48,13.59,False
acd8c59c4b564ebb8e7f52086c9b7ec7,scene-0655,day,truck,vehicle.construction,car,v80-100,28.2,97.47,93.81,1.98,67.48,66.82,66.82,False
acd8c59c4b564ebb8e7f52086c9b7ec7,scene-0655,day,car,vehicle.car,car,v40-60,162.2,18.59,16.53,6.27,15.72,15.13,15.55,False
acd8c59c4b564ebb8e7f52086c9b7ec7,scene-0655,day,car,vehicle.car,car,v80-100,291.8,12.9,10.35,6.58,10.84,10.02,10.32,False
39f56d2899ee4d43b18c28382c9e4400,scene-0655,day,car,vehicle.car,car,v80-100,105.1,24.44,22.76,6.1,23.24,22.84,22.91,False
39f56d2899ee4d43b18c28382c9e4400,scene-0655,day,car,vehicle.car,car,v80-100,34.3,57.71,55.25,3.59,47.16,46.77,47.16,False
39f56d2899ee4d43b18c28382c9e4400,scene-0655,day,bus,vehicle.bus.bendy,bus,v80-100,57.2,79.9,75.15,4.85,66.82,64.14,64.14,False
39f56d2899ee4d43b18c28382c9e4400,scene-0655,day,car,vehicle.car,car,v80-100,355.5,8.67,6.15,2.57,6.65,5.83,6.01,False
39f56d2899ee4d43b18c28382c9e4400,scene-0655,day,truck,vehicle.construction,car,v80-100,29.6,93.13,89.48,1.71,69.72,69.66,69.72,False
39f56d2899ee4d43b18c28382c9e4400,scene-0655,day,car,vehicle.car,car,v60-80,90.8,27.99,25.33,6.34,23.58,22.91,23.13,False
39f56d2899ee4d43b18c28382c9e4400,scene-0655,day,car,vehicle.car,car,v40-60,52.8,39.73,37.25,5.92,33.41,32.07,32.4,False
39f56d2899ee4d43b18c28382c9e4400,scene-0655,day,car,vehicle.car,car,v80-100,275.5,15.26,12.27,6.24,10.33,9.6,9.78,False
39f56d2899ee4d43b18c28382c9e4400,scene-0655,day,truck,vehicle.truck,car,v40-60,77.2,33.75,30.76,6.25,28.64,27.65,28.13,False
5c430f75813e4eeb8375623c95d3a615,scene-0655,day,car,vehicle.car,car,v80-100,127.0,20.47,18.68,5.92,19.56,19.09,19.32,False
5c430f75813e4eeb8375623c95d3a615,scene-0655,day,bus,vehicle.bus.bendy,bus,v80-100,60.2,75.66,70.91,4.41,61.74,59.88,61.68,False
5c430f75813e4eeb8375623c95d3a615,scene-0655,day,car,vehicle.car,car,v80-100,36.8,53.48,51.0,3.94,44.54,43.34,43.73,False
5c430f75813e4eeb8375623c95d3a615,scene-0655,day,pedestrian,human.pedestrian.adult,person,v80-100,50.9,41.51,41.21,0.69,44.67,37.42,39.36,True
5c430f75813e4eeb8375623c95d3a615,scene-0655,day,car,vehicle.car,car,v80-100,108.9,23.92,21.25,6.53,20.44,19.56,19.8,False
5c430f75813e4eeb8375623c95d3a615,scene-0655,day,car,vehicle.car,car,v60-80,59.5,35.51,33.01,6.04,31.18,29.88,30.26,False
5c430f75813e4eeb8375623c95d3a615,scene-0655,day,car,vehicle.car,car,v80-100,136.9,18.56,16.06,6.84,15.27,14.32,14.69,False
5c430f75813e4eeb8375623c95d3a615,scene-0655,day,truck,vehicle.construction,car,v80-100,30.7,88.88,85.23,2.3,66.82,64.51,66.82,False
5c430f75813e4eeb8375623c95d3a615,scene-0655,day,truck,vehicle.truck,car,v40-60,89.1,29.62,26.61,6.45,25.45,24.45,24.87,False
9107e849634e4f23854b83f40aeb9c6f,scene-0655,day,car,vehicle.car,car,v80-100,39.9,49.23,46.76,4.4,42.2,41.16,42.03,False
9107e849634e4f23854b83f40aeb9c6f,scene-0655,day,car,vehicle.car,car,v80-100,164.9,16.62,14.68,5.7,15.88,15.68,15.72,False
9107e849634e4f23854b83f40aeb9c6f,scene-0655,day,car,vehicle.car,car,v80-100,196.3,14.84,12.41,7.03,12.24,11.21,11.61,False
9107e849634e4f23854b83f40aeb9c6f,scene-0655,day,bus,vehicle.bus.bendy,bus,v80-100,63.7,71.41,66.66,4.01,59.39,58.24,59.39,False
9107e849634e4f23854b83f40aeb9c6f,scene-0655,day,pedestrian,human.pedestrian.adult,person,v80-100,56.6,37.25,36.95,1.65,34.62,32.76,33.51,False
9107e849634e4f23854b83f40aeb9c6f,scene-0655,day,car,vehicle.car,car,v80-100,137.6,19.95,17.28,6.79,16.7,15.69,15.88,False
9107e849634e4f23854b83f40aeb9c6f,scene-0655,day,car,vehicle.car,car,v60-80,68.5,31.35,28.84,6.35,27.65,26.29,26.73,False
9107e849634e4f23854b83f40aeb9c6f,scene-0655,day,truck,vehicle.construction,car,v60-80,32.1,84.62,80.97,3.08,63.38,48.5,61.68,False
9107e849634e4f23854b83f40aeb9c6f,scene-0655,day,truck,vehicle.truck,car,v60-80,106.3,25.52,22.51,6.66,21.67,20.82,21.1,False
ade3d836ced34b1ab037f0b2f15b9615,scene-0655,day,pedestrian,human.pedestrian.adult,person,v80-100,64.0,33.09,32.79,2.6,34.41,31.36,32.47,False
ade3d836ced34b1ab037f0b2f15b9615,scene-0655,day,car,vehicle.car,car,v80-100,43.9,45.08,42.6,4.82,39.11,38.47,39.11,False
ade3d836ced34b1ab037f0b2f15b9615,scene-0655,day,car,vehicle.car,car,v80-100,187.3,16.23,13.59,7.0,12.87,11.81,12.15,False
ade3d836ced34b1ab037f0b2f15b9615,scene-0655,day,bus,vehicle.bus.bendy,bus,v80-100,68.0,67.24,62.48,3.38,57.27,55.3,55.41,False
ade3d836ced34b1ab037f0b2f15b9615,scene-0655,day,truck,vehicle.construction,car,v80-100,33.9,80.44,76.79,3.88,61.53,59.39,59.66,False
ade3d836ced34b1ab037f0b2f15b9615,scene-0655,day,car,vehicle.car,car,v60-80,80.9,27.32,24.79,6.64,23.93,22.74,23.24,False
ade3d836ced34b1ab037f0b2f15b9615,scene-0655,day,truck,vehicle.truck,car,v60-80,132.3,21.6,18.58,6.9,18.02,17.03,17.32,False
7d017f5a0bda42e0968d127852faac11,scene-0655,day,car,vehicle.car,car,v80-100,48.9,41.14,38.64,5.24,37.49,36.45,37.08,False
7d017f5a0bda42e0968d127852faac11,scene-0655,day,bus,vehicle.bus.bendy,bus,v80-100,72.8,63.26,58.49,2.81,53.45,51.73,51.73,False
7d017f5a0bda42e0968d127852faac11,scene-0655,day,truck,vehicle.construction,car,v80-100,36.0,76.46,72.8,4.59,64.14,61.68,61.96,False
7d017f5a0bda42e0968d127852faac11,scene-0655,day,pedestrian,human.pedestrian.adult,person,v80-100,73.3,29.15,28.83,3.54,29.7,28.27,28.65,False
7d017f5a0bda42e0968d127852faac11,scene-0655,day,truck,vehicle.truck,truck,v80-100,174.2,17.97,14.97,7.07,14.99,13.82,14.15,False
7d017f5a0bda42e0968d127852faac11,scene-0655,day,car,vehicle.car,car,v80-100,98.7,23.52,20.99,6.91,20.83,19.78,20.05,False
7689f1f8b5d5419cab590af0ddc27942,scene-0655,day,bus,vehicle.bus.bendy,bus,v80-100,78.0,59.32,54.52,2.45,50.11,48.59,48.61,False
7689f1f8b5d5419cab590af0ddc27942,scene-0655,day,truck,vehicle.construction,car,v80-100,38.0,72.52,68.84,5.05,55.49,55.3,55.3,False
7689f1f8b5d5419cab590af0ddc27942,scene-0655,day,pedestrian,human.pedestrian.adult,person,v80-100,85.2,25.3,24.95,4.36,23.93,23.26,23.58,False
7689f1f8b5d5419cab590af0ddc27942,scene-0655,day,car,vehicle.car,car,v80-100,123.2,19.85,17.31,7.07,16.2,15.13,15.42,False
7689f1f8b5d5419cab590af0ddc27942,scene-0655,day,car,vehicle.car,car,v80-100,54.6,37.24,34.72,5.5,32.07,31.09,31.44,False
7689f1f8b5d5419cab590af0ddc27942,scene-0655,day,truck,vehicle.truck,truck,v80-100,249.3,14.57,11.65,7.18,12.06,11.06,11.42,False
3318c79c35d349fbb576dc709b78ade5,scene-0655,day,pedestrian,human.pedestrian.adult,person,v80-100,102.8,21.39,21.03,5.09,20.1,19.56,19.71,False
3318c79c35d349fbb576dc709b78ade5,scene-0655,day,car,vehicle.car,car,v80-100,166.4,16.19,13.7,7.08,13.14,11.94,12.34,False
3318c79c35d349fbb576dc709b78ade5,scene-0655,day,car,vehicle.car,car,v80-100,62.3,33.2,30.68,5.47,29.16,28.64,28.79,False
3318c79c35d349fbb576dc709b78ade5,scene-0655,day,bus,vehicle.bus.bendy,truck,v80-100,84.9,55.21,50.43,2.5,45.11,44.54,44.54,False
3318c79c35d349fbb576dc709b78ade5,scene-0655,day,truck,vehicle.construction,truck,v80-100,40.9,68.29,64.62,5.01,53.45,53.45,53.45,False
3318c79c35d349fbb576dc709b78ade5,scene-0655,day,car,vehicle.car,car,v60-80,76.8,34.06,32.14,12.27,29.7,23.45,26.29,False
23377008bf0e4963b2f250660894e337,scene-0655,day,pedestrian,human.pedestrian.adult,person,v80-100,129.8,17.51,17.11,5.74,16.53,15.72,16.03,False
23377008bf0e4963b2f250660894e337,scene-0655,day,car,vehicle.car,car,v80-100,72.2,29.06,26.52,5.43,25.06,24.3,24.66,False
23377008bf0e4963b2f250660894e337,scene-0655,day,car,vehicle.car,car,v80-100,88.9,30.28,28.27,12.24,25.68,25.45,25.45,False
23377008bf0e4963b2f250660894e337,scene-0655,day,bus,vehicle.bus.bendy,bus,v80-100,92.5,51.0,46.2,2.45,42.2,41.12,42.19,False
23377008bf0e4963b2f250660894e337,scene-0655,day,truck,vehicle.construction,car,v80-100,43.7,63.94,60.26,5.01,50.11,48.59,48.72,False
e338ac946fcd4e9eb46097083b5682e9,scene-0655,day,car,vehicle.car,car,v80-100,86.8,24.79,22.24,5.42,20.3,19.77,19.8,False
e338ac946fcd4e9eb46097083b5682e9,scene-0655,day,truck,vehicle.construction,truck,v80-100,47.2,59.43,55.74,4.92,44.54,43.34,43.55,False
e338ac946fcd4e9eb46097083b5682e9,scene-0655,day,bus,vehicle.bus.bendy,bus,v80-100,102.2,46.61,41.81,2.49,36.45,35.64,35.64,False
e338ac946fcd4e9eb46097083b5682e9,scene-0655,day,pedestrian,human.pedestrian.adult,person,v80-100,178.8,13.75,13.31,6.37,10.92,10.84,10.84,False
e338ac946fcd4e9eb46097083b5682e9,scene-0655,day,car,vehicle.car,car,v80-100,107.4,26.49,24.38,12.25,20.83,20.3,20.56,False
e338ac946fcd4e9eb46097083b5682e9,scene-0655,day,car,vehicle.car,car,v40-60,35.9,61.72,60.19,11.21,44.54,41.43,42.2,False
1a91b5a0d17840ac98fcd256523bf9ad,scene-0655,day,bus,vehicle.bus.bendy,bus,v80-100,115.5,41.99,37.19,2.99,33.41,32.15,32.73,False
1a91b5a0d17840ac98fcd256523bf9ad,scene-0655,day,car,vehicle.car,car,v80-100,110.4,20.34,17.79,5.15,16.7,16.04,16.2,False
1a91b5a0d17840ac98fcd256523bf9ad,scene-0655,day,truck,vehicle.construction,truck,v80-100,51.7,54.8,51.12,4.11,43.04,42.2,42.2,False
1a91b5a0d17840ac98fcd256523bf9ad,scene-0655,day,truck,vehicle.construction,truck,v60-80,62.5,49.38,47.45,7.59,40.09,37.29,39.32,False
1a91b5a0d17840ac98fcd256523bf9ad,scene-0655,day,car,vehicle.car,car,v40-60,51.0,44.69,42.92,11.57,33.41,32.34,33.19,False
1a91b5a0d17840ac98fcd256523bf9ad,scene-0655,day,car,vehicle.car,car,v40-60,39.4,57.22,55.66,12.01,45.07,42.39,44.54,False
e5237a3e9a6c4f7793b6381fd5c6c4e5,scene-0655,day,bus,vehicle.bus.bendy,bus,v80-100,128.3,38.37,33.55,3.4,30.26,29.16,29.7,False
e5237a3e9a6c4f7793b6381fd5c6c4e5,scene-0655,day,car,vehicle.car,car,v40-60,67.9,36.7,34.76,12.55,28.13,27.18,28.13,False
e5237a3e9a6c4f7793b6381fd5c6c4e5,scene-0655,day,truck,vehicle.construction,truck,v80-100,55.6,51.16,47.47,3.45,39.11,38.18,38.18,False
e5237a3e9a6c4f7793b6381fd5c6c4e5,scene-0655,day,car,vehicle.car,car,v80-100,140.0,16.89,14.32,4.91,13.27,12.53,12.63,False
e5237a3e9a6c4f7793b6381fd5c6c4e5,scene-0655,day,car,vehicle.car,car,v60-80,110.9,25.42,23.1,11.77,20.3,18.89,19.32,False
e5237a3e9a6c4f7793b6381fd5c6c4e5,scene-0655,day,car,vehicle.car,car,v60-80,56.3,41.24,39.42,12.06,32.07,30.26,31.14,False
e5237a3e9a6c4f7793b6381fd5c6c4e5,scene-0655,day,car,vehicle.car,car,v40-60,42.5,53.66,52.07,12.51,40.09,37.11,38.45,False
e5237a3e9a6c4f7793b6381fd5c6c4e5,scene-0655,day,car,vehicle.car,car,v40-60,67.7,34.87,32.97,13.21,24.59,22.27,22.91,False
7c5a49ef75ba4c0b8b56146112b55b91,scene-0655,day,car,vehicle.car,car,v40-60,75.2,33.73,31.75,12.85,25.45,23.58,23.93,False
7c5a49ef75ba4c0b8b56146112b55b91,scene-0655,day,bus,vehicle.bus.bendy,bus,v80-100,142.1,35.13,30.32,3.69,28.13,27.18,27.65,False
7c5a49ef75ba4c0b8b56146112b55b91,scene-0655,day,truck,vehicle.construction,car,v80-100,72.0,42.68,40.65,6.61,33.41,31.72,32.75,False
7c5a49ef75ba4c0b8b56146112b55b91,scene-0655,day,car,vehicle.car,car,v80-100,183.0,13.89,11.33,4.75,10.78,9.96,10.13,False
7c5a49ef75ba4c0b8b56146112b55b91,scene-0655,day,car,vehicle.car,car,v60-80,61.2,38.21,36.34,12.44,29.7,28.64,29.16,False
7c5a49ef75ba4c0b8b56146112b55b91,scene-0655,day,car,vehicle.car,car,v40-60,75.5,31.99,30.02,13.51,23.93,23.24,23.58,False
7c5a49ef75ba4c0b8b56146112b55b91,scene-0655,day,truck,vehicle.construction,truck,v80-100,59.4,47.9,44.21,2.92,38.18,37.29,37.29,False
7c5a49ef75ba4c0b8b56146112b55b91,scene-0655,day,car,vehicle.car,car,v40-60,81.7,29.92,27.83,13.32,21.64,20.83,21.1,False
0d6e66783980495e8fad51cec76bb44d,scene-0655,day,car,vehicle.car,car,v40-60,85.9,30.99,28.93,13.05,24.3,23.93,24.1,False
0d6e66783980495e8fad51cec76bb44d,scene-0655,day,bus,vehicle.bus.bendy,bus,v80-100,159.5,32.09,27.24,3.9,25.86,25.06,25.45,False
0d6e66783980495e8fad51cec76bb44d,scene-0655,day,car,vehicle.car,car,v80-100,263.3,11.15,8.65,4.64,8.76,7.86,8.27,False
0d6e66783980495e8fad51cec76bb44d,scene-0655,day,truck,vehicle.construction,truck,v80-100,79.4,39.71,37.61,6.27,31.44,30.27,31.43,False
0d6e66783980495e8fad51cec76bb44d,scene-0655,day,truck,vehicle.construction,truck,v80-100,64.4,44.82,41.11,2.51,36.04,34.86,34.87,False
0d6e66783980495e8fad51cec76bb44d,scene-0655,day,car,vehicle.car,car,v60-80,68.9,35.38,33.45,12.72,28.21,27.65,28.13,False
0d6e66783980495e8fad51cec76bb44d,scene-0655,day,car,vehicle.car,car,v40-60,88.0,29.34,27.29,13.73,22.91,22.5,22.59,False
0d6e66783980495e8fad51cec76bb44d,scene-0655,day,car,vehicle.car,car,v40-60,49.3,47.59,45.93,13.36,38.24,35.09,36.45,False
f62878a493ea46e3b60bd312dfac2334,scene-0655,day,bus,vehicle.bus.bendy,bus,v80-100,181.9,28.97,24.07,3.97,22.92,22.27,22.59,False
f62878a493ea46e3b60bd312dfac2334,scene-0655,day,car,vehicle.car,car,v60-80,78.2,32.52,30.51,12.84,25.44,25.06,25.06,False
f62878a493ea46e3b60bd312dfac2334,scene-0655,day,truck,vehicle.construction,truck,v80-100,70.2,41.64,37.92,2.33,32.73,32.07,32.07,False
f62878a493ea46e3b60bd312dfac2334,scene-0655,day,truck,vehicle.construction,truck,v80-100,88.2,36.64,34.47,6.13,28.64,27.48,28.13,False
f62878a493ea46e3b60bd312dfac2334,scene-0655,day,car,vehicle.car,car,v60-80,99.7,28.24,26.1,13.12,22.14,21.67,21.94,False
db33b7a532744b56b05413a8323a6b87,scene-0655,day,bus,vehicle.bus.bendy,bus,v80-100,211.9,25.62,20.73,3.77,19.3,18.65,18.87,False
db33b7a532744b56b05413a8323a6b87,scene-0655,day,truck,vehicle.construction,truck,v80-100,97.8,33.4,31.16,6.43,26.73,25.86,26.29,False
db33b7a532744b56b05413a8323a6b87,scene-0655,day,car,vehicle.car,car,v60-80,88.4,29.54,27.46,12.59,22.59,21.47,22.27,False
db33b7a532744b56b05413a8323a6b87,scene-0655,day,truck,vehicle.construction,truck,v80-100,77.1,38.26,34.55,2.71,30.84,29.71,30.26,False
db33b7a532744b56b05413a8323a6b87,scene-0655,day,car,vehicle.car,car,v40-60,58.5,41.39,39.64,13.12,32.67,31.28,31.44,False
3f09ac5ffc0745eca86d75b5e3db3f49,scene-0655,day,bus,vehicle.bus.bendy,bus,v80-100,262.1,21.94,17.01,3.52,15.27,14.85,14.99,False
3f09ac5ffc0745eca86d75b5e3db3f49,scene-0655,day,truck,vehicle.construction,truck,v80-100,87.9,34.51,30.78,3.18,26.73,25.86,25.86,False
3f09ac5ffc0745eca86d75b5e3db3f49,scene-0655,day,truck,vehicle.construction,truck,v80-100,115.8,29.85,27.49,6.81,23.58,22.91,23.24,False
3f09ac5ffc0745eca86d75b5e3db3f49,scene-0655,day,car,vehicle.car,car,v60-80,107.8,26.31,24.12,12.27,21.1,20.27,20.48,False
3f09ac5ffc0745eca86d75b5e3db3f49,scene-0655,day,car,vehicle.car,car,v40-60,66.8,37.86,36.05,12.63,32.77,28.62,29.82,False
281af8097e0d404f8a1964b0a87e947b,scene-0655,day,truck,vehicle.construction,truck,v80-100,138.0,26.13,23.62,7.23,20.56,20.05,20.08,False
281af8097e0d404f8a1964b0a87e947b,scene-0655,day,bus,vehicle.bus.bendy,bus,v80-100,345.6,18.01,13.06,3.27,11.79,11.37,11.54,False
281af8097e0d404f8a1964b0a87e947b,scene-0655,day,truck,vehicle.construction,truck,v80-100,101.7,30.52,26.78,3.74,23.87,22.91,22.91,False
281af8097e0d404f8a1964b0a87e947b,scene-0655,day,car,vehicle.car,car,v80-100,25.2,98.14,96.9,6.37,65.43,64.14,64.14,False
281af8097e0d404f8a1964b0a87e947b,scene-0655,day,car,vehicle.car,car,v40-60,105.0,27.6,25.42,12.5,20.3,19.77,19.92,False
12e63e9ea8e345509b55ec661a911318,scene-0655,day,car,vehicle.car,car,v80-100,26.0,93.91,92.67,5.54,61.68,59.96,61.57,False
12e63e9ea8e345509b55ec661a911318,scene-0655,day,bus,vehicle.bus.bendy,bus,v80-100,517.0,13.96,9.01,3.16,8.05,7.75,7.82,False
12e63e9ea8e345509b55ec661a911318,scene-0655,day,truck,vehicle.construction,truck,v80-100,120.3,26.36,22.61,4.03,20.3,19.56,19.56,False
12e63e9ea8e345509b55ec661a911318,scene-0655,day,truck,vehicle.construction,truck,v80-100,167.3,22.39,19.66,7.43,17.24,16.88,16.88,False
092cdc4f4b8c41568ad30f0235556538,scene-0655,day,truck,vehicle.construction,truck,v80-100,147.7,22.17,18.41,4.0,17.09,16.04,16.2,False
092cdc4f4b8c41568ad30f0235556538,scene-0655,day,car,vehicle.car,car,v80-100,26.8,89.62,88.37,5.64,59.39,59.06,59.39,False
092cdc4f4b8c41568ad30f0235556538,scene-0655,day,truck,vehicle.construction,truck,v80-100,213.9,18.8,15.78,7.42,13.94,13.25,13.36,False
092cdc4f4b8c41568ad30f0235556538,scene-0655,day,bus,vehicle.bus.bendy,bus,v80-100,899.0,10.02,5.21,3.16,6.94,5.42,5.88,False
078b27dc1d57494887cba9e4e511ddeb,scene-0655,day,pedestrian,human.pedestrian.police_officer,person,v40-60,112.4,24.2,23.94,12.68,19.03,18.65,18.87,False
078b27dc1d57494887cba9e4e511ddeb,scene-0655,day,car,vehicle.car,car,v80-100,27.4,85.37,84.12,5.49,55.3,55.3,55.3,False
078b27dc1d57494887cba9e4e511ddeb,scene-0655,day,truck,vehicle.construction,truck,v80-100,190.8,18.09,14.32,4.07,13.04,12.34,12.43,False
078b27dc1d57494887cba9e4e511ddeb,scene-0655,day,bus,vehicle.bus.bendy,bus,v80-100,420.2,14.97,10.34,3.49,7.28,5.61,6.1,False
e4b019462e2f4e39944b5a5a9c349b2d,scene-0655,day,car,vehicle.car,car,v80-100,23.4,95.63,93.35,2.82,64.66,64.14,64.14,False
e4b019462e2f4e39944b5a5a9c349b2d,scene-0655,day,truck,vehicle.construction,truck,v80-100,275.9,14.19,10.43,4.09,10.29,9.49,9.6,False
e4b019462e2f4e39944b5a5a9c349b2d,scene-0655,day,bus,vehicle.bus.bendy,bus,v80-100,742.1,11.13,6.57,3.49,7.46,6.03,6.47,False
e4b019462e2f4e39944b5a5a9c349b2d,scene-0655,day,car,vehicle.car,car,v80-100,29.2,81.22,79.96,5.49,59.39,59.39,59.39,False
e4b019462e2f4e39944b5a5a9c349b2d,scene-0655,day,car,vehicle.car,car,v40-60,96.0,34.45,31.48,16.68,17.06,14.94,16.78,False
97a4892cd1bf408f8bd707be081c791c,scene-0655,day,car,vehicle.car,car,v80-100,26.7,84.24,81.97,2.77,61.68,61.0,61.68,False
97a4892cd1bf408f8bd707be081c791c,scene-0655,day,truck,vehicle.construction,truck,v80-100,491.3,10.47,6.86,4.11,8.48,7.12,7.5,False
97a4892cd1bf408f8bd707be081c791c,scene-0655,day,bus,vehicle.bus.bendy,bus,v80-100,899.0,7.63,3.74,3.44,6.85,5.95,6.24,False
427ebabc32f24b3f90bc66ea1a13cf01,scene-0655,day,car,vehicle.car,car,v80-100,31.0,72.77,70.47,2.75,49.95,48.59,48.69,False
427ebabc32f24b3f90bc66ea1a13cf01,scene-0655,day,car,vehicle.car,car,v80-100,32.6,72.78,71.5,5.22,50.11,48.59,48.59,False
dd1b722645744b3eb49fdad74b765c4f,scene-0655,day,car,vehicle.car,car,v80-100,36.6,61.92,59.62,2.53,44.57,44.54,44.54,False
dd1b722645744b3eb49fdad74b765c4f,scene-0655,day,car,vehicle.car,car,v60-80,34.9,68.34,67.06,5.4,49.63,48.59,48.59,False
8f4376cb2da3448abf42221512917c4d,scene-0655,day,car,vehicle.car,car,v80-100,43.7,52.19,49.89,2.31,38.18,37.29,37.66,False
8f4376cb2da3448abf42221512917c4d,scene-0655,day,car,vehicle.car,car,v60-80,37.0,64.39,63.09,5.64,44.54,44.54,44.54,False
e1a0ecd338d943b790f553972f2c9068,scene-0655,day,car,vehicle.car,car,v80-100,54.4,42.93,40.62,2.18,35.16,34.48,34.86,False
e1a0ecd338d943b790f553972f2c9068,scene-0655,day,car,vehicle.car,car,v60-80,40.8,60.01,58.69,5.85,45.82,44.54,44.85,False
16cd95c28f0642bca8f6f8017c5410d3,scene-0655,day,car,vehicle.car,truck,v80-100,72.6,32.82,30.5,2.12,27.26,26.73,26.8,False
16cd95c28f0642bca8f6f8017c5410d3,scene-0655,day,car,vehicle.car,car,v60-80,44.6,55.26,53.92,6.02,44.54,43.46,44.45,False
b79f8bcaf26944f9bbc08c928602a4e0,scene-0655,day,car,vehicle.car,car,v80-100,103.6,23.63,21.27,1.89,19.8,19.32,19.47,False
b79f8bcaf26944f9bbc08c928602a4e0,scene-0655,day,car,vehicle.car,car,v60-80,48.1,50.94,49.57,6.52,41.12,40.09,40.09,False
8140e0d584a448ddac2befd221508790,scene-0655,day,car,vehicle.car,car,v80-100,172.7,15.15,12.75,1.85,12.86,12.43,12.52,False
8140e0d584a448ddac2befd221508790,scene-0655,day,car,vehicle.car,car,v60-80,52.1,46.56,45.16,6.74,40.09,38.98,39.11,False
5a00ce5d429a48038aec0e2f252db7e3,scene-0655,day,car,vehicle.car,car,v60-80,57.2,42.17,40.74,6.5,35.64,34.86,34.86,False
5a00ce5d429a48038aec0e2f252db7e3,scene-0655,day,car,vehicle.car,car,v80-100,454.1,7.64,5.19,2.01,5.49,4.86,4.96,False
ca953b73b68c4855887802390c30d1d2,scene-0553,day,car,vehicle.car,car,v40-60,17.4,147.94,145.56,25.51,61.68,60.9,61.68,False
ca953b73b68c4855887802390c30d1d2,scene-0553,day,car,vehicle.car,car,v80-100,14.9,152.53,150.1,25.02,61.94,61.42,61.68,False
03bcdd9ceeb5403880dbea94d82fd645,scene-0553,day,car,vehicle.car,car,v40-60,18.1,142.47,140.09,24.76,62.73,59.39,61.68,False
8c66f270e43e4e49b3636b2ee042f96d,scene-0553,day,car,vehicle.car,car,v40-60,19.0,136.02,133.62,23.83,59.39,57.42,58.72,False
9e3b30e1496741bfa6593673ac3d3b30,scene-0553,day,car,vehicle.car,car,v40-60,19.9,130.1,127.72,23.19,57.27,55.3,55.94,False
9ac08955983e41ea8f4bf16b49bfa79c,scene-0553,day,car,vehicle.car,car,v40-60,20.8,124.37,122.0,22.44,55.3,54.67,55.3,False
9ac08955983e41ea8f4bf16b49bfa79c,scene-0553,day,car,vehicle.car,car,v80-100,73.9,30.81,29.36,14.87,17.44,17.42,17.43,False
6e76f277e47547bca0e38099ce01da54,scene-0553,day,car,vehicle.car,car,v40-60,21.8,118.64,116.25,21.75,57.27,51.86,55.3,False
6e76f277e47547bca0e38099ce01da54,scene-0553,day,car,vehicle.car,car,v80-100,128.0,19.63,17.47,7.82,13.25,13.04,13.14,False
85b9d897bc9d4d7094696a5a356b29f0,scene-0553,day,car,vehicle.car,car,v80-100,129.4,17.55,15.73,3.52,13.48,13.41,13.48,False
85b9d897bc9d4d7094696a5a356b29f0,scene-0553,day,truck,vehicle.truck,car,v80-100,150.0,25.16,22.28,11.56,15.24,14.99,14.99,False
435543e1321b411ea5c930633e0883d9,scene-0553,day,car,vehicle.car,car,v80-100,130.9,16.37,15.11,0.0,14.47,14.42,14.45,True
435543e1321b411ea5c930633e0883d9,scene-0553,day,truck,vehicle.truck,car,v80-100,153.2,22.71,20.08,7.53,16.57,16.53,16.53,False
435543e1321b411ea5c930633e0883d9,scene-0553,day,car,vehicle.car,car,v80-100,61.5,32.02,29.59,6.94,25.06,24.3,24.32,False
cf3f00e98842449696a4cb4edb1e1c5e,scene-0553,day,car,vehicle.car,car,v80-100,132.0,16.56,15.28,1.24,14.07,14.01,14.07,False
cf3f00e98842449696a4cb4edb1e1c5e,scene-0553,day,bus,vehicle.bus.rigid,truck,v80-100,230.1,21.04,17.84,9.18,13.04,12.73,12.83,False
cf3f00e98842449696a4cb4edb1e1c5e,scene-0553,day,truck,vehicle.truck,truck,v80-100,153.5,21.06,18.86,3.25,15.88,15.72,15.81,False
c7f783fe8173446383bfbbb7a783517f,scene-0553,day,bus,vehicle.bus.rigid,bus,v80-100,234.3,18.36,15.72,4.58,13.48,13.36,13.43,False
c7f783fe8173446383bfbbb7a783517f,scene-0553,day,car,vehicle.car,car,v80-100,131.2,18.4,16.44,6.22,15.16,14.99,15.08,False
c7f783fe8173446383bfbbb7a783517f,scene-0553,day,truck,vehicle.truck,truck,v80-100,155.6,19.96,18.32,0.0,17.24,17.06,17.13,True
a409449573af464c9cd6775837c45967,scene-0553,day,bus,vehicle.bus.rigid,bus,v80-100,238.8,16.56,14.78,0.0,14.45,14.33,14.45,True
a409449573af464c9cd6775837c45967,scene-0553,day,truck,vehicle.truck,truck,v80-100,157.1,19.88,18.4,0.0,18.87,18.43,18.57,True
a409449573af464c9cd6775837c45967,scene-0553,day,bus,vehicle.bus.rigid,truck,v80-100,170.5,31.95,28.9,14.44,20.83,20.56,20.83,False
45d02c618f34449bb7587ff6caf120ae,scene-0553,day,bus,vehicle.bus.rigid,bus,v80-100,242.4,16.03,14.73,0.0,14.85,14.71,14.73,True
45d02c618f34449bb7587ff6caf120ae,scene-0553,day,car,vehicle.car,car,v80-100,98.3,23.68,21.56,9.75,17.62,17.56,17.62,False
45d02c618f34449bb7587ff6caf120ae,scene-0553,day,bus,vehicle.bus.rigid,truck,v80-100,168.2,30.99,28.7,11.74,21.67,21.38,21.67,False
45d02c618f34449bb7587ff6caf120ae,scene-0553,day,car,vehicle.car,car,v80-100,30.1,86.86,84.47,16.69,51.58,40.12,47.7,False
45d02c618f34449bb7587ff6caf120ae,scene-0553,day,truck,vehicle.truck,truck,v80-100,158.1,20.89,18.82,4.11,19.34,19.09,19.32,False
3fb6c2eacb2e4361bb5d5aa092c4ff8f,scene-0553,day,bus,vehicle.bus.rigid,bus,v80-100,247.5,16.87,14.77,2.28,13.82,13.71,13.71,False
3fb6c2eacb2e4361bb5d5aa092c4ff8f,scene-0553,day,car,vehicle.car,car,v80-100,99.6,21.36,19.57,4.96,16.53,16.48,16.53,False
3fb6c2eacb2e4361bb5d5aa092c4ff8f,scene-0553,day,car,vehicle.car,car,v80-100,35.5,51.93,49.56,5.95,38.18,38.18,38.18,False
3fb6c2eacb2e4361bb5d5aa092c4ff8f,scene-0553,day,car,vehicle.car,car,v80-100,32.0,81.98,79.57,15.93,43.34,38.1,42.2,False
3fb6c2eacb2e4361bb5d5aa092c4ff8f,scene-0553,day,bus,vehicle.bus.rigid,bus,v80-100,164.2,30.71,29.28,9.33,20.3,20.05,20.21,False
c8fc91d460cb4ef39117982e0a20804d,scene-0553,day,car,vehicle.car,car,v80-100,101.1,19.92,18.62,0.07,18.22,18.02,18.02,True
c8fc91d460cb4ef39117982e0a20804d,scene-0553,day,bus,vehicle.bus.rigid,truck,v80-100,249.1,19.02,16.03,7.08,16.36,16.2,16.27,False
c8fc91d460cb4ef39117982e0a20804d,scene-0553,day,bus,vehicle.bus.rigid,bus,v80-100,159.0,31.04,29.21,7.34,23.24,22.59,22.73,False
c8fc91d460cb4ef39117982e0a20804d,scene-0553,day,pedestrian,human.pedestrian.adult,person,v80-100,244.0,9.88,9.4,4.92,7.73,7.57,7.64,False
23e08a928077488685ab3138f3e4164f,scene-0553,day,car,vehicle.car,car,v80-100,102.3,19.59,18.57,0.0,17.82,17.62,17.69,True
23e08a928077488685ab3138f3e4164f,scene-0553,day,bus,vehicle.bus.rigid,bus,v80-100,150.6,32.03,29.28,5.65,23.24,22.59,22.84,False
23e08a928077488685ab3138f3e4164f,scene-0553,day,car,vehicle.car,car,v80-100,31.7,57.93,55.55,6.62,44.54,43.34,43.91,False
23e08a928077488685ab3138f3e4164f,scene-0553,day,pedestrian,human.pedestrian.adult,person,v80-100,354.6,7.83,7.33,3.91,6.05,5.96,6.01,False
23e08a928077488685ab3138f3e4164f,scene-0553,day,pedestrian,human.pedestrian.adult,person,v80-100,244.5,9.62,9.15,4.44,7.6,7.39,7.44,False
f8ec648a57f24d988bd07305abf8b77f,scene-0553,day,car,vehicle.car,car,v80-100,103.7,20.16,18.72,3.44,17.82,17.81,17.82,False
f8ec648a57f24d988bd07305abf8b77f,scene-0553,day,bus,vehicle.bus.rigid,truck,v80-100,141.4,33.59,29.85,4.22,24.3,23.58,23.76,False
f8ec648a57f24d988bd07305abf8b77f,scene-0553,day,pedestrian,human.pedestrian.adult,person,v80-100,296.0,8.51,8.01,4.06,6.57,6.44,6.49,False
f8ec648a57f24d988bd07305abf8b77f,scene-0553,day,pedestrian,human.pedestrian.adult,person,v80-100,247.2,9.32,8.85,3.98,6.03,5.96,5.98,False
36287d40e88a4ac9bb64cf4e8c166d1f,scene-0553,day,car,vehicle.car,car,v80-100,105.5,20.68,19.04,3.13,17.06,16.88,17.02,False
36287d40e88a4ac9bb64cf4e8c166d1f,scene-0553,day,car,vehicle.car,car,v80-100,105.0,21.67,19.71,7.87,17.82,17.62,17.62,False
36287d40e88a4ac9bb64cf4e8c166d1f,scene-0553,day,bus,vehicle.bus.rigid,bus,v80-100,131.4,35.66,31.23,3.33,28.13,26.29,26.73,False
36287d40e88a4ac9bb64cf4e8c166d1f,scene-0553,day,pedestrian,human.pedestrian.adult,person,v80-100,297.8,8.07,7.59,3.25,6.4,6.31,6.34,False
29cfc6babdba4e7ebad782f6d551033f,scene-0553,day,car,vehicle.car,car,v80-100,106.5,19.78,18.62,0.0,18.02,17.82,17.82,True
29cfc6babdba4e7ebad782f6d551033f,scene-0553,day,bus,vehicle.bus.rigid,truck,v80-100,120.9,38.24,33.37,3.09,28.89,28.13,28.64,False
29cfc6babdba4e7ebad782f6d551033f,scene-0553,day,pedestrian,human.pedestrian.adult,person,v80-100,251.0,8.73,8.27,2.75,6.77,6.63,6.69,False
5479effa00bf4d01b96e1ec77065c977,scene-0553,day,car,vehicle.car,car,v80-100,107.3,19.97,18.74,1.59,17.82,17.62,17.68,False
5479effa00bf4d01b96e1ec77065c977,scene-0553,day,pedestrian,human.pedestrian.adult,person,v80-100,302.9,10.15,9.47,5.17,7.14,6.97,7.01,False
5479effa00bf4d01b96e1ec77065c977,scene-0553,day,pedestrian,human.pedestrian.adult,person,v80-100,304.6,7.3,6.88,1.55,6.61,6.45,6.57,False
5479effa00bf4d01b96e1ec77065c977,scene-0553,day,pedestrian,human.pedestrian.adult,person,v80-100,252.9,8.53,8.08,2.28,6.97,6.77,6.86,False
5479effa00bf4d01b96e1ec77065c977,scene-0553,day,pedestrian,human.pedestrian.adult,person,v80-100,370.5,6.45,6.0,0.93,5.64,5.55,5.59,True
836281904290463cafe2059d05d2b474,scene-0553,day,car,vehicle.car,car,v80-100,109.1,21.02,19.32,6.03,17.66,17.62,17.62,False
836281904290463cafe2059d05d2b474,scene-0553,day,pedestrian,human.pedestrian.adult,person,v80-100,305.3,9.73,9.05,4.49,7.32,7.06,7.13,False
836281904290463cafe2059d05d2b474,scene-0553,day,pedestrian,human.pedestrian.adult,person,v80-100,371.5,6.34,5.92,0.31,5.75,5.61,5.66,True
defde01fa5594f18b24be8fe68e6f2c4,scene-0553,day,car,vehicle.car,car,v80-100,109.8,22.96,20.91,10.27,18.43,18.22,18.22,False
defde01fa5594f18b24be8fe68e6f2c4,scene-0553,day,car,vehicle.car,car,v80-100,52.2,51.57,49.09,11.53,36.26,35.64,35.64,False
defde01fa5594f18b24be8fe68e6f2c4,scene-0553,day,bus,vehicle.bus.rigid,truck,v80-100,93.0,47.91,43.1,3.25,37.29,35.64,36.45,False
defde01fa5594f18b24be8fe68e6f2c4,scene-0553,day,car,vehicle.car,car,v80-100,96.7,22.26,20.32,6.37,17.43,17.24,17.29,False
defde01fa5594f18b24be8fe68e6f2c4,scene-0553,day,pedestrian,human.pedestrian.adult,person,v80-100,375.5,6.24,5.86,0.0,5.87,5.75,5.81,True
defde01fa5594f18b24be8fe68e6f2c4,scene-0553,day,pedestrian,human.pedestrian.adult,person,v80-100,257.0,8.12,7.7,1.13,7.36,7.19,7.29,True
defde01fa5594f18b24be8fe68e6f2c4,scene-0553,day,pedestrian,human.pedestrian.adult,person,v80-100,307.8,9.35,8.68,3.81,7.43,7.26,7.34,False
6e8383a5f5ba4334b4cb40e0663acdaa,scene-0553,day,car,vehicle.car,car,v80-100,98.9,20.31,18.87,0.9,17.62,17.39,17.43,True
6e8383a5f5ba4334b4cb40e0663acdaa,scene-0553,day,pedestrian,human.pedestrian.adult,person,v80-100,379.7,6.21,5.85,0.1,5.94,5.71,5.83,True
6e8383a5f5ba4334b4cb40e0663acdaa,scene-0553,day,pedestrian,human.pedestrian.adult,person,v80-100,259.9,7.95,7.55,0.56,7.43,7.32,7.36,True
6e8383a5f5ba4334b4cb40e0663acdaa,scene-0553,day,car,vehicle.car,car,v80-100,53.6,50.32,47.84,11.35,41.98,39.11,41.08,False
6e8383a5f5ba4334b4cb40e0663acdaa,scene-0553,day,pedestrian,human.pedestrian.adult,person,v80-100,283.5,9.54,8.95,4.91,7.09,6.94,7.0,False
7b90568403b64fba883c052427b76f24,scene-0553,day,car,vehicle.car,car,v80-100,55.1,49.08,46.59,11.17,36.54,35.92,36.45,False
7b90568403b64fba883c052427b76f24,scene-0553,day,pedestrian,human.pedestrian.adult,person,v80-100,384.0,6.23,5.86,0.71,6.14,5.92,6.04,True
7b90568403b64fba883c052427b76f24,scene-0553,day,bus,vehicle.bus.rigid,truck,v80-100,78.7,55.72,50.9,3.9,43.34,41.65,42.2,False
7b90568403b64fba883c052427b76f24,scene-0553,day,pedestrian,human.pedestrian.adult,person,v80-100,286.2,9.15,8.57,4.31,7.49,7.39,7.44,False
7b90568403b64fba883c052427b76f24,scene-0553,day,car,vehicle.car,car,v80-100,100.9,19.74,18.68,0.0,19.32,19.09,19.12,True
7b90568403b64fba883c052427b76f24,scene-0553,day,pedestrian,human.pedestrian.adult,person,v80-100,261.8,7.85,7.47,0.07,7.77,7.67,7.71,True
be0d41d37aac4b3c9771e1bafe72ff41,scene-0553,day,pedestrian,human.pedestrian.adult,person,v80-100,346.6,7.47,6.94,3.48,6.0,5.92,5.94,False
be0d41d37aac4b3c9771e1bafe72ff41,scene-0553,day,pedestrian,human.pedestrian.adult,person,v80-100,389.1,6.33,5.91,1.4,5.83,5.67,5.78,False
be0d41d37aac4b3c9771e1bafe72ff41,scene-0553,day,bus,vehicle.bus.rigid,truck,v80-100,72.8,59.81,55.0,4.05,43.34,42.2,42.31,False
be0d41d37aac4b3c9771e1bafe72ff41,scene-0553,day,car,vehicle.car,car,v80-100,102.9,20.41,18.88,4.23,18.65,18.22,18.5,False
be0d41d37aac4b3c9771e1bafe72ff41,scene-0553,day,pedestrian,human.pedestrian.adult,person,v80-100,267.1,7.7,7.34,0.0,7.38,7.29,7.32,True
be0d41d37aac4b3c9771e1bafe72ff41,scene-0553,day,car,vehicle.car,car,v80-100,55.1,49.09,46.6,11.18,34.07,32.76,33.41,False
c218bb82f11c47bc864e72a3e26db2c9,scene-0553,day,car,vehicle.car,car,v80-100,104.6,21.79,19.88,8.25,18.02,17.43,17.82,False
c218bb82f11c47bc864e72a3e26db2c9,scene-0553,day,pedestrian,human.pedestrian.adult,person,v80-100,269.3,7.66,7.33,0.07,7.11,7.0,7.06,True
c218bb82f11c47bc864e72a3e26db2c9,scene-0553,day,pedestrian,human.pedestrian.adult,person,v80-100,393.6,6.48,6.03,2.02,5.54,5.29,5.42,False
c218bb82f11c47bc864e72a3e26db2c9,scene-0553,day,bus,vehicle.bus.rigid,truck,v80-100,68.0,63.69,58.87,4.39,47.16,45.82,45.82,False
c218bb82f11c47bc864e72a3e26db2c9,scene-0553,day,car,vehicle.car,car,v80-100,40.6,58.88,56.38,15.68,38.18,37.29,37.91,False
c218bb82f11c47bc864e72a3e26db2c9,scene-0553,day,car,vehicle.car,car,v80-100,55.2,48.99,46.5,11.17,34.23,34.06,34.12,False
c218bb82f11c47bc864e72a3e26db2c9,scene-0553,day,pedestrian,human.pedestrian.adult,person,v80-100,315.7,8.32,7.71,1.34,7.53,7.43,7.48,False
c218bb82f11c47bc864e72a3e26db2c9,scene-0553,day,car,vehicle.car,car,v80-100,112.5,24.12,21.78,12.16,16.7,16.36,16.53,False
c218bb82f11c47bc864e72a3e26db2c9,scene-0553,day,pedestrian,human.pedestrian.adult,person,v80-100,347.4,7.19,6.68,2.94,5.83,5.75,5.79,False
706bc4ecedb1483485dd25b2cdb79b1e,scene-0553,day,pedestrian,human.pedestrian.adult,person,v80-100,398.9,6.71,6.24,2.7,5.33,5.21,5.24,False
706bc4ecedb1483485dd25b2cdb79b1e,scene-0553,day,pedestrian,human.pedestrian.adult,person,v80-100,271.5,7.68,7.36,0.63,7.08,7.0,7.03,True
706bc4ecedb1483485dd25b2cdb79b1e,scene-0553,day,car,vehicle.car,car,v80-100,114.0,21.05,19.01,6.87,16.2,16.04,16.2,False
706bc4ecedb1483485dd25b2cdb79b1e,scene-0553,day,car,vehicle.car,car,v80-100,55.4,48.86,46.37,11.15,37.28,35.64,36.45,False
706bc4ecedb1483485dd25b2cdb79b1e,scene-0553,day,car,vehicle.car,car,v80-100,42.9,56.01,53.5,15.27,39.11,38.18,38.6,False
706bc4ecedb1483485dd25b2cdb79b1e,scene-0553,day,pedestrian,human.pedestrian.adult,person,v80-100,317.7,8.14,7.56,0.61,7.51,7.36,7.42,True
706bc4ecedb1483485dd25b2cdb79b1e,scene-0553,day,pedestrian,human.pedestrian.adult,person,v80-100,304.2,7.92,7.37,2.44,5.78,5.67,5.73,False
63f667397e55468ea55cec6ca099d5e8,scene-0553,day,pedestrian,human.pedestrian.adult,person,v80-100,274.2,7.72,7.4,1.18,7.32,7.16,7.26,True
63f667397e55468ea55cec6ca099d5e8,scene-0553,day,pedestrian,human.pedestrian.adult,person,v80-100,318.7,8.06,7.51,0.04,7.82,7.58,7.65,True
63f667397e55468ea55cec6ca099d5e8,scene-0553,day,pedestrian,human.pedestrian.adult,person,v80-100,404.1,7.0,6.51,3.39,6.79,5.96,6.29,False
63f667397e55468ea55cec6ca099d5e8,scene-0553,day,pedestrian,human.pedestrian.adult,person,v80-100,303.0,8.54,8.06,3.67,7.19,7.06,7.1,False
63f667397e55468ea55cec6ca099d5e8,scene-0553,day,car,vehicle.car,car,v80-100,115.7,19.17,17.56,2.21,17.06,16.88,16.88,False
5a997f9d82874cc99e166b81c4cda2ad,scene-0553,day,car,vehicle.car,car,v80-100,45.5,53.05,50.54,14.9,36.45,35.64,35.64,False
5a997f9d82874cc99e166b81c4cda2ad,scene-0553,day,pedestrian,human.pedestrian.adult,person,v80-100,277.1,7.8,7.46,1.73,7.24,7.13,7.17,False
5a997f9d82874cc99e166b81c4cda2ad,scene-0553,day,car,vehicle.car,car,v80-100,118.1,18.28,17.23,0.0,17.24,17.06,17.06,True
5a997f9d82874cc99e166b81c4cda2ad,scene-0553,day,pedestrian,human.pedestrian.adult,person,v80-100,301.7,8.17,7.74,2.81,7.29,7.16,7.21,False
b379e0c083e349d9b3eda2b1f817535d,scene-0553,day,car,vehicle.car,car,v80-100,121.3,18.72,17.35,3.15,17.68,17.43,17.62,False
b379e0c083e349d9b3eda2b1f817535d,scene-0553,day,pedestrian,human.pedestrian.adult,person,v80-100,280.7,7.9,7.55,2.28,7.39,7.25,7.32,False
b379e0c083e349d9b3eda2b1f817535d,scene-0553,day,car,vehicle.car,car,v80-100,55.4,48.87,46.38,11.19,35.64,29.75,34.86,False
b379e0c083e349d9b3eda2b1f817535d,scene-0553,day,pedestrian,human.pedestrian.adult,person,v80-100,299.3,7.94,7.57,1.93,7.54,7.32,7.42,False
b379e0c083e349d9b3eda2b1f817535d,scene-0553,day,pedestrian,human.pedestrian.adult,person,v80-100,351.3,6.39,5.95,0.58,6.34,6.26,6.29,True
b379e0c083e349d9b3eda2b1f817535d,scene-0553,day,pedestrian,human.pedestrian.adult,person,v80-100,309.6,7.3,6.82,0.29,7.53,7.22,7.28,True
b71a3ed2e4cc4c3b9add0925bcefe743,scene-0553,day,car,vehicle.car,car,v80-100,46.3,52.27,49.76,14.79,37.29,36.45,36.45,False
b71a3ed2e4cc4c3b9add0925bcefe743,scene-0553,day,pedestrian,human.pedestrian.adult,person,v80-100,295.1,7.85,7.55,0.97,7.66,7.53,7.58,True
b71a3ed2e4cc4c3b9add0925bcefe743,scene-0553,day,car,vehicle.car,car,v80-100,55.4,48.87,46.38,11.19,35.64,34.86,35.41,False
b71a3ed2e4cc4c3b9add0925bcefe743,scene-0553,day,pedestrian,human.pedestrian.adult,person,v80-100,285.4,8.04,7.67,2.88,7.29,7.18,7.22,False
b71a3ed2e4cc4c3b9add0925bcefe743,scene-0553,day,car,vehicle.car,car,v80-100,124.6,20.72,18.7,8.79,16.92,16.88,16.88,False
b71a3ed2e4cc4c3b9add0925bcefe743,scene-0553,day,pedestrian,human.pedestrian.adult,person,v80-100,320.1,8.05,7.57,0.12,7.67,7.53,7.56,True
b71a3ed2e4cc4c3b9add0925bcefe743,scene-0553,day,pedestrian,human.pedestrian.adult,person,v80-100,344.2,6.43,6.04,0.0,6.34,6.22,6.26,True
8b448769529640509f5481de4976963e,scene-0553,day,pedestrian,human.pedestrian.adult,person,v80-100,337.7,6.53,6.18,0.0,6.37,6.29,6.31,True
8b448769529640509f5481de4976963e,scene-0553,day,car,vehicle.car,car,v80-100,46.6,51.94,49.42,14.74,38.18,37.29,37.52,False
8b448769529640509f5481de4976963e,scene-0553,day,car,vehicle.car,car,v80-100,55.4,48.87,46.38,11.18,37.29,36.45,36.45,False
8b448769529640509f5481de4976963e,scene-0553,day,pedestrian,human.pedestrian.adult,person,v80-100,289.8,8.17,7.79,3.36,7.39,7.29,7.33,False
8b448769529640509f5481de4976963e,scene-0553,day,pedestrian,human.pedestrian.adult,person,v80-100,290.8,7.89,7.59,0.33,7.72,7.56,7.64,True
8b448769529640509f5481de4976963e,scene-0553,day,pedestrian,human.pedestrian.adult,person,v80-100,323.4,8.08,7.6,0.85,7.67,7.56,7.6,True
549a0000f3a545239b5c6142fab2d9f2,scene-0553,day,car,vehicle.car,car,v80-100,46.5,52.06,49.54,14.77,37.29,36.16,36.45,False
549a0000f3a545239b5c6142fab2d9f2,scene-0553,day,car,vehicle.car,car,v80-100,55.4,48.87,46.38,11.19,36.45,35.64,35.64,False
549a0000f3a545239b5c6142fab2d9f2,scene-0553,day,pedestrian,human.pedestrian.adult,person,v80-100,339.9,6.53,6.17,0.2,6.35,6.23,6.29,True
549a0000f3a545239b5c6142fab2d9f2,scene-0553,day,bus,vehicle.bus.rigid,truck,v80-100,42.7,98.58,93.76,7.85,61.68,59.39,59.89,False
549a0000f3a545239b5c6142fab2d9f2,scene-0553,day,pedestrian,human.pedestrian.adult,person,v80-100,286.1,7.98,7.63,0.0,7.82,7.71,7.77,True
549a0000f3a545239b5c6142fab2d9f2,scene-0553,day,pedestrian,human.pedestrian.adult,person,v80-100,339.5,7.86,7.34,1.36,7.41,7.26,7.29,False
549a0000f3a545239b5c6142fab2d9f2,scene-0553,day,pedestrian,human.pedestrian.adult,person,v80-100,295.6,8.34,7.94,3.9,7.36,7.03,7.19,False
28e5177a5fc44a4aa8e813306e614927,scene-0553,day,car,vehicle.car,car,v80-100,46.4,52.18,49.67,14.8,37.29,36.45,36.45,False
28e5177a5fc44a4aa8e813306e614927,scene-0553,day,car,vehicle.car,car,v80-100,55.4,48.87,46.38,11.19,37.15,36.37,36.45,False
28e5177a5fc44a4aa8e813306e614927,scene-0553,day,bus,vehicle.bus.rigid,truck,v80-100,40.4,104.04,99.21,8.34,68.89,66.82,66.92,False
28e5177a5fc44a4aa8e813306e614927,scene-0553,day,pedestrian,human.pedestrian.adult,person,v80-100,279.2,8.21,7.82,0.26,8.23,8.1,8.14,True
28e5177a5fc44a4aa8e813306e614927,scene-0553,day,pedestrian,human.pedestrian.adult,person,v80-100,342.1,6.57,6.18,0.74,6.41,6.29,6.34,True
358ec472650f42d4b6c27686ee2e0d39,scene-0553,day,car,vehicle.car,car,v80-100,55.4,48.87,46.38,11.19,36.45,35.64,35.68,False
358ec472650f42d4b6c27686ee2e0d39,scene-0553,day,car,vehicle.car,car,v80-100,46.3,52.31,49.79,14.83,36.45,35.64,36.43,False
358ec472650f42d4b6c27686ee2e0d39,scene-0553,day,bus,vehicle.bus.rigid,car,v80-100,38.3,109.3,104.47,8.84,66.82,66.76,66.82,False
358ec472650f42d4b6c27686ee2e0d39,scene-0553,day,pedestrian,human.pedestrian.adult,person,v80-100,347.6,6.6,6.18,1.26,6.39,6.27,6.34,False
358ec472650f42d4b6c27686ee2e0d39,scene-0553,day,pedestrian,human.pedestrian.adult,person,v80-100,272.7,8.51,8.09,1.03,8.27,8.1,8.18,True
7036599cb4d44e9d98c2cfad3332c4f6,scene-0553,day,car,vehicle.car,car,v80-100,46.3,52.27,49.75,14.83,34.86,34.12,34.45,False
7036599cb4d44e9d98c2cfad3332c4f6,scene-0553,day,car,vehicle.car,car,v80-100,55.4,48.87,46.38,11.19,34.72,33.76,34.12,False
7036599cb4d44e9d98c2cfad3332c4f6,scene-0553,day,bus,vehicle.bus.rigid,car,v80-100,36.5,114.69,109.86,9.35,61.68,61.52,61.68,False
7036599cb4d44e9d98c2cfad3332c4f6,scene-0553,day,pedestrian,human.pedestrian.adult,person,v80-100,266.4,8.87,8.41,1.78,8.06,7.87,7.94,False
7036599cb4d44e9d98c2cfad3332c4f6,scene-0553,day,pedestrian,human.pedestrian.adult,person,v80-100,349.2,6.75,6.3,1.83,5.99,5.86,5.92,False
cd8a6fbb4c0a42138792b0b3515b363b,scene-0553,day,car,vehicle.car,car,v80-100,46.3,52.23,49.71,14.83,34.12,33.41,33.5,False
cd8a6fbb4c0a42138792b0b3515b363b,scene-0553,day,pedestrian,human.pedestrian.adult,person,v80-100,354.2,8.58,7.94,3.86,6.85,6.66,6.77,False
cd8a6fbb4c0a42138792b0b3515b363b,scene-0553,day,car,vehicle.car,car,v80-100,55.4,48.87,46.38,11.18,34.12,33.41,33.41,False
cd8a6fbb4c0a42138792b0b3515b363b,scene-0553,day,pedestrian,human.pedestrian.adult,person,v80-100,350.8,6.94,6.46,2.39,5.75,5.59,5.65,False
cd8a6fbb4c0a42138792b0b3515b363b,scene-0553,day,bus,vehicle.bus.rigid,car,v80-100,35.2,118.65,113.79,9.42,60.77,59.39,59.39,False
0839e821f0794b05a0f0dc6cce034265,scene-0553,day,car,vehicle.car,car,v80-100,46.4,52.19,49.67,14.83,33.54,32.73,33.41,False
0839e821f0794b05a0f0dc6cce034265,scene-0553,day,pedestrian,human.pedestrian.adult,person,v80-100,352.5,7.17,6.67,2.96,5.87,5.65,5.75,False
0839e821f0794b05a0f0dc6cce034265,scene-0553,day,car,vehicle.car,car,v80-100,55.4,48.87,46.38,11.18,33.41,32.73,32.74,False
0839e821f0794b05a0f0dc6cce034265,scene-0553,day,pedestrian,human.pedestrian.adult,person,v80-100,260.8,9.46,8.97,3.09,8.18,8.08,8.14,False
0839e821f0794b05a0f0dc6cce034265,scene-0553,day,bus,vehicle.bus.rigid,car,v80-100,34.0,122.58,117.73,10.04,59.39,59.39,59.39,False
1f9771d7882744aba57113fd8b40e294,scene-0553,day,car,vehicle.car,car,v80-100,46.4,52.15,49.63,14.84,32.07,31.44,31.44,False
1f9771d7882744aba57113fd8b40e294,scene-0553,day,car,vehicle.car,car,v80-100,55.4,48.87,46.38,11.18,31.44,30.84,31.44,False
1f9771d7882744aba57113fd8b40e294,scene-0553,day,pedestrian,human.pedestrian.adult,person,v80-100,354.1,7.43,6.92,3.52,5.75,5.65,5.71,False
1f9771d7882744aba57113fd8b40e294,scene-0553,day,pedestrian,human.pedestrian.adult,person,v80-100,254.8,9.81,9.34,3.64,8.35,8.18,8.29,False
aeae6f7b9b154cae9dfbd64705a4e540,scene-0553,day,car,vehicle.car,car,v80-100,46.5,52.11,49.59,14.84,32.49,31.44,32.07,False
aeae6f7b9b154cae9dfbd64705a4e540,scene-0553,day,car,vehicle.car,car,v80-100,55.4,48.87,46.38,11.18,32.07,31.31,31.44,False
bd0ce9c48550446fa13676c7703a70c1,scene-0553,day,pedestrian,human.pedestrian.adult,person,v80-100,255.2,10.4,9.99,4.74,8.15,8.02,8.06,False
bd0ce9c48550446fa13676c7703a70c1,scene-0553,day,car,vehicle.car,car,v80-100,46.5,52.07,49.55,14.84,31.96,30.85,31.44,False
bd0ce9c48550446fa13676c7703a70c1,scene-0553,day,car,vehicle.car,car,v80-100,55.4,48.87,46.38,11.18,32.28,31.44,32.01,False
b04ad7e3c86d47fc98dba25595b2327e,scene-0757,day,truck,vehicle.construction,truck,v80-100,259.4,14.97,12.62,4.03,7.19,4.67,5.95,False
9ce08dbf60bb4b22a952e11f56504292,scene-0757,day,truck,vehicle.construction,truck,v80-100,329.1,12.59,10.18,3.67,5.83,5.06,5.36,False
f921ab741862402aa867b4cd7ceb3d40,scene-0757,day,truck,vehicle.construction,truck,v80-100,452.4,10.28,7.82,3.44,5.33,4.73,4.89,False
5e862f5aad0444f199824efc78edfff0,scene-0757,day,car,vehicle.car,car,v80-100,68.3,38.55,36.34,2.5,25.45,25.04,25.09,False
85640ff86e61419993ae9a3f9ac456eb,scene-0757,day,bus,vehicle.bus.rigid,bus,v80-100,156.3,36.32,34.62,8.35,7.96,4.44,6.85,False
85640ff86e61419993ae9a3f9ac456eb,scene-0757,day,car,vehicle.car,car,v80-100,73.8,35.67,33.56,0.69,20.05,19.32,19.7,True
bf4b00d2af9344c3b3f444206f75cf14,scene-0757,day,car,vehicle.car,car,v80-100,80.9,32.65,30.62,0.0,20.05,19.1,19.56,True
bf4b00d2af9344c3b3f444206f75cf14,scene-0757,day,bus,vehicle.bus.rigid,bus,v80-100,164.0,34.24,32.61,6.46,16.19,7.03,7.9,False
5cfd339fb1cc4c84881d9bf2a48e1f46,scene-0757,day,bus,vehicle.bus.rigid,bus,v80-100,175.0,32.1,30.56,3.81,16.88,6.1,7.6,False
5cfd339fb1cc4c84881d9bf2a48e1f46,scene-0757,day,car,vehicle.car,car,v80-100,92.2,29.42,27.66,0.0,16.7,16.2,16.48,True
b732ab7ce371484b93ba0c2d2b2f9ae7,scene-0757,day,car,vehicle.car,car,v80-100,100.5,26.72,25.3,0.24,16.04,15.43,15.72,True
b732ab7ce371484b93ba0c2d2b2f9ae7,scene-0757,day,bus,vehicle.bus.rigid,bus,v80-100,177.8,30.26,28.67,0.86,16.88,6.94,16.49,True
b4f9181a80034d22972433e4d1dd9f9e,scene-0757,day,car,vehicle.car,car,v80-100,112.1,24.72,23.55,3.18,15.74,15.27,15.57,False
b4f9181a80034d22972433e4d1dd9f9e,scene-0757,day,bus,vehicle.bus.rigid,bus,v80-100,185.9,28.78,26.91,0.0,18.33,17.4,17.62,True
b7b3ad2c218c4192ab958334ea15303f,scene-0757,day,bus,vehicle.bus.rigid,bus,v80-100,192.9,27.97,25.34,0.0,17.31,16.2,16.53,True
b7b3ad2c218c4192ab958334ea15303f,scene-0757,day,car,vehicle.car,car,v80-100,127.3,23.43,21.91,6.79,13.48,13.25,13.36,False
b7b3ad2c218c4192ab958334ea15303f,scene-0757,day,car,vehicle.car,car,v60-80,80.5,29.28,26.94,8.68,18.65,17.81,18.22,False
c33b84588ead4a609f195d2c4fb56801,scene-0757,day,car,vehicle.car,car,v80-100,88.5,26.07,23.81,6.03,19.09,18.65,18.87,False
c33b84588ead4a609f195d2c4fb56801,scene-0757,day,bus,vehicle.bus.rigid,bus,v80-100,201.8,27.44,23.58,0.0,18.43,16.36,16.88,True
c33b84588ead4a609f195d2c4fb56801,scene-0757,day,car,vehicle.car,car,v60-80,145.9,23.15,21.18,10.41,13.14,12.52,12.83,False
f331f492972540ab8e843d484ac6919e,scene-0757,day,car,vehicle.car,car,v80-100,99.1,23.14,21.0,3.33,17.45,16.88,17.06,False
f331f492972540ab8e843d484ac6919e,scene-0757,day,bus,vehicle.bus.rigid,bus,v80-100,207.6,27.33,22.4,0.0,19.32,17.06,17.62,True
6830e208ec3b444f878c8f5c11135dc6,scene-0757,day,car,vehicle.car,car,v80-100,110.4,20.55,18.58,0.58,15.56,14.71,15.07,True
6830e208ec3b444f878c8f5c11135dc6,scene-0757,day,bus,vehicle.bus.rigid,bus,v80-100,207.1,27.99,22.06,0.0,18.87,17.24,17.66,True
35480f511677406fa35386f153291792,scene-0757,day,car,vehicle.car,car,v80-100,124.8,18.35,16.79,0.0,14.19,13.59,13.82,True
35480f511677406fa35386f153291792,scene-0757,day,bus,vehicle.bus.rigid,bus,v80-100,203.2,28.86,22.3,0.0,21.1,19.56,19.8,True
35480f511677406fa35386f153291792,scene-0757,day,car,vehicle.car,car,v80-100,113.2,23.18,21.48,9.88,14.32,13.94,14.07,False
f1680ea9126e468ca407f7284efc980c,scene-0757,day,car,vehicle.car,car,v80-100,116.5,21.72,20.22,7.23,14.32,13.94,14.08,False
f1680ea9126e468ca407f7284efc980c,scene-0757,day,car,vehicle.car,car,v80-100,141.8,16.86,15.79,0.0,12.63,12.15,12.34,True
f1680ea9126e468ca407f7284efc980c,scene-0757,day,bus,vehicle.bus.rigid,bus,v80-100,195.2,30.14,23.23,0.0,20.87,19.8,20.05,True
731b03604b4849f0aa646d0b46571451,scene-0757,day,car,vehicle.car,car,v80-100,160.2,16.37,15.04,3.37,10.92,10.52,10.69,False
731b03604b4849f0aa646d0b46571451,scene-0757,day,bus,vehicle.bus.rigid,bus,v80-100,188.4,31.67,24.63,0.0,19.83,19.56,19.66,True
19f4244aa37b42a49a005b8ea6d53953,scene-0757,day,car,vehicle.car,car,v80-100,117.5,19.96,18.74,0.23,14.58,14.19,14.32,True
19f4244aa37b42a49a005b8ea6d53953,scene-0757,day,bus,vehicle.bus.rigid,bus,v80-100,178.2,33.43,26.46,1.21,23.24,22.91,23.15,False
19f4244aa37b42a49a005b8ea6d53953,scene-0757,day,car,vehicle.car,car,v80-100,175.1,17.08,15.22,7.0,10.41,10.21,10.28,False
e30d5ecf0fd6418089112b4e4811737c,scene-0757,day,car,vehicle.car,car,v80-100,115.6,20.19,18.58,0.0,15.17,14.85,14.99,True
e30d5ecf0fd6418089112b4e4811737c,scene-0757,day,bus,vehicle.bus.rigid,bus,v80-100,163.7,35.99,29.11,2.24,25.92,25.45,25.86,False
3cd43f6baa4e444999eef6cb1c89416a,scene-0757,day,car,vehicle.car,car,v80-100,111.4,21.33,19.34,1.55,15.59,15.08,15.27,False
3cd43f6baa4e444999eef6cb1c89416a,scene-0757,day,bus,vehicle.bus.rigid,bus,v80-100,149.9,38.71,31.83,2.99,34.12,32.37,33.28,False
3cd43f6baa4e444999eef6cb1c89416a,scene-0757,day,truck,vehicle.truck,car,v80-100,224.6,21.11,18.75,8.49,11.71,11.39,11.52,False
76542abab799469cbfb7b293c83192aa,scene-0757,day,truck,vehicle.truck,truck,v80-100,214.6,19.98,18.11,5.24,12.15,12.01,12.06,False
76542abab799469cbfb7b293c83192aa,scene-0757,day,car,vehicle.car,car,v80-100,182.3,21.86,18.99,9.29,13.04,12.63,12.74,False
76542abab799469cbfb7b293c83192aa,scene-0757,day,bus,vehicle.bus.rigid,bus,v80-100,136.5,41.81,34.92,3.28,28.14,27.42,27.65,False
76542abab799469cbfb7b293c83192aa,scene-0757,day,car,vehicle.car,car,v80-100,107.0,23.08,20.81,5.1,16.36,15.88,16.12,False
0a7aef80edbc4854bcd781a3becb943c,scene-0757,day,car,vehicle.car,truck,v80-100,191.2,19.33,16.67,5.54,12.26,11.88,12.06,False
0a7aef80edbc4854bcd781a3becb943c,scene-0757,day,truck,vehicle.truck,truck,v80-100,204.8,19.41,18.04,1.97,12.34,11.98,12.15,False
0a7aef80edbc4854bcd781a3becb943c,scene-0757,day,bus,vehicle.bus.rigid,bus,v80-100,123.9,45.35,38.46,3.67,31.44,30.26,30.84,False
deb67484315f4ba8b56ea8f03ef3d444,scene-0757,day,car,vehicle.car,truck,v80-100,201.1,17.29,15.01,1.78,13.36,12.73,13.04,False
deb67484315f4ba8b56ea8f03ef3d444,scene-0757,day,truck,vehicle.truck,truck,v80-100,196.0,19.34,17.99,0.0,14.58,13.94,14.15,True
deb67484315f4ba8b56ea8f03ef3d444,scene-0757,day,bus,vehicle.bus.rigid,bus,v80-100,113.4,48.87,41.98,4.06,40.9,35.64,39.11,False
deb67484315f4ba8b56ea8f03ef3d444,scene-0757,day,car,vehicle.car,car,v80-100,98.9,27.93,25.36,12.41,19.8,19.52,19.56,False
73fffafd944c4c42a32cfcaeeafc4944,scene-0757,day,car,vehicle.car,truck,v80-100,212.1,15.93,14.22,0.0,10.91,10.48,10.69,True
f225d67c5e1e4f2e8f86fd9b7d2cb9e1,scene-0757,day,car,vehicle.car,truck,v80-100,224.2,15.43,14.19,0.0,11.14,10.81,10.98,True
f225d67c5e1e4f2e8f86fd9b7d2cb9e1,scene-0757,day,truck,vehicle.truck,truck,v80-100,181.0,21.12,18.68,0.92,15.42,15.18,15.27,True
f225d67c5e1e4f2e8f86fd9b7d2cb9e1,scene-0757,day,car,vehicle.car,car,v80-100,173.1,20.38,18.79,8.74,12.93,12.63,12.73,False
d507acb08ec94f00b54bd650bb4b1c52,scene-0757,day,car,vehicle.car,truck,v80-100,237.1,15.91,14.26,3.57,10.55,10.21,10.38,False
d507acb08ec94f00b54bd650bb4b1c52,scene-0757,day,truck,vehicle.truck,truck,v80-100,172.5,22.98,20.07,4.5,15.9,15.42,15.57,False
d507acb08ec94f00b54bd650bb4b1c52,scene-0757,day,bus,vehicle.bus.rigid,bus,v80-100,88.4,60.67,53.81,5.26,42.2,40.09,40.16,False
d507acb08ec94f00b54bd650bb4b1c52,scene-0757,day,car,vehicle.car,car,v80-100,126.6,22.21,19.96,10.26,13.71,13.25,13.37,False
17b8884e21844ad9bf5df19a141a1156,scene-0757,day,car,vehicle.car,car,v80-100,155.5,19.11,18.17,1.34,13.76,13.48,13.59,False
17b8884e21844ad9bf5df19a141a1156,scene-0757,day,car,vehicle.car,car,v80-100,133.0,19.6,17.49,6.62,13.19,12.83,13.02,False
17b8884e21844ad9bf5df19a141a1156,scene-0757,day,bus,vehicle.bus.rigid,bus,v80-100,81.6,65.15,58.29,5.72,47.16,44.25,44.54,False
17b8884e21844ad9bf5df19a141a1156,scene-0757,day,car,vehicle.car,bus,v80-100,251.7,17.28,15.07,7.39,10.15,9.9,10.0,False
eeed80879b3d4580804a0da6bf9c84e2,scene-0757,day,truck,vehicle.truck,truck,v80-100,156.3,27.96,24.49,11.8,19.46,18.65,19.07,False
eeed80879b3d4580804a0da6bf9c84e2,scene-0757,day,car,vehicle.car,car,v80-100,148.0,19.58,18.32,0.0,14.93,14.58,14.71,True
eeed80879b3d4580804a0da6bf9c84e2,scene-0757,day,car,vehicle.car,car,v80-100,140.3,17.32,15.52,2.7,12.93,12.53,12.72,False
eeed80879b3d4580804a0da6bf9c84e2,scene-0757,day,bus,vehicle.bus.rigid,bus,v80-100,76.1,69.36,62.5,6.22,52.34,49.32,50.11,False
881817a81bab4d8488464ac42db89f5f,scene-0757,day,car,vehicle.car,car,v80-100,146.5,15.94,14.55,0.0,12.43,12.02,12.15,True
881817a81bab4d8488464ac42db89f5f,scene-0757,day,car,vehicle.car,car,v80-100,128.5,19.94,18.44,6.98,13.31,13.04,13.14,False
881817a81bab4d8488464ac42db89f5f,scene-0757,day,car,vehicle.car,car,v80-100,141.8,20.66,19.07,0.99,16.53,16.31,16.36,True
7b6c123b090340358e642a70c6fda96d,scene-0757,day,car,vehicle.car,car,v80-100,153.2,15.38,14.41,0.05,11.75,11.53,11.62,True
7b6c123b090340358e642a70c6fda96d,scene-0757,day,bus,vehicle.bus.rigid,bus,v80-100,66.3,78.61,71.74,7.34,55.34,53.45,55.18,False
7b6c123b090340358e642a70c6fda96d,scene-0757,day,car,vehicle.car,car,v80-100,136.1,22.28,20.39,4.5,17.24,16.7,16.88,False
7b6c123b090340358e642a70c6fda96d,scene-0757,day,car,vehicle.car,car,v80-100,123.3,19.19,18.11,3.24,14.19,13.95,14.07,False
fc4cba53bd2c4923b17da19b2e6e44fa,scene-0757,day,car,vehicle.car,car,v80-100,160.9,15.71,14.43,3.73,11.14,10.71,10.91,False
fc4cba53bd2c4923b17da19b2e6e44fa,scene-0757,day,car,vehicle.car,car,v80-100,118.2,19.19,18.11,0.0,14.99,14.58,14.71,True
fc4cba53bd2c4923b17da19b2e6e44fa,scene-0757,day,car,vehicle.car,car,v80-100,139.6,18.36,16.33,6.25,13.59,13.21,13.36,False
fc4cba53bd2c4923b17da19b2e6e44fa,scene-0757,day,bus,vehicle.bus.rigid,bus,v80-100,62.1,83.48,76.6,8.08,57.27,55.3,55.87,False
e26810c28df44cefa069778865bd832c,scene-0757,day,car,vehicle.car,car,v80-100,144.7,16.27,14.57,2.19,12.73,12.34,12.53,False
e26810c28df44cefa069778865bd832c,scene-0757,day,bus,vehicle.bus.rigid,truck,v80-100,58.4,88.34,81.47,8.84,60.77,57.27,59.39,False
e26810c28df44cefa069778865bd832c,scene-0757,day,car,vehicle.car,car,v80-100,113.4,19.94,18.44,0.0,15.88,15.57,15.71,True
e26810c28df44cefa069778865bd832c,scene-0757,day,car,vehicle.car,car,v80-100,170.3,16.92,15.22,7.47,10.09,9.9,9.96,False
df1863e3fe614f288a9974d619343050,scene-0757,day,car,vehicle.car,car,v80-100,150.1,15.03,13.84,0.0,11.62,11.21,11.37,True
df1863e3fe614f288a9974d619343050,scene-0757,day,car,vehicle.car,car,v80-100,136.9,19.71,18.25,6.01,13.25,12.83,13.02,False
df1863e3fe614f288a9974d619343050,scene-0757,day,car,vehicle.car,car,v80-100,109.0,21.34,19.49,2.89,16.7,16.35,16.52,False
df1863e3fe614f288a9974d619343050,scene-0757,day,bus,vehicle.bus.rigid,truck,v80-100,54.9,93.42,86.51,9.53,64.03,61.68,61.68,False
9b6ce88572b947b3b8e141c8bfe96f5b,scene-0757,day,car,vehicle.car,car,v80-100,156.1,14.85,13.89,1.03,10.35,10.07,10.16,True
9b6ce88572b947b3b8e141c8bfe96f5b,scene-0757,day,car,vehicle.car,car,v80-100,105.0,23.26,21.16,6.55,16.58,16.36,16.53,False
9b6ce88572b947b3b8e141c8bfe96f5b,scene-0757,day,bus,vehicle.bus.rigid,truck,v80-100,51.9,98.49,91.56,10.32,62.19,58.4,59.39,False
beea8d83b337481799c36c6561ec3de6,scene-0757,day,car,vehicle.car,car,v80-100,163.3,15.67,14.19,4.91,9.76,9.49,9.6,False
beea8d83b337481799c36c6561ec3de6,scene-0757,day,car,vehicle.car,car,v80-100,124.0,19.53,18.16,0.0,14.45,14.07,14.19,True
beea8d83b337481799c36c6561ec3de6,scene-0757,day,car,vehicle.car,car,v60-80,101.3,25.59,23.32,10.22,17.62,17.24,17.4,False
beea8d83b337481799c36c6561ec3de6,scene-0757,day,bus,vehicle.bus.rigid,truck,v80-100,49.2,103.56,96.61,11.29,64.14,61.68,63.69,False
452cb8aa72de4124907764018407b8d8,scene-0757,day,car,vehicle.car,car,v80-100,119.1,20.75,18.98,1.49,14.71,14.19,14.45,False
452cb8aa72de4124907764018407b8d8,scene-0757,day,bus,vehicle.bus.rigid,truck,v80-100,46.7,108.63,101.66,12.26,61.68,58.17,61.68,False
834ce773cfa04be8b56d9614ed1dcf7f,scene-0757,day,car,vehicle.car,car,v80-100,114.6,22.59,20.48,5.47,15.57,15.13,15.27,False
50e02dd80f9444a194abe8acae4bb211,scene-0757,day,car,vehicle.car,car,v80-100,110.6,24.91,22.61,9.29,16.03,15.72,15.85,False
029dc949763249ddbeb3f756cb7b259f,scene-0757,day,truck,vehicle.truck,car,v80-100,178.3,20.19,18.59,6.24,11.88,11.66,11.79,False
f059772e809443b787af4bb7c60c094a,scene-0757,day,truck,vehicle.truck,car,v80-100,170.6,19.55,18.4,2.79,12.64,12.24,12.43,False
f059772e809443b787af4bb7c60c094a,scene-0757,day,car,vehicle.car,car,v80-100,190.3,18.93,16.76,5.5,12.43,12.06,12.22,False
d209059d97174d28a279f467e9cf89f0,scene-0757,day,truck,vehicle.truck,car,v80-100,163.5,19.53,18.43,0.0,13.9,13.36,13.59,True
d209059d97174d28a279f467e9cf89f0,scene-0757,day,car,vehicle.car,car,v80-100,201.1,16.8,15.0,1.38,12.24,11.79,11.97,False
9d8d518a34ff462d8d6a8fb665d5edd4,scene-0757,day,car,vehicle.car,truck,v80-100,213.3,15.52,14.29,0.0,10.77,10.41,10.58,True
98bea7c1f83340119051b7b7a0185033,scene-0796,day,car,vehicle.car,car,v80-100,66.9,35.28,32.93,11.04,24.19,23.49,23.49,False
98bea7c1f83340119051b7b7a0185033,scene-0796,day,pedestrian,human.pedestrian.adult,person,v80-100,250.2,10.17,9.67,4.78,8.36,8.14,8.29,False
98bea7c1f83340119051b7b7a0185033,scene-0796,day,pedestrian,human.pedestrian.adult,person,v80-100,141.6,16.4,15.93,5.38,13.35,13.17,13.21,False
5f413725e3d84fbc987d7f6b521bcf95,scene-0796,day,car,vehicle.car,car,v80-100,46.8,49.77,47.48,2.58,34.49,34.07,34.49,False
5f413725e3d84fbc987d7f6b521bcf95,scene-0796,day,car,vehicle.car,car,v60-80,32.9,74.58,72.33,2.85,50.66,50.02,50.66,False
5f413725e3d84fbc987d7f6b521bcf95,scene-0796,day,car,vehicle.car,car,v80-100,32.2,89.58,86.98,0.66,55.9,54.94,55.9,True
0113899528c54aa5b573e083ea4086b2,scene-0796,day,car,vehicle.car,car,v80-100,47.4,49.09,46.8,2.19,36.02,36.02,36.02,False
0113899528c54aa5b573e083ea4086b2,scene-0796,day,car,vehicle.car,car,v80-100,32.7,88.27,85.68,0.0,57.89,55.9,56.61,True
0113899528c54aa5b573e083ea4086b2,scene-0796,day,truck,vehicle.truck,truck,v80-100,94.5,34.05,31.05,13.02,25.73,23.94,24.94,False
0113899528c54aa5b573e083ea4086b2,scene-0796,day,car,vehicle.car,car,v60-80,34.7,70.99,68.73,2.2,54.03,52.27,52.37,False
30621e2ae07a4e3abbe450e3b7787625,scene-0796,day,car,vehicle.car,car,v80-100,47.3,48.37,46.07,2.13,40.53,40.53,40.53,False
30621e2ae07a4e3abbe450e3b7787625,scene-0796,day,car,vehicle.car,car,v40-60,34.0,71.12,68.86,2.26,57.89,55.9,57.7,False
30621e2ae07a4e3abbe450e3b7787625,scene-0796,day,car,vehicle.car,car,v80-100,32.8,86.93,84.33,0.0,61.81,60.04,60.05,True
30621e2ae07a4e3abbe450e3b7787625,scene-0796,day,car,vehicle.car,car,v40-60,31.7,77.54,75.11,6.17,60.04,55.89,60.04,False
b97cc09ac5cc44e38469e1561b7c773d,scene-0796,day,car,vehicle.car,car,v80-100,47.1,48.24,45.95,1.94,38.77,38.6,38.6,False
b97cc09ac5cc44e38469e1561b7c773d,scene-0796,day,car,vehicle.car,car,v40-60,33.5,72.0,69.74,2.34,57.89,52.32,55.9,False
b97cc09ac5cc44e38469e1561b7c773d,scene-0796,day,car,vehicle.car,car,v80-100,33.0,85.99,83.4,0.0,57.28,55.9,55.9,True
b97cc09ac5cc44e38469e1561b7c773d,scene-0796,day,car,vehicle.car,car,v80-100,27.3,80.43,77.97,12.23,60.04,57.89,57.89,False
a3e361c213684133a4c73f432928f4a0,scene-0796,day,car,vehicle.car,car,v40-60,38.0,64.79,62.36,5.89,49.12,47.56,47.68,False
a3e361c213684133a4c73f432928f4a0,scene-0796,day,car,vehicle.car,car,v80-100,46.8,48.19,45.9,1.88,37.7,37.7,37.7,False
a3e361c213684133a4c73f432928f4a0,scene-0796,day,car,vehicle.car,car,v80-100,33.2,85.17,82.58,0.0,53.44,52.29,52.29,True
a3e361c213684133a4c73f432928f4a0,scene-0796,day,car,vehicle.car,car,v80-100,32.3,68.68,66.2,11.72,49.51,49.12,49.12,False
1a04b117101e47b0b1e4531f338413a1,scene-0796,day,car,vehicle.car,car,v80-100,46.8,48.39,46.1,1.91,36.84,36.75,36.84,False
1a04b117101e47b0b1e4531f338413a1,scene-0796,day,car,vehicle.car,car,v80-100,33.6,84.44,81.84,0.0,51.94,50.66,50.66,True
1a04b117101e47b0b1e4531f338413a1,scene-0796,day,car,vehicle.car,car,v40-60,42.0,58.57,56.13,5.76,46.17,43.81,43.81,False
1a04b117101e47b0b1e4531f338413a1,scene-0796,day,car,vehicle.car,car,v80-100,39.6,57.5,54.99,11.84,43.94,43.33,43.81,False
627b4021d6974514931e82a01e6471a9,scene-0796,day,car,vehicle.car,car,v80-100,46.2,48.73,46.44,2.09,36.84,36.19,36.76,False
627b4021d6974514931e82a01e6471a9,scene-0796,day,car,vehicle.car,car,v80-100,34.0,83.03,80.43,0.14,50.66,49.12,50.31,True
627b4021d6974514931e82a01e6471a9,scene-0796,day,car,vehicle.car,car,v40-60,47.0,52.49,50.05,5.81,40.53,39.54,40.07,False
627b4021d6974514931e82a01e6471a9,scene-0796,day,car,vehicle.car,car,v80-100,48.3,48.17,45.65,12.19,36.84,36.01,36.02,False
627b4021d6974514931e82a01e6471a9,scene-0796,day,car,vehicle.car,car,v80-100,39.6,58.77,56.25,10.8,43.98,43.01,43.81,False
6a153bf7ebf845198322a0ecdaaea525,scene-0796,day,car,vehicle.car,car,v80-100,46.5,49.06,46.76,2.33,36.02,35.53,36.02,False
6a153bf7ebf845198322a0ecdaaea525,scene-0796,day,car,vehicle.car,car,v80-100,34.7,82.11,79.51,0.44,52.29,52.29,52.29,True
6a153bf7ebf845198322a0ecdaaea525,scene-0796,day,car,vehicle.car,car,v40-60,53.9,46.42,43.96,5.87,36.46,36.02,36.02,False
6a153bf7ebf845198322a0ecdaaea525,scene-0796,day,car,vehicle.car,car,v80-100,63.7,39.02,36.47,12.54,29.01,27.97,28.44,False
6a153bf7ebf845198322a0ecdaaea525,scene-0796,day,car,vehicle.car,car,v80-100,53.5,45.88,43.32,10.84,34.72,34.43,34.49,False
5e5aeedb64cd42ca97a20e94dab8a263,scene-0796,day,car,vehicle.car,car,v80-100,97.3,28.17,25.63,12.11,16.71,15.89,16.05,False
5e5aeedb64cd42ca97a20e94dab8a263,scene-0796,day,car,vehicle.car,car,v80-100,35.0,81.31,78.71,0.25,37.7,36.84,37.43,True
5e5aeedb64cd42ca97a20e94dab8a263,scene-0796,day,car,vehicle.car,car,v40-60,62.5,40.49,38.04,5.73,24.64,24.19,24.39,False
5e5aeedb64cd42ca97a20e94dab8a263,scene-0796,day,car,vehicle.car,car,v80-100,76.4,33.66,31.09,10.1,20.36,19.3,19.77,False
5e5aeedb64cd42ca97a20e94dab8a263,scene-0796,day,car,vehicle.car,car,v80-100,46.3,49.18,46.89,2.15,27.95,27.47,27.86,False
5e5aeedb64cd42ca97a20e94dab8a263,scene-0796,day,cyclist,vehicle.motorcycle,person,v80-100,93.5,24.01,22.97,6.09,19.53,18.42,18.77,False
67eddb8ae05b430396df053609015702,scene-0796,day,car,vehicle.car,car,v80-100,35.9,80.55,77.93,0.52,39.54,38.6,39.22,True
67eddb8ae05b430396df053609015702,scene-0796,day,car,vehicle.car,car,v80-100,47.2,49.34,47.03,2.24,28.9,28.44,28.44,False
67eddb8ae05b430396df053609015702,scene-0796,day,car,vehicle.car,car,v40-60,75.7,34.64,32.16,5.8,21.62,21.05,21.33,False
67eddb8ae05b430396df053609015702,scene-0796,day,car,vehicle.car,car,v80-100,147.4,21.34,18.77,9.77,13.72,12.47,12.76,False
6882c2a00a884227bf5eeb9d818061aa,scene-0796,day,car,vehicle.car,car,v80-100,35.1,79.83,77.18,0.75,42.02,41.56,41.56,True
6882c2a00a884227bf5eeb9d818061aa,scene-0796,day,car,vehicle.car,car,v40-60,91.2,28.89,26.4,5.86,19.53,19.07,19.21,False
6882c2a00a884227bf5eeb9d818061aa,scene-0796,day,car,vehicle.car,car,v80-100,78.7,30.52,27.95,10.65,20.52,19.77,20.01,False
6882c2a00a884227bf5eeb9d818061aa,scene-0796,day,car,vehicle.car,car,v80-100,45.0,49.55,47.2,2.32,30.43,30.02,30.02,False
da6036375a984bbdaca70ffc9966337e,scene-0796,day,car,vehicle.car,car,v80-100,29.4,73.26,70.94,6.41,52.19,50.66,50.66,False
da6036375a984bbdaca70ffc9966337e,scene-0796,day,car,vehicle.car,car,v40-60,120.0,23.22,20.77,5.59,19.53,19.02,19.07,False
da6036375a984bbdaca70ffc9966337e,scene-0796,day,car,vehicle.car,car,v80-100,44.3,51.29,48.98,1.99,38.6,38.6,38.6,False
da6036375a984bbdaca70ffc9966337e,scene-0796,day,car,vehicle.car,car,v80-100,36.3,79.12,76.51,0.09,53.86,52.11,52.29,True
5a030cc9599c4c7dbf334ac0dacbfd4e,scene-0796,day,car,vehicle.car,car,v80-100,42.1,53.04,50.73,1.63,35.24,34.49,34.49,False
5a030cc9599c4c7dbf334ac0dacbfd4e,scene-0796,day,car,vehicle.car,car,v40-60,168.5,17.72,15.32,5.39,12.25,11.82,11.92,False
5a030cc9599c4c7dbf334ac0dacbfd4e,scene-0796,day,car,vehicle.car,car,v80-100,36.0,78.67,76.05,0.0,47.72,47.68,47.68,True
5a030cc9599c4c7dbf334ac0dacbfd4e,scene-0796,day,car,vehicle.car,car,v80-100,31.5,67.61,65.29,5.76,41.56,41.55,41.56,False
5a030cc9599c4c7dbf334ac0dacbfd4e,scene-0796,day,pedestrian,human.pedestrian.adult,person,v80-100,69.5,31.93,31.53,6.68,21.61,21.33,21.38,False
5a030cc9599c4c7dbf334ac0dacbfd4e,scene-0796,day,car,vehicle.car,car,v80-100,144.8,21.01,18.51,10.08,14.6,14.22,14.35,False
a96757f814f343b2aab3b8749ad555f1,scene-0796,day,car,vehicle.car,car,v80-100,34.3,61.86,59.54,5.94,37.7,37.15,37.67,False
a96757f814f343b2aab3b8749ad555f1,scene-0796,day,car,vehicle.car,car,v80-100,36.0,78.1,75.48,0.0,46.31,45.03,46.14,True
a96757f814f343b2aab3b8749ad555f1,scene-0796,day,car,vehicle.car,car,v80-100,40.5,54.68,52.39,1.88,34.49,33.77,34.14,False
a96757f814f343b2aab3b8749ad555f1,scene-0796,day,pedestrian,human.pedestrian.adult,person,v80-100,87.7,25.6,25.2,6.68,17.62,17.22,17.62,False
521746029ebd45b497a658cecbb41f70,scene-0796,day,car,vehicle.car,car,v80-100,38.3,56.62,54.31,2.39,38.6,37.94,38.36,False
521746029ebd45b497a658cecbb41f70,scene-0796,day,car,vehicle.car,car,v80-100,36.3,76.9,74.25,0.03,52.29,52.18,52.29,True
521746029ebd45b497a658cecbb41f70,scene-0796,day,car,vehicle.car,car,v80-100,37.4,56.2,53.86,6.26,41.16,40.53,40.53,False
521746029ebd45b497a658cecbb41f70,scene-0796,day,car,vehicle.car,car,v60-80,27.9,72.86,70.64,9.52,51.95,48.09,50.55,False
8f9f8e2c223d4c22bd8966b158190c34,scene-0796,day,car,vehicle.car,car,v80-100,37.8,58.48,56.18,2.52,44.92,43.81,43.85,False
8f9f8e2c223d4c22bd8966b158190c34,scene-0796,day,car,vehicle.car,car,v80-100,34.9,60.41,58.19,9.39,50.66,49.12,49.52,False
8f9f8e2c223d4c22bd8966b158190c34,scene-0796,day,car,vehicle.car,car,v80-100,37.5,76.02,73.37,0.09,57.89,57.87,57.89,True
8f9f8e2c223d4c22bd8966b158190c34,scene-0796,day,car,vehicle.car,car,v80-100,43.0,50.48,48.12,6.16,41.56,41.26,41.56,False
8f9f8e2c223d4c22bd8966b158190c34,scene-0796,day,pedestrian,human.pedestrian.adult,person,v80-100,192.8,13.4,12.96,6.72,11.31,11.04,11.12,False
36653d8ce5bc4abc81ada795c6b33031,scene-0796,day,car,vehicle.car,car,v80-100,44.9,48.81,46.5,9.48,43.91,42.66,43.75,False
36653d8ce5bc4abc81ada795c6b33031,scene-0796,day,car,vehicle.car,car,v80-100,37.1,60.38,58.08,2.69,49.67,49.12,49.12,False
36653d8ce5bc4abc81ada795c6b33031,scene-0796,day,car,vehicle.car,car,v80-100,49.6,44.83,42.46,6.11,40.05,39.54,39.54,False
36653d8ce5bc4abc81ada795c6b33031,scene-0796,day,car,vehicle.car,truck,v80-100,38.4,75.18,72.54,0.21,60.66,60.04,60.04,True
c278024f52af4a949779af5f4e8d2372,scene-0796,day,car,vehicle.car,car,v80-100,35.7,62.25,59.95,2.41,47.68,47.68,47.68,False
c278024f52af4a949779af5f4e8d2372,scene-0796,day,car,vehicle.car,car,v80-100,60.2,37.51,35.14,9.46,33.77,31.78,32.42,False
c278024f52af4a949779af5f4e8d2372,scene-0796,day,car,vehicle.car,car,v80-100,38.7,74.32,71.67,0.0,57.89,55.9,56.94,True
c278024f52af4a949779af5f4e8d2372,scene-0796,day,car,vehicle.car,car,v80-100,56.9,39.15,36.75,5.78,33.77,33.08,33.17,False
63a7934bc99e49c284f7971b2b6c3971,scene-0796,day,car,vehicle.car,car,v80-100,35.8,62.21,59.9,2.27,46.99,46.31,46.31,False
63a7934bc99e49c284f7971b2b6c3971,scene-0796,day,car,vehicle.car,car,v80-100,96.3,25.59,23.2,9.28,23.16,21.91,22.26,False
63a7934bc99e49c284f7971b2b6c3971,scene-0796,day,car,vehicle.car,car,v80-100,39.2,73.34,70.7,0.0,54.03,52.97,53.97,True
63a7934bc99e49c284f7971b2b6c3971,scene-0796,day,car,vehicle.car,car,v80-100,67.7,33.44,31.02,5.6,28.95,28.44,28.44,False
949ef7d0557f4165a27eaf71616d14f2,scene-0796,day,car,vehicle.car,car,v80-100,36.4,62.22,59.91,2.18,47.68,47.62,47.68,False
949ef7d0557f4165a27eaf71616d14f2,scene-0796,day,car,vehicle.car,car,v80-100,85.3,27.82,25.36,5.46,23.84,23.49,23.56,False
949ef7d0557f4165a27eaf71616d14f2,scene-0796,day,car,vehicle.car,car,v80-100,40.3,72.42,69.78,0.0,54.03,52.29,52.75,True
949ef7d0557f4165a27eaf71616d14f2,scene-0796,day,car,vehicle.car,car,v80-100,67.7,34.79,32.42,5.88,29.47,28.46,28.95,False
fb4c4b4725b542a39bd4e165ebb60950,scene-0796,day,car,vehicle.car,car,v80-100,36.6,62.2,59.89,2.28,52.29,50.66,51.01,False
fb4c4b4725b542a39bd4e165ebb60950,scene-0796,day,car,vehicle.car,car,v80-100,40.9,71.68,69.02,0.0,55.9,55.9,55.9,True
fb4c4b4725b542a39bd4e165ebb60950,scene-0796,day,car,vehicle.car,car,v80-100,81.0,29.94,27.59,5.83,25.84,25.33,25.7,False
fb4c4b4725b542a39bd4e165ebb60950,scene-0796,day,car,vehicle.car,car,v80-100,113.2,22.19,19.7,5.42,18.85,18.62,18.63,False
24373c08d1e64e6ebdad1af9542f1438,scene-0796,day,car,vehicle.car,car,v80-100,35.3,64.19,61.89,2.74,57.89,55.9,56.72,False
24373c08d1e64e6ebdad1af9542f1438,scene-0796,day,car,vehicle.car,car,v80-100,99.5,25.14,22.83,5.93,22.83,22.51,22.68,False
24373c08d1e64e6ebdad1af9542f1438,scene-0796,day,car,vehicle.car,car,v80-100,163.3,16.69,14.19,5.42,14.8,14.4,14.47,False
24373c08d1e64e6ebdad1af9542f1438,scene-0796,day,car,vehicle.car,car,v80-100,41.3,70.9,68.25,0.0,57.89,56.37,57.81,True
af075ef815d0452db2614113413fb8a1,scene-0796,day,car,vehicle.car,car,v80-100,126.3,21.07,18.81,6.27,17.62,17.24,17.43,False
af075ef815d0452db2614113413fb8a1,scene-0796,day,car,vehicle.car,car,v80-100,34.3,66.27,63.95,3.22,55.86,54.03,54.4,False
af075ef815d0452db2614113413fb8a1,scene-0796,day,car,vehicle.car,car,v80-100,42.0,69.86,67.2,0.0,56.8,55.9,55.9,True
3299ffab259345fdaa4928d665a2c59d,scene-0796,day,car,vehicle.car,car,v80-100,32.8,68.0,65.67,3.88,52.29,51.52,52.29,False
3299ffab259345fdaa4928d665a2c59d,scene-0796,day,car,vehicle.car,car,v80-100,169.3,17.33,15.08,6.95,12.32,12.1,12.19,False
3299ffab259345fdaa4928d665a2c59d,scene-0796,day,car,vehicle.car,car,v80-100,42.1,68.83,66.17,0.48,49.27,49.12,49.12,True
89dfcc203bab4c6a84f2f044618bcbfc,scene-0796,day,car,vehicle.car,car,v80-100,31.5,69.85,67.5,3.87,46.83,46.31,46.31,False
89dfcc203bab4c6a84f2f044618bcbfc,scene-0796,day,car,vehicle.car,car,v80-100,42.3,67.89,65.23,0.31,45.03,44.18,45.01,True
adfdfa7db76a429e91d96d92978e26ee,scene-0796,day,car,vehicle.car,car,v80-100,31.1,71.59,69.25,3.77,54.03,54.03,54.03,False
adfdfa7db76a429e91d96d92978e26ee,scene-0796,day,car,vehicle.car,truck,v80-100,43.3,67.01,64.34,0.1,50.66,49.12,49.95,True
fe288794c9ce476b8401936c15891c42,scene-0796,day,car,vehicle.car,car,v80-100,30.5,73.35,71.02,3.59,50.66,50.63,50.66,False
fe288794c9ce476b8401936c15891c42,scene-0796,day,car,vehicle.car,car,v80-100,44.1,66.16,63.51,0.0,46.8,45.65,46.31,True
4118ce9345274dd2a344391bfbd42b8c,scene-0796,day,car,vehicle.car,car,v80-100,29.5,75.08,72.76,3.3,62.43,62.35,62.35,False
4118ce9345274dd2a344391bfbd42b8c,scene-0796,day,car,vehicle.car,car,v80-100,44.4,65.3,62.66,0.0,54.44,54.03,54.03,True
134565593253490b9df7fb084466111a,scene-0796,day,car,vehicle.car,car,v80-100,28.9,76.82,74.51,3.05,60.04,58.31,59.85,False
134565593253490b9df7fb084466111a,scene-0796,day,car,vehicle.car,truck,v80-100,45.1,64.45,61.81,0.0,52.29,50.93,51.97,True
b076d37011b64c70bd5a42d369c8f74a,scene-0796,day,car,vehicle.car,car,v80-100,28.5,78.45,76.13,2.87,62.35,62.35,62.35,False
b076d37011b64c70bd5a42d369c8f74a,scene-0796,day,car,vehicle.car,car,v80-100,46.1,63.49,60.85,0.0,50.87,50.66,50.66,True
3b93a3389fad40a4867a46b29a7595cf,scene-0796,day,car,vehicle.car,truck,v80-100,46.7,62.66,60.03,0.0,47.68,47.59,47.68,True
3b93a3389fad40a4867a46b29a7595cf,scene-0796,day,car,vehicle.car,car,v80-100,28.0,80.03,77.71,2.93,60.04,59.0,60.04,False
3396c8a22c8243d9b033f25d9cdf6ea4,scene-0796,day,car,vehicle.car,truck,v80-100,47.5,61.7,59.06,0.0,50.68,50.66,50.66,True
3396c8a22c8243d9b033f25d9cdf6ea4,scene-0796,day,car,vehicle.car,car,v80-100,27.4,81.47,79.15,2.74,67.54,65.39,67.54,False
9403a41ce7944d8f9d5966165f82c806,scene-0796,day,car,vehicle.car,car,v80-100,26.8,82.98,80.65,3.23,64.84,62.93,64.79,False
9403a41ce7944d8f9d5966165f82c806,scene-0796,day,car,vehicle.car,car,v80-100,48.1,60.8,58.16,0.0,49.12,48.85,49.12,True
55b484d8b9ce410abb64e18066ff8114,scene-0796,day,car,vehicle.car,car,v80-100,26.3,84.48,82.15,3.45,70.48,67.54,70.02,False
55b484d8b9ce410abb64e18066ff8114,scene-0796,day,car,vehicle.car,car,v80-100,48.8,59.89,57.25,0.0,50.78,50.66,50.66,True
938f54d1fad648dcbd3c94e398aae967,scene-0796,day,car,vehicle.car,car,v80-100,26.0,86.0,83.67,3.58,67.54,64.89,67.3,False
938f54d1fad648dcbd3c94e398aae967,scene-0796,day,car,vehicle.car,truck,v80-100,49.8,59.0,56.36,0.0,50.66,49.12,49.27,True
3e579ea5868a4f4180b863e3ee4eb63c,scene-0796,day,car,vehicle.car,car,v80-100,25.6,87.51,85.17,3.33,73.68,71.93,73.68,False
3e579ea5868a4f4180b863e3ee4eb63c,scene-0796,day,car,vehicle.car,car,v80-100,50.9,57.99,55.35,0.0,52.29,52.29,52.29,True
edd9247d5f8243b2a40b24ed7030525e,scene-0796,day,car,vehicle.car,car,v80-100,25.7,86.49,84.15,3.53,72.3,70.48,70.48,False
edd9247d5f8243b2a40b24ed7030525e,scene-0796,day,car,vehicle.car,car,v80-100,51.3,57.04,54.4,0.0,50.66,50.66,50.66,True
edd9247d5f8243b2a40b24ed7030525e,scene-0796,day,car,vehicle.car,car,v80-100,499.0,5.35,3.07,2.28,5.73,5.13,5.34,False
926d02b69e2d44ac97b091ce3295bdf5,scene-0796,day,car,vehicle.car,car,v80-100,26.1,85.44,83.11,3.43,73.68,70.48,71.16,False
926d02b69e2d44ac97b091ce3295bdf5,scene-0796,day,car,vehicle.car,car,v80-100,456.8,6.34,3.96,2.32,6.26,5.42,5.69,False
926d02b69e2d44ac97b091ce3295bdf5,scene-0796,day,car,vehicle.car,truck,v80-100,52.4,56.07,53.43,0.0,52.29,51.02,52.13,True
926d02b69e2d44ac97b091ce3295bdf5,scene-0796,day,bus,vehicle.bus.rigid,bus,v40-60,114.3,43.39,38.34,12.71,37.7,20.99,30.11,False
16a5fb2fe7dd44db92a77ac3a333f277,scene-0796,day,car,vehicle.car,car,v80-100,26.5,84.47,82.13,3.16,70.48,67.54,68.11,False
16a5fb2fe7dd44db92a77ac3a333f277,scene-0796,day,car,vehicle.car,car,v80-100,434.8,7.42,5.01,2.3,6.73,5.92,6.19,False
16a5fb2fe7dd44db92a77ac3a333f277,scene-0796,day,car,vehicle.car,truck,v80-100,53.5,55.17,52.53,0.0,49.12,49.12,49.12,True
524d443c501a4f98a14508c3fb6f6de3,scene-0916,day,pedestrian,human.pedestrian.adult,person,v80-100,114.2,19.29,18.87,3.99,13.74,13.54,13.65,False
524d443c501a4f98a14508c3fb6f6de3,scene-0916,day,pedestrian,human.pedestrian.adult,person,v80-100,145.0,16.39,15.86,2.65,12.11,11.92,12.01,False
524d443c501a4f98a14508c3fb6f6de3,scene-0916,day,pedestrian,human.pedestrian.adult,person,v60-80,107.8,24.66,24.24,10.94,17.55,17.2,17.24,False
524d443c501a4f98a14508c3fb6f6de3,scene-0916,day,pedestrian,human.pedestrian.adult,person,v60-80,100.2,24.96,24.54,11.52,17.81,17.24,17.48,False
bee06d622b78488eaf54f876f4912797,scene-0916,day,pedestrian,human.pedestrian.adult,person,v80-100,134.2,17.62,17.15,6.7,12.87,12.57,12.76,False
bee06d622b78488eaf54f876f4912797,scene-0916,day,pedestrian,human.pedestrian.adult,person,v40-60,151.3,15.77,15.38,0.34,11.9,11.69,11.75,True
bee06d622b78488eaf54f876f4912797,scene-0916,day,pedestrian,human.pedestrian.adult,person,v80-100,103.7,23.06,22.64,5.72,17.88,17.43,17.62,False
bee06d622b78488eaf54f876f4912797,scene-0916,day,pedestrian,human.pedestrian.adult,person,v80-100,95.3,25.5,25.13,11.15,20.37,19.98,20.01,False
bee06d622b78488eaf54f876f4912797,scene-0916,day,pedestrian,human.pedestrian.adult,person,v80-100,100.6,23.39,22.97,7.99,19.53,19.3,19.3,False
bee06d622b78488eaf54f876f4912797,scene-0916,day,pedestrian,human.pedestrian.adult,person,v60-80,109.6,22.67,22.25,6.66,19.08,18.66,18.85,False
332299caf93f4f37874d93def6c7bf46,scene-0916,day,pedestrian,human.pedestrian.adult,person,v40-60,169.4,14.22,13.82,1.04,11.18,11.01,11.1,True
332299caf93f4f37874d93def6c7bf46,scene-0916,day,pedestrian,human.pedestrian.adult,person,v60-80,95.3,24.72,24.34,7.1,20.78,20.26,20.52,False
332299caf93f4f37874d93def6c7bf46,scene-0916,day,pedestrian,human.pedestrian.adult,person,v80-100,105.3,21.31,20.9,3.93,20.26,20.01,20.07,False
332299caf93f4f37874d93def6c7bf46,scene-0916,day,pedestrian,human.pedestrian.adult,person,v60-80,116.1,20.58,20.16,2.67,19.99,19.32,19.59,False
332299caf93f4f37874d93def6c7bf46,scene-0916,day,pedestrian,human.pedestrian.adult,person,v80-100,100.7,22.47,22.05,5.03,21.75,21.33,21.33,False
1d1306dc17764f38b6b662d2350acac2,scene-0916,day,pedestrian,human.pedestrian.adult,person,v60-80,90.3,29.71,29.25,13.93,21.45,20.78,21.05,False
1d1306dc17764f38b6b662d2350acac2,scene-0916,day,pedestrian,human.pedestrian.adult,person,v40-60,191.2,13.07,12.68,2.75,9.26,9.05,9.14,False
1d1306dc17764f38b6b662d2350acac2,scene-0916,day,pedestrian,human.pedestrian.adult,person,v80-100,101.2,21.8,21.44,3.64,18.07,17.44,17.62,False
1d1306dc17764f38b6b662d2350acac2,scene-0916,day,pedestrian,human.pedestrian.adult,person,v80-100,111.9,19.66,19.25,0.86,16.49,16.37,16.37,True
1d1306dc17764f38b6b662d2350acac2,scene-0916,day,pedestrian,human.pedestrian.adult,person,v80-100,106.2,20.8,20.39,1.85,18.12,17.57,17.81,False
1d1306dc17764f38b6b662d2350acac2,scene-0916,day,pedestrian,human.pedestrian.adult,person,v60-80,124.9,18.94,18.52,0.0,15.62,15.01,15.15,True
1d1306dc17764f38b6b662d2350acac2,scene-0916,day,pedestrian,human.pedestrian.adult,person,v40-60,123.7,18.8,18.38,1.71,16.05,14.22,14.47,False
1d1306dc17764f38b6b662d2350acac2,scene-0916,day,pedestrian,human.pedestrian.adult,person,v60-80,113.7,19.35,18.93,0.27,15.15,15.01,15.01,True
b08a2deaf871433fad9a4c03e6f53d32,scene-0916,day,pedestrian,human.pedestrian.adult,person,v60-80,90.3,27.56,27.07,9.02,22.18,20.79,21.25,False
b08a2deaf871433fad9a4c03e6f53d32,scene-0916,day,pedestrian,human.pedestrian.adult,person,v40-60,230.3,11.69,11.31,4.5,7.68,7.49,7.65,False
b08a2deaf871433fad9a4c03e6f53d32,scene-0916,day,pedestrian,human.pedestrian.adult,person,v80-100,125.2,17.66,17.24,1.41,14.62,14.47,14.57,False
b08a2deaf871433fad9a4c03e6f53d32,scene-0916,day,car,vehicle.car,car,v80-100,75.4,33.79,31.57,15.26,20.79,19.9,20.52,False
b08a2deaf871433fad9a4c03e6f53d32,scene-0916,day,pedestrian,human.pedestrian.adult,person,v80-100,109.8,19.76,19.39,0.24,16.82,16.53,16.58,True
b08a2deaf871433fad9a4c03e6f53d32,scene-0916,day,pedestrian,human.pedestrian.adult,person,v60-80,104.8,16.36,15.93,3.31,12.66,12.28,12.37,False
b08a2deaf871433fad9a4c03e6f53d32,scene-0916,day,pedestrian,human.pedestrian.adult,person,v60-80,107.3,20.89,20.5,0.0,17.67,17.24,17.43,True
b08a2deaf871433fad9a4c03e6f53d32,scene-0916,day,pedestrian,human.pedestrian.adult,person,v80-100,117.0,18.81,18.38,0.6,15.73,15.51,15.59,True
b08a2deaf871433fad9a4c03e6f53d32,scene-0916,day,pedestrian,human.pedestrian.adult,person,v80-100,246.9,10.68,10.13,4.13,8.09,7.75,7.92,False
b08a2deaf871433fad9a4c03e6f53d32,scene-0916,day,pedestrian,human.pedestrian.adult,person,v60-80,147.8,16.43,15.9,1.91,13.07,12.87,12.97,False
790bc648874d4664811b364dcbab1bc8,scene-0916,day,pedestrian,human.pedestrian.adult,person,v60-80,94.8,25.23,24.73,4.8,23.49,22.08,22.64,False
790bc648874d4664811b364dcbab1bc8,scene-0916,day,pedestrian,human.pedestrian.adult,person,v60-80,176.5,14.42,13.9,4.06,12.37,12.19,12.19,False
790bc648874d4664811b364dcbab1bc8,scene-0916,day,pedestrian,human.pedestrian.adult,person,v60-80,126.6,18.2,17.79,4.25,13.85,13.62,13.74,False
790bc648874d4664811b364dcbab1bc8,scene-0916,day,car,vehicle.car,car,v60-80,79.7,32.53,30.42,13.89,22.21,21.61,21.89,False
790bc648874d4664811b364dcbab1bc8,scene-0916,day,car,vehicle.car,car,v80-100,76.5,31.85,29.62,11.52,22.83,22.21,22.51,False
790bc648874d4664811b364dcbab1bc8,scene-0916,day,car,vehicle.car,car,v60-80,77.1,33.31,31.12,16.22,21.91,21.5,21.61,False
790bc648874d4664811b364dcbab1bc8,scene-0916,day,pedestrian,human.pedestrian.adult,person,v80-100,123.8,17.64,17.28,1.65,16.05,15.89,15.89,False
790bc648874d4664811b364dcbab1bc8,scene-0916,day,pedestrian,human.pedestrian.adult,person,v60-80,126.6,14.41,14.0,5.41,12.29,12.1,12.17,False
790bc648874d4664811b364dcbab1bc8,scene-0916,day,pedestrian,human.pedestrian.adult,person,v60-80,120.3,18.79,18.41,2.05,17.85,17.68,17.81,False
790bc648874d4664811b364dcbab1bc8,scene-0916,day,pedestrian,human.pedestrian.adult,person,v80-100,134.4,16.75,16.33,3.09,15.21,15.0,15.01,False
790bc648874d4664811b364dcbab1bc8,scene-0916,day,pedestrian,human.pedestrian.adult,person,v80-100,139.1,16.55,16.13,4.44,13.85,13.34,13.51,False
fb91724c05c84935a6e066b293046e9e,scene-0916,day,car,vehicle.car,car,v80-100,79.5,29.81,27.57,8.79,22.51,21.91,22.21,False
fb91724c05c84935a6e066b293046e9e,scene-0916,day,car,vehicle.car,car,v80-100,82.6,30.51,28.39,11.16,22.21,21.37,21.61,False
fb91724c05c84935a6e066b293046e9e,scene-0916,day,car,vehicle.car,car,v60-80,79.2,31.41,29.2,13.6,21.05,20.52,20.52,False
fb91724c05c84935a6e066b293046e9e,scene-0916,day,pedestrian,human.pedestrian.adult,person,v60-80,103.4,22.79,22.28,1.65,21.33,19.86,20.52,False
fb91724c05c84935a6e066b293046e9e,scene-0916,day,pedestrian,human.pedestrian.adult,person,v60-80,139.0,16.72,16.32,3.97,15.49,15.29,15.29,False
fb91724c05c84935a6e066b293046e9e,scene-0916,day,pedestrian,human.pedestrian.adult,person,v60-80,221.1,12.48,11.97,5.43,10.94,10.81,10.81,False
fb91724c05c84935a6e066b293046e9e,scene-0916,day,pedestrian,human.pedestrian.adult,person,v80-100,159.9,14.73,14.3,4.72,13.85,13.72,13.74,False
fb91724c05c84935a6e066b293046e9e,scene-0916,day,pedestrian,human.pedestrian.adult,person,v80-100,144.2,15.52,15.14,3.37,14.42,14.12,14.22,False
fb91724c05c84935a6e066b293046e9e,scene-0916,day,pedestrian,human.pedestrian.adult,person,v80-100,168.4,14.59,14.16,5.99,11.92,11.75,11.84,False
fb91724c05c84935a6e066b293046e9e,scene-0916,day,pedestrian,human.pedestrian.adult,person,v80-100,178.0,13.62,13.19,5.22,12.42,12.28,12.37,False
fb91724c05c84935a6e066b293046e9e,scene-0916,day,pedestrian,human.pedestrian.adult,person,v60-80,149.8,16.19,15.77,5.99,14.06,13.53,13.62,False
aa78b9cc380b48c5be14f99540359ccf,scene-0916,day,pedestrian,human.pedestrian.adult,person,v80-100,225.8,11.66,11.23,5.88,10.43,9.94,10.01,False
aa78b9cc380b48c5be14f99540359ccf,scene-0916,day,car,vehicle.car,car,v80-100,85.5,27.69,25.44,7.42,21.17,20.58,20.78,False
aa78b9cc380b48c5be14f99540359ccf,scene-0916,day,car,vehicle.car,car,v60-80,84.3,29.43,27.21,12.28,21.24,20.26,20.76,False
aa78b9cc380b48c5be14f99540359ccf,scene-0916,day,car,vehicle.car,car,v80-100,88.2,28.41,26.27,9.77,21.05,20.52,20.55,False
aa78b9cc380b48c5be14f99540359ccf,scene-0916,day,pedestrian,human.pedestrian.adult,person,v60-80,116.2,20.24,19.73,0.0,18.62,18.01,18.21,True
aa78b9cc380b48c5be14f99540359ccf,scene-0916,day,pedestrian,human.pedestrian.adult,person,v60-80,182.4,14.19,13.77,6.78,12.69,12.44,12.47,False
aa78b9cc380b48c5be14f99540359ccf,scene-0916,day,pedestrian,human.pedestrian.adult,person,v80-100,173.3,13.35,12.98,4.16,12.92,12.76,12.8,False
aa78b9cc380b48c5be14f99540359ccf,scene-0916,day,pedestrian,human.pedestrian.adult,person,v80-100,196.8,12.7,12.27,5.47,11.83,11.64,11.66,False
aa78b9cc380b48c5be14f99540359ccf,scene-0916,day,pedestrian,human.pedestrian.adult,person,v60-80,165.0,14.61,14.21,4.89,13.62,13.4,13.51,False
aa78b9cc380b48c5be14f99540359ccf,scene-0916,day,car,vehicle.car,car,v60-80,100.6,29.96,27.32,14.44,21.61,20.87,21.33,False
aa78b9cc380b48c5be14f99540359ccf,scene-0916,day,parked two-wheeler,vehicle.motorcycle,car,v60-80,91.1,23.68,22.33,3.94,19.96,17.29,17.62,False
6f8a88c0de0b42d89e66197403822d30,scene-0916,day,car,vehicle.car,car,v80-100,93.8,25.47,23.22,6.73,18.91,18.48,18.63,False
6f8a88c0de0b42d89e66197403822d30,scene-0916,day,car,vehicle.car,car,v80-100,96.1,26.21,24.08,9.06,19.3,18.63,18.85,False
6f8a88c0de0b42d89e66197403822d30,scene-0916,day,parked two-wheeler,vehicle.motorcycle,motorcycle,v80-100,63.7,26.17,25.25,2.23,22.21,21.91,21.92,False
6f8a88c0de0b42d89e66197403822d30,scene-0916,day,car,vehicle.car,car,v60-80,91.1,27.35,25.14,11.58,19.77,19.08,19.3,False
6f8a88c0de0b42d89e66197403822d30,scene-0916,day,pedestrian,human.pedestrian.adult,person,v60-80,134.4,17.58,17.08,0.34,16.05,15.59,15.89,True
6f8a88c0de0b42d89e66197403822d30,scene-0916,day,parked two-wheeler,vehicle.motorcycle,motorcycle,v60-80,84.7,20.23,19.26,1.68,18.01,17.43,17.62,False
6f8a88c0de0b42d89e66197403822d30,scene-0916,day,parked two-wheeler,vehicle.motorcycle,motorcycle,v60-80,120.4,15.12,14.11,3.49,13.01,12.66,12.76,False
6f8a88c0de0b42d89e66197403822d30,scene-0916,day,pedestrian,human.pedestrian.adult,person,v60-80,203.4,12.48,12.08,5.36,10.59,10.39,10.48,False
6f8a88c0de0b42d89e66197403822d30,scene-0916,day,pedestrian,human.pedestrian.adult,person,v80-100,217.0,11.19,10.83,4.53,9.77,9.71,9.72,False
a9b15094d9f44d2c89faf05252547046,scene-0916,day,parked two-wheeler,vehicle.motorcycle,motorcycle,v80-100,70.1,23.86,22.94,1.54,19.15,18.73,18.85,False
a9b15094d9f44d2c89faf05252547046,scene-0916,day,car,vehicle.car,car,v80-100,104.3,23.26,21.01,6.1,16.89,16.54,16.61,False
a9b15094d9f44d2c89faf05252547046,scene-0916,day,car,vehicle.car,car,v80-100,106.2,24.04,21.9,8.4,17.24,16.71,16.85,False
a9b15094d9f44d2c89faf05252547046,scene-0916,day,car,vehicle.car,car,v60-80,99.6,25.29,23.08,10.94,17.62,17.06,17.24,False
a9b15094d9f44d2c89faf05252547046,scene-0916,day,pedestrian,human.pedestrian.adult,person,v60-80,160.0,14.95,14.46,1.43,12.76,12.37,12.57,False
13450209d238498bb7ad63928f2d6878,scene-0916,day,parked two-wheeler,vehicle.motorcycle,motorcycle,v80-100,77.9,21.57,20.65,0.81,18.25,17.62,17.82,True
13450209d238498bb7ad63928f2d6878,scene-0916,day,car,vehicle.car,car,v80-100,115.4,21.07,18.81,5.46,15.59,15.15,15.29,False
13450209d238498bb7ad63928f2d6878,scene-0916,day,car,vehicle.car,car,v60-80,117.2,21.91,19.78,7.79,15.89,15.29,15.44,False
13450209d238498bb7ad63928f2d6878,scene-0916,day,car,vehicle.car,car,v60-80,108.9,23.26,21.05,10.26,16.25,15.74,15.89,False
13450209d238498bb7ad63928f2d6878,scene-0916,day,parked two-wheeler,vehicle.motorcycle,motorcycle,v60-80,138.7,16.99,15.67,5.86,13.03,12.37,12.76,False
69c59330a61e4f078b81b475b480912e,scene-0916,day,parked two-wheeler,vehicle.motorcycle,motorcycle,v80-100,87.9,19.28,18.36,0.0,15.74,15.44,15.59,True
69c59330a61e4f078b81b475b480912e,scene-0916,day,car,vehicle.car,car,v80-100,129.3,18.87,16.61,4.6,13.51,13.07,13.18,False
69c59330a61e4f078b81b475b480912e,scene-0916,day,car,vehicle.car,car,v60-80,130.8,19.78,17.66,6.95,14.06,13.51,13.62,False
69c59330a61e4f078b81b475b480912e,scene-0916,day,parked two-wheeler,vehicle.motorcycle,motorcycle,v60-80,136.5,13.55,12.6,3.66,10.74,10.12,10.46,False
69c59330a61e4f078b81b475b480912e,scene-0916,day,car,vehicle.car,car,v60-80,119.6,21.22,19.02,9.34,14.6,13.97,14.15,False
69c59330a61e4f078b81b475b480912e,scene-0916,day,parked two-wheeler,vehicle.motorcycle,motorcycle,v60-80,169.2,14.93,13.64,6.68,10.2,9.82,10.01,False
b81d7ac6a39242999018827cf77ade26,scene-0916,day,car,vehicle.car,car,v80-100,146.5,16.68,14.42,3.06,11.66,11.42,11.5,False
b81d7ac6a39242999018827cf77ade26,scene-0916,day,car,vehicle.car,car,v60-80,146.4,17.67,15.56,5.5,12.18,11.7,11.83,False
b81d7ac6a39242999018827cf77ade26,scene-0916,day,car,vehicle.car,car,v60-80,131.7,19.19,17.01,7.92,12.57,12.06,12.19,False
b81d7ac6a39242999018827cf77ade26,scene-0916,day,parked two-wheeler,vehicle.motorcycle,motorcycle,v80-100,101.1,17.06,16.14,0.92,13.97,13.36,13.58,True
b81d7ac6a39242999018827cf77ade26,scene-0916,day,parked two-wheeler,vehicle.motorcycle,motorcycle,v60-80,174.3,11.53,10.59,4.65,8.23,7.72,7.97,False
6e98b1d0e18a428b869961943f871a83,scene-0916,day,car,vehicle.car,car,v80-100,168.3,14.57,12.31,1.18,10.53,10.2,10.32,True
6e98b1d0e18a428b869961943f871a83,scene-0916,day,parked two-wheeler,vehicle.motorcycle,motorcycle,v80-100,118.2,14.97,14.06,2.52,12.37,11.92,12.14,False
6e98b1d0e18a428b869961943f871a83,scene-0916,day,car,vehicle.car,car,v60-80,164.1,15.62,13.5,3.68,11.03,10.66,10.74,False
6e98b1d0e18a428b869961943f871a83,scene-0916,day,car,vehicle.car,car,v40-60,145.3,17.17,15.0,5.97,11.66,11.26,11.34,False
6e98b1d0e18a428b869961943f871a83,scene-0916,day,car,vehicle.car,car,v60-80,165.0,18.37,15.96,8.27,12.76,12.3,12.47,False
919ee11e9920472280b9ee1247298cf2,scene-0916,day,parked two-wheeler,vehicle.motorcycle,motorcycle,v80-100,145.8,13.06,12.13,4.59,11.1,10.59,10.77,False
919ee11e9920472280b9ee1247298cf2,scene-0916,day,car,vehicle.car,car,v80-100,197.4,12.47,10.22,0.0,9.63,9.32,9.38,True
919ee11e9920472280b9ee1247298cf2,scene-0916,day,car,vehicle.car,car,v60-80,177.2,16.43,14.07,5.49,12.19,11.42,11.59,False
919ee11e9920472280b9ee1247298cf2,scene-0916,day,car,vehicle.car,car,v60-80,185.5,13.55,11.44,1.15,10.26,9.94,10.02,True
919ee11e9920472280b9ee1247298cf2,scene-0916,day,car,vehicle.car,car,v40-60,159.8,15.11,12.97,3.26,11.42,11.05,11.18,False
d008df699f0e431db7664b16ee57de2f,scene-0916,day,car,vehicle.car,car,v80-100,127.5,21.09,19.4,10.07,15.85,15.59,15.6,False
d008df699f0e431db7664b16ee57de2f,scene-0916,day,car,vehicle.car,car,v80-100,246.7,10.52,8.27,0.53,7.72,7.44,7.54,True
d008df699f0e431db7664b16ee57de2f,scene-0916,day,car,vehicle.car,car,v60-80,217.7,11.55,9.43,0.0,8.83,8.31,8.4,True
d008df699f0e431db7664b16ee57de2f,scene-0916,day,car,vehicle.car,car,v60-80,190.4,14.46,12.13,2.16,11.1,10.54,10.74,False
d008df699f0e431db7664b16ee57de2f,scene-0916,day,car,vehicle.car,car,v40-60,179.1,13.07,10.93,0.11,9.77,8.58,9.54,True
93c6187bdede4f16ad577f8d02086c7c,scene-0916,day,car,vehicle.car,car,v80-100,125.7,19.33,17.67,5.98,14.47,13.85,13.99,False
93c6187bdede4f16ad577f8d02086c7c,scene-0916,day,car,vehicle.car,car,v60-80,277.1,9.73,7.6,0.79,6.9,6.48,6.59,True
93c6187bdede4f16ad577f8d02086c7c,scene-0916,day,car,vehicle.car,car,v60-80,214.1,12.54,10.2,0.0,9.06,8.32,8.72,True
93c6187bdede4f16ad577f8d02086c7c,scene-0916,day,car,vehicle.car,car,v80-100,349.0,8.86,6.64,2.36,5.59,5.34,5.4,False
93c6187bdede4f16ad577f8d02086c7c,scene-0916,day,car,vehicle.car,car,v40-60,212.4,11.13,8.98,0.0,8.02,7.68,7.79,True
93c6187bdede4f16ad577f8d02086c7c,scene-0916,day,car,vehicle.car,car,v60-80,114.6,24.6,23.2,10.69,16.6,16.37,16.54,False
18a34926d51e46a9b9f47aa2011b83d7,scene-0916,day,car,vehicle.car,car,v80-100,128.0,17.45,15.81,1.15,11.75,11.26,11.42,True
18a34926d51e46a9b9f47aa2011b83d7,scene-0916,day,car,vehicle.car,car,v60-80,259.0,10.67,8.27,0.0,6.8,6.38,6.51,True
18a34926d51e46a9b9f47aa2011b83d7,scene-0916,day,car,vehicle.car,car,v60-80,110.6,22.68,21.31,4.98,14.6,14.35,14.47,False
18a34926d51e46a9b9f47aa2011b83d7,scene-0916,day,car,vehicle.car,car,v40-60,279.2,9.34,7.15,1.45,5.63,5.28,5.4,False
18a34926d51e46a9b9f47aa2011b83d7,scene-0916,day,car,vehicle.car,car,v80-100,425.4,8.13,6.02,2.79,4.36,4.08,4.18,False
18a34926d51e46a9b9f47aa2011b83d7,scene-0916,day,truck,vehicle.truck,truck,v60-80,94.7,36.48,35.11,12.48,21.91,21.61,21.78,False
17194bb665bf45c3af0284287c1f3b4b,scene-0916,day,car,vehicle.car,car,v80-100,142.0,15.32,13.66,0.0,9.99,9.71,9.77,True
17194bb665bf45c3af0284287c1f3b4b,scene-0916,day,car,vehicle.car,car,v80-100,40.0,57.3,55.2,22.2,30.59,30.59,30.59,False
17194bb665bf45c3af0284287c1f3b4b,scene-0916,day,car,vehicle.car,car,v40-60,54.3,44.9,43.82,19.84,23.84,22.78,23.16,False
17194bb665bf45c3af0284287c1f3b4b,scene-0916,day,car,vehicle.car,car,v60-80,371.2,8.91,6.39,2.1,4.7,4.52,4.58,False
17194bb665bf45c3af0284287c1f3b4b,scene-0916,day,car,vehicle.car,car,v60-80,113.8,20.59,19.21,0.0,13.51,13.11,13.18,True
17194bb665bf45c3af0284287c1f3b4b,scene-0916,day,car,vehicle.car,car,v40-60,37.8,68.39,66.23,28.88,36.02,35.08,36.02,False
17194bb665bf45c3af0284287c1f3b4b,scene-0916,day,truck,vehicle.truck,truck,v40-60,91.1,34.37,33.01,3.35,20.52,15.89,17.24,False
207924ae382b416b8f4fb04b68e61bd7,scene-0916,day,car,vehicle.car,car,v80-100,173.2,13.2,11.47,2.24,7.87,7.72,7.79,False
207924ae382b416b8f4fb04b68e61bd7,scene-0916,day,car,vehicle.car,car,v80-100,38.7,55.21,53.09,10.25,28.9,28.44,28.51,False
207924ae382b416b8f4fb04b68e61bd7,scene-0916,day,car,vehicle.car,car,v60-80,178.5,14.63,13.27,5.38,8.06,7.71,7.83,False
207924ae382b416b8f4fb04b68e61bd7,scene-0916,day,car,vehicle.car,car,v60-80,127.3,18.43,17.0,1.17,11.34,11.03,11.1,True
207924ae382b416b8f4fb04b68e61bd7,scene-0916,day,car,vehicle.car,car,v60-80,99.8,23.78,22.67,7.47,13.11,12.18,12.28,False
207924ae382b416b8f4fb04b68e61bd7,scene-0916,day,car,vehicle.car,car,v40-60,51.4,42.76,41.64,10.8,20.52,19.64,20.26,False
207924ae382b416b8f4fb04b68e61bd7,scene-0916,day,car,vehicle.car,car,v40-60,36.2,66.24,64.06,14.62,33.77,33.08,33.17,False
207924ae382b416b8f4fb04b68e61bd7,scene-0916,day,truck,vehicle.truck,truck,v40-60,94.4,32.13,30.76,0.0,18.63,17.2,18.01,True
bae2946bd7c04bf190538513ec180ecc,scene-0916,day,car,vehicle.car,car,v80-100,227.9,11.25,9.39,3.84,6.16,6.07,6.09,False
bae2946bd7c04bf190538513ec180ecc,scene-0916,day,car,vehicle.car,car,v60-80,201.5,12.57,11.08,3.86,6.97,6.59,6.78,False
bae2946bd7c04bf190538513ec180ecc,scene-0916,day,car,vehicle.car,car,v80-100,39.6,53.01,50.87,3.85,27.47,27.03,27.32,False
bae2946bd7c04bf190538513ec180ecc,scene-0916,day,car,vehicle.car,car,v60-80,150.6,16.29,14.78,3.45,9.82,9.71,9.77,False
bae2946bd7c04bf190538513ec180ecc,scene-0916,day,car,vehicle.car,car,v60-80,105.6,21.59,20.43,4.88,12.37,11.1,12.01,False
bae2946bd7c04bf190538513ec180ecc,scene-0916,day,car,vehicle.car,car,v80-100,36.8,55.77,53.34,2.48,30.59,30.33,30.59,False
bae2946bd7c04bf190538513ec180ecc,scene-0916,day,car,vehicle.car,car,v40-60,36.8,63.97,61.78,6.84,33.16,33.08,33.08,False
bae2946bd7c04bf190538513ec180ecc,scene-0916,day,car,vehicle.car,car,v40-60,52.7,40.5,39.35,5.99,20.43,18.85,19.07,False
bae2946bd7c04bf190538513ec180ecc,scene-0916,day,truck,vehicle.truck,truck,v60-80,102.7,29.85,28.45,2.23,17.06,16.05,16.37,False
65ca09683fc74f8891762c2f072d260a,scene-0916,day,car,vehicle.car,car,v60-80,182.8,14.09,12.47,4.03,8.62,8.53,8.58,False
65ca09683fc74f8891762c2f072d260a,scene-0916,day,car,vehicle.car,car,v80-100,41.3,50.46,48.32,1.94,27.47,27.47,27.47,False
65ca09683fc74f8891762c2f072d260a,scene-0916,day,car,vehicle.car,car,v40-60,55.6,38.1,36.92,4.8,21.91,19.53,20.78,False
65ca09683fc74f8891762c2f072d260a,scene-0916,day,car,vehicle.car,car,v60-80,257.1,10.48,8.78,3.47,5.83,5.77,5.79,False
65ca09683fc74f8891762c2f072d260a,scene-0916,day,car,vehicle.car,car,v60-80,118.5,19.25,18.02,4.13,11.58,10.91,11.34,False
65ca09683fc74f8891762c2f072d260a,scene-0916,day,car,vehicle.car,car,v40-60,38.0,61.54,59.34,4.73,33.9,33.69,33.77,False
65ca09683fc74f8891762c2f072d260a,scene-0916,day,car,vehicle.car,car,v80-100,38.5,53.36,50.93,4.54,30.59,30.13,30.58,False
65ca09683fc74f8891762c2f072d260a,scene-0916,day,truck,vehicle.truck,truck,v60-80,112.5,27.43,26.01,3.08,16.99,15.48,15.8,False
b474724af63f4a108be0900675dbab6f,scene-0916,day,car,vehicle.car,car,v40-60,59.7,35.59,34.39,4.66,21.33,19.33,21.0,False
b474724af63f4a108be0900675dbab6f,scene-0916,day,car,vehicle.car,car,v60-80,232.9,11.85,10.1,4.05,6.97,6.93,6.95,False
b474724af63f4a108be0900675dbab6f,scene-0916,day,car,vehicle.car,car,v80-100,43.6,47.88,45.74,1.76,27.02,26.57,26.76,False
b474724af63f4a108be0900675dbab6f,scene-0916,day,car,vehicle.car,car,v60-80,138.9,16.85,15.53,4.06,10.16,9.77,10.01,False
b474724af63f4a108be0900675dbab6f,scene-0916,day,truck,vehicle.truck,truck,v60-80,124.7,24.96,23.46,3.19,15.59,15.01,15.15,False
b474724af63f4a108be0900675dbab6f,scene-0916,day,car,vehicle.car,car,v80-100,40.5,50.83,48.4,4.71,30.02,30.02,30.02,False
b474724af63f4a108be0900675dbab6f,scene-0916,day,car,vehicle.car,car,v40-60,39.7,59.0,56.8,4.69,34.49,33.77,34.13,False
ab7e9c8335034420a1012fd5d165c099,scene-0916,day,car,vehicle.car,car,v60-80,169.8,14.44,13.01,3.99,8.44,8.23,8.27,False
ab7e9c8335034420a1012fd5d165c099,scene-0916,day,car,vehicle.car,car,v40-60,65.2,33.03,31.81,4.53,19.38,17.74,18.85,False
ab7e9c8335034420a1012fd5d165c099,scene-0916,day,car,vehicle.car,car,v80-100,46.2,45.26,43.11,1.73,24.94,24.58,24.94,False
ab7e9c8335034420a1012fd5d165c099,scene-0916,day,car,vehicle.car,car,v80-100,42.8,48.26,45.8,4.74,27.67,27.47,27.47,False
ab7e9c8335034420a1012fd5d165c099,scene-0916,day,car,vehicle.car,car,v40-60,104.5,20.99,19.69,4.02,12.47,12.01,12.1,False
ab7e9c8335034420a1012fd5d165c099,scene-0916,day,truck,vehicle.truck,truck,v80-100,141.4,22.48,20.87,3.3,13.8,13.61,13.62,False
ab7e9c8335034420a1012fd5d165c099,scene-0916,day,car,vehicle.car,car,v40-60,41.7,56.41,54.2,4.68,31.17,30.61,31.17,False
ab7e9c8335034420a1012fd5d165c099,scene-0916,day,car,vehicle.car,car,v60-80,325.8,9.75,7.81,4.08,5.17,4.91,5.0,False
b45600798b1f46658b708b65fef08c1e,scene-0916,day,car,vehicle.car,car,v60-80,217.5,12.07,10.48,4.03,7.27,7.18,7.2,False
b45600798b1f46658b708b65fef08c1e,scene-0916,day,car,vehicle.car,car,v40-60,121.0,18.43,17.06,4.03,11.43,11.34,11.42,False
b45600798b1f46658b708b65fef08c1e,scene-0916,day,car,vehicle.car,car,v80-100,49.4,42.55,40.4,1.84,23.47,22.83,23.16,False
b45600798b1f46658b708b65fef08c1e,scene-0916,day,car,vehicle.car,car,v80-100,44.9,45.61,43.15,4.58,26.28,26.15,26.15,False
b45600798b1f46658b708b65fef08c1e,scene-0916,day,car,vehicle.car,car,v40-60,70.9,30.39,29.15,4.51,18.21,15.59,17.8,False
b45600798b1f46658b708b65fef08c1e,scene-0916,day,truck,vehicle.truck,truck,v80-100,161.7,19.92,18.21,3.32,12.28,12.19,12.19,False
b45600798b1f46658b708b65fef08c1e,scene-0916,day,car,vehicle.car,car,v40-60,43.8,53.73,51.52,4.86,28.46,28.44,28.44,False
b45600798b1f46658b708b65fef08c1e,scene-0916,day,car,vehicle.car,car,v40-60,40.8,55.67,53.5,0.26,28.65,27.47,27.62,True
d78259c8cb0d4cfc9a0ccd43b1ebd994,scene-0916,day,car,vehicle.car,car,v40-60,147.1,15.82,14.35,4.03,10.29,10.26,10.26,False
d78259c8cb0d4cfc9a0ccd43b1ebd994,scene-0916,day,car,vehicle.car,car,v80-100,53.1,39.72,37.56,1.9,24.19,23.83,23.84,False
d78259c8cb0d4cfc9a0ccd43b1ebd994,scene-0916,day,car,vehicle.car,car,v80-100,48.0,42.88,40.42,4.44,27.47,27.02,27.15,False
d78259c8cb0d4cfc9a0ccd43b1ebd994,scene-0916,day,truck,vehicle.truck,truck,v80-100,191.9,17.31,15.46,3.36,11.03,10.81,10.88,False
d78259c8cb0d4cfc9a0ccd43b1ebd994,scene-0916,day,car,vehicle.car,car,v40-60,78.9,27.67,26.39,4.59,18.26,17.96,18.19,False
d78259c8cb0d4cfc9a0ccd43b1ebd994,scene-0916,day,car,vehicle.car,car,v40-60,46.4,50.95,48.73,5.01,31.17,30.67,31.13,False
d78259c8cb0d4cfc9a0ccd43b1ebd994,scene-0916,day,car,vehicle.car,car,v40-60,43.1,52.85,50.69,0.14,31.0,28.88,28.95,True
d78259c8cb0d4cfc9a0ccd43b1ebd994,scene-0916,day,car,vehicle.car,car,v40-60,98.2,23.02,21.61,4.63,15.15,15.01,15.01,False
e8349613902547b5b0911759fa79efaa,scene-0916,day,car,vehicle.car,car,v40-60,186.3,13.26,11.64,3.89,8.86,8.81,8.86,False
e8349613902547b5b0911759fa79efaa,scene-0916,day,car,vehicle.car,car,v80-100,57.4,36.88,34.72,1.52,22.83,22.7,22.83,False
e8349613902547b5b0911759fa79efaa,scene-0916,day,car,vehicle.car,car,v80-100,51.6,40.06,37.59,4.88,26.9,26.57,26.57,False
e8349613902547b5b0911759fa79efaa,scene-0916,day,truck,vehicle.truck,truck,v80-100,238.2,14.73,12.72,3.63,10.07,9.88,9.99,False
e8349613902547b5b0911759fa79efaa,scene-0916,day,car,vehicle.car,car,v40-60,88.9,24.92,23.6,4.32,17.24,17.06,17.12,False
e8349613902547b5b0911759fa79efaa,scene-0916,day,car,vehicle.car,car,v40-60,49.3,48.13,45.9,4.52,30.02,29.47,29.84,False
e8349613902547b5b0911759fa79efaa,scene-0916,day,car,vehicle.car,car,v40-60,45.8,49.97,47.81,0.63,31.19,28.44,28.95,True
e8349613902547b5b0911759fa79efaa,scene-0916,day,car,vehicle.car,car,v60-80,113.8,20.33,18.82,4.39,13.97,13.86,13.97,False
2d7914ad33d64062806d96e7c1fd3476,scene-0916,day,car,vehicle.car,car,v80-100,55.5,37.22,34.75,5.38,24.56,24.19,24.19,False
2d7914ad33d64062806d96e7c1fd3476,scene-0916,day,car,vehicle.car,car,v80-100,62.6,33.99,31.82,1.06,21.61,21.31,21.33,True
2d7914ad33d64062806d96e7c1fd3476,scene-0916,day,truck,vehicle.truck,truck,v80-100,311.9,12.24,10.02,3.78,7.83,7.79,7.8,False
2d7914ad33d64062806d96e7c1fd3476,scene-0916,day,car,vehicle.car,car,v40-60,250.2,10.78,8.96,3.75,6.76,6.62,6.64,False
2d7914ad33d64062806d96e7c1fd3476,scene-0916,day,car,vehicle.car,car,v40-60,100.5,22.16,20.78,4.04,15.42,15.01,15.15,False
2d7914ad33d64062806d96e7c1fd3476,scene-0916,day,car,vehicle.car,car,v40-60,52.4,45.27,43.03,3.96,29.47,28.95,29.38,False
2d7914ad33d64062806d96e7c1fd3476,scene-0916,day,car,vehicle.car,car,v60-80,133.3,17.63,16.01,4.13,12.47,12.37,12.38,False
2d7914ad33d64062806d96e7c1fd3476,scene-0916,day,car,vehicle.car,car,v40-60,48.7,47.1,44.94,1.21,29.54,26.76,27.02,False
2d7914ad33d64062806d96e7c1fd3476,scene-0916,day,car,vehicle.car,car,v60-80,60.3,39.92,37.54,8.54,26.15,24.9,25.73,False
b886a7f74e7c4b78ae3b626c2e0b67f4,scene-0916,day,car,vehicle.car,car,v80-100,165.7,14.83,13.07,3.98,10.2,10.14,10.2,False
b886a7f74e7c4b78ae3b626c2e0b67f4,scene-0916,day,car,vehicle.car,car,v80-100,60.5,34.22,31.74,5.61,21.74,21.33,21.53,False
b886a7f74e7c4b78ae3b626c2e0b67f4,scene-0916,day,car,vehicle.car,car,v80-100,69.3,30.93,28.75,0.83,18.63,18.42,18.45,True
b886a7f74e7c4b78ae3b626c2e0b67f4,scene-0916,day,car,vehicle.car,car,v60-80,118.2,19.25,17.8,3.9,13.03,12.76,12.87,False
b886a7f74e7c4b78ae3b626c2e0b67f4,scene-0916,day,car,vehicle.car,car,v60-80,65.7,37.01,34.61,8.34,23.49,21.78,23.16,False
b886a7f74e7c4b78ae3b626c2e0b67f4,scene-0916,day,car,vehicle.car,car,v40-60,56.2,42.24,39.99,3.69,25.79,25.13,25.73,False
b886a7f74e7c4b78ae3b626c2e0b67f4,scene-0916,day,car,vehicle.car,car,v40-60,52.4,44.05,41.88,1.5,28.0,24.07,25.07,False
b886a7f74e7c4b78ae3b626c2e0b67f4,scene-0916,day,car,vehicle.car,car,v80-100,57.7,42.68,40.39,12.89,29.94,29.47,29.47,False
b886a7f74e7c4b78ae3b626c2e0b67f4,scene-0916,day,truck,vehicle.truck,car,v80-100,464.4,9.82,7.32,3.83,5.51,5.13,5.26,False
60c424c157b54829ba532e11fe66363c,scene-0916,day,car,vehicle.car,car,v80-100,67.1,31.24,28.75,5.83,20.26,19.77,19.77,False
60c424c157b54829ba532e11fe66363c,scene-0916,day,car,vehicle.car,car,v80-100,217.8,12.16,10.22,3.9,8.06,8.02,8.03,False
60c424c157b54829ba532e11fe66363c,scene-0916,day,car,vehicle.car,car,v80-100,77.5,27.92,25.72,0.67,17.81,17.46,17.62,True
60c424c157b54829ba532e11fe66363c,scene-0916,day,car,vehicle.car,car,v60-80,142.7,16.39,14.86,3.78,11.22,11.18,11.18,False
60c424c157b54829ba532e11fe66363c,scene-0916,day,car,vehicle.car,car,v80-100,71.8,34.12,31.7,8.15,22.83,21.61,21.91,False
60c424c157b54829ba532e11fe66363c,scene-0916,day,car,vehicle.car,car,v40-60,56.6,40.95,38.79,1.74,27.24,22.83,23.4,False
60c424c157b54829ba532e11fe66363c,scene-0916,day,car,vehicle.car,car,v40-60,60.6,39.22,36.96,3.44,24.63,24.19,24.56,False
60c424c157b54829ba532e11fe66363c,scene-0916,day,car,vehicle.car,car,v80-100,62.9,39.83,37.53,13.18,30.59,30.59,30.59,False
e2eb142fa3cf467a8ec42faa6a051bb0,scene-0916,day,car,vehicle.car,car,v60-80,178.4,13.63,11.98,3.7,9.17,9.11,9.13,False
e2eb142fa3cf467a8ec42faa6a051bb0,scene-0916,day,car,vehicle.car,car,v80-100,78.9,31.29,28.85,8.0,21.77,20.36,21.33,False
e2eb142fa3cf467a8ec42faa6a051bb0,scene-0916,day,car,vehicle.car,car,v80-100,74.8,28.37,25.87,5.91,18.85,18.42,18.43,False
e2eb142fa3cf467a8ec42faa6a051bb0,scene-0916,day,car,vehicle.car,car,v80-100,87.8,24.91,22.7,0.52,16.05,15.74,15.89,True
e2eb142fa3cf467a8ec42faa6a051bb0,scene-0916,day,car,vehicle.car,car,v40-60,65.4,36.25,33.98,3.28,23.27,22.51,23.12,False
e2eb142fa3cf467a8ec42faa6a051bb0,scene-0916,day,car,vehicle.car,car,v40-60,61.3,37.98,35.83,1.92,24.87,21.33,21.8,False
e2eb142fa3cf467a8ec42faa6a051bb0,scene-0916,day,car,vehicle.car,car,v80-100,68.7,37.07,34.75,13.4,27.47,27.02,27.05,False
aa8b56c5feb442dab1d95a62b8509e13,scene-0916,day,car,vehicle.car,car,v80-100,88.7,28.42,25.96,7.87,21.33,20.52,20.78,False
aa8b56c5feb442dab1d95a62b8509e13,scene-0916,day,car,vehicle.car,car,v80-100,84.8,25.5,23.0,5.98,17.74,17.24,17.43,False
aa8b56c5feb442dab1d95a62b8509e13,scene-0916,day,car,vehicle.car,car,v80-100,241.7,11.0,9.18,3.65,7.57,7.5,7.5,False
aa8b56c5feb442dab1d95a62b8509e13,scene-0916,day,car,vehicle.car,car,v80-100,101.2,21.93,19.71,0.46,14.87,14.6,14.73,True
aa8b56c5feb442dab1d95a62b8509e13,scene-0916,day,car,vehicle.car,car,v40-60,71.5,33.29,31.0,3.19,22.51,22.21,22.51,False
aa8b56c5feb442dab1d95a62b8509e13,scene-0916,day,car,vehicle.car,car,v40-60,66.9,35.01,32.85,1.98,23.7,20.26,20.56,False
11693aefd68c4f70ac76775f4a31026d,scene-0916,day,car,vehicle.car,car,v80-100,97.3,22.76,20.25,5.79,15.44,15.1,15.15,False
11693aefd68c4f70ac76775f4a31026d,scene-0916,day,car,vehicle.car,car,v80-100,101.0,25.75,23.27,8.06,17.56,17.06,17.15,False
11693aefd68c4f70ac76775f4a31026d,scene-0916,day,car,vehicle.car,car,v80-100,118.7,19.07,16.83,0.61,13.06,12.57,12.75,True
11693aefd68c4f70ac76775f4a31026d,scene-0916,day,car,vehicle.car,car,v40-60,72.9,32.16,30.01,1.71,22.21,17.81,18.21,False
11693aefd68c4f70ac76775f4a31026d,scene-0916,day,car,vehicle.car,car,v40-60,78.9,30.45,28.14,3.43,20.01,19.25,19.77,False
11693aefd68c4f70ac76775f4a31026d,scene-0916,day,car,vehicle.car,car,v80-100,84.9,31.75,29.37,13.12,23.16,22.83,22.88,False
f2b6c088d189439aa7bb2460d1db05da,scene-0916,day,car,vehicle.car,car,v80-100,117.4,23.36,20.86,8.76,15.89,15.44,15.59,False
f2b6c088d189439aa7bb2460d1db05da,scene-0916,day,car,vehicle.car,car,v80-100,112.0,20.13,17.62,5.08,13.85,13.4,13.49,False
f2b6c088d189439aa7bb2460d1db05da,scene-0916,day,car,vehicle.car,car,v80-100,142.4,16.41,14.14,1.14,11.1,10.66,10.81,True
f2b6c088d189439aa7bb2460d1db05da,scene-0916,day,car,vehicle.car,car,v40-60,54.1,37.36,35.23,13.06,22.21,21.91,22.14,False
f2b6c088d189439aa7bb2460d1db05da,scene-0916,day,car,vehicle.car,car,v80-100,93.1,29.3,26.91,12.25,21.61,21.33,21.33,False
f2b6c088d189439aa7bb2460d1db05da,scene-0916,day,car,vehicle.car,car,v40-60,79.8,29.45,27.3,0.82,19.99,15.89,16.14,True
f2b6c088d189439aa7bb2460d1db05da,scene-0916,day,car,vehicle.car,car,v40-60,87.7,27.8,25.48,4.3,19.3,18.85,18.98,False
7d31b274752d4b96a4e2fcb3eda3e1e1,scene-0916,day,car,vehicle.car,car,v80-100,60.5,35.21,33.07,15.22,21.91,21.59,21.61,False
7d31b274752d4b96a4e2fcb3eda3e1e1,scene-0916,day,car,vehicle.car,car,v80-100,174.8,14.08,11.78,2.15,9.65,9.16,9.32,False
7d31b274752d4b96a4e2fcb3eda3e1e1,scene-0916,day,car,vehicle.car,car,v80-100,128.5,17.72,15.21,3.65,12.76,12.28,12.37,False
7d31b274752d4b96a4e2fcb3eda3e1e1,scene-0916,day,car,vehicle.car,car,v80-100,100.4,27.06,24.65,10.65,21.05,20.78,20.78,False
7d31b274752d4b96a4e2fcb3eda3e1e1,scene-0916,day,car,vehicle.car,car,v40-60,87.6,27.03,24.89,0.0,20.76,14.99,15.42,True
4cb2e5f01be94ffeb22cabde23ba5b46,scene-0916,day,car,vehicle.car,car,v80-100,149.1,15.4,12.89,1.61,11.82,11.32,11.42,False
4cb2e5f01be94ffeb22cabde23ba5b46,scene-0916,day,car,vehicle.car,car,v80-100,228.6,12.06,9.68,3.5,7.76,7.5,7.57,False
4cb2e5f01be94ffeb22cabde23ba5b46,scene-0916,day,car,vehicle.car,car,v40-60,114.9,23.46,21.06,8.45,17.81,17.35,17.48,False
4cb2e5f01be94ffeb22cabde23ba5b46,scene-0916,day,car,vehicle.car,car,v40-60,96.3,24.76,22.6,1.71,13.59,13.18,13.29,False
13b3848fba3442f58870664d973fcb3f,scene-0916,day,car,vehicle.car,car,v80-100,174.0,13.36,10.83,0.0,9.16,8.67,8.81,True
71f5065f435c47f5b208831524ae6a2a,scene-0916,day,car,vehicle.car,car,v80-100,214.9,11.39,8.84,0.0,7.72,7.24,7.38,True
71f5065f435c47f5b208831524ae6a2a,scene-0916,day,car,vehicle.car,car,v80-100,112.9,20.98,18.53,0.59,18.29,17.25,17.95,True
468dcee93e6049d8873706be7f9f3f89,scene-0916,day,car,vehicle.car,car,v80-100,294.4,9.67,7.14,1.79,6.33,5.85,6.0,False
4c5917e14f224fa2a0bd3bd182f8a3d8,scene-0916,day,car,vehicle.car,car,v80-100,144.0,17.42,14.98,4.39,14.35,14.1,14.22,False
fc5171d2a56e46a593f7d3e90e5de0ea,scene-1077,night,car,vehicle.car,car,v80-100,195.5,15.0,12.49,5.09,9.71,9.31,9.45,False
16575dd8d5f744bd88e65b2fc28f9cd1,scene-1077,night,car,vehicle.car,car,v80-100,35.5,69.11,66.55,16.6,35.24,31.17,31.95,False
16575dd8d5f744bd88e65b2fc28f9cd1,scene-1077,night,car,vehicle.car,car,v80-100,173.4,16.12,13.7,4.45,10.26,10.01,10.07,False
16575dd8d5f744bd88e65b2fc28f9cd1,scene-1077,night,car,vehicle.car,car,v80-100,58.9,38.6,36.02,0.0,25.66,24.19,24.56,True
018a53cd2bd24f8085c57f286f83440d,scene-1077,night,car,vehicle.car,car,v80-100,152.9,17.16,14.83,3.05,15.6,15.3,15.44,False
018a53cd2bd24f8085c57f286f83440d,scene-1077,night,car,vehicle.car,car,v80-100,50.9,43.26,40.83,6.29,42.55,36.84,39.52,False
018a53cd2bd24f8085c57f286f83440d,scene-1077,night,car,vehicle.car,car,v80-100,41.1,57.8,55.22,0.0,47.68,43.81,45.03,True
c976f61a80744991951456098cfde3c5,scene-1077,night,car,vehicle.car,car,v80-100,134.1,18.45,16.16,1.19,17.24,16.89,17.06,True
c976f61a80744991951456098cfde3c5,scene-1077,night,car,vehicle.car,car,v80-100,47.0,45.89,43.48,0.0,40.53,38.69,39.54,True
73b2d06d6b324d4db30ae507cb0385f7,scene-1077,night,car,vehicle.car,car,v80-100,126.6,19.45,17.17,0.0,17.06,16.89,16.89,True
73b2d06d6b324d4db30ae507cb0385f7,scene-1077,night,car,vehicle.car,car,v80-100,45.2,48.6,46.21,2.8,46.31,45.03,45.03,False
3a308cf9cf9a4e60a103da1b9edb4850,scene-1077,night,car,vehicle.car,car,v80-100,42.1,51.47,49.05,4.78,55.9,54.03,54.03,False
3a308cf9cf9a4e60a103da1b9edb4850,scene-1077,night,car,vehicle.car,car,v80-100,51.5,44.19,41.53,10.83,47.93,44.55,45.33,False
3a308cf9cf9a4e60a103da1b9edb4850,scene-1077,night,car,vehicle.car,car,v80-100,120.7,20.38,18.1,0.0,19.77,19.53,19.53,True
6f9c54f157b347619b5259cc8002fa11,scene-1077,night,car,vehicle.car,car,v80-100,39.8,54.07,51.76,5.24,52.53,50.66,51.84,False
6f9c54f157b347619b5259cc8002fa11,scene-1077,night,car,vehicle.car,car,v80-100,34.3,65.36,62.8,12.05,55.9,52.26,54.03,False
6f9c54f157b347619b5259cc8002fa11,scene-1077,night,car,vehicle.car,car,v80-100,26.7,80.45,78.16,12.65,67.83,62.35,65.2,False
6f9c54f157b347619b5259cc8002fa11,scene-1077,night,car,vehicle.car,car,v80-100,122.6,22.95,20.32,10.72,21.33,19.77,20.26,False
6f9c54f157b347619b5259cc8002fa11,scene-1077,night,car,vehicle.car,car,v80-100,48.0,48.69,46.07,10.38,46.11,42.66,43.81,False
6f9c54f157b347619b5259cc8002fa11,scene-1077,night,car,vehicle.car,car,v80-100,117.3,20.86,18.58,0.0,19.53,19.43,19.53,True
03ff7abc0df34efa8e6e61138af392e0,scene-1077,night,car,vehicle.car,car,v80-100,38.4,56.43,54.11,5.54,56.74,54.65,55.9,False
03ff7abc0df34efa8e6e61138af392e0,scene-1077,night,car,vehicle.car,car,v80-100,91.8,28.05,25.38,11.38,25.73,23.98,24.56,False
03ff7abc0df34efa8e6e61138af392e0,scene-1077,night,car,vehicle.car,car,v80-100,114.1,21.36,19.08,0.0,20.78,20.58,20.78,True
03ff7abc0df34efa8e6e61138af392e0,scene-1077,night,car,vehicle.car,car,v80-100,50.8,55.78,53.22,20.66,50.66,46.31,48.89,False
03ff7abc0df34efa8e6e61138af392e0,scene-1077,night,car,vehicle.car,car,v80-100,60.9,39.76,37.11,10.43,42.32,37.81,39.75,False
03ff7abc0df34efa8e6e61138af392e0,scene-1077,night,car,vehicle.car,car,v80-100,30.1,72.55,70.25,12.88,63.4,54.92,60.73,False
a4fd7545ff374e7697358dcac68180f0,scene-1077,night,car,vehicle.car,car,v80-100,64.7,46.4,43.83,20.78,36.02,34.49,35.24,False
a4fd7545ff374e7697358dcac68180f0,scene-1077,night,car,vehicle.car,car,v80-100,37.0,58.6,56.29,5.71,64.84,60.04,62.35,False
a4fd7545ff374e7697358dcac68180f0,scene-1077,night,car,vehicle.car,car,v80-100,34.3,74.78,72.28,22.0,51.05,47.68,49.12,False
a4fd7545ff374e7697358dcac68180f0,scene-1077,night,car,vehicle.car,car,v80-100,110.1,21.83,19.55,0.0,21.91,21.61,21.61,True
a4fd7545ff374e7697358dcac68180f0,scene-1077,night,car,vehicle.car,car,v80-100,48.1,48.55,45.96,12.15,44.41,42.55,42.66,False
ff63efe960494c74b5c77a1324af336d,scene-1077,night,car,vehicle.car,car,v80-100,39.7,66.0,63.49,23.59,42.43,39.29,40.53,False
ff63efe960494c74b5c77a1324af336d,scene-1077,night,car,vehicle.car,car,v80-100,58.4,40.74,38.13,12.09,38.11,36.84,37.6,False
ff63efe960494c74b5c77a1324af336d,scene-1077,night,car,vehicle.car,car,v80-100,108.5,22.13,19.85,0.0,22.51,22.21,22.21,True
ff63efe960494c74b5c77a1324af336d,scene-1077,night,car,vehicle.car,car,v80-100,121.8,23.34,20.65,10.49,24.19,22.99,23.49,False
ff63efe960494c74b5c77a1324af336d,scene-1077,night,car,vehicle.car,car,v80-100,35.3,60.42,58.12,5.46,59.99,57.89,57.89,False
7fc914ee8d9743fcb7cea856d89ed3c9,scene-1077,night,car,vehicle.car,car,v80-100,67.2,38.54,35.93,17.43,28.44,27.02,28.02,False
7fc914ee8d9743fcb7cea856d89ed3c9,scene-1077,night,car,vehicle.car,car,v80-100,47.2,47.77,45.41,12.28,42.1,38.22,40.53,False
7fc914ee8d9743fcb7cea856d89ed3c9,scene-1077,night,car,vehicle.car,car,v80-100,82.1,30.83,28.19,11.71,27.02,25.73,26.15,False
7fc914ee8d9743fcb7cea856d89ed3c9,scene-1077,night,car,vehicle.car,car,v80-100,32.8,64.82,62.52,5.67,62.35,60.04,60.04,False
7fc914ee8d9743fcb7cea856d89ed3c9,scene-1077,night,car,vehicle.car,car,v80-100,106.2,22.53,20.25,0.0,22.58,22.32,22.51,True
7fc914ee8d9743fcb7cea856d89ed3c9,scene-1077,night,car,vehicle.car,car,v60-80,42.9,56.42,53.85,17.24,46.31,44.61,45.03,False
ff2ac4c5789941c5b3f57e337ac4ee9b,scene-1077,night,car,vehicle.car,car,v80-100,106.5,22.78,20.5,0.0,21.61,21.33,21.33,True
ff2ac4c5789941c5b3f57e337ac4ee9b,scene-1077,night,car,vehicle.car,car,v80-100,46.8,57.62,55.13,22.38,41.02,38.6,39.54,False
777b4a848cb44aad8cff5729011469d4,scene-1077,night,car,vehicle.car,car,v80-100,109.0,22.78,20.49,0.0,22.75,22.51,22.51,True
777b4a848cb44aad8cff5729011469d4,scene-1077,night,car,vehicle.car,car,v80-100,31.5,70.18,67.88,5.54,64.84,63.44,64.84,False
777b4a848cb44aad8cff5729011469d4,scene-1077,night,car,vehicle.car,car,v80-100,34.2,69.77,67.05,13.26,62.33,57.29,60.02,False
a427ed5bd5c94af1b88ba5bba662f837,scene-1077,night,car,vehicle.car,car,v60-80,80.3,34.21,31.57,12.34,30.02,24.3,25.16,False
a427ed5bd5c94af1b88ba5bba662f837,scene-1077,night,car,vehicle.car,car,v80-100,109.1,22.69,20.4,0.0,22.51,22.21,22.43,True
f4b30e3cdfca497c87a6640276e1b573,scene-1077,night,car,vehicle.car,car,v80-100,63.5,41.63,38.98,16.56,35.24,33.68,34.49,False
f4b30e3cdfca497c87a6640276e1b573,scene-1077,night,car,vehicle.car,car,v80-100,108.2,22.85,20.57,0.0,24.19,23.84,23.84,True
53bf4f9f335b4180bf3ffa998853d6c2,scene-1077,night,car,vehicle.car,car,v80-100,108.4,22.88,20.6,0.0,22.12,21.91,21.91,True
53bf4f9f335b4180bf3ffa998853d6c2,scene-1077,night,car,vehicle.car,car,v80-100,29.3,75.38,73.09,5.29,71.26,67.54,67.54,False
941df6343d944a659e16b892e023931c,scene-1077,night,car,vehicle.car,car,v80-100,105.0,23.19,20.9,0.0,23.84,23.84,23.84,True
a534bc510aba4393bc620e7c8121b69c,scene-1077,night,car,vehicle.car,car,v80-100,105.1,23.45,21.17,0.0,22.51,22.21,22.21,True
a534bc510aba4393bc620e7c8121b69c,scene-1077,night,car,vehicle.car,car,v80-100,27.4,79.93,77.64,4.61,77.19,73.44,74.33,False
e37de16d519e4af6beaba685eae05a57,scene-1077,night,car,vehicle.car,car,v80-100,103.9,23.68,21.39,0.0,22.83,22.51,22.72,True
f9c324a0d723415e92f7503ced9a7389,scene-1077,night,car,vehicle.car,car,v80-100,101.7,23.81,21.52,0.0,24.19,23.84,23.86,True
54e94f89fb124c32940a224c196a49c0,scene-1077,night,car,vehicle.car,car,v80-100,90.5,30.56,27.84,11.92,26.15,24.19,24.69,False
54e94f89fb124c32940a224c196a49c0,scene-1077,night,car,vehicle.car,car,v80-100,102.3,23.91,21.63,0.0,23.84,23.49,23.49,True
7d10c94f6a104fc0882fe126533d31e3,scene-1077,night,car,vehicle.car,car,v80-100,34.7,69.55,67.08,11.9,57.89,54.03,55.74,False
7d10c94f6a104fc0882fe126533d31e3,scene-1077,night,car,vehicle.car,car,v80-100,100.8,24.13,21.84,0.0,23.49,23.16,23.16,True
1636a50b7f3b403e899910eea8ce2e23,scene-1077,night,car,vehicle.car,car,v80-100,100.9,24.14,21.84,0.0,25.73,25.19,25.33,True
1636a50b7f3b403e899910eea8ce2e23,scene-1077,night,car,vehicle.car,car,v80-100,43.3,56.95,54.43,11.81,52.41,50.66,50.66,False
1636a50b7f3b403e899910eea8ce2e23,scene-1077,night,bus,vehicle.bus.rigid,car,v80-100,151.9,50.1,44.08,20.33,29.55,19.14,25.33,False
efc0530010574686a81ea923e2a77955,scene-1077,night,car,vehicle.car,car,v80-100,57.7,44.37,41.8,11.94,31.06,28.44,29.1,False
efc0530010574686a81ea923e2a77955,scene-1077,night,car,vehicle.car,car,v80-100,101.9,23.99,21.69,0.0,23.16,22.92,23.16,True
d80d00fe8aa444b7b04ae588b5e55ea0,scene-1077,night,car,vehicle.car,car,v80-100,85.0,32.65,30.01,12.32,27.62,24.57,25.33,False
d80d00fe8aa444b7b04ae588b5e55ea0,scene-1077,night,car,vehicle.car,car,v80-100,103.1,23.75,21.44,0.0,21.61,21.33,21.33,True
d80d00fe8aa444b7b04ae588b5e55ea0,scene-1077,night,car,vehicle.car,car,v80-100,52.2,48.44,45.99,8.96,37.11,33.52,36.02,False
da25480e018a40f5b86e16e5432e4fc8,scene-1077,night,car,vehicle.car,car,v80-100,70.6,36.63,34.14,9.46,35.64,33.77,34.49,False
da25480e018a40f5b86e16e5432e4fc8,scene-1077,night,car,vehicle.car,car,v80-100,101.8,23.65,21.33,0.0,24.56,24.19,24.36,True
b2e2c08229454e5587d05d2616877139,scene-1077,night,car,vehicle.car,car,v80-100,120.4,24.21,21.69,10.03,22.83,18.63,21.61,False
b2e2c08229454e5587d05d2616877139,scene-1077,night,car,vehicle.car,car,v80-100,102.2,23.52,21.19,0.0,23.84,23.66,23.84,True
8f2f799ccddb430aa6caa323d134014a,scene-1077,night,car,vehicle.car,car,v80-100,105.2,23.24,20.9,0.0,24.56,24.19,24.31,True
2edd8a4e2b484a22b0ec566f2f2e9b95,scene-1077,night,car,vehicle.car,car,v80-100,106.0,22.99,20.66,0.0,22.51,22.21,22.43,True
341e20164fcb47cbb22332a47013bdb6,scene-1077,night,car,vehicle.car,car,v80-100,32.4,65.24,62.85,11.67,46.31,45.03,45.03,False
341e20164fcb47cbb22332a47013bdb6,scene-1077,night,car,vehicle.car,car,v80-100,106.4,22.69,20.35,0.0,20.78,20.52,20.58,True
1a73ab0790a0423bbd317c10bebf7f23,scene-1077,night,car,vehicle.car,car,v80-100,40.5,52.75,50.33,11.93,43.81,41.8,42.66,False
1a73ab0790a0423bbd317c10bebf7f23,scene-1077,night,car,vehicle.car,car,v80-100,19.7,106.27,103.89,4.49,88.59,81.05,84.61,False
1a73ab0790a0423bbd317c10bebf7f23,scene-1077,night,car,vehicle.car,car,v80-100,106.3,22.53,20.18,0.0,21.77,21.33,21.5,True
2e63eb8c6e91493292396908c1257f31,scene-1077,night,car,vehicle.car,car,v80-100,55.5,40.44,37.98,11.88,34.3,32.42,33.09,False
2e63eb8c6e91493292396908c1257f31,scene-1077,night,car,vehicle.car,car,v80-100,66.7,39.54,36.97,17.99,31.17,30.02,30.59,False
2e63eb8c6e91493292396908c1257f31,scene-1077,night,car,vehicle.car,car,v80-100,36.2,61.58,59.12,13.04,48.62,39.78,43.81,False
2e63eb8c6e91493292396908c1257f31,scene-1077,night,car,vehicle.car,car,v80-100,19.5,108.02,105.66,5.6,87.67,81.05,85.0,False
2e63eb8c6e91493292396908c1257f31,scene-1077,night,car,vehicle.car,car,v80-100,107.2,22.45,20.11,0.0,22.21,21.91,21.91,True
9c46f52aa0674d528647cd892968f78b,scene-1077,night,car,vehicle.car,car,v80-100,46.7,48.72,46.23,12.8,40.53,37.7,39.54,False
9c46f52aa0674d528647cd892968f78b,scene-1077,night,car,vehicle.car,car,v80-100,107.1,22.34,19.99,0.0,21.05,20.78,20.87,True
f0a02178f2f5410f91c903bf632ee296,scene-1077,night,car,vehicle.car,car,v80-100,68.2,35.34,32.79,12.37,26.15,24.56,24.94,False
f0a02178f2f5410f91c903bf632ee296,scene-1077,night,car,vehicle.car,car,v80-100,106.9,22.3,19.94,0.0,19.3,19.07,19.12,True
1402826678e143fdbe22da3080dd36d8,scene-1077,night,car,vehicle.car,car,v60-80,35.9,66.38,63.8,19.2,42.66,37.65,40.68,False
1402826678e143fdbe22da3080dd36d8,scene-1077,night,car,vehicle.car,car,v80-100,104.5,22.43,20.09,0.0,20.01,19.98,20.01,True
2d35f62a9daf41a18c15c7a946b0d141,scene-1077,night,car,vehicle.car,car,v60-80,48.3,52.5,49.9,18.12,32.21,31.78,31.78,False
2d35f62a9daf41a18c15c7a946b0d141,scene-1077,night,car,vehicle.car,car,v80-100,105.5,22.54,20.22,0.0,21.25,21.05,21.05,True
6c501bdb8b9d47179d033f033a354e71,scene-1077,night,car,vehicle.car,car,v80-100,87.9,32.65,29.98,13.75,24.19,23.34,23.49,False
6c501bdb8b9d47179d033f033a354e71,scene-1077,night,car,vehicle.car,car,v80-100,104.8,22.59,20.27,0.0,21.05,21.03,21.05,True
6c501bdb8b9d47179d033f033a354e71,scene-1077,night,car,vehicle.car,car,v80-100,18.6,117.04,114.71,11.9,63.96,60.04,62.35,False
4108995c5ea14883bb275041f72eff2c,scene-1077,night,car,vehicle.car,car,v80-100,18.4,118.61,116.29,11.8,60.56,60.04,60.04,False
4108995c5ea14883bb275041f72eff2c,scene-1077,night,car,vehicle.car,car,v80-100,105.0,22.68,20.38,0.0,21.61,21.33,21.57,True
3a69d1b97c33405cae8b45e49de12e0e,scene-1077,night,car,vehicle.car,car,v80-100,18.2,120.3,117.99,11.74,62.35,60.97,62.35,False
3a69d1b97c33405cae8b45e49de12e0e,scene-1077,night,car,vehicle.car,car,v80-100,103.9,22.75,20.46,0.0,23.69,23.49,23.49,True
3a69d1b97c33405cae8b45e49de12e0e,scene-1077,night,car,vehicle.car,car,v80-100,26.3,87.3,84.96,22.19,57.89,52.29,55.57,False
99acf4933a5d4c5ca5690f308f64bd93,scene-1077,night,car,vehicle.car,car,v80-100,18.1,121.92,119.62,11.32,56.2,54.03,54.03,False
99acf4933a5d4c5ca5690f308f64bd93,scene-1077,night,car,vehicle.car,car,v80-100,104.7,22.77,20.48,0.0,22.25,22.0,22.21,True
06d2b0ce23224a5db6d8851ff8cfbb27,scene-1077,night,car,vehicle.car,car,v80-100,17.9,123.52,121.24,10.65,60.04,57.89,58.41,False
06d2b0ce23224a5db6d8851ff8cfbb27,scene-1077,night,car,vehicle.car,car,v80-100,42.4,56.49,54.09,17.26,38.35,35.24,36.39,False
06d2b0ce23224a5db6d8851ff8cfbb27,scene-1077,night,car,vehicle.car,car,v80-100,106.7,22.76,20.48,0.0,22.21,21.91,21.99,True
629da0cec6e84c159fed48f7c3ccafac,scene-1094,night,car,vehicle.car,truck,v80-100,130.3,24.95,22.44,8.17,20.78,20.38,20.52,False
629da0cec6e84c159fed48f7c3ccafac,scene-1094,night,car,vehicle.car,truck,v80-100,147.2,30.67,27.83,6.57,25.35,23.84,24.94,False
629da0cec6e84c159fed48f7c3ccafac,scene-1094,night,pedestrian,human.pedestrian.adult,person,v80-100,64.7,38.37,37.91,6.82,30.02,29.47,29.99,False
629da0cec6e84c159fed48f7c3ccafac,scene-1094,night,car,vehicle.car,car,v80-100,457.6,7.41,5.14,0.0,5.63,5.48,5.53,True
629da0cec6e84c159fed48f7c3ccafac,scene-1094,night,pedestrian,human.pedestrian.adult,person,v80-100,91.9,25.48,25.01,5.87,19.77,18.89,19.4,False
52b308c06f834367a99f05dbe93f9ade,scene-1094,night,car,vehicle.car,truck,v80-100,147.6,30.6,27.75,6.58,23.49,22.83,23.16,False
52b308c06f834367a99f05dbe93f9ade,scene-1094,night,pedestrian,human.pedestrian.adult,person,v80-100,65.8,37.79,37.33,6.8,26.57,25.73,26.15,False
52b308c06f834367a99f05dbe93f9ade,scene-1094,night,pedestrian,human.pedestrian.adult,person,v80-100,67.7,36.79,36.31,18.08,24.6,24.56,24.56,False
52b308c06f834367a99f05dbe93f9ade,scene-1094,night,car,vehicle.car,car,v80-100,430.2,7.76,5.47,0.0,5.81,5.71,5.75,True
52b308c06f834367a99f05dbe93f9ade,scene-1094,night,pedestrian,human.pedestrian.personal_mobility,person,v80-100,289.5,10.21,9.46,4.64,8.4,8.18,8.26,False
91bb1897f021417c9006dd8c0604340c,scene-1094,night,car,vehicle.car,truck,v80-100,148.1,30.52,27.68,6.61,23.84,23.16,23.49,False
91bb1897f021417c9006dd8c0604340c,scene-1094,night,car,vehicle.car,car,v80-100,405.9,8.11,5.8,0.0,6.12,6.03,6.05,True
91bb1897f021417c9006dd8c0604340c,scene-1094,night,pedestrian,human.pedestrian.adult,person,v80-100,68.6,36.14,35.71,17.39,26.15,26.15,26.15,False
91bb1897f021417c9006dd8c0604340c,scene-1094,night,pedestrian,human.pedestrian.adult,person,v80-100,66.8,37.16,36.69,6.44,27.02,26.15,26.58,False
91bb1897f021417c9006dd8c0604340c,scene-1094,night,pedestrian,human.pedestrian.adult,person,v80-100,62.9,37.33,36.89,17.64,26.57,26.16,26.57,False
91bb1897f021417c9006dd8c0604340c,scene-1094,night,car,vehicle.car,car,v80-100,131.7,24.8,22.29,8.17,19.89,18.85,19.52,False
91bb1897f021417c9006dd8c0604340c,scene-1094,night,pedestrian,human.pedestrian.adult,person,v80-100,197.1,13.32,12.88,6.59,10.57,9.22,9.89,False
2f308b453f8641aeb38db15c17f0ed6d,scene-1094,night,car,vehicle.car,truck,v80-100,149.2,30.34,27.49,6.67,24.19,23.84,24.19,False
2f308b453f8641aeb38db15c17f0ed6d,scene-1094,night,pedestrian,human.pedestrian.adult,person,v80-100,69.7,35.48,35.15,16.87,25.73,25.73,25.73,False
2f308b453f8641aeb38db15c17f0ed6d,scene-1094,night,pedestrian,human.pedestrian.adult,person,v80-100,63.3,36.83,36.38,16.95,26.14,25.75,25.92,False
2f308b453f8641aeb38db15c17f0ed6d,scene-1094,night,pedestrian,human.pedestrian.adult,person,v80-100,83.4,26.32,25.85,2.62,23.01,18.6,20.58,False
2f308b453f8641aeb38db15c17f0ed6d,scene-1094,night,car,vehicle.car,car,v80-100,392.1,8.33,6.01,0.0,6.46,6.26,6.32,True
2f308b453f8641aeb38db15c17f0ed6d,scene-1094,night,pedestrian,human.pedestrian.adult,person,v80-100,67.8,36.54,36.01,6.05,25.73,24.94,25.33,False
2f308b453f8641aeb38db15c17f0ed6d,scene-1094,night,pedestrian,human.pedestrian.adult,person,v80-100,96.7,23.83,23.29,3.18,18.17,17.53,17.81,False
d1233582dc804f17ba879d0cf751111a,scene-1094,night,car,vehicle.car,truck,v80-100,151.5,29.92,27.06,6.75,23.49,22.83,23.16,False
d1233582dc804f17ba879d0cf751111a,scene-1094,night,pedestrian,human.pedestrian.adult,person,v80-100,83.4,26.38,25.93,3.18,20.78,20.26,20.52,False
d1233582dc804f17ba879d0cf751111a,scene-1094,night,car,vehicle.car,car,v80-100,381.9,8.52,6.19,0.0,6.43,6.21,6.28,True
d1233582dc804f17ba879d0cf751111a,scene-1094,night,pedestrian,human.pedestrian.adult,person,v80-100,71.4,34.45,34.09,16.06,28.44,27.95,28.09,False
d1233582dc804f17ba879d0cf751111a,scene-1094,night,pedestrian,human.pedestrian.adult,person,v80-100,69.1,35.78,35.2,5.26,27.02,26.82,27.02,False
d1233582dc804f17ba879d0cf751111a,scene-1094,night,car,vehicle.car,car,v80-100,353.8,8.5,6.34,3.56,6.99,6.56,6.73,False
d1233582dc804f17ba879d0cf751111a,scene-1094,night,pedestrian,human.pedestrian.adult,person,v80-100,97.0,23.85,23.31,3.72,18.46,18.01,18.18,False
d1233582dc804f17ba879d0cf751111a,scene-1094,night,pedestrian,human.pedestrian.adult,person,v80-100,91.4,26.4,25.93,8.45,19.97,19.53,19.72,False
d1233582dc804f17ba879d0cf751111a,scene-1094,night,car,vehicle.car,car,v80-100,136.2,24.22,21.7,8.25,19.07,18.42,18.63,False
d1233582dc804f17ba879d0cf751111a,scene-1094,night,pedestrian,human.pedestrian.adult,person,v80-100,63.9,36.2,35.76,16.2,29.46,28.95,28.99,False
cd7cd1aa05d04862a0b8c346f291167e,scene-1094,night,car,vehicle.car,truck,v80-100,154.9,29.22,26.34,6.86,23.49,21.91,22.76,False
cd7cd1aa05d04862a0b8c346f291167e,scene-1094,night,pedestrian,human.pedestrian.adult,person,v80-100,73.3,33.31,32.91,15.24,24.19,23.84,23.84,False
cd7cd1aa05d04862a0b8c346f291167e,scene-1094,night,car,vehicle.car,truck,v80-100,141.0,23.55,21.03,8.32,17.06,16.71,16.89,False
cd7cd1aa05d04862a0b8c346f291167e,scene-1094,night,car,vehicle.car,car,v80-100,385.0,8.52,6.19,0.0,6.29,6.07,6.14,True
cd7cd1aa05d04862a0b8c346f291167e,scene-1094,night,pedestrian,human.pedestrian.adult,person,v80-100,70.6,34.88,34.41,4.51,22.36,21.66,21.91,False
cd7cd1aa05d04862a0b8c346f291167e,scene-1094,night,pedestrian,human.pedestrian.adult,person,v80-100,84.4,26.03,25.57,3.32,19.09,18.5,18.66,False
cd7cd1aa05d04862a0b8c346f291167e,scene-1094,night,pedestrian,human.pedestrian.adult,person,v80-100,99.0,23.45,22.91,4.04,16.7,16.37,16.54,False
cd7cd1aa05d04862a0b8c346f291167e,scene-1094,night,pedestrian,human.pedestrian.adult,person,v80-100,93.3,26.15,25.68,9.09,19.42,18.42,18.92,False
cd7cd1aa05d04862a0b8c346f291167e,scene-1094,night,pedestrian,human.pedestrian.personal_mobility,person,v80-100,359.1,8.47,7.72,3.96,6.7,6.11,6.36,False
c1a7b405ddce4180bdc32190642cda91,scene-1094,night,pedestrian,human.pedestrian.adult,person,v80-100,72.1,34.04,33.6,3.84,25.91,25.34,25.64,False
c1a7b405ddce4180bdc32190642cda91,scene-1094,night,car,vehicle.car,truck,v80-100,149.3,22.66,20.14,8.44,16.92,16.37,16.54,False
c1a7b405ddce4180bdc32190642cda91,scene-1094,night,car,vehicle.car,car,v80-100,402.0,8.33,5.98,0.0,5.91,5.68,5.75,True
c1a7b405ddce4180bdc32190642cda91,scene-1094,night,car,vehicle.car,truck,v80-100,161.4,28.29,25.39,7.04,22.83,20.92,22.61,False
c1a7b405ddce4180bdc32190642cda91,scene-1094,night,pedestrian,human.pedestrian.adult,person,v80-100,76.1,31.9,31.48,14.36,24.94,24.45,24.56,False
c1a7b405ddce4180bdc32190642cda91,scene-1094,night,pedestrian,human.pedestrian.adult,person,v80-100,86.6,25.43,24.98,3.65,18.1,17.81,17.89,False
4533b16ea9124957960f9ccd5eeb2429,scene-1094,night,car,vehicle.car,truck,v80-100,161.0,21.54,19.01,8.49,14.22,13.99,14.1,False
4533b16ea9124957960f9ccd5eeb2429,scene-1094,night,car,vehicle.car,car,v80-100,431.4,8.06,5.73,0.4,5.35,5.05,5.15,True
4533b16ea9124957960f9ccd5eeb2429,scene-1094,night,pedestrian,human.pedestrian.adult,person,v80-100,79.5,30.44,30.0,13.53,22.51,21.61,22.21,False
4533b16ea9124957960f9ccd5eeb2429,scene-1094,night,pedestrian,human.pedestrian.adult,person,v80-100,100.2,25.05,24.6,10.23,16.66,16.19,16.53,False
4533b16ea9124957960f9ccd5eeb2429,scene-1094,night,pedestrian,human.pedestrian.adult,person,v80-100,105.5,22.33,21.81,5.1,14.35,14.19,14.22,False
4533b16ea9124957960f9ccd5eeb2429,scene-1094,night,pedestrian,human.pedestrian.adult,person,v80-100,90.1,24.55,24.1,4.11,17.61,17.2,17.33,False
4533b16ea9124957960f9ccd5eeb2429,scene-1094,night,pedestrian,human.pedestrian.adult,person,v80-100,74.2,32.94,32.5,2.85,23.03,22.7,22.83,False
4533b16ea9124957960f9ccd5eeb2429,scene-1094,night,pedestrian,human.pedestrian.adult,person,v80-100,104.8,20.88,20.52,1.55,8.85,7.83,7.96,False
886031e85e7a43a49fe3cc374cfd9719,scene-1094,night,parked two-wheeler,vehicle.bicycle,bicycle,v80-100,58.3,25.42,25.07,3.58,18.51,17.81,18.01,False
886031e85e7a43a49fe3cc374cfd9719,scene-1094,night,car,vehicle.car,car,v80-100,446.5,7.94,5.61,1.05,4.78,4.45,4.57,True
886031e85e7a43a49fe3cc374cfd9719,scene-1094,night,pedestrian,human.pedestrian.adult,person,v80-100,72.1,31.44,31.03,13.24,23.77,23.04,23.16,False
886031e85e7a43a49fe3cc374cfd9719,scene-1094,night,pedestrian,human.pedestrian.adult,person,v80-100,108.6,20.15,19.8,1.53,14.47,13.73,14.22,False
886031e85e7a43a49fe3cc374cfd9719,scene-1094,night,car,vehicle.car,car,v80-100,174.7,20.43,17.91,8.49,9.65,6.13,8.22,False
3f63e450629640d58fd6b27fcfcbf0c2,scene-1094,night,pedestrian,human.pedestrian.adult,person,v80-100,75.7,30.06,29.67,12.89,21.33,21.05,21.05,False
3f63e450629640d58fd6b27fcfcbf0c2,scene-1094,night,pedestrian,human.pedestrian.adult,person,v60-80,113.0,19.37,19.04,1.15,12.63,11.84,12.27,True
3f63e450629640d58fd6b27fcfcbf0c2,scene-1094,night,car,vehicle.car,car,v80-100,474.3,8.15,5.83,2.11,4.52,4.27,4.36,False
be6fb7ba760d4c94834582f6ad761252,scene-1094,night,car,vehicle.car,truck,v80-100,201.5,23.27,20.31,5.75,14.78,14.1,14.34,False
be6fb7ba760d4c94834582f6ad761252,scene-1094,night,pedestrian,human.pedestrian.adult,person,v80-100,123.0,18.75,18.43,0.65,13.09,12.6,12.87,True
be6fb7ba760d4c94834582f6ad761252,scene-1094,night,pedestrian,human.pedestrian.adult,person,v80-100,81.1,28.8,28.42,13.67,16.05,15.52,15.59,False
be6fb7ba760d4c94834582f6ad761252,scene-1094,night,car,vehicle.car,car,v80-100,77.8,26.43,24.87,0.0,19.3,18.85,19.07,True
be6fb7ba760d4c94834582f6ad761252,scene-1094,night,car,vehicle.car,car,v80-100,202.7,18.2,15.68,7.54,4.09,3.92,3.98,False
be6fb7ba760d4c94834582f6ad761252,scene-1094,night,pedestrian,human.pedestrian.adult,person,v80-100,127.2,19.85,19.37,8.01,12.97,11.75,12.38,False
41377f1b5cb34525885b97cf94f55f35,scene-1094,night,car,vehicle.car,truck,v80-100,209.6,17.04,14.52,5.85,11.03,10.59,10.74,False
41377f1b5cb34525885b97cf94f55f35,scene-1094,night,car,vehicle.car,truck,v80-100,209.8,21.99,19.0,3.35,15.28,14.35,14.6,False
41377f1b5cb34525885b97cf94f55f35,scene-1094,night,car,vehicle.car,car,v80-100,82.6,25.12,23.56,0.0,18.24,17.81,18.01,True
41377f1b5cb34525885b97cf94f55f35,scene-1094,night,pedestrian,human.pedestrian.adult,person,v80-100,121.8,20.66,20.26,10.08,14.74,14.58,14.6,False
eed2863fa9f74b1b89b6f60ded77d9a9,scene-1094,night,car,vehicle.car,truck,v80-100,219.8,20.7,17.72,0.0,14.35,13.29,13.61,True
eed2863fa9f74b1b89b6f60ded77d9a9,scene-1094,night,car,vehicle.car,truck,v80-100,214.2,15.85,13.33,3.37,10.59,10.13,10.27,False
eed2863fa9f74b1b89b6f60ded77d9a9,scene-1094,night,pedestrian,human.pedestrian.adult,person,v80-100,139.1,17.26,16.96,4.08,11.93,11.5,11.59,False
eed2863fa9f74b1b89b6f60ded77d9a9,scene-1094,night,car,vehicle.car,car,v80-100,90.4,23.9,22.38,2.62,17.24,16.07,16.54,False
eed2863fa9f74b1b89b6f60ded77d9a9,scene-1094,night,pedestrian,human.pedestrian.adult,person,v80-100,133.8,17.14,16.83,4.73,11.86,11.42,11.58,False
6b624130797744aaa0d2103ee47080d0,scene-1094,night,car,vehicle.car,truck,v80-100,297.8,12.03,9.81,4.56,6.79,6.56,6.64,False
6b624130797744aaa0d2103ee47080d0,scene-1094,night,car,vehicle.car,truck,v80-100,240.5,19.33,16.4,0.0,13.74,10.55,12.76,True
6b624130797744aaa0d2103ee47080d0,scene-1094,night,car,vehicle.car,truck,v80-100,227.8,14.42,11.91,0.41,10.74,10.1,10.32,True
6b624130797744aaa0d2103ee47080d0,scene-1094,night,car,vehicle.car,car,v80-100,105.9,22.72,21.28,7.51,16.05,14.3,15.55,False
720a7aa4cb6c49c7ae26c748323af4ab,scene-1094,night,car,vehicle.car,car,v80-100,235.9,13.38,11.19,3.58,8.96,8.62,8.76,False
720a7aa4cb6c49c7ae26c748323af4ab,scene-1094,night,car,vehicle.car,bus,v80-100,288.8,17.85,14.99,3.03,14.47,12.76,13.29,False
720a7aa4cb6c49c7ae26c748323af4ab,scene-1094,night,car,vehicle.car,bus,v80-100,262.2,12.77,10.26,0.0,10.07,9.65,9.77,True
a05d0c1ad7d541d9a6f7c4e963555fb0,scene-1094,night,car,vehicle.car,car,v80-100,195.9,14.7,12.5,1.69,11.03,10.88,10.93,False
8233dc33889341648a3b873aca8df7c6,scene-1094,night,car,vehicle.car,car,v80-100,149.5,17.49,15.16,7.05,12.48,11.01,11.75,False
8233dc33889341648a3b873aca8df7c6,scene-1094,night,car,vehicle.car,car,v80-100,172.5,15.9,13.67,0.0,13.51,13.29,13.4,True
dbfa650384564594906313c18c49c9e6,scene-1094,night,car,vehicle.car,car,v80-100,127.8,21.64,19.01,6.95,14.54,11.26,12.39,False
dbfa650384564594906313c18c49c9e6,scene-1094,night,car,vehicle.car,car,v80-100,157.0,17.14,14.97,0.0,15.44,15.29,15.29,True
dbfa650384564594906313c18c49c9e6,scene-1094,night,car,vehicle.car,car,v80-100,86.2,29.1,26.78,6.47,19.71,15.3,16.46,False
dbfa650384564594906313c18c49c9e6,scene-1094,night,car,vehicle.car,car,v80-100,61.5,37.02,34.68,5.61,23.16,19.48,20.52,False
4e4858e6e8cf442aa77238755f7a4d4a,scene-1094,night,car,vehicle.car,car,v80-100,148.1,18.15,15.99,0.0,16.03,15.89,15.89,True
4e4858e6e8cf442aa77238755f7a4d4a,scene-1094,night,car,vehicle.car,car,v80-100,156.1,19.11,16.5,7.65,13.07,9.88,10.99,False
4e4858e6e8cf442aa77238755f7a4d4a,scene-1094,night,car,vehicle.car,car,v80-100,69.0,34.0,31.64,6.84,21.12,17.63,18.63,False
4e4858e6e8cf442aa77238755f7a4d4a,scene-1094,night,car,vehicle.car,car,v80-100,98.6,26.44,24.1,7.45,20.26,14.47,15.87,False
d7330cd5962148fc916a277e8fa8a0e8,scene-1094,night,car,vehicle.car,car,v80-100,140.0,19.16,17.0,0.0,16.2,16.05,16.05,True
d7330cd5962148fc916a277e8fa8a0e8,scene-1094,night,car,vehicle.car,car,v40-60,152.0,26.34,23.47,10.69,17.43,10.32,11.18,False
d7330cd5962148fc916a277e8fa8a0e8,scene-1094,night,car,vehicle.car,car,v80-100,78.4,30.7,28.33,7.57,16.91,14.55,15.29,False
d7330cd5962148fc916a277e8fa8a0e8,scene-1094,night,car,vehicle.car,car,v80-100,203.4,16.44,13.89,8.04,11.31,8.72,9.21,False
75eda5e473a64573a978b923da722bc4,scene-1094,night,car,vehicle.car,car,v80-100,133.5,20.01,17.86,0.0,18.32,18.21,18.21,True
75eda5e473a64573a978b923da722bc4,scene-1094,night,car,vehicle.car,car,v40-60,178.8,23.84,20.99,11.16,11.18,10.03,10.46,False
5cd71932637b4529939203433c8a26d2,scene-1094,night,car,vehicle.car,bus,v80-100,126.8,20.97,18.8,0.0,18.63,18.42,18.42,True
0ed3f1797f7440a39f93be12b852adee,scene-1094,night,car,vehicle.car,car,v80-100,120.6,21.84,19.67,0.0,20.78,20.52,20.61,True
5142afdaddc24595b44a210fc39b52ab,scene-1094,night,car,vehicle.car,car,v80-100,113.7,22.88,20.71,0.0,21.91,21.71,21.91,True
5142afdaddc24595b44a210fc39b52ab,scene-1094,night,pedestrian,human.pedestrian.adult,person,v80-100,115.0,20.39,20.03,4.51,22.52,21.91,22.07,False
ffa9bd002e7f47ec93caaa9f45fa03e6,scene-1094,night,car,vehicle.car,car,v80-100,110.1,23.53,21.37,0.03,22.51,22.21,22.21,True
ffa9bd002e7f47ec93caaa9f45fa03e6,scene-1094,night,pedestrian,human.pedestrian.adult,person,v80-100,151.0,15.87,15.5,4.48,18.85,17.81,18.01,False
f427799486934c7f98a66790d9b52332,scene-1094,night,car,vehicle.car,car,v80-100,106.0,24.3,22.14,0.0,21.91,21.61,21.75,True
f427799486934c7f98a66790d9b52332,scene-1094,night,pedestrian,human.pedestrian.adult,person,v80-100,224.4,11.32,10.93,4.49,11.58,11.03,11.1,False
f427799486934c7f98a66790d9b52332,scene-1094,night,car,vehicle.car,car,v80-100,37.5,52.63,50.2,7.91,41.56,40.53,41.45,False
dd508289c957487b969d55c879df3781,scene-1094,night,car,vehicle.car,car,v80-100,102.7,25.01,22.84,0.0,24.56,24.09,24.19,True
dd508289c957487b969d55c879df3781,scene-1094,night,pedestrian,human.pedestrian.adult,person,v80-100,117.8,18.02,17.52,2.94,20.32,19.53,19.71,False
dd508289c957487b969d55c879df3781,scene-1094,night,pedestrian,human.pedestrian.adult,person,v80-100,98.0,25.12,24.64,1.92,24.87,24.19,24.38,False
f74877ed3166478abb14d1373ecaf917,scene-1094,night,car,vehicle.car,car,v80-100,101.8,25.78,23.61,0.0,24.56,24.19,24.35,True
f74877ed3166478abb14d1373ecaf917,scene-1094,night,car,vehicle.car,car,v80-100,62.1,34.12,31.65,7.51,31.35,30.02,30.53,False
f74877ed3166478abb14d1373ecaf917,scene-1094,night,pedestrian,human.pedestrian.adult,person,v80-100,167.9,12.99,12.53,2.8,14.45,13.97,14.22,False
f74877ed3166478abb14d1373ecaf917,scene-1094,night,car,vehicle.car,car,v80-100,66.2,34.69,32.24,10.86,28.13,26.91,27.47,False
f567ac89901f4f81b4f65fed6aa1f93c,scene-1094,night,car,vehicle.car,car,v80-100,98.2,26.62,24.44,0.0,24.56,24.19,24.19,True
f567ac89901f4f81b4f65fed6aa1f93c,scene-1094,night,bus,vehicle.bus.rigid,car,v80-100,83.1,58.1,51.81,9.97,41.56,36.84,38.48,False
f567ac89901f4f81b4f65fed6aa1f93c,scene-1094,night,pedestrian,human.pedestrian.adult,person,v80-100,295.0,7.97,7.47,2.65,9.82,9.37,9.52,False
f567ac89901f4f81b4f65fed6aa1f93c,scene-1094,night,car,vehicle.car,car,v80-100,89.7,27.35,24.9,10.89,19.3,18.85,19.06,False
f567ac89901f4f81b4f65fed6aa1f93c,scene-1094,night,car,vehicle.car,car,v80-100,88.8,25.24,22.76,7.51,21.91,20.48,20.78,False
f567ac89901f4f81b4f65fed6aa1f93c,scene-1094,night,pedestrian,human.pedestrian.adult,person,v80-100,147.7,17.04,16.57,2.75,16.77,16.24,16.48,False
90e01def881c48e4876ee016315103ae,scene-1094,night,car,vehicle.car,car,v80-100,152.0,17.01,14.57,7.53,14.63,13.24,13.85,False
90e01def881c48e4876ee016315103ae,scene-1094,night,car,vehicle.car,car,v80-100,94.7,27.34,25.16,0.0,25.33,24.94,24.94,True
f2100c6bab3d413fb61c6a2da29bddd0,scene-1094,night,car,vehicle.car,car,v80-100,91.5,28.21,26.02,0.0,26.03,25.73,25.73,True
e39d8498f61e4053b47b41fb297d66ea,scene-1094,night,car,vehicle.car,car,v80-100,89.1,28.73,26.54,0.0,26.57,26.15,26.15,True
f598d2c67f5b4b91afd4d96f0a8f1e4e,scene-1094,night,car,vehicle.car,car,v80-100,87.6,29.25,27.06,0.0,27.95,27.47,27.71,True
f598d2c67f5b4b91afd4d96f0a8f1e4e,scene-1094,night,bus,vehicle.bus.rigid,bus,v80-100,238.0,26.23,20.11,9.75,23.16,20.78,21.33,False
adf5fff3a1634f1a9b472495f3a54fd3,scene-1094,night,car,vehicle.car,car,v80-100,86.6,29.69,27.5,0.0,28.95,28.42,28.44,True
cb4de282449d47259956e27cbaacbbab,scene-1094,night,car,vehicle.car,car,v80-100,85.8,30.0,27.8,0.0,29.53,28.95,29.05,True
d77a138a272b4ebcbbe509afa6ef241a,scene-1094,night,car,vehicle.car,car,v80-100,85.9,30.0,27.8,0.0,31.17,30.59,31.11,True
d77a138a272b4ebcbbe509afa6ef241a,scene-1094,night,car,vehicle.car,car,v80-100,42.2,53.84,51.53,7.64,55.9,41.89,50.66,False
552b0ec30c78436e8ea464cff1c604a3,scene-1094,night,car,vehicle.car,car,v80-100,54.8,42.05,39.73,7.35,50.66,37.69,41.56,False
552b0ec30c78436e8ea464cff1c604a3,scene-1094,night,car,vehicle.car,car,v80-100,85.3,30.02,27.83,0.0,30.5,30.02,30.02,True
3c7f6d4b49ce40e58f3b3455c7e4362d,scene-1094,night,car,vehicle.car,car,v80-100,85.0,30.02,27.84,0.0,32.1,31.78,31.78,True
4ac688756fe74af8ae12c2454f8b8f28,scene-1094,night,car,vehicle.car,car,v80-100,85.6,29.98,27.81,0.0,31.17,30.59,30.59,True
4ac688756fe74af8ae12c2454f8b8f28,scene-1094,night,pedestrian,human.pedestrian.adult,person,v60-80,99.6,26.35,25.97,5.28,19.66,17.62,18.21,False
243364c317fa40cca58f8ed708a0bf88,scene-1094,night,car,vehicle.car,truck,v80-100,86.1,29.86,27.69,0.0,26.81,26.15,26.57,True
51ceae8a5ecc4730950666723c135bc8,scene-1100,night,bus,vehicle.bus.rigid,bus,v80-100,95.2,73.64,67.56,32.82,39.38,38.14,38.6,False
51ceae8a5ecc4730950666723c135bc8,scene-1100,night,car,vehicle.car,car,v80-100,134.9,19.07,16.92,0.0,16.07,14.62,15.01,True
51ceae8a5ecc4730950666723c135bc8,scene-1100,night,car,vehicle.car,car,v80-100,129.0,20.37,18.27,3.71,15.44,14.77,15.01,False
51ceae8a5ecc4730950666723c135bc8,scene-1100,night,car,vehicle.car,car,v80-100,54.5,53.34,51.23,25.74,32.93,31.78,32.42,False
82fcade9fdcc431a850fdb715502a770,scene-1100,night,bus,vehicle.bus.rigid,bus,v80-100,95.1,73.69,67.61,32.84,33.08,32.42,32.42,False
82fcade9fdcc431a850fdb715502a770,scene-1100,night,car,vehicle.car,car,v80-100,54.4,53.46,51.35,25.81,27.95,27.47,27.47,False
5e556ec52f1b4751a90298d8103510a5,scene-1100,night,bus,vehicle.bus.rigid,bus,v80-100,95.0,73.75,67.67,32.87,35.24,34.49,34.49,False
5e556ec52f1b4751a90298d8103510a5,scene-1100,night,car,vehicle.car,car,v80-100,191.8,14.1,11.99,0.0,10.95,10.36,10.5,True
5e556ec52f1b4751a90298d8103510a5,scene-1100,night,car,vehicle.car,car,v60-80,66.9,35.45,33.31,10.17,23.49,18.38,22.03,False
5e556ec52f1b4751a90298d8103510a5,scene-1100,night,cyclist,vehicle.motorcycle,person,v80-100,147.0,18.19,17.93,8.72,16.54,16.21,16.36,False
5e556ec52f1b4751a90298d8103510a5,scene-1100,night,car,vehicle.car,car,v80-100,54.2,53.59,51.48,25.88,30.59,29.47,29.93,False
5e556ec52f1b4751a90298d8103510a5,scene-1100,night,car,vehicle.car,car,v80-100,246.4,11.27,9.13,0.0,11.75,8.63,8.99,True
dc1a0ca1014f488e833f586f234832e4,scene-1100,night,bus,vehicle.bus.rigid,bus,v80-100,94.9,73.81,67.73,32.9,36.42,35.38,36.02,False
dc1a0ca1014f488e833f586f234832e4,scene-1100,night,car,vehicle.car,car,v80-100,54.1,53.72,51.6,25.96,30.45,29.55,30.02,False
dc1a0ca1014f488e833f586f234832e4,scene-1100,night,cyclist,vehicle.motorcycle,person,v80-100,147.0,18.19,17.93,8.72,15.38,15.16,15.29,False
0130791235774e26b1986c78d11b4d30,scene-1100,night,bus,vehicle.bus.rigid,bus,v80-100,94.8,73.87,67.78,32.93,35.24,34.18,34.49,False
0130791235774e26b1986c78d11b4d30,scene-1100,night,car,vehicle.car,car,v80-100,53.9,53.85,51.73,26.03,30.19,29.47,29.71,False
cec0634dd47c47288a246deeb5f589a2,scene-1100,night,bus,vehicle.bus.rigid,bus,v80-100,94.8,73.92,67.84,32.96,32.4,31.4,31.78,False
cec0634dd47c47288a246deeb5f589a2,scene-1100,night,car,vehicle.car,car,v80-100,114.1,21.59,19.42,3.76,13.07,12.75,12.82,False
cec0634dd47c47288a246deeb5f589a2,scene-1100,night,car,vehicle.car,car,v80-100,53.8,53.98,51.85,26.11,27.47,26.15,26.81,False
fb4f791fc3bf46539c5b913682afad84,scene-1100,night,car,vehicle.car,car,v80-100,50.1,47.57,45.27,12.71,23.72,23.11,23.16,False
fb4f791fc3bf46539c5b913682afad84,scene-1100,night,cyclist,vehicle.motorcycle,person,v80-100,147.2,18.19,17.92,8.75,12.97,12.79,12.87,False
fb4f791fc3bf46539c5b913682afad84,scene-1100,night,bus,vehicle.bus.rigid,bus,v80-100,94.7,73.99,67.9,33.02,34.11,28.44,33.08,False
2a88a6dbc8054e79b75ef478a492209d,scene-1100,night,bus,vehicle.bus.rigid,truck,v80-100,94.7,74.05,67.97,33.1,30.59,30.02,30.3,False
2a88a6dbc8054e79b75ef478a492209d,scene-1100,night,cyclist,vehicle.motorcycle,person,v80-100,147.2,18.19,17.92,8.75,13.97,13.74,13.85,False
2a88a6dbc8054e79b75ef478a492209d,scene-1100,night,car,vehicle.car,car,v80-100,53.7,54.05,51.92,26.14,26.56,25.73,25.96,False
2a88a6dbc8054e79b75ef478a492209d,scene-1100,night,car,vehicle.car,car,v80-100,226.7,11.67,9.45,0.0,8.1,7.83,7.91,True
2a88a6dbc8054e79b75ef478a492209d,scene-1100,night,car,vehicle.car,car,v80-100,56.2,42.4,40.09,10.37,23.75,22.83,23.43,False
5bae7bae1021425d85461c905c4e4257,scene-1100,night,car,vehicle.car,car,v80-100,64.1,37.26,34.93,8.04,24.56,23.49,23.84,False
5bae7bae1021425d85461c905c4e4257,scene-1100,night,car,vehicle.car,car,v80-100,53.6,54.09,51.96,26.16,30.12,28.95,29.47,False
5bae7bae1021425d85461c905c4e4257,scene-1100,night,bus,vehicle.bus.rigid,bus,v80-100,94.6,74.11,68.03,33.17,35.87,34.96,35.24,False
5bae7bae1021425d85461c905c4e4257,scene-1100,night,cyclist,vehicle.motorcycle,person,v80-100,147.3,18.19,17.92,8.76,15.01,14.74,14.87,False
5bae7bae1021425d85461c905c4e4257,scene-1100,night,car,vehicle.car,car,v80-100,40.4,58.25,55.99,17.59,30.59,30.02,30.02,False
5bae7bae1021425d85461c905c4e4257,scene-1100,night,car,vehicle.car,car,v80-100,114.5,27.3,25.19,13.67,17.24,16.67,16.84,False
5bae7bae1021425d85461c905c4e4257,scene-1100,night,car,vehicle.car,car,v80-100,419.4,7.01,4.83,0.0,5.46,4.91,5.04,True
5aba40e3d8ee4846a6031238504ae286,scene-1100,night,car,vehicle.car,car,v80-100,90.5,33.86,31.78,17.09,17.62,17.24,17.43,False
5aba40e3d8ee4846a6031238504ae286,scene-1100,night,bus,vehicle.bus.rigid,bus,v80-100,94.6,74.18,68.09,33.27,34.49,33.78,34.49,False
5aba40e3d8ee4846a6031238504ae286,scene-1100,night,car,vehicle.car,car,v80-100,53.6,54.13,52.0,26.2,27.26,26.57,26.79,False
5aba40e3d8ee4846a6031238504ae286,scene-1100,night,cyclist,vehicle.motorcycle,person,v80-100,147.3,18.19,17.92,8.76,13.89,13.4,13.57,False
5aba40e3d8ee4846a6031238504ae286,scene-1100,night,car,vehicle.car,car,v80-100,44.0,53.65,51.38,15.71,26.15,25.73,25.73,False
8cee078e41ba487195016581ef895eb8,scene-1100,night,bus,vehicle.bus.rigid,bus,v80-100,94.7,74.25,68.16,33.56,31.8,31.17,31.78,False
8cee078e41ba487195016581ef895eb8,scene-1100,night,car,vehicle.car,car,v80-100,87.4,27.59,25.24,3.72,16.54,15.29,15.59,False
8cee078e41ba487195016581ef895eb8,scene-1100,night,car,vehicle.car,car,v80-100,47.8,49.54,47.26,14.04,22.92,22.69,22.83,False
8cee078e41ba487195016581ef895eb8,scene-1100,night,car,vehicle.car,car,v80-100,53.7,54.19,52.05,26.55,26.57,25.73,26.15,False
8cee078e41ba487195016581ef895eb8,scene-1100,night,cyclist,vehicle.motorcycle,person,v80-100,146.9,18.19,17.92,8.7,13.72,13.47,13.55,False
1ccd17b9ef5141099e59eb72127241b2,scene-1100,night,bus,vehicle.bus.rigid,bus,v80-100,94.4,74.72,68.63,34.13,30.62,30.07,30.59,False
1ccd17b9ef5141099e59eb72127241b2,scene-1100,night,car,vehicle.car,car,v80-100,108.5,22.52,20.15,1.53,13.51,12.76,12.96,False
1ccd17b9ef5141099e59eb72127241b2,scene-1100,night,car,vehicle.car,car,v80-100,53.0,44.92,42.64,12.18,22.51,21.29,21.61,False
1ccd17b9ef5141099e59eb72127241b2,scene-1100,night,car,vehicle.car,car,v80-100,53.4,54.71,52.57,27.05,25.73,24.94,25.2,False
649df4f65e0a479baaa2fd35e62f4161,scene-1100,night,bus,vehicle.bus.rigid,bus,v80-100,93.6,75.21,69.12,34.3,30.02,28.42,29.47,False
649df4f65e0a479baaa2fd35e62f4161,scene-1100,night,car,vehicle.car,car,v80-100,59.1,40.35,38.05,10.03,18.85,18.42,18.63,False
649df4f65e0a479baaa2fd35e62f4161,scene-1100,night,car,vehicle.car,car,v80-100,142.4,17.6,15.23,0.0,11.1,10.46,10.59,True
649df4f65e0a479baaa2fd35e62f4161,scene-1100,night,car,vehicle.car,car,v80-100,52.9,55.02,52.88,27.14,23.84,22.85,23.49,False
649df4f65e0a479baaa2fd35e62f4161,scene-1100,night,cyclist,vehicle.motorcycle,person,v80-100,148.7,18.05,17.81,8.72,13.85,13.42,13.74,False
71f45d9cab8f4716aabde882bd8bcc80,scene-1100,night,bus,vehicle.bus.rigid,bus,v80-100,93.0,75.72,69.63,34.56,38.57,31.17,36.64,False
71f45d9cab8f4716aabde882bd8bcc80,scene-1100,night,car,vehicle.car,car,v80-100,65.9,36.24,33.93,8.08,22.82,22.21,22.51,False
71f45d9cab8f4716aabde882bd8bcc80,scene-1100,night,car,vehicle.car,car,v80-100,206.6,12.96,10.62,0.0,10.05,9.42,9.59,True
639ffa5d537147cf8bd37be080d6cfa0,scene-1100,night,bus,vehicle.bus.rigid,bus,v80-100,92.3,76.23,70.15,34.83,36.02,33.77,34.77,False
639ffa5d537147cf8bd37be080d6cfa0,scene-1100,night,car,vehicle.car,car,v80-100,52.3,55.68,53.53,27.47,28.44,27.5,27.95,False
639ffa5d537147cf8bd37be080d6cfa0,scene-1100,night,car,vehicle.car,car,v80-100,379.6,8.85,6.77,1.72,6.7,6.02,6.27,False
639ffa5d537147cf8bd37be080d6cfa0,scene-1100,night,car,vehicle.car,car,v80-100,74.5,32.16,29.83,6.14,20.01,19.3,19.53,False
93f325d6ad2e47cb951226809c28f7d2,scene-1100,night,bus,vehicle.bus.rigid,bus,v80-100,91.6,76.74,70.66,35.1,32.42,31.17,31.78,False
93f325d6ad2e47cb951226809c28f7d2,scene-1100,night,car,vehicle.car,car,v80-100,85.2,28.18,25.85,4.23,16.05,14.6,14.77,False
93f325d6ad2e47cb951226809c28f7d2,scene-1100,night,car,vehicle.car,car,v80-100,52.0,56.01,53.86,27.64,26.15,24.94,25.33,False
91db399968274b33873d36d9e6ce5965,scene-1100,night,bus,vehicle.bus.rigid,bus,v80-100,91.0,77.26,71.18,35.43,34.49,32.42,33.77,False
91db399968274b33873d36d9e6ce5965,scene-1100,night,car,vehicle.car,car,v80-100,51.7,56.34,54.19,27.85,25.69,24.85,24.94,False
91db399968274b33873d36d9e6ce5965,scene-1100,night,pedestrian,human.pedestrian.adult,person,v80-100,129.9,18.95,18.77,7.28,12.82,12.57,12.68,False
f4cad237e12f4e6ebbc06465ff636017,scene-1100,night,bus,vehicle.bus.rigid,bus,v80-100,90.7,77.83,71.75,36.2,29.02,27.89,28.44,False
f4cad237e12f4e6ebbc06465ff636017,scene-1100,night,car,vehicle.car,car,v80-100,51.4,56.83,54.67,28.51,23.49,22.83,22.83,False
f4cad237e12f4e6ebbc06465ff636017,scene-1100,night,car,vehicle.car,car,v80-100,118.9,20.52,18.18,0.32,11.18,10.2,10.39,True
8a9c799e507647a68bc4b2b122747076,scene-1100,night,car,vehicle.car,car,v80-100,51.5,57.18,55.02,29.35,27.02,26.15,26.57,False
7bd7512987874d0a9a0d7d0a899622ed,scene-1100,night,bus,vehicle.bus.rigid,bus,v80-100,87.4,80.85,74.78,38.19,31.53,30.59,31.17,False
7bd7512987874d0a9a0d7d0a899622ed,scene-1100,night,car,vehicle.car,car,v80-100,167.5,15.15,13.3,0.0,10.02,9.48,9.75,True
7bd7512987874d0a9a0d7d0a899622ed,scene-1100,night,car,vehicle.car,car,v80-100,51.0,57.58,55.41,29.6,24.94,24.57,24.91,False
2e3cd48e3bb2488d934d1b48982ddf8e,scene-1100,night,car,vehicle.car,car,v80-100,192.3,13.98,12.83,2.3,9.32,8.86,9.0,False
2e3cd48e3bb2488d934d1b48982ddf8e,scene-1100,night,bus,vehicle.bus.rigid,bus,v80-100,85.2,82.82,76.74,39.34,33.65,32.33,33.08,False
2e3cd48e3bb2488d934d1b48982ddf8e,scene-1100,night,car,vehicle.car,car,v80-100,50.0,58.75,56.57,30.35,27.52,26.57,27.02,False
c938275052124ba9b3ec7c28f63011af,scene-1100,night,bus,vehicle.bus.rigid,bus,v80-100,83.8,84.59,78.51,40.93,31.17,30.02,30.59,False
c938275052124ba9b3ec7c28f63011af,scene-1100,night,car,vehicle.car,car,v80-100,205.2,14.06,13.09,4.58,8.87,8.72,8.76,False
c938275052124ba9b3ec7c28f63011af,scene-1100,night,car,vehicle.car,car,v80-100,49.3,59.8,57.63,31.42,27.49,25.33,26.4,False
82ea0ffe57654ac6b6a276c4f2e532d6,scene-1100,night,bus,vehicle.bus.rigid,car,v80-100,82.8,87.29,81.18,44.69,27.47,24.56,25.58,False
9ee04d160a514511a093dd35ea6f5604,scene-1100,night,pedestrian,human.pedestrian.adult,person,v80-100,121.6,18.26,18.05,0.2,12.06,11.51,11.83,True
20b9db8f43d6444ea6eba0e0402dc581,scene-1100,night,pedestrian,human.pedestrian.adult,person,v80-100,122.0,18.16,17.96,0.0,11.26,10.74,10.88,True
5bb3f45dfe05468b8aac65464502f883,scene-1100,night,car,vehicle.car,car,v60-80,61.1,42.26,39.83,18.46,18.01,15.49,17.03,False
9a5000ac405c41959f5c51d25af49d00,scene-1100,night,car,vehicle.car,car,v60-80,68.9,37.37,34.94,15.53,15.74,14.09,15.29,False
7bf078cc3e664137b4960898bc5067e9,scene-1100,night,car,vehicle.car,car,v80-100,94.8,27.62,25.18,9.77,13.48,13.07,13.18,False
70897e74c0224d819a92f17d285ee4c8,scene-1100,night,car,vehicle.car,car,v80-100,116.5,22.66,20.2,6.98,12.34,12.01,12.1,False
83be17e597cc4144bb776fe42336caf7,scene-1100,night,car,vehicle.car,car,v80-100,151.1,17.74,15.26,4.19,10.22,10.0,10.06,False
ccf3c969a3c74cd1b34ab6b1045ad0ab,scene-1100,night,car,vehicle.car,car,v80-100,220.3,12.57,10.06,1.34,7.91,7.5,7.64,False
ccf3c969a3c74cd1b34ab6b1045ad0ab,scene-1100,night,car,vehicle.car,car,v60-80,77.3,35.16,32.85,14.16,20.26,19.32,19.77,False
d05e9e109cd7431eb173763f0d2b2727,scene-1100,night,car,vehicle.car,car,v80-100,91.1,29.88,27.57,11.02,17.54,17.24,17.24,False
d05e9e109cd7431eb173763f0d2b2727,scene-1100,night,car,vehicle.car,car,v80-100,408.2,7.62,5.13,0.0,4.96,4.53,4.64,True
02525bc381f14e45936356c339a23922,scene-1100,night,car,vehicle.car,car,v80-100,110.9,24.64,22.3,7.87,14.86,14.5,14.6,False
02525bc381f14e45936356c339a23922,scene-1100,night,car,vehicle.car,car,v40-60,44.4,49.87,47.48,22.64,28.28,25.24,26.6,False
c76cfc72a390467b8a12f87df95f394b,scene-1100,night,car,vehicle.car,car,v80-100,142.0,19.31,16.95,4.78,11.75,11.42,11.5,False
c76cfc72a390467b8a12f87df95f394b,scene-1100,night,car,vehicle.car,car,v60-80,51.4,43.34,40.96,19.02,22.21,21.61,21.91,False
445dcd95cebc4c21b3e6a929fd2297bc,scene-1100,night,car,vehicle.car,car,v80-100,197.4,14.08,11.7,1.69,9.4,8.86,8.97,False
445dcd95cebc4c21b3e6a929fd2297bc,scene-1100,night,car,vehicle.car,car,v80-100,61.2,36.79,34.42,15.54,22.83,21.05,21.61,False
