image,type,class,distance_m,box_height_px,occluded,truncated,best_conf
000000,Pedestrian,pedestrian,8.61,164.9,0,0.0,0.908
000001,Truck,truck,69.44,32.8,0,0.0,0.502
000001,Car,car,60.78,21.6,0,0.0,0.826
000001,Cyclist,cyclist,46.07,30.0,3,0.0,0.0
000002,Car,car,34.53,33.3,0,0.0,0.807
000009,Car,car,23.89,52.5,0,0.0,0.842
000009,Car,car,66.37,16.2,2,0.0,0.329
000009,Car,car,68.29,15.4,0,0.0,0.759
000012,Car,car,59.08,19.2,0,0.0,0.677
000012,Van,van,66.31,29.3,0,0.0,0.67
000015,Car,car,4.94,178.3,0,0.89,0.952
000015,Pedestrian,pedestrian,8.95,183.3,1,0.0,0.85
000015,Pedestrian,pedestrian,24.27,52.6,0,0.0,0.728
000015,Pedestrian,pedestrian,24.44,54.9,0,0.0,0.824
000015,Pedestrian,pedestrian,23.37,56.3,0,0.0,0.486
000019,Truck,truck,6.31,374.0,1,0.74,0.938
000019,Car,car,10.13,136.9,0,0.0,0.905
000019,Van,van,35.42,43.3,0,0.0,0.449
000019,Car,car,59.71,20.2,0,0.0,0.766
000026,Truck,truck,37.35,56.6,1,0.0,0.587
000026,Car,car,68.47,16.8,0,0.0,0.537
000027,Van,van,14.87,197.1,3,0.0,0.742
000027,Car,car,73.47,12.9,0,0.0,0.492
000030,Car,car,41.95,26.0,0,0.0,0.74
000031,Car,car,12.61,116.8,0,0.0,0.89
000031,Car,car,9.04,161.1,0,0.0,0.89
000031,Car,car,13.46,98.0,1,0.0,0.871
000031,Truck,truck,22.54,96.7,2,0.0,0.742
000031,Car,car,26.55,43.3,0,0.0,0.852
000031,Van,van,51.93,28.9,0,0.0,0.278
000052,Car,car,19.99,62.7,0,0.0,0.853
000052,Car,car,21.17,61.7,1,0.0,0.792
000052,Car,car,34.91,40.1,1,0.0,0.761
000052,Car,car,68.3,25.2,0,0.0,0.722
000052,Van,van,12.2,144.1,0,0.0,0.749
000052,Car,car,18.93,66.3,0,0.0,0.863
000058,Pedestrian,pedestrian,7.46,163.2,0,0.0,0.879
000063,Car,car,20.38,68.7,0,0.0,0.878
000063,Car,car,11.79,112.8,2,0.0,0.689
000063,Pedestrian,pedestrian,10.44,124.1,2,0.0,0.0
000063,Van,van,36.84,46.1,0,0.0,0.689
000064,Car,car,26.95,40.0,0,0.0,0.859
000064,Car,car,13.89,95.4,0,0.0,0.929
000064,Car,car,39.77,28.3,1,0.0,0.815
000064,Truck,truck,17.97,206.3,1,0.0,0.916
000069,Car,car,18.5,71.0,0,0.0,0.919
000069,Car,car,62.9,16.4,1,0.0,0.514
000072,Car,car,32.14,49.8,1,0.25,0.641
000072,Car,car,13.25,101.2,0,0.0,0.922
000072,Car,car,32.6,39.0,0,0.0,0.847
000075,Car,car,3.3,236.3,0,1.0,0.737
000075,Car,car,16.81,77.0,0,0.0,0.848
000075,Car,car,22.83,55.0,1,0.0,0.822
000075,Car,car,28.36,40.5,1,0.0,0.808
000075,Car,car,56.08,24.9,2,0.0,0.06
000078,Van,van,6.86,231.5,0,0.66,0.816
000078,Car,car,11.61,141.7,1,0.0,0.709
000078,Car,car,34.61,34.5,0,0.0,0.779
000078,Car,car,51.28,21.2,0,0.0,0.676
000079,Car,car,47.03,21.6,0,0.0,0.768
000079,Truck,truck,25.97,187.2,2,0.0,0.885
000079,Car,car,37.43,29.5,0,0.0,0.717
000079,Car,car,10.93,119.7,0,0.0,0.947
000079,Car,car,11.54,147.7,0,0.16,0.934
000079,Car,car,44.73,24.8,2,0.0,0.0
000079,Tram,tram,90.1,30.2,2,0.0,0.086
000081,Car,car,76.57,16.2,0,0.0,0.547
000081,Truck,truck,75.8,29.9,0,0.0,0.304
000081,Tram,tram,18.01,233.2,1,0.74,0.78
000081,Tram,tram,31.96,95.9,1,0.0,0.0
000082,Car,car,64.64,16.6,0,0.0,0.66
000082,Truck,truck,27.13,134.0,0,0.64,0.9
000101,Car,car,19.47,63.3,0,0.0,0.84
000101,Car,car,30.81,52.1,3,0.3,0.815
000101,Car,car,29.65,53.4,0,0.0,0.903
000103,Pedestrian,pedestrian,9.89,138.5,0,0.0,0.87
000108,Car,car,13.49,101.4,0,0.0,0.899
000108,Cyclist,cyclist,15.36,99.1,3,0.0,0.847
000108,Tram,tram,13.11,367.3,3,0.19,0.874
000115,Car,car,47.53,23.9,1,0.0,0.187
000117,Car,car,11.07,124.2,0,0.0,0.909
000117,Car,car,13.69,108.0,1,0.16,0.851
000117,Car,car,13.28,94.2,2,0.0,0.0
000117,Car,car,16.15,88.4,2,0.0,0.851
000117,Car,car,18.39,83.2,2,0.0,0.57
000117,Car,car,20.53,78.7,2,0.0,0.589
000117,Car,car,27.11,54.9,2,0.0,0.048
000117,Car,car,50.08,25.6,0,0.0,0.796
000120,Car,car,8.96,171.6,1,0.06,0.946
000120,Car,car,4.75,163.5,0,1.0,0.0
000120,Car,car,14.39,97.3,0,0.0,0.906
000120,Car,car,14.64,92.4,1,0.0,0.869
000120,Car,car,20.7,56.8,1,0.0,0.856
000120,Car,car,25.65,45.9,1,0.0,0.793
000120,Car,car,25.12,49.7,0,0.0,0.706
000120,Car,car,18.78,65.6,2,0.0,0.906
000120,Car,car,29.54,40.1,1,0.0,0.116
000120,Car,car,33.64,37.2,1,0.0,0.632
000125,Car,car,7.01,208.3,0,0.01,0.902
000125,Car,car,38.41,32.7,0,0.0,0.846
000125,Car,car,55.43,20.0,2,0.0,0.562
000125,Car,car,46.01,31.3,1,0.0,0.774
000125,Car,car,40.65,31.2,0,0.0,0.844
000125,Car,car,55.76,20.2,2,0.0,0.0
000125,Car,car,55.31,20.0,0,0.0,0.712
000126,Car,car,16.34,77.3,0,0.0,0.901
000126,Van,van,43.72,48.1,3,0.0,0.791
000132,Car,car,30.89,41.0,0,0.0,0.845
000132,Car,car,53.45,19.9,0,0.0,0.0
000132,Car,car,77.22,14.0,1,0.0,0.568
000135,Car,car,23.18,52.7,1,0.0,0.879
000135,Car,car,26.12,45.9,1,0.0,0.759
000135,Car,car,28.39,40.3,1,0.0,0.827
000135,Car,car,36.75,37.2,1,0.0,0.797
000135,Car,car,43.37,28.8,2,0.0,0.0
000135,Van,van,43.3,50.2,0,0.0,0.676
000135,Car,car,38.24,40.1,3,0.1,0.0
000135,Car,car,36.1,43.9,1,0.0,0.792
000139,Car,car,48.08,26.1,0,0.0,0.769
000139,Truck,truck,74.22,30.6,0,0.0,0.477
000139,Van,van,27.2,66.9,3,0.0,0.688
000152,Car,car,6.91,177.2,0,0.35,0.927
000152,Car,car,6.79,218.1,0,0.26,0.811
000152,Car,car,11.83,121.0,2,0.0,0.0
000152,Car,car,20.37,58.5,1,0.0,0.873
000152,Car,car,16.76,72.9,2,0.0,0.869
000152,Car,car,41.41,25.5,0,0.0,0.797
000152,Car,car,46.87,24.3,0,0.0,0.595
000165,Car,car,24.12,44.5,0,0.0,0.88
000165,Car,car,7.01,184.4,3,0.82,0.903
000165,Car,car,16.09,95.2,2,0.0,0.746
000165,Car,car,19.23,79.4,2,0.0,0.746
000165,Car,car,26.63,44.5,2,0.0,0.0
000165,Car,car,29.43,47.7,2,0.0,0.477
000165,Van,van,32.58,58.5,3,0.0,0.568
000165,Car,car,37.12,31.3,2,0.0,0.0
000165,Van,van,9.08,227.2,3,0.01,0.688
000165,Truck,truck,26.4,119.5,3,0.11,0.0
000167,Pedestrian,pedestrian,12.28,116.9,0,0.0,0.804
000167,Cyclist,cyclist,26.32,54.9,3,0.0,0.623
000167,Cyclist,cyclist,41.19,32.5,3,0.0,0.699
000168,Car,car,27.84,35.9,0,0.0,0.802
000168,Car,car,40.03,26.8,0,0.0,0.862
000168,Car,car,34.26,33.5,0,0.0,0.884
000168,Car,car,39.46,36.3,0,0.0,0.862
000168,Van,van,52.95,32.6,2,0.0,0.154
000177,Cyclist,cyclist,10.25,170.1,0,0.0,0.839
000177,Van,van,23.11,88.8,0,0.0,0.787
000177,Cyclist,cyclist,24.97,54.6,0,0.0,0.654
000177,Pedestrian,pedestrian,17.19,83.1,0,0.0,0.774
000177,Pedestrian,pedestrian,19.36,71.3,0,0.0,0.856
000177,Person_sitting,pedestrian,20.35,51.2,0,0.0,0.358
000177,Person_sitting,pedestrian,21.81,45.1,0,0.0,0.207
000177,Car,car,36.72,30.8,1,0.0,0.771
000178,Car,car,46.6,25.2,0,0.0,0.693
000178,Car,car,4.55,183.0,0,0.93,0.937
000178,Car,car,19.07,64.5,0,0.0,0.856
000178,Car,car,8.99,173.6,1,0.0,0.947
000178,Car,car,26.49,50.1,1,0.0,0.86
000178,Car,car,29.46,51.8,0,0.0,0.504
000178,Car,car,23.82,51.5,2,0.0,0.0
000178,Car,car,37.33,30.9,1,0.0,0.691
000180,Car,car,63.79,16.3,0,0.0,0.748
000180,Car,car,52.32,23.1,1,0.0,0.722
000186,Car,car,9.2,178.2,1,0.67,0.919
000186,Car,car,4.83,184.1,1,0.9,0.937
000186,Car,car,32.52,34.3,0,0.0,0.836
000186,Pedestrian,pedestrian,30.12,41.4,0,0.0,0.689
000186,Car,car,49.8,22.6,1,0.0,0.566
000186,Car,car,41.12,27.7,1,0.0,0.84
000186,Car,car,28.48,53.2,2,0.0,0.737
000186,Car,car,53.47,21.2,1,0.0,0.51
000186,Truck,truck,60.38,44.7,2,0.0,0.254
000201,Car,car,3.02,246.6,0,1.0,0.0
000201,Car,car,6.4,198.3,1,0.45,0.922
000201,Car,car,14.99,81.1,0,0.0,0.873
000201,Cyclist,cyclist,18.99,72.7,0,0.0,0.762
000201,Car,car,18.48,65.5,0,0.0,0.854
000201,Car,car,21.91,61.7,1,0.0,0.667
000201,Car,car,33.93,34.0,0,0.0,0.758
000201,Car,car,40.01,27.7,2,0.0,0.02
000201,Car,car,43.86,25.6,1,0.0,0.674
000201,Pedestrian,pedestrian,49.75,27.4,1,0.0,0.199
000201,Pedestrian,pedestrian,49.75,27.5,2,0.0,0.0
000201,Cyclist,cyclist,20.92,62.9,0,0.0,0.743
000207,Pedestrian,pedestrian,39.39,32.7,0,0.0,0.0
000207,Car,car,30.64,47.0,0,0.0,0.876
000207,Car,car,34.21,44.0,1,0.0,0.814
000207,Car,car,51.7,24.4,0,0.0,0.886
000209,Pedestrian,pedestrian,8.09,177.0,0,0.0,0.889
000213,Car,car,4.67,169.8,0,0.92,0.923
000213,Car,car,9.17,179.1,0,0.71,0.903
000213,Car,car,11.25,131.8,3,0.29,0.798
000213,Car,car,13.32,111.1,2,0.0,0.798
000213,Car,car,13.62,92.8,0,0.0,0.913
000213,Car,car,18.15,66.3,1,0.0,0.914
000213,Car,car,24.29,44.9,1,0.0,0.651
000213,Car,car,20.74,59.9,2,0.0,0.914
000213,Car,car,23.12,58.3,2,0.0,0.0
000213,Car,car,43.75,30.9,1,0.0,0.719
000218,Car,car,3.03,203.0,0,1.0,0.0
000218,Car,car,8.19,179.0,0,0.0,0.944
000218,Car,car,14.01,84.7,1,0.0,0.865
000218,Car,car,19.12,70.6,0,0.0,0.895
000218,Car,car,41.43,26.8,1,0.0,0.739
000218,Car,car,44.52,26.0,1,0.0,0.307
000218,Car,car,46.95,22.6,2,0.0,0.611
000226,Car,car,41.83,26.6,0,0.0,0.766
000226,Van,van,38.75,39.6,2,0.0,0.502
000226,Car,car,26.75,44.0,2,0.0,0.613
000226,Car,car,24.41,50.2,2,0.0,0.358
000226,Car,car,17.21,70.7,2,0.0,0.85
000226,Car,car,12.99,109.3,3,0.02,0.766
000226,Car,car,8.4,197.2,0,0.03,0.917
000226,Car,car,5.08,157.0,0,0.8,0.935
000226,Truck,truck,58.01,32.0,2,0.0,0.587
000228,Car,car,29.14,40.3,2,0.0,0.679
000228,Van,van,43.65,35.3,2,0.0,0.789
000228,Pedestrian,pedestrian,18.19,70.9,0,0.0,0.791
000228,Car,car,35.82,32.3,1,0.0,0.85
000228,Car,car,44.92,25.1,1,0.0,0.789
000236,Car,car,32.61,37.9,0,0.0,0.876
000236,Car,car,15.69,102.6,0,0.0,0.904
000236,Car,car,13.57,97.5,0,0.0,0.916
000236,Car,car,21.8,57.3,2,0.0,0.812
000236,Car,car,25.71,43.1,0,0.0,0.821
000236,Car,car,40.07,28.2,1,0.0,0.655
000236,Van,van,57.93,36.2,1,0.0,0.602
000236,Car,car,19.56,79.5,3,0.36,0.89
000236,Car,car,25.59,52.9,2,0.0,0.0
000240,Car,car,29.37,38.1,0,0.0,0.764
000246,Car,car,35.14,35.0,0,0.0,0.842
000246,Car,car,6.09,166.8,0,0.82,0.941
000246,Car,car,12.35,117.7,3,0.82,0.0
000246,Van,van,18.9,133.2,0,0.0,0.798
000246,Car,car,19.68,78.5,3,0.49,0.0
000246,Car,car,26.05,47.7,1,0.0,0.0
000246,Truck,truck,62.09,54.6,1,0.0,0.469
000251,Tram,tram,21.17,159.5,1,0.0,0.28
000251,Tram,tram,23.36,116.6,1,0.0,0.0
000251,Tram,tram,25.99,117.1,2,0.0,0.014
000251,Tram,tram,29.17,104.6,2,0.0,0.0
000251,Pedestrian,pedestrian,9.83,139.2,0,0.0,0.753
000251,Pedestrian,pedestrian,7.09,175.2,0,0.02,0.807
000258,Car,car,46.89,25.4,0,0.0,0.739
000258,Car,car,19.16,73.2,0,0.0,0.881
000258,Car,car,23.46,68.0,1,0.0,0.827
000258,Car,car,26.7,47.4,0,0.0,0.829
000258,Car,car,31.5,51.1,2,0.0,0.0
000265,Cyclist,cyclist,10.16,167.6,3,0.0,0.0
000265,Cyclist,cyclist,24.32,56.9,3,0.0,0.632
000265,Pedestrian,pedestrian,30.0,42.8,2,0.0,0.666
000265,Pedestrian,pedestrian,30.19,42.8,0,0.0,0.658
000265,Cyclist,cyclist,40.17,30.4,3,0.0,0.549
000270,Car,car,47.13,26.5,0,0.0,0.788
000270,Car,car,29.75,40.6,1,0.0,0.819
000270,Car,car,52.57,24.7,1,0.0,0.706
000272,Car,car,43.01,26.6,0,0.0,0.858
000275,Car,car,13.14,100.6,0,0.0,0.884
000275,Car,car,7.48,200.0,0,0.42,0.934
000275,Car,car,10.25,151.7,2,0.0,0.926
000275,Car,car,13.66,91.0,2,0.0,0.0
000275,Car,car,17.43,95.3,1,0.17,0.878
000275,Van,van,67.42,22.9,1,0.0,0.367
000275,Pedestrian,pedestrian,25.35,48.3,0,0.0,0.774
000275,Pedestrian,pedestrian,32.65,44.9,2,0.0,0.0
000275,Pedestrian,pedestrian,45.24,31.9,2,0.0,0.0
000288,Pedestrian,pedestrian,8.92,151.2,0,0.0,0.897
000290,Pedestrian,pedestrian,6.51,208.6,0,0.0,0.897
000292,Car,car,19.66,64.9,0,0.0,0.855
000292,Tram,tram,60.13,50.7,0,0.0,0.593
000292,Pedestrian,pedestrian,40.19,30.1,0,0.0,0.657
000294,Pedestrian,pedestrian,8.72,183.6,0,0.0,0.916
000298,Pedestrian,pedestrian,9.72,162.4,0,0.0,0.772
000309,Car,car,8.45,196.8,1,0.01,0.943
000309,Car,car,14.01,120.8,1,0.0,0.717
000309,Car,car,24.73,53.7,2,0.0,0.467
000309,Van,van,37.81,55.6,2,0.0,0.165
000312,Car,car,11.17,122.0,0,0.0,0.924
000312,Car,car,17.09,84.8,1,0.0,0.855
000312,Truck,truck,41.33,62.7,0,0.0,0.835
000312,Car,car,32.33,35.6,1,0.0,0.686
000312,Pedestrian,pedestrian,32.5,37.8,1,0.0,0.0
000313,Car,car,25.75,43.5,1,0.0,0.884
000316,Car,car,50.53,23.1,0,0.0,0.473
000316,Car,car,21.45,54.7,0,0.0,0.882
000316,Car,car,6.56,188.7,0,0.37,0.942
000316,Car,car,10.73,141.9,1,0.0,0.905
000316,Car,car,14.53,95.3,2,0.0,0.739
000316,Car,car,24.07,49.8,1,0.0,0.801
000316,Car,car,39.32,29.1,2,0.0,0.683
000316,Car,car,29.14,42.3,2,0.0,0.801
000316,Car,car,45.52,26.3,1,0.0,0.578
000316,Car,car,47.29,27.5,1,0.0,0.0
000316,Car,car,57.78,19.6,2,0.0,0.0
000316,Pedestrian,pedestrian,15.99,87.1,2,0.0,0.0
000318,Car,car,7.49,218.3,0,0.27,0.701
000318,Car,car,13.15,124.6,1,0.0,0.66
000318,Car,car,28.5,43.1,0,0.0,0.646
000318,Car,car,34.66,35.8,1,0.0,0.722
000318,Car,car,40.02,28.8,1,0.0,0.765
000322,Car,car,5.92,174.2,0,0.87,0.945
000322,Car,car,56.89,19.4,0,0.0,0.712
000327,Pedestrian,pedestrian,9.06,158.4,0,0.0,0.882
000331,Cyclist,cyclist,25.54,50.7,0,0.0,0.285
000331,Car,car,12.66,113.5,0,0.13,0.943
000331,Car,car,23.52,49.0,0,0.0,0.827
000332,Pedestrian,pedestrian,9.54,144.3,0,0.0,0.846
000332,Pedestrian,pedestrian,11.7,120.1,0,0.0,0.843
000332,Pedestrian,pedestrian,12.3,115.4,1,0.0,0.788
000332,Pedestrian,pedestrian,11.24,123.8,0,0.0,0.0
000332,Pedestrian,pedestrian,11.52,121.5,0,0.0,0.847
000332,Pedestrian,pedestrian,18.81,74.6,0,0.0,0.0
000332,Pedestrian,pedestrian,10.35,126.2,2,0.0,0.846
000332,Pedestrian,pedestrian,11.91,109.2,1,0.0,0.796
000332,Pedestrian,pedestrian,13.28,97.6,1,0.0,0.785
000332,Pedestrian,pedestrian,14.47,95.8,2,0.0,0.543
000332,Pedestrian,pedestrian,17.96,78.6,2,0.0,0.158
000332,Car,car,32.4,37.5,0,0.0,0.841
000333,Car,car,4.61,167.4,0,0.96,0.935
000333,Cyclist,cyclist,21.11,70.0,1,0.0,0.0
000333,Car,car,29.22,37.4,0,0.0,0.877
000333,Car,car,19.64,88.1,1,0.54,0.871
000337,Pedestrian,pedestrian,9.64,142.4,0,0.0,0.889
000344,Car,car,23.97,52.5,0,0.0,0.845
000344,Car,car,19.0,74.8,0,0.0,0.899
000344,Car,car,48.69,23.6,0,0.0,0.792
000344,Car,car,30.86,44.5,0,0.05,0.851
000344,Van,van,26.61,61.3,1,0.98,0.0
000345,Car,car,26.13,48.0,0,0.0,0.853
000345,Car,car,11.54,116.3,2,0.0,0.0
000345,Car,car,28.7,39.8,1,0.0,0.285
000345,Truck,truck,29.2,141.3,0,0.0,0.731
000345,Car,car,39.49,30.5,2,0.0,0.0
000345,Car,car,46.17,21.6,2,0.0,0.0
000346,Car,car,4.06,189.6,0,0.99,0.931
000346,Car,car,9.7,192.3,0,0.73,0.791
000346,Car,car,11.16,127.1,3,0.0,0.91
000346,Car,car,13.65,94.8,2,0.0,0.91
000346,Car,car,20.36,62.7,2,0.0,0.877
000346,Car,car,22.24,51.9,2,0.0,0.877
000346,Van,van,24.47,62.9,2,0.0,0.703
000346,Car,car,28.74,39.5,0,0.0,0.878
000346,Car,car,40.36,26.6,0,0.0,0.832
000358,Truck,truck,43.46,67.4,0,0.0,0.587
000358,Car,car,49.32,26.3,0,0.0,0.834
000358,Car,car,54.47,21.2,1,0.0,0.774
000358,Car,car,61.49,18.9,1,0.0,0.557
000363,Car,car,32.06,38.6,0,0.0,0.78
000363,Car,car,53.2,21.7,0,0.0,0.587
000363,Car,car,76.31,14.4,2,0.0,0.165
000363,Car,car,28.89,44.4,0,0.0,0.779
000364,Pedestrian,pedestrian,15.0,89.7,1,0.0,0.084
000364,Pedestrian,pedestrian,17.8,64.8,0,0.0,0.263
000364,Person_sitting,pedestrian,8.82,144.5,1,0.65,0.533
000365,Pedestrian,pedestrian,7.47,171.6,0,0.0,0.882
000368,Pedestrian,pedestrian,8.94,160.9,1,0.0,0.873
000370,Car,car,11.53,126.2,3,0.58,0.902
000370,Car,car,13.68,110.2,3,0.23,0.902
000370,Car,car,27.47,43.2,1,0.0,0.847
000370,Car,car,17.08,69.4,0,0.0,0.918
000370,Car,car,19.21,78.2,2,0.0,0.887
000370,Car,car,21.57,57.3,2,0.0,0.887
000370,Car,car,24.31,53.2,2,0.0,0.712
000370,Car,car,29.1,42.8,1,0.0,0.752
000370,Car,car,66.73,19.1,0,0.0,0.655
000374,Car,car,23.04,54.8,0,0.0,0.831
000374,Car,car,8.01,145.1,0,0.98,0.0
000374,Car,car,54.28,19.9,1,0.0,0.71
000374,Car,car,65.1,17.1,1,0.0,0.413
000374,Car,car,59.73,23.9,0,0.0,0.036
000378,Car,car,23.56,52.3,2,0.0,0.518
000378,Car,car,28.29,41.4,2,0.0,0.0
000378,Car,car,19.28,66.3,0,0.0,0.834
000383,Car,car,5.58,176.0,0,0.82,0.937
000383,Pedestrian,pedestrian,11.19,123.2,0,0.0,0.883
000383,Cyclist,cyclist,31.55,51.5,1,0.21,0.0
000383,Pedestrian,pedestrian,10.18,128.8,2,0.0,0.748
000383,Pedestrian,pedestrian,9.2,147.0,0,0.0,0.748
000383,Cyclist,cyclist,22.44,64.7,2,0.0,0.0
000383,Pedestrian,pedestrian,16.2,93.7,2,0.0,0.0
000383,Pedestrian,pedestrian,15.91,91.1,2,0.0,0.0
000383,Cyclist,cyclist,11.61,111.3,2,0.0,0.686
000383,Pedestrian,pedestrian,15.87,117.5,3,0.5,0.0
000383,Car,car,28.46,44.3,3,0.89,0.274
000383,Car,car,46.65,23.7,2,0.0,0.0
000385,Car,car,8.35,180.6,0,0.0,0.943
000385,Car,car,25.14,48.5,0,0.0,0.881
000385,Car,car,21.13,58.0,0,0.0,0.903
000385,Car,car,40.36,27.7,1,0.0,0.762
000385,Car,car,40.74,30.8,1,0.0,0.753
000388,Car,car,63.53,19.7,0,0.0,0.658
000388,Truck,truck,76.74,29.5,0,0.0,0.712
000388,Tram,tram,77.72,34.0,1,0.0,0.442
000395,Car,car,7.89,173.7,0,0.1,0.94
000395,Van,van,9.23,194.9,3,0.53,0.934
000395,Car,car,13.53,108.6,1,0.0,0.931
000395,Car,car,15.94,72.2,2,0.0,0.087
000395,Car,car,18.22,72.8,2,0.0,0.651
000395,Car,car,25.77,54.0,2,0.0,0.789
000395,Car,car,22.24,80.4,2,0.0,0.557
000395,Van,van,35.0,53.3,0,0.0,0.723
000395,Car,car,31.49,36.5,1,0.0,0.808
000395,Car,car,36.38,38.4,2,0.0,0.808
000395,Van,van,52.42,38.2,2,0.0,0.396
000395,Van,van,74.01,29.0,2,0.0,0.361
000407,Pedestrian,pedestrian,9.13,153.1,0,0.0,0.885
000408,Car,car,3.58,173.7,0,1.0,0.0
000408,Car,car,21.89,63.1,0,0.0,0.872
000408,Car,car,9.68,141.8,0,0.0,0.848
000408,Cyclist,cyclist,24.81,54.2,3,0.0,0.679
000408,Car,car,14.42,80.6,1,0.0,0.817
000408,Car,car,29.64,37.0,1,0.0,0.761
000408,Car,car,46.59,24.3,0,0.0,0.734
000408,Car,car,17.02,80.9,1,0.0,0.859
000429,Car,car,11.16,136.2,0,0.0,0.925
000429,Car,car,6.36,180.2,1,0.75,0.948
000429,Car,car,16.38,77.2,1,0.0,0.877
000429,Car,car,11.39,121.8,1,0.0,0.92
000429,Car,car,21.61,54.3,2,0.0,0.799
000429,Car,car,16.37,78.7,2,0.0,0.832
000429,Car,car,37.17,30.0,0,0.0,0.704
000429,Car,car,21.33,57.1,2,0.0,0.762
000429,Car,car,26.8,44.5,2,0.0,0.762
000429,Car,car,32.28,36.2,2,0.0,0.617
000430,Car,car,13.0,130.9,3,0.13,0.919
000430,Car,car,39.03,33.4,1,0.0,0.742
000430,Car,car,19.52,75.9,1,0.0,0.876
000430,Van,van,41.96,54.5,3,0.0,0.729
000441,Car,car,12.96,131.3,0,0.57,0.852
000441,Car,car,16.7,93.2,1,0.0,0.804
000441,Car,car,19.22,83.5,2,0.0,0.804
000441,Car,car,24.04,49.9,2,0.0,0.182
000441,Car,car,26.5,46.2,2,0.0,0.381
000441,Car,car,37.7,31.9,0,0.0,0.798
000441,Car,car,42.58,27.0,2,0.0,0.0
000454,Truck,truck,75.99,29.8,0,0.0,0.463
000454,Car,car,35.4,33.0,1,0.0,0.699
000454,Car,car,50.16,24.8,1,0.0,0.777
000466,Car,car,38.88,34.8,1,0.0,0.669
000466,Car,car,40.1,37.0,1,0.0,0.0
000466,Car,car,27.84,55.0,1,0.47,0.0
000473,Car,car,41.31,27.8,0,0.0,0.862
000475,Car,car,7.91,154.5,0,0.92,0.93
000475,Car,car,9.66,147.3,0,0.0,0.945
000475,Car,car,15.59,89.2,1,0.0,0.903
000475,Car,car,15.15,83.4,1,0.0,0.881
000475,Car,car,29.98,41.2,1,0.0,0.728
000475,Car,car,23.53,51.1,1,0.0,0.839
000475,Car,car,29.09,41.0,2,0.0,0.839
000475,Car,car,34.96,32.4,2,0.0,0.0
000476,Car,car,32.77,35.6,0,0.0,0.807
000484,Car,car,52.48,22.3,0,0.0,0.666
000484,Car,car,6.25,213.6,0,0.45,0.945
000484,Car,car,17.4,67.9,0,0.0,0.905
000484,Car,car,22.43,53.7,2,0.0,0.748
000484,Car,car,32.6,35.3,2,0.0,0.684
000484,Car,car,37.2,34.0,2,0.0,0.684
000484,Pedestrian,pedestrian,38.16,35.0,2,0.0,0.0
000492,Car,car,24.64,51.2,0,0.0,0.873
000492,Car,car,11.12,141.5,1,0.8,0.869
000492,Car,car,7.69,196.7,0,0.17,0.637
000492,Car,car,21.54,66.6,2,0.0,0.194
000492,Car,car,21.8,61.4,0,0.0,0.876
000492,Car,car,33.53,34.6,0,0.0,0.698
000492,Car,car,29.87,41.5,2,0.0,0.0
000492,Car,car,34.93,32.9,1,0.0,0.653
000492,Car,car,47.64,22.1,1,0.0,0.684
000492,Car,car,42.98,27.9,1,0.0,0.662
000492,Car,car,20.79,69.8,3,0.02,0.0
000493,Car,car,7.73,189.7,1,0.18,0.407
000493,Car,car,26.96,42.7,0,0.0,0.803
000493,Car,car,37.14,34.0,0,0.0,0.774
000493,Car,car,43.87,25.4,0,0.0,0.804
000500,Car,car,29.11,41.7,0,0.0,0.78
000500,Car,car,6.25,187.0,0,0.87,0.937
000500,Car,car,8.98,192.8,0,0.0,0.925
000500,Car,car,12.44,111.1,2,0.0,0.0
000500,Car,car,15.78,88.4,2,0.0,0.688
000500,Car,car,19.44,63.2,2,0.0,0.688
000500,Car,car,22.94,49.8,2,0.0,0.0
000500,Car,car,70.82,14.6,1,0.0,0.407
000500,Car,car,37.33,29.0,0,0.0,0.816
000500,Car,car,33.45,34.5,1,0.0,0.689
000500,Car,car,40.05,26.7,2,0.0,0.689
000500,Van,van,54.69,26.0,2,0.0,0.019
000500,Car,car,61.26,21.0,2,0.0,0.103
000500,Car,car,69.98,16.0,1,0.0,0.169
000502,Car,car,13.85,94.7,0,0.0,0.879
000502,Car,car,6.03,210.0,0,0.96,0.426
000502,Car,car,9.06,177.6,0,0.0,0.94
000502,Car,car,12.01,120.0,2,0.0,0.884
000502,Car,car,15.48,77.4,2,0.0,0.0
000502,Car,car,14.47,103.5,0,0.74,0.928
000502,Car,car,18.98,83.3,1,0.0,0.89
000502,Van,van,73.37,20.9,1,0.0,0.496
000502,Pedestrian,pedestrian,26.9,45.2,1,0.0,0.587
000502,Pedestrian,pedestrian,34.37,42.1,2,0.0,0.0
000502,Pedestrian,pedestrian,46.95,30.5,2,0.0,0.0
000509,Pedestrian,pedestrian,9.6,146.2,0,0.0,0.882
000510,Car,car,4.7,210.3,0,1.0,0.0
000510,Car,car,11.03,142.0,0,0.17,0.952
000510,Car,car,17.23,76.7,0,0.0,0.865
000510,Car,car,16.22,91.3,0,0.0,0.927
000510,Car,car,22.54,58.5,2,0.0,0.846
000510,Car,car,30.92,36.8,2,0.0,0.749
000510,Car,car,32.94,45.9,1,0.0,0.806
000511,Truck,truck,38.88,76.5,0,0.0,0.845
000511,Car,car,36.02,41.5,0,0.26,0.797
000511,Car,car,40.32,33.5,0,0.0,0.845
000511,Car,car,44.75,28.1,1,0.0,0.813
000511,Car,car,49.88,27.0,1,0.0,0.734
000511,Car,car,54.24,22.2,1,0.0,0.753
000515,Car,car,32.14,38.5,0,0.0,0.874
000515,Car,car,12.7,116.1,0,0.73,0.893
000515,Car,car,17.46,87.7,0,0.0,0.911
000515,Car,car,14.94,86.4,0,0.0,0.893
000515,Car,car,23.67,51.7,2,0.0,0.796
000515,Car,car,27.09,40.7,0,0.0,0.841
000515,Car,car,41.76,26.9,2,0.0,0.657
000515,Van,van,59.3,35.4,1,0.0,0.589
000515,Car,car,21.16,69.7,3,0.0,0.854
000521,Car,car,46.19,27.1,0,0.0,0.488
000521,Car,car,21.53,59.7,1,0.0,0.831
000521,Car,car,31.16,45.1,2,0.0,0.882
000521,Car,car,60.18,19.0,1,0.0,0.723
000523,Car,car,26.94,44.5,1,0.0,0.891
000523,Car,car,72.06,14.3,1,0.0,0.166
000530,Car,car,32.59,45.0,0,0.0,0.701
000530,Pedestrian,pedestrian,15.57,87.5,1,0.0,0.564
000530,Pedestrian,pedestrian,15.32,87.8,0,0.0,0.651
000530,Pedestrian,pedestrian,27.69,45.3,2,0.0,0.233
000537,Truck,truck,41.48,71.0,0,0.0,0.703
000537,Car,car,49.73,26.0,0,0.0,0.808
000537,Car,car,68.72,22.4,0,0.0,0.743
000539,Truck,truck,39.97,74.2,0,0.0,0.833
000539,Car,car,31.25,44.8,0,0.78,0.808
000539,Car,car,37.33,38.6,0,0.0,0.746
000539,Car,car,41.9,31.9,1,0.0,0.516
000539,Car,car,46.71,26.3,1,0.0,0.776
000539,Car,car,51.2,22.9,0,0.0,0.657
000539,Car,car,56.45,22.6,1,0.0,0.535
000539,Car,car,61.0,18.8,1,0.0,0.762
000543,Car,car,18.09,67.5,0,0.0,0.78
000543,Van,van,45.55,46.0,3,0.0,0.734
000543,Car,car,12.45,127.2,0,0.64,0.944
000544,Car,car,31.7,35.8,1,0.0,0.365
000544,Car,car,36.97,33.4,2,0.0,0.365
000545,Car,car,19.0,79.4,0,0.11,0.937
000545,Van,van,37.53,51.9,3,0.0,0.615
000545,Car,car,32.1,35.7,1,0.0,0.801
000545,Van,van,62.36,28.9,3,0.0,0.338
000557,Car,car,4.05,172.3,0,0.97,0.873
000557,Car,car,12.84,94.9,0,0.0,0.919
000557,Car,car,23.83,51.1,0,0.0,0.834
000557,Car,car,26.67,45.8,0,0.0,0.867
000557,Van,van,17.82,89.8,1,0.0,0.856
000557,Car,car,40.37,27.2,1,0.0,0.804
000565,Car,car,49.79,22.3,0,0.0,0.732
000573,Car,car,16.7,79.6,1,0.0,0.907
000573,Car,car,21.54,62.0,1,0.0,0.871
000573,Car,car,24.28,53.3,2,0.0,0.871
000573,Car,car,29.52,46.1,2,0.0,0.074
000573,Car,car,32.31,36.9,2,0.0,0.676
000573,Car,car,39.52,32.7,2,0.0,0.0
000573,Car,car,42.76,25.6,2,0.0,0.0
000573,Car,car,44.95,28.8,2,0.0,0.6
000573,Car,car,47.74,25.8,2,0.0,0.6
000573,Car,car,52.36,23.3,2,0.0,0.129
000576,Car,car,29.0,54.8,0,0.0,0.873
000576,Van,van,51.14,49.9,1,0.0,0.593
000576,Car,car,42.34,27.3,0,0.0,0.882
000577,Car,car,2.64,116.1,0,1.0,0.0
000577,Car,car,11.36,124.1,0,0.0,0.925
000577,Car,car,16.7,95.6,1,0.0,0.789
000577,Car,car,22.6,64.8,1,0.0,0.66
000577,Car,car,38.03,31.1,0,0.0,0.621
000580,Car,car,37.43,28.5,1,0.0,0.5
000589,Car,car,48.37,25.8,0,0.0,0.753
000589,Car,car,16.02,106.5,1,0.0,0.823
000589,Van,van,28.08,66.9,2,0.0,0.637
000589,Van,van,48.52,38.0,1,0.0,0.595
000592,Car,car,15.1,85.0,0,0.0,0.911
000592,Car,car,20.9,68.8,2,0.0,0.701
000592,Car,car,14.47,93.4,0,0.0,0.898
000592,Car,car,20.26,61.3,1,0.0,0.869
000592,Car,car,26.01,46.4,1,0.0,0.71
000592,Car,car,52.45,23.2,1,0.0,0.502
000592,Car,car,53.58,23.9,1,0.0,0.708
000599,Car,car,46.03,25.5,0,0.0,0.723
000599,Car,car,3.22,165.3,0,1.0,0.0
000599,Car,car,16.97,73.9,0,0.0,0.84
000599,Car,car,6.95,198.6,1,0.24,0.954
000599,Car,car,24.58,55.4,1,0.0,0.864
000599,Car,car,27.77,56.8,1,0.34,0.801
000599,Car,car,21.66,57.2,2,0.0,0.531
000599,Pedestrian,pedestrian,35.41,34.2,2,0.0,0.0
000599,Car,car,35.19,32.9,1,0.0,0.74
000604,Pedestrian,pedestrian,7.71,184.6,0,0.0,0.873
000604,Truck,truck,5.49,369.0,0,1.0,0.669
000606,Car,car,46.75,22.5,1,0.0,0.376
000617,Car,car,24.93,44.5,1,0.0,0.855
000617,Car,car,12.81,106.5,0,0.0,0.9
000617,Car,car,62.92,19.8,0,0.0,0.803
000625,Pedestrian,pedestrian,7.34,192.5,0,0.0,0.873
000625,Pedestrian,pedestrian,11.31,116.7,1,0.0,0.74
000625,Pedestrian,pedestrian,11.47,113.0,1,0.0,0.737
000625,Pedestrian,pedestrian,20.94,60.8,0,0.0,0.743
000625,Pedestrian,pedestrian,12.64,121.5,1,0.0,0.578
000625,Pedestrian,pedestrian,19.62,56.6,2,0.0,0.694
000625,Pedestrian,pedestrian,19.92,60.6,0,0.0,0.737
000625,Pedestrian,pedestrian,17.8,78.9,1,0.0,0.0
000625,Pedestrian,pedestrian,19.85,68.1,1,0.0,0.377
000625,Pedestrian,pedestrian,25.32,54.0,1,0.0,0.148
000625,Van,van,4.86,369.0,3,0.97,0.428
000626,Car,car,3.97,194.0,0,0.99,0.0
000626,Car,car,13.66,94.6,0,0.0,0.863
000626,Car,car,27.81,37.9,0,0.0,0.842
000626,Van,van,23.57,93.9,1,0.0,0.791
000626,Car,car,37.06,29.6,1,0.0,0.789
000631,Car,car,36.05,30.1,0,0.0,0.801
000631,Car,car,11.76,106.7,0,0.0,0.929
000631,Car,car,3.98,158.9,0,1.0,0.0
000631,Car,car,33.59,33.5,1,0.0,0.736
000631,Car,car,21.22,58.8,1,0.0,0.832
000631,Truck,truck,8.26,338.5,1,1.0,0.0
000638,Car,car,12.2,109.7,0,0.0,0.891
000638,Car,car,6.67,215.1,0,0.65,0.929
000638,Car,car,9.9,145.9,2,0.0,0.896
000638,Car,car,14.44,100.7,1,0.92,0.836
000638,Van,van,53.71,29.1,1,0.0,0.523
000638,Pedestrian,pedestrian,22.5,55.3,0,0.0,0.806
000638,Pedestrian,pedestrian,30.6,39.1,2,0.0,0.0
000638,Pedestrian,pedestrian,29.02,52.3,2,0.0,0.0
000638,Pedestrian,pedestrian,41.46,35.6,2,0.0,0.0
000638,Car,car,43.46,30.7,2,0.0,0.0
000643,Car,car,17.48,73.3,0,0.0,0.871
000643,Car,car,17.76,74.3,0,0.0,0.789
000643,Car,car,28.39,42.7,1,0.0,0.768
000643,Car,car,34.93,31.4,2,0.0,0.0
000643,Car,car,15.54,90.6,0,0.76,0.914
000643,Car,car,27.91,45.4,1,0.0,0.848
000643,Car,car,44.86,27.5,1,0.0,0.816
000643,Car,car,60.92,20.0,0,0.0,0.694
000643,Car,car,29.69,43.4,0,0.0,0.868
000643,Car,car,35.57,41.4,2,0.0,0.43
000643,Car,car,45.61,27.2,2,0.0,0.6
000643,Car,car,57.65,19.3,2,0.0,0.0
000643,Car,car,30.12,44.0,1,0.0,0.817
000643,Car,car,42.39,31.7,2,0.0,0.817
000645,Car,car,42.7,25.6,0,0.0,0.704
000645,Car,car,52.36,20.8,0,0.0,0.667
000645,Car,car,25.38,47.4,0,0.0,0.873
000645,Car,car,40.52,33.5,2,0.0,0.238
000647,Car,car,19.88,64.6,0,0.0,0.888
000647,Car,car,11.96,110.6,3,0.9,0.0
000647,Car,car,25.63,49.1,2,0.0,0.0
000647,Car,car,32.1,34.4,1,0.0,0.837
000647,Car,car,46.95,22.9,0,0.0,0.794
000647,Car,car,69.79,15.9,1,0.0,0.57
000656,Car,car,47.63,23.4,0,0.0,0.792
000656,Car,car,56.15,20.5,0,0.0,0.758
000657,Car,car,57.17,16.6,0,0.0,0.643
000657,Car,car,68.48,15.1,0,0.0,0.639
000659,Cyclist,cyclist,43.01,34.3,2,0.0,0.0
000659,Car,car,33.62,38.9,0,0.0,0.881
000659,Van,van,52.75,34.2,0,0.0,0.706
000661,Car,car,16.68,71.0,0,0.0,0.9
000661,Car,car,17.52,73.9,0,0.0,0.914
000666,Car,car,15.47,102.9,1,0.0,0.482
000666,Car,car,19.87,69.2,2,0.0,0.482
000666,Car,car,34.26,49.5,1,0.0,0.71
000666,Car,car,35.94,34.8,1,0.0,0.791
000666,Car,car,24.67,47.7,2,0.0,0.0
000666,Car,car,27.29,43.6,2,0.0,0.0
000666,Car,car,29.63,46.1,2,0.0,0.693
000667,Car,car,8.32,188.6,0,0.11,0.953
000667,Car,car,4.91,195.8,0,0.88,0.894
000667,Car,car,8.94,167.4,1,0.0,0.928
000667,Truck,truck,17.8,128.2,1,0.0,0.857
000667,Car,car,21.88,53.6,0,0.0,0.877
000667,Van,van,47.3,31.8,0,0.0,0.449
000667,Car,car,71.12,16.7,0,0.0,0.662
000668,Car,car,4.47,189.3,0,1.0,0.0
000668,Car,car,13.36,108.3,0,0.0,0.926
000668,Car,car,34.55,41.5,0,0.83,0.0
000668,Car,car,14.61,116.4,1,0.81,0.78
000668,Car,car,21.56,57.8,0,0.0,0.882
000668,Car,car,32.99,41.7,0,0.0,0.846
000674,Car,car,3.49,182.3,0,1.0,0.0
000674,Car,car,16.99,82.4,0,0.0,0.89
000674,Car,car,10.28,137.0,0,0.0,0.937
000674,Car,car,15.56,82.5,2,0.0,0.851
000674,Car,car,21.76,56.5,2,0.0,0.894
000674,Pedestrian,pedestrian,24.7,59.7,2,0.0,0.0
000674,Pedestrian,pedestrian,24.57,59.6,2,0.0,0.0
000674,Car,car,20.98,53.5,2,0.0,0.74
000683,Car,car,45.57,27.5,0,0.0,0.793
000683,Car,car,46.13,24.8,1,0.0,0.785
000683,Car,car,45.05,24.0,1,0.0,0.773
000683,Car,car,68.69,15.7,1,0.0,0.658
000685,Van,van,41.1,38.2,0,0.0,0.728
000685,Cyclist,cyclist,13.6,100.1,0,0.0,0.65
000685,Car,car,6.82,201.2,0,0.36,0.954
000685,Car,car,10.14,134.8,0,0.0,0.929
000685,Car,car,13.75,118.6,1,0.0,0.914
000685,Van,van,18.87,87.1,2,0.0,0.842
000685,Car,car,16.85,77.7,1,0.0,0.894
000685,Car,car,21.82,56.3,2,0.0,0.0
000685,Car,car,23.77,54.6,2,0.0,0.0
000685,Pedestrian,pedestrian,17.93,71.2,2,0.0,0.0
000685,Car,car,29.54,41.1,2,0.0,0.774
000685,Car,car,26.96,39.8,2,0.0,0.0
000688,Truck,truck,41.14,71.9,0,0.0,0.765
000688,Car,car,34.66,43.9,0,0.0,0.871
000688,Car,car,39.17,33.5,1,0.0,0.849
000688,Car,car,45.81,27.7,1,0.0,0.607
000688,Car,car,50.76,24.0,1,0.0,0.475
000688,Car,car,55.63,20.7,1,0.0,0.163
000688,Car,car,65.78,18.7,1,0.0,0.15
000692,Car,car,5.28,210.8,0,0.74,0.727
000692,Car,car,9.84,165.8,3,0.61,0.908
000692,Car,car,10.83,118.4,1,0.0,0.857
000692,Car,car,19.72,66.3,1,0.0,0.635
000692,Car,car,19.2,66.1,2,0.0,0.314
000692,Car,car,24.18,63.9,2,0.0,0.602
000692,Car,car,29.23,38.0,2,0.0,0.16
000692,Car,car,50.7,31.1,2,0.0,0.333
000692,Car,car,33.36,32.0,1,0.0,0.742
000692,Car,car,67.1,15.9,0,0.0,0.533
000693,Car,car,36.25,41.1,0,0.0,0.812
000698,Car,car,8.59,218.6,0,0.1,0.937
000698,Van,van,21.33,106.5,0,0.0,0.662
000698,Cyclist,cyclist,34.27,38.4,0,0.0,0.535
000698,Person_sitting,pedestrian,19.68,42.1,0,0.0,0.086
000701,Pedestrian,pedestrian,8.4,180.9,0,0.0,0.898
000708,Car,car,7.33,168.0,0,0.83,0.936
000708,Car,car,11.87,123.5,1,0.0,0.926
000708,Car,car,6.69,184.1,1,0.62,0.901
000708,Car,car,27.02,42.4,0,0.0,0.876
000708,Car,car,11.18,124.3,1,0.0,0.904
000708,Car,car,16.66,75.9,2,0.0,0.851
000708,Car,car,22.17,54.6,2,0.0,0.032
000708,Car,car,31.66,36.9,2,0.0,0.709
000708,Car,car,27.68,42.5,2,0.0,0.504
000709,Car,car,9.15,171.8,0,0.01,0.937
000709,Car,car,15.59,85.4,1,0.0,0.845
000709,Car,car,22.42,55.8,1,0.0,0.841
000712,Car,car,36.81,38.1,0,0.0,0.811
000712,Van,van,56.23,40.9,0,0.0,0.621
000712,Car,car,21.59,62.9,0,0.0,0.89
000712,Car,car,25.66,56.8,1,0.0,0.89
000712,Pedestrian,pedestrian,52.62,25.0,0,0.0,0.263
000712,Car,car,12.22,137.3,3,1.0,0.0
000712,Car,car,55.71,22.4,1,0.0,0.619
000712,Car,car,54.99,22.0,0,0.0,0.874
000735,Car,car,17.17,80.0,0,0.0,0.919
000735,Car,car,54.41,21.4,0,0.0,0.689
000735,Car,car,49.53,23.9,0,0.0,0.331
000735,Car,car,57.64,20.8,0,0.0,0.662
000742,Car,car,42.74,27.5,0,0.0,0.752
000742,Car,car,6.65,190.2,0,0.36,0.947
000742,Car,car,11.17,125.5,1,0.0,0.862
000742,Pedestrian,pedestrian,23.59,52.1,1,0.0,0.602
000742,Car,car,24.6,48.5,0,0.0,0.862
000742,Car,car,29.75,40.1,2,0.0,0.626
000742,Car,car,48.14,27.6,1,0.0,0.706
000742,Car,car,27.19,41.7,1,0.0,0.802
000742,Car,car,32.69,37.4,1,0.0,0.756
000742,Car,car,40.17,29.5,1,0.0,0.832
000745,Car,car,28.57,43.6,0,0.0,0.862
000745,Van,van,8.32,311.0,0,0.39,0.933
000745,Car,car,23.41,53.7,2,0.0,0.0
000745,Car,car,22.46,65.2,0,0.0,0.502
000745,Car,car,33.57,34.9,1,0.0,0.0
000745,Car,car,34.83,32.3,1,0.0,0.787
000745,Van,van,46.63,42.1,1,0.0,0.648
000745,Car,car,57.67,21.3,1,0.0,0.0
000747,Car,car,51.3,22.8,0,0.0,0.71
000747,Car,car,40.02,30.6,0,0.0,0.719
000747,Car,car,44.59,33.3,1,0.0,0.583
000747,Car,car,48.05,25.1,0,0.0,0.633
000747,Car,car,42.61,27.5,2,0.0,0.016
000749,Car,car,46.37,23.1,0,0.0,0.746
000749,Car,car,18.33,61.7,0,0.0,0.9
000749,Car,car,7.23,186.9,0,0.45,0.94
000749,Car,car,42.63,25.8,2,0.0,0.0
000749,Car,car,29.44,39.6,1,0.0,0.867
000749,Truck,truck,11.78,334.1,1,0.78,0.0
000750,Car,car,51.68,18.5,0,0.0,0.737
000750,Car,car,22.07,53.3,0,0.0,0.901
000750,Car,car,21.58,60.0,0,0.0,0.881
000750,Van,van,62.19,27.6,0,0.0,0.479
000750,Car,car,71.01,15.5,0,0.0,0.639
000758,Car,car,57.55,20.3,0,0.0,0.415
000758,Car,car,61.48,34.6,1,0.0,0.258
000758,Car,car,27.6,46.7,0,0.0,0.776
000764,Car,car,31.12,51.3,1,0.1,0.0
000764,Car,car,28.8,48.8,1,0.0,0.83
000764,Car,car,27.86,52.5,1,0.0,0.806
000764,Car,car,36.84,30.3,1,0.0,0.053
000764,Pedestrian,pedestrian,34.53,47.5,0,0.0,0.715
000764,Pedestrian,pedestrian,24.08,63.6,0,0.0,0.699
000764,Cyclist,cyclist,17.47,89.9,1,0.0,0.0
000764,Pedestrian,pedestrian,32.1,48.6,1,0.0,0.453
000764,Pedestrian,pedestrian,13.2,109.3,1,0.0,0.793
000764,Pedestrian,pedestrian,13.63,104.1,1,0.0,0.835
000764,Pedestrian,pedestrian,12.28,115.9,0,0.0,0.865
000764,Pedestrian,pedestrian,9.09,164.9,1,0.0,0.756
000764,Pedestrian,pedestrian,9.64,147.5,1,0.0,0.756
000764,Pedestrian,pedestrian,9.01,155.6,0,0.0,0.849
000764,Pedestrian,pedestrian,9.51,147.0,0,0.0,0.0
000764,Pedestrian,pedestrian,9.98,129.1,1,0.0,0.836
000764,Pedestrian,pedestrian,11.3,124.1,0,0.0,0.835
000765,Car,car,4.61,167.8,0,0.96,0.941
000765,Cyclist,cyclist,21.15,69.9,1,0.0,0.0
000765,Car,car,30.68,38.6,0,0.0,0.883
000765,Car,car,57.05,22.2,0,0.0,0.816
000767,Truck,truck,48.1,49.6,0,0.0,0.769
000767,Car,car,45.8,25.6,0,0.0,0.898
000776,Car,car,15.04,87.1,0,0.0,0.888
000776,Car,car,24.99,49.1,0,0.0,0.852
000776,Car,car,20.4,58.9,1,0.0,0.886
000776,Car,car,27.7,40.1,1,0.0,0.826
000776,Van,van,50.05,40.4,2,0.0,0.0
000776,Car,car,41.29,27.4,2,0.0,0.0
000801,Truck,truck,7.94,374.0,0,0.75,0.564
000801,Car,car,11.96,103.1,1,0.0,0.749
000801,Pedestrian,pedestrian,12.03,103.4,1,0.0,0.736
000803,Truck,truck,75.67,29.9,0,0.0,0.514
000803,Car,car,18.38,66.3,0,0.0,0.903
000803,Car,car,40.1,33.4,1,0.0,0.802
000803,Van,van,49.42,30.2,3,0.0,0.679
000803,Cyclist,cyclist,46.97,34.3,3,0.0,0.309
000808,Car,car,21.04,52.4,0,0.0,0.879
000808,Pedestrian,pedestrian,25.13,55.1,0,0.0,0.547
000808,Car,car,36.77,34.7,1,0.0,0.467
000808,Car,car,46.75,27.3,0,0.0,0.783
000808,Cyclist,cyclist,37.09,34.1,3,0.0,0.0
000808,Van,van,44.56,36.6,3,0.0,0.392
000808,Pedestrian,pedestrian,37.92,36.1,2,0.0,0.163
000808,Car,car,30.96,38.3,2,0.0,0.732
000809,Car,car,5.1,178.6,1,0.85,0.951
000809,Car,car,18.06,68.7,0,0.0,0.88
000809,Car,car,3.17,174.3,0,1.0,0.876
000809,Car,car,9.48,160.7,1,0.0,0.0
000809,Pedestrian,pedestrian,9.39,166.5,2,0.0,0.0
000809,Pedestrian,pedestrian,11.98,122.9,2,0.0,0.0
000809,Car,car,31.52,39.7,0,0.0,0.829
000809,Car,car,30.33,41.1,2,0.0,0.709
000809,Pedestrian,pedestrian,11.43,126.1,2,0.0,0.0
000809,Car,car,45.12,24.6,2,0.0,0.643
000809,Car,car,47.34,29.5,2,0.0,0.473
000810,Car,car,17.93,69.6,0,0.0,0.859
000812,Car,car,26.61,48.3,0,0.0,0.815
000812,Cyclist,cyclist,19.68,73.5,3,0.0,0.727
000812,Tram,tram,34.47,98.9,0,0.0,0.831
000814,Car,car,30.21,40.1,0,0.0,0.725
000814,Car,car,17.22,90.8,0,0.38,0.919
000814,Car,car,21.81,68.4,1,0.0,0.888
000814,Car,car,15.73,83.0,0,0.0,0.913
000814,Car,car,19.13,65.7,2,0.0,0.913
000814,Car,car,22.38,51.8,2,0.0,0.712
000814,Car,car,25.71,49.3,2,0.0,0.494
000814,Car,car,29.37,39.8,2,0.0,0.494
000814,Car,car,32.94,38.3,2,0.0,0.494
000814,Car,car,74.61,13.9,0,0.0,0.543
000814,Car,car,57.24,18.6,2,0.0,0.0
000814,Van,van,71.78,19.6,2,0.0,0.0
000814,Car,car,78.5,16.1,0,0.0,0.633
000820,Car,car,30.37,39.2,0,0.0,0.877
000824,Car,car,49.69,21.8,0,0.0,0.693
000826,Pedestrian,pedestrian,21.43,56.0,0,0.0,0.0
000826,Tram,tram,33.59,88.1,2,0.0,0.012
000826,Tram,tram,34.53,80.7,1,0.0,0.0
000826,Tram,tram,37.4,78.6,2,0.0,0.146
000826,Person_sitting,pedestrian,4.77,142.9,3,0.92,0.0
000826,Person_sitting,pedestrian,7.66,134.3,2,0.0,0.141
000826,Person_sitting,pedestrian,7.9,133.8,2,0.0,0.0
000826,Person_sitting,pedestrian,8.7,109.0,1,0.0,0.0
000826,Person_sitting,pedestrian,8.89,116.0,2,0.0,0.223
000831,Car,car,3.28,208.2,0,1.0,0.934
000831,Car,car,10.56,184.4,3,0.36,0.905
000831,Car,car,8.85,195.6,0,0.78,0.901
000831,Car,car,7.64,178.7,3,0.12,0.936
000831,Car,car,12.65,137.2,2,0.0,0.905
000831,Car,car,14.28,96.2,2,0.0,0.773
000831,Car,car,16.9,85.8,2,0.0,0.0
000831,Car,car,24.12,51.4,2,0.0,0.83
000831,Car,car,28.77,51.1,1,0.0,0.83
000831,Car,car,24.88,47.0,1,0.0,0.854
000831,Car,car,12.97,106.3,1,0.0,0.851
000831,Car,car,35.6,36.0,1,0.0,0.706
000831,Car,car,36.33,33.9,2,0.0,0.0
000835,Car,car,51.97,22.4,0,0.0,0.664
000838,Car,car,35.78,31.2,1,0.0,0.901
000840,Pedestrian,pedestrian,8.85,201.7,0,0.0,0.888
000840,Pedestrian,pedestrian,11.28,104.0,0,0.0,0.85
000840,Pedestrian,pedestrian,14.64,85.9,1,0.0,0.092
000840,Pedestrian,pedestrian,12.51,102.0,0,0.0,0.758
000840,Pedestrian,pedestrian,15.7,82.0,1,0.0,0.672
000840,Pedestrian,pedestrian,17.5,77.0,2,0.0,0.0
000840,Pedestrian,pedestrian,21.19,61.6,0,0.0,0.71
000840,Pedestrian,pedestrian,25.84,49.0,0,0.0,0.732
000840,Van,van,3.22,373.0,0,1.0,0.572
000857,Car,car,33.72,43.2,0,0.0,0.753
000857,Van,van,54.31,43.4,0,0.0,0.66
000857,Car,car,17.88,88.1,0,0.0,0.919
000857,Car,car,22.27,76.9,1,0.22,0.89
000857,Car,car,53.78,24.9,2,0.0,0.0
000857,Car,car,49.93,23.8,0,0.0,0.842
000858,Van,van,18.56,109.8,1,0.0,0.737
000858,Car,car,22.35,63.5,1,0.0,0.832
000862,Pedestrian,pedestrian,10.8,129.9,0,0.0,0.802
000862,Pedestrian,pedestrian,7.55,196.1,0,0.0,0.913
000863,Car,car,5.12,199.3,0,0.62,0.916
000863,Car,car,4.85,180.8,3,0.87,0.934
000863,Car,car,48.13,23.7,0,0.0,0.812
000878,Truck,truck,30.93,110.3,3,0.1,0.91
000878,Car,car,45.88,28.4,0,0.0,0.839
000884,Van,van,4.49,226.2,0,0.93,0.932
000884,Car,car,18.26,71.9,0,0.0,0.869
000884,Van,van,18.34,92.8,0,0.0,0.74
000884,Car,car,25.84,49.8,2,0.0,0.0
000889,Car,car,26.14,56.9,0,0.0,0.595
000889,Pedestrian,pedestrian,7.51,201.4,0,0.0,0.882
000889,Pedestrian,pedestrian,7.22,214.6,0,0.0,0.886
000889,Pedestrian,pedestrian,19.54,65.1,0,0.0,0.753
000889,Cyclist,cyclist,43.54,28.5,0,0.0,0.694
000890,Car,car,37.45,28.9,0,0.0,0.785
000890,Car,car,12.6,97.4,0,0.0,0.921
000890,Car,car,4.18,168.7,0,1.0,0.0
000890,Car,car,34.82,32.2,1,0.0,0.709
000890,Car,car,22.28,55.3,2,0.0,0.852
000890,Truck,truck,8.66,337.8,1,1.0,0.0
000893,Truck,truck,38.06,65.4,0,0.0,0.779
000893,Car,car,27.59,55.5,0,0.0,0.882
000909,Van,van,5.19,344.7,0,0.8,0.633
000909,Car,car,10.3,135.6,1,0.0,0.872
000909,Car,car,15.76,78.1,2,0.0,0.732
000909,Car,car,21.56,56.6,2,0.0,0.762
000909,Car,car,28.75,43.2,0,0.0,0.674
000909,Car,car,37.67,29.6,2,0.0,0.681
000918,Car,car,22.08,55.7,0,0.0,0.86
000918,Car,car,29.23,47.6,2,0.0,0.324
000918,Car,car,6.8,193.2,0,0.25,0.896
000918,Car,car,23.0,55.3,0,0.0,0.841
000918,Car,car,28.78,41.6,2,0.0,0.0
000918,Car,car,34.52,34.2,1,0.0,0.743
000918,Car,car,60.95,20.3,1,0.0,0.37
000920,Car,car,10.69,141.1,0,0.0,0.917
000920,Car,car,20.72,63.2,0,0.0,0.856
000920,Car,car,27.5,43.1,0,0.0,0.765
000920,Car,car,27.51,42.2,2,0.0,0.0
000929,Car,car,24.05,52.2,0,0.0,0.855
000929,Car,car,28.65,39.3,0,0.0,0.883
000929,Car,car,32.77,33.6,1,0.0,0.877
000937,Pedestrian,pedestrian,24.19,48.3,0,0.0,0.739
000937,Pedestrian,pedestrian,20.27,62.1,0,0.0,0.783
000937,Pedestrian,pedestrian,28.35,50.7,0,0.0,0.766
000937,Pedestrian,pedestrian,28.46,48.3,0,0.0,0.719
000937,Pedestrian,pedestrian,13.68,115.3,0,0.0,0.709
000937,Pedestrian,pedestrian,14.26,100.4,1,0.0,0.411
000941,Car,car,7.03,186.4,0,0.57,0.94
000941,Car,car,17.36,77.5,0,0.0,0.861
000941,Car,car,46.16,23.8,0,0.0,0.765
000942,Car,car,5.05,203.2,0,0.91,0.88
000942,Car,car,10.82,160.6,0,0.1,0.926
000942,Car,car,10.03,142.0,1,0.0,0.934
000942,Car,car,24.84,50.9,0,0.0,0.841
000942,Car,car,18.29,67.8,1,0.0,0.893
000942,Car,car,23.71,51.2,2,0.0,0.745
000942,Car,car,29.74,38.7,2,0.0,0.762
000944,Car,car,38.21,28.8,0,0.0,0.841
000944,Van,van,35.23,43.6,2,0.0,0.553
000944,Car,car,32.88,34.1,2,0.0,0.582
000944,Car,car,25.6,46.8,2,0.0,0.613
000944,Car,car,23.23,50.6,2,0.0,0.613
000944,Car,car,20.95,58.8,2,0.0,0.396
000944,Car,car,16.29,79.8,2,0.0,0.907
000944,Car,car,13.92,91.2,1,0.0,0.907
000944,Car,car,10.08,158.9,1,0.58,0.945
000944,Car,car,5.07,201.0,0,0.82,0.771
000944,Truck,truck,54.47,34.2,2,0.0,0.502
000948,Car,car,59.08,21.1,0,0.0,0.686
000948,Truck,truck,76.8,29.4,0,0.0,0.469
000948,Van,van,39.88,47.8,0,0.0,0.558
000950,Car,car,45.85,28.5,0,0.0,0.646
000951,Van,van,17.9,92.8,0,0.0,0.319
000951,Van,van,16.7,163.2,0,0.39,0.889
000951,Car,car,19.45,73.8,0,0.0,0.9
000951,Car,car,21.07,98.8,1,0.0,0.679
000951,Car,car,24.82,46.9,0,0.0,0.798
000951,Car,car,19.74,65.2,0,0.0,0.903
000951,Car,car,35.75,36.9,0,0.0,0.758
000951,Van,van,46.59,45.9,0,0.0,0.613
000951,Car,car,21.0,68.0,1,0.0,0.848
000951,Car,car,21.95,57.9,2,0.0,0.0
000951,Truck,truck,43.61,65.3,1,0.0,0.048
000959,Car,car,51.52,22.7,0,0.0,0.449
000959,Car,car,5.09,188.2,0,0.83,0.939
000959,Car,car,37.31,29.9,0,0.0,0.691
000959,Car,car,14.82,85.9,0,0.0,0.911
000959,Car,car,19.24,69.9,2,0.0,0.842
000959,Car,car,22.98,57.5,2,0.0,0.217
000959,Car,car,32.7,35.7,1,0.0,0.674
000959,Car,car,47.95,23.6,2,0.0,0.438
000959,Car,car,53.95,21.8,1,0.0,0.57
000959,Car,car,55.38,22.8,1,0.0,0.449
000959,Pedestrian,pedestrian,23.19,58.8,2,0.0,0.0
000960,Car,car,59.03,18.7,0,0.0,0.555
000967,Car,car,36.62,33.5,0,0.0,0.844
000967,Car,car,37.45,28.6,0,0.0,0.836
000967,Car,car,51.03,21.2,1,0.0,0.0
000968,Car,car,45.14,24.4,0,0.0,0.655
000972,Car,car,6.25,168.5,0,0.97,0.942
000972,Cyclist,cyclist,6.68,267.0,0,0.08,0.891
000972,Car,car,67.9,16.9,0,0.0,0.772
000974,Car,car,44.36,28.3,0,0.0,0.811
000974,Truck,truck,73.75,30.8,0,0.0,0.831
000974,Car,car,42.13,27.8,1,0.0,0.834
000980,Car,car,34.53,41.6,0,0.0,0.779
000980,Van,van,54.84,42.7,0,0.0,0.72
000980,Car,car,18.78,79.7,0,0.0,0.881
000980,Car,car,23.14,71.4,1,0.0,0.896
000980,Car,car,54.24,24.1,1,0.0,0.533
000980,Car,car,51.25,23.3,0,0.0,0.851
000987,Car,car,13.74,92.7,1,0.0,0.85
000987,Car,car,18.56,62.0,1,0.0,0.862
000987,Car,car,9.47,157.8,3,0.15,0.943
000987,Car,car,7.74,205.4,1,0.71,0.943
000987,Pedestrian,pedestrian,28.31,50.0,0,0.0,0.587
000989,Car,car,25.37,44.7,0,0.0,0.84
000994,Truck,truck,41.43,71.3,0,0.0,0.766
000994,Car,car,36.68,39.8,0,0.0,0.859
000994,Car,car,41.31,30.7,1,0.0,0.862
000994,Car,car,48.08,25.7,1,0.0,0.607
000994,Car,car,53.13,22.5,1,0.0,0.254
000994,Car,car,57.99,19.5,1,0.0,0.053
000994,Car,car,68.13,17.9,1,0.0,0.056
000995,Car,car,8.32,175.7,0,0.0,0.854
000995,Car,car,17.8,71.2,0,0.0,0.78
000995,Car,car,24.31,50.6,2,0.0,0.052
000995,Van,van,15.97,149.2,2,0.0,0.722
000995,Car,car,29.41,37.9,0,0.0,0.796
000995,Car,car,38.33,28.5,0,0.0,0.853
000997,Car,car,21.84,61.2,0,0.0,0.912
000997,Car,car,55.76,19.6,1,0.0,0.128
001009,Car,car,30.22,37.9,0,0.0,0.796
001009,Car,car,40.89,26.1,2,0.0,0.701
001009,Car,car,42.07,27.8,0,0.0,0.74
001009,Car,car,23.59,49.6,0,0.0,0.798
001009,Car,car,52.4,22.4,1,0.0,0.676
001010,Car,car,4.84,199.3,0,0.88,0.93
001010,Car,car,6.42,162.4,0,0.92,0.933
001010,Car,car,10.88,155.6,1,0.0,0.907
001010,Car,car,12.77,106.7,0,0.0,0.855
001010,Car,car,15.99,91.3,1,0.0,0.766
001010,Car,car,18.84,65.3,1,0.0,0.766
001010,Van,van,26.63,88.1,1,0.0,0.772
001010,Car,car,33.83,35.2,2,0.0,0.0
001010,Car,car,47.75,23.0,1,0.0,0.558
001010,Car,car,50.56,20.3,0,0.0,0.723
001010,Car,car,54.67,23.3,1,0.0,0.444
001010,Car,car,66.93,16.7,0,0.0,0.74
001014,Car,car,22.22,54.5,0,0.0,0.891
001014,Van,van,62.57,22.8,0,0.0,0.51
001018,Car,car,11.55,115.7,0,0.0,0.914
001019,Pedestrian,pedestrian,60.58,22.8,0,0.0,0.0
001022,Car,car,4.61,167.7,0,0.96,0.942
001022,Cyclist,cyclist,21.13,70.0,1,0.0,0.0
001022,Car,car,25.05,45.7,0,0.0,0.909
001022,Car,car,49.95,21.9,0,0.0,0.806
001022,Car,car,45.48,28.8,0,0.0,0.864
001025,Car,car,10.31,145.8,0,0.0,0.684
001025,Car,car,53.55,20.6,0,0.0,0.681
001041,Car,car,7.96,176.6,0,0.16,0.949
001041,Car,car,52.97,28.4,0,0.0,0.698
001043,Car,car,6.07,195.3,0,0.59,0.948
001043,Car,car,9.69,159.7,0,0.66,0.927
001043,Car,car,16.81,92.9,1,0.0,0.715
001043,Car,car,42.28,25.8,0,0.0,0.819
001043,Car,car,23.05,58.2,2,0.0,0.794
001043,Car,car,33.69,33.9,1,0.0,0.728
001043,Car,car,54.93,21.4,1,0.0,0.701
001043,Car,car,48.32,23.5,1,0.0,0.742
001043,Van,van,61.27,27.2,2,0.0,0.0
001049,Car,car,31.14,51.3,1,0.1,0.0
001049,Car,car,28.8,48.8,1,0.0,0.827
001049,Car,car,27.85,52.6,1,0.0,0.809
001049,Car,car,36.85,30.3,0,0.0,0.669
001049,Pedestrian,pedestrian,9.02,162.3,0,0.0,0.857
001049,Pedestrian,pedestrian,19.02,80.0,2,0.0,0.0
001049,Pedestrian,pedestrian,19.18,77.2,2,0.0,0.0
001049,Pedestrian,pedestrian,18.06,81.7,1,0.0,0.036
001049,Pedestrian,pedestrian,13.93,104.1,0,0.0,0.876
001049,Pedestrian,pedestrian,14.5,92.2,0,0.0,0.84
001049,Pedestrian,pedestrian,15.49,96.2,0,0.0,0.811
001049,Pedestrian,pedestrian,15.74,92.4,0,0.0,0.807
001049,Pedestrian,pedestrian,16.03,82.3,0,0.0,0.753
001049,Pedestrian,pedestrian,17.68,82.8,1,0.0,0.0
001058,Car,car,44.26,21.7,0,0.0,0.787
001058,Car,car,40.89,26.4,0,0.0,0.878
001058,Car,car,10.46,147.9,0,0.0,0.936
001058,Van,van,61.76,27.8,2,0.0,0.155
001058,Car,car,52.58,24.9,0,0.0,0.832
001062,Pedestrian,pedestrian,9.82,188.4,1,0.0,0.0
001062,Car,car,5.28,181.0,0,0.93,0.937
001062,Car,car,10.05,149.7,1,0.0,0.936
001062,Car,car,10.63,139.2,0,0.0,0.918
001062,Car,car,15.81,80.5,1,0.0,0.873
001062,Car,car,16.56,80.9,1,0.0,0.884
001062,Car,car,23.22,60.7,1,0.0,0.75
001062,Car,car,29.81,42.3,1,0.0,0.808
001062,Car,car,23.95,54.2,2,0.0,0.808
001062,Car,car,40.31,29.5,0,0.0,0.83
001062,Truck,truck,76.69,37.5,3,0.0,0.133
001063,Car,car,26.18,58.3,0,0.0,0.889
001063,Car,car,52.48,26.4,0,0.0,0.85
001063,Car,car,63.6,19.9,0,0.0,0.845
001066,Car,car,13.93,96.9,0,0.0,0.914
001069,Car,car,20.6,75.2,1,0.61,0.549
001069,Car,car,29.63,39.1,0,0.0,0.811
001069,Cyclist,cyclist,34.37,37.2,1,0.0,0.0
001069,Cyclist,cyclist,37.53,36.0,0,0.0,0.625
001069,Cyclist,cyclist,44.17,28.0,0,0.0,0.257
001069,Cyclist,cyclist,30.97,42.5,0,0.0,0.349
001069,Pedestrian,pedestrian,35.9,36.7,0,0.0,0.514
001069,Car,car,51.45,25.6,1,0.0,0.029
001081,Car,car,59.81,18.4,0,0.0,0.743
001081,Van,van,33.74,48.6,0,0.0,0.706
001081,Car,car,42.94,27.3,1,0.0,0.709
001082,Car,car,26.26,46.6,0,0.0,0.848
001082,Car,car,23.76,49.5,0,0.0,0.913
001082,Car,car,13.62,98.5,0,0.0,0.928
001082,Car,car,19.95,57.7,2,0.0,0.856
001082,Car,car,23.72,49.1,2,0.0,0.856
001082,Car,car,27.52,46.1,2,0.0,0.856
001082,Van,van,34.45,42.6,1,0.0,0.415
001082,Car,car,41.48,27.4,2,0.0,0.0
001082,Car,car,41.75,32.0,1,0.0,0.44
001082,Van,van,75.96,29.3,1,0.0,0.235
001082,Car,car,47.83,26.6,1,0.0,0.269
001082,Car,car,70.66,15.7,0,0.0,0.669
001082,Car,car,50.06,23.1,2,0.0,0.0
001082,Car,car,51.31,26.3,2,0.0,0.027
001083,Car,car,8.1,196.0,0,0.0,0.939
001083,Car,car,11.5,139.9,0,0.07,0.907
001083,Car,car,18.94,79.5,1,0.0,0.833
001083,Car,car,45.85,23.6,0,0.0,0.798
001083,Car,car,25.22,52.2,2,0.0,0.819
001083,Car,car,35.85,31.6,1,0.0,0.407
001083,Car,car,57.11,20.5,1,0.0,0.732
001083,Car,car,50.52,22.4,1,0.0,0.651
001083,Van,van,63.33,26.2,2,0.0,0.0
001084,Van,van,13.92,115.8,3,0.0,0.909
001084,Van,van,13.5,114.2,0,0.0,0.863
001084,Car,car,22.47,53.1,1,0.0,0.742
001084,Van,van,28.3,51.7,2,0.0,0.585
001084,Car,car,33.67,39.3,2,0.0,0.022
001084,Car,car,45.08,26.0,0,0.0,0.773
001084,Car,car,11.24,127.0,0,0.2,0.94
001085,Car,car,21.66,54.5,0,0.0,0.867
001085,Car,car,32.21,33.5,1,0.0,0.779
001085,Car,car,34.99,33.8,0,0.0,0.699
001085,Van,van,31.32,48.6,1,0.0,0.551
001085,Car,car,45.44,26.0,1,0.0,0.753
001087,Car,car,40.18,27.3,0,0.0,0.843
001087,Car,car,11.29,149.9,1,0.33,0.92
001087,Car,car,22.49,53.3,2,0.0,0.686
001087,Car,car,25.03,46.3,2,0.0,0.686
001087,Car,car,32.45,35.6,1,0.0,0.591
001092,Truck,truck,49.53,58.1,0,0.0,0.539
001092,Car,car,76.39,15.9,0,0.0,0.658
001101,Pedestrian,pedestrian,4.31,225.2,0,0.51,0.0
001101,Pedestrian,pedestrian,13.14,109.2,0,0.0,0.89
001101,Pedestrian,pedestrian,5.81,203.6,0,0.23,0.884
001101,Pedestrian,pedestrian,6.64,209.4,0,0.0,0.865
001101,Pedestrian,pedestrian,8.25,163.2,0,0.0,0.848
001101,Pedestrian,pedestrian,9.42,160.0,1,0.0,0.853
001101,Pedestrian,pedestrian,11.21,126.9,0,0.0,0.858
001101,Pedestrian,pedestrian,7.91,169.8,1,0.0,0.133
001101,Pedestrian,pedestrian,12.47,116.3,2,0.0,0.0
001101,Pedestrian,pedestrian,9.35,147.7,2,0.0,0.133
001101,Car,car,21.72,57.9,1,0.0,0.814
001104,Car,car,22.07,57.7,0,0.0,0.889
001104,Car,car,6.3,169.8,0,0.95,0.937
001104,Car,car,18.28,74.8,1,0.0,0.899
001104,Van,van,15.0,162.1,0,0.0,0.892
001104,Car,car,24.85,51.3,2,0.0,0.0
001104,Car,car,26.19,49.4,1,0.0,0.696
001104,Car,car,38.44,31.2,1,0.0,0.574
001110,Car,car,9.43,163.7,0,0.0,0.946
001110,Car,car,29.88,41.6,1,0.0,0.844
001112,Car,car,20.94,61.9,0,0.0,0.919
001112,Car,car,25.73,47.1,1,0.0,0.867
001112,Cyclist,cyclist,15.5,97.9,0,0.0,0.374
001112,Cyclist,cyclist,20.41,69.9,0,0.0,0.649
001112,Car,car,53.01,23.6,0,0.0,0.793
001124,Pedestrian,pedestrian,7.87,187.1,0,0.0,0.911
001125,Car,car,10.5,173.9,0,0.42,0.95
001125,Car,car,9.82,160.8,0,0.72,0.925
001125,Van,van,18.53,111.3,0,0.0,0.732
001125,Car,car,15.69,80.9,0,0.0,0.896
001125,Car,car,20.24,73.0,2,0.0,0.781
001125,Van,van,35.84,57.7,2,0.0,0.655
001125,Car,car,35.19,34.5,2,0.0,0.651
001125,Car,car,37.75,34.2,2,0.0,0.651
001125,Van,van,57.59,37.5,2,0.0,0.421
001128,Car,car,37.5,28.1,0,0.0,0.715
001128,Car,car,23.81,50.7,0,0.0,0.854
001128,Car,car,7.92,211.7,0,0.14,0.878
001128,Truck,truck,27.04,116.2,0,0.0,0.925
001128,Car,car,39.11,31.9,2,0.0,0.0
001134,Car,car,16.38,74.7,0,0.0,0.885
001134,Cyclist,cyclist,16.5,75.3,1,0.0,0.0
001134,Car,car,39.62,28.0,0,0.0,0.761
001134,Van,van,47.97,45.7,1,0.0,0.67
001134,Car,car,52.05,21.7,2,0.0,0.05
001134,Cyclist,cyclist,13.28,106.7,0,0.0,0.792
001140,Car,car,12.27,124.7,0,0.0,0.936
001140,Car,car,14.47,90.0,1,0.0,0.9
001140,Car,car,17.4,73.1,1,0.0,0.892
001140,Car,car,25.29,56.2,1,0.0,0.723
001140,Car,car,31.78,40.5,2,0.0,0.727
001140,Car,car,63.59,18.4,1,0.0,0.689
001143,Car,car,47.23,26.5,0,0.0,0.781
001143,Car,car,15.46,105.7,1,0.23,0.925
001143,Car,car,35.04,33.2,1,0.0,0.811
001143,Car,car,57.71,22.3,1,0.0,0.328
001144,Car,car,32.26,39.3,2,0.0,0.644
001150,Car,car,14.75,87.9,0,0.0,0.912
001150,Car,car,4.93,183.2,1,0.94,0.956
001150,Car,car,9.76,150.4,1,0.0,0.897
001150,Car,car,19.14,65.7,2,0.0,0.853
001150,Car,car,15.08,84.5,2,0.0,0.858
001150,Truck,truck,71.57,37.8,2,0.0,0.035
001152,Car,car,73.35,12.9,0,0.0,0.674
001152,Car,car,44.58,26.6,0,0.0,0.858
001152,Car,car,67.63,16.7,0,0.0,0.783
001154,Truck,truck,46.39,51.8,0,0.0,0.635
001154,Car,car,36.25,35.6,0,0.0,0.895
001154,Car,car,46.93,25.0,0,0.0,0.837
001154,Car,car,69.24,17.5,0,0.0,0.783
001162,Car,car,14.86,110.1,3,0.02,0.858
001162,Car,car,15.91,95.2,0,0.83,0.347
001162,Car,car,16.59,100.1,2,0.0,0.0
001162,Car,car,29.14,38.2,0,0.0,0.859
001162,Car,car,30.37,43.5,1,0.0,0.804
001162,Car,car,44.48,30.3,0,0.0,0.811
001162,Car,car,63.49,22.0,1,0.0,0.621
001162,Van,van,7.39,253.2,0,0.2,0.783
001162,Car,car,14.13,83.6,0,0.0,0.882
001163,Car,car,5.28,187.1,0,0.85,0.882
001163,Car,car,5.13,163.3,0,0.84,0.931
001163,Car,car,10.87,133.5,1,0.0,0.784
001163,Car,car,10.24,146.9,1,0.0,0.886
001163,Car,car,19.28,61.2,1,0.0,0.881
001163,Car,car,24.03,46.2,0,0.0,0.836
001163,Car,car,26.4,41.3,2,0.0,0.854
001163,Car,car,44.13,26.1,0,0.0,0.693
001163,Van,van,56.62,32.2,2,0.0,0.451
001165,Car,car,46.32,31.7,0,0.0,0.835
001165,Car,car,56.4,21.9,0,0.0,0.823
001165,Car,car,34.28,36.9,0,0.0,0.861
001167,Pedestrian,pedestrian,32.02,40.6,1,0.0,0.748
001167,Car,car,38.65,34.1,0,0.0,0.843
001169,Cyclist,cyclist,12.43,115.9,1,0.0,0.564
001169,Pedestrian,pedestrian,13.03,94.4,0,0.0,0.823
001169,Cyclist,cyclist,24.23,54.8,1,0.0,0.031
001169,Pedestrian,pedestrian,18.49,73.3,2,0.0,0.054
001169,Pedestrian,pedestrian,30.65,42.5,1,0.0,0.35
001169,Pedestrian,pedestrian,32.04,40.3,2,0.0,0.0
001169,Pedestrian,pedestrian,32.05,40.3,2,0.0,0.0
001169,Pedestrian,pedestrian,33.53,41.6,1,0.0,0.241
001169,Pedestrian,pedestrian,32.01,44.8,1,0.0,0.211
001173,Car,car,70.23,17.7,0,0.0,0.722
001173,Truck,truck,76.0,29.8,0,0.0,0.545
001173,Van,van,39.41,53.3,2,0.0,0.553
001173,Tram,tram,47.5,61.2,1,0.0,0.029
001193,Pedestrian,pedestrian,17.49,73.4,2,0.0,0.545
001193,Pedestrian,pedestrian,16.36,82.0,0,0.0,0.545
001193,Pedestrian,pedestrian,6.16,224.9,0,0.14,0.89
001193,Pedestrian,pedestrian,13.19,102.0,0,0.0,0.861
001193,Car,car,13.52,138.6,0,0.0,0.748
001193,Van,van,20.02,86.4,2,0.0,0.0
001193,Person_sitting,pedestrian,9.35,124.7,2,0.0,0.0
001193,Person_sitting,pedestrian,9.73,113.2,2,0.0,0.28
001198,Van,van,9.36,192.1,0,0.0,0.683
001198,Tram,tram,51.29,57.3,2,0.0,0.0
001198,Person_sitting,pedestrian,12.07,83.8,1,0.0,0.415
001198,Person_sitting,pedestrian,12.21,82.3,1,0.0,0.572
001198,Person_sitting,pedestrian,13.13,75.0,2,0.0,0.0
001198,Person_sitting,pedestrian,15.15,64.8,2,0.0,0.438
001198,Pedestrian,pedestrian,12.9,112.3,0,0.0,0.851
001198,Pedestrian,pedestrian,13.65,105.2,2,0.0,0.851
001203,Car,car,7.26,202.8,0,0.86,0.943
001203,Car,car,13.55,104.2,0,0.0,0.943
001203,Car,car,29.12,38.2,0,0.0,0.848
001203,Car,car,52.49,20.7,0,0.0,0.842
001203,Cyclist,cyclist,18.86,72.3,0,0.0,0.688
001208,Pedestrian,pedestrian,8.8,165.9,0,0.0,0.91
001212,Truck,truck,48.8,59.0,0,0.0,0.57
001212,Car,car,38.07,36.0,1,0.0,0.793
001215,Car,car,11.13,120.6,0,0.0,0.921
001219,Car,car,58.95,18.7,0,0.0,0.701
001219,Car,car,35.13,36.5,0,0.0,0.776
001224,Car,car,5.57,168.3,0,0.52,0.916
001224,Car,car,9.77,149.9,1,0.0,0.906
001224,Car,car,14.11,93.7,1,0.0,0.86
001224,Car,car,19.35,72.2,1,0.0,0.771
001224,Car,car,27.61,63.4,1,0.0,0.664
001224,Car,car,16.54,94.7,2,0.0,0.885
001224,Car,car,10.08,153.3,3,0.6,0.936
001224,Car,car,31.72,38.8,2,0.0,0.576
001224,Car,car,49.02,27.7,1,0.0,0.715
001225,Pedestrian,pedestrian,11.34,123.8,0,0.0,0.873
001225,Car,car,31.54,36.6,1,0.0,0.633
001225,Car,car,10.82,140.2,0,0.0,0.925
001225,Car,car,35.05,32.9,0,0.0,0.812
001225,Truck,truck,52.36,60.9,1,0.0,0.449
001225,Car,car,26.28,50.9,2,0.0,0.815
001237,Car,car,11.01,168.4,0,0.29,0.648
001237,Car,car,6.23,176.2,0,0.47,0.907
001237,Car,car,16.71,82.4,0,0.0,0.866
001237,Car,car,13.15,104.2,2,0.0,0.0
001237,Car,car,15.33,83.1,2,0.0,0.867
001237,Car,car,17.92,75.1,2,0.0,0.0
001237,Car,car,22.73,48.7,2,0.0,0.67
001237,Car,car,31.65,39.6,2,0.0,0.693
001237,Car,car,35.85,41.7,2,0.0,0.0
001237,Car,car,41.09,26.6,2,0.0,0.266
001238,Car,car,8.18,171.7,0,0.85,0.914
001238,Pedestrian,pedestrian,10.11,155.4,1,0.0,0.879
001238,Pedestrian,pedestrian,11.62,121.3,0,0.0,0.78
001238,Pedestrian,pedestrian,12.13,121.6,1,0.0,0.796
001238,Cyclist,cyclist,24.58,55.5,1,0.0,0.0
001238,Cyclist,cyclist,14.97,97.8,1,0.0,0.0
001238,Car,car,27.18,55.2,1,0.36,0.82
001239,Car,car,14.1,86.5,0,0.0,0.907
001240,Car,car,8.39,174.2,0,0.0,0.938
001240,Car,car,17.76,71.4,0,0.0,0.797
001240,Car,car,24.17,51.0,2,0.0,0.014
001240,Van,van,12.73,222.2,1,0.38,0.903
001240,Car,car,29.27,38.1,0,0.0,0.847
001240,Car,car,34.65,31.8,0,0.0,0.869
001256,Pedestrian,pedestrian,9.75,143.0,0,0.0,0.833
001259,Car,car,19.25,64.5,0,0.0,0.898
001259,Van,van,62.8,22.6,0,0.0,0.477
001260,Car,car,9.51,163.7,0,0.0,0.923
001260,Car,car,12.98,136.4,1,0.54,0.897
001265,Car,car,27.03,41.8,0,0.0,0.902
001265,Car,car,49.03,22.8,2,0.0,0.52
001271,Car,car,11.65,122.8,0,0.0,0.714
001271,Car,car,55.1,20.0,1,0.0,0.604
001275,Car,car,45.48,27.5,0,0.0,0.788
001275,Car,car,35.98,33.1,1,0.0,0.858
001275,Car,car,33.09,33.7,1,0.0,0.807
001275,Car,car,56.71,19.1,1,0.0,0.72
001277,Car,car,4.64,163.4,0,0.88,0.914
001277,Car,car,18.15,74.5,0,0.0,0.819
001277,Car,car,10.18,138.9,1,0.0,0.893
001277,Car,car,16.28,83.5,1,0.0,0.869
001277,Car,car,21.6,58.7,2,0.0,0.722
001277,Car,car,28.29,43.8,2,0.0,0.722
001277,Car,car,33.16,35.6,2,0.0,0.643
001277,Car,car,49.22,29.5,1,0.0,0.363
001279,Pedestrian,pedestrian,10.1,157.8,0,0.0,0.887
001281,Truck,truck,68.47,33.4,0,0.0,0.475
001281,Cyclist,cyclist,46.4,29.2,1,0.0,0.0
001281,Car,car,41.63,34.2,0,0.0,0.831
001281,Car,car,82.57,15.0,0,0.0,0.604
001281,Cyclist,cyclist,39.65,35.0,3,0.0,0.0
001286,Pedestrian,pedestrian,18.72,81.5,2,0.0,0.0
001286,Car,car,57.74,20.1,1,0.0,0.312
001286,Car,car,70.46,15.7,0,0.0,0.701
001291,Car,car,36.88,33.2,0,0.0,0.852
001291,Car,car,35.78,29.8,0,0.0,0.859
001291,Car,car,48.72,22.1,2,0.0,0.0
001296,Car,car,46.81,26.7,0,0.0,0.727
001296,Van,van,21.31,82.6,1,0.0,0.63
001296,Car,car,35.86,35.2,0,0.0,0.82
001296,Car,car,46.17,25.6,1,0.0,0.792
001311,Car,car,49.52,23.6,0,0.0,0.694
001311,Car,car,9.87,144.5,0,0.0,0.897
001311,Car,car,4.7,195.8,0,0.89,0.892
001311,Car,car,8.23,191.4,1,0.0,0.809
001311,Car,car,17.7,70.3,0,0.0,0.868
001311,Car,car,32.92,35.2,2,0.0,0.779
001311,Car,car,22.79,55.3,2,0.0,0.745
001311,Car,car,39.37,31.1,2,0.0,0.0
001311,Car,car,41.48,32.5,1,0.0,0.444
001311,Car,car,51.34,22.1,2,0.0,0.0
001311,Pedestrian,pedestrian,10.75,136.7,2,0.0,0.0
001316,Car,car,19.61,65.2,0,0.0,0.857
001316,Tram,tram,69.06,43.3,0,0.0,0.52
001326,Car,car,22.21,56.9,0,0.0,0.842
001326,Car,car,32.37,34.3,1,0.0,0.823
001326,Car,car,44.76,27.0,1,0.0,0.783
001326,Car,car,39.67,39.9,0,0.0,0.756
001329,Car,car,47.43,26.4,0,0.0,0.774
001329,Tram,tram,61.1,65.5,0,0.0,0.639
001334,Cyclist,cyclist,12.47,128.9,3,0.0,0.726
001334,Pedestrian,pedestrian,15.56,94.3,1,0.0,0.737
001334,Pedestrian,pedestrian,15.75,95.8,0,0.0,0.759
001334,Cyclist,cyclist,28.85,43.6,3,0.0,0.653
001335,Car,car,31.98,34.0,0,0.0,0.841
001335,Car,car,39.24,31.1,0,0.0,0.827
001339,Car,car,6.47,170.8,0,0.8,0.949
001339,Car,car,29.09,42.3,0,0.0,0.855
001341,Car,car,23.73,52.9,0,0.0,0.873
001342,Car,car,47.01,30.4,1,0.0,0.813
001357,Cyclist,cyclist,40.98,36.7,3,0.0,0.0
001357,Pedestrian,pedestrian,11.14,115.9,0,0.0,0.774
001357,Pedestrian,pedestrian,10.96,132.4,0,0.0,0.854
001357,Pedestrian,pedestrian,10.12,133.2,0,0.0,0.806
001357,Cyclist,cyclist,6.51,231.0,3,0.73,0.0
001357,Pedestrian,pedestrian,36.22,42.1,1,0.0,0.048
001357,Pedestrian,pedestrian,35.42,36.8,1,0.0,0.127
001357,Cyclist,cyclist,36.07,46.8,1,0.0,0.0
001364,Car,car,38.76,30.4,0,0.0,0.853
001378,Pedestrian,pedestrian,14.06,98.1,0,0.0,0.727
001378,Van,van,20.6,74.7,1,0.0,0.637
001378,Truck,truck,32.94,75.3,1,0.0,0.896
001378,Car,car,47.22,26.4,1,0.0,0.674
001378,Car,car,56.73,19.3,0,0.0,0.56
001378,Car,car,57.61,19.7,0,0.0,0.766
001378,Car,car,62.61,17.9,2,0.0,0.147
001378,Car,car,63.57,16.6,2,0.0,0.477
001387,Truck,truck,57.36,40.6,0,0.0,0.596
001387,Car,car,39.57,31.8,0,0.0,0.86
001387,Car,car,72.55,19.5,2,0.0,0.777
001396,Car,car,23.41,46.0,0,0.0,0.897
001396,Pedestrian,pedestrian,31.69,42.4,1,0.0,0.0
001396,Car,car,52.48,23.6,0,0.0,0.809
001396,Cyclist,cyclist,43.1,29.2,3,0.0,0.0
001396,Van,van,50.37,32.1,3,0.0,0.307
001396,Pedestrian,pedestrian,43.72,31.2,1,0.0,0.16
001396,Car,car,32.82,35.7,2,0.0,0.714
001403,Car,car,29.21,36.7,0,0.0,0.755
001403,Car,car,15.88,81.0,0,0.0,0.911
001403,Car,car,4.1,206.5,0,1.0,0.0
001403,Car,car,42.78,26.1,2,0.0,0.773
001403,Truck,truck,19.81,177.7,1,0.0,0.925
001403,Car,car,37.82,34.8,1,0.0,0.073
001413,Car,car,47.04,25.3,0,0.0,0.84
001413,Car,car,20.89,65.9,0,0.0,0.911
001413,Car,car,25.19,62.4,1,0.0,0.793
001413,Car,car,28.49,44.1,0,0.0,0.783
001413,Car,car,33.19,48.2,2,0.0,0.783
001420,Car,car,60.62,18.1,0,0.0,0.803
001420,Car,car,58.18,18.9,0,0.0,0.756
001431,Pedestrian,pedestrian,9.52,174.7,0,0.0,0.876
001432,Car,car,28.74,40.0,0,0.0,0.815
001448,Car,car,59.23,18.7,1,0.0,0.723
001448,Car,car,49.33,22.9,0,0.0,0.613
001448,Car,car,46.54,24.4,0,0.0,0.755
001448,Car,car,40.39,33.6,1,0.0,0.796
001449,Pedestrian,pedestrian,9.74,141.3,0,0.0,0.774
001457,Car,car,17.46,72.8,0,0.0,0.845
001457,Car,car,6.8,223.1,0,0.91,0.895
001457,Van,van,12.4,146.8,0,0.0,0.798
001457,Car,car,19.4,63.7,2,0.0,0.828
001457,Car,car,36.78,32.3,2,0.0,0.578
001457,Car,car,47.68,24.0,2,0.0,0.578
001457,Car,car,20.56,79.9,1,0.0,0.0
001457,Van,van,16.9,179.0,0,0.0,0.909
001457,Car,car,26.32,54.0,2,0.0,0.0
001457,Car,car,32.57,34.5,2,0.0,0.0
001457,Car,car,48.28,23.6,1,0.0,0.664
001457,Car,car,54.53,25.6,1,0.0,0.297
001457,Car,car,64.67,18.4,1,0.0,0.714
001457,Car,car,76.66,14.0,1,0.0,0.221
001457,Car,car,33.96,37.9,1,0.0,0.85
001457,Car,car,29.86,43.7,2,0.0,0.0
001460,Car,car,16.04,75.9,0,0.0,0.925
001460,Car,car,41.28,27.7,0,0.0,0.758
001460,Car,car,20.8,62.5,0,0.0,0.902
001460,Car,car,25.83,48.0,2,0.0,0.831
001460,Car,car,13.3,107.5,0,0.0,0.936
001471,Car,car,35.79,35.4,0,0.0,0.762
001471,Tram,tram,65.25,45.9,0,0.0,0.667
001471,Truck,truck,71.32,32.7,1,0.0,0.0
001477,Pedestrian,pedestrian,9.95,140.4,0,0.0,0.873
001490,Car,car,24.93,50.4,0,0.0,0.826
001490,Car,car,63.97,19.5,0,0.0,0.789
001490,Car,car,49.68,22.5,1,0.0,0.471
001490,Van,van,44.46,34.2,1,0.0,0.235
001490,Van,van,34.47,54.7,0,0.0,0.055
001490,Truck,truck,26.15,82.9,0,0.94,0.367
001492,Truck,truck,47.99,60.1,0,0.0,0.701
001492,Car,car,51.28,24.5,0,0.0,0.759
001506,Car,car,31.1,38.5,0,0.0,0.883
001506,Car,car,39.59,34.4,2,0.0,0.0
001506,Car,car,2.69,156.4,0,1.0,0.0
001506,Car,car,6.14,190.3,0,0.55,0.957
001506,Car,car,19.19,75.1,0,0.0,0.886
001506,Car,car,13.0,135.3,0,0.38,0.931
001506,Car,car,27.15,43.9,2,0.0,0.0
001506,Car,car,43.78,27.8,1,0.0,0.66
001507,Car,car,48.75,25.7,0,0.0,0.699
001507,Truck,truck,74.33,30.5,0,0.0,0.471
001507,Van,van,19.91,99.0,3,0.7,0.694
001507,Car,car,65.9,16.3,0,0.0,0.545
001515,Car,car,32.0,59.1,0,0.57,0.613
001515,Truck,truck,30.6,93.4,0,0.0,0.677
001515,Car,car,62.4,20.2,1,0.0,0.621
001515,Car,car,68.26,17.9,0,0.0,0.762
001515,Car,car,33.86,37.4,0,0.0,0.815
001518,Car,car,21.51,58.9,0,0.0,0.877
001518,Tram,tram,7.65,348.6,0,1.0,0.429
001518,Tram,tram,20.23,224.4,0,0.0,0.752
001518,Tram,tram,32.22,99.2,0,0.0,0.0
001518,Tram,tram,43.54,72.2,0,0.0,0.0
001519,Pedestrian,pedestrian,8.38,182.0,0,0.0,0.918
001529,Cyclist,cyclist,14.19,100.2,0,0.0,0.0
001529,Pedestrian,pedestrian,4.36,268.7,0,0.65,0.942
001529,Pedestrian,pedestrian,23.32,61.4,1,0.0,0.229
001529,Pedestrian,pedestrian,9.52,144.3,0,0.0,0.895
001529,Pedestrian,pedestrian,10.52,138.6,1,0.0,0.851
001529,Pedestrian,pedestrian,9.63,154.7,0,0.0,0.859
001529,Pedestrian,pedestrian,17.45,76.8,2,0.0,0.504
001529,Pedestrian,pedestrian,17.76,88.9,1,0.0,0.022
001529,Pedestrian,pedestrian,16.76,102.4,2,0.0,0.0
001529,Pedestrian,pedestrian,17.27,83.9,2,0.0,0.0
001529,Van,van,74.04,20.5,0,0.0,0.595
001530,Car,car,7.03,210.0,0,0.0,0.893
001530,Car,car,55.2,20.0,0,0.0,0.467
001530,Car,car,55.19,20.4,0,0.0,0.766
001530,Car,car,55.02,20.1,0,0.0,0.708
001530,Car,car,31.65,44.1,2,0.0,0.871
001530,Car,car,46.7,29.1,1,0.0,0.776
001530,Car,car,36.62,38.5,2,0.0,0.011
001530,Van,van,23.98,64.6,2,0.0,0.844
001530,Van,van,19.49,74.8,2,0.0,0.822
001531,Car,car,11.79,119.7,1,0.31,0.907
001531,Pedestrian,pedestrian,24.04,62.8,1,0.0,0.0
001531,Car,car,12.62,129.5,1,0.37,0.717
001531,Car,car,17.71,66.3,1,0.0,0.921
001538,Car,car,47.28,20.4,0,0.0,0.595
001538,Car,car,35.83,30.6,1,0.0,0.813
001538,Car,car,14.8,94.9,0,0.0,0.91
001538,Van,van,62.14,27.6,0,0.0,0.438
001538,Car,car,56.39,20.2,2,0.0,0.648
001538,Car,car,27.52,53.5,0,0.0,0.901
001540,Pedestrian,pedestrian,8.83,161.0,0,0.0,0.882
001540,Van,van,14.79,169.7,0,0.69,0.897
001544,Pedestrian,pedestrian,9.49,167.0,0,0.0,0.868
001549,Pedestrian,pedestrian,9.04,164.7,0,0.0,0.891
001549,Pedestrian,pedestrian,15.58,87.9,0,0.0,0.0
001549,Van,van,27.51,52.4,2,0.0,0.793
001549,Person_sitting,pedestrian,9.69,109.7,0,0.0,0.874
001551,Car,car,25.22,45.6,1,0.0,0.879
001551,Car,car,11.89,113.8,0,0.0,0.933
001551,Car,car,21.88,52.6,0,0.0,0.863
001551,Car,car,26.08,53.5,1,0.0,0.749
001551,Car,car,34.76,32.0,2,0.0,0.145
001557,Cyclist,cyclist,8.75,154.3,2,0.0,0.0
001557,Car,car,3.95,157.1,0,0.97,0.906
001557,Car,car,4.01,193.7,0,0.96,0.935
001557,Car,car,8.11,174.7,1,0.02,0.905
001557,Van,van,13.26,116.6,2,0.0,0.766
001557,Car,car,27.28,45.6,0,0.0,0.803
001557,Van,van,27.73,57.8,2,0.0,0.761
001557,Car,car,35.16,35.7,2,0.0,0.0
001559,Truck,truck,38.68,76.9,0,0.0,0.857
001559,Car,car,35.19,41.7,0,0.61,0.793
001559,Car,car,39.32,35.3,0,0.0,0.876
001559,Car,car,43.7,29.4,1,0.0,0.835
001559,Car,car,48.81,28.0,1,0.0,0.602
001559,Car,car,53.16,22.9,1,0.0,0.784
001560,Car,car,4.28,205.6,0,1.0,0.919
001560,Van,van,11.64,262.6,0,0.98,0.0
001560,Car,car,11.5,117.4,0,0.0,0.922
001560,Car,car,11.82,135.5,0,0.0,0.902
001560,Car,car,17.39,87.0,1,0.0,0.753
001560,Car,car,16.47,84.7,2,0.0,0.773
001560,Car,car,23.46,48.5,2,0.0,0.0
001560,Car,car,43.73,32.7,1,0.0,0.776
001565,Car,car,41.27,29.6,0,0.0,0.856
001565,Car,car,13.8,121.8,0,0.23,0.914
001565,Car,car,19.05,73.1,2,0.0,0.815
001565,Van,van,15.45,168.1,0,0.0,0.758
001565,Car,car,27.56,41.6,1,0.0,0.684
001565,Car,car,38.59,28.6,1,0.0,0.574
001565,Car,car,18.34,92.8,3,0.41,0.914
001566,Van,van,19.44,116.1,0,0.0,0.541
001566,Car,car,27.37,40.2,1,0.0,0.595
001566,Cyclist,cyclist,37.16,35.8,0,0.0,0.219
001572,Pedestrian,pedestrian,20.77,57.0,0,0.0,0.772
001572,Pedestrian,pedestrian,14.81,87.3,0,0.0,0.839
001572,Pedestrian,pedestrian,22.89,62.9,0,0.0,0.772
001572,Pedestrian,pedestrian,23.06,59.6,0,0.0,0.796
001572,Pedestrian,pedestrian,10.59,146.1,0,0.84,0.0
001575,Car,car,32.32,41.7,0,0.0,0.808
001575,Car,car,46.87,25.1,1,0.0,0.455
001579,Car,car,6.6,260.4,0,0.74,0.855
001579,Car,car,16.97,82.8,1,0.0,0.877
001579,Van,van,30.01,71.5,1,0.0,0.623
001594,Car,car,4.62,165.7,0,0.95,0.919
001594,Car,car,21.31,58.1,0,0.0,0.897
001594,Car,car,26.55,47.3,2,0.0,0.722
001594,Van,van,33.65,56.4,2,0.0,0.714
001594,Car,car,38.84,30.1,0,0.0,0.822
001597,Car,car,3.2,169.7,0,1.0,0.0
001597,Car,car,35.83,30.8,0,0.0,0.722
001597,Car,car,45.63,23.9,0,0.0,0.666
001597,Car,car,25.0,55.3,0,0.0,0.871
001597,Car,car,41.47,32.6,1,0.0,0.693
001605,Car,car,6.2,174.9,0,0.42,0.938
001605,Car,car,22.82,49.8,0,0.0,0.863
001605,Pedestrian,pedestrian,28.88,47.4,0,0.0,0.349
001607,Car,car,24.49,51.3,0,0.0,0.845
001607,Car,car,44.29,28.8,0,0.0,0.85
001607,Car,car,73.61,15.3,0,0.0,0.662
001607,Car,car,41.23,28.6,1,0.0,0.762
001607,Van,van,36.27,45.5,1,0.0,0.779
001607,Van,van,27.14,69.7,1,0.85,0.471
001621,Car,car,25.25,53.0,0,0.0,0.84
001621,Car,car,26.28,57.8,1,0.0,0.766
001621,Van,van,17.12,117.9,0,0.43,0.49
001622,Pedestrian,pedestrian,18.6,65.2,0,0.0,0.748
001622,Pedestrian,pedestrian,25.54,59.2,0,0.0,0.719
001626,Truck,truck,8.43,374.0,0,0.77,0.948
001626,Car,car,48.08,23.7,1,0.0,0.753
001633,Car,car,13.1,139.7,0,0.56,0.828
001633,Car,car,15.62,93.0,3,0.13,0.828
001633,Car,car,18.63,73.7,2,0.0,0.0
001633,Car,car,21.54,72.2,2,0.0,0.679
001633,Car,car,34.12,38.1,0,0.0,0.812
001648,Car,car,31.08,51.2,1,0.1,0.022
001648,Car,car,28.81,48.8,1,0.0,0.698
001648,Car,car,27.86,52.5,1,0.0,0.0
001648,Car,car,36.84,30.3,0,0.0,0.578
001648,Cyclist,cyclist,10.02,136.7,0,0.0,0.45
001648,Cyclist,cyclist,11.25,130.1,1,0.0,0.45
001648,Cyclist,cyclist,20.6,64.7,0,0.0,0.696
001648,Pedestrian,pedestrian,34.79,47.5,2,0.0,0.0
001648,Pedestrian,pedestrian,16.14,113.2,1,0.45,0.0
001648,Pedestrian,pedestrian,25.25,62.8,0,0.0,0.799
001648,Pedestrian,pedestrian,25.36,64.0,0,0.0,0.667
001648,Pedestrian,pedestrian,8.43,182.7,0,0.0,0.84
001648,Pedestrian,pedestrian,9.12,170.1,1,0.0,0.84
001648,Pedestrian,pedestrian,8.38,198.6,1,0.0,0.804
001648,Pedestrian,pedestrian,7.36,226.9,0,0.01,0.852
001651,Car,car,4.77,179.9,3,0.97,0.95
001651,Car,car,34.02,39.0,1,0.0,0.841
001651,Car,car,52.36,23.7,1,0.0,0.737
001651,Car,car,43.52,28.1,0,0.0,0.771
001651,Car,car,64.32,21.8,0,0.0,0.409
001652,Car,car,38.2,29.9,0,0.0,0.816
001652,Van,van,35.2,44.9,0,0.0,0.564
001652,Tram,tram,77.52,35.7,2,0.0,0.087
001654,Pedestrian,pedestrian,8.71,151.5,0,0.0,0.889
001664,Car,car,5.21,189.7,0,0.94,0.942
001664,Car,car,10.23,188.1,1,0.0,0.866
001664,Car,car,20.84,65.0,1,0.0,0.844
001664,Van,van,33.9,62.5,2,0.0,0.527
001666,Car,car,7.5,189.0,0,0.19,0.954
001666,Car,car,30.53,41.5,1,0.0,0.794
001666,Car,car,43.24,32.0,0,0.0,0.826
001666,Car,car,44.03,25.2,0,0.0,0.729
001668,Car,car,24.6,47.4,0,0.0,0.783
001668,Car,car,35.2,30.5,2,0.0,0.759
001668,Car,car,37.33,31.5,0,0.0,0.74
001668,Car,car,47.73,24.7,1,0.0,0.701
001671,Car,car,23.29,54.1,0,0.0,0.829
001671,Car,car,18.17,76.7,0,0.0,0.905
001671,Car,car,60.22,17.8,1,0.0,0.681
001671,Car,car,65.45,21.5,0,0.0,0.14
001673,Car,car,18.55,118.8,1,0.29,0.842
001673,Car,car,8.88,185.1,0,0.77,0.9
001673,Car,car,11.14,135.6,3,0.35,0.888
001673,Car,car,12.98,124.3,2,0.0,0.811
001673,Car,car,18.46,76.1,2,0.0,0.0
001673,Car,car,20.45,55.8,2,0.0,0.0
001673,Car,car,15.81,82.7,2,0.0,0.811
001673,Car,car,35.88,29.7,1,0.0,0.829
001673,Car,car,26.48,60.0,1,0.0,0.0
001673,Car,car,31.65,36.1,2,0.0,0.11
001675,Truck,truck,72.9,31.2,0,0.0,0.521
001675,Car,car,36.3,35.7,0,0.0,0.879
001677,Tram,tram,73.75,39.0,0,0.0,0.658
001677,Car,car,16.39,97.9,1,0.01,0.863
001677,Car,car,34.67,37.9,0,0.0,0.835
001677,Cyclist,cyclist,30.4,46.7,0,0.0,0.646
001685,Van,van,23.39,88.5,0,0.53,0.745
001685,Car,car,20.33,64.9,1,0.0,0.789
001685,Car,car,20.85,57.1,2,0.0,0.745
001685,Van,van,34.92,52.1,2,0.0,0.574
001685,Car,car,29.94,56.8,3,0.11,0.745
001685,Van,van,40.28,54.9,2,0.0,0.715
001685,Van,van,44.78,48.1,2,0.0,0.361
001688,Car,car,40.72,33.9,0,0.0,0.857
001688,Car,car,45.44,29.8,1,0.0,0.523
001688,Car,car,39.97,27.4,0,0.0,0.789
001688,Car,car,17.32,85.2,0,0.0,0.867
001688,Car,car,33.44,37.9,0,0.0,0.815
001691,Car,car,48.43,24.5,0,0.0,0.704
001691,Car,car,9.46,167.0,0,0.0,0.924
001691,Car,car,26.08,46.4,0,0.0,0.874
001691,Car,car,14.08,127.4,1,0.0,0.51
001697,Car,car,59.44,17.5,0,0.0,0.598
001697,Car,car,23.82,53.4,0,0.0,0.875
001697,Car,car,19.01,69.5,0,0.0,0.879
001697,Car,car,14.9,106.1,0,0.09,0.921
001697,Car,car,19.05,81.7,3,0.46,0.0
001697,Car,car,25.46,48.9,0,0.0,0.889
001697,Van,van,27.84,66.4,1,0.0,0.765
001697,Car,car,34.51,34.3,1,0.0,0.78
001697,Car,car,38.77,30.9,1,0.0,0.749
001697,Van,van,50.29,41.0,1,0.0,0.198
001697,Truck,truck,83.61,39.3,1,0.0,0.0
001702,Car,car,7.63,175.8,0,0.14,0.947
001702,Pedestrian,pedestrian,21.67,66.6,0,0.0,0.819
001703,Car,car,37.76,34.6,0,0.0,0.817
001703,Car,car,58.53,19.4,0,0.0,0.473
001704,Van,van,27.19,85.2,3,0.0,0.725
001704,Car,car,72.87,13.3,0,0.0,0.379
001709,Car,car,6.5,178.3,0,0.47,0.927
001709,Car,car,11.37,121.9,0,0.04,0.911
001709,Car,car,16.93,69.6,0,0.0,0.864
001709,Car,car,13.78,98.7,2,0.0,0.0
001709,Car,car,16.05,89.5,2,0.0,0.814
001709,Car,car,36.33,37.7,0,0.0,0.734
001709,Car,car,31.65,37.0,2,0.0,0.0
001711,Car,car,44.97,29.8,1,0.0,0.859
001711,Car,car,52.08,26.3,1,0.0,0.712
001711,Car,car,58.2,21.6,1,0.0,0.784
001711,Car,car,59.41,21.2,0,0.0,0.868
001716,Car,car,31.13,51.3,1,0.1,0.016
001716,Car,car,28.8,48.8,1,0.0,0.826
001716,Car,car,27.85,52.5,1,0.0,0.798
001716,Car,car,36.85,30.3,1,0.0,0.354
001716,Pedestrian,pedestrian,8.2,214.4,0,0.91,0.0
001716,Pedestrian,pedestrian,34.84,47.0,0,0.0,0.683
001716,Pedestrian,pedestrian,28.75,51.4,0,0.0,0.641
001716,Cyclist,cyclist,31.54,48.7,0,0.0,0.0
001716,Pedestrian,pedestrian,35.68,43.0,0,0.0,0.667
001716,Pedestrian,pedestrian,16.4,91.0,0,0.0,0.632
001716,Pedestrian,pedestrian,16.73,87.2,1,0.0,0.0
001716,Pedestrian,pedestrian,15.41,94.2,1,0.0,0.0
001716,Pedestrian,pedestrian,11.46,124.3,0,0.0,0.871
001716,Pedestrian,pedestrian,12.11,109.7,0,0.0,0.882
001716,Pedestrian,pedestrian,12.51,114.9,0,0.0,0.748
001716,Pedestrian,pedestrian,12.8,110.2,0,0.0,0.783
001716,Pedestrian,pedestrian,13.2,97.2,0,0.0,0.847
001716,Pedestrian,pedestrian,14.74,98.3,0,0.0,0.632
001722,Car,car,25.86,46.2,2,0.0,0.311
001722,Car,car,30.07,38.8,1,0.0,0.878
001722,Car,car,20.49,61.8,1,0.0,0.57
001725,Cyclist,cyclist,12.58,113.9,0,0.0,0.632
001725,Pedestrian,pedestrian,14.0,87.4,0,0.0,0.804
001725,Cyclist,cyclist,24.72,53.8,1,0.0,0.443
001725,Pedestrian,pedestrian,19.79,67.8,2,0.0,0.018
001725,Pedestrian,pedestrian,32.29,40.3,1,0.0,0.578
001725,Pedestrian,pedestrian,32.9,39.2,2,0.0,0.0
001725,Pedestrian,pedestrian,32.85,39.3,0,0.0,0.294
001725,Pedestrian,pedestrian,35.11,39.7,1,0.0,0.376
001725,Pedestrian,pedestrian,33.5,42.8,1,0.0,0.141
001748,Cyclist,cyclist,16.45,82.4,0,0.0,0.717
001748,Cyclist,cyclist,16.08,82.4,0,0.0,0.781
001748,Pedestrian,pedestrian,16.59,80.8,0,0.0,0.841
001748,Car,car,20.34,55.3,0,0.0,0.833
001749,Car,car,40.83,27.7,1,0.0,0.836
001762,Car,car,28.99,53.1,0,0.0,0.875
001762,Car,car,39.66,33.4,0,0.0,0.839
001762,Tram,tram,49.44,61.3,3,0.0,0.708
001762,Cyclist,cyclist,32.87,40.0,3,0.0,0.557
001764,Car,car,59.52,17.6,0,0.0,0.664
001764,Car,car,22.0,58.3,0,0.0,0.887
001764,Car,car,10.4,150.7,0,0.73,0.921
001764,Car,car,22.04,58.8,0,0.0,0.882
001764,Car,car,18.88,73.9,0,0.0,0.886
001764,Car,car,22.29,64.7,1,0.0,0.842
001764,Car,car,29.95,40.6,0,0.0,0.849
001764,Van,van,31.3,56.9,2,0.0,0.014
001764,Car,car,38.84,30.1,1,0.0,0.598
001764,Car,car,42.65,27.8,1,0.0,0.83
001764,Van,van,54.86,37.4,1,0.0,0.473
001767,Car,car,19.76,63.7,0,0.0,0.848
001767,Car,car,13.05,109.7,0,0.0,0.833
001767,Car,car,23.59,52.1,1,0.0,0.764
001767,Car,car,30.01,36.8,2,0.0,0.803
001767,Car,car,12.69,135.6,0,0.12,0.922
001767,Car,car,29.25,43.7,0,0.0,0.888
001767,Car,car,45.14,27.4,1,0.0,0.664
001767,Car,car,25.17,53.6,1,0.0,0.869
001767,Car,car,30.86,48.7,1,0.0,0.841
001767,Car,car,65.03,16.9,0,0.0,0.607
001767,Car,car,40.63,30.7,2,0.0,0.662
001767,Car,car,52.8,21.1,2,0.0,0.674
001767,Car,car,26.12,54.8,2,0.0,0.578
001767,Car,car,38.24,37.0,2,0.0,0.578
001767,Car,car,73.52,15.3,1,0.0,0.434
001768,Car,car,36.71,31.3,0,0.0,0.854
001768,Van,van,61.09,23.5,0,0.0,0.512
001769,Tram,tram,77.72,36.9,0,0.0,0.725
001769,Car,car,13.38,135.1,0,0.77,0.858
001769,Car,car,17.34,83.5,1,0.0,0.924
001769,Car,car,21.61,72.7,1,0.0,0.862
001769,Car,car,30.62,40.9,0,0.0,0.878
001769,Car,car,35.59,33.2,2,0.0,0.822
001769,Car,car,54.92,22.5,0,0.0,0.783
001773,Car,car,4.89,240.7,0,1.0,0.848
001773,Car,car,10.07,191.3,3,0.72,0.848
001773,Van,van,21.69,75.3,0,0.0,0.521
001773,Van,van,19.89,119.3,0,0.0,0.867
001773,Car,car,22.94,60.4,0,0.0,0.862
001773,Car,car,24.31,82.5,1,0.0,0.479
001773,Car,car,28.64,40.6,0,0.0,0.814
001773,Car,car,23.6,52.2,0,0.0,0.861
001773,Car,car,39.66,33.2,0,0.0,0.71
001773,Van,van,50.53,42.0,0,0.0,0.398
001773,Car,car,24.72,54.7,1,0.0,0.856
001773,Car,car,25.39,46.4,2,0.0,0.0
001773,Van,van,33.47,76.4,1,0.53,0.641
001773,Truck,truck,47.56,59.7,1,0.0,0.0
001779,Car,car,9.4,179.2,1,0.64,0.934
001779,Car,car,13.84,94.8,1,0.0,0.891
001779,Car,car,5.66,207.2,1,0.99,0.0
001779,Pedestrian,pedestrian,25.04,58.8,0,0.0,0.769
001779,Car,car,14.59,102.8,1,0.0,0.844
001779,Car,car,16.01,103.2,1,0.61,0.769
001779,Car,car,21.52,56.4,2,0.0,0.891
001785,Car,car,31.1,51.2,1,0.1,0.0
001785,Car,car,28.81,48.8,1,0.0,0.831
001785,Car,car,27.86,52.5,1,0.0,0.821
001785,Car,car,36.84,30.3,1,0.0,0.0
001785,Cyclist,cyclist,14.1,94.4,0,0.0,0.0
001785,Cyclist,cyclist,15.17,91.9,0,0.0,0.0
001785,Cyclist,cyclist,30.11,42.9,0,0.0,0.475
001785,Pedestrian,pedestrian,34.82,47.4,0,0.0,0.596
001785,Pedestrian,pedestrian,18.31,93.2,0,0.0,0.852
001785,Pedestrian,pedestrian,27.02,57.6,0,0.0,0.762
001785,Pedestrian,pedestrian,27.29,58.4,0,0.0,0.749
001785,Pedestrian,pedestrian,9.5,152.6,0,0.0,0.854
001785,Pedestrian,pedestrian,10.09,144.2,1,0.0,0.882
001785,Pedestrian,pedestrian,9.04,167.9,2,0.0,0.916
001785,Pedestrian,pedestrian,6.82,226.8,0,0.58,0.826
001785,Pedestrian,pedestrian,7.97,186.3,1,0.0,0.916
001786,Car,car,45.79,27.4,0,0.0,0.761
001786,Car,car,22.64,64.1,1,0.0,0.881
001786,Pedestrian,pedestrian,17.59,70.0,0,0.0,0.469
001789,Car,car,26.27,42.8,0,0.0,0.886
001789,Car,car,36.97,33.1,1,0.0,0.719
001791,Car,car,21.83,58.0,0,0.0,0.875
001791,Tram,tram,11.6,355.4,0,0.94,0.823
001791,Tram,tram,22.94,154.4,0,0.0,0.0
001791,Tram,tram,34.15,97.3,0,0.0,0.0
001792,Car,car,21.53,58.8,0,0.0,0.856
001792,Car,car,12.69,100.5,1,0.0,0.916
001792,Pedestrian,pedestrian,10.77,116.6,0,0.0,0.598
001792,Car,car,28.16,47.7,1,0.88,0.0
001802,Truck,truck,51.25,46.1,0,0.0,0.708
001802,Car,car,26.74,65.4,0,0.0,0.879
001803,Car,car,23.94,52.4,0,0.0,0.851
001803,Car,car,50.66,21.4,0,0.0,0.822
001803,Car,car,53.61,19.8,0,0.0,0.824
001806,Car,car,28.05,38.5,0,0.0,0.87
001806,Car,car,17.39,72.8,1,0.0,0.811
001806,Car,car,20.0,64.9,1,0.0,0.895
001806,Car,car,26.61,42.5,1,0.0,0.71
001806,Car,car,29.17,36.6,2,0.0,0.247
001806,Van,van,36.92,39.2,3,0.0,0.385
001806,Car,car,9.44,149.5,0,0.0,0.923
001806,Car,car,13.61,84.7,2,0.0,0.0
001806,Car,car,18.47,63.3,2,0.0,0.773
001806,Truck,truck,28.15,103.6,3,0.0,0.323
001806,Car,car,30.59,44.9,1,0.0,0.732
001806,Car,car,37.32,31.4,2,0.0,0.717
001809,Car,car,41.78,31.4,0,0.0,0.703
001810,Car,car,6.98,172.7,0,0.61,0.931
001810,Car,car,39.68,29.2,0,0.0,0.798
001815,Truck,truck,8.07,374.0,0,0.5,0.86
001815,Car,car,38.51,30.5,0,0.0,0.78
001815,Car,car,19.65,73.3,1,0.0,0.664
001815,Car,car,24.95,65.7,1,0.0,0.368
001815,Car,car,52.24,23.9,1,0.0,0.762
001816,Car,car,21.96,57.6,0,0.0,0.867
001816,Car,car,25.26,44.7,1,0.0,0.86
001816,Car,car,38.44,33.3,1,0.0,0.698
001816,Car,car,33.58,51.1,1,0.0,0.312
001819,Pedestrian,pedestrian,8.77,145.4,0,0.0,0.889
001825,Car,car,4.32,189.5,0,0.98,0.931
001825,Van,van,11.09,266.8,0,0.0,0.677
001825,Car,car,18.42,80.8,2,0.0,0.0
001825,Car,car,23.74,51.7,2,0.0,0.596
001825,Car,car,32.4,34.5,1,0.0,0.669
001825,Car,car,35.41,30.3,0,0.0,0.809
001825,Car,car,39.25,33.0,1,0.0,0.333
001825,Car,car,51.4,22.0,0,0.0,0.772
001827,Car,car,7.85,166.1,1,0.81,0.909
001827,Pedestrian,pedestrian,22.47,65.9,0,0.0,0.843
001827,Car,car,12.22,96.7,0,0.0,0.916
001843,Car,car,23.76,46.5,0,0.0,0.876
001843,Car,car,21.37,62.6,1,0.0,0.888
001843,Car,car,32.58,35.2,2,0.0,0.514
001843,Car,car,35.46,30.1,2,0.0,0.514
001843,Car,car,40.67,24.3,2,0.0,0.714
001843,Car,car,8.56,172.7,0,0.09,0.936
001843,Van,van,28.89,67.8,3,0.0,0.785
001843,Car,car,32.74,36.5,2,0.0,0.606
001849,Car,car,11.33,124.3,1,0.11,0.755
001849,Car,car,16.03,75.2,1,0.0,0.872
001849,Car,car,7.26,207.8,1,0.71,0.906
001849,Car,car,6.01,198.9,0,0.99,0.0
001849,Pedestrian,pedestrian,26.52,54.2,0,0.0,0.545
001849,Car,car,16.69,86.1,1,0.0,0.78
001849,Car,car,17.92,93.3,3,0.33,0.02
001850,Car,car,22.75,48.9,2,0.0,0.0
001850,Car,car,35.4,32.4,0,0.0,0.833
001850,Van,van,18.94,95.0,0,0.91,0.715
001850,Van,van,12.51,158.6,0,0.0,0.858
001850,Car,car,31.71,42.2,2,0.0,0.0
001850,Van,van,60.1,29.4,0,0.0,0.607
001850,Car,car,44.76,25.2,2,0.0,0.833
001850,Car,car,62.61,17.4,1,0.0,0.626
001857,Car,car,35.26,42.0,0,0.0,0.0
001857,Car,car,39.86,35.7,2,0.0,0.0
001857,Car,car,29.54,38.2,0,0.0,0.86
001857,Car,car,7.17,216.4,0,0.58,0.904
001857,Car,car,33.11,38.3,0,0.0,0.812
001880,Car,car,22.68,57.3,0,0.0,0.816
001880,Cyclist,cyclist,21.11,67.9,3,0.0,0.354
001880,Tram,tram,24.03,164.1,1,0.0,0.894
001881,Truck,truck,69.92,32.6,0,0.0,0.508
001881,Car,car,70.64,18.2,0,0.0,0.756
001881,Cyclist,cyclist,49.31,28.0,3,0.0,0.0
001888,Car,car,4.61,168.0,0,0.96,0.941
001888,Cyclist,cyclist,21.16,69.9,1,0.0,0.0
001888,Car,car,47.35,24.6,0,0.0,0.839
001898,Car,car,8.33,256.5,0,0.25,0.834
001898,Car,car,26.79,50.5,0,0.0,0.91
001898,Car,car,23.11,51.8,2,0.0,0.766
001898,Car,car,27.76,43.1,2,0.0,0.0
001898,Truck,truck,36.37,58.1,2,0.0,0.712
001898,Car,car,40.93,27.4,1,0.0,0.765
001898,Van,van,66.2,22.6,0,0.0,0.249
001898,Car,car,16.92,76.0,0,0.0,0.911
001903,Car,car,26.43,48.3,0,0.0,0.893
001907,Car,car,16.01,79.3,0,0.0,0.882
001907,Car,car,25.97,58.9,0,0.06,0.893
001907,Car,car,33.51,38.2,0,0.0,0.728
001907,Car,car,22.87,71.9,1,0.64,0.872
001907,Car,car,41.68,32.7,1,0.0,0.832
001907,Car,car,51.85,25.5,0,0.0,0.688
001909,Car,car,15.82,103.4,3,0.28,0.804
001909,Car,car,16.74,95.3,0,0.0,0.889
001909,Car,car,17.62,86.2,2,0.0,0.0
001909,Car,car,30.15,37.6,0,0.0,0.837
001909,Car,car,31.36,41.8,1,0.0,0.806
001909,Car,car,45.56,30.7,0,0.0,0.798
001909,Car,car,64.74,22.1,0,0.0,0.674
001909,Van,van,8.43,238.8,0,0.02,0.651
001909,Car,car,15.22,77.4,0,0.0,0.875
001913,Car,car,52.91,21.9,0,0.0,0.817
001914,Car,car,22.58,55.9,0,0.0,0.851
001914,Car,car,42.54,25.6,1,0.0,0.71
001914,Car,car,53.96,21.4,1,0.0,0.701
001914,Car,car,48.81,30.4,0,0.0,0.658
001917,Car,car,51.0,22.9,0,0.0,0.712
001917,Car,car,13.32,125.0,1,0.0,0.715
001917,Car,car,7.82,185.7,1,0.14,0.918
001917,Car,car,22.95,59.8,1,0.0,0.846
001917,Car,car,34.45,31.7,2,0.0,0.698
001927,Car,car,14.92,115.8,3,0.41,0.921
001927,Car,car,17.8,77.9,0,0.0,0.909
001929,Car,car,12.4,120.6,0,0.0,0.903
001929,Car,car,6.81,172.6,0,0.32,0.883
001929,Car,car,11.1,123.6,1,0.0,0.911
001929,Car,car,16.99,74.7,2,0.0,0.882
001929,Car,car,18.14,72.1,2,0.0,0.732
001929,Car,car,23.77,52.0,2,0.0,0.637
001929,Car,car,28.18,42.2,2,0.0,0.694
001929,Car,car,23.15,54.3,2,0.0,0.58
001929,Car,car,28.71,41.7,2,0.0,0.58
001929,Car,car,37.78,42.9,2,0.0,0.0
001929,Cyclist,cyclist,75.88,16.2,0,0.0,0.015
001938,Car,car,14.11,84.4,1,0.0,0.893
001938,Car,car,9.82,139.9,1,0.01,0.914
001938,Car,car,12.89,115.7,2,0.0,0.802
001938,Car,car,24.29,47.7,1,0.0,0.514
001938,Car,car,29.44,37.0,2,0.0,0.545
001954,Car,car,8.46,157.8,0,0.85,0.937
001954,Car,car,6.55,194.7,1,0.55,0.944
001954,Car,car,13.23,111.8,1,0.0,0.907
001954,Car,car,15.9,77.6,1,0.0,0.897
001954,Car,car,21.81,57.8,1,0.0,0.897
001954,Car,car,21.59,55.2,2,0.0,0.816
001954,Car,car,36.47,33.3,1,0.0,0.78
001954,Car,car,30.03,39.2,1,0.0,0.706
001954,Car,car,61.18,18.5,1,0.0,0.609
001957,Cyclist,cyclist,23.55,55.2,0,0.0,0.684
001957,Car,car,17.99,67.1,0,0.0,0.904
001961,Car,car,47.21,26.9,0,0.0,0.787
001963,Car,car,23.69,46.1,0,0.0,0.861
001963,Car,car,15.61,91.6,0,0.0,0.923
001963,Car,car,26.57,43.9,2,0.0,0.409
001963,Car,car,29.45,36.8,2,0.0,0.409
001963,Car,car,34.56,28.5,1,0.0,0.799
001963,Car,car,3.71,162.9,3,1.0,0.0
001963,Van,van,22.82,88.4,3,0.0,0.789
001963,Van,van,32.05,54.2,3,0.0,0.041
001963,Car,car,32.73,35.9,2,0.0,0.114
001963,Cyclist,cyclist,39.66,31.3,3,0.0,0.0
001965,Car,car,45.19,28.6,1,0.0,0.646
001965,Car,car,35.28,30.7,0,0.0,0.792
001965,Truck,truck,71.59,38.2,1,0.0,0.406
001965,Car,car,34.53,33.3,0,0.0,0.879
001965,Van,van,11.93,201.2,0,0.38,0.787
001965,Car,car,42.88,27.4,1,0.0,0.684
001967,Car,car,22.73,65.4,0,0.0,0.893
001967,Car,car,10.2,172.5,1,0.25,0.949
001967,Car,car,19.68,62.3,1,0.0,0.889
001967,Car,car,31.6,36.5,1,0.0,0.788
001967,Car,car,39.75,29.8,1,0.0,0.766
001967,Car,car,47.69,26.2,2,0.0,0.063
001967,Car,car,55.44,23.1,2,0.0,0.052
001967,Car,car,44.36,30.3,2,0.0,0.762
001975,Car,car,63.58,17.1,0,0.0,0.319
001978,Car,car,47.04,26.6,0,0.0,0.756
001978,Car,car,24.58,52.4,1,0.0,0.796
001978,Car,car,47.44,27.6,1,0.0,0.602
001978,Car,car,64.89,18.8,0,0.0,0.655
001983,Car,car,25.95,43.5,0,0.0,0.78
001989,Car,car,27.1,37.6,0,0.0,0.837
001989,Car,car,39.02,27.8,0,0.0,0.836
001989,Car,car,38.54,29.2,0,0.0,0.835
001989,Car,car,43.84,31.8,1,0.0,0.821
001989,Van,van,52.15,33.2,2,0.0,0.0
001990,Car,car,25.57,49.0,0,0.0,0.828
001990,Car,car,63.08,17.0,1,0.0,0.018
001990,Van,van,57.61,24.9,1,0.0,0.028
001990,Van,van,46.92,35.6,0,0.0,0.0
001990,Truck,truck,37.45,57.2,0,0.0,0.103
001998,Pedestrian,pedestrian,12.89,99.4,0,0.0,0.862
001998,Cyclist,cyclist,15.7,82.5,1,0.0,0.415
001998,Cyclist,cyclist,18.38,85.3,2,0.0,0.0
001998,Pedestrian,pedestrian,11.94,130.2,1,0.0,0.641
001998,Pedestrian,pedestrian,10.65,159.6,1,0.0,0.571
001998,Pedestrian,pedestrian,11.42,124.3,2,0.0,0.024
001998,Van,van,69.81,21.8,0,0.0,0.331
002031,Car,car,37.33,31.0,1,0.0,0.849
002032,Car,car,72.38,15.1,0,0.0,0.662
002032,Car,car,65.31,16.8,0,0.0,0.562
002037,Car,car,32.01,47.6,0,0.0,0.871
002037,Car,car,57.02,18.8,0,0.0,0.814
002040,Car,car,16.44,77.0,0,0.0,0.877
002040,Car,car,23.75,63.4,0,0.62,0.902
002040,Car,car,31.24,41.9,0,0.0,0.833
002040,Car,car,39.08,36.0,1,0.0,0.817
002040,Car,car,49.75,26.7,0,0.0,0.794
002044,Car,car,14.2,84.4,0,0.0,0.889
002044,Car,car,15.21,104.1,0,0.0,0.925
002044,Car,car,11.81,116.6,0,0.0,0.921
002044,Car,car,22.34,55.9,0,0.0,0.852
002044,Car,car,26.99,42.7,0,0.0,0.849
002044,Car,car,30.14,38.6,1,0.0,0.628
002044,Car,car,32.32,35.0,2,0.0,0.773
002044,Car,car,42.11,26.3,1,0.0,0.015
002044,Car,car,52.65,19.6,1,0.0,0.63
002044,Car,car,50.85,23.4,0,0.0,0.676
002044,Car,car,53.42,20.2,0,0.0,0.496
002044,Car,car,64.12,17.4,2,0.0,0.288
002044,Van,van,70.52,26.2,3,0.0,0.023
002045,Van,van,12.78,126.9,1,0.0,0.684
002045,Person_sitting,pedestrian,15.57,63.8,1,0.0,0.271
002045,Person_sitting,pedestrian,15.68,62.7,1,0.0,0.361
002045,Person_sitting,pedestrian,16.56,58.4,2,0.0,0.167
002045,Pedestrian,pedestrian,16.28,86.1,0,0.0,0.769
002045,Pedestrian,pedestrian,17.02,81.7,2,0.0,0.769
002052,Car,car,32.82,37.6,0,0.0,0.823
002052,Car,car,24.9,49.5,0,0.0,0.0
002052,Van,van,31.81,51.1,2,0.0,0.0
002052,Truck,truck,45.2,79.5,1,0.0,0.684
002053,Car,car,48.15,26.7,0,0.0,0.67
002055,Car,car,57.98,22.2,0,0.0,0.514
002058,Pedestrian,pedestrian,7.82,180.1,0,0.0,0.876
002069,Car,car,73.35,14.9,0,0.0,0.63
002069,Car,car,49.24,25.5,0,0.0,0.739
002084,Car,car,20.91,56.7,0,0.0,0.874
002084,Car,car,53.65,20.2,0,0.0,0.14
002084,Pedestrian,pedestrian,37.15,34.1,0,0.0,0.0
002084,Cyclist,cyclist,31.32,39.4,1,0.0,0.0
002084,Car,car,55.6,23.2,1,0.0,0.361
002084,Van,van,60.48,29.0,1,0.0,0.67
002084,Car,car,54.09,21.3,0,0.0,0.257
002086,Car,car,4.01,195.2,1,1.0,0.935
002086,Car,car,10.4,167.6,0,0.2,0.933
002086,Car,car,12.75,101.6,0,0.0,0.932
002086,Car,car,18.69,69.8,1,0.0,0.88
002086,Car,car,18.34,66.5,2,0.0,0.894
002086,Car,car,33.19,36.9,1,0.0,0.674
002086,Car,car,26.78,44.4,1,0.0,0.784
002086,Car,car,32.36,36.6,2,0.0,0.784
002086,Car,car,38.19,29.5,2,0.0,0.674
002092,Car,car,28.26,40.7,0,0.0,0.809
002092,Car,car,39.13,40.2,1,0.0,0.868
002092,Car,car,45.11,29.5,1,0.0,0.843
002092,Car,car,36.32,47.2,0,0.35,0.876
002092,Car,car,49.52,26.0,0,0.0,0.796
002092,Car,car,50.64,21.4,0,0.0,0.78
002092,Car,car,26.06,49.7,0,0.0,0.677
002092,Car,car,34.01,42.8,3,0.17,0.591
002092,Cyclist,cyclist,26.36,52.1,0,0.0,0.036
002093,Car,car,4.68,182.4,0,0.97,0.882
002093,Van,van,9.87,193.9,1,0.0,0.873
002093,Car,car,14.85,101.6,1,0.0,0.845
002093,Car,car,35.47,33.5,0,0.0,0.779
002101,Car,car,8.84,175.3,0,0.0,0.947
002101,Car,car,22.84,47.6,0,0.0,0.882
002101,Van,van,18.64,124.9,1,0.0,0.715
002101,Car,car,36.76,31.8,2,0.0,0.607
002101,Car,car,31.7,35.0,2,0.0,0.788
002101,Car,car,53.48,19.6,1,0.0,0.723
002101,Pedestrian,pedestrian,15.24,89.1,1,0.0,0.352
002104,Car,car,30.58,51.9,1,0.16,0.861
002104,Car,car,34.12,33.9,0,0.0,0.886
002115,Truck,truck,76.16,29.7,0,0.0,0.467
002115,Car,car,45.13,31.8,0,0.0,0.831
002115,Car,car,49.86,23.7,1,0.0,0.722
002121,Truck,truck,18.85,168.3,0,0.0,0.932
002121,Car,car,42.68,31.5,0,0.0,0.879
002123,Car,car,57.67,21.1,0,0.0,0.785
002123,Car,car,8.93,143.3,0,0.0,0.924
002123,Car,car,15.93,73.1,2,0.0,0.0
002127,Car,car,8.99,179.5,0,0.0,0.791
002127,Car,car,51.98,21.5,0,0.0,0.699
002129,Car,car,16.93,85.1,0,0.0,0.905
002129,Car,car,37.26,38.2,0,0.0,0.861
002129,Car,car,39.25,35.6,2,0.0,0.861
002129,Car,car,41.4,35.4,2,0.0,0.0
002129,Car,car,26.03,49.4,0,0.0,0.864
002129,Car,car,33.42,38.7,0,0.0,0.804
002129,Car,car,35.85,41.9,1,0.0,0.793
002129,Car,car,47.91,31.0,1,0.0,0.352
002129,Van,van,51.45,36.3,2,0.0,0.783
002129,Car,car,49.37,28.2,1,0.0,0.749
002129,Car,car,32.4,38.5,1,0.0,0.736
002129,Car,car,43.8,26.4,1,0.0,0.748
002129,Car,car,55.08,21.6,0,0.0,0.628
002130,Car,car,7.52,179.4,0,0.17,0.944
002130,Car,car,14.09,84.9,0,0.0,0.816
002130,Car,car,22.03,55.6,1,0.0,0.862
002130,Car,car,22.5,54.6,0,0.0,0.835
002130,Car,car,31.1,37.2,2,0.0,0.78
002130,Car,car,42.4,25.6,2,0.0,0.0
002131,Car,car,15.56,86.7,0,0.0,0.888
002131,Car,car,22.02,58.3,1,0.0,0.832
002131,Car,car,38.61,29.0,1,0.0,0.696
002131,Car,car,12.62,152.0,1,0.76,0.837
002133,Pedestrian,pedestrian,13.29,98.8,0,0.0,0.827
002133,Pedestrian,pedestrian,20.23,83.4,0,0.0,0.835
002133,Pedestrian,pedestrian,23.05,61.5,0,0.0,0.523
002137,Car,car,4.34,203.5,0,0.98,0.745
002137,Car,car,8.41,173.5,0,0.1,0.904
002137,Car,car,25.11,49.4,0,0.0,0.876
002137,Car,car,25.09,57.1,0,0.0,0.768
002138,Car,car,7.32,194.4,0,0.42,0.947
002138,Car,car,12.74,137.1,1,0.0,0.626
002138,Car,car,23.44,56.9,2,0.0,0.737
002138,Van,van,36.5,57.8,2,0.0,0.387
002146,Car,car,39.31,29.4,1,0.0,0.867
002150,Car,car,9.24,219.6,1,0.64,0.566
002150,Car,car,13.1,117.3,1,0.0,0.826
002150,Car,car,27.41,65.5,1,0.0,0.742
002150,Car,car,29.23,45.6,2,0.0,0.827
002150,Car,car,17.62,70.4,2,0.0,0.016
002150,Car,car,20.4,60.5,2,0.0,0.824
002150,Car,car,22.42,62.8,2,0.0,0.691
002150,Car,car,28.46,47.0,2,0.0,0.024
002150,Car,car,41.83,27.0,2,0.0,0.0
002160,Pedestrian,pedestrian,7.06,223.8,1,0.05,0.837
002160,Pedestrian,pedestrian,16.43,87.6,0,0.0,0.799
002160,Pedestrian,pedestrian,9.57,151.6,2,0.0,0.0
002160,Pedestrian,pedestrian,21.83,51.6,0,0.0,0.739
002160,Pedestrian,pedestrian,19.51,62.9,0,0.0,0.05
002160,Pedestrian,pedestrian,24.9,50.6,0,0.0,0.708
002160,Pedestrian,pedestrian,27.41,47.4,0,0.0,0.732
002160,Pedestrian,pedestrian,37.06,34.1,0,0.0,0.342
002160,Van,van,10.3,269.3,0,0.0,0.85
002178,Pedestrian,pedestrian,7.68,179.8,0,0.0,0.873
002208,Car,car,38.7,29.9,1,0.0,0.793
002212,Car,car,30.16,40.2,0,0.0,0.811
002212,Car,car,16.37,90.2,0,0.62,0.916
002212,Car,car,20.87,73.2,1,0.0,0.897
002212,Car,car,14.68,90.6,0,0.0,0.924
002212,Car,car,18.09,70.1,2,0.0,0.924
002212,Car,car,21.33,54.8,2,0.0,0.0
002212,Car,car,24.65,51.6,1,0.0,0.194
002212,Car,car,28.29,41.4,2,0.0,0.194
002212,Car,car,31.84,39.8,2,0.0,0.194
002212,Car,car,72.26,14.4,0,0.0,0.512
002212,Car,car,56.23,18.8,2,0.0,0.0
002212,Van,van,70.7,19.9,2,0.0,0.016
002212,Car,car,77.42,16.3,0,0.0,0.576
002214,Car,car,8.79,163.8,0,0.0,0.939
002214,Car,car,19.59,63.9,0,0.0,0.861
002214,Car,car,26.86,45.5,2,0.0,0.667
002214,Car,car,11.87,136.2,1,0.43,0.916
002214,Van,van,45.96,40.0,1,0.0,0.604
002214,Car,car,31.56,35.2,0,0.0,0.593
002220,Car,car,68.89,15.4,0,0.0,0.731
002223,Car,car,19.25,65.4,0,0.0,0.824
002223,Car,car,6.92,199.6,0,0.71,0.943
002223,Car,car,24.59,56.6,0,0.0,0.821
002223,Car,car,17.93,86.3,0,0.0,0.937
002223,Car,car,28.94,40.5,1,0.0,0.827
002223,Car,car,44.3,26.8,1,0.0,0.75
002223,Car,car,19.79,74.0,3,0.72,0.831
002232,Car,car,7.09,195.5,0,0.49,0.938
002232,Car,car,12.67,108.6,1,0.0,0.926
002232,Car,car,34.46,39.6,0,0.0,0.75
002232,Car,car,41.85,27.0,1,0.0,0.776
002232,Car,car,57.77,18.5,0,0.0,0.816
002232,Cyclist,cyclist,31.16,43.0,0,0.0,0.817
002250,Car,car,12.26,115.1,0,0.0,0.876
002250,Car,car,22.44,57.8,0,0.0,0.853
002250,Car,car,29.23,40.0,0,0.0,0.719
002250,Car,car,29.25,39.5,2,0.0,0.0
002254,Car,car,6.04,162.1,0,0.82,0.932
002254,Car,car,4.5,177.7,0,0.91,0.884
002254,Car,car,10.0,148.8,1,0.0,0.896
002254,Car,car,11.19,132.6,1,0.0,0.887
002254,Car,car,16.54,78.8,2,0.0,0.848
002254,Car,car,21.08,57.4,1,0.0,0.779
002254,Car,car,16.18,81.2,2,0.0,0.789
002254,Car,car,21.37,57.0,2,0.0,0.769
002254,Car,car,31.23,54.4,2,0.0,0.0
002254,Car,car,42.84,27.6,0,0.0,0.729
002254,Car,car,57.34,18.8,0,0.0,0.727
002254,Car,car,72.49,16.6,1,0.0,0.669
002254,Cyclist,cyclist,65.27,18.8,0,0.0,0.07
002257,Car,car,8.51,175.2,0,0.76,0.855
002257,Car,car,10.02,150.9,3,0.25,0.882
002257,Car,car,12.23,122.5,2,0.0,0.849
002257,Car,car,14.42,100.1,2,0.0,0.849
002257,Car,car,16.9,78.9,2,0.0,0.776
002257,Car,car,18.99,65.8,2,0.0,0.582
002257,Car,car,21.53,58.8,2,0.0,0.0
002257,Car,car,25.82,50.7,2,0.0,0.643
002257,Car,car,28.31,57.6,2,0.0,0.643
002257,Cyclist,cyclist,42.23,27.9,0,0.0,0.387
002257,Car,car,11.0,116.3,0,0.0,0.919
002257,Car,car,16.91,82.5,1,0.0,0.872
002257,Car,car,29.56,38.2,2,0.0,0.574
002257,Car,car,31.8,43.0,2,0.0,0.525
002257,Car,car,39.36,29.2,2,0.0,0.688
002257,Car,car,44.6,24.3,0,0.0,0.787
002268,Car,car,18.71,77.4,0,0.0,0.912
002268,Tram,tram,80.6,35.5,0,0.0,0.331
002268,Car,car,24.74,61.6,0,0.0,0.758
002268,Car,car,29.52,40.4,1,0.0,0.85
002268,Car,car,34.11,41.2,1,0.0,0.844
002268,Car,car,43.41,27.4,0,0.0,0.834
002268,Car,car,48.45,23.6,2,0.0,0.761
002280,Truck,truck,76.1,29.7,0,0.0,0.271
002280,Car,car,43.03,27.1,1,0.0,0.774
002280,Car,car,67.1,17.4,1,0.0,0.722
002282,Pedestrian,pedestrian,8.25,184.4,0,0.0,0.876
002282,Pedestrian,pedestrian,11.04,122.2,0,0.0,0.824
002282,Pedestrian,pedestrian,10.24,149.3,1,0.0,0.752
002282,Pedestrian,pedestrian,10.41,135.2,0,0.0,0.849
002282,Pedestrian,pedestrian,9.38,160.4,1,0.0,0.614
002282,Cyclist,cyclist,12.53,106.0,0,0.0,0.813
002282,Person_sitting,pedestrian,12.23,77.8,2,0.0,0.849
002282,Pedestrian,pedestrian,22.82,57.1,0,0.0,0.771
002282,Pedestrian,pedestrian,24.64,54.2,0,0.0,0.765
002285,Car,car,21.81,49.6,0,0.0,0.883
002285,Pedestrian,pedestrian,27.23,50.3,0,0.0,0.723
002285,Car,car,38.43,32.7,0,0.0,0.252
002285,Car,car,48.56,25.7,0,0.0,0.804
002285,Cyclist,cyclist,39.05,32.4,3,0.0,0.0
002285,Van,van,46.45,35.0,3,0.0,0.319
002285,Pedestrian,pedestrian,39.85,34.3,2,0.0,0.389
002285,Car,car,31.57,37.2,2,0.0,0.706
002293,Car,car,16.42,80.1,0,0.0,0.884
002293,Car,car,15.61,78.3,0,0.0,0.894
002293,Car,car,20.95,63.6,1,0.0,0.897
002293,Car,car,23.68,49.5,1,0.0,0.829
002293,Car,car,17.42,78.8,3,0.93,0.407
002293,Car,car,23.32,61.8,0,0.0,0.891
002293,Van,van,40.6,37.1,1,0.0,0.323
002293,Car,car,56.83,18.8,1,0.0,0.547
002293,Car,car,78.41,14.4,0,0.0,0.562
002294,Truck,truck,3.22,374.0,0,1.0,0.0
002294,Car,car,8.27,167.2,1,0.0,0.604
002294,Pedestrian,pedestrian,8.27,153.8,1,0.0,0.821
002294,Car,car,18.2,71.8,2,0.0,0.732
002294,Pedestrian,pedestrian,16.89,77.7,2,0.0,0.0
002294,Van,van,43.13,37.0,0,0.0,0.283
002300,Car,car,4.15,145.5,0,0.98,0.935
002300,Car,car,24.31,45.9,0,0.0,0.84
002300,Car,car,29.93,39.6,0,0.0,0.85
002300,Car,car,42.81,26.9,1,0.0,0.761
002308,Car,car,31.9,54.0,1,0.0,0.846
002308,Car,car,39.02,41.5,1,0.28,0.0
002308,Car,car,43.36,31.3,1,0.0,0.792
002308,Truck,truck,66.93,37.3,0,0.0,0.477
002308,Car,car,46.83,24.9,0,0.0,0.83
002308,Pedestrian,pedestrian,57.14,25.4,1,0.0,0.0
002308,Car,car,62.12,22.4,1,0.0,0.719
002311,Car,car,25.15,49.9,0,0.0,0.823
002311,Car,car,73.86,16.8,0,0.0,0.623
002311,Car,car,54.11,20.3,1,0.0,0.484
002311,Van,van,48.76,30.4,1,0.0,0.467
002311,Van,van,38.48,46.3,0,0.0,0.0
002311,Truck,truck,29.6,83.2,1,0.39,0.337
002316,Car,car,24.81,51.9,0,0.0,0.82
002321,Car,car,20.03,60.0,1,0.0,0.919
002330,Van,van,26.46,59.5,0,0.0,0.689
002330,Car,car,50.8,23.6,0,0.0,0.725
002331,Van,van,22.4,93.8,0,0.72,0.799
002331,Car,car,19.19,69.6,0,0.0,0.846
002331,Car,car,19.78,61.3,2,0.0,0.637
002331,Van,van,33.97,54.5,2,0.0,0.58
002331,Car,car,29.04,59.5,3,0.32,0.837
002331,Van,van,39.19,57.1,2,0.0,0.686
002331,Van,van,43.72,49.8,2,0.0,0.377
002338,Car,car,7.7,196.2,0,0.06,0.95
002338,Car,car,13.62,108.9,1,0.0,0.907
002338,Car,car,13.07,100.1,1,0.0,0.888
002338,Car,car,27.9,44.6,1,0.0,0.848
002338,Car,car,21.41,56.8,1,0.0,0.882
002338,Car,car,26.94,44.6,2,0.0,0.717
002338,Car,car,32.85,34.7,2,0.0,0.641
002349,Car,car,28.62,42.5,0,0.0,0.831
002349,Car,car,7.71,194.7,0,0.24,0.947
002349,Car,car,10.76,147.9,1,0.0,0.871
002349,Car,car,14.32,92.0,2,0.0,0.0
002349,Car,car,17.77,67.5,2,0.0,0.75
002349,Car,car,58.73,17.8,1,0.0,0.576
002349,Car,car,26.16,43.6,0,0.0,0.887
002349,Car,car,28.21,41.7,1,0.0,0.804
002349,Car,car,34.84,31.1,2,0.0,0.0
002349,Van,van,49.45,28.9,2,0.0,0.02
002349,Car,car,56.17,23.0,1,0.0,0.681
002349,Car,car,62.43,20.0,2,0.0,0.015
002349,Car,car,64.92,17.3,1,0.0,0.0
002351,Pedestrian,pedestrian,24.23,48.6,0,0.0,0.66
002351,Pedestrian,pedestrian,31.48,45.7,0,0.0,0.712
002356,Car,car,48.15,26.0,0,0.0,0.796
002356,Van,van,26.06,78.6,1,0.0,0.486
002356,Car,car,56.16,20.1,1,0.0,0.693
002358,Car,car,23.42,48.8,0,0.0,0.883
002358,Car,car,35.78,34.2,1,0.0,0.835
002371,Van,van,35.53,39.7,0,0.0,0.598
002371,Car,car,34.26,34.5,0,0.0,0.78
002371,Van,van,20.26,111.4,0,0.0,0.765
002371,Car,car,22.83,58.9,1,0.0,0.85
002371,Car,car,6.3,155.9,0,0.98,0.0
002371,Car,car,35.79,33.4,1,0.0,0.0
002371,Tram,tram,86.15,31.7,2,0.0,0.0
002372,Car,car,11.2,123.3,0,0.0,0.932
002372,Car,car,25.32,42.3,0,0.0,0.836
002372,Van,van,21.08,107.5,1,0.0,0.736
002372,Car,car,39.15,29.7,2,0.0,0.035
002372,Car,car,34.41,32.1,2,0.0,0.755
002373,Car,car,41.43,26.5,0,0.0,0.826
002373,Car,car,12.56,115.0,2,0.0,0.036
002373,Car,car,24.71,48.6,1,0.0,0.0
002373,Car,car,36.9,31.4,2,0.0,0.016
002374,Car,car,39.12,33.8,0,0.0,0.699
002374,Car,car,63.01,18.2,1,0.0,0.323
002378,Car,car,3.96,187.4,0,1.0,0.808
002378,Car,car,3.73,157.3,0,0.99,0.925
002378,Car,car,9.17,169.4,1,0.0,0.815
002378,Car,car,8.51,177.3,1,0.09,0.816
002378,Car,car,17.5,68.3,1,0.0,0.895
002378,Car,car,22.23,50.4,0,0.0,0.844
002378,Car,car,24.6,44.7,2,0.0,0.809
002378,Car,car,42.36,27.3,0,0.0,0.745
002378,Van,van,54.86,33.3,2,0.0,0.525
002384,Car,car,9.24,177.6,0,0.0,0.94
002384,Car,car,7.76,189.5,0,0.02,0.909
002384,Car,car,18.23,67.2,0,0.0,0.865
002384,Pedestrian,pedestrian,15.92,79.4,0,0.0,0.829
002384,Car,car,25.79,54.9,1,0.0,0.319
002384,Car,car,62.32,18.8,0,0.0,0.752
002389,Car,car,15.11,125.5,1,0.94,0.275
002389,Car,car,9.26,221.0,1,0.71,0.821
002389,Car,car,14.15,105.9,2,0.0,0.847
002389,Car,car,16.14,74.1,2,0.0,0.847
002389,Car,car,11.8,125.1,3,0.27,0.0
002389,Car,car,31.35,34.2,1,0.0,0.896
002389,Car,car,22.69,76.7,1,0.12,0.457
002389,Car,car,27.07,42.5,2,0.0,0.739
002389,Car,car,30.34,44.2,2,0.0,0.739
002394,Truck,truck,42.79,68.7,0,0.0,0.676
002394,Car,car,45.68,29.0,0,0.0,0.852
002394,Car,car,50.75,23.1,1,0.0,0.804
002394,Car,car,57.71,20.4,1,0.0,0.389
002396,Car,car,8.9,183.8,0,0.03,0.938
002397,Car,car,40.78,29.9,0,0.0,0.856
002397,Van,van,9.49,338.8,0,0.25,0.781
002397,Car,car,21.53,55.2,1,0.0,0.457
002397,Car,car,31.5,32.3,2,0.0,0.34
002397,Car,car,32.55,34.3,1,0.0,0.798
002402,Pedestrian,pedestrian,6.81,211.4,0,0.0,0.906
002402,Pedestrian,pedestrian,11.16,150.2,0,0.0,0.886
002403,Pedestrian,pedestrian,8.38,159.2,0,0.0,0.703
002403,Van,van,14.79,169.8,0,0.69,0.88
002406,Van,van,16.93,98.6,0,0.0,0.731
002406,Car,car,14.69,101.5,1,0.0,0.748
002406,Car,car,20.31,75.0,2,0.0,0.776
002406,Car,car,49.97,28.2,0,0.0,0.822
002406,Car,car,32.53,41.6,1,0.0,0.78
002411,Car,car,18.59,63.4,0,0.0,0.851
002414,Car,car,7.53,192.6,0,0.66,0.905
002414,Car,car,9.08,167.9,0,0.0,0.937
002414,Car,car,12.32,130.5,1,0.0,0.901
002414,Car,car,14.95,86.0,1,0.0,0.848
002414,Van,van,22.7,105.8,1,0.0,0.766
002414,Car,car,29.87,47.0,2,0.0,0.0
002414,Car,car,31.83,37.6,2,0.0,0.0
002414,Car,car,43.88,25.1,1,0.0,0.722
002414,Car,car,46.76,22.4,0,0.0,0.84
002414,Car,car,50.74,25.2,1,0.0,0.358
002414,Car,car,62.96,17.8,0,0.0,0.765
002427,Car,car,53.16,24.1,1,0.0,0.578
002427,Car,car,42.74,25.1,0,0.0,0.752
002427,Truck,truck,80.58,33.7,1,0.0,0.248
002427,Car,car,41.42,27.3,0,0.0,0.87
002427,Van,van,17.3,110.3,0,0.0,0.75
002427,Car,car,42.93,27.3,1,0.0,0.83
002430,Car,car,36.52,33.1,0,0.0,0.785
002437,Car,car,4.84,174.8,0,0.88,0.924
002437,Car,car,15.27,78.1,0,0.0,0.882
002437,Car,car,28.66,41.8,0,0.0,0.657
002437,Car,car,37.07,32.2,0,0.0,0.802
002437,Car,car,45.38,24.8,0,0.0,0.822
002441,Car,car,11.37,144.6,0,0.0,0.936
002441,Car,car,21.61,79.2,1,0.0,0.788
002441,Car,car,34.51,50.4,1,0.0,0.508
002441,Car,car,22.91,51.8,1,0.0,0.725
002441,Car,car,17.29,79.4,1,0.0,0.898
002441,Car,car,28.57,42.0,1,0.0,0.879
002441,Car,car,28.98,42.2,1,0.0,0.761
002441,Car,car,35.37,31.5,1,0.0,0.582
002441,Car,car,39.59,30.5,0,0.0,0.748
002441,Car,car,32.77,35.2,1,0.0,0.879
002441,Car,car,48.23,25.1,2,0.0,0.613
002441,Car,car,77.07,16.0,2,0.0,0.153
002441,Car,car,77.26,13.5,1,0.0,0.0
002445,Car,car,7.48,208.6,3,0.6,0.066
002445,Car,car,13.13,99.5,2,0.0,0.0
002445,Car,car,15.34,80.7,1,0.0,0.0
002449,Car,car,7.42,247.6,0,0.56,0.731
002449,Van,van,25.08,63.4,0,0.0,0.698
002449,Van,van,22.95,100.5,1,0.0,0.852
002449,Car,car,26.08,49.6,0,0.0,0.848
002449,Car,car,27.27,67.4,0,0.0,0.523
002449,Car,car,31.96,35.4,0,0.0,0.781
002449,Car,car,26.97,45.2,0,0.0,0.879
002449,Car,car,43.16,30.2,1,0.0,0.582
002449,Van,van,53.93,39.2,0,0.0,0.321
002449,Car,car,28.09,47.6,1,0.0,0.855
002449,Van,van,36.19,72.1,3,0.36,0.0
002449,Truck,truck,50.98,55.1,1,0.0,0.012
002449,Car,car,29.99,53.1,1,0.03,0.873
002451,Car,car,20.34,64.3,0,0.0,0.873
002451,Car,car,16.52,78.3,0,0.0,0.912
002451,Car,car,39.07,38.4,0,0.33,0.868
002452,Car,car,15.17,85.3,0,0.0,0.868
002452,Van,van,8.33,262.5,0,0.1,0.868
002452,Car,car,14.96,87.9,1,0.0,0.917
002452,Car,car,32.31,37.2,1,0.0,0.764
002452,Car,car,43.26,26.7,2,0.0,0.0
002452,Car,car,49.5,21.1,2,0.0,0.0
002452,Car,car,16.87,103.1,0,0.56,0.928
002452,Car,car,22.16,68.4,1,0.0,0.857
002452,Car,car,28.34,41.1,0,0.0,0.896
002452,Car,car,43.8,26.3,1,0.0,0.743
002452,Car,car,50.01,28.0,1,0.0,0.625
002452,Car,car,60.37,19.8,1,0.0,0.737
002452,Car,car,72.35,14.8,1,0.0,0.188
002452,Car,car,30.63,45.2,1,0.71,0.0
002452,Car,car,26.02,53.8,2,0.0,0.0
002459,Car,car,28.1,38.3,0,0.0,0.875
002459,Car,car,6.28,172.4,3,0.4,0.917
002459,Car,car,13.51,116.4,2,0.0,0.0
002459,Car,car,23.49,49.6,2,0.0,0.392
002459,Car,car,26.3,47.0,2,0.0,0.582
002459,Car,car,32.8,33.5,2,0.0,0.0
002459,Car,car,35.6,29.5,2,0.0,0.516
002459,Van,van,43.45,33.0,3,0.0,0.238
002459,Truck,truck,4.03,374.0,3,1.0,0.821
002459,Car,car,15.88,77.7,0,0.0,0.855
002459,Car,car,20.16,53.5,2,0.0,0.0
002459,Car,car,25.04,44.9,2,0.0,0.783
002459,Truck,truck,34.72,81.2,3,0.0,0.194
002459,Car,car,26.35,55.9,3,0.0,0.0
002459,Car,car,38.01,30.7,2,0.0,0.116
002461,Car,car,25.0,51.1,0,0.0,0.877
002461,Car,car,14.6,111.2,0,0.27,0.914
002461,Car,car,24.62,56.7,2,0.0,0.0
002461,Car,car,54.61,24.5,1,0.0,0.788
002461,Car,car,53.47,20.3,0,0.0,0.765
002461,Car,car,75.57,14.8,2,0.0,0.0
002461,Car,car,43.76,32.0,2,0.0,0.779
002466,Car,car,48.82,22.8,0,0.0,0.866
002466,Car,car,51.4,21.4,0,0.0,0.787
002467,Car,car,18.4,67.9,0,0.0,0.849
002468,Car,car,11.19,153.3,0,0.84,0.911
002468,Car,car,12.2,111.5,0,0.0,0.892
002468,Car,car,11.68,110.5,0,0.0,0.888
002468,Van,van,17.37,101.2,1,0.0,0.58
002468,Car,car,16.4,75.5,2,0.0,0.824
002468,Car,car,22.85,49.8,2,0.0,0.193
002468,Van,van,27.79,79.8,2,0.0,0.709
002468,Van,van,47.39,31.9,0,0.0,0.193
002468,Van,van,43.62,48.5,2,0.0,0.037
002469,Car,car,60.4,20.6,0,0.0,0.637
002473,Car,car,17.96,69.7,0,0.0,0.891
002473,Car,car,17.5,77.4,1,0.0,0.706
002473,Car,car,37.76,31.7,1,0.0,0.823
002473,Car,car,27.03,42.1,2,0.0,0.66
002473,Car,car,31.58,36.9,1,0.0,0.761
002473,Car,car,34.57,43.0,2,0.0,0.761
002473,Van,van,45.59,38.8,2,0.0,0.029
002477,Pedestrian,pedestrian,8.57,156.3,0,0.0,0.794
002477,Pedestrian,pedestrian,9.09,157.0,0,0.0,0.883
002477,Pedestrian,pedestrian,13.22,116.3,1,0.0,0.826
002477,Pedestrian,pedestrian,17.3,74.6,0,0.0,0.764
002477,Pedestrian,pedestrian,11.78,112.3,2,0.0,0.837
002477,Pedestrian,pedestrian,7.9,216.8,0,0.01,0.863
002477,Pedestrian,pedestrian,9.92,170.7,1,0.0,0.658
002477,Pedestrian,pedestrian,10.65,130.7,0,0.0,0.844
002477,Pedestrian,pedestrian,10.75,137.8,1,0.0,0.0
002477,Pedestrian,pedestrian,10.58,148.9,0,0.0,0.802
002477,Car,car,27.4,52.7,0,0.0,0.504
002477,Car,car,21.88,80.7,0,0.0,0.635
002477,Van,van,28.29,59.7,2,0.0,0.0
002479,Van,van,9.03,277.8,0,0.08,0.549
002479,Car,car,13.81,96.2,0,0.0,0.892
002479,Car,car,19.95,58.2,1,0.0,0.881
002479,Car,car,26.57,39.0,1,0.0,0.888
002479,Car,car,34.49,34.0,1,0.0,0.753
002479,Car,car,35.23,33.4,1,0.0,0.781
002480,Cyclist,cyclist,16.52,84.6,0,0.0,0.808
002480,Pedestrian,pedestrian,7.12,194.8,0,0.02,0.915
002480,Car,car,19.28,76.4,3,0.86,0.0
002484,Car,car,8.51,168.7,0,0.0,0.907
002484,Car,car,17.41,73.1,0,0.0,0.833
002484,Car,car,23.35,52.9,2,0.0,0.0
002484,Car,car,28.49,39.2,0,0.0,0.835
002484,Car,car,17.05,75.2,2,0.0,0.0
002484,Car,car,33.2,35.5,0,0.0,0.854
002484,Car,car,35.81,32.2,2,0.0,0.709
002497,Car,car,16.32,87.5,0,0.0,0.859
002497,Cyclist,cyclist,29.72,47.0,0,0.0,0.415
002497,Cyclist,cyclist,30.04,43.9,0,0.0,0.498
002497,Car,car,32.19,36.7,0,0.0,0.801
002497,Cyclist,cyclist,44.48,29.7,1,0.0,0.252
002497,Car,car,52.49,21.9,1,0.0,0.557
002497,Car,car,12.3,114.8,0,0.0,0.849
002501,Car,car,22.57,47.8,0,0.0,0.882
002501,Pedestrian,pedestrian,29.46,46.0,0,0.0,0.411
002501,Car,car,40.16,30.8,2,0.0,0.0
002501,Car,car,50.49,24.6,1,0.0,0.823
002501,Cyclist,cyclist,41.05,30.7,3,0.0,0.0
002501,Van,van,48.41,33.5,3,0.0,0.398
002501,Pedestrian,pedestrian,41.78,32.7,2,0.0,0.104
002501,Car,car,32.15,36.5,2,0.0,0.768
002503,Car,car,33.2,36.9,2,0.0,0.251
002503,Car,car,35.67,27.8,2,0.0,0.568
002503,Car,car,26.5,40.1,0,0.0,0.853
002503,Car,car,20.92,61.2,1,0.0,0.873
002503,Car,car,13.3,103.6,2,0.0,0.0
002503,Car,car,13.1,101.9,0,0.0,0.928
002503,Car,car,11.26,129.4,3,0.32,0.0
002503,Car,car,9.34,206.3,0,0.75,0.872
002505,Pedestrian,pedestrian,12.63,107.7,0,0.0,0.801
002505,Car,car,32.89,35.0,1,0.0,0.56
002505,Car,car,13.39,104.3,0,0.0,0.882
002505,Car,car,36.35,31.7,0,0.0,0.834
002505,Truck,truck,52.17,59.7,1,0.0,0.234
002505,Car,car,27.95,48.7,1,0.0,0.849
002519,Car,car,59.4,20.5,0,0.0,0.672
002519,Car,car,8.59,150.4,0,0.0,0.921
002519,Car,car,15.57,75.0,2,0.0,0.0
002521,Car,car,39.12,39.4,0,0.0,0.846
002521,Car,car,47.41,27.9,0,0.0,0.863
002522,Car,car,28.06,42.8,0,0.0,0.854
002522,Car,car,42.07,30.1,1,0.0,0.777
002528,Car,car,15.15,99.7,0,0.45,0.917
002528,Car,car,17.17,80.7,0,0.0,0.926
002540,Car,car,34.46,35.8,0,0.0,0.843
002540,Car,car,9.22,160.8,0,0.0,0.943
002540,Car,car,10.82,125.9,1,0.93,0.896
002540,Car,car,16.49,88.2,2,0.0,0.864
002540,Van,van,23.82,97.2,1,0.0,0.759
002540,Car,car,23.97,58.3,2,0.0,0.864
002540,Car,car,31.16,38.6,1,0.0,0.0
002540,Truck,truck,65.9,51.0,1,0.0,0.572
002540,Car,car,31.12,40.7,2,0.0,0.0
002541,Car,car,15.62,79.5,0,0.0,0.88
002541,Car,car,12.73,118.5,0,0.0,0.856
002541,Car,car,20.54,57.5,1,0.0,0.628
002541,Car,car,33.99,35.1,1,0.0,0.819
002541,Pedestrian,pedestrian,21.87,61.2,2,0.0,0.0
002541,Car,car,47.6,25.7,0,0.0,0.766
002551,Cyclist,cyclist,13.89,98.5,0,0.0,0.836
002551,Car,car,33.81,34.6,0,0.0,0.886
002551,Pedestrian,pedestrian,38.29,31.1,0,0.0,0.237
002551,Car,car,48.7,26.6,2,0.0,0.0
002555,Car,car,15.05,78.2,1,0.0,0.871
002555,Car,car,10.72,123.8,1,0.0,0.905
002555,Car,car,13.88,105.5,2,0.0,0.905
002555,Car,car,25.3,45.7,1,0.0,0.301
002555,Car,car,30.58,35.6,2,0.0,0.301
002556,Car,car,45.88,27.3,0,0.0,0.677
002556,Car,car,33.73,36.9,1,0.0,0.856
002557,Cyclist,cyclist,12.68,125.1,3,0.0,0.578
002557,Cyclist,cyclist,27.0,50.7,3,0.0,0.63
002557,Pedestrian,pedestrian,33.41,38.2,1,0.0,0.743
002557,Pedestrian,pedestrian,33.6,38.1,1,0.0,0.683
002557,Cyclist,cyclist,42.79,28.5,3,0.0,0.676
002571,Pedestrian,pedestrian,15.09,90.1,0,0.0,0.746
002571,Cyclist,cyclist,11.69,137.4,1,0.69,0.0
002571,Car,car,22.2,55.4,1,0.0,0.828
002571,Van,van,31.04,45.5,0,0.0,0.742
002571,Truck,truck,38.37,76.6,1,0.37,0.729
002571,Car,car,59.6,18.9,0,0.0,0.0
002571,Car,car,39.73,29.9,1,0.0,0.0
002571,Car,car,57.69,19.0,0,0.0,0.477
002571,Car,car,58.64,19.3,1,0.0,0.683
002578,Car,car,20.06,64.9,0,0.0,0.826
002578,Car,car,17.8,70.8,0,0.0,0.918
002578,Car,car,39.5,36.9,0,0.0,0.852
002581,Car,car,34.03,36.3,0,0.0,0.851
002581,Car,car,51.25,20.4,0,0.0,0.755
002581,Car,car,73.14,14.4,1,0.0,0.516
002587,Car,car,23.99,52.3,0,0.0,0.848
002587,Car,car,41.16,26.7,0,0.0,0.85
002587,Car,car,44.73,23.9,1,0.0,0.844
002589,Car,car,16.71,77.6,0,0.0,0.924
002590,Van,van,10.07,202.7,0,0.0,0.438
002590,Car,car,61.16,18.2,0,0.0,0.667
002592,Car,car,8.64,165.6,0,0.0,0.937
002592,Car,car,16.5,77.8,0,0.0,0.84
002592,Car,car,22.35,55.5,2,0.0,0.84
002592,Car,car,26.98,41.5,0,0.0,0.843
002592,Car,car,12.03,142.7,1,0.36,0.945
002592,Car,car,36.27,31.3,1,0.0,0.891
002592,Car,car,34.51,33.5,2,0.0,0.637
002597,Car,car,4.85,174.2,0,0.87,0.94
002597,Car,car,15.12,79.5,0,0.0,0.902
002597,Car,car,28.57,41.9,0,0.0,0.739
002597,Car,car,36.56,32.7,0,0.0,0.815
002597,Car,car,15.46,87.8,1,0.0,0.844
002597,Car,car,51.68,21.6,1,0.0,0.753
002607,Van,van,52.88,29.8,0,0.0,0.683
002607,Car,car,44.37,26.1,0,0.0,0.779
002613,Pedestrian,pedestrian,15.97,78.7,1,0.0,0.331
002613,Tram,tram,28.9,123.1,3,0.39,0.0
002613,Tram,tram,28.19,100.0,2,0.0,0.0
002613,Tram,tram,28.96,101.2,1,0.0,0.0
002613,Tram,tram,30.56,91.4,2,0.0,0.0
002613,Tram,tram,34.48,88.5,2,0.0,0.0
002613,Pedestrian,pedestrian,15.31,81.2,1,0.0,0.858
002613,Person_sitting,pedestrian,3.64,104.9,1,0.89,0.0
002618,Pedestrian,pedestrian,10.91,133.9,1,0.0,0.852
002621,Car,car,19.69,62.6,0,0.0,0.854
002621,Car,car,8.22,169.3,3,0.22,0.938
002621,Car,car,22.62,53.3,0,0.0,0.911
002626,Car,car,4.61,169.8,0,0.96,0.945
002626,Pedestrian,pedestrian,9.4,154.9,1,0.0,0.843
002626,Pedestrian,pedestrian,8.89,172.8,0,0.0,0.865
002626,Cyclist,cyclist,21.27,69.4,2,0.0,0.018
002626,Pedestrian,pedestrian,11.92,109.0,0,0.0,0.861
002626,Pedestrian,pedestrian,11.47,108.2,0,0.0,0.755
002626,Car,car,44.9,24.8,0,0.0,0.854
002626,Car,car,41.93,27.1,0,0.0,0.715
002636,Car,car,26.26,43.5,0,0.0,0.866
002636,Car,car,42.04,26.0,0,0.0,0.817
002636,Pedestrian,pedestrian,38.43,34.2,0,0.0,0.764
002641,Car,car,12.32,125.3,1,0.0,0.92
002641,Cyclist,cyclist,3.6,237.6,3,0.53,0.926
002641,Car,car,5.18,165.0,0,0.67,0.911
002641,Car,car,20.08,57.6,1,0.0,0.893
002641,Car,car,36.77,31.1,0,0.0,0.732
002641,Van,van,55.45,25.2,3,0.0,0.756
002645,Truck,truck,76.16,29.7,0,0.0,0.488
002645,Car,car,29.16,53.0,1,0.6,0.794
002645,Car,car,48.28,28.6,0,0.0,0.831
002645,Car,car,53.42,22.2,1,0.0,0.56
002653,Van,van,36.76,59.9,3,0.0,0.774
002653,Car,car,72.32,13.3,0,0.0,0.385
002656,Car,car,20.37,85.8,3,0.46,0.911
002656,Car,car,47.04,30.2,0,0.0,0.867
002656,Car,car,56.96,22.5,0,0.0,0.858
002658,Car,car,41.27,26.5,0,0.0,0.837
002658,Car,car,5.64,185.8,1,0.95,0.899
002658,Car,car,17.39,74.0,0,0.0,0.881
002658,Car,car,21.08,69.0,3,0.62,0.0
002658,Car,car,29.36,39.9,2,0.0,0.014
002658,Car,car,31.98,35.7,2,0.0,0.471
002658,Car,car,39.37,29.2,1,0.0,0.471
002663,Pedestrian,pedestrian,22.18,57.5,0,0.0,0.773
002663,Pedestrian,pedestrian,12.71,120.7,1,0.0,0.421
002663,Pedestrian,pedestrian,7.8,189.0,0,0.0,0.858
002663,Pedestrian,pedestrian,8.82,160.4,0,0.0,0.858
002663,Pedestrian,pedestrian,7.81,181.9,2,0.0,0.891
002663,Pedestrian,pedestrian,7.13,197.9,0,0.0,0.891
002663,Pedestrian,pedestrian,15.23,85.6,0,0.0,0.776
002663,Pedestrian,pedestrian,15.43,89.5,0,0.0,0.833
002663,Pedestrian,pedestrian,17.22,77.0,2,0.0,0.776
002663,Pedestrian,pedestrian,16.59,80.3,0,0.0,0.827
002663,Pedestrian,pedestrian,19.18,64.4,1,0.0,0.543
002663,Pedestrian,pedestrian,16.74,80.8,1,0.0,0.731
002663,Pedestrian,pedestrian,17.23,69.9,1,0.0,0.651
002663,Pedestrian,pedestrian,17.41,78.4,0,0.0,0.788
002663,Van,van,4.86,369.0,3,0.97,0.423
002664,Truck,truck,40.95,72.1,0,0.0,0.772
002664,Car,car,59.37,21.2,0,0.0,0.651
002670,Car,car,18.14,64.2,1,0.0,0.836
002670,Car,car,13.7,89.6,1,0.0,0.864
002670,Car,car,16.89,82.7,2,0.0,0.864
002670,Car,car,28.49,40.7,1,0.0,0.664
002670,Car,car,34.17,32.0,2,0.0,0.664
002676,Car,car,51.36,20.3,1,0.0,0.361
002678,Car,car,19.1,65.9,0,0.0,0.856
002678,Car,car,6.13,192.8,0,0.94,0.91
002678,Car,car,9.56,183.3,0,0.0,0.938
002678,Van,van,15.76,106.1,0,0.0,0.689
002678,Car,car,22.76,53.0,2,0.0,0.0
002678,Car,car,40.24,29.3,2,0.0,0.0
002678,Car,car,50.93,22.4,2,0.0,0.421
002678,Car,car,23.62,64.8,0,0.0,0.797
002678,Van,van,28.33,88.3,1,0.0,0.873
002678,Car,car,29.44,46.8,1,0.0,0.858
002678,Car,car,35.92,30.5,1,0.0,0.0
002678,Car,car,51.65,21.9,1,0.0,0.0
002678,Car,car,57.99,24.0,2,0.0,0.18
002678,Car,car,67.95,17.5,1,0.0,0.666
002678,Car,car,32.53,38.8,2,0.0,0.0
002681,Car,car,36.93,42.9,1,0.0,0.824
002681,Truck,truck,60.84,44.6,1,0.0,0.0
002681,Car,car,39.24,28.8,1,0.0,0.756
002681,Pedestrian,pedestrian,51.05,27.8,0,0.0,0.0
002681,Car,car,54.5,31.5,0,0.0,0.037
002681,Car,car,56.33,24.3,1,0.0,0.44
002681,Car,car,56.97,21.8,1,0.0,0.739
002686,Cyclist,cyclist,9.94,133.4,3,0.0,0.845
002686,Car,car,48.91,28.9,0,0.0,0.467
002691,Car,car,22.06,49.0,0,0.0,0.88
002691,Car,car,9.3,182.3,3,0.35,0.916
002691,Car,car,11.61,118.0,2,0.0,0.903
002691,Car,car,19.11,65.5,2,0.0,0.88
002691,Car,car,15.99,66.8,0,0.0,0.882
002691,Car,car,28.61,37.6,2,0.0,0.323
002691,Van,van,4.89,374.0,3,0.96,0.867
002691,Pedestrian,pedestrian,9.18,133.0,2,0.0,0.038
002691,Car,car,11.84,112.1,1,0.0,0.596
002691,Car,car,16.52,68.0,2,0.0,0.063
002691,Car,car,22.48,55.2,2,0.0,0.717
002691,Car,car,40.42,26.1,1,0.0,0.793
002691,Truck,truck,50.9,52.9,3,0.0,0.363
002691,Van,van,14.94,157.7,3,0.45,0.0
002691,Car,car,33.46,34.9,2,0.0,0.0
002691,Car,car,33.98,34.5,2,0.0,0.0
002693,Pedestrian,pedestrian,8.09,167.0,0,0.0,0.865
002704,Car,car,23.81,45.5,0,0.0,0.888
002704,Car,car,8.41,222.4,3,0.3,0.926
002704,Car,car,11.19,161.3,2,0.0,0.549
002704,Car,car,18.42,68.5,2,0.0,0.803
002704,Car,car,21.13,69.1,2,0.0,0.788
002704,Car,car,27.96,40.3,2,0.0,0.0
002704,Van,van,24.14,82.3,3,0.0,0.756
002704,Car,car,37.22,31.2,2,0.0,0.038
002704,Truck,truck,19.96,135.5,3,0.95,0.0
002704,Van,van,29.48,60.3,3,0.0,0.0
002708,Car,car,23.37,46.0,0,0.0,0.864
002708,Car,car,9.24,185.8,3,0.03,0.918
002708,Car,car,16.32,74.4,1,0.0,0.9
002708,Car,car,21.92,54.8,2,0.0,0.876
002708,Car,car,37.85,33.3,1,0.0,0.779
002708,Car,car,8.22,185.3,3,0.15,0.933
002708,Car,car,25.0,45.1,0,0.0,0.879
002708,Van,van,45.72,41.1,3,0.0,0.306
002708,Car,car,23.34,49.0,2,0.0,0.444
002708,Car,car,33.79,34.6,2,0.0,0.0
002708,Car,car,21.86,55.7,3,0.83,0.061
002708,Car,car,30.2,39.2,2,0.0,0.0
002709,Car,car,5.38,313.3,0,0.83,0.849
002709,Van,van,11.44,174.2,2,0.0,0.496
002709,Pedestrian,pedestrian,24.49,53.3,0,0.0,0.776
002724,Car,car,24.31,47.4,0,0.0,0.901
002724,Truck,truck,36.88,91.2,2,0.0,0.0
002724,Car,car,19.09,80.5,1,0.78,0.794
002724,Car,car,27.03,54.6,1,0.0,0.798
002724,Car,car,34.11,38.7,1,0.0,0.822
002724,Van,van,25.2,70.3,0,0.0,0.607
002725,Pedestrian,pedestrian,23.06,55.5,0,0.0,0.084
002725,Pedestrian,pedestrian,22.86,58.5,0,0.0,0.58
002725,Pedestrian,pedestrian,7.09,198.9,3,0.12,0.848
002725,Pedestrian,pedestrian,14.25,102.6,2,0.0,0.0
002725,Car,car,2.65,219.2,0,1.0,0.0
002725,Pedestrian,pedestrian,12.56,120.5,0,0.0,0.772
002725,Pedestrian,pedestrian,9.63,146.3,0,0.0,0.706
002725,Pedestrian,pedestrian,8.23,206.1,0,0.0,0.925
002725,Pedestrian,pedestrian,20.28,67.2,1,0.0,0.684
002725,Pedestrian,pedestrian,23.96,55.6,0,0.0,0.78
002725,Car,car,18.99,95.1,0,0.0,0.6
002725,Van,van,25.59,66.7,2,0.0,0.0
002729,Car,car,4.11,175.2,0,0.97,0.929
002729,Car,car,5.08,169.3,0,0.93,0.925
002729,Car,car,9.41,141.9,1,0.0,0.917
002729,Car,car,13.92,87.7,1,0.0,0.884
002729,Car,car,25.17,49.0,2,0.0,0.684
002731,Car,car,24.95,42.9,0,0.0,0.861
002731,Car,car,11.68,125.5,0,0.0,0.921
002731,Car,car,14.26,100.1,2,0.0,0.873
002731,Car,car,21.79,52.8,1,0.0,0.828
002731,Car,car,20.43,52.1,0,0.0,0.871
002731,Car,car,25.46,44.4,2,0.0,0.72
002731,Car,car,31.71,38.9,2,0.0,0.758
002731,Car,car,11.84,104.9,0,0.0,0.931
002731,Truck,truck,22.16,138.2,3,0.0,0.494
002731,Pedestrian,pedestrian,16.79,82.4,2,0.0,0.0
002731,Car,car,35.29,31.7,1,0.0,0.779
002731,Truck,truck,54.14,49.8,3,0.0,0.288
002731,Car,car,36.58,31.8,2,0.0,0.024
002731,Car,car,31.29,40.7,2,0.0,0.0
002736,Car,car,71.47,17.3,0,0.0,0.691
002739,Pedestrian,pedestrian,10.76,121.6,0,0.0,0.877
002744,Car,car,61.05,20.4,0,0.0,0.555
002744,Truck,truck,76.81,29.4,0,0.0,0.664
002744,Car,car,48.14,31.2,2,0.0,0.849
002744,Car,car,44.36,27.6,0,0.0,0.873
002744,Car,car,46.91,33.6,0,0.0,0.855
002746,Car,car,11.52,116.9,0,0.0,0.927
002746,Car,car,17.91,68.4,0,0.0,0.9
002746,Car,car,21.56,54.8,1,0.0,0.827
002746,Car,car,27.14,51.3,1,0.0,0.715
002746,Car,car,40.95,31.0,0,0.0,0.828
002746,Cyclist,cyclist,70.37,19.3,0,0.0,0.213
002746,Cyclist,cyclist,70.46,18.3,0,0.0,0.352
002746,Car,car,37.28,33.2,1,0.0,0.776
002751,Car,car,35.24,32.9,0,0.0,0.833
002751,Car,car,7.07,198.2,1,0.8,0.933
002751,Car,car,9.08,163.1,1,0.34,0.847
002751,Car,car,15.94,78.8,1,0.0,0.897
002751,Car,car,11.24,124.7,2,0.0,0.847
002761,Car,car,73.91,12.8,0,0.0,0.602
002762,Car,car,6.16,226.1,0,0.47,0.936
002762,Car,car,11.18,154.4,1,0.0,0.764
002762,Car,car,16.68,80.8,2,0.0,0.0
002762,Pedestrian,pedestrian,30.54,45.9,1,0.0,0.58
002762,Pedestrian,pedestrian,31.18,44.2,1,0.0,0.212
002762,Car,car,43.01,33.1,0,0.0,0.551
002762,Pedestrian,pedestrian,47.96,27.1,0,0.0,0.686
002762,Car,car,20.7,60.7,1,0.0,0.903
002762,Car,car,9.09,179.4,0,0.47,0.948
002762,Car,car,13.91,110.0,1,0.0,0.896
002762,Pedestrian,pedestrian,35.5,32.3,2,0.0,0.0
002764,Van,van,55.85,37.9,3,0.0,0.748
002764,Car,car,70.87,13.6,0,0.0,0.639
002767,Pedestrian,pedestrian,8.94,156.0,0,0.0,0.811
002770,Car,car,5.53,186.5,0,0.89,0.94
002770,Car,car,15.52,88.2,0,0.0,0.898
002770,Car,car,44.32,24.6,0,0.0,0.799
002781,Car,car,58.76,19.8,0,0.0,0.704
002781,Pedestrian,pedestrian,38.55,31.2,0,0.0,0.088
002781,Car,car,48.69,26.6,0,0.0,0.821
002784,Car,car,47.0,27.6,0,0.0,0.604
002787,Car,car,12.25,136.0,0,0.0,0.916
002787,Car,car,13.31,103.2,0,0.0,0.918
002787,Car,car,21.43,49.3,1,0.0,0.887
002787,Car,car,27.75,47.0,1,0.0,0.779
002787,Car,car,43.04,25.7,1,0.0,0.732
002787,Pedestrian,pedestrian,43.13,28.3,1,0.0,0.0
002788,Tram,tram,76.31,37.6,0,0.0,0.593
002788,Car,car,15.49,124.7,0,0.26,0.912
002788,Car,car,23.92,56.2,0,0.0,0.909
002788,Car,car,28.79,43.1,1,0.0,0.893
002788,Car,car,48.02,26.0,0,0.0,0.728
002788,Cyclist,cyclist,37.08,37.5,0,0.0,0.0
002804,Car,car,72.47,13.0,0,0.0,0.667
002804,Car,car,28.03,44.2,0,0.0,0.896
002811,Pedestrian,pedestrian,5.62,215.7,0,0.11,0.887
002815,Car,car,8.38,223.3,0,0.0,0.743
002815,Car,car,8.15,183.6,3,0.92,0.0
002815,Car,car,9.83,165.4,3,0.54,0.897
002815,Car,car,11.97,118.7,3,0.07,0.897
002815,Car,car,15.83,104.9,2,0.0,0.823
002815,Car,car,13.75,106.7,2,0.0,0.883
002815,Car,car,13.57,90.4,2,0.0,0.88
002815,Car,car,17.99,86.4,2,0.0,0.772
002815,Car,car,19.81,64.2,2,0.0,0.286
002815,Car,car,22.54,61.3,2,0.0,0.413
002815,Car,car,29.92,40.8,2,0.0,0.235
002815,Car,car,34.67,41.9,2,0.0,0.426
002815,Car,car,30.9,36.6,1,0.0,0.834
002815,Car,car,18.99,66.4,2,0.0,0.772
002815,Car,car,41.61,30.5,2,0.0,0.664
002817,Car,car,5.99,164.7,0,0.65,0.917
002817,Car,car,10.52,135.6,1,0.0,0.91
002817,Car,car,10.03,152.3,0,0.0,0.918
002817,Car,car,20.19,67.2,1,0.0,0.761
002817,Car,car,25.15,47.3,2,0.0,0.014
002817,Car,car,54.24,22.2,0,0.0,0.859
002817,Car,car,14.5,91.8,2,0.0,0.017
002817,Car,car,18.97,73.0,2,0.0,0.482
002817,Car,car,30.21,46.9,2,0.0,0.796
002817,Car,car,27.3,55.2,0,0.0,0.885
002817,Car,car,36.37,35.0,1,0.0,0.882
002819,Van,van,69.55,21.4,1,0.0,0.632
002819,Car,car,42.51,27.3,2,0.0,0.595
002819,Car,car,50.41,22.5,1,0.0,0.816
002821,Car,car,40.37,26.7,0,0.0,0.798
002821,Car,car,14.4,82.3,0,0.0,0.877
002821,Car,car,4.91,178.6,0,0.98,0.941
002821,Car,car,37.34,29.8,2,0.0,0.407
002821,Car,car,24.51,49.2,1,0.0,0.815
002821,Truck,truck,9.52,336.5,1,0.99,0.821
002825,Car,car,19.79,60.9,0,0.0,0.82
002825,Car,car,29.28,39.6,0,0.0,0.854
002825,Van,van,31.4,50.5,2,0.0,0.527
002825,Car,car,46.31,27.1,1,0.0,0.674
002825,Car,car,39.88,28.4,0,0.0,0.703
002825,Car,car,61.14,17.8,0,0.0,0.734
002829,Car,car,8.17,172.8,0,0.04,0.953
002829,Cyclist,cyclist,10.84,130.8,0,0.0,0.772
002829,Car,car,16.76,78.5,2,0.0,0.255
002832,Car,car,9.07,157.3,0,0.0,0.907
002832,Car,car,6.82,205.3,0,0.64,0.895
002832,Car,car,23.53,53.0,1,0.0,0.867
002832,Car,car,34.08,34.4,2,0.0,0.0
002832,Car,car,40.68,26.1,2,0.0,0.0
002832,Car,car,14.88,102.1,0,0.92,0.701
002832,Car,car,72.54,14.9,1,0.0,0.736
002832,Car,car,20.26,66.7,0,0.0,0.903
002832,Car,car,35.18,33.7,0,0.0,0.862
002832,Car,car,41.19,34.7,1,0.0,0.734
002832,Car,car,51.43,23.4,1,0.0,0.777
002832,Car,car,63.41,17.0,0,0.0,0.523
002832,Car,car,35.27,34.8,1,0.0,0.689
002832,Car,car,48.07,25.8,2,0.0,0.689
002839,Car,car,12.9,102.4,0,0.0,0.911
002839,Car,car,5.14,183.1,0,0.95,0.91
002839,Car,car,18.61,70.9,1,0.0,0.914
002839,Car,car,26.42,48.1,0,0.0,0.833
002839,Car,car,25.29,50.0,1,0.0,0.836
002839,Pedestrian,pedestrian,7.43,214.1,3,0.05,0.0
002839,Car,car,40.01,27.9,2,0.0,0.0
002839,Car,car,42.18,33.3,2,0.0,0.613
002843,Car,car,50.24,25.9,1,0.0,0.749
002843,Car,car,57.43,24.0,1,0.0,0.769
002843,Car,car,64.18,19.3,1,0.0,0.781
002843,Car,car,23.79,54.9,0,0.0,0.731
002843,Cyclist,cyclist,56.07,21.8,0,0.0,0.0
002849,Car,car,5.71,163.6,0,0.97,0.935
002849,Car,car,13.33,112.5,0,0.0,0.925
002849,Car,car,18.44,75.0,2,0.0,0.0
002860,Pedestrian,pedestrian,8.25,199.0,1,0.0,0.86
002860,Pedestrian,pedestrian,11.85,137.6,0,0.0,0.821
002865,Car,car,24.13,51.4,1,0.0,0.85
002865,Car,car,37.83,38.9,1,0.0,0.813
002865,Car,car,56.02,20.7,1,0.0,0.783
002869,Car,car,35.74,31.9,0,0.0,0.821
002869,Car,car,8.07,198.0,1,0.53,0.941
002869,Car,car,10.19,135.5,1,0.09,0.941
002869,Car,car,17.21,71.5,1,0.0,0.89
002869,Car,car,12.41,109.3,2,0.0,0.857
002884,Car,car,18.64,76.0,0,0.0,0.843
002884,Car,car,33.21,35.5,2,0.0,0.0
002885,Pedestrian,pedestrian,20.62,63.7,0,0.0,0.48
002885,Cyclist,cyclist,33.32,42.9,3,0.0,0.461
002885,Cyclist,cyclist,48.44,27.5,3,0.0,0.606
002887,Car,car,20.04,65.7,0,0.0,0.905
002887,Car,car,25.29,51.0,1,0.0,0.886
002887,Car,car,32.83,38.0,1,0.0,0.804
002887,Van,van,54.55,44.4,1,0.0,0.643
002887,Car,car,46.31,28.9,0,0.0,0.796
002889,Tram,tram,21.75,160.1,1,0.0,0.242
002889,Tram,tram,23.18,117.1,2,0.0,0.0
002889,Tram,tram,25.48,117.3,2,0.0,0.0
002889,Tram,tram,28.37,105.0,2,0.0,0.022
002889,Tram,tram,34.1,101.0,2,0.0,0.0
002889,Pedestrian,pedestrian,10.76,128.8,1,0.0,0.0
002889,Pedestrian,pedestrian,7.89,164.9,0,0.0,0.89
002892,Pedestrian,pedestrian,5.01,225.6,0,0.31,0.924
002892,Pedestrian,pedestrian,13.77,106.3,2,0.0,0.748
002892,Pedestrian,pedestrian,6.48,209.6,1,0.06,0.873
002892,Pedestrian,pedestrian,7.28,187.4,0,0.0,0.807
002892,Pedestrian,pedestrian,8.71,152.0,0,0.0,0.816
002892,Pedestrian,pedestrian,9.76,147.6,2,0.0,0.0
002892,Pedestrian,pedestrian,11.45,120.4,0,0.0,0.842
002892,Pedestrian,pedestrian,8.12,160.8,1,0.0,0.807
002892,Pedestrian,pedestrian,12.52,112.0,1,0.0,0.851
002892,Pedestrian,pedestrian,9.73,137.8,2,0.0,0.807
002892,Car,car,20.27,62.8,1,0.0,0.879
002895,Car,car,20.28,60.2,1,0.0,0.916
002895,Car,car,10.17,133.9,0,0.0,0.934
002895,Car,car,12.82,129.7,0,0.38,0.912
002895,Car,car,14.98,89.2,2,0.0,0.912
002895,Car,car,17.58,77.0,2,0.0,0.855
002895,Car,car,22.18,56.8,1,0.0,0.897
002895,Car,car,22.59,50.9,2,0.0,0.916
002895,Car,car,59.48,21.9,0,0.0,0.784
002898,Pedestrian,pedestrian,9.58,143.2,0,0.0,0.903
002900,Car,car,22.63,73.4,1,0.0,0.415
002900,Car,car,42.92,30.9,0,0.0,0.812
002904,Cyclist,cyclist,44.03,39.1,3,0.0,0.275
002904,Pedestrian,pedestrian,10.68,129.0,0,0.0,0.774
002904,Pedestrian,pedestrian,10.6,148.5,0,0.0,0.902
002904,Pedestrian,pedestrian,8.56,163.6,0,0.0,0.842
002904,Cyclist,cyclist,14.69,106.6,3,0.0,0.664
002904,Pedestrian,pedestrian,34.95,41.1,1,0.0,0.0
002904,Pedestrian,pedestrian,34.33,35.7,1,0.0,0.0
002904,Cyclist,cyclist,35.85,43.4,1,0.0,0.016
002904,Pedestrian,pedestrian,36.9,44.6,1,0.0,0.0
002904,Pedestrian,pedestrian,36.93,45.2,1,0.49,0.049
002911,Car,car,22.27,54.1,0,0.0,0.811
002911,Car,car,36.86,29.0,0,0.0,0.834
002911,Car,car,16.06,81.0,0,0.0,0.928
002911,Car,car,17.97,83.1,1,0.41,0.909
002911,Car,car,52.06,22.8,1,0.0,0.845
002911,Cyclist,cyclist,31.32,39.9,0,0.0,0.729
002911,Car,car,48.71,24.2,1,0.0,0.669
002911,Car,car,55.61,18.7,2,0.0,0.0
002919,Car,car,47.74,26.2,0,0.0,0.728
002919,Car,car,39.25,29.3,1,0.0,0.792
002920,Cyclist,cyclist,14.9,120.7,3,0.62,0.0
002920,Pedestrian,pedestrian,10.39,146.8,0,0.0,0.792
002920,Pedestrian,pedestrian,10.36,172.7,0,0.0,0.875
002920,Pedestrian,pedestrian,7.41,203.6,0,0.0,0.882
002920,Cyclist,cyclist,12.37,117.0,3,0.0,0.703
002920,Cyclist,cyclist,24.51,63.6,3,0.0,0.217
002920,Pedestrian,pedestrian,33.89,41.5,1,0.0,0.01
002920,Pedestrian,pedestrian,33.35,35.9,1,0.0,0.0
002920,Cyclist,cyclist,35.63,41.4,2,0.0,0.147
002920,Pedestrian,pedestrian,35.86,41.9,1,0.0,0.231
002920,Pedestrian,pedestrian,35.89,42.7,1,0.0,0.217
002925,Car,car,29.48,43.5,0,0.0,0.734
002925,Car,car,12.61,120.4,1,0.75,0.907
002925,Car,car,21.44,60.7,1,0.0,0.764
002925,Car,car,30.22,42.4,1,0.0,0.596
002925,Car,car,40.16,31.1,1,0.0,0.646
002925,Car,car,49.35,21.8,1,0.0,0.278
002927,Pedestrian,pedestrian,7.71,185.8,0,0.0,0.887
002933,Car,car,7.71,178.0,0,0.19,0.938
002933,Van,van,16.74,132.7,1,0.0,0.557
002933,Car,car,6.62,229.6,0,0.52,0.937
002933,Car,car,11.94,109.8,2,0.0,0.0
002933,Car,car,12.02,136.4,1,0.0,0.742
002933,Car,car,19.49,67.8,1,0.0,0.855
002933,Van,van,28.59,61.4,1,0.0,0.615
002933,Car,car,36.62,32.7,1,0.0,0.6
002933,Car,car,41.65,31.9,2,0.0,0.525
002933,Pedestrian,pedestrian,69.39,19.9,0,0.0,0.094
002933,Pedestrian,pedestrian,70.14,19.4,1,0.0,0.078
002936,Car,car,42.9,30.4,1,0.0,0.411
002937,Car,car,10.98,125.9,0,0.0,0.886
002937,Pedestrian,pedestrian,8.47,169.3,0,0.0,0.895
002937,Car,car,18.78,78.2,0,0.0,0.722
002937,Van,van,25.82,65.3,2,0.0,0.0
002937,Car,car,55.07,21.3,0,0.0,0.755
002940,Car,car,25.5,42.3,1,0.0,0.0
002940,Car,car,40.96,27.9,0,0.0,0.657
002940,Van,van,18.57,94.4,0,0.0,0.666
002940,Car,car,26.02,54.7,1,0.0,0.844
002940,Van,van,53.04,33.6,2,0.0,0.0
002940,Car,car,41.82,26.8,1,0.0,0.66
002940,Car,car,46.37,24.4,1,0.0,0.699
002942,Car,car,9.11,177.9,0,0.0,0.942
002942,Car,car,19.03,69.6,0,0.0,0.861
002942,Car,car,25.73,46.0,0,0.0,0.704
002942,Car,car,25.78,45.3,2,0.0,0.0
002943,Pedestrian,pedestrian,12.43,98.3,0,0.0,0.861
002943,Pedestrian,pedestrian,12.8,103.6,0,0.0,0.817
002943,Pedestrian,pedestrian,16.48,78.9,0,0.0,0.799
002943,Cyclist,cyclist,25.01,50.1,0,0.0,0.373
002956,Pedestrian,pedestrian,7.42,193.8,0,0.0,0.917
002959,Car,car,4.53,165.2,0,0.96,0.942
002959,Car,car,9.11,176.0,1,0.0,0.934
002959,Van,van,16.07,133.4,2,0.0,0.637
002959,Car,car,21.06,58.6,0,0.0,0.852
002959,Car,car,27.08,41.7,2,0.0,0.0
002959,Car,car,33.89,29.9,1,0.0,0.846
002959,Car,car,41.75,27.8,1,0.0,0.576
002959,Car,car,42.63,27.3,1,0.0,0.681
002962,Pedestrian,pedestrian,7.06,262.0,0,0.86,0.0
002962,Car,car,12.95,107.7,0,0.0,0.927
002962,Car,car,14.64,91.3,1,0.0,0.801
002962,Car,car,24.93,51.3,2,0.0,0.496
002962,Car,car,52.79,25.3,0,0.0,0.861
002962,Car,car,60.69,18.5,1,0.0,0.826
002967,Car,car,5.73,167.1,0,0.59,0.892
002967,Car,car,5.48,176.9,0,0.7,0.887
002967,Car,car,10.12,142.0,1,0.0,0.871
002967,Car,car,20.68,62.0,0,0.0,0.863
002967,Car,car,26.05,58.1,1,0.0,0.51
002967,Car,car,31.99,44.5,1,0.0,0.48
002967,Car,car,47.43,24.7,0,0.0,0.587
002978,Car,car,3.49,197.7,0,1.0,0.0
002978,Car,car,9.16,197.6,0,0.03,0.936
002978,Car,car,10.91,130.5,0,0.0,0.91
002978,Car,car,14.2,108.7,1,0.0,0.876
002978,Car,car,16.89,75.2,1,0.0,0.841
002978,Van,van,24.87,95.2,1,0.0,0.745
002978,Car,car,31.83,43.9,2,0.0,0.0
002978,Car,car,32.83,36.3,2,0.0,0.0
002978,Car,car,45.8,24.4,1,0.0,0.684
002978,Car,car,48.65,21.9,0,0.0,0.787
002978,Car,car,52.7,24.3,1,0.0,0.5
002978,Car,car,64.97,17.6,0,0.0,0.723
002996,Car,car,3.1,161.2,0,1.0,0.0
002996,Car,car,7.21,172.7,1,0.22,0.876
002996,Car,car,6.92,181.1,0,0.28,0.835
002996,Car,car,11.68,117.1,1,0.0,0.863
002996,Car,car,22.25,56.9,0,0.0,0.873
002996,Car,car,27.66,54.4,1,0.0,0.488
002996,Car,car,33.57,42.3,1,0.0,0.49
002996,Car,car,49.01,23.8,0,0.0,0.655
003005,Car,car,8.82,166.2,0,0.0,0.936
003005,Tram,tram,43.06,64.9,1,0.0,0.543
003005,Car,car,28.14,49.2,0,0.0,0.873
003005,Car,car,42.0,30.0,0,0.0,0.868
003005,Tram,tram,35.4,78.2,1,0.0,0.067
003006,Car,car,14.4,117.2,0,0.0,0.555
003006,Car,car,19.32,60.3,0,0.0,0.865
003006,Car,car,35.93,32.8,0,0.0,0.811
003006,Car,car,36.15,40.5,0,0.0,0.768
003008,Car,car,40.41,29.2,0,0.0,0.816
003008,Car,car,5.38,188.7,0,0.77,0.929
003008,Pedestrian,pedestrian,16.58,75.8,0,0.0,0.834
003008,Car,car,18.37,67.4,0,0.0,0.905
003008,Car,car,23.56,51.5,2,0.0,0.615
003008,Car,car,41.86,31.9,1,0.0,0.699
003008,Car,car,21.22,56.7,0,0.0,0.879
003008,Car,car,26.61,47.6,1,0.0,0.836
003008,Car,car,34.03,35.4,1,0.0,0.816
003017,Car,car,20.93,56.8,0,0.0,0.861
003017,Car,car,36.34,44.9,2,0.0,0.777
003017,Car,car,42.21,32.3,1,0.0,0.848
003017,Car,car,46.51,28.2,0,0.0,0.84
003017,Car,car,43.32,25.2,0,0.0,0.766
003017,Car,car,79.7,14.9,1,0.0,0.693
003017,Car,car,26.45,48.9,0,0.0,0.723
003017,Car,car,31.5,44.4,0,0.74,0.859
003017,Cyclist,cyclist,24.87,56.1,0,0.0,0.0
003020,Pedestrian,pedestrian,17.23,71.3,0,0.0,0.698
003020,Pedestrian,pedestrian,24.12,63.9,0,0.0,0.793
003020,Pedestrian,pedestrian,27.27,51.3,0,0.0,0.394
003023,Car,car,24.11,52.1,0,0.0,0.845
003023,Car,car,22.34,52.2,0,0.0,0.897
003023,Car,car,26.76,42.5,1,0.0,0.881
003024,Pedestrian,pedestrian,7.28,176.7,0,0.0,0.89
003032,Car,car,7.18,143.6,0,0.59,0.929
003032,Car,car,12.94,115.0,1,0.0,0.909
003032,Truck,truck,33.89,78.4,0,0.0,0.801
003032,Car,car,28.09,40.2,1,0.0,0.714
003032,Pedestrian,pedestrian,28.11,43.6,1,0.0,0.392
003041,Car,car,28.18,38.2,0,0.0,0.863
003041,Car,car,4.89,166.0,3,0.81,0.909
003041,Car,car,12.06,140.1,2,0.0,0.0
003041,Car,car,21.94,53.9,1,0.0,0.78
003041,Car,car,24.8,50.3,2,0.0,0.808
003041,Car,car,31.24,35.4,2,0.0,0.0
003041,Car,car,34.04,31.0,2,0.0,0.49
003041,Van,van,41.85,34.4,3,0.0,0.267
003041,Car,car,14.3,88.1,0,0.0,0.835
003041,Car,car,18.53,59.1,2,0.0,0.0
003041,Car,car,23.44,48.3,2,0.0,0.75
003041,Truck,truck,33.13,85.7,3,0.0,0.469
003041,Car,car,34.9,37.4,1,0.0,0.859
003041,Car,car,37.91,30.7,2,0.0,0.438
003043,Car,car,8.74,189.7,0,0.58,0.929
003043,Car,car,11.04,130.0,3,0.26,0.929
003043,Car,car,17.6,74.9,1,0.0,0.882
003043,Car,car,19.37,61.1,2,0.0,0.278
003043,Van,van,21.56,72.7,2,0.0,0.669
003043,Car,car,25.77,44.7,0,0.0,0.906
003043,Car,car,37.31,28.9,0,0.0,0.839
003043,Car,car,33.55,33.5,2,0.0,0.0
003044,Car,car,33.93,43.3,1,0.0,0.829
003044,Car,car,35.34,45.8,1,0.25,0.679
003045,Car,car,29.74,39.0,0,0.0,0.788
003045,Car,car,75.14,19.7,0,0.0,0.593
003047,Pedestrian,pedestrian,5.52,252.8,0,0.16,0.905
003047,Pedestrian,pedestrian,8.04,231.1,1,0.0,0.876
003047,Person_sitting,pedestrian,4.14,111.4,3,0.62,0.031
003047,Person_sitting,pedestrian,8.98,108.1,1,0.0,0.564
003047,Person_sitting,pedestrian,4.8,119.7,3,0.48,0.0
003047,Pedestrian,pedestrian,13.7,96.8,0,0.0,0.835
003047,Pedestrian,pedestrian,13.69,92.1,1,0.0,0.849
003047,Pedestrian,pedestrian,17.81,73.3,0,0.0,0.807
003047,Pedestrian,pedestrian,25.82,53.8,0,0.0,0.434
003047,Pedestrian,pedestrian,17.63,70.8,0,0.0,0.703
003047,Pedestrian,pedestrian,21.89,61.3,2,0.0,0.0
003047,Car,car,48.22,24.7,0,0.0,0.815
003047,Pedestrian,pedestrian,19.04,71.1,2,0.0,0.0
003047,Pedestrian,pedestrian,19.86,62.7,0,0.0,0.0
003051,Car,car,16.94,75.9,0,0.0,0.874
003051,Car,car,18.49,70.8,0,0.0,0.816
003051,Car,car,29.04,41.6,1,0.0,0.812
003051,Car,car,35.66,30.7,2,0.0,0.0
003051,Car,car,16.1,92.3,0,0.63,0.928
003051,Car,car,30.84,40.4,1,0.0,0.799
003051,Car,car,47.87,25.6,1,0.0,0.494
003051,Car,car,63.78,19.1,0,0.0,0.644
003051,Car,car,30.41,42.1,0,0.0,0.856
003051,Car,car,36.28,40.4,1,0.0,0.683
003051,Car,car,46.31,26.7,2,0.0,0.0
003051,Car,car,58.41,19.0,1,0.0,0.077
003051,Car,car,30.78,42.7,1,0.0,0.363
003051,Car,car,43.02,31.0,2,0.0,0.363
003057,Pedestrian,pedestrian,13.84,100.0,0,0.0,0.831
003057,Van,van,17.15,100.0,1,0.0,0.363
003057,Truck,truck,31.99,75.2,1,0.0,0.877
003057,Car,car,56.48,19.4,0,0.0,0.615
003057,Car,car,57.51,19.7,0,0.0,0.686
003057,Car,car,62.54,17.9,2,0.0,0.118
003057,Car,car,63.4,16.7,2,0.0,0.379
003076,Car,car,39.31,29.6,0,0.0,0.796
003083,Car,car,12.85,102.7,0,0.0,0.928
003083,Car,car,16.97,89.6,1,0.0,0.762
003083,Car,car,25.44,45.9,2,0.0,0.823
003083,Car,car,34.38,37.3,2,0.0,0.539
003085,Pedestrian,pedestrian,9.38,188.3,0,0.0,0.874
003096,Truck,truck,62.09,37.2,0,0.0,0.674
003096,Cyclist,cyclist,13.95,109.6,3,0.0,0.681
003096,Car,car,43.11,31.9,0,0.0,0.837
003101,Car,car,11.12,150.3,0,0.74,0.916
003101,Car,car,13.86,106.6,3,0.26,0.827
003101,Car,car,16.55,98.0,2,0.0,0.785
003101,Car,car,28.55,45.8,0,0.0,0.844
003101,Van,van,49.3,31.2,2,0.0,0.199
003101,Car,car,65.54,16.3,0,0.0,0.742
003104,Car,car,6.07,225.2,0,0.73,0.63
003104,Car,car,11.54,149.0,1,0.0,0.669
003104,Car,car,26.87,46.7,0,0.0,0.785
003104,Car,car,33.08,38.0,1,0.0,0.814
003104,Car,car,38.39,30.1,1,0.0,0.762
003104,Car,car,65.93,21.1,2,0.0,0.0
003124,Car,car,8.57,175.5,1,0.83,0.912
003124,Car,car,30.97,36.2,0,0.0,0.783
003124,Pedestrian,pedestrian,29.2,42.8,0,0.0,0.621
003124,Car,car,48.86,23.0,1,0.0,0.281
003124,Car,car,39.85,28.6,1,0.0,0.75
003124,Car,car,27.78,55.3,1,0.0,0.679
003124,Car,car,52.51,21.6,1,0.0,0.537
003124,Truck,truck,59.61,45.3,2,0.0,0.359
003131,Car,car,8.01,152.7,0,0.96,0.859
003131,Car,car,9.14,163.8,1,0.0,0.938
003131,Car,car,12.45,120.8,0,0.0,0.913
003131,Car,car,20.01,74.2,1,0.0,0.715
003131,Car,car,47.68,22.7,0,0.0,0.792
003131,Car,car,26.33,49.7,2,0.0,0.728
003131,Car,car,36.94,30.5,1,0.0,0.755
003131,Car,car,58.2,20.1,1,0.0,0.653
003131,Car,car,51.6,21.9,1,0.0,0.562
003134,Pedestrian,pedestrian,11.17,146.5,1,0.0,0.88
003140,Car,car,11.4,167.5,0,0.0,0.701
003140,Pedestrian,pedestrian,20.59,65.4,1,0.0,0.124
003143,Car,car,28.08,38.2,0,0.0,0.855
003143,Car,car,14.89,87.6,0,0.0,0.899
003143,Car,car,41.28,27.1,2,0.0,0.708
003143,Truck,truck,18.88,191.0,1,0.0,0.926
003146,Car,car,15.16,95.3,0,0.0,0.901
003146,Car,car,8.43,181.3,0,0.0,0.941
003146,Car,car,13.58,97.0,2,0.0,0.798
003146,Car,car,19.8,62.9,1,0.0,0.909
003146,Pedestrian,pedestrian,22.98,64.5,2,0.0,0.0
003146,Pedestrian,pedestrian,22.81,64.5,2,0.0,0.0
003146,Car,car,19.05,59.6,2,0.0,0.82
003147,Car,car,6.28,212.8,0,0.99,0.0
003147,Car,car,7.85,197.6,0,0.64,0.933
003147,Car,car,13.27,95.0,0,0.0,0.925
003147,Pedestrian,pedestrian,26.46,59.2,2,0.0,0.0
003147,Car,car,18.75,69.5,0,0.0,0.872
003147,Car,car,24.34,50.7,2,0.0,0.0
003147,Car,car,25.01,48.6,0,0.0,0.866
003147,Car,car,30.27,38.0,2,0.0,0.703
003147,Car,car,31.14,40.6,1,0.0,0.691
003150,Van,van,45.76,33.4,2,0.0,0.19
003150,Car,car,19.41,64.3,1,0.0,0.885
003150,Car,car,15.25,92.3,0,0.0,0.598
003150,Car,car,11.65,106.9,0,0.0,0.905
003150,Truck,truck,65.16,28.3,2,0.0,0.557
003151,Car,car,48.47,23.6,0,0.0,0.428
003151,Car,car,23.92,56.8,1,0.0,0.543
003151,Car,car,14.68,82.2,0,0.0,0.889
003151,Truck,truck,47.0,60.4,1,0.0,0.543
003151,Car,car,15.96,88.2,0,0.0,0.93
003151,Car,car,42.21,28.0,1,0.0,0.774
003152,Car,car,16.56,77.0,0,0.0,0.893
003153,Car,car,27.39,43.9,0,0.0,0.867
003155,Car,car,7.18,160.5,1,0.9,0.896
003155,Pedestrian,pedestrian,22.17,66.6,0,0.0,0.866
003155,Car,car,12.07,107.8,1,0.0,0.924
003167,Car,car,44.88,28.1,1,0.0,0.732
003167,Car,car,41.08,25.1,0,0.0,0.772
003167,Car,car,23.96,52.3,2,0.0,0.632
003167,Car,car,18.92,81.1,2,0.0,0.201
003167,Car,car,26.2,38.9,2,0.0,0.788
003167,Car,car,17.15,66.2,0,0.0,0.904
003167,Car,car,12.25,118.9,0,0.0,0.926
003175,Car,car,5.86,149.0,3,0.98,0.887
003175,Van,van,31.56,68.4,3,0.0,0.723
003175,Car,car,33.89,36.6,0,0.0,0.801
003178,Van,van,6.82,315.8,0,0.98,0.6
003178,Cyclist,cyclist,17.01,82.2,0,0.0,0.739
003178,Pedestrian,pedestrian,8.86,147.7,0,0.0,0.871
003178,Car,car,20.62,70.2,3,0.51,0.0
003181,Car,car,46.9,26.7,0,0.0,0.787
003181,Car,car,32.22,42.5,1,0.0,0.729
003181,Van,van,57.09,25.4,1,0.0,0.516
003181,Car,car,56.56,21.7,0,0.0,0.625
003183,Car,car,49.82,23.6,1,0.0,0.0
003183,Car,car,62.28,17.8,0,0.0,0.74
003183,Pedestrian,pedestrian,68.63,18.8,2,0.0,0.188
003185,Pedestrian,pedestrian,9.89,142.9,0,0.0,0.86
003191,Car,car,16.17,76.4,0,0.0,0.89
003191,Car,car,24.76,48.6,1,0.0,0.837
003202,Pedestrian,pedestrian,15.07,112.1,0,0.0,0.771
003204,Car,car,8.54,175.2,0,0.32,0.905
003204,Car,car,31.14,41.1,0,0.0,0.823
003205,Car,car,5.37,200.6,0,0.66,0.949
003205,Car,car,12.4,113.1,1,0.0,0.893
003211,Car,car,9.89,175.2,0,0.73,0.835
003211,Car,car,11.25,129.8,3,0.29,0.749
003211,Van,van,13.1,134.2,2,0.0,0.653
003211,Car,car,17.04,74.6,0,0.0,0.932
003211,Car,car,28.05,39.7,0,0.0,0.891
003211,Car,car,17.99,71.4,2,0.0,0.0
003211,Car,car,20.22,61.7,2,0.0,0.0
003211,Car,car,24.69,47.4,2,0.0,0.829
003211,Car,car,37.81,29.8,1,0.0,0.681
003226,Car,car,4.64,172.1,0,1.0,0.917
003226,Car,car,32.18,37.3,0,0.0,0.762
003226,Car,car,42.73,25.6,0,0.0,0.743
003231,Car,car,8.03,218.4,0,0.44,0.882
003231,Car,car,29.35,40.4,0,0.0,0.884
003231,Car,car,13.8,95.2,2,0.0,0.876
003231,Car,car,19.39,67.7,2,0.0,0.85
003231,Car,car,24.45,49.3,2,0.0,0.0
003231,Car,car,29.84,39.8,2,0.0,0.75
003231,Car,car,56.07,19.8,0,0.0,0.683
003234,Car,car,4.11,189.1,0,1.0,0.0
003234,Car,car,40.37,29.1,0,0.0,0.855
003234,Car,car,14.39,89.5,0,0.0,0.861
003234,Car,car,19.31,62.4,2,0.0,0.842
003234,Car,car,25.12,45.8,2,0.0,0.0
003234,Car,car,30.35,38.1,2,0.0,0.621
003234,Car,car,41.74,25.9,2,0.0,0.465
003236,Car,car,6.33,159.0,1,0.98,0.0
003236,Car,car,20.28,58.7,0,0.0,0.894
003236,Car,car,5.07,181.1,1,0.91,0.933
003236,Car,car,9.97,145.7,1,0.0,0.934
003236,Car,car,15.34,83.7,2,0.0,0.906
003236,Car,car,24.77,48.5,2,0.0,0.789
003236,Car,car,20.76,58.4,2,0.0,0.749
003240,Car,car,36.96,30.8,1,0.0,0.815
003240,Car,car,33.47,38.4,0,0.0,0.792
003240,Car,car,29.74,35.6,0,0.0,0.785
003240,Car,car,21.75,55.4,1,0.0,0.693
003240,Car,car,15.72,79.8,2,0.0,0.837
003240,Car,car,13.19,106.3,2,0.0,0.837
003240,Car,car,11.41,133.3,3,0.27,0.886
003240,Car,car,8.96,234.1,3,0.63,0.886
003240,Car,car,15.01,76.5,0,0.0,0.811
003240,Car,car,6.23,167.9,0,0.57,0.919
003245,Car,car,66.5,16.4,0,0.0,0.606
003245,Car,car,61.8,17.7,0,0.0,0.759
003248,Car,car,29.37,44.8,0,0.0,0.853
003249,Pedestrian,pedestrian,15.48,78.7,0,0.0,0.824
003249,Pedestrian,pedestrian,6.75,210.3,0,0.07,0.9
003249,Pedestrian,pedestrian,9.45,143.7,0,0.0,0.824
003249,Pedestrian,pedestrian,10.1,135.0,0,0.0,0.837
003249,Pedestrian,pedestrian,14.63,101.1,0,0.0,0.826
003249,Pedestrian,pedestrian,14.81,95.7,0,0.0,0.861
003249,Pedestrian,pedestrian,13.01,98.5,1,0.0,0.841
003260,Car,car,12.57,106.3,0,0.0,0.929
003260,Car,car,40.74,26.5,0,0.0,0.537
003260,Pedestrian,pedestrian,27.72,46.2,0,0.0,0.457
003260,Cyclist,cyclist,22.81,56.2,1,0.0,0.0
003260,Car,car,46.44,26.9,1,0.0,0.681
003260,Car,car,48.71,25.8,1,0.0,0.523
003260,Van,van,52.6,33.9,1,0.29,0.799
003260,Car,car,43.17,26.9,0,0.0,0.856
003260,Car,car,49.32,25.4,1,0.0,0.791
003260,Car,car,70.69,15.4,2,0.0,0.0
003260,Car,car,71.57,15.7,0,0.0,0.615
003263,Car,car,28.39,39.2,0,0.0,0.82
003263,Car,car,30.67,36.5,0,0.0,0.765
003263,Car,car,34.97,38.9,1,0.0,0.583
003266,Car,car,12.96,99.1,0,0.0,0.932
003267,Car,car,14.74,109.5,3,0.28,0.844
003267,Car,car,17.26,98.4,2,0.0,0.844
003267,Car,car,21.94,56.2,2,0.0,0.363
003267,Car,car,24.33,51.5,2,0.0,0.383
003267,Car,car,35.36,34.2,0,0.0,0.829
003267,Car,car,40.37,28.7,2,0.0,0.014
003267,Pedestrian,pedestrian,24.66,48.3,0,0.0,0.643
003267,Pedestrian,pedestrian,25.24,34.4,2,0.0,0.0
003286,Car,car,26.37,47.6,0,0.0,0.836
003286,Car,car,38.01,29.4,0,0.0,0.863
003286,Car,car,71.37,15.7,0,0.0,0.0
003286,Pedestrian,pedestrian,53.92,23.3,0,0.0,0.17
003286,Car,car,71.94,18.0,1,0.0,0.56
003286,Van,van,74.73,21.8,1,0.0,0.026
003291,Van,van,15.93,114.0,0,0.0,0.649
003291,Car,car,13.77,104.2,1,0.0,0.813
003291,Car,car,19.56,73.1,2,0.0,0.873
003291,Car,car,47.19,29.2,0,0.0,0.802
003291,Car,car,31.67,40.7,1,0.0,0.764
003295,Pedestrian,pedestrian,10.29,150.6,0,0.0,0.822
003302,Car,car,46.74,26.8,0,0.0,0.765
003302,Car,car,19.3,70.0,0,0.0,0.865
003302,Car,car,16.84,100.7,1,0.21,0.918
003302,Car,car,35.57,38.3,1,0.0,0.766
003302,Cyclist,cyclist,24.98,51.3,0,0.0,0.375
003302,Pedestrian,pedestrian,26.56,44.9,0,0.0,0.232
003304,Car,car,21.75,57.9,1,0.0,0.843
003304,Car,car,6.62,156.5,0,0.74,0.896
003304,Car,car,16.61,80.7,0,0.0,0.912
003304,Car,car,19.43,84.4,2,0.0,0.844
003304,Car,car,26.61,50.2,1,0.0,0.633
003304,Car,car,16.08,84.0,1,0.0,0.885
003304,Car,car,25.01,52.9,0,0.0,0.835
003304,Car,car,37.66,32.0,1,0.0,0.797
003304,Car,car,37.45,44.2,2,0.0,0.0
003304,Car,car,40.16,35.8,2,0.0,0.18
003304,Van,van,32.62,64.9,3,0.78,0.421
003317,Car,car,9.43,148.8,0,0.0,0.913
003317,Car,car,18.35,79.6,2,0.0,0.607
003317,Car,car,9.0,171.3,0,0.0,0.939
003317,Car,car,14.59,89.9,1,0.0,0.907
003317,Car,car,20.29,61.2,1,0.0,0.806
003317,Car,car,49.77,32.2,1,0.0,0.67
003317,Car,car,47.01,26.1,1,0.0,0.446
003317,Car,car,48.06,26.6,1,0.0,0.816
003317,Car,car,40.52,29.9,2,0.0,0.0
003317,Car,car,28.14,38.4,2,0.0,0.628
003320,Car,car,10.9,152.3,1,0.83,0.879
003320,Car,car,12.27,129.5,1,0.0,0.703
003320,Van,van,14.87,112.6,2,0.0,0.703
003320,Car,car,7.3,185.0,0,0.79,0.801
003320,Car,car,12.41,128.3,1,0.0,0.889
003320,Truck,truck,29.43,106.1,1,0.0,0.882
003325,Car,car,17.2,67.5,0,0.0,0.857
003325,Car,car,22.77,52.9,0,0.0,0.869
003325,Car,car,22.85,52.6,2,0.0,0.621
003325,Car,car,35.61,32.6,1,0.0,0.798
003325,Car,car,55.98,19.7,1,0.0,0.684
003342,Car,car,38.95,28.3,0,0.0,0.812
003342,Car,car,17.21,72.4,1,0.0,0.74
003342,Car,car,19.72,60.2,2,0.0,0.74
003342,Car,car,27.12,43.1,1,0.0,0.737
003342,Car,car,22.01,55.8,2,0.0,0.74
003347,Car,car,57.85,21.5,0,0.0,0.688
003347,Truck,truck,76.81,29.4,0,0.0,0.423
003347,Car,car,41.9,30.1,1,0.0,0.686
003347,Van,van,52.04,33.8,2,0.0,0.686
003352,Van,van,11.43,175.0,1,0.0,0.398
003352,Car,car,19.23,76.6,2,0.0,0.769
003352,Car,car,34.78,38.1,1,0.0,0.75
003352,Car,car,40.5,29.3,0,0.0,0.826
003352,Car,car,51.24,24.3,0,0.0,0.712
003357,Car,car,3.51,170.7,0,1.0,0.867
003357,Car,car,5.55,173.4,0,0.75,0.804
003357,Van,van,7.37,235.2,1,0.16,0.817
003357,Car,car,16.02,79.1,0,0.0,0.874
003357,Car,car,25.54,45.0,0,0.0,0.909
003357,Car,car,42.7,27.4,0,0.0,0.835
003357,Car,car,38.41,30.2,2,0.0,0.752
003365,Car,car,47.32,26.5,0,0.0,0.809
003365,Tram,tram,63.76,61.3,0,0.0,0.736
003368,Car,car,4.61,167.7,0,0.96,0.942
003368,Cyclist,cyclist,21.14,69.9,1,0.0,0.0
003368,Car,car,25.5,44.7,0,0.0,0.895
003368,Car,car,48.57,26.7,0,0.0,0.863
003370,Car,car,11.54,170.7,1,0.55,0.919
003370,Car,car,17.62,93.0,1,0.0,0.606
003370,Car,car,20.31,66.0,2,0.0,0.606
003370,Car,car,23.55,54.8,2,0.0,0.0
003370,Car,car,39.62,32.5,0,0.0,0.819
003376,Car,car,50.61,25.6,0,0.0,0.696
003391,Car,car,19.38,61.8,0,0.0,0.899
003391,Car,car,51.57,21.0,0,0.0,0.693
003391,Pedestrian,pedestrian,35.29,35.9,0,0.0,0.0
003391,Cyclist,cyclist,29.64,41.9,1,0.0,0.0
003391,Car,car,53.94,23.8,1,0.0,0.162
003391,Van,van,59.14,29.9,1,0.0,0.704
003391,Car,car,51.96,22.2,0,0.0,0.527
003391,Car,car,77.99,13.9,0,0.0,0.419
003391,Car,car,78.73,14.2,0,0.0,0.448
003394,Car,car,6.82,161.8,0,0.7,0.915
003394,Car,car,11.01,128.2,1,0.0,0.909
003394,Car,car,6.12,190.0,0,0.68,0.942
003394,Car,car,11.19,119.1,1,0.0,0.897
003394,Car,car,22.11,87.5,2,0.0,0.016
003394,Car,car,32.39,36.1,0,0.0,0.845
003394,Car,car,47.13,22.4,0,0.0,0.831
003394,Car,car,62.17,18.9,1,0.0,0.774
003394,Cyclist,cyclist,48.7,25.2,0,0.0,0.451
003396,Car,car,19.3,67.0,0,0.0,0.866
003396,Truck,truck,3.94,375.0,0,1.0,0.914
003396,Car,car,12.55,100.7,1,0.0,0.566
003396,Car,car,19.2,63.3,1,0.0,0.809
003396,Car,car,22.8,57.9,2,0.0,0.0
003396,Car,car,26.01,50.1,1,0.0,0.641
003396,Car,car,34.32,38.3,2,0.0,0.012
003396,Car,car,35.51,35.9,1,0.0,0.669
003397,Car,car,34.01,28.6,0,0.0,0.756
003397,Car,car,45.03,23.3,0,0.0,0.811
003397,Van,van,57.47,29.9,2,0.0,0.025
003398,Car,car,31.1,51.2,1,0.1,0.063
003398,Car,car,28.81,48.8,1,0.0,0.0
003398,Car,car,27.86,52.5,1,0.0,0.0
003398,Car,car,36.84,30.3,1,0.0,0.593
003398,Cyclist,cyclist,16.77,78.9,0,0.0,0.0
003398,Cyclist,cyclist,17.81,77.5,0,0.0,0.0
003398,Cyclist,cyclist,34.28,37.4,0,0.0,0.392
003398,Pedestrian,pedestrian,34.82,47.4,0,0.0,0.696
003398,Pedestrian,pedestrian,19.26,86.2,0,0.0,0.815
003398,Pedestrian,pedestrian,27.83,55.5,0,0.0,0.802
003398,Pedestrian,pedestrian,28.17,56.3,0,0.0,0.628
003398,Pedestrian,pedestrian,10.05,142.9,0,0.0,0.863
003398,Pedestrian,pedestrian,10.61,135.0,0,0.0,0.852
003398,Pedestrian,pedestrian,9.41,157.3,1,0.0,0.618
003398,Pedestrian,pedestrian,6.84,215.2,0,0.15,0.742
003398,Pedestrian,pedestrian,7.51,221.2,1,0.04,0.742
003398,Pedestrian,pedestrian,8.36,191.4,1,0.0,0.742
003398,Pedestrian,pedestrian,8.36,171.8,0,0.0,0.618
003400,Car,car,38.41,28.5,0,0.0,0.719
003401,Car,car,44.91,21.3,0,0.0,0.648
003401,Car,car,54.5,19.1,0,0.0,0.769
003401,Van,van,81.4,20.8,2,0.0,0.137
003404,Car,car,4.61,167.6,0,0.96,0.94
003404,Cyclist,cyclist,21.12,70.0,1,0.0,0.0
003404,Car,car,28.32,49.3,1,0.0,0.701
003404,Car,car,37.03,30.0,0,0.0,0.844
003404,Car,car,30.97,46.1,1,0.0,0.783
003414,Car,car,27.97,42.6,1,0.0,0.873
003416,Car,car,13.17,91.6,1,0.0,0.893
003416,Car,car,8.93,161.0,1,0.22,0.935
003416,Car,car,11.92,127.8,2,0.0,0.826
003416,Car,car,23.27,49.8,1,0.0,0.602
003416,Car,car,28.42,38.3,2,0.0,0.543
003417,Car,car,9.99,145.3,0,0.0,0.922
003417,Car,car,24.08,44.8,0,0.0,0.869
003417,Van,van,19.86,115.5,1,0.0,0.728
003417,Car,car,37.95,30.7,2,0.0,0.0
003417,Car,car,33.0,33.6,2,0.0,0.761
003417,Pedestrian,pedestrian,16.43,82.2,2,0.0,0.267
003420,Car,car,9.03,177.7,0,0.05,0.681
003422,Car,car,23.85,65.6,3,0.89,0.0
003422,Car,car,47.54,23.4,0,0.0,0.858
003422,Car,car,75.8,16.1,0,0.0,0.752
003422,Tram,tram,86.44,31.1,3,0.0,0.632
003422,Cyclist,cyclist,46.23,28.0,3,0.0,0.549
003423,Car,car,4.39,235.0,0,0.99,0.749
003423,Car,car,11.23,129.7,0,0.0,0.897
003423,Car,car,26.92,50.2,0,0.0,0.759
003423,Car,car,37.52,30.9,1,0.0,0.683
003423,Car,car,52.2,22.5,1,0.0,0.71
003426,Car,car,4.61,169.0,0,0.96,0.941
003426,Cyclist,cyclist,21.26,69.5,1,0.0,0.0
003426,Pedestrian,pedestrian,13.39,106.0,1,0.0,0.84
003426,Pedestrian,pedestrian,12.95,104.4,0,0.0,0.776
003426,Car,car,32.98,34.3,0,0.0,0.9
003435,Pedestrian,pedestrian,9.07,145.3,0,0.0,0.901
003438,Van,van,14.67,159.3,0,0.0,0.48
003438,Cyclist,cyclist,20.75,66.8,0,0.0,0.739
003438,Pedestrian,pedestrian,13.16,120.4,0,0.0,0.862
003438,Person_sitting,pedestrian,12.44,92.2,0,0.0,0.766
003438,Person_sitting,pedestrian,13.7,77.2,1,0.0,0.0
003438,Pedestrian,pedestrian,18.97,62.0,0,0.0,0.794
003438,Pedestrian,pedestrian,17.83,90.5,0,0.0,0.798
003438,Pedestrian,pedestrian,18.45,74.8,1,0.0,0.793
003438,Car,car,28.85,41.7,2,0.0,0.0
003441,Car,car,23.95,45.4,0,0.0,0.881
003441,Car,car,11.35,153.8,1,0.0,0.855
003441,Car,car,14.44,113.3,2,0.0,0.0
003441,Car,car,21.71,56.5,2,0.0,0.0
003441,Car,car,24.46,58.5,2,0.0,0.583
003441,Car,car,31.29,35.6,2,0.0,0.583
003441,Van,van,27.51,70.8,3,0.0,0.793
003441,Car,car,37.17,31.3,2,0.0,0.086
003441,Truck,truck,22.39,134.9,3,0.72,0.543
003442,Van,van,5.78,357.3,0,0.81,0.876
003442,Pedestrian,pedestrian,16.82,75.6,0,0.0,0.867
003442,Cyclist,cyclist,18.24,72.4,1,0.0,0.669
003442,Cyclist,cyclist,25.35,53.9,0,0.0,0.613
003442,Car,car,18.25,69.7,0,0.0,0.905
003442,Car,car,23.29,59.6,2,0.0,0.817
003442,Car,car,28.7,50.4,2,0.0,0.817
003442,Pedestrian,pedestrian,49.54,27.9,0,0.0,0.423
003442,Pedestrian,pedestrian,50.05,27.2,1,0.0,0.438
003442,Car,car,60.42,23.2,0,0.0,0.537
003442,Car,car,37.99,30.5,2,0.0,0.035
003442,Car,car,20.58,62.8,2,0.0,0.039
003445,Car,car,32.67,34.4,0,0.0,0.826
003454,Cyclist,cyclist,16.65,87.5,3,0.0,0.0
003454,Cyclist,cyclist,3.65,198.2,3,0.7,0.91
003454,Cyclist,cyclist,15.47,83.4,3,0.0,0.684
003454,Pedestrian,pedestrian,30.03,52.1,1,0.0,0.0
003454,Pedestrian,pedestrian,29.1,45.1,1,0.0,0.0
003454,Cyclist,cyclist,35.06,38.5,1,0.0,0.0
003454,Pedestrian,pedestrian,28.85,47.8,1,0.0,0.058
003454,Pedestrian,pedestrian,29.99,40.4,1,0.0,0.178
003454,Pedestrian,pedestrian,31.78,40.2,1,0.0,0.183
003454,Pedestrian,pedestrian,31.92,40.2,2,0.0,0.02
003457,Car,car,10.21,147.1,0,0.0,0.918
003457,Car,car,16.12,81.5,1,0.0,0.866
003457,Car,car,21.6,54.1,1,0.0,0.853
003457,Car,car,49.48,28.3,1,0.0,0.593
003458,Car,car,25.82,41.9,0,0.0,0.847
003458,Car,car,12.91,105.0,0,0.0,0.935
003458,Car,car,38.45,29.3,1,0.0,0.846
003458,Truck,truck,17.12,223.2,1,0.0,0.924
003462,Car,car,40.05,26.2,0,0.0,0.791
003462,Car,car,26.35,45.3,0,0.0,0.832
003462,Car,car,9.46,182.1,0,0.0,0.892
003462,Truck,truck,29.28,105.1,1,0.0,0.89
003462,Car,car,39.51,31.3,2,0.0,0.0
003465,Car,car,4.75,155.1,0,0.98,0.937
003465,Pedestrian,pedestrian,13.99,95.1,0,0.0,0.807
003465,Car,car,34.26,33.6,1,0.0,0.407
003465,Car,car,16.07,81.8,0,0.0,0.899
003465,Car,car,37.69,30.6,0,0.0,0.835
003465,Truck,truck,52.15,58.4,2,0.0,0.095
003465,Car,car,29.76,46.6,1,0.0,0.837
003467,Car,car,8.4,181.3,0,0.14,0.949
003467,Van,van,24.74,67.2,0,0.0,0.742
003475,Car,car,11.42,126.0,0,0.0,0.909
003486,Car,car,48.01,24.7,0,0.0,0.693
003486,Car,car,9.16,208.7,0,0.88,0.58
003486,Car,car,11.15,132.3,0,0.0,0.918
003486,Car,car,30.02,39.7,0,0.0,0.822
003486,Car,car,15.8,110.9,2,0.0,0.625
003489,Car,car,5.0,172.3,0,0.92,0.933
003489,Pedestrian,pedestrian,10.49,135.7,0,0.0,0.891
003489,Pedestrian,pedestrian,9.15,142.3,0,0.0,0.882
003489,Pedestrian,pedestrian,8.46,158.4,0,0.0,0.882
003489,Cyclist,cyclist,21.84,67.2,2,0.0,0.0
003489,Pedestrian,pedestrian,15.16,99.7,2,0.0,0.0
003489,Pedestrian,pedestrian,14.76,98.4,2,0.0,0.0
003489,Cyclist,cyclist,11.2,113.6,0,0.0,0.862
003489,Car,car,45.88,24.2,0,0.0,0.858
003490,Car,car,10.57,168.9,1,0.11,0.784
003490,Cyclist,cyclist,7.79,207.9,0,0.0,0.797
003490,Pedestrian,pedestrian,18.06,82.9,0,0.0,0.832
003490,Car,car,27.97,40.9,0,0.0,0.873
003490,Car,car,29.74,40.0,1,0.0,0.822
003490,Car,car,68.38,19.3,0,0.0,0.813
003492,Tram,tram,22.35,157.2,1,0.08,0.379
003492,Tram,tram,23.23,117.1,2,0.0,0.0
003492,Tram,tram,25.29,117.2,2,0.0,0.0
003492,Tram,tram,28.1,104.5,2,0.0,0.0
003492,Tram,tram,33.55,100.7,2,0.0,0.0
003492,Pedestrian,pedestrian,8.6,152.3,0,0.0,0.869
003494,Car,car,49.35,23.7,0,0.0,0.477
003494,Car,car,8.0,176.4,0,0.11,0.918
003494,Car,car,3.86,195.3,0,0.99,0.923
003494,Car,car,7.21,203.8,1,0.12,0.893
003494,Car,car,16.65,75.5,0,0.0,0.917
003494,Car,car,31.84,36.5,2,0.0,0.722
003494,Car,car,21.71,58.4,2,0.0,0.694
003494,Car,car,38.38,32.1,2,0.0,0.03
003494,Car,car,40.53,33.5,1,0.0,0.494
003494,Car,car,50.27,22.6,2,0.0,0.0
003494,Pedestrian,pedestrian,9.87,151.6,2,0.0,0.0
003497,Car,car,8.14,183.7,0,0.0,0.927
003497,Van,van,4.54,374.0,1,1.0,0.607
003497,Car,car,21.71,56.0,1,0.0,0.893
003497,Car,car,16.76,72.3,1,0.0,0.937
003497,Car,car,9.48,161.7,1,0.0,0.0
003497,Car,car,38.38,27.5,1,0.0,0.791
003497,Van,van,72.86,27.1,2,0.0,0.0
003500,Car,car,9.74,143.9,0,0.0,0.895
003500,Car,car,7.39,207.1,0,0.37,0.903
003500,Car,car,24.16,51.4,0,0.0,0.852
003500,Car,car,34.89,33.5,2,0.0,0.0
003500,Car,car,41.35,25.6,2,0.0,0.446
003500,Car,car,15.38,102.6,0,0.84,0.886
003500,Car,car,77.5,14.0,2,0.0,0.521
003500,Car,car,20.83,63.9,0,0.0,0.903
003500,Car,car,35.87,33.0,1,0.0,0.866
003500,Car,car,41.88,34.1,1,0.0,0.756
003500,Car,car,52.0,23.1,1,0.0,0.703
003500,Car,car,64.1,16.8,0,0.0,0.249
003500,Car,car,35.93,34.0,1,0.0,0.743
003500,Car,car,48.67,25.4,2,0.0,0.01
003504,Car,car,14.46,115.6,3,0.17,0.918
003504,Car,car,18.53,76.9,0,0.0,0.922
003508,Car,car,29.03,41.8,0,0.0,0.783
003508,Car,car,8.01,212.4,0,0.1,0.904
003508,Car,car,11.45,124.7,2,0.0,0.012
003508,Car,car,14.76,96.2,2,0.0,0.768
003508,Car,car,18.42,67.4,2,0.0,0.732
003508,Car,car,21.9,52.6,2,0.0,0.0
003508,Car,car,68.42,15.2,1,0.0,0.639
003508,Car,car,35.08,31.1,0,0.0,0.781
003508,Car,car,32.4,35.7,1,0.0,0.686
003508,Car,car,38.97,27.5,2,0.0,0.686
003508,Van,van,53.64,26.5,2,0.0,0.023
003508,Car,car,60.22,21.3,2,0.0,0.166
003508,Car,car,68.96,16.2,1,0.0,0.411
003527,Car,car,4.61,168.5,0,0.96,0.941
003527,Cyclist,cyclist,21.21,69.7,1,0.0,0.0
003527,Car,car,28.12,48.5,1,0.0,0.843
003531,Car,car,11.14,152.4,3,0.9,0.0
003531,Car,car,12.98,116.5,0,0.0,0.916
003531,Car,car,6.58,190.0,0,0.53,0.947
003531,Car,car,11.76,123.4,1,0.0,0.896
003531,Car,car,18.32,71.6,1,0.0,0.9
003531,Car,car,21.33,55.3,1,0.0,0.852
003531,Car,car,27.17,45.0,1,0.0,0.844
003531,Car,car,27.06,43.1,2,0.0,0.564
003531,Car,car,41.98,28.6,1,0.0,0.602
003531,Car,car,35.53,32.8,1,0.0,0.651
003531,Car,car,65.85,17.0,0,0.0,0.444
003532,Truck,truck,41.61,70.7,0,0.0,0.646
003532,Car,car,47.34,27.5,0,0.0,0.857
003532,Car,car,66.17,23.3,0,0.0,0.765
003536,Car,car,71.06,15.0,0,0.0,0.732
003536,Truck,truck,26.08,142.5,0,0.71,0.771
003555,Car,car,12.65,127.3,0,0.87,0.541
003555,Car,car,22.4,58.9,0,0.0,0.867
003555,Car,car,47.72,21.3,0,0.0,0.736
003555,Car,car,27.08,45.6,2,0.0,0.615
003555,Car,car,32.55,32.9,1,0.0,0.731
003555,Car,car,39.34,28.6,1,0.0,0.732
003555,Car,car,49.75,20.9,0,0.0,0.774
003555,Pedestrian,pedestrian,12.19,119.6,0,0.0,0.813
003555,Pedestrian,pedestrian,12.81,82.6,2,0.0,0.0
003556,Car,car,37.26,30.9,0,0.0,0.867
003556,Car,car,44.65,24.8,0,0.0,0.815
003556,Pedestrian,pedestrian,60.81,20.6,0,0.0,0.44
003556,Car,car,78.16,16.6,1,0.0,0.19
003562,Car,car,69.25,13.6,0,0.0,0.689
003562,Car,car,25.9,50.6,0,0.0,0.898
003562,Car,car,59.02,19.1,0,0.0,0.712
003565,Car,car,2.77,181.6,0,1.0,0.677
003565,Car,car,5.15,175.0,0,0.72,0.879
003565,Car,car,6.96,179.9,1,0.27,0.924
003565,Car,car,11.78,111.4,1,0.0,0.888
003565,Car,car,11.5,120.5,1,0.0,0.899
003565,Car,car,16.41,76.8,2,0.0,0.88
003565,Car,car,27.0,45.9,0,0.0,0.819
003565,Car,car,32.44,45.8,1,0.0,0.424
003565,Car,car,38.4,36.6,1,0.0,0.506
003567,Truck,truck,37.43,80.1,0,0.0,0.823
003567,Car,car,37.97,34.9,0,0.81,0.607
003567,Car,car,42.78,36.2,1,0.0,0.583
003567,Car,car,47.12,28.8,1,0.0,0.819
003567,Car,car,52.37,28.1,1,0.0,0.736
003567,Car,car,58.63,22.2,2,0.0,0.619
003572,Van,van,65.37,23.8,0,0.0,0.541
003572,Car,car,47.03,24.3,0,0.0,0.734
003589,Pedestrian,pedestrian,6.89,184.7,0,0.0,0.753
003589,Pedestrian,pedestrian,6.99,196.8,0,0.0,0.841
003589,Pedestrian,pedestrian,12.02,121.6,0,0.0,0.887
003589,Pedestrian,pedestrian,12.09,124.8,1,0.0,0.857
003589,Cyclist,cyclist,15.3,76.6,0,0.0,0.576
003589,Cyclist,cyclist,17.33,77.4,0,0.0,0.779
003589,Pedestrian,pedestrian,11.37,114.7,2,0.0,0.762
003598,Car,car,6.05,183.4,0,0.86,0.939
003598,Car,car,26.01,46.6,0,0.0,0.856
003598,Car,car,50.36,22.1,0,0.0,0.693
003598,Car,car,74.5,20.1,1,0.0,0.764
003598,Car,car,30.12,42.4,0,0.0,0.811
003605,Car,car,16.22,88.0,0,0.0,0.9
003605,Car,car,21.31,57.6,1,0.0,0.851
003605,Car,car,26.1,45.2,2,0.0,0.755
003605,Car,car,31.88,35.6,2,0.0,0.833
003605,Car,car,28.57,46.2,0,0.0,0.882
003605,Car,car,33.15,39.7,2,0.0,0.11
003605,Car,car,34.9,44.5,0,0.53,0.486
003605,Car,car,37.03,44.0,3,0.14,0.038
003605,Car,car,39.69,37.2,2,0.0,0.0
003605,Car,car,41.69,35.3,2,0.0,0.0
003605,Car,car,39.4,28.5,1,0.0,0.815
003605,Car,car,33.37,34.4,2,0.0,0.473
003609,Car,car,9.33,177.6,0,0.12,0.948
003609,Car,car,4.88,169.6,1,0.98,0.931
003609,Car,car,14.42,91.6,1,0.0,0.863
003609,Car,car,9.42,160.4,1,0.0,0.935
003609,Car,car,19.63,61.3,1,0.0,0.857
003609,Car,car,14.33,92.7,1,0.0,0.872
003609,Car,car,35.11,31.9,0,0.0,0.714
003609,Car,car,19.26,64.1,2,0.0,0.834
003609,Car,car,24.74,48.5,2,0.0,0.834
003609,Car,car,30.25,38.8,2,0.0,0.753
003614,Car,car,33.33,37.3,0,0.0,0.842
003614,Car,car,51.89,20.1,0,0.0,0.801
003614,Car,car,74.6,14.1,0,0.0,0.703
003615,Cyclist,cyclist,13.44,99.9,0,0.0,0.869
003615,Car,car,32.67,35.6,0,0.0,0.871
003615,Car,car,48.7,26.6,2,0.0,0.174
003619,Car,car,25.28,49.6,0,0.0,0.802
003619,Car,car,36.11,30.8,0,0.0,0.809
003619,Car,car,46.95,23.8,0,0.0,0.794
003619,Cyclist,cyclist,29.04,49.3,0,0.0,0.606
003623,Car,car,31.0,41.0,0,0.0,0.783
003626,Car,car,25.15,49.9,0,0.0,0.796
003626,Car,car,42.13,25.9,0,0.0,0.804
003626,Car,car,53.86,20.7,0,0.0,0.799
003626,Cyclist,cyclist,32.6,42.6,0,0.0,0.015
003637,Truck,truck,28.74,109.7,0,0.0,0.883
003637,Car,car,37.64,38.5,0,0.23,0.846
003637,Car,car,41.43,35.2,1,0.0,0.801
003638,Car,car,23.81,78.6,0,0.0,0.635
003638,Car,car,31.66,44.6,0,0.0,0.86
003638,Car,car,40.65,28.5,0,0.0,0.793
003638,Tram,tram,86.6,32.8,0,0.0,0.438
003638,Car,car,47.17,29.3,1,0.0,0.771
003641,Car,car,6.66,182.8,0,0.66,0.907
003641,Car,car,26.2,44.4,1,0.0,0.558
003641,Pedestrian,pedestrian,21.45,60.8,0,0.0,0.557
003641,Cyclist,cyclist,16.98,80.3,1,0.0,0.097
003641,Car,car,36.9,33.0,0,0.0,0.886
003641,Car,car,41.31,28.9,1,0.0,0.843
003641,Van,van,44.89,38.8,1,0.0,0.0
003641,Car,car,38.73,29.5,0,0.0,0.806
003641,Car,car,39.23,32.1,0,0.0,0.898
003641,Car,car,65.42,16.7,1,0.0,0.451
003641,Car,car,65.44,17.2,2,0.0,0.0
003642,Car,car,21.19,51.1,0,0.0,0.887
003642,Car,car,9.47,160.5,0,0.0,0.923
003642,Car,car,13.3,101.1,2,0.0,0.58
003642,Car,car,22.2,50.2,1,0.0,0.906
003642,Car,car,30.32,37.3,2,0.0,0.0
003642,Car,car,33.21,33.1,2,0.0,0.0
003642,Van,van,53.91,30.9,3,0.0,0.116
003642,Car,car,11.71,138.7,0,0.0,0.918
003642,Pedestrian,pedestrian,12.66,94.0,0,0.0,0.765
003642,Car,car,18.14,65.3,2,0.0,0.361
003642,Car,car,23.32,47.4,2,0.0,0.772
003642,Car,car,28.61,47.7,2,0.0,0.758
003642,Pedestrian,pedestrian,40.7,29.2,1,0.0,0.228
003642,Car,car,13.37,109.8,3,0.48,0.882
003642,Car,car,34.8,33.5,2,0.0,0.0
003642,Car,car,17.51,73.1,2,0.0,0.0
003642,Van,van,42.95,47.9,3,0.0,0.0
003643,Car,car,10.93,128.9,0,0.0,0.909
003643,Cyclist,cyclist,63.03,21.8,0,0.0,0.104
003643,Cyclist,cyclist,11.13,154.5,3,0.0,0.875
003643,Tram,tram,4.95,374.0,3,1.0,0.803
003645,Car,car,50.14,24.9,0,0.0,0.619
003645,Truck,truck,74.74,30.3,0,0.0,0.461
003645,Car,car,57.0,19.4,0,0.0,0.759
003648,Car,car,4.66,176.8,0,1.0,0.0
003648,Car,car,9.47,154.6,1,0.0,0.934
003648,Car,car,10.3,150.7,0,0.0,0.928
003648,Car,car,16.72,89.0,1,0.0,0.789
003648,Car,car,23.23,55.5,0,0.0,0.835
003648,Car,car,17.49,77.8,1,0.0,0.87
003648,Car,car,22.8,55.0,1,0.0,0.415
003648,Car,car,33.72,35.5,0,0.0,0.851
003648,Truck,truck,74.73,38.9,3,0.0,0.045
003654,Car,car,21.98,55.0,0,0.0,0.801
003656,Truck,truck,36.47,82.7,0,0.0,0.859
003656,Car,car,41.44,36.0,0,0.35,0.87
003656,Car,car,46.75,34.0,1,0.0,0.776
003656,Car,car,52.7,26.1,1,0.0,0.606
003656,Car,car,56.54,23.9,1,0.0,0.587
003656,Car,car,62.12,23.1,1,0.0,0.254
003659,Car,car,41.28,29.6,0,0.0,0.831
003659,Car,car,12.89,111.6,1,0.73,0.874
003659,Car,car,10.53,151.9,0,0.0,0.925
003659,Car,car,21.08,64.8,1,0.0,0.832
003659,Car,car,26.72,47.1,1,0.0,0.693
003659,Van,van,22.72,103.1,0,0.0,0.693
003659,Car,car,34.24,32.6,1,0.0,0.679
003659,Car,car,45.54,24.2,1,0.0,0.679
003659,Car,car,23.2,63.4,2,0.0,0.0
003664,Car,car,22.97,58.1,0,0.0,0.876
003664,Car,car,35.85,31.3,0,0.0,0.869
003664,Car,car,69.34,16.1,0,0.0,0.18
003664,Pedestrian,pedestrian,51.74,24.3,0,0.0,0.179
003664,Car,car,70.0,18.6,1,0.0,0.417
003664,Van,van,72.94,22.4,1,0.0,0.173
003669,Car,car,57.84,19.1,2,0.0,0.0
003669,Car,car,31.57,36.5,0,0.0,0.865
003669,Car,car,25.0,49.3,0,0.0,0.848
003669,Car,car,40.46,33.5,2,0.0,0.0
003671,Car,car,34.4,32.5,1,0.0,0.889
003671,Car,car,56.4,19.8,2,0.0,0.48
003674,Car,car,3.83,167.6,0,0.96,0.929
003674,Car,car,5.51,176.9,0,0.63,0.93
003674,Car,car,10.25,133.4,1,0.0,0.881
003674,Car,car,9.98,144.4,1,0.0,0.887
003674,Car,car,14.83,86.9,1,0.0,0.856
003674,Car,car,25.42,48.9,0,0.0,0.745
003674,Car,car,30.87,48.3,1,0.0,0.494
003674,Car,car,36.81,38.3,1,0.0,0.498
003674,Car,car,52.26,22.0,0,0.0,0.568
003677,Car,car,7.16,173.5,0,0.91,0.886
003677,Cyclist,cyclist,13.36,113.3,0,0.0,0.227
003677,Cyclist,cyclist,13.66,102.4,0,0.0,0.799
003677,Car,car,22.07,58.3,2,0.0,0.227
003677,Cyclist,cyclist,27.32,49.3,0,0.0,0.441
003677,Car,car,40.51,27.6,1,0.0,0.202
003677,Car,car,42.15,27.5,1,0.0,0.635
003677,Car,car,3.03,215.0,0,1.0,0.0
003678,Truck,truck,5.74,374.0,0,1.0,0.948
003678,Cyclist,cyclist,26.4,54.1,1,0.0,0.0
003678,Car,car,53.24,22.2,0,0.0,0.84
003691,Car,car,5.79,174.0,0,0.74,0.936
003691,Car,car,7.12,166.9,0,0.59,0.919
003691,Car,car,12.22,113.7,1,0.0,0.893
003691,Car,car,16.76,74.6,1,0.0,0.869
003691,Car,car,11.78,120.1,1,0.0,0.9
003691,Car,car,17.02,73.0,1,0.0,0.521
003691,Car,car,27.2,64.9,2,0.0,0.018
003691,Car,car,38.34,30.5,0,0.0,0.677
003691,Car,car,52.98,20.2,0,0.0,0.799
003691,Car,car,68.21,17.4,1,0.0,0.521
003691,Cyclist,cyclist,58.35,21.0,0,0.0,0.0
003699,Car,car,54.99,19.1,0,0.0,0.771
003699,Car,car,48.89,24.8,1,0.0,0.772
003710,Car,car,14.49,85.1,0,0.0,0.897
003710,Car,car,5.5,212.9,0,0.9,0.926
003710,Car,car,30.31,42.2,1,0.75,0.841
003714,Car,car,4.32,151.8,0,1.0,0.0
003714,Car,car,36.03,32.4,0,0.0,0.84
003716,Car,car,23.14,54.0,0,0.0,0.866
003716,Car,car,24.34,56.9,1,0.0,0.765
003716,Van,van,15.32,120.5,0,0.0,0.595
003716,Car,car,21.82,66.8,0,0.65,0.859
003719,Car,car,9.28,172.0,1,0.35,0.935
003719,Car,car,4.37,173.7,1,0.99,0.912
003719,Car,car,24.11,48.2,0,0.0,0.897
003719,Car,car,8.47,184.0,1,0.0,0.928
003719,Car,car,13.75,95.6,2,0.0,0.859
003719,Car,car,19.21,64.2,2,0.0,0.651
003719,Car,car,28.67,41.2,2,0.0,0.821
003719,Car,car,24.67,48.2,2,0.0,0.651
003724,Car,car,43.25,30.3,0,0.0,0.709
003731,Car,car,5.53,178.1,0,0.79,0.936
003731,Car,car,10.51,174.3,1,0.0,0.863
003731,Car,car,16.29,95.3,1,0.0,0.753
003731,Car,car,31.68,37.6,0,0.0,0.774
003731,Car,car,37.95,32.1,1,0.0,0.78
003731,Car,car,43.25,26.2,1,0.0,0.723
003732,Car,car,5.58,177.6,0,0.71,0.906
003732,Car,car,14.95,79.5,0,0.0,0.878
003732,Car,car,23.38,52.2,0,0.0,0.844
003732,Car,car,29.02,41.8,0,0.0,0.781
003732,Car,car,10.31,162.8,3,0.43,0.906
003732,Car,car,37.49,34.6,2,0.0,0.613
003733,Car,car,21.42,55.6,0,0.0,0.881
003733,Car,car,66.84,22.3,0,0.0,0.56
003751,Car,car,33.57,38.1,0,0.0,0.749
003751,Tram,tram,56.52,54.2,0,0.0,0.728
003751,Car,car,21.27,75.7,3,0.16,0.921
003751,Car,car,35.83,35.8,0,0.0,0.813
003754,Car,car,24.07,51.1,0,0.0,0.877
003754,Car,car,58.87,19.2,0,0.0,0.759
003755,Car,car,7.08,193.6,0,0.26,0.95
003755,Car,car,13.47,97.8,0,0.0,0.907
003755,Car,car,13.62,95.8,1,0.0,0.893
003755,Car,car,19.52,65.1,2,0.0,0.619
003755,Car,car,18.96,64.9,2,0.0,0.853
003755,Car,car,28.07,40.4,2,0.0,0.71
003755,Car,car,33.1,32.7,1,0.0,0.788
003755,Car,car,53.01,21.6,1,0.0,0.347
003755,Van,van,65.18,27.8,2,0.0,0.361
003757,Car,car,40.15,38.5,0,0.0,0.866
003757,Car,car,49.79,25.5,0,0.0,0.821
003757,Car,car,33.58,37.8,0,0.0,0.821
003759,Pedestrian,pedestrian,8.31,155.1,0,0.0,0.893
003759,Pedestrian,pedestrian,8.75,161.7,0,0.0,0.863
003759,Pedestrian,pedestrian,12.18,108.9,0,0.0,0.843
003759,Cyclist,cyclist,19.73,64.5,0,0.0,0.704
003759,Cyclist,cyclist,26.95,50.5,0,0.0,0.66
003759,Pedestrian,pedestrian,31.0,36.5,0,0.0,0.621
003759,Pedestrian,pedestrian,30.8,38.5,0,0.0,0.641
003772,Car,car,13.04,141.8,0,0.74,0.913
003772,Car,car,15.39,91.4,3,0.1,0.89
003772,Car,car,17.34,87.4,2,0.0,0.759
003772,Car,car,19.83,70.0,2,0.0,0.156
003772,Car,car,24.22,56.6,2,0.0,0.583
003772,Car,car,31.73,36.3,2,0.0,0.271
003772,Car,car,34.37,34.7,2,0.0,0.217
003772,Car,car,45.7,26.4,0,0.0,0.714
003774,Pedestrian,pedestrian,9.68,162.3,1,0.0,0.885
003774,Van,van,14.79,169.8,0,0.69,0.882
003775,Car,car,30.53,58.3,1,0.32,0.858
003775,Car,car,42.29,32.5,1,0.0,0.849
003775,Truck,truck,65.7,38.3,1,0.0,0.077
003775,Car,car,45.45,25.5,0,0.0,0.816
003775,Pedestrian,pedestrian,56.12,25.8,2,0.0,0.0
003775,Car,car,61.12,22.7,1,0.0,0.703
003784,Pedestrian,pedestrian,12.37,127.6,1,0.0,0.529
003784,Pedestrian,pedestrian,13.49,113.9,2,0.0,0.529
003784,Car,car,26.14,57.0,0,0.0,0.51
003784,Pedestrian,pedestrian,33.42,39.2,0,0.0,0.749
003784,Pedestrian,pedestrian,16.76,77.3,0,0.0,0.84
003785,Car,car,27.1,45.0,0,0.0,0.826
003785,Car,car,7.58,190.3,0,0.46,0.936
003785,Car,car,32.78,34.0,1,0.0,0.882
003785,Car,car,17.39,72.3,0,0.0,0.898
003785,Car,car,23.77,47.4,2,0.0,0.793
003785,Van,van,38.3,38.0,1,0.0,0.367
003785,Car,car,45.34,29.2,1,0.0,0.694
003785,Car,car,51.79,24.4,2,0.0,0.0
003785,Car,car,74.26,14.9,1,0.0,0.459
003785,Car,car,53.8,21.3,1,0.0,0.651
003785,Car,car,54.67,24.1,2,0.0,0.0
003788,Car,car,58.6,16.2,0,0.0,0.703
003788,Car,car,70.01,14.7,0,0.0,0.649
003819,Pedestrian,pedestrian,9.67,152.2,0,0.0,0.905
003824,Car,car,19.27,65.7,0,0.0,0.849
003824,Car,car,17.09,86.1,0,0.0,0.768
003824,Car,car,15.42,109.9,0,0.1,0.928
003824,Car,car,26.08,45.6,2,0.0,0.0
003824,Car,car,43.24,28.1,0,0.0,0.748
003826,Car,car,2.36,151.9,0,1.0,0.0
003826,Pedestrian,pedestrian,11.11,112.5,0,0.0,0.835
003826,Pedestrian,pedestrian,15.17,88.4,1,0.0,0.0
003826,Pedestrian,pedestrian,21.47,62.3,0,0.0,0.796
003826,Pedestrian,pedestrian,23.61,52.9,2,0.0,0.666
003826,Pedestrian,pedestrian,32.22,40.4,0,0.0,0.722
003826,Van,van,18.28,121.3,1,0.0,0.683
003827,Car,car,49.41,25.3,0,0.0,0.743
003827,Truck,truck,74.53,30.4,0,0.0,0.486
003827,Car,car,61.48,18.1,0,0.0,0.535
003833,Truck,truck,35.13,86.1,0,0.0,0.841
003833,Car,car,39.32,41.9,3,0.07,0.816
003833,Car,car,45.03,30.9,0,0.0,0.813
003833,Car,car,49.02,27.6,1,0.0,0.755
003833,Car,car,54.25,26.1,1,0.0,0.639
003833,Car,car,58.62,20.0,1,0.0,0.644
003852,Car,car,6.01,173.4,0,0.7,0.935
003852,Car,car,10.81,137.7,1,0.0,0.925
003852,Van,van,17.88,116.8,2,0.0,0.653
003852,Car,car,22.88,53.4,0,0.0,0.844
003852,Car,car,28.85,38.8,2,0.0,0.0
003852,Car,car,35.73,28.2,1,0.0,0.783
003852,Car,car,43.61,26.5,2,0.0,0.514
003852,Car,car,44.5,26.0,1,0.0,0.583
003853,Car,car,33.48,33.9,0,0.0,0.815
003853,Car,car,45.02,25.9,0,0.0,0.74
003853,Car,car,38.35,28.9,0,0.0,0.753
003853,Car,car,55.5,21.1,1,0.0,0.693
003857,Car,car,4.96,164.8,0,0.96,0.934
003857,Car,car,10.12,140.5,0,0.0,0.934
003857,Car,car,14.67,88.6,1,0.0,0.895
003857,Car,car,14.37,95.0,0,0.0,0.857
003857,Car,car,9.43,182.2,0,0.76,0.817
003857,Car,car,24.7,54.0,1,0.0,0.708
003857,Car,car,29.69,40.0,2,0.0,0.708
003857,Car,car,55.82,21.8,1,0.0,0.583
003857,Car,car,18.87,66.4,2,0.0,0.857
003857,Car,car,23.18,56.9,1,0.0,0.719
003857,Car,car,34.61,40.2,2,0.0,0.358
003857,Car,car,31.02,45.4,1,0.0,0.874
003857,Car,car,40.34,30.3,1,0.0,0.731
003861,Car,car,42.99,26.2,0,0.0,0.833
003861,Car,car,48.02,23.0,0,0.0,0.779
003861,Pedestrian,pedestrian,64.47,19.4,0,0.0,0.0
003861,Car,car,81.27,16.0,1,0.0,0.296
003862,Tram,tram,72.71,39.6,1,0.0,0.611
003862,Car,car,26.58,52.9,0,0.0,0.892
003862,Cyclist,cyclist,26.56,54.9,0,0.0,0.477
003863,Car,car,23.35,46.0,0,0.0,0.869
003863,Car,car,7.16,238.8,3,0.61,0.596
003863,Car,car,13.32,98.2,0,0.0,0.897
003863,Car,car,16.6,77.1,2,0.0,0.806
003863,Car,car,24.17,46.3,2,0.0,0.769
003863,Car,car,29.94,38.7,2,0.0,0.752
003863,Van,van,9.44,290.3,3,0.01,0.887
003863,Car,car,15.82,81.2,2,0.0,0.0
003863,Car,car,33.16,33.1,0,0.0,0.896
003863,Van,van,53.82,34.6,3,0.0,0.178
003863,Car,car,35.36,33.0,2,0.0,0.0
003863,Van,van,15.74,143.9,3,0.13,0.596
003863,Car,car,37.46,29.5,2,0.0,0.289
003867,Car,car,26.91,50.2,0,0.0,0.858
003867,Car,car,41.57,27.8,2,0.0,0.0
003872,Car,car,20.18,63.6,0,0.0,0.884
003872,Van,van,5.03,353.4,0,1.0,0.543
003872,Car,car,13.36,127.9,3,0.47,0.543
003872,Car,car,19.03,70.9,0,0.0,0.906
003872,Car,car,14.63,97.2,0,0.0,0.893
003872,Car,car,27.89,42.4,2,0.0,0.0
003872,Car,car,26.21,47.3,1,0.0,0.856
003872,Car,car,37.45,28.4,1,0.0,0.728
003872,Car,car,45.89,23.9,1,0.0,0.674
003872,Car,car,35.63,35.1,2,0.0,0.715
003877,Car,car,49.22,21.3,0,0.0,0.804
003877,Car,car,46.39,26.0,1,0.0,0.637
003883,Car,car,53.41,20.2,0,0.0,0.662
003883,Car,car,34.12,33.1,0,0.0,0.879
003883,Car,car,23.78,68.4,0,0.26,0.834
003883,Car,car,40.46,33.5,1,0.0,0.784
003896,Car,car,7.03,209.7,0,0.0,0.902
003896,Car,car,54.9,20.1,0,0.0,0.432
003896,Car,car,55.14,20.4,0,0.0,0.75
003896,Car,car,54.99,20.2,0,0.0,0.686
003896,Car,car,31.6,44.1,1,0.0,0.86
003903,Car,car,28.5,47.5,1,0.0,0.837
003903,Car,car,39.39,38.2,2,0.0,0.017
003903,Car,car,36.23,44.4,1,0.49,0.828
003903,Car,car,34.39,47.9,1,0.89,0.014
003903,Car,car,47.34,27.8,0,0.0,0.856
003903,Car,car,49.68,26.3,2,0.0,0.856
003903,Car,car,37.94,32.3,0,0.0,0.791
003903,Car,car,60.2,20.7,0,0.0,0.662
003903,Car,car,59.06,24.7,1,0.0,0.607
003903,Car,car,60.32,22.6,1,0.0,0.667
003903,Car,car,55.72,20.5,1,0.0,0.658
003904,Car,car,2.83,154.5,0,1.0,0.0
003904,Car,car,4.21,171.3,0,0.92,0.905
003904,Car,car,8.72,167.2,1,0.0,0.92
003904,Car,car,8.4,183.9,0,0.01,0.893
003904,Car,car,13.25,99.8,1,0.0,0.857
003904,Car,car,23.81,52.8,0,0.0,0.863
003904,Car,car,29.26,51.2,1,0.0,0.471
003904,Car,car,35.19,40.2,1,0.0,0.4
003904,Car,car,50.64,22.9,0,0.0,0.494
003905,Pedestrian,pedestrian,9.42,153.4,0,0.0,0.904
003907,Car,car,7.06,159.3,3,0.87,0.906
003907,Van,van,33.14,64.8,3,0.0,0.808
003907,Car,car,35.48,34.9,0,0.0,0.815
003916,Car,car,44.52,28.2,0,0.0,0.793
003916,Truck,truck,73.74,30.8,0,0.0,0.432
003916,Car,car,39.24,30.3,1,0.0,0.849
003924,Pedestrian,pedestrian,18.84,67.9,0,0.0,0.771
003924,Pedestrian,pedestrian,18.66,71.8,2,0.0,0.023
003924,Pedestrian,pedestrian,16.12,80.2,1,0.0,0.574
003924,Pedestrian,pedestrian,7.68,176.9,0,0.0,0.861
003924,Pedestrian,pedestrian,9.76,173.7,1,0.01,0.771
003924,Pedestrian,pedestrian,16.62,78.6,2,0.0,0.0
003924,Pedestrian,pedestrian,9.68,127.1,0,0.0,0.842
003924,Car,car,9.14,203.3,0,0.0,0.935
003924,Pedestrian,pedestrian,8.19,213.9,0,0.0,0.924
003924,Car,car,21.78,81.2,2,0.0,0.0
003924,Van,van,28.32,59.7,2,0.0,0.0
003925,Car,car,22.65,49.2,0,0.0,0.841
003925,Car,car,10.69,133.3,0,0.0,0.926
003934,Car,car,9.14,159.2,0,0.0,0.929
003934,Tram,tram,38.42,76.0,1,0.0,0.667
003934,Car,car,18.21,93.1,3,0.33,0.928
003934,Car,car,31.4,42.5,0,0.0,0.865
003934,Cyclist,cyclist,29.75,55.0,2,0.0,0.0
003939,Car,car,35.07,42.9,1,0.0,0.883
003939,Car,car,41.61,36.3,1,0.0,0.87
003939,Car,car,48.15,27.3,0,0.0,0.779
003939,Car,car,23.03,56.9,0,0.0,0.772
003939,Cyclist,cyclist,48.48,25.4,0,0.0,0.421
003941,Car,car,12.36,126.9,0,0.82,0.894
003941,Car,car,23.41,47.2,0,0.0,0.874
003941,Car,car,16.55,97.1,1,0.0,0.852
003941,Car,car,21.62,57.6,1,0.0,0.896
003941,Car,car,28.23,43.1,1,0.0,0.876
003941,Car,car,41.15,25.5,0,0.0,0.829
003943,Car,car,42.63,29.5,0,0.0,0.764
003943,Truck,truck,73.53,31.0,1,0.0,0.0
003943,Car,car,29.16,48.1,0,0.0,0.873
003943,Car,car,39.77,31.5,1,0.0,0.0
003947,Pedestrian,pedestrian,8.96,168.3,0,0.0,0.898
003949,Car,car,23.84,52.8,0,0.0,0.826
003949,Car,car,13.14,125.9,0,0.0,0.926
003949,Car,car,42.46,27.4,0,0.0,0.802
003949,Car,car,72.23,14.8,1,0.0,0.686
003949,Car,car,28.5,47.2,0,0.64,0.844
003950,Truck,truck,27.88,113.8,1,0.0,0.781
003950,Van,van,69.39,30.2,3,0.0,0.67
003950,Car,car,69.63,13.6,0,0.0,0.518
003959,Car,car,23.37,46.0,0,0.0,0.888
003959,Car,car,8.49,226.7,3,0.08,0.404
003959,Car,car,14.88,85.2,1,0.0,0.887
003959,Car,car,18.2,69.3,2,0.0,0.887
003959,Car,car,25.78,43.1,2,0.0,0.648
003959,Car,car,31.56,36.6,2,0.0,0.648
003959,Van,van,11.0,229.0,3,0.0,0.83
003959,Car,car,17.41,73.5,2,0.0,0.0
003959,Car,car,34.83,31.7,0,0.0,0.847
003959,Van,van,55.47,33.5,3,0.0,0.031
003959,Car,car,35.64,32.7,2,0.0,0.0
003959,Van,van,17.1,125.6,3,0.0,0.0
003959,Car,car,25.53,65.6,3,0.03,0.0
003959,Car,car,39.02,28.0,2,0.0,0.421
003980,Car,car,8.36,172.5,0,0.12,0.942
003980,Car,car,13.77,100.3,1,0.0,0.907
003980,Car,car,23.63,54.6,0,0.0,0.862
003980,Car,car,16.95,88.6,3,0.7,0.807
003980,Car,car,28.76,44.9,2,0.0,0.736
003980,Car,car,42.5,32.6,0,0.0,0.71
003980,Car,car,33.62,33.0,2,0.0,0.06
003980,Car,car,38.3,30.0,2,0.0,0.693
003980,Car,car,31.76,41.7,2,0.0,0.071
003982,Car,car,3.11,177.8,0,1.0,0.0
003982,Car,car,9.91,135.9,0,0.0,0.903
003982,Cyclist,cyclist,11.79,124.6,0,0.0,0.608
003982,Car,car,13.66,98.9,1,0.0,0.78
003982,Car,car,16.71,84.0,1,0.0,0.745
003982,Car,car,18.84,71.9,2,0.0,0.394
003982,Car,car,28.55,41.1,0,0.0,0.753
003982,Car,car,34.73,32.8,1,0.0,0.13
003982,Car,car,38.66,29.4,1,0.0,0.602
003982,Pedestrian,pedestrian,43.82,31.2,1,0.0,0.0
003982,Pedestrian,pedestrian,43.81,31.3,0,0.0,0.068
003982,Cyclist,cyclist,13.91,99.1,0,0.0,0.648
003984,Car,car,8.95,185.7,0,0.8,0.924
003984,Car,car,12.69,136.5,1,0.0,0.475
003984,Car,car,8.03,178.9,0,0.08,0.909
003984,Car,car,18.69,72.5,0,0.0,0.858
003984,Car,car,14.93,88.1,2,0.0,0.0
003984,Car,car,17.16,72.2,2,0.0,0.0
003984,Car,car,19.8,66.6,2,0.0,0.0
003984,Car,car,24.74,44.4,2,0.0,0.0
003984,Car,car,33.66,37.1,2,0.0,0.633
003984,Car,car,37.8,39.4,2,0.0,0.101
003991,Car,car,26.91,45.4,0,0.0,0.821
003991,Car,car,6.82,187.0,0,0.77,0.933
003991,Car,car,30.5,36.9,1,0.0,0.847
003991,Car,car,16.44,77.5,0,0.0,0.93
003991,Car,car,22.78,49.7,2,0.0,0.842
003991,Car,car,30.64,40.9,2,0.0,0.842
003991,Van,van,37.34,39.0,1,0.0,0.275
003991,Car,car,44.4,25.6,2,0.0,0.275
003991,Car,car,44.44,29.8,1,0.0,0.706
003991,Van,van,82.62,26.8,1,0.0,0.198
003991,Car,car,50.79,24.9,2,0.0,0.0
003991,Car,car,73.25,15.1,0,0.0,0.57
003991,Car,car,52.8,21.8,1,0.0,0.691
003991,Car,car,53.81,24.6,2,0.0,0.0
003996,Car,car,34.32,35.9,0,0.0,0.834
003996,Car,car,12.85,130.7,0,0.37,0.914
003996,Car,car,20.82,69.3,2,0.0,0.6
003996,Truck,truck,51.21,68.3,1,0.0,0.731
004002,Pedestrian,pedestrian,22.49,56.8,0,0.0,0.729
004002,Pedestrian,pedestrian,22.56,59.5,0,0.0,0.042
004002,Pedestrian,pedestrian,21.7,60.8,0,0.0,0.621
004004,Car,car,6.53,190.8,0,0.28,0.947
004004,Car,car,12.16,111.7,1,0.0,0.899
004004,Car,car,19.38,67.1,0,0.0,0.859
004004,Car,car,20.21,59.6,2,0.0,0.892
004004,Car,car,29.45,38.9,2,0.0,0.5
004004,Car,car,28.13,40.4,2,0.0,0.829
004004,Car,car,39.13,29.0,2,0.0,0.706
004007,Car,car,4.53,165.2,0,0.93,0.852
004007,Car,car,8.64,170.7,1,0.06,0.918
004007,Car,car,12.85,101.9,1,0.0,0.852
004007,Car,car,18.1,74.8,1,0.0,0.727
004007,Car,car,26.37,61.0,1,0.0,0.484
004007,Car,car,15.19,94.8,1,0.0,0.882
004007,Car,car,8.87,156.2,3,0.46,0.939
004007,Car,car,30.46,38.3,1,0.0,0.604
004007,Car,car,48.06,26.3,1,0.0,0.734
004008,Car,car,13.59,99.2,0,0.0,0.929
004008,Van,van,63.27,22.4,0,0.0,0.37
004014,Car,car,12.85,138.2,0,0.86,0.914
004014,Car,car,17.15,80.1,1,0.0,0.66
004014,Car,car,19.33,69.5,2,0.0,0.719
004014,Car,car,30.15,41.0,0,0.0,0.694
004014,Car,car,35.02,33.7,2,0.0,0.486
004014,Pedestrian,pedestrian,19.48,63.4,0,0.0,0.615
004014,Pedestrian,pedestrian,20.13,44.6,2,0.0,0.022
004015,Car,car,13.65,110.0,0,0.56,0.936
004015,Car,car,55.02,20.5,1,0.0,0.149
004016,Car,car,40.06,30.6,0,0.0,0.848
004016,Car,car,26.47,40.7,0,0.0,0.841
004016,Car,car,37.95,28.4,2,0.0,0.0
004016,Car,car,66.59,16.8,1,0.0,0.275
004023,Van,van,16.43,105.7,0,0.0,0.743
004023,Car,car,14.29,102.0,1,0.0,0.761
004023,Car,car,19.92,74.1,2,0.0,0.787
004023,Car,car,48.49,28.7,0,0.0,0.797
004023,Car,car,32.07,41.1,1,0.0,0.824
004029,Car,car,28.06,43.4,0,0.0,0.862
004029,Car,car,6.39,221.1,0,0.78,0.892
004029,Car,car,9.56,163.0,1,0.0,0.911
004029,Car,car,12.85,102.6,1,0.0,0.863
004029,Car,car,46.67,22.7,1,0.0,0.781
004029,Car,car,15.66,84.2,0,0.0,0.923
004029,Car,car,23.19,51.6,1,0.0,0.896
004029,Car,car,29.73,36.7,2,0.0,0.0
004029,Van,van,44.3,32.5,1,0.0,0.138
004029,Car,car,51.41,25.4,0,0.0,0.628
004029,Car,car,57.74,21.7,2,0.0,0.0
004029,Car,car,80.19,13.8,1,0.0,0.385
004029,Car,car,59.89,18.9,1,0.0,0.613
004030,Car,car,22.47,54.2,0,0.0,0.772
004035,Car,car,24.32,44.5,0,0.0,0.898
004035,Car,car,8.75,183.9,0,0.0,0.909
004035,Car,car,15.87,75.3,1,0.0,0.886
004035,Car,car,18.71,64.4,2,0.0,0.886
004035,Car,car,26.24,42.8,2,0.0,0.35
004035,Van,van,28.57,61.4,3,0.0,0.423
004035,Pedestrian,pedestrian,16.85,73.4,2,0.0,0.829
004035,Car,car,17.38,92.3,1,0.0,0.802
004035,Car,car,37.22,31.2,2,0.0,0.0
004035,Car,car,11.82,115.4,3,0.84,0.672
004035,Van,van,21.21,130.2,3,0.78,0.516
004035,Car,car,28.91,50.2,2,0.0,0.0
004035,Car,car,34.05,31.8,2,0.0,0.683
004035,Truck,truck,55.08,43.9,3,0.0,0.0
004036,Car,car,15.37,96.0,0,0.0,0.804
004036,Car,car,35.18,32.3,0,0.0,0.849
004036,Car,car,51.68,21.8,0,0.0,0.746
004042,Car,car,55.77,22.4,0,0.0,0.619
004042,Truck,truck,76.4,29.6,0,0.0,0.467
004042,Car,car,49.68,25.7,1,0.0,0.698
004043,Car,car,24.1,57.2,0,0.0,0.822
004043,Car,car,38.87,30.2,2,0.0,0.0
004050,Car,car,37.45,30.9,1,0.0,0.822
004051,Car,car,11.05,143.0,0,0.0,0.926
004051,Car,car,5.59,178.0,0,0.7,0.941
004051,Car,car,9.71,150.0,1,0.0,0.92
004051,Car,car,15.64,82.9,2,0.0,0.874
004051,Car,car,16.8,79.7,1,0.0,0.854
004051,Car,car,22.43,56.3,2,0.0,0.696
004051,Car,car,26.76,45.0,2,0.0,0.583
004051,Car,car,21.81,58.1,2,0.0,0.641
004051,Car,car,27.14,44.8,2,0.0,0.641
004051,Car,car,36.54,44.7,2,0.0,0.0
004051,Car,car,48.5,24.7,0,0.0,0.354
004051,Car,car,78.24,15.5,1,0.0,0.0
004051,Cyclist,cyclist,73.82,16.7,0,0.0,0.0
004052,Car,car,4.65,179.3,0,0.93,0.938
004052,Car,car,10.25,184.8,1,0.0,0.715
004052,Van,van,28.29,55.4,0,0.0,0.667
004052,Van,van,25.86,87.8,2,0.0,0.708
004052,Car,car,29.09,42.2,0,0.0,0.813
004052,Car,car,30.15,58.0,0,0.0,0.531
004052,Car,car,35.08,31.8,0,0.0,0.764
004052,Car,car,30.08,40.2,0,0.0,0.871
004052,Van,van,57.22,36.9,0,0.0,0.434
004052,Car,car,31.14,42.7,1,0.0,0.801
004052,Van,van,38.63,66.6,1,0.19,0.837
004052,Truck,truck,54.07,51.7,1,0.0,0.01
004052,Car,car,32.62,44.5,1,0.0,0.835
004052,Car,car,35.1,40.4,1,0.05,0.84
004057,Car,car,21.33,65.6,0,0.0,0.905
004057,Car,car,34.84,32.2,0,0.0,0.857
004057,Car,car,68.36,16.2,0,0.0,0.328
004057,Pedestrian,pedestrian,50.69,24.8,0,0.0,0.066
004057,Car,car,69.04,18.8,1,0.0,0.477
004057,Van,van,72.05,22.8,1,0.0,0.572
004058,Car,car,11.1,148.0,0,0.0,0.929
004058,Cyclist,cyclist,8.67,199.1,0,0.0,0.834
004058,Car,car,76.71,14.9,0,0.0,0.662
004059,Car,car,27.91,39.9,0,0.0,0.796
004068,Truck,truck,75.63,29.9,0,0.0,0.492
004068,Car,car,17.44,70.5,0,0.0,0.926
004068,Car,car,37.08,37.4,1,0.0,0.789
004068,Van,van,46.28,32.9,3,0.0,0.777
004068,Cyclist,cyclist,45.21,36.5,3,0.0,0.512
004069,Car,car,14.16,90.0,0,0.0,0.916
004069,Car,car,45.48,25.9,0,0.0,0.676
004069,Car,car,56.36,27.7,0,0.0,0.816
004069,Truck,truck,82.43,31.1,1,0.0,0.539
004069,Car,car,31.46,40.5,0,0.0,0.792
004072,Car,car,38.34,29.1,1,0.0,0.867
004076,Truck,truck,29.28,107.2,0,0.0,0.87
004076,Car,car,39.08,36.2,1,0.0,0.732
004076,Car,car,42.94,33.2,1,0.0,0.71
004077,Car,car,9.35,155.0,0,0.0,0.922
004077,Cyclist,cyclist,45.5,31.4,0,0.0,0.604
004077,Car,car,47.34,24.7,0,0.0,0.836
004083,Car,car,41.75,30.2,0,0.0,0.784
004083,Truck,truck,73.47,31.1,1,0.0,0.016
004083,Car,car,25.8,56.9,0,0.0,0.88
004083,Car,car,45.29,27.7,0,0.0,0.821
004083,Car,car,48.17,24.9,0,0.0,0.812
004084,Car,car,25.69,48.8,0,0.0,0.807
004084,Car,car,13.1,120.6,0,0.0,0.9
004084,Car,car,19.61,63.7,0,0.0,0.866
004084,Van,van,68.44,22.8,1,0.0,0.011
004084,Truck,truck,58.32,32.3,0,0.0,0.0
004108,Car,car,47.42,26.4,0,0.0,0.681
004108,Car,car,25.58,49.7,1,0.0,0.894
004108,Car,car,45.83,24.8,1,0.0,0.785
004115,Car,car,43.44,24.3,0,0.0,0.822
004115,Car,car,43.89,27.6,1,0.0,0.816
004125,Pedestrian,pedestrian,7.54,165.5,0,0.0,0.857
004134,Car,car,57.15,19.7,0,0.0,0.701
004134,Van,van,70.37,27.4,0,0.0,0.582
004135,Car,car,46.8,25.4,0,0.0,0.784
004135,Car,car,15.81,94.3,0,0.0,0.926
004135,Car,car,19.97,82.1,1,0.0,0.841
004135,Car,car,23.2,55.2,0,0.0,0.851
004135,Car,car,57.65,20.2,1,0.0,0.549
004135,Car,car,27.94,58.2,2,0.0,0.0
004136,Pedestrian,pedestrian,6.62,200.7,0,0.0,0.891
004152,Car,car,31.59,31.3,0,0.0,0.84
004152,Car,car,43.39,24.7,0,0.0,0.83
004152,Van,van,56.06,30.7,2,0.0,0.0
004154,Car,car,15.07,87.6,0,0.0,0.893
004154,Car,car,3.84,166.3,0,1.0,0.0
004154,Car,car,9.4,146.1,0,0.0,0.909
004154,Car,car,13.87,91.0,1,0.0,0.874
004154,Car,car,19.72,58.6,2,0.0,0.865
004154,Car,car,20.79,56.1,2,0.0,0.0
004154,Car,car,26.47,43.7,2,0.0,0.672
004154,Car,car,30.94,35.3,2,0.0,0.743
004154,Car,car,40.33,40.2,2,0.0,0.0
004161,Truck,truck,20.47,148.6,0,0.0,0.938
004161,Car,car,20.18,76.0,3,0.69,0.87
004161,Car,car,50.03,25.8,0,0.0,0.869
004164,Car,car,15.41,94.3,0,0.0,0.836
004164,Cyclist,cyclist,28.22,49.7,0,0.0,0.712
004164,Cyclist,cyclist,28.55,46.3,0,0.0,0.227
004164,Car,car,31.26,37.8,0,0.0,0.792
004164,Cyclist,cyclist,42.92,30.8,1,0.0,0.029
004164,Car,car,51.56,22.3,1,0.0,0.523
004164,Car,car,11.39,126.4,0,0.0,0.781
004166,Car,car,3.76,149.5,0,1.0,0.851
004166,Car,car,7.73,178.2,1,0.18,0.927
004166,Car,car,7.29,202.6,3,0.2,0.91
004166,Car,car,17.36,79.9,1,0.0,0.719
004166,Car,car,22.25,54.2,2,0.0,0.0
004166,Car,car,54.18,22.5,1,0.0,0.789
004166,Car,car,11.72,121.8,2,0.0,0.821
004166,Car,car,16.35,88.8,2,0.0,0.0
004166,Car,car,27.35,52.5,1,0.0,0.863
004166,Car,car,25.03,63.8,0,0.37,0.823
004166,Car,car,33.95,38.6,1,0.0,0.876
004181,Car,car,33.65,35.4,0,0.0,0.866
004181,Car,car,42.2,32.2,2,0.0,0.0
004181,Car,car,3.23,181.4,0,1.0,0.0
004181,Car,car,7.22,198.4,1,0.08,0.934
004181,Car,car,12.05,113.0,2,0.0,0.86
004181,Car,car,25.3,55.0,0,0.0,0.83
004181,Car,car,11.82,137.0,0,0.73,0.903
004181,Car,car,18.27,77.0,0,0.0,0.906
004181,Car,car,49.89,24.2,1,0.0,0.506
004188,Car,car,13.61,111.5,0,0.0,0.882
004188,Cyclist,cyclist,25.2,56.0,0,0.0,0.0
004188,Cyclist,cyclist,25.57,51.9,0,0.0,0.264
004188,Car,car,29.36,40.6,1,0.0,0.837
004188,Cyclist,cyclist,39.79,33.3,0,0.0,0.419
004188,Car,car,49.68,23.2,1,0.0,0.701
004188,Car,car,9.58,158.7,0,0.0,0.869
004195,Car,car,36.19,34.3,0,0.0,0.855
004195,Car,car,47.11,22.7,0,0.0,0.807
004195,Car,car,67.05,16.7,0,0.0,0.651
004210,Truck,truck,66.25,34.6,0,0.0,0.637
004210,Cyclist,cyclist,43.44,35.0,1,0.0,0.0
004210,Car,car,44.58,30.3,0,0.0,0.845
004210,Cyclist,cyclist,28.25,49.9,3,0.0,0.0
004221,Car,car,7.66,166.4,1,0.83,0.872
004221,Car,car,22.18,53.0,0,0.0,0.889
004221,Car,car,6.68,187.3,1,0.49,0.935
004221,Car,car,11.82,116.1,1,0.0,0.919
004221,Car,car,17.25,72.8,2,0.0,0.816
004221,Car,car,26.69,44.6,2,0.0,0.791
004221,Car,car,22.67,53.0,2,0.0,0.596
004228,Car,car,4.64,167.5,0,0.93,0.918
004228,Car,car,13.51,96.1,0,0.0,0.876
004228,Car,car,30.38,39.5,0,0.0,0.88
004228,Car,car,26.22,46.4,1,0.0,0.709
004228,Car,car,45.51,24.7,2,0.0,0.677
004228,Car,car,45.9,27.2,2,0.0,0.676
004231,Car,car,9.02,143.0,0,0.0,0.939
004231,Car,car,9.41,172.4,3,0.68,0.919
004234,Car,car,4.79,159.0,0,0.91,0.9
004234,Car,car,9.12,166.5,1,0.0,0.924
004234,Car,car,8.65,189.9,0,0.0,0.932
004234,Car,car,18.77,73.0,1,0.0,0.621
004234,Car,car,23.67,50.5,2,0.0,0.0
004234,Car,car,54.12,22.3,0,0.0,0.85
004234,Car,car,13.08,104.8,2,0.0,0.617
004234,Car,car,17.65,80.1,2,0.0,0.0
004234,Car,car,28.75,49.7,1,0.0,0.83
004234,Car,car,26.14,59.4,0,0.11,0.826
004234,Car,car,35.15,36.8,0,0.0,0.883
004243,Car,car,18.25,71.1,0,0.0,0.894
004243,Car,car,4.99,191.8,0,0.97,0.92
004243,Car,car,18.13,75.8,0,0.0,0.924
004243,Car,car,14.99,90.9,0,0.0,0.924
004243,Car,car,26.67,41.2,1,0.0,0.833
004243,Car,car,34.64,32.3,1,0.0,0.807
004243,Car,car,26.43,52.0,2,0.0,0.0
004243,Car,car,32.71,38.3,1,0.0,0.796
004243,Van,van,51.17,28.6,1,0.0,0.409
004243,Car,car,74.53,14.9,2,0.0,0.426
004244,Car,car,16.87,74.8,0,0.0,0.848
004244,Car,car,28.68,47.6,0,0.0,0.867
004244,Car,car,36.52,39.9,1,0.0,0.74
004244,Car,car,47.67,28.2,0,0.0,0.806
004251,Car,car,4.91,120.6,0,0.98,0.895
004251,Car,car,10.26,160.5,0,0.0,0.941
004251,Truck,truck,28.89,94.1,0,0.0,0.521
004251,Car,car,25.17,45.2,1,0.0,0.815
004251,Pedestrian,pedestrian,25.16,48.8,1,0.0,0.0
004258,Car,car,32.37,41.3,0,0.0,0.82
004260,Car,car,10.04,145.8,0,0.0,0.927
004260,Car,car,10.32,143.5,0,0.0,0.908
004260,Car,car,18.88,65.0,0,0.0,0.875
004260,Car,car,19.03,59.7,2,0.0,0.867
004260,Car,car,29.54,38.1,1,0.0,0.776
004260,Car,car,30.11,36.9,2,0.0,0.736
004266,Car,car,38.55,40.1,0,0.0,0.766
004266,Car,car,62.58,20.9,2,0.0,0.625
004269,Car,car,24.63,43.9,0,0.0,0.89
004269,Car,car,9.93,154.0,0,0.0,0.858
004269,Van,van,11.89,181.6,3,0.0,0.498
004269,Car,car,19.49,60.9,2,0.0,0.0
004269,Car,car,43.18,31.5,2,0.0,0.0
004269,Van,van,46.39,39.9,3,0.0,0.585
004269,Car,car,37.32,31.1,2,0.0,0.0
004269,Van,van,22.15,67.5,3,0.0,0.604
004269,Car,car,11.33,119.8,3,0.93,0.808
004269,Car,car,16.45,90.2,2,0.0,0.514
004269,Truck,truck,38.84,67.3,3,0.0,0.0
004270,Car,car,26.95,46.6,0,0.0,0.851
004270,Car,car,14.0,99.5,0,0.0,0.886
004270,Car,car,18.27,75.0,0,0.0,0.905
004270,Van,van,22.15,91.6,1,0.12,0.674
004270,Car,car,22.43,50.7,2,0.0,0.08
004270,Car,car,27.37,44.7,1,0.0,0.706
004270,Car,car,32.34,37.8,1,0.0,0.0
004270,Van,van,42.77,48.8,1,0.0,0.0
004270,Truck,truck,78.73,41.8,1,0.0,0.407
004274,Van,van,38.0,60.4,0,0.0,0.641
004274,Car,car,57.5,23.8,2,0.0,0.0
004274,Car,car,22.19,59.4,0,0.0,0.758
004274,Car,car,55.78,21.8,1,0.0,0.593
004274,Cyclist,cyclist,35.46,35.8,0,0.0,0.0
004276,Car,car,19.97,59.8,0,0.0,0.792
004276,Car,car,30.57,35.5,1,0.0,0.814
004276,Car,car,33.81,35.0,0,0.0,0.785
004276,Van,van,21.83,73.8,0,0.0,0.693
004276,Car,car,44.1,26.8,1,0.0,0.781
004284,Car,car,23.22,70.3,0,0.0,0.918
004284,Car,car,49.76,28.1,0,0.0,0.848
004284,Car,car,60.28,21.1,0,0.0,0.858
004287,Car,car,31.59,49.2,3,0.38,0.759
004287,Car,car,6.55,173.3,0,0.81,0.84
004287,Car,car,40.07,30.4,0,0.0,0.788
004287,Car,car,61.23,18.8,1,0.0,0.587
004287,Car,car,28.42,45.2,0,0.0,0.798
004287,Cyclist,cyclist,17.54,92.7,0,0.54,0.058
004290,Car,car,3.12,167.8,0,1.0,0.0
004290,Car,car,6.9,179.7,1,0.31,0.927
004290,Car,car,20.11,60.8,0,0.0,0.894
004290,Car,car,4.78,182.8,0,0.83,0.927
004290,Car,car,11.58,120.9,2,0.0,0.0
004290,Pedestrian,pedestrian,10.96,136.1,2,0.0,0.0
004290,Pedestrian,pedestrian,13.74,104.1,2,0.0,0.0
004290,Car,car,33.57,37.1,0,0.0,0.843
004290,Car,car,32.37,38.3,2,0.0,0.667
004290,Pedestrian,pedestrian,13.11,107.2,2,0.0,0.0
004290,Car,car,49.64,28.1,2,0.0,0.545
004293,Car,car,18.02,83.0,0,0.0,0.917
004293,Car,car,29.86,47.4,0,0.0,0.841
004293,Car,car,30.62,37.6,0,0.0,0.861
004296,Car,car,25.76,48.6,0,0.0,0.821
004296,Car,car,7.12,171.6,0,0.68,0.935
004296,Van,van,73.73,18.8,1,0.0,0.0
004296,Van,van,62.73,25.2,0,0.0,0.017
004296,Truck,truck,52.67,36.6,1,0.0,0.038
004297,Car,car,49.19,22.7,0,0.0,0.755
004297,Car,car,47.42,30.9,1,0.0,0.657
004297,Car,car,53.47,23.8,1,0.0,0.374
004297,Car,car,43.57,35.1,1,0.0,0.699
004297,Car,car,57.71,21.7,1,0.0,0.426
004297,Car,car,61.85,17.3,1,0.0,0.551
004297,Car,car,25.17,51.6,0,0.0,0.797
004297,Car,car,41.83,31.4,1,0.0,0.743
004297,Cyclist,cyclist,30.25,43.8,0,0.0,0.286
004297,Car,car,47.05,32.3,0,0.0,0.802
004301,Car,car,9.83,149.6,0,0.0,0.895
004301,Car,car,7.02,209.1,0,0.18,0.936
004301,Car,car,14.66,86.7,1,0.0,0.84
004301,Car,car,28.21,41.8,0,0.0,0.861
004301,Car,car,12.52,101.0,2,0.0,0.868
004301,Pedestrian,pedestrian,17.2,80.4,2,0.0,0.0
004301,Pedestrian,pedestrian,20.41,66.5,2,0.0,0.0
004301,Car,car,41.6,29.4,0,0.0,0.826
004301,Car,car,40.55,30.2,2,0.0,0.451
004301,Pedestrian,pedestrian,19.72,67.7,2,0.0,0.0
004307,Car,car,4.07,144.6,0,1.0,0.919
004307,Car,car,6.0,174.5,0,0.66,0.938
004307,Car,car,23.0,52.9,0,0.0,0.873
004307,Car,car,28.29,43.9,2,0.0,0.644
004307,Van,van,35.38,53.4,2,0.0,0.557
004307,Car,car,40.6,28.7,0,0.0,0.737
004309,Car,car,28.53,39.5,1,0.0,0.911
004309,Car,car,50.55,22.1,2,0.0,0.535
004312,Car,car,7.93,183.5,1,0.0,0.907
004312,Car,car,16.8,79.5,1,0.0,0.632
004312,Car,car,16.43,79.6,2,0.0,0.704
004312,Car,car,18.89,68.9,2,0.0,0.704
004312,Car,car,21.36,73.6,2,0.0,0.704
004312,Car,car,26.29,42.6,2,0.0,0.043
004312,Car,car,28.45,41.8,2,0.0,0.694
004312,Car,car,30.88,41.5,2,0.0,0.694
004312,Car,car,47.8,33.1,2,0.0,0.529
004312,Cyclist,cyclist,69.95,16.7,0,0.0,0.023
004312,Car,car,30.38,35.3,1,0.0,0.822
004312,Car,car,64.16,16.6,0,0.0,0.566
004315,Car,car,12.97,96.8,0,0.0,0.921
004315,Car,car,14.32,100.5,0,0.0,0.937
004321,Pedestrian,pedestrian,21.36,59.6,0,0.0,0.676
004321,Pedestrian,pedestrian,21.38,62.4,0,0.0,0.479
004321,Pedestrian,pedestrian,8.13,168.5,0,0.0,0.87
004321,Pedestrian,pedestrian,9.75,174.2,2,0.04,0.655
004321,Pedestrian,pedestrian,17.43,74.9,2,0.0,0.011
004321,Pedestrian,pedestrian,10.48,116.0,1,0.0,0.87
004321,Car,car,6.32,241.5,0,0.52,0.935
004321,Pedestrian,pedestrian,9.34,164.1,0,0.0,0.898
004321,Car,car,21.79,81.2,2,0.0,0.626
004321,Van,van,28.3,59.7,2,0.0,0.0
004328,Car,car,17.87,68.0,0,0.0,0.892
004328,Car,car,49.53,21.8,0,0.0,0.848
004328,Pedestrian,pedestrian,33.44,38.0,0,0.0,0.578
004328,Cyclist,cyclist,28.27,44.1,1,0.0,0.0
004328,Car,car,52.43,24.4,1,0.0,0.742
004328,Car,car,54.43,23.5,1,0.0,0.0
004328,Van,van,57.79,30.7,1,0.02,0.613
004328,Car,car,49.96,23.1,0,0.0,0.793
004328,Car,car,76.53,14.2,0,0.0,0.477
004328,Car,car,77.3,14.5,0,0.0,0.676
004335,Cyclist,cyclist,48.57,29.3,1,0.0,0.012
004335,Car,car,42.23,28.7,0,0.0,0.883
004335,Van,van,58.02,30.5,1,0.0,0.632
004337,Pedestrian,pedestrian,8.22,236.2,0,0.13,0.893
004337,Car,car,14.75,90.3,0,0.0,0.918
004337,Car,car,16.45,78.9,1,0.0,0.704
004337,Car,car,26.91,47.1,2,0.0,0.34
004337,Car,car,54.65,24.4,0,0.0,0.87
004337,Car,car,62.76,17.9,1,0.0,0.793
004340,Van,van,52.75,40.3,3,0.0,0.681
004340,Car,car,71.12,13.5,0,0.0,0.566
004343,Pedestrian,pedestrian,13.93,95.2,2,0.0,0.0
004343,Tram,tram,26.63,133.3,3,0.35,0.0
004343,Tram,tram,26.23,106.2,1,0.0,0.0
004343,Tram,tram,27.3,107.1,2,0.0,0.0
004343,Tram,tram,29.22,96.3,1,0.0,0.0
004343,Tram,tram,33.59,93.1,2,0.0,0.0
004343,Pedestrian,pedestrian,12.99,97.9,1,0.0,0.704
004352,Car,car,5.52,189.9,0,0.77,0.942
004352,Car,car,11.73,117.6,0,0.0,0.912
004352,Car,car,11.88,113.9,1,0.0,0.892
004352,Car,car,17.82,72.4,2,0.0,0.679
004352,Car,car,17.18,73.2,2,0.0,0.856
004352,Car,car,26.32,43.4,2,0.0,0.737
004352,Car,car,31.3,34.8,1,0.0,0.777
004352,Car,car,51.21,22.4,1,0.0,0.596
004352,Van,van,63.66,28.5,2,0.0,0.277
004353,Car,car,22.4,52.3,0,0.0,0.907
004353,Truck,truck,34.84,96.8,2,0.0,0.0
004353,Car,car,25.27,59.9,0,0.0,0.909
004353,Car,car,32.1,42.4,1,0.0,0.771
004353,Van,van,23.43,79.3,0,0.05,0.646
004362,Car,car,21.36,70.5,1,0.43,0.714
004362,Car,car,30.68,37.6,0,0.0,0.85
004362,Cyclist,cyclist,35.43,36.0,0,0.0,0.079
004362,Cyclist,cyclist,38.47,35.0,0,0.0,0.426
004362,Cyclist,cyclist,31.64,41.5,0,0.0,0.021
004362,Car,car,52.4,25.0,1,0.0,0.0
004368,Car,car,3.39,188.6,0,1.0,0.937
004368,Car,car,10.11,151.8,0,0.0,0.937
004368,Car,car,10.76,128.5,0,0.0,0.918
004368,Car,car,19.92,60.8,1,0.0,0.891
004368,Car,car,18.66,63.4,1,0.0,0.883
004368,Car,car,29.42,39.4,1,0.0,0.804
004368,Car,car,36.78,37.5,2,0.0,0.312
004371,Van,van,38.65,40.8,0,0.0,0.674
004371,Cyclist,cyclist,13.54,100.1,0,0.0,0.83
004371,Car,car,13.74,100.1,0,0.0,0.92
004371,Car,car,17.45,70.3,1,0.0,0.872
004371,Car,car,20.23,66.1,1,0.0,0.771
004371,Van,van,25.52,59.2,2,0.0,0.475
004371,Car,car,24.12,52.4,2,0.0,0.677
004371,Car,car,28.99,41.4,2,0.0,0.0
004371,Car,car,34.29,31.0,2,0.0,0.6
004372,Car,car,23.41,50.8,1,0.0,0.809
004372,Car,car,28.54,44.5,2,0.0,0.826
004372,Car,car,31.35,39.8,2,0.0,0.826
004372,Car,car,36.68,36.2,2,0.0,0.0
004376,Car,car,50.06,23.4,0,0.0,0.583
004376,Car,car,4.17,174.5,0,0.98,0.934
004376,Car,car,4.42,308.2,0,0.95,0.704
004376,Car,car,19.45,80.0,2,0.0,0.784
004376,Car,car,13.86,95.9,2,0.0,0.0
004376,Car,car,29.16,46.2,2,0.0,0.0
004376,Car,car,40.68,26.8,2,0.0,0.0
004386,Car,car,36.21,31.3,0,0.0,0.822
004386,Car,car,9.13,168.2,1,0.27,0.931
004386,Car,car,11.34,116.6,1,0.0,0.931
004386,Car,car,18.47,65.7,1,0.0,0.861
004386,Car,car,13.53,97.8,2,0.0,0.848
004387,Car,car,24.33,44.1,0,0.0,0.883
004387,Van,van,5.96,371.5,3,0.92,0.0
004387,Car,car,12.78,103.9,1,0.0,0.809
004387,Car,car,22.68,62.8,2,0.0,0.0
004387,Car,car,25.89,56.3,2,0.0,0.0
004387,Car,car,36.21,38.1,2,0.0,0.0
004387,Van,van,39.42,47.5,3,0.0,0.606
004387,Car,car,37.2,31.3,2,0.0,0.0
004387,Van,van,15.38,104.6,3,0.0,0.438
004387,Truck,truck,32.39,86.5,3,0.0,0.034
004390,Car,car,49.09,21.4,1,0.0,0.593
004392,Car,car,6.85,170.3,0,0.89,0.93
004392,Car,car,11.56,126.6,1,0.0,0.92
004392,Car,car,6.61,179.7,1,0.66,0.945
004392,Car,car,16.69,76.1,1,0.0,0.835
004392,Car,car,11.3,126.7,1,0.0,0.872
004392,Car,car,32.02,35.2,0,0.0,0.791
004392,Car,car,16.16,78.7,2,0.0,0.824
004392,Car,car,21.67,56.2,2,0.0,0.766
004392,Car,car,27.21,43.5,2,0.0,0.643
004392,Car,car,36.56,31.6,2,0.0,0.595
004392,Car,car,32.64,35.6,2,0.0,0.643
004406,Car,car,8.37,151.5,0,0.9,0.911
004406,Car,car,12.86,118.2,1,0.0,0.921
004406,Car,car,17.29,76.5,1,0.0,0.871
004406,Car,car,23.03,53.1,1,0.0,0.882
004406,Car,car,20.13,70.4,0,0.0,0.862
004406,Car,car,22.43,63.9,2,0.0,0.862
004406,Car,car,24.47,55.9,2,0.0,0.799
004406,Car,car,34.75,46.8,3,0.72,0.821
004406,Car,car,26.94,46.5,2,0.0,0.799
004406,Car,car,30.27,38.8,1,0.0,0.867
004406,Car,car,24.19,48.7,2,0.0,0.703
004406,Car,car,29.74,41.6,2,0.0,0.51
004419,Tram,tram,14.07,242.6,3,1.0,0.923
004419,Cyclist,cyclist,12.89,118.8,3,0.0,0.725
004419,Car,car,53.76,22.1,0,0.0,0.817
004426,Car,car,6.54,171.3,0,0.97,0.914
004426,Cyclist,cyclist,11.93,129.8,0,0.0,0.0
004426,Cyclist,cyclist,12.19,116.6,0,0.0,0.738
004426,Car,car,21.17,61.7,2,0.0,0.0
004426,Cyclist,cyclist,25.76,52.5,0,0.0,0.651
004426,Car,car,39.54,28.4,1,0.0,0.281
004426,Car,car,41.21,28.2,1,0.0,0.686
004426,Car,car,2.66,219.9,0,1.0,0.0
004428,Van,van,13.43,193.3,0,0.0,0.844
004428,Car,car,21.25,53.4,1,0.0,0.609
004428,Pedestrian,pedestrian,27.47,49.9,1,0.0,0.079
004428,Cyclist,cyclist,34.38,40.4,0,0.0,0.512
004432,Car,car,12.91,96.5,1,0.0,0.929
004432,Car,car,15.51,100.3,2,0.0,0.835
004432,Car,car,36.29,36.1,0,0.0,0.869
004446,Car,car,30.03,38.6,0,0.0,0.856
004446,Car,car,7.9,187.7,0,0.31,0.947
004446,Cyclist,cyclist,33.18,37.8,0,0.0,0.024
004448,Car,car,28.75,41.4,0,0.0,0.821
004452,Car,car,5.93,197.9,0,0.46,0.936
004452,Car,car,5.35,169.7,3,0.7,0.803
004452,Car,car,12.3,102.8,0,0.0,0.868
004452,Car,car,31.87,41.4,0,0.0,0.817
004452,Car,car,19.49,65.6,0,0.0,0.819
004452,Car,car,24.42,45.3,1,0.0,0.0
004454,Car,car,21.14,60.5,0,0.0,0.882
004454,Truck,truck,17.72,296.1,0,0.08,0.755
004454,Car,car,32.52,31.2,2,0.0,0.0
004458,Car,car,8.42,183.7,0,0.08,0.931
004458,Car,car,14.62,94.4,1,0.0,0.917
004458,Car,car,31.08,37.0,1,0.0,0.816
004458,Van,van,39.64,33.8,1,0.0,0.688
004458,Car,car,56.41,18.6,0,0.0,0.628
004459,Car,car,21.29,62.2,0,0.0,0.834
004459,Car,car,48.8,31.5,1,0.0,0.679
004459,Cyclist,cyclist,41.95,29.7,0,0.0,0.016
004466,Car,car,10.33,152.5,0,0.8,0.907
004466,Car,car,51.83,22.5,0,0.0,0.717
004466,Car,car,41.63,29.2,0,0.0,0.643
004466,Car,car,46.22,32.0,1,0.0,0.643
004466,Car,car,49.74,24.2,0,0.0,0.406
004473,Car,car,11.63,115.5,0,0.0,0.941
004473,Car,car,42.87,27.6,0,0.0,0.837
004473,Car,car,55.08,28.5,0,0.0,0.785
004473,Truck,truck,79.74,32.3,1,0.0,0.545
004473,Car,car,31.58,40.3,0,0.0,0.78
004476,Truck,truck,39.63,74.9,0,0.0,0.834
004476,Car,car,35.31,42.7,0,0.07,0.727
004476,Car,car,39.82,34.8,1,0.0,0.415
004476,Car,car,44.56,28.4,1,0.0,0.843
004476,Car,car,48.98,24.4,0,0.0,0.766
004476,Car,car,54.24,24.0,1,0.0,0.411
004476,Car,car,58.65,19.8,1,0.0,0.679
004478,Car,car,13.6,161.7,0,0.74,0.506
004478,Car,car,20.49,76.5,0,0.0,0.919
004478,Car,car,29.07,41.7,0,0.0,0.858
004478,Tram,tram,83.69,34.0,0,0.0,0.438
004478,Car,car,35.52,40.0,1,0.0,0.749
004478,Car,car,40.38,27.8,2,0.0,0.753
004478,Car,car,45.05,30.1,2,0.0,0.798
004482,Pedestrian,pedestrian,8.6,160.0,0,0.0,0.886
004484,Tram,tram,75.9,37.8,0,0.0,0.467
004484,Car,car,13.69,133.9,0,0.73,0.898
004484,Car,car,21.78,64.1,0,0.0,0.897
004484,Car,car,26.62,47.7,1,0.0,0.853
004484,Car,car,45.77,27.5,0,0.0,0.749
004484,Cyclist,cyclist,35.89,38.8,0,0.0,0.0
004493,Car,car,11.04,146.0,0,0.44,0.868
004493,Car,car,12.54,109.3,3,0.0,0.868
004493,Van,van,14.5,117.4,2,0.0,0.615
004493,Car,car,18.5,66.8,0,0.0,0.931
004493,Car,car,29.61,37.1,0,0.0,0.858
004493,Car,car,19.47,64.4,2,0.0,0.0
004493,Car,car,21.69,56.6,2,0.0,0.0
004493,Car,car,26.17,44.2,2,0.0,0.783
004493,Car,car,39.37,27.9,1,0.0,0.651
004494,Car,car,42.28,26.5,0,0.0,0.676
004494,Car,car,25.43,53.3,0,0.0,0.882
004494,Car,car,40.47,33.5,2,0.0,0.694
004498,Truck,truck,41.08,71.8,0,0.0,0.765
004498,Car,car,56.96,22.3,0,0.0,0.811
004511,Car,car,16.81,78.0,0,0.0,0.899
004511,Car,car,9.94,149.5,0,0.0,0.93
004511,Car,car,16.12,93.2,2,0.0,0.518
004511,Car,car,17.76,70.1,0,0.0,0.907
004511,Car,car,18.68,75.8,0,0.84,0.861
004511,Car,car,28.75,42.1,2,0.0,0.632
004511,Van,van,34.88,44.4,1,0.0,0.326
004511,Car,car,60.63,17.8,0,0.0,0.541
004515,Car,car,32.6,47.5,0,0.16,0.882
004515,Car,car,8.74,178.7,0,0.12,0.802
004515,Car,car,42.75,28.4,0,0.0,0.703
004515,Car,car,63.9,18.0,1,0.0,0.639
004515,Car,car,28.29,45.4,0,0.0,0.765
004515,Cyclist,cyclist,17.97,93.3,0,0.19,0.365
004521,Pedestrian,pedestrian,7.81,165.5,0,0.0,0.869
004526,Car,car,11.97,127.2,2,0.0,0.264
004526,Car,car,31.44,36.4,0,0.0,0.802
004526,Car,car,41.41,30.9,0,0.0,0.736
004526,Car,car,48.23,23.4,0,0.0,0.722
004531,Car,car,6.69,183.1,1,0.27,0.945
004531,Car,car,13.62,100.1,0,0.0,0.876
004550,Van,van,17.03,123.0,1,0.0,0.583
004550,Car,car,21.06,70.0,1,0.05,0.772
004558,Van,van,38.2,41.0,0,0.0,0.742
004558,Cyclist,cyclist,13.55,100.1,0,0.0,0.749
004558,Car,car,14.91,91.8,0,0.0,0.9
004558,Car,car,18.6,66.0,1,0.0,0.842
004558,Car,car,21.32,60.4,1,0.0,0.83
004558,Car,car,25.35,49.7,1,0.0,0.812
004558,Car,car,30.32,39.4,2,0.0,0.643
004563,Car,car,50.43,25.5,1,0.0,0.591
004563,Car,car,40.21,26.7,0,0.0,0.749
004563,Truck,truck,77.57,35.1,1,0.0,0.277
004563,Car,car,39.08,29.1,0,0.0,0.878
004563,Van,van,15.4,130.6,0,0.0,0.595
004563,Car,car,42.89,27.4,1,0.0,0.71
004569,Car,car,4.61,168.7,0,0.96,0.941
004569,Cyclist,cyclist,21.22,69.7,1,0.0,0.0
004569,Pedestrian,pedestrian,16.58,99.6,0,0.4,0.804
004569,Pedestrian,pedestrian,16.11,13.5,0,1.0,0.0
004569,Car,car,23.45,48.6,0,0.0,0.896
004572,Car,car,7.1,185.2,0,0.59,0.949
004572,Car,car,7.63,193.0,0,0.25,0.949
004572,Car,car,12.59,105.1,1,0.0,0.903
004572,Car,car,13.37,105.1,1,0.0,0.919
004572,Car,car,19.92,72.2,1,0.0,0.788
004572,Car,car,26.54,47.9,0,0.0,0.801
004572,Car,car,20.72,63.8,1,0.0,0.851
004572,Car,car,37.03,32.1,0,0.0,0.854
004572,Truck,truck,75.69,38.2,3,0.0,0.0
004574,Car,car,46.35,27.1,0,0.0,0.742
004574,Truck,truck,73.9,30.7,0,0.0,0.463
004574,Van,van,52.57,29.6,3,0.0,0.729
004579,Truck,truck,46.88,61.8,0,0.0,0.74
004579,Car,car,64.92,19.1,1,0.0,0.621
004584,Car,car,31.77,36.0,0,0.0,0.699
004584,Pedestrian,pedestrian,23.38,66.8,0,0.0,0.0
004584,Pedestrian,pedestrian,23.89,65.4,2,0.0,0.777
004584,Van,van,30.08,62.9,1,0.76,0.0
004584,Car,car,40.29,25.5,1,0.0,0.061
004584,Car,car,69.57,16.0,0,0.0,0.67
004585,Car,car,17.39,75.2,0,0.0,0.928
004585,Truck,truck,29.43,118.8,2,0.0,0.0
004585,Car,car,27.23,52.4,1,0.0,0.803
004585,Van,van,18.98,109.7,0,0.78,0.877
004592,Car,car,13.96,113.2,0,0.0,0.927
004592,Car,car,24.63,51.5,1,0.0,0.821
004592,Car,car,53.45,20.2,0,0.0,0.736
004592,Car,car,13.47,120.9,3,0.17,0.596
004594,Pedestrian,pedestrian,8.68,152.6,0,0.0,0.792
004599,Car,car,46.98,26.6,0,0.0,0.742
004599,Car,car,19.48,73.0,1,0.0,0.917
004599,Car,car,42.33,31.4,1,0.0,0.728
004599,Car,car,62.1,19.7,0,0.0,0.463
004619,Pedestrian,pedestrian,6.15,230.7,0,0.09,0.931
004619,Pedestrian,pedestrian,9.62,150.4,0,0.0,0.9
004619,Pedestrian,pedestrian,9.63,131.2,0,0.0,0.804
004619,Pedestrian,pedestrian,10.97,110.4,0,0.0,0.84
004624,Car,car,23.43,51.3,0,0.0,0.847
004624,Car,car,37.94,28.1,0,0.0,0.86
004624,Car,car,17.1,75.3,0,0.0,0.927
004624,Car,car,18.85,78.1,1,0.27,0.913
004624,Car,car,53.09,22.4,1,0.0,0.829
004624,Cyclist,cyclist,33.35,37.4,0,0.0,0.771
004624,Car,car,49.81,23.7,1,0.0,0.693
004625,Truck,truck,22.19,138.6,0,0.0,0.903
004625,Car,car,54.93,23.1,0,0.0,0.758
004625,Car,car,63.98,19.4,0,0.0,0.776
004625,Car,car,34.0,37.2,0,0.0,0.761
004636,Car,car,6.78,187.0,0,0.43,0.905
004636,Car,car,6.74,171.8,0,0.36,0.892
004636,Car,car,12.63,109.7,2,0.0,0.74
004636,Car,car,11.98,118.0,1,0.0,0.867
004636,Car,car,21.05,55.4,1,0.0,0.877
004636,Car,car,25.85,42.7,0,0.0,0.743
004636,Car,car,28.21,38.4,2,0.0,0.807
004636,Car,car,45.89,25.1,1,0.0,0.67
004636,Van,van,58.38,31.2,2,0.0,0.304
004648,Car,car,38.02,32.3,0,0.0,0.862
004648,Car,car,16.2,85.4,0,0.0,0.907
004648,Car,car,12.01,112.4,0,0.0,0.907
004648,Car,car,24.73,50.2,2,0.0,0.0
004648,Car,car,27.75,41.3,1,0.0,0.854
004648,Van,van,42.39,50.8,0,0.0,0.621
004648,Car,car,24.71,52.7,2,0.0,0.732
004648,Car,car,31.36,45.1,1,0.0,0.752
004649,Car,car,45.91,27.3,0,0.0,0.674
004649,Car,car,36.61,33.3,1,0.0,0.774
004654,Car,car,47.69,24.8,0,0.0,0.774
004654,Car,car,10.48,205.0,0,0.56,0.792
004654,Car,car,12.85,110.2,0,0.0,0.917
004654,Car,car,33.97,34.6,0,0.0,0.834
004654,Car,car,17.51,98.4,2,0.0,0.611
004662,Car,car,13.15,96.0,2,0.0,0.783
004662,Van,van,21.23,95.6,2,0.0,0.01
004662,Car,car,9.6,143.4,0,0.0,0.903
004662,Cyclist,cyclist,29.64,45.3,0,0.0,0.0
004662,Car,car,35.67,30.2,2,0.0,0.709
004663,Car,car,3.89,178.6,3,1.0,0.0
004663,Car,car,32.63,40.9,1,0.0,0.857
004663,Car,car,42.87,32.9,1,0.0,0.832
004663,Car,car,39.47,38.1,1,0.0,0.0
004663,Car,car,51.09,24.7,1,0.0,0.681
004663,Car,car,42.14,29.0,0,0.0,0.804
004663,Car,car,63.0,22.4,0,0.0,0.626
004665,Pedestrian,pedestrian,7.41,179.6,0,0.0,0.87
004665,Pedestrian,pedestrian,7.59,186.2,0,0.0,0.89
004665,Pedestrian,pedestrian,8.3,188.1,0,0.0,0.868
004665,Cyclist,cyclist,3.93,202.6,0,0.77,0.924
004665,Cyclist,cyclist,9.01,168.8,0,0.0,0.772
004665,Pedestrian,pedestrian,18.77,72.9,1,0.0,0.0
004665,Pedestrian,pedestrian,25.73,50.8,1,0.0,0.44
004665,Pedestrian,pedestrian,14.92,84.4,1,0.0,0.694
004665,Car,car,39.63,41.3,0,0.0,0.772
004667,Car,car,14.53,81.2,0,0.0,0.836
004667,Car,car,19.8,64.1,2,0.0,0.613
004667,Car,car,25.55,57.8,2,0.0,0.613
004667,Van,van,49.01,41.8,2,0.0,0.426
004671,Car,car,21.72,58.3,0,0.0,0.875
004671,Tram,tram,14.4,354.8,0,0.59,0.866
004671,Tram,tram,26.06,129.9,0,0.0,0.0
004671,Tram,tram,37.31,87.1,0,0.0,0.0
004684,Car,car,5.76,165.3,0,0.98,0.937
004684,Car,car,16.08,128.5,0,0.75,0.886
004684,Car,car,16.18,78.5,1,0.0,0.915
004684,Car,car,10.78,152.8,0,0.0,0.931
004684,Car,car,21.8,57.6,1,0.0,0.819
004684,Car,car,22.13,56.7,1,0.0,0.814
004684,Car,car,28.34,40.0,1,0.0,0.809
004684,Car,car,33.36,34.2,1,0.0,0.809
004684,Car,car,32.81,37.2,0,0.0,0.83
004684,Car,car,26.18,45.0,2,0.0,0.038
004684,Car,car,37.19,31.3,1,0.0,0.0
004684,Car,car,41.22,30.0,2,0.0,0.424
004684,Car,car,76.79,13.6,2,0.0,0.102
004684,Car,car,75.29,12.9,0,0.0,0.723
004692,Car,car,27.59,47.9,1,0.0,0.875
004692,Car,car,38.09,29.9,0,0.0,0.793
004692,Cyclist,cyclist,43.02,29.3,0,0.0,0.381
004692,Cyclist,cyclist,45.81,29.3,0,0.0,0.275
004692,Cyclist,cyclist,36.22,35.8,0,0.0,0.63
004692,Pedestrian,pedestrian,43.77,29.6,1,0.0,0.0
004692,Pedestrian,pedestrian,43.34,32.4,1,0.0,0.51
004698,Car,car,75.95,16.3,0,0.0,0.625
004698,Truck,truck,75.78,29.9,0,0.0,0.396
004698,Tram,tram,20.67,231.4,1,0.36,0.752
004698,Tram,tram,35.25,84.0,1,0.0,0.0
004701,Car,car,9.44,169.4,0,0.0,0.924
004701,Car,car,4.5,197.5,0,0.98,0.946
004701,Car,car,9.28,174.1,1,0.0,0.905
004701,Car,car,19.64,63.8,0,0.0,0.897
004701,Car,car,14.41,89.7,2,0.0,0.74
004701,Van,van,29.04,66.3,1,0.0,0.643
004701,Van,van,28.67,58.1,1,0.0,0.446
004701,Car,car,33.78,34.4,2,0.0,0.766
004701,Car,car,44.98,26.9,1,0.0,0.808
004701,Truck,truck,68.89,42.0,3,0.0,0.734
004702,Car,car,33.06,45.8,0,0.26,0.89
004702,Car,car,61.45,19.2,0,0.0,0.816
004702,Car,car,31.61,40.3,0,0.0,0.832
004715,Car,car,33.55,36.8,0,0.0,0.798
004715,Car,car,13.15,117.1,0,0.62,0.929
004715,Car,car,12.5,103.9,0,0.0,0.912
004715,Car,car,21.55,59.6,2,0.0,0.798
004715,Car,car,20.39,61.1,1,0.0,0.804
004715,Van,van,32.22,58.2,1,0.0,0.772
004715,Car,car,47.43,28.7,1,0.0,0.0
004715,Van,van,71.41,26.8,1,0.0,0.331
004718,Car,car,48.52,25.8,0,0.0,0.739
004718,Truck,truck,74.26,30.5,0,0.0,0.512
004718,Van,van,22.2,91.8,3,0.21,0.764
004718,Car,car,67.39,16.0,0,0.0,0.732
004748,Car,car,7.96,203.6,0,0.09,0.924
004748,Car,car,13.37,113.0,2,0.0,0.141
004748,Car,car,11.56,140.3,3,0.42,0.402
004748,Car,car,15.3,83.6,2,0.0,0.0
004748,Car,car,24.71,50.2,2,0.0,0.799
004748,Car,car,26.68,42.4,2,0.0,0.799
004748,Van,van,28.93,52.3,2,0.0,0.701
004748,Car,car,33.29,33.7,1,0.0,0.836
004748,Car,car,44.9,23.8,0,0.0,0.765
004758,Car,car,19.78,63.4,0,0.0,0.835
004758,Car,car,10.47,143.5,0,0.0,0.787
004758,Car,car,16.57,71.7,1,0.0,0.91
004758,Car,car,12.41,139.6,0,0.12,0.876
004758,Car,car,18.63,98.2,3,0.0,0.064
004758,Car,car,27.45,43.4,1,0.0,0.828
004758,Car,car,51.67,25.7,1,0.0,0.708
004758,Car,car,27.52,48.5,0,0.0,0.876
004758,Car,car,39.33,28.8,2,0.0,0.828
004758,Car,car,63.65,17.3,1,0.0,0.094
004758,Car,car,28.46,47.7,2,0.0,0.0
004759,Car,car,62.9,15.0,0,0.0,0.662
004759,Car,car,75.91,13.6,0,0.0,0.585
004764,Car,car,5.2,233.1,0,0.82,0.674
004764,Car,car,8.05,166.5,0,0.73,0.949
004764,Car,car,16.68,74.7,0,0.0,0.896
004764,Car,car,22.89,50.9,0,0.0,0.851
004764,Car,car,26.74,43.1,1,0.0,0.804
004764,Car,car,32.02,42.6,1,0.0,0.731
004764,Car,car,45.96,27.3,0,0.0,0.777
004764,Cyclist,cyclist,79.06,17.2,0,0.0,0.377
004764,Cyclist,cyclist,79.12,16.3,0,0.0,0.272
004764,Car,car,42.42,28.9,1,0.0,0.657
004768,Car,car,51.57,20.9,0,0.0,0.831
004775,Car,car,43.37,26.4,0,0.0,0.831
004775,Van,van,41.19,37.9,0,0.0,0.807
004775,Tram,tram,73.36,38.2,2,0.0,0.347
004779,Car,car,7.03,210.0,0,0.0,0.856
004779,Car,car,55.23,20.0,0,0.0,0.488
004779,Car,car,55.19,20.4,0,0.0,0.809
004779,Car,car,55.02,20.1,0,0.0,0.666
004779,Car,car,31.65,44.1,2,0.0,0.049
004779,Car,car,22.06,63.8,0,0.0,0.862
004779,Car,car,32.3,33.4,2,0.0,0.0
004779,Car,car,40.65,40.4,2,0.0,0.028
004779,Van,van,27.48,57.4,2,0.0,0.832
004779,Van,van,24.85,68.1,3,0.0,0.908
004791,Car,car,40.72,30.9,0,0.0,0.827
004791,Truck,truck,76.59,34.2,2,0.0,0.06
004794,Car,car,15.55,79.9,0,0.0,0.865
004794,Car,car,25.54,43.0,1,0.0,0.829
004794,Car,car,31.44,37.8,0,0.0,0.832
004794,Car,car,40.85,29.1,0,0.0,0.804
004795,Car,car,37.75,29.2,0,0.0,0.784
004795,Truck,truck,36.0,91.6,0,0.0,0.924
004803,Car,car,5.68,215.5,0,0.88,0.902
004803,Car,car,12.92,111.2,1,0.0,0.9
004803,Car,car,28.68,48.8,0,0.0,0.761
004803,Car,car,39.31,30.5,1,0.0,0.732
004803,Car,car,53.97,22.6,1,0.0,0.658
004804,Car,car,8.43,185.4,0,0.0,0.945
004804,Pedestrian,pedestrian,14.66,92.1,0,0.0,0.883
004804,Cyclist,cyclist,30.45,46.2,1,0.0,0.249
004804,Pedestrian,pedestrian,12.68,107.3,1,0.0,0.828
004804,Cyclist,cyclist,25.05,55.8,0,0.0,0.014
004804,Pedestrian,pedestrian,19.73,74.8,1,0.0,0.709
004804,Pedestrian,pedestrian,19.27,73.1,0,0.0,0.667
004804,Cyclist,cyclist,14.51,92.7,2,0.0,0.0
004804,Pedestrian,pedestrian,18.69,77.5,0,0.0,0.875
004804,Pedestrian,pedestrian,17.49,97.3,0,0.19,0.826
004804,Pedestrian,pedestrian,17.36,94.1,2,0.0,0.0
004804,Car,car,30.93,40.4,3,0.34,0.039
004804,Car,car,49.29,22.4,0,0.0,0.811
004809,Car,car,19.35,64.9,0,0.0,0.86
004809,Car,car,9.38,157.5,0,0.0,0.954
004809,Car,car,9.62,174.2,1,0.74,0.9
004809,Car,car,32.29,42.1,0,0.0,0.776
004809,Car,car,20.6,70.8,1,0.0,0.872
004809,Car,car,31.9,36.2,0,0.0,0.872
004809,Car,car,45.24,26.0,1,0.0,0.709
004809,Car,car,21.98,71.3,3,0.34,0.0
004813,Car,car,5.97,135.3,0,0.87,0.935
004813,Car,car,11.63,132.7,1,0.0,0.944
004813,Truck,truck,31.38,85.5,0,0.0,0.748
004813,Car,car,26.63,42.6,1,0.0,0.832
004813,Pedestrian,pedestrian,26.69,45.9,1,0.0,0.304
004831,Car,car,7.26,205.6,0,0.01,0.822
004831,Car,car,10.98,134.0,1,0.0,0.873
004831,Car,car,17.48,81.8,1,0.0,0.756
004831,Car,car,36.91,46.0,0,0.0,0.84
004835,Cyclist,cyclist,39.45,38.7,0,0.0,0.409
004835,Car,car,28.14,50.9,0,0.0,0.892
004835,Van,van,49.55,37.1,0,0.0,0.804
004835,Van,van,68.55,22.5,3,0.0,0.607
004841,Car,car,12.88,112.5,0,0.87,0.644
004841,Tram,tram,79.01,36.3,0,0.0,0.609
004841,Car,car,18.18,94.1,0,0.0,0.848
004841,Car,car,22.65,56.2,1,0.0,0.886
004841,Car,car,27.12,54.1,1,0.0,0.808
004841,Car,car,36.33,33.6,0,0.0,0.866
004841,Car,car,41.32,28.1,2,0.0,0.715
004842,Car,car,4.26,164.5,0,0.98,0.922
004842,Car,car,3.88,201.2,3,1.0,0.815
004842,Car,car,13.33,110.7,0,0.0,0.837
004842,Car,car,18.17,70.1,2,0.0,0.073
004842,Car,car,55.77,22.6,2,0.0,0.0
004842,Car,car,7.96,185.1,1,0.18,0.815
004842,Car,car,12.45,128.5,2,0.0,0.496
004842,Car,car,23.42,61.8,0,0.0,0.897
004842,Car,car,21.97,72.6,1,0.98,0.0
004842,Car,car,30.58,44.4,1,0.0,0.848
004858,Car,car,14.75,110.9,0,0.0,0.737
004858,Car,car,6.79,162.4,1,0.88,0.942
004858,Car,car,10.65,142.3,1,0.0,0.905
004858,Car,car,36.39,31.1,0,0.0,0.834
004858,Car,car,20.79,55.7,2,0.0,0.869
004858,Car,car,26.39,47.7,2,0.0,0.74
004858,Car,car,31.54,36.6,2,0.0,0.135
004858,Car,car,36.98,31.2,2,0.0,0.512
004858,Car,car,63.28,17.2,0,0.0,0.662
004870,Car,car,18.75,87.9,1,0.0,0.944
004870,Car,car,36.3,32.6,0,0.0,0.864
004870,Cyclist,cyclist,22.08,68.2,0,0.0,0.704
004870,Cyclist,cyclist,25.48,50.5,0,0.0,0.646
004870,Cyclist,cyclist,30.7,41.3,3,0.0,0.0
004877,Car,car,6.29,184.9,0,0.99,0.0
004877,Car,car,9.45,188.2,1,0.11,0.958
004877,Cyclist,cyclist,27.92,46.2,0,0.0,0.151
004877,Car,car,12.15,119.0,0,0.28,0.934
004877,Car,car,18.61,66.8,1,0.0,0.907
004877,Car,car,30.07,37.3,1,0.0,0.689
004883,Car,car,18.89,65.4,0,0.0,0.845
004883,Car,car,24.8,65.1,0,0.45,0.918
004883,Car,car,36.41,39.1,0,0.0,0.849
004883,Car,car,34.73,42.6,0,0.0,0.897
004884,Car,car,23.36,50.2,0,0.0,0.826
004884,Car,car,37.26,43.2,1,0.0,0.828
004884,Car,car,43.17,31.3,1,0.0,0.72
004884,Car,car,47.52,27.4,0,0.0,0.84
004884,Car,car,45.76,23.8,0,0.0,0.779
004884,Car,car,26.32,49.1,0,0.0,0.649
004884,Car,car,32.33,44.3,0,0.56,0.851
004884,Cyclist,cyclist,25.37,54.7,0,0.0,0.0
004886,Car,car,23.27,50.3,0,0.0,0.846
004887,Van,van,3.26,374.0,0,1.0,0.796
004887,Car,car,7.08,191.1,0,0.26,0.952
004887,Car,car,12.73,102.0,0,0.0,0.924
004887,Car,car,19.41,56.3,0,0.0,0.906
004887,Car,car,27.33,43.8,1,0.0,0.827
004887,Car,car,27.84,43.1,0,0.0,0.837
004887,Car,car,36.46,31.4,2,0.0,0.752
004888,Car,car,6.62,199.0,0,0.18,0.82
004888,Car,car,6.24,185.4,3,0.5,0.929
004888,Car,car,49.78,22.9,0,0.0,0.798
004901,Pedestrian,pedestrian,9.2,168.0,0,0.0,0.866
004901,Car,car,15.15,168.2,0,0.72,0.87
004903,Pedestrian,pedestrian,5.56,230.2,0,0.14,0.907
004903,Truck,truck,7.55,369.0,0,0.95,0.781
004916,Van,van,17.33,95.8,0,0.0,0.438
004916,Van,van,16.29,177.2,0,0.59,0.849
004916,Car,car,18.92,75.1,0,0.0,0.881
004916,Car,car,20.58,98.9,1,0.0,0.553
004916,Car,car,24.25,47.6,0,0.0,0.804
004916,Car,car,19.19,68.3,0,0.0,0.911
004916,Car,car,35.12,37.6,0,0.0,0.796
004916,Van,van,46.09,46.6,0,0.0,0.568
004916,Car,car,20.51,71.5,1,0.0,0.856
004916,Car,car,21.38,61.9,2,0.0,0.0
004916,Truck,truck,43.03,66.3,1,0.0,0.0
004916,Car,car,24.09,59.5,1,0.92,0.37
004925,Truck,truck,22.74,100.1,0,0.0,0.774
004925,Car,car,53.84,21.5,0,0.0,0.658
004930,Car,car,6.9,184.5,0,0.3,0.917
004930,Car,car,12.06,143.9,1,0.0,0.739
004930,Car,car,17.9,85.0,1,0.0,0.648
004930,Car,car,33.29,35.3,0,0.0,0.669
004930,Car,car,44.83,25.1,1,0.0,0.766
004931,Pedestrian,pedestrian,51.95,26.8,0,0.0,0.499
004932,Car,car,10.94,137.8,0,0.0,0.739
004932,Van,van,10.98,178.1,0,0.0,0.564
004932,Car,car,18.43,72.9,2,0.0,0.871
004932,Car,car,24.06,52.5,2,0.0,0.766
004932,Car,car,59.88,22.7,2,0.0,0.0
004936,Car,car,30.99,37.1,0,0.0,0.859
004941,Car,car,9.02,161.7,0,0.0,0.937
004941,Tram,tram,40.69,69.9,1,0.0,0.728
004941,Car,car,22.99,65.0,0,0.0,0.899
004941,Car,car,36.61,35.2,0,0.0,0.85
004941,Cyclist,cyclist,28.13,59.9,3,0.0,0.719
004947,Car,car,48.08,26.0,0,0.0,0.821
004947,Tram,tram,45.05,113.7,0,0.06,0.814
004947,Cyclist,cyclist,25.62,54.4,0,0.0,0.71
004950,Pedestrian,pedestrian,17.27,69.9,0,0.0,0.794
004950,Pedestrian,pedestrian,9.42,147.7,0,0.0,0.84
004950,Pedestrian,pedestrian,12.25,107.3,0,0.0,0.833
004950,Pedestrian,pedestrian,12.33,107.6,0,0.0,0.793
004950,Pedestrian,pedestrian,17.46,83.4,0,0.0,0.82
004950,Pedestrian,pedestrian,17.59,79.1,0,0.0,0.843
004953,Car,car,8.6,180.9,0,0.58,0.947
004953,Cyclist,cyclist,16.27,90.3,0,0.0,0.302
004953,Cyclist,cyclist,16.63,82.4,0,0.0,0.546
004953,Car,car,23.89,52.4,1,0.0,0.531
004953,Cyclist,cyclist,30.43,44.0,0,0.0,0.0
004953,Car,car,42.45,26.2,1,0.0,0.615
004953,Car,car,44.04,26.3,1,0.0,0.643
004953,Car,car,4.35,205.8,0,0.91,0.911
004954,Pedestrian,pedestrian,9.44,138.8,0,0.0,0.873
004954,Pedestrian,pedestrian,9.8,141.5,0,0.0,0.852
004954,Pedestrian,pedestrian,9.85,151.3,0,0.0,0.855
004954,Cyclist,cyclist,9.21,163.7,0,0.0,0.742
004954,Cyclist,cyclist,14.6,90.3,0,0.0,0.635
004954,Cyclist,cyclist,18.55,74.6,2,0.0,0.737
004954,Pedestrian,pedestrian,19.5,62.6,1,0.0,0.518
004954,Car,car,44.23,36.9,1,0.0,0.672
004960,Car,car,50.94,23.1,2,0.0,0.0
004960,Car,car,63.59,17.5,0,0.0,0.732
004960,Pedestrian,pedestrian,69.78,18.5,2,0.0,0.0
004967,Pedestrian,pedestrian,8.53,176.2,1,0.0,0.889
004976,Pedestrian,pedestrian,9.62,138.3,1,0.0,0.307
004976,Pedestrian,pedestrian,7.68,195.2,0,0.0,0.865
004977,Car,car,71.78,16.2,0,0.0,0.593
004977,Pedestrian,pedestrian,38.66,31.2,0,0.0,0.0
004977,Car,car,48.69,26.6,0,0.0,0.826
004983,Pedestrian,pedestrian,12.6,105.7,0,0.0,0.86
004983,Pedestrian,pedestrian,17.47,77.6,0,0.0,0.746
004983,Pedestrian,pedestrian,18.3,73.0,1,0.0,0.525
004983,Person_sitting,pedestrian,4.19,91.9,3,0.87,0.651
004983,Pedestrian,pedestrian,17.95,71.2,0,0.0,0.773
004983,Pedestrian,pedestrian,18.67,70.2,2,0.0,0.232
004983,Pedestrian,pedestrian,21.16,65.9,0,0.0,0.828
004983,Pedestrian,pedestrian,12.68,100.3,0,0.0,0.756
004983,Pedestrian,pedestrian,16.91,80.5,1,0.0,0.208
004983,Pedestrian,pedestrian,20.45,68.1,2,0.0,0.0
004983,Car,car,37.48,32.2,0,0.0,0.843
004983,Pedestrian,pedestrian,13.88,118.9,2,0.0,0.0
004983,Person_sitting,pedestrian,7.65,150.3,1,0.0,0.0
004984,Car,car,5.77,181.7,0,0.65,0.856
004984,Car,car,15.2,77.3,0,0.0,0.842
004984,Car,car,23.61,51.7,0,0.0,0.808
004984,Car,car,29.72,40.7,0,0.0,0.812
004984,Car,car,19.72,59.6,1,0.0,0.819
004984,Car,car,48.17,26.5,1,0.0,0.677
004985,Car,car,9.19,158.2,0,0.74,0.924
004985,Car,car,13.89,104.7,1,0.0,0.903
004985,Car,car,18.34,70.8,1,0.0,0.869
004985,Car,car,24.13,50.1,1,0.0,0.847
004985,Car,car,21.17,66.0,0,0.0,0.871
004985,Car,car,23.48,60.4,2,0.0,0.871
004985,Car,car,25.54,53.2,2,0.0,0.644
004985,Car,car,33.58,46.4,3,0.88,0.011
004985,Car,car,35.7,44.8,3,0.57,0.823
004985,Car,car,28.05,44.4,2,0.0,0.833
004985,Car,car,31.38,37.1,1,0.0,0.859
004985,Car,car,25.33,46.3,1,0.0,0.558
004985,Car,car,30.9,39.9,2,0.0,0.482
004990,Car,car,13.44,97.5,2,0.0,0.748
004990,Car,car,15.83,76.7,0,0.0,0.883
004990,Car,car,20.04,57.2,1,0.0,0.848
004990,Car,car,25.21,45.5,2,0.0,0.822
004990,Car,car,29.76,39.4,2,0.0,0.822
004990,Car,car,20.78,63.1,2,0.0,0.644
004990,Car,car,34.1,31.7,1,0.0,0.698
004990,Car,car,32.03,35.3,2,0.0,0.773
004990,Van,van,61.82,29.0,0,0.0,0.566
004995,Truck,truck,45.23,53.3,0,0.0,0.674
004995,Car,car,30.25,47.8,1,0.0,0.884
004995,Car,car,40.47,30.3,0,0.0,0.859
004995,Car,car,62.57,19.8,0,0.0,0.846
004997,Car,car,39.82,27.6,0,0.0,0.839
004997,Car,car,9.89,157.7,1,0.78,0.859
004997,Car,car,20.75,58.4,0,0.0,0.759
004997,Car,car,23.3,50.0,2,0.0,0.759
004997,Car,car,30.69,37.8,1,0.0,0.698
004998,Pedestrian,pedestrian,17.19,78.1,0,0.0,0.839
004998,Cyclist,cyclist,30.53,47.0,3,0.0,0.683
004998,Cyclist,cyclist,45.54,29.3,3,0.0,0.657
005003,Car,car,51.51,21.0,0,0.0,0.516
005004,Car,car,5.74,178.2,0,0.94,0.922
005004,Car,car,32.61,36.8,0,0.0,0.826
005004,Car,car,44.44,24.5,0,0.0,0.727
005011,Car,car,52.34,22.3,0,0.0,0.639
005011,Car,car,12.31,102.6,0,0.0,0.902
005011,Car,car,17.25,72.1,2,0.0,0.889
005011,Car,car,61.26,17.8,0,0.0,0.651
005011,Car,car,27.5,42.4,1,0.0,0.813
005011,Car,car,32.04,39.9,2,0.0,0.813
005011,Car,car,67.69,18.3,1,0.0,0.179
005011,Pedestrian,pedestrian,33.89,39.6,1,0.0,0.0
005012,Car,car,29.35,41.3,0,0.0,0.828
005012,Car,car,6.51,210.5,0,0.95,0.921
005012,Car,car,8.85,182.6,0,0.0,0.94
005012,Car,car,11.92,125.0,1,0.0,0.865
005012,Car,car,15.41,83.7,2,0.0,0.865
005012,Car,car,18.9,71.1,2,0.0,0.635
005012,Car,car,26.08,43.1,2,0.0,0.0
005012,Car,car,78.05,13.2,1,0.0,0.365
005012,Car,car,44.13,24.2,0,0.0,0.802
005012,Car,car,36.64,31.3,1,0.0,0.453
005012,Car,car,43.32,24.6,2,0.0,0.453
005012,Van,van,57.82,24.5,2,0.0,0.0
005012,Car,car,64.37,19.9,1,0.0,0.413
005012,Car,car,73.02,15.2,1,0.0,0.372
005014,Car,car,12.72,122.7,0,0.0,0.873
005014,Cyclist,cyclist,23.7,59.8,0,0.0,0.091
005014,Cyclist,cyclist,24.08,55.3,0,0.0,0.553
005014,Car,car,28.41,42.2,1,0.0,0.833
005014,Cyclist,cyclist,38.23,34.7,0,0.0,0.094
005014,Car,car,48.73,23.6,1,0.0,0.63
005014,Car,car,8.66,182.3,0,0.0,0.785
005017,Pedestrian,pedestrian,9.12,154.3,0,0.0,0.87
005019,Car,car,29.03,43.0,0,0.0,0.867
005019,Car,car,11.13,133.5,0,0.0,0.913
005019,Car,car,14.31,109.2,0,0.07,0.921
005019,Van,van,19.03,105.2,1,0.68,0.0
005019,Car,car,19.19,60.3,2,0.0,0.66
005019,Car,car,23.39,54.0,2,0.0,0.719
005019,Car,car,28.51,44.0,1,0.0,0.813
005019,Van,van,38.32,55.1,1,0.0,0.0
005019,Truck,truck,75.96,43.4,1,0.0,0.419
005032,Car,car,14.59,109.5,0,0.74,0.919
005032,Van,van,31.86,62.2,3,0.0,0.512
005032,Car,car,26.57,44.0,1,0.0,0.87
005032,Van,van,56.94,32.2,3,0.0,0.51
005037,Car,car,35.4,41.1,0,0.0,0.719
005037,Pedestrian,pedestrian,19.09,69.5,0,0.0,0.606
005037,Pedestrian,pedestrian,18.87,69.2,0,0.0,0.787
005037,Pedestrian,pedestrian,31.27,39.2,1,0.0,0.254
005046,Car,car,27.13,44.9,0,0.0,0.841
005046,Car,car,24.38,51.2,0,0.0,0.904
005046,Car,car,44.59,25.1,0,0.0,0.816
005046,Car,car,50.17,24.4,1,0.0,0.752
005046,Car,car,45.35,25.5,0,0.0,0.596
005046,Car,car,52.12,20.4,2,0.0,0.596
005057,Car,car,8.85,166.0,0,0.93,0.882
005057,Car,car,18.33,64.5,0,0.0,0.888
005057,Car,car,9.58,178.2,0,0.73,0.882
005057,Car,car,11.45,132.4,3,0.37,0.891
005057,Car,car,15.39,82.0,1,0.0,0.909
005057,Car,car,19.82,60.6,2,0.0,0.0
005057,Car,car,27.97,41.1,1,0.0,0.83
005057,Car,car,32.04,35.9,2,0.0,0.787
005057,Car,car,36.98,35.2,2,0.0,0.787
005057,Car,car,58.13,22.9,1,0.0,0.451
005065,Car,car,5.95,177.2,0,0.74,0.947
005065,Pedestrian,pedestrian,10.13,149.8,1,0.0,0.872
005065,Pedestrian,pedestrian,24.82,51.2,0,0.0,0.0
005065,Pedestrian,pedestrian,25.02,53.4,0,0.0,0.383
005065,Pedestrian,pedestrian,23.89,55.2,0,0.0,0.637
005068,Truck,truck,73.0,31.1,0,0.0,0.531
005068,Car,car,39.94,31.6,0,0.0,0.845
005083,Van,van,39.37,40.3,0,0.0,0.545
005083,Cyclist,cyclist,13.57,100.0,0,0.0,0.779
005083,Car,car,12.04,116.9,0,0.0,0.936
005083,Car,car,15.67,80.0,1,0.0,0.907
005083,Car,car,18.58,76.9,1,0.0,0.876
005083,Van,van,23.94,66.1,2,0.0,0.727
005083,Car,car,22.37,57.0,1,0.0,0.589
005083,Car,car,27.32,44.4,2,0.0,0.166
005083,Car,car,28.89,43.5,2,0.0,0.492
005083,Car,car,32.5,33.3,2,0.0,0.449
005086,Pedestrian,pedestrian,7.28,189.6,0,0.0,0.856
005086,Pedestrian,pedestrian,7.75,195.1,0,0.0,0.866
005086,Pedestrian,pedestrian,9.03,182.8,0,0.0,0.876
005086,Pedestrian,pedestrian,13.04,104.7,0,0.0,0.824
005086,Pedestrian,pedestrian,16.89,77.5,0,0.0,0.841
005086,Pedestrian,pedestrian,11.91,119.7,1,0.0,0.0
005086,Pedestrian,pedestrian,11.78,144.1,0,0.0,0.879
005086,Pedestrian,pedestrian,13.23,112.4,1,0.0,0.694
005086,Pedestrian,pedestrian,19.07,66.7,1,0.0,0.291
005086,Pedestrian,pedestrian,19.57,67.7,2,0.0,0.0
005086,Car,car,48.46,28.6,0,0.0,0.827
005086,Car,car,26.01,65.6,2,0.0,0.43
005086,Van,van,32.34,51.1,2,0.0,0.066
005087,Car,car,5.26,171.2,0,0.86,0.942
005087,Car,car,4.75,213.1,3,0.93,0.936
005087,Car,car,14.65,98.1,0,0.0,0.834
005087,Car,car,19.47,63.4,2,0.0,0.0
005087,Car,car,54.91,22.6,1,0.0,0.771
005087,Car,car,9.13,177.5,1,0.0,0.832
005087,Car,car,13.75,111.8,2,0.0,0.832
005087,Car,car,24.68,58.6,0,0.0,0.922
005087,Car,car,22.96,69.7,1,0.82,0.683
005087,Car,car,31.59,42.2,1,0.0,0.863
005088,Car,car,29.27,41.5,0,0.0,0.839
005088,Car,car,7.94,193.7,0,0.14,0.937
005088,Car,car,10.92,141.6,1,0.0,0.861
005088,Car,car,14.41,91.2,2,0.0,0.012
005088,Car,car,17.86,76.0,2,0.0,0.732
005088,Car,car,21.53,56.1,2,0.0,0.732
005088,Car,car,25.03,45.1,2,0.0,0.0
005088,Car,car,75.65,13.7,1,0.0,0.465
005088,Car,car,41.86,25.6,0,0.0,0.837
005088,Car,car,35.57,32.3,1,0.0,0.732
005088,Car,car,42.23,25.2,2,0.0,0.732
005088,Van,van,56.77,25.0,2,0.0,0.0
005088,Car,car,63.33,20.2,1,0.0,0.58
005088,Car,car,72.01,15.5,1,0.0,0.535
005095,Car,car,5.91,180.2,0,0.66,0.933
005095,Car,car,10.02,145.2,0,0.0,0.928
005095,Car,car,12.4,102.5,0,0.0,0.911
005095,Car,car,30.01,39.9,0,0.0,0.861
005095,Van,van,42.3,44.0,2,0.0,0.686
005095,Car,car,47.78,24.2,0,0.0,0.703
005107,Pedestrian,pedestrian,10.05,148.5,1,0.0,0.0
005122,Car,car,15.38,101.8,0,0.63,0.936
005122,Van,van,32.91,60.0,3,0.0,0.555
005122,Car,car,27.59,41.9,1,0.0,0.769
005122,Van,van,57.92,31.5,3,0.0,0.44
005134,Car,car,23.99,45.2,0,0.0,0.896
005134,Car,car,12.9,127.7,0,0.0,0.855
005134,Car,car,16.02,99.2,2,0.0,0.0
005134,Car,car,23.35,51.9,2,0.0,0.0
005134,Car,car,26.12,54.4,2,0.0,0.6
005134,Van,van,29.2,66.2,3,0.0,0.725
005134,Car,car,37.15,31.3,2,0.0,0.012
005134,Van,van,6.45,250.6,3,0.86,0.555
005134,Truck,truck,23.68,134.7,3,0.54,0.158
005137,Car,car,8.75,168.9,0,0.75,0.937
005137,Car,car,12.16,116.0,0,0.0,0.91
005137,Car,car,12.28,126.1,1,0.0,0.907
005137,Cyclist,cyclist,9.13,137.6,1,0.0,0.79
005137,Cyclist,cyclist,7.95,176.9,0,0.0,0.893
005137,Pedestrian,pedestrian,13.05,133.0,3,0.0,0.0
005137,Car,car,25.85,48.9,2,0.0,0.0
005137,Car,car,40.91,28.8,1,0.0,0.784
005137,Van,van,60.62,31.2,1,0.0,0.394
005137,Car,car,31.18,40.0,1,0.0,0.819
005137,Car,car,44.79,28.4,1,0.0,0.703
005137,Van,van,80.58,20.1,1,0.0,0.036
005137,Van,van,18.98,86.7,1,0.0,0.765
005139,Car,car,5.66,159.0,0,0.93,0.931
005139,Van,van,13.02,120.9,0,0.0,0.89
005139,Car,car,29.69,36.7,0,0.0,0.865
005139,Van,van,35.92,39.2,1,0.0,0.496
005141,Car,car,44.37,32.8,0,0.0,0.834
005141,Car,car,53.76,24.0,0,0.0,0.855
005143,Car,car,23.54,43.1,0,0.0,0.812
005143,Car,car,33.53,32.1,0,0.0,0.869
005143,Car,car,29.95,48.8,0,0.0,0.772
005143,Car,car,46.35,25.0,0,0.0,0.855
005143,Van,van,49.96,34.7,2,0.0,0.0
005148,Car,car,7.03,210.0,0,0.0,0.781
005148,Car,car,55.21,20.0,0,0.0,0.467
005148,Car,car,55.19,20.4,2,0.0,0.411
005148,Car,car,55.02,20.1,1,0.0,0.0
005148,Car,car,31.65,44.1,1,0.0,0.858
005148,Car,car,37.83,31.1,0,0.0,0.801
005148,Car,car,37.51,39.3,2,0.0,0.821
005148,Van,van,22.64,61.9,2,0.0,0.0
005148,Van,van,19.77,71.7,2,0.0,0.761
005151,Car,car,31.9,34.3,0,0.0,0.849
005151,Car,car,9.31,147.6,0,0.0,0.935
005151,Car,car,30.07,38.0,1,0.0,0.851
005151,Car,car,18.24,72.0,2,0.0,0.792
005152,Car,car,13.68,93.0,0,0.91,0.684
005152,Car,car,19.65,73.4,1,0.0,0.919
005152,Car,car,33.99,31.1,0,0.0,0.788
005152,Car,car,41.51,29.8,0,0.0,0.752
005152,Car,car,44.68,26.4,2,0.0,0.658
005152,Car,car,38.65,32.2,2,0.0,0.043
005152,Car,car,41.3,30.8,2,0.0,0.0
005160,Car,car,7.87,177.2,0,0.64,0.95
005160,Car,car,18.17,103.1,0,0.32,0.897
005160,Car,car,31.35,56.3,3,0.68,0.0
005160,Car,car,18.98,63.8,1,0.0,0.876
005160,Car,car,13.4,111.2,1,0.0,0.922
005160,Car,car,24.59,50.0,1,0.0,0.876
005160,Car,car,25.02,49.3,1,0.0,0.846
005160,Car,car,31.21,35.8,1,0.0,0.736
005160,Car,car,35.63,34.1,0,0.0,0.801
005160,Car,car,28.87,40.4,1,0.0,0.876
005160,Car,car,44.03,27.8,2,0.0,0.185
005160,Car,car,76.56,13.5,1,0.0,0.611
005160,Car,car,76.47,12.7,1,0.0,0.326
005162,Car,car,10.66,142.1,3,0.53,0.892
005162,Car,car,12.39,105.2,2,0.0,0.891
005162,Car,car,14.26,91.8,2,0.0,0.875
005162,Car,car,16.72,81.9,2,0.0,0.875
005162,Car,car,18.95,71.5,2,0.0,0.736
005162,Car,car,21.54,59.1,2,0.0,0.736
005162,Car,car,23.66,51.0,2,0.0,0.568
005162,Car,car,26.24,47.1,2,0.0,0.568
005162,Car,car,30.56,42.1,2,0.0,0.535
005162,Car,car,33.12,48.6,2,0.0,0.535
005162,Cyclist,cyclist,49.12,23.9,0,0.0,0.288
005162,Car,car,15.73,74.5,0,0.0,0.748
005162,Car,car,21.55,62.2,1,0.0,0.864
005162,Car,car,36.57,37.1,2,0.0,0.583
005162,Car,car,49.49,21.9,0,0.0,0.773
005164,Car,car,41.13,29.7,0,0.0,0.858
005164,Car,car,11.62,135.6,0,0.8,0.932
005164,Car,car,16.56,90.0,2,0.0,0.0
005164,Van,van,13.02,213.9,0,0.0,0.743
005164,Car,car,25.16,46.2,1,0.0,0.557
005164,Car,car,36.17,30.6,1,0.0,0.644
005164,Car,car,16.82,92.7,3,0.79,0.932
005173,Truck,truck,41.0,72.2,0,0.0,0.759
005173,Car,car,33.65,46.2,0,0.0,0.863
005173,Car,car,38.06,34.9,1,0.0,0.869
005173,Car,car,44.71,28.6,1,0.0,0.66
005173,Car,car,49.63,24.7,1,0.0,0.582
005173,Car,car,54.48,21.2,1,0.0,0.032
005173,Car,car,64.69,19.1,1,0.0,0.138
005176,Car,car,21.82,56.1,0,0.0,0.862
005176,Car,car,23.03,57.4,1,0.0,0.78
005176,Car,car,36.76,42.9,2,0.0,0.549
005176,Van,van,13.99,127.2,0,0.0,0.482
005176,Car,car,20.67,67.4,0,0.0,0.88
005177,Car,car,19.56,65.6,0,0.0,0.845
005177,Car,car,7.2,203.8,0,0.75,0.696
005177,Car,car,11.93,135.0,3,0.77,0.0
005177,Car,car,21.83,55.1,0,0.0,0.908
005177,Car,car,41.29,31.5,0,0.0,0.844
005178,Car,car,4.32,233.7,0,1.0,0.0
005178,Car,car,9.18,213.4,3,0.98,0.0
005178,Van,van,20.65,79.7,0,0.0,0.63
005178,Van,van,18.93,127.4,0,0.0,0.869
005178,Car,car,21.98,64.5,0,0.0,0.859
005178,Car,car,23.4,88.4,1,0.0,0.611
005178,Car,car,27.58,42.5,0,0.0,0.82
005178,Car,car,22.52,55.0,0,0.0,0.889
005178,Car,car,38.59,34.2,0,0.0,0.758
005178,Van,van,49.48,43.0,0,0.0,0.486
005178,Car,car,23.65,57.4,1,0.0,0.855
005178,Car,car,24.55,48.2,2,0.0,0.0
005178,Van,van,32.66,77.3,1,0.63,0.496
005178,Truck,truck,46.47,61.2,1,0.0,0.0
005179,Car,car,5.96,178.8,3,0.64,0.926
005179,Van,van,24.11,61.0,3,0.0,0.811
005179,Van,van,23.72,60.1,0,0.0,0.689
005179,Car,car,32.87,34.8,1,0.0,0.725
005179,Car,car,44.05,29.5,2,0.0,0.518
005179,Car,car,20.74,56.6,1,0.0,0.742
005183,Car,car,49.18,27.8,1,0.0,0.44
005183,Car,car,36.42,36.5,1,0.0,0.0
005186,Car,car,4.58,161.3,0,0.97,0.876
005186,Car,car,8.51,153.1,1,0.11,0.934
005186,Car,car,8.54,180.9,0,0.0,0.94
005186,Car,car,18.8,68.8,2,0.0,0.0
005186,Car,car,21.32,56.1,0,0.0,0.863
005186,Car,car,20.85,55.9,0,0.0,0.844
005186,Van,van,26.58,62.1,2,0.0,0.523
005186,Car,car,25.62,45.1,2,0.0,0.541
005186,Van,van,36.37,58.0,2,0.0,0.596
005186,Van,van,56.73,26.4,0,0.0,0.591
005186,Van,van,52.63,39.3,2,0.0,0.0
005191,Car,car,17.7,64.8,0,0.0,0.896
005191,Car,car,5.83,188.0,0,0.8,0.931
005191,Car,car,43.71,25.5,0,0.0,0.749
005191,Car,car,12.83,107.0,0,0.0,0.911
005191,Car,car,17.67,75.1,1,0.0,0.875
005191,Car,car,24.68,48.9,1,0.0,0.776
005191,Car,car,26.74,44.3,1,0.0,0.0
005191,Van,van,35.05,40.2,2,0.0,0.365
005191,Car,car,37.31,28.2,1,0.0,0.806
005191,Van,van,45.5,32.4,2,0.0,0.049
005191,Car,car,47.78,21.8,1,0.0,0.479
005191,Car,car,43.81,27.4,0,0.0,0.745
005195,Car,car,23.65,53.2,0,0.0,0.856
005195,Car,car,33.24,36.5,0,0.0,0.856
005195,Car,car,67.75,15.8,1,0.0,0.585
005196,Car,car,52.47,22.2,0,0.0,0.698
005196,Car,car,15.37,78.0,0,0.0,0.883
005196,Car,car,20.38,59.7,2,0.0,0.803
005196,Car,car,66.93,16.2,0,0.0,0.52
005196,Car,car,30.67,37.7,2,0.0,0.698
005196,Car,car,35.14,36.1,2,0.0,0.698
005196,Pedestrian,pedestrian,36.45,36.7,2,0.0,0.0
005198,Car,car,10.97,204.5,3,0.61,0.876
005198,Cyclist,cyclist,14.96,84.1,0,0.0,0.681
005198,Car,car,8.92,189.7,0,0.55,0.932
005198,Car,car,11.15,124.1,2,0.0,0.911
005198,Car,car,13.35,116.5,2,0.0,0.911
005198,Car,car,20.72,60.2,1,0.0,0.762
005198,Car,car,23.08,52.1,2,0.0,0.762
005198,Car,car,25.31,44.6,0,0.0,0.876
005198,Car,car,37.24,31.3,2,0.0,0.0
005198,Car,car,40.34,27.0,1,0.0,0.72
005198,Van,van,86.31,20.4,2,0.0,0.368
005200,Car,car,69.04,16.0,0,0.0,0.72
005200,Car,car,61.44,18.7,0,0.0,0.758
005200,Car,car,18.96,79.4,1,0.48,0.863
005200,Car,car,15.94,91.0,0,0.0,0.843
005200,Car,car,32.21,36.4,1,0.0,0.859
005200,Car,car,47.43,23.0,1,0.0,0.732
005200,Tram,tram,86.06,31.7,2,0.0,0.019
005201,Car,car,6.77,198.2,0,0.43,0.922
005201,Car,car,12.67,122.1,1,0.0,0.913
005201,Car,car,12.05,111.0,1,0.0,0.907
005201,Car,car,26.88,46.5,1,0.0,0.847
005201,Car,car,20.37,60.0,1,0.0,0.88
005201,Car,car,25.86,46.6,2,0.0,0.639
005201,Car,car,31.81,35.9,2,0.0,0.734
005202,Car,car,42.47,28.6,1,0.0,0.56
005202,Car,car,43.54,30.8,1,0.0,0.547
005202,Car,car,30.97,43.6,1,0.0,0.0
005209,Car,car,20.0,62.8,0,0.0,0.832
005209,Car,car,11.94,124.1,0,0.0,0.799
005209,Car,car,22.47,55.0,0,0.0,0.861
005209,Car,car,28.85,38.4,1,0.0,0.765
005209,Car,car,10.04,159.3,0,0.83,0.934
005209,Car,car,25.94,50.2,0,0.0,0.879
005209,Car,car,41.88,29.6,1,0.0,0.714
005209,Car,car,24.1,56.9,1,0.0,0.694
005209,Car,car,29.76,50.9,1,0.0,0.816
005209,Car,car,61.53,17.9,0,0.0,0.709
005209,Car,car,39.53,31.7,2,0.0,0.0
005209,Car,car,51.66,21.5,2,0.0,0.151
005209,Car,car,25.17,58.3,3,0.0,0.48
005209,Car,car,37.24,38.6,2,0.0,0.328
005209,Car,car,74.44,15.2,1,0.0,0.506
005218,Pedestrian,pedestrian,7.72,164.0,0,0.0,0.876
005220,Car,car,30.33,39.9,0,0.0,0.761
005220,Car,car,18.99,76.6,0,0.0,0.929
005220,Car,car,23.72,60.5,1,0.0,0.873
005220,Car,car,17.86,71.3,0,0.0,0.887
005220,Car,car,21.21,58.3,2,0.0,0.887
005220,Car,car,24.5,46.8,2,0.0,0.0
005220,Car,car,27.83,45.2,2,0.0,0.595
005220,Car,car,35.13,35.8,2,0.0,0.595
005220,Car,car,79.33,13.1,0,0.0,0.531
005220,Van,van,73.93,19.0,2,0.0,0.0
005220,Car,car,80.66,15.7,0,0.0,0.619
005221,Truck,truck,7.84,345.3,1,0.29,0.937
005221,Car,car,11.81,111.5,0,0.0,0.894
005221,Van,van,37.15,41.1,0,0.0,0.686
005221,Car,car,61.41,19.4,0,0.0,0.737
005227,Car,car,26.96,41.9,0,0.0,0.829
005227,Van,van,54.56,37.9,3,0.0,0.728
005227,Car,car,20.13,67.5,0,0.0,0.921
005229,Car,car,25.48,50.4,0,0.0,0.875
005229,Car,car,13.3,110.9,0,0.8,0.905
005229,Car,car,23.41,63.3,3,0.32,0.719
005229,Car,car,45.0,25.8,1,0.0,0.0
005229,Car,car,33.39,54.1,3,0.05,0.719
005229,Car,car,52.64,25.9,1,0.0,0.796
005229,Car,car,53.75,20.4,0,0.0,0.676
005229,Car,car,75.88,14.7,1,0.0,0.0
005229,Car,car,42.03,34.6,2,0.0,0.807
005233,Car,car,31.21,38.4,0,0.0,0.777
005233,Car,car,37.67,29.2,0,0.0,0.822
005244,Truck,truck,65.75,34.9,0,0.0,0.693
005244,Cyclist,cyclist,39.48,40.1,1,0.0,0.0
005244,Car,car,38.02,37.0,0,0.0,0.843
005244,Cyclist,cyclist,26.11,54.3,3,0.0,0.0
005245,Car,car,24.88,44.2,0,0.0,0.873
005245,Car,car,9.72,154.0,0,0.0,0.927
005245,Car,car,12.38,109.0,2,0.0,0.853
005245,Car,car,19.79,59.4,2,0.0,0.0
005245,Van,van,22.11,82.1,3,0.0,0.442
005245,Pedestrian,pedestrian,10.91,120.1,0,0.0,0.892
005245,Car,car,12.28,147.3,3,0.96,0.0
005245,Van,van,57.0,32.1,3,0.0,0.365
005245,Car,car,37.2,31.6,2,0.0,0.0
005245,Van,van,32.54,44.0,3,0.0,0.0
005245,Car,car,23.41,69.9,3,0.3,0.699
005245,Car,car,27.96,42.2,2,0.0,0.201
005245,Car,car,20.25,66.4,2,0.0,0.0
005245,Pedestrian,pedestrian,30.95,48.6,2,0.0,0.0
005245,Pedestrian,pedestrian,38.2,31.6,2,0.0,0.0
005245,Truck,truck,48.72,50.7,3,0.0,0.0
005246,Car,car,30.2,42.4,0,0.0,0.736
005246,Car,car,18.93,72.2,1,0.0,0.876
005246,Car,car,27.64,47.5,1,0.0,0.615
005246,Car,car,37.57,33.6,1,0.0,0.498
005246,Car,car,47.5,22.7,1,0.0,0.247
005250,Car,car,10.48,130.5,0,0.0,0.901
005250,Car,car,16.96,87.1,2,0.0,0.72
005250,Car,car,10.1,146.5,0,0.0,0.939
005250,Car,car,15.68,82.4,1,0.0,0.904
005250,Car,car,21.38,57.6,1,0.0,0.85
005250,Car,car,51.49,31.5,1,0.0,0.816
005250,Car,car,48.06,25.4,1,0.0,0.779
005250,Car,car,48.89,25.9,1,0.0,0.85
005250,Car,car,29.26,36.9,2,0.0,0.72
005251,Car,car,9.47,220.3,0,0.63,0.562
005251,Car,car,4.58,171.6,0,0.91,0.897
005251,Car,car,14.71,95.6,0,0.0,0.878
005251,Car,car,11.44,127.8,3,0.11,0.0
005251,Car,car,13.52,97.7,2,0.0,0.888
005251,Car,car,16.07,86.0,2,0.0,0.888
005251,Car,car,20.7,53.8,2,0.0,0.776
005251,Car,car,29.66,42.5,2,0.0,0.719
005251,Car,car,33.89,44.2,2,0.0,0.0
005251,Car,car,39.08,28.1,2,0.0,0.649
005251,Car,car,43.42,24.2,2,0.0,0.585
005252,Car,car,70.23,15.6,0,0.0,0.727
005252,Car,car,46.4,27.2,0,0.0,0.731
005276,Car,car,16.23,76.8,0,0.0,0.872
005276,Car,car,30.73,35.5,0,0.0,0.89
005276,Car,car,10.62,142.1,0,0.25,0.933
005276,Car,car,45.79,26.2,1,0.0,0.876
005276,Cyclist,cyclist,19.37,67.2,0,0.0,0.823
005276,Car,car,42.47,28.1,1,0.0,0.756
005276,Car,car,49.53,21.1,2,0.0,0.036
005283,Car,car,34.23,32.5,0,0.0,0.858
005283,Car,car,7.06,198.2,1,0.84,0.847
005283,Car,car,13.39,96.9,1,0.0,0.893
005283,Car,car,8.93,175.1,3,0.37,0.857
005285,Car,car,41.38,26.4,0,0.0,0.812
005285,Car,car,6.91,188.5,1,0.71,0.912
005285,Car,car,18.98,66.0,1,0.0,0.895
005285,Car,car,31.01,37.7,2,0.0,0.043
005299,Car,car,46.53,27.0,0,0.0,0.712
005299,Truck,truck,73.92,30.7,0,0.0,0.407
005299,Van,van,49.65,31.6,3,0.0,0.752
005308,Van,van,31.66,69.1,0,0.51,0.394
005308,Car,car,34.67,39.0,0,0.0,0.737
005308,Van,van,49.16,33.7,1,0.0,0.448
005308,Car,car,55.35,20.8,0,0.0,0.78
005308,Car,car,56.98,20.2,0,0.0,0.835
005312,Car,car,15.75,78.7,0,0.0,0.89
005312,Pedestrian,pedestrian,20.24,62.8,0,0.0,0.78
005312,Car,car,40.15,28.3,1,0.0,0.475
005312,Car,car,26.86,44.2,2,0.0,0.0
005312,Car,car,43.63,26.1,0,0.0,0.708
005312,Truck,truck,53.75,52.7,2,0.0,0.372
005312,Car,car,37.55,38.9,2,0.0,0.024
005316,Pedestrian,pedestrian,48.59,26.4,1,0.0,0.302
005316,Van,van,38.48,48.0,1,0.0,0.58
005316,Car,car,32.05,40.2,0,0.0,0.844
005316,Car,car,35.2,37.4,1,0.0,0.731
005316,Car,car,46.73,27.3,0,0.0,0.847
005316,Car,car,49.64,26.8,1,0.0,0.783
005316,Car,car,68.63,17.7,0,0.0,0.785
005317,Pedestrian,pedestrian,10.67,142.1,1,0.0,0.85
005318,Car,car,34.75,35.4,0,0.0,0.845
005318,Car,car,8.2,174.4,0,0.11,0.941
005318,Car,car,15.06,102.4,3,0.11,0.84
005318,Van,van,22.18,106.8,1,0.0,0.785
005318,Car,car,22.5,64.3,2,0.0,0.0
005318,Car,car,29.46,41.2,1,0.0,0.0
005318,Truck,truck,64.64,52.1,1,0.0,0.644
005318,Car,car,29.53,43.4,2,0.0,0.0
005328,Car,car,70.51,13.4,0,0.0,0.732
005328,Car,car,39.01,31.6,0,0.0,0.884
005331,Car,car,31.71,36.3,0,0.0,0.884
005341,Pedestrian,pedestrian,16.35,101.1,0,0.0,0.823
005347,Van,van,21.13,107.8,3,0.0,0.752
005347,Car,car,23.76,52.6,0,0.0,0.873
005347,Car,car,32.87,32.2,2,0.0,0.774
005347,Car,car,69.21,17.3,0,0.0,0.803
005347,Truck,truck,19.79,151.4,3,0.0,0.0
005354,Car,car,23.56,45.8,0,0.0,0.9
005354,Car,car,9.24,179.2,3,0.03,0.916
005354,Car,car,14.41,91.8,0,0.0,0.937
005354,Car,car,30.18,42.3,1,0.0,0.764
005354,Car,car,17.18,70.2,0,0.0,0.896
005354,Van,van,38.0,50.2,3,0.0,0.578
005354,Car,car,16.4,82.9,2,0.0,0.0
005354,Car,car,32.98,35.5,2,0.0,0.374
005354,Car,car,23.51,57.0,3,0.42,0.807
005356,Car,car,24.89,44.2,0,0.0,0.876
005356,Car,car,8.22,178.1,3,0.21,0.934
005356,Car,car,10.79,133.7,2,0.0,0.911
005356,Car,car,18.11,66.2,1,0.0,0.801
005356,Van,van,20.38,90.4,3,0.0,0.551
005356,Pedestrian,pedestrian,9.42,143.8,0,0.0,0.912
005356,Van,van,55.25,33.1,3,0.0,0.566
005356,Car,car,37.48,31.4,2,0.0,0.0
005356,Van,van,30.85,46.6,3,0.0,0.0
005356,Car,car,22.08,71.8,3,0.63,0.056
005356,Car,car,26.49,46.2,2,0.0,0.0
005356,Car,car,18.68,75.0,2,0.0,0.0
005356,Car,car,24.54,52.3,2,0.0,0.0
005356,Pedestrian,pedestrian,29.44,52.0,2,0.0,0.0
005356,Pedestrian,pedestrian,36.74,33.2,2,0.0,0.0
005356,Truck,truck,47.14,52.8,3,0.0,0.0
005362,Car,car,49.55,23.7,0,0.0,0.774
005362,Car,car,3.56,188.3,0,1.0,0.0
005362,Car,car,10.84,129.0,0,0.0,0.701
005362,Car,car,7.38,265.6,1,0.16,0.75
005362,Car,car,22.94,66.6,2,0.0,0.0
005362,Car,car,17.28,73.4,2,0.0,0.0
005362,Car,car,32.59,41.0,2,0.0,0.0
005368,Car,car,3.01,202.4,0,1.0,0.0
005368,Car,car,18.34,61.5,0,0.0,0.704
005368,Van,van,52.73,38.4,2,0.0,0.432
005374,Car,car,18.58,66.7,0,0.0,0.855
005374,Car,car,27.27,55.0,0,0.0,0.888
005374,Car,car,39.35,34.5,1,0.0,0.828
005374,Car,car,37.27,38.6,0,0.0,0.882
005379,Car,car,10.56,133.3,0,0.0,0.954
005379,Car,car,14.62,105.5,1,0.0,0.75
005379,Van,van,21.05,115.4,1,0.0,0.904
005379,Car,car,23.26,50.8,0,0.0,0.873
005379,Car,car,23.59,58.4,1,0.0,0.752
005379,Car,car,29.29,48.5,1,0.0,0.708
005379,Car,car,28.5,45.5,2,0.0,0.198
005382,Car,car,24.19,44.3,0,0.0,0.879
005382,Car,car,8.3,188.8,3,0.39,0.914
005382,Car,car,17.7,84.4,2,0.0,0.0
005382,Car,car,20.87,72.1,2,0.0,0.799
005382,Car,car,31.09,44.9,2,0.0,0.379
005382,Van,van,34.29,55.4,3,0.0,0.549
005382,Car,car,37.11,31.3,2,0.0,0.0
005382,Van,van,10.58,176.2,3,0.0,0.498
005382,Truck,truck,27.8,109.7,3,0.0,0.139
005387,Car,car,14.43,98.8,0,0.0,0.873
005387,Car,car,45.08,29.1,1,0.0,0.755
005388,Car,car,7.99,189.8,0,0.38,0.947
005388,Car,car,13.36,122.1,3,0.09,0.0
005388,Car,car,24.17,47.5,0,0.0,0.851
005388,Car,car,25.9,48.9,2,0.0,0.0
005398,Car,car,14.45,115.6,0,0.15,0.898
005398,Car,car,29.37,35.9,0,0.0,0.847
005398,Car,car,18.95,76.8,1,0.0,0.902
005398,Car,car,24.27,48.7,1,0.0,0.88
005398,Car,car,30.84,38.4,1,0.0,0.867
005398,Car,car,43.38,24.1,0,0.0,0.779
005403,Car,car,23.63,45.5,0,0.0,0.89
005403,Car,car,5.57,173.8,3,0.65,0.939
005403,Car,car,9.19,170.9,3,0.55,0.0
005403,Car,car,11.99,124.7,2,0.0,0.0
005403,Car,car,18.57,65.1,1,0.0,0.874
005403,Car,car,21.35,60.4,2,0.0,0.758
005403,Car,car,29.09,38.0,2,0.0,0.809
005403,Car,car,27.87,36.7,0,0.0,0.817
005403,Car,car,39.1,30.9,2,0.0,0.637
005403,Car,car,19.19,58.5,0,0.0,0.91
005403,Truck,truck,29.63,97.2,3,0.0,0.593
005403,Pedestrian,pedestrian,24.14,55.6,0,0.0,0.723
005403,Car,car,24.36,58.2,3,0.29,0.411
005403,Car,car,35.81,32.5,2,0.0,0.0
005403,Car,car,37.0,32.8,1,0.0,0.607
005404,Van,van,15.64,108.9,0,0.0,0.51
005404,Car,car,39.9,30.4,0,0.0,0.815
005408,Cyclist,cyclist,12.84,113.9,2,0.0,0.891
005408,Pedestrian,pedestrian,8.76,164.3,0,0.0,0.891
005408,Pedestrian,pedestrian,23.86,58.3,2,0.0,0.0
005408,Pedestrian,pedestrian,13.83,98.0,0,0.0,0.862
005408,Pedestrian,pedestrian,14.72,96.2,1,0.0,0.801
005408,Pedestrian,pedestrian,13.76,105.3,0,0.0,0.801
005408,Pedestrian,pedestrian,20.34,67.4,1,0.0,0.026
005408,Pedestrian,pedestrian,21.33,74.9,1,0.0,0.058
005408,Pedestrian,pedestrian,20.15,85.8,1,0.0,0.0
005408,Pedestrian,pedestrian,20.77,70.5,2,0.0,0.0
005408,Van,van,76.58,19.8,0,0.0,0.611
005411,Car,car,12.04,138.8,0,0.6,0.876
005411,Car,car,2.83,137.9,0,1.0,0.0
005411,Van,van,6.28,250.8,0,0.88,0.6
005411,Car,car,14.11,104.5,1,0.0,0.874
005411,Car,car,16.02,91.0,1,0.0,0.621
005411,Van,van,18.67,84.4,2,0.0,0.621
005411,Car,car,10.86,159.3,1,0.0,0.0
005411,Car,car,16.39,87.3,1,0.0,0.832
005411,Truck,truck,31.83,96.7,3,0.0,0.774
005413,Truck,truck,58.16,40.0,0,0.0,0.643
005413,Car,car,45.85,27.1,0,0.0,0.866
005413,Car,car,79.18,17.8,0,0.0,0.748
005424,Car,car,38.85,34.0,0,0.0,0.644
005432,Car,car,17.78,77.2,0,0.0,0.916
005432,Car,car,50.14,23.4,0,0.0,0.651
005432,Car,car,48.48,23.3,0,0.0,0.774
005439,Pedestrian,pedestrian,7.9,188.4,0,0.0,0.916
005452,Truck,truck,30.76,99.9,1,0.0,0.49
005452,Van,van,71.08,29.4,3,0.0,0.488
005452,Car,car,69.49,13.6,0,0.0,0.535
005460,Car,car,70.85,13.3,0,0.0,0.67
005460,Car,car,42.33,28.9,0,0.0,0.869
005473,Pedestrian,pedestrian,52.25,24.5,0,0.0,0.367
005473,Van,van,41.42,42.9,0,0.0,0.766
005473,Car,car,38.4,31.8,2,0.0,0.823
005473,Car,car,41.17,30.1,1,0.0,0.729
005473,Car,car,53.37,23.5,0,0.0,0.794
005473,Car,car,56.01,23.3,1,0.0,0.816
005474,Van,van,24.03,99.3,3,0.0,0.657
005474,Car,car,73.06,13.2,0,0.0,0.442
005475,Car,car,60.16,18.8,0,0.0,0.465
005475,Van,van,63.28,30.9,0,0.0,0.633
005476,Van,van,32.99,67.0,0,0.23,0.585
005476,Car,car,37.47,35.0,0,0.0,0.699
005476,Van,van,50.76,32.3,1,0.0,0.011
005476,Car,car,58.88,19.5,0,0.0,0.814
005476,Car,car,60.23,18.8,0,0.0,0.822
005480,Van,van,14.02,132.2,0,0.77,0.506
005480,Car,car,11.7,117.2,1,0.0,0.787
005480,Car,car,17.67,75.5,2,0.0,0.821
005480,Car,car,41.91,33.3,0,0.0,0.868
005480,Car,car,29.47,41.0,0,0.0,0.776
005480,Car,car,34.53,33.8,2,0.0,0.776
005480,Car,car,40.47,28.0,2,0.0,0.535
005489,Car,car,11.85,122.3,0,0.0,0.926
005489,Car,car,18.29,71.9,1,0.0,0.89
005489,Car,car,34.89,32.6,1,0.0,0.764
005489,Van,van,43.45,30.6,1,0.0,0.463
005501,Car,car,24.87,49.5,0,0.0,0.864
005501,Car,car,32.55,35.3,1,0.0,0.834
005501,Car,car,53.1,21.0,0,0.0,0.771
005501,Car,car,58.89,21.0,2,0.0,0.704
005501,Car,car,54.24,21.4,0,0.0,0.08
005509,Car,car,22.61,55.8,0,0.0,0.866
005509,Tram,tram,10.55,365.5,0,0.94,0.827
005510,Person_sitting,pedestrian,4.41,115.1,1,0.63,0.04
005510,Pedestrian,pedestrian,6.65,212.1,0,0.0,0.896
005510,Pedestrian,pedestrian,6.08,210.9,0,0.06,0.9
005510,Pedestrian,pedestrian,15.25,86.3,0,0.0,0.82
005510,Pedestrian,pedestrian,24.03,55.2,0,0.0,0.728
005510,Pedestrian,pedestrian,24.59,52.9,1,0.0,0.0
005510,Pedestrian,pedestrian,23.53,59.1,1,0.0,0.0
005510,Pedestrian,pedestrian,15.14,83.3,0,0.0,0.635
005510,Pedestrian,pedestrian,19.59,69.2,1,0.0,0.56
005510,Pedestrian,pedestrian,22.8,60.7,1,0.0,0.324
005510,Car,car,42.44,28.2,0,0.0,0.762
005510,Pedestrian,pedestrian,16.15,88.0,1,0.0,0.0
005510,Pedestrian,pedestrian,17.91,70.1,0,0.0,0.0
005516,Car,car,11.07,123.2,0,0.0,0.934
005516,Car,car,5.73,187.7,0,1.0,0.0
005516,Car,car,21.68,58.4,0,0.0,0.87
005516,Car,car,32.48,36.6,2,0.0,0.477
005516,Car,car,39.0,27.6,2,0.0,0.477
005516,Car,car,24.42,49.8,0,0.0,0.886
005516,Car,car,18.72,77.1,0,0.0,0.928
005516,Car,car,52.16,22.2,1,0.0,0.541
005516,Car,car,67.68,17.7,0,0.0,0.537
005516,Car,car,33.57,36.4,2,0.0,0.012
005516,Car,car,39.48,36.4,2,0.0,0.465
005516,Car,car,49.29,24.5,1,0.0,0.731
005516,Car,car,61.61,17.7,2,0.0,0.301
005516,Car,car,33.74,37.2,1,0.0,0.674
005516,Car,car,46.32,27.4,2,0.0,0.674
005517,Car,car,35.38,32.8,0,0.0,0.874
005517,Car,car,43.52,25.5,0,0.0,0.854
005517,Pedestrian,pedestrian,59.6,21.0,0,0.0,0.0
005517,Car,car,77.13,16.8,1,0.0,0.071
005519,Car,car,12.48,106.4,1,0.0,0.819
005519,Car,car,17.29,67.7,1,0.0,0.865
005519,Car,car,8.31,194.7,1,0.45,0.894
005519,Car,car,6.8,205.4,1,0.91,0.894
005519,Pedestrian,pedestrian,27.44,51.9,0,0.0,0.451
005526,Pedestrian,pedestrian,9.8,162.7,0,0.0,0.834
005528,Car,car,46.47,26.9,0,0.0,0.787
005528,Car,car,3.75,186.5,0,1.0,0.89
005528,Cyclist,cyclist,8.5,170.1,0,0.0,0.83
005528,Pedestrian,pedestrian,9.87,123.8,1,0.0,0.715
005528,Pedestrian,pedestrian,11.71,96.2,1,0.0,0.797
005528,Pedestrian,pedestrian,10.88,125.8,1,0.0,0.808
005528,Car,car,18.93,71.6,1,0.0,0.788
005528,Car,car,39.84,27.0,1,0.0,0.799
005528,Cyclist,cyclist,10.96,122.8,2,0.0,0.014
005535,Car,car,32.52,36.6,0,0.0,0.813
005535,Car,car,46.52,27.3,1,0.0,0.734
005539,Car,car,18.71,71.6,0,0.0,0.926
005539,Car,car,23.44,52.6,1,0.0,0.881
005539,Cyclist,cyclist,14.16,114.8,0,0.08,0.622
005539,Cyclist,cyclist,18.91,79.8,0,0.0,0.146
005539,Car,car,50.15,25.3,0,0.0,0.842
005545,Pedestrian,pedestrian,11.06,117.0,0,0.0,0.846
005545,Cyclist,cyclist,8.46,171.1,0,0.0,0.0
005545,Car,car,41.51,27.4,0,0.0,0.839
005545,Pedestrian,pedestrian,19.09,64.3,2,0.0,0.0
005545,Cyclist,cyclist,6.08,225.4,0,0.19,0.864
005545,Van,van,31.91,64.4,1,0.0,0.689
005550,Car,car,52.08,24.9,0,0.0,0.684
005555,Car,car,47.97,26.1,0,0.0,0.766
005555,Tram,tram,47.62,101.6,0,0.0,0.762
005555,Cyclist,cyclist,27.6,50.3,0,0.0,0.602
005558,Car,car,38.91,31.5,0,0.0,0.869
005558,Car,car,28.95,37.0,0,0.0,0.842
005558,Car,car,40.39,26.7,2,0.0,0.249
005558,Car,car,67.32,16.6,0,0.0,0.372
005560,Car,car,10.62,129.7,0,0.0,0.931
005560,Car,car,17.07,72.6,0,0.0,0.891
005560,Car,car,20.7,57.1,0,0.0,0.882
005560,Car,car,26.23,53.0,1,0.0,0.722
005560,Car,car,40.02,31.5,0,0.0,0.799
005560,Cyclist,cyclist,68.92,19.8,0,0.0,0.107
005560,Cyclist,cyclist,69.06,18.7,0,0.0,0.011
005560,Car,car,36.41,34.0,1,0.0,0.749
005564,Car,car,31.09,39.6,0,0.0,0.881
005564,Car,car,9.17,162.1,0,0.0,0.91
005564,Car,car,13.85,92.5,1,0.0,0.872
005564,Car,car,19.8,59.6,1,0.0,0.816
005564,Car,car,25.12,46.8,2,0.0,0.666
005564,Car,car,36.22,30.1,2,0.0,0.417
005565,Car,car,9.42,153.6,0,0.0,0.933
005565,Cyclist,cyclist,51.18,27.4,0,0.0,0.644
005565,Car,car,28.29,46.0,0,0.0,0.895
005566,Car,car,37.52,26.4,0,0.0,0.828
005566,Car,car,46.05,23.0,0,0.0,0.816
005566,Van,van,59.51,28.8,2,0.0,0.095
005566,Car,car,43.77,27.2,0,0.0,0.883
005569,Car,car,18.1,69.0,0,0.0,0.852
005569,Car,car,21.15,78.0,0,0.26,0.866
005569,Car,car,30.92,44.7,1,0.0,0.873
005569,Car,car,41.23,34.0,0,0.0,0.882
005574,Car,car,4.72,173.4,0,0.9,0.918
005574,Car,car,15.53,76.6,0,0.0,0.903
005574,Car,car,28.25,42.5,0,0.0,0.722
005574,Car,car,37.58,31.8,1,0.0,0.75
005574,Car,car,21.93,55.7,1,0.0,0.863
005575,Car,car,41.38,32.5,0,0.0,0.701
005575,Van,van,18.93,78.0,0,0.0,0.755
005575,Car,car,20.13,74.8,1,0.0,0.929
005575,Car,car,18.2,71.1,0,0.0,0.878
005575,Car,car,31.27,37.3,2,0.0,0.062
005575,Car,car,47.38,24.4,1,0.0,0.742
005575,Tram,tram,85.68,31.9,2,0.0,0.0
005578,Car,car,3.49,185.6,0,1.0,0.877
005578,Car,car,6.67,173.4,0,0.53,0.899
005578,Car,car,10.99,113.1,1,0.0,0.886
005578,Car,car,11.12,123.1,0,0.0,0.914
005578,Car,car,23.95,49.2,0,0.0,0.819
005578,Car,car,23.51,49.0,1,0.0,0.833
005578,Van,van,29.23,55.9,2,0.0,0.523
005578,Car,car,28.31,40.4,2,0.0,0.093
005578,Van,van,38.95,53.6,2,0.0,0.471
005578,Van,van,59.35,25.2,0,0.0,0.404
005578,Van,van,55.23,37.3,2,0.0,0.0
005581,Car,car,61.13,20.4,0,0.0,0.602
005581,Truck,truck,76.83,29.4,0,0.0,0.469
005581,Car,car,45.68,33.3,3,0.49,0.851
005581,Car,car,41.32,30.3,0,0.0,0.848
005581,Car,car,44.01,37.5,0,0.0,0.85
005591,Car,car,14.43,99.9,1,0.32,0.911
005591,Car,car,16.36,95.0,1,0.0,0.788
005591,Car,car,18.77,75.3,2,0.0,0.025
005591,Car,car,23.09,59.9,1,0.0,0.0
005591,Car,car,30.61,37.7,2,0.0,0.701
005591,Car,car,33.22,35.9,2,0.0,0.136
005591,Car,car,44.56,26.9,0,0.0,0.768
005599,Car,car,5.23,178.3,0,0.79,0.896
005599,Car,car,14.48,82.1,0,0.0,0.905
005599,Car,car,22.91,53.4,0,0.0,0.798
005599,Car,car,27.97,43.5,0,0.0,0.808
005599,Car,car,24.61,55.6,2,0.0,0.777
005599,Car,car,36.97,30.5,2,0.0,0.379
005603,Van,van,20.9,119.0,3,0.0,0.589
005603,Car,car,73.2,13.2,0,0.0,0.653
005622,Car,car,14.62,100.6,0,0.56,0.122
005622,Car,car,16.61,87.8,1,0.0,0.684
005622,Car,car,27.19,46.3,0,0.0,0.876
005622,Car,car,32.0,37.4,2,0.0,0.648
005622,Car,car,37.54,27.9,1,0.0,0.809
005622,Car,car,44.38,25.0,1,0.0,0.66
005622,Car,car,53.01,19.6,0,0.0,0.798
005622,Pedestrian,pedestrian,16.6,77.3,0,0.0,0.657
005622,Pedestrian,pedestrian,17.16,54.3,2,0.0,0.0
005623,Car,car,8.67,173.2,0,0.0,0.945
005623,Car,car,14.59,98.2,1,0.0,0.905
005623,Car,car,14.09,91.1,1,0.0,0.881
005623,Car,car,28.93,42.9,1,0.0,0.753
005623,Car,car,22.46,53.8,1,0.0,0.871
005623,Car,car,28.02,42.7,2,0.0,0.703
005623,Car,car,33.89,33.5,2,0.0,0.354
005625,Car,car,9.73,171.0,0,0.63,0.918
005625,Car,car,11.96,128.8,3,0.29,0.898
005625,Car,car,15.84,91.7,2,0.0,0.798
005625,Car,car,18.32,96.1,2,0.0,0.798
005625,Cyclist,cyclist,27.05,44.3,0,0.0,0.708
005625,Car,car,8.05,198.4,0,0.91,0.917
005625,Car,car,9.67,169.9,3,0.46,0.859
005625,Car,car,11.9,113.5,2,0.0,0.861
005625,Car,car,14.28,91.3,2,0.0,0.861
005625,Car,car,16.55,80.0,2,0.0,0.457
005625,Car,car,19.25,61.6,2,0.0,0.457
005625,Car,car,21.54,65.6,2,0.0,0.666
005625,Car,car,28.77,41.1,1,0.0,0.646
005625,Car,car,31.45,36.8,2,0.0,0.646
005625,Car,car,33.95,32.4,0,0.0,0.835
005625,Car,car,48.95,22.1,2,0.0,0.591
005625,Van,van,94.95,18.5,2,0.0,0.359
005627,Car,car,10.33,147.0,0,0.0,0.905
005627,Car,car,16.26,91.6,3,0.18,0.633
005627,Car,car,22.6,58.8,2,0.0,0.725
005627,Car,car,37.33,28.2,0,0.0,0.779
005627,Car,car,44.83,27.5,0,0.0,0.783
005627,Car,car,47.89,24.6,2,0.0,0.723
005628,Car,car,3.8,149.6,0,1.0,0.0
005628,Car,car,7.31,146.4,0,0.48,0.921
005628,Car,car,7.29,187.2,0,0.21,0.888
005628,Car,car,17.62,75.2,2,0.0,0.0
005628,Car,car,19.99,60.3,0,0.0,0.865
005628,Car,car,19.52,60.2,0,0.0,0.833
005628,Van,van,25.26,65.7,2,0.0,0.539
005628,Car,car,24.28,47.9,2,0.0,0.356
005628,Van,van,35.13,60.3,2,0.0,0.598
005628,Van,van,55.39,27.1,0,0.0,0.4
005628,Van,van,51.32,40.4,2,0.0,0.039
005631,Car,car,8.38,167.0,1,0.16,0.933
005631,Car,car,3.91,179.9,0,1.0,0.919
005631,Car,car,8.49,173.8,1,0.0,0.905
005631,Car,car,19.81,103.6,3,0.5,0.0
005631,Car,car,29.5,40.0,0,0.0,0.793
005631,Car,car,44.21,23.9,0,0.0,0.823
005631,Car,car,22.8,53.6,2,0.0,0.802
005631,Car,car,59.23,19.9,1,0.0,0.781
005631,Cyclist,cyclist,44.03,28.0,0,0.0,0.739
005637,Pedestrian,pedestrian,10.08,148.2,0,0.0,0.893
005640,Car,car,16.43,102.6,3,0.39,0.872
005640,Truck,truck,33.66,89.1,1,0.0,0.715
005640,Van,van,72.78,28.7,3,0.0,0.553
005640,Car,car,69.35,13.7,0,0.0,0.562
005648,Car,car,13.34,134.4,3,0.66,0.856
005648,Car,car,15.89,97.2,1,0.05,0.873
005648,Car,car,18.06,76.4,1,0.0,0.698
005648,Car,car,3.8,187.4,0,1.0,0.925
005648,Car,car,8.66,164.8,1,0.0,0.905
005648,Car,car,7.61,192.7,0,0.24,0.949
005648,Van,van,12.85,141.0,1,0.0,0.625
005648,Car,car,20.63,62.0,2,0.0,0.014
005648,Car,car,22.93,60.7,1,0.0,0.742
005648,Van,van,25.73,59.2,2,0.0,0.742
005648,Car,car,17.96,77.3,2,0.0,0.0
005648,Car,car,23.57,55.0,2,0.0,0.0
005648,Truck,truck,36.8,81.8,3,0.0,0.779
005659,Car,car,15.7,112.4,0,0.0,0.826
005659,Car,car,20.69,57.2,0,0.0,0.886
005659,Car,car,37.48,32.2,0,0.0,0.807
005659,Car,car,37.65,40.7,0,0.0,0.607
005667,Car,car,43.92,29.4,1,0.0,0.6
005667,Car,car,34.18,31.7,0,0.0,0.777
005667,Truck,truck,70.11,39.1,1,0.0,0.261
005667,Car,car,33.41,34.6,0,0.0,0.893
005667,Van,van,11.15,209.1,0,0.6,0.886
005667,Car,car,42.88,27.4,1,0.0,0.655
005690,Cyclist,cyclist,22.36,58.2,0,0.0,0.557
005690,Car,car,14.53,88.3,0,0.0,0.914
005690,Pedestrian,pedestrian,35.55,38.3,0,0.0,0.0
005699,Pedestrian,pedestrian,58.41,23.7,0,0.0,0.022
005708,Car,car,3.77,188.2,0,0.95,0.937
005708,Car,car,3.62,172.5,3,1.0,0.885
005708,Car,car,46.4,24.6,0,0.0,0.831
005710,Car,car,43.96,34.6,0,0.0,0.774
005710,Car,car,68.03,18.8,2,0.0,0.572
005715,Car,car,68.46,15.9,0,0.0,0.606
005715,Car,car,62.96,17.4,0,0.0,0.75
005722,Car,car,4.58,172.2,0,0.91,0.913
005722,Car,car,13.51,90.5,0,0.0,0.905
005722,Car,car,22.83,53.6,0,0.0,0.857
005722,Car,car,26.59,45.9,0,0.0,0.815
005722,Car,car,12.54,124.7,2,0.0,0.0
005722,Van,van,36.33,38.7,1,0.0,0.708
005723,Car,car,15.04,82.2,0,0.0,0.933
005723,Car,car,49.37,23.9,0,0.0,0.648
005723,Car,car,47.71,23.9,0,0.0,0.798
005726,Car,car,47.82,22.9,0,0.0,0.765
005728,Car,car,31.62,39.2,0,0.0,0.812
005728,Car,car,13.55,113.4,1,0.64,0.907
005728,Car,car,11.45,133.7,0,0.0,0.912
005728,Van,van,20.85,75.1,2,0.0,0.547
005728,Van,van,22.98,85.1,1,0.0,0.855
005728,Car,car,27.16,40.1,1,0.0,0.4
005728,Car,car,37.97,36.4,1,0.0,0.667
005728,Car,car,49.63,22.2,1,0.0,0.321
005728,Van,van,62.17,31.0,1,0.0,0.506
005728,Car,car,23.49,58.4,2,0.0,0.372
005731,Car,car,14.27,114.4,0,0.12,0.928
005735,Pedestrian,pedestrian,8.45,154.1,0,0.0,0.891
005736,Van,van,5.99,196.0,0,0.9,0.512
005736,Car,car,21.76,52.5,0,0.0,0.859
005736,Van,van,27.8,51.7,1,0.0,0.471
005736,Car,car,45.61,24.6,0,0.0,0.557
005741,Car,car,9.11,199.6,0,0.0,0.568
005741,Car,car,13.61,97.4,0,0.0,0.886
005741,Car,car,30.27,39.8,0,0.0,0.846
005741,Car,car,30.19,46.8,0,0.0,0.758
005745,Car,car,36.13,32.4,0,0.0,0.867
005746,Pedestrian,pedestrian,5.6,210.5,0,0.14,0.913
005749,Car,car,15.64,96.1,0,0.0,0.607
005750,Cyclist,cyclist,5.46,284.7,0,0.55,0.929
005750,Car,car,61.91,18.6,0,0.0,0.772
005752,Truck,truck,24.99,119.3,0,0.0,0.882
005752,Car,car,57.75,21.9,0,0.0,0.737
005752,Car,car,65.46,18.9,0,0.0,0.717
005752,Car,car,33.95,37.3,0,0.0,0.774
005755,Car,car,11.32,113.5,0,0.0,0.928
005755,Car,car,22.9,53.6,0,0.0,0.815
005755,Car,car,31.37,38.5,2,0.0,0.545
005755,Car,car,36.44,29.6,0,0.0,0.853
005755,Car,car,35.6,31.1,1,0.0,0.743
005762,Car,car,9.96,147.0,0,0.36,0.914
005762,Car,car,11.65,120.7,2,0.0,0.893
005762,Car,car,13.99,102.2,2,0.0,0.893
005762,Car,car,16.19,86.2,2,0.0,0.613
005762,Car,car,18.71,69.7,2,0.0,0.613
005762,Car,car,20.84,58.9,2,0.0,0.689
005762,Car,car,23.4,53.5,2,0.0,0.473
005762,Car,car,27.71,46.9,2,0.0,0.643
005762,Car,car,30.22,53.6,2,0.0,0.643
005762,Cyclist,cyclist,45.07,26.1,0,0.0,0.354
005762,Car,car,12.84,95.6,0,0.0,0.854
005762,Car,car,18.76,72.9,1,0.0,0.848
005762,Car,car,33.7,40.4,2,0.0,0.531
005762,Car,car,46.56,23.2,0,0.0,0.734
005764,Car,car,9.0,181.0,0,0.25,0.951
005764,Car,car,19.32,94.0,0,0.09,0.913
005764,Car,car,32.48,56.1,3,0.37,0.0
005764,Car,car,20.28,58.8,1,0.0,0.886
005764,Car,car,14.7,97.7,1,0.0,0.896
005764,Car,car,25.92,47.0,1,0.0,0.881
005764,Car,car,26.4,46.3,1,0.0,0.759
005764,Car,car,32.68,33.9,1,0.0,0.756
005764,Car,car,36.98,32.8,0,0.0,0.816
005764,Car,car,30.19,38.4,1,0.0,0.881
005764,Car,car,45.43,26.8,1,0.0,0.531
005764,Car,car,75.89,16.3,2,0.0,0.0
005764,Car,car,76.62,13.5,0,0.0,0.727
005764,Car,car,77.23,12.7,2,0.0,0.0
005768,Car,car,9.03,148.6,0,0.0,0.933
005769,Cyclist,cyclist,29.18,48.4,0,0.0,0.653
005769,Car,car,41.17,27.1,1,0.0,0.619
005769,Car,car,46.5,26.3,2,0.0,0.619
005774,Car,car,11.65,137.7,0,0.0,0.889
005774,Car,car,41.14,33.2,0,0.0,0.889
005774,Car,car,30.85,37.3,0,0.0,0.806
005774,Car,car,57.58,22.0,2,0.0,0.0
005774,Car,car,61.84,20.5,2,0.0,0.0
005774,Car,car,72.93,14.6,1,0.0,0.651
005774,Car,car,49.65,26.5,1,0.0,0.766
005774,Car,car,34.06,37.2,0,0.0,0.804
005776,Car,car,21.07,60.2,0,0.0,0.876
005776,Tram,tram,8.01,338.9,0,1.0,0.0
005776,Tram,tram,17.14,282.0,0,0.0,0.879
005776,Tram,tram,32.16,110.0,0,0.0,0.0
005776,Tram,tram,44.41,67.8,0,0.0,0.0
005776,Tram,tram,55.79,54.1,0,0.0,0.0
005777,Car,car,6.77,182.7,0,0.33,0.931
005777,Car,car,6.85,174.1,0,0.47,0.943
005777,Car,car,11.79,112.3,2,0.0,0.886
005777,Car,car,16.74,76.2,2,0.0,0.874
005777,Car,car,19.29,64.2,0,0.0,0.882
005777,Van,van,21.34,71.7,2,0.0,0.717
005777,Car,car,30.05,38.8,1,0.0,0.764
005777,Car,car,39.67,28.2,0,0.0,0.727
005777,Car,car,56.91,20.2,0,0.0,0.662
005778,Car,car,7.08,191.3,0,0.86,0.936
005778,Car,car,10.61,158.5,1,0.0,0.903
005778,Cyclist,cyclist,28.45,45.3,0,0.0,0.038
005778,Car,car,13.24,106.5,0,0.12,0.927
005778,Car,car,19.84,62.2,1,0.0,0.874
005778,Car,car,31.32,35.8,1,0.0,0.604
005780,Car,car,7.03,210.0,0,0.0,0.908
005780,Car,car,55.19,20.0,0,0.0,0.523
005780,Car,car,55.18,20.4,0,0.0,0.793
005780,Car,car,55.01,20.1,0,0.0,0.776
005780,Car,car,31.64,44.1,1,0.0,0.855
005780,Car,car,37.78,36.4,1,0.0,0.698
005780,Van,van,23.15,77.5,0,0.32,0.893
005785,Truck,truck,26.04,122.1,3,0.81,0.859
005785,Car,car,39.08,34.5,0,0.0,0.828
005785,Car,car,64.33,21.0,2,0.0,0.016
005786,Car,car,39.86,31.6,0,0.0,0.824
005786,Car,car,13.53,119.4,1,0.29,0.907
005786,Tram,tram,133.58,23.0,0,0.0,0.336
005788,Car,car,46.78,25.5,0,0.0,0.762
005788,Car,car,14.25,110.4,0,0.0,0.926
005788,Car,car,18.27,92.0,1,0.0,0.823
005788,Car,car,21.47,60.7,0,0.0,0.893
005788,Car,car,53.64,21.8,0,0.0,0.635
005788,Car,car,26.19,62.4,2,0.0,0.0
005795,Car,car,54.35,18.6,2,0.0,0.578
005795,Truck,truck,20.88,218.6,0,0.71,0.942
005795,Car,car,23.27,49.2,0,0.0,0.87
005795,Car,car,21.21,58.0,0,0.0,0.812
005795,Car,car,38.72,29.1,1,0.0,0.783
005795,Car,car,56.56,19.5,2,0.0,0.0
005795,Tram,tram,88.86,30.7,2,0.0,0.0
005806,Pedestrian,pedestrian,9.36,162.8,0,0.0,0.863
005808,Pedestrian,pedestrian,10.37,165.2,1,0.0,0.849
005808,Van,van,14.75,164.5,0,0.69,0.889
005816,Car,car,49.14,25.6,0,0.0,0.771
005818,Pedestrian,pedestrian,34.75,40.8,0,0.0,0.777
005819,Car,car,3.96,240.1,0,1.0,0.646
005819,Car,car,8.72,186.2,0,0.0,0.954
005819,Car,car,18.89,71.6,0,0.0,0.765
005819,Car,car,15.4,80.7,0,0.0,0.873
005819,Car,car,19.76,60.1,1,0.0,0.871
005819,Car,car,20.83,61.5,1,0.0,0.799
005825,Cyclist,cyclist,12.01,125.7,0,0.0,0.562
005825,Cyclist,cyclist,21.4,61.9,1,0.0,0.0
005825,Pedestrian,pedestrian,12.29,111.5,0,0.0,0.906
005825,Pedestrian,pedestrian,24.49,55.6,1,0.0,0.0
005825,Pedestrian,pedestrian,17.08,79.0,1,0.0,0.821
005825,Pedestrian,pedestrian,17.78,78.8,1,0.0,0.43
005825,Pedestrian,pedestrian,16.72,86.2,1,0.0,0.737
005825,Van,van,78.9,19.2,0,0.0,0.461
005831,Car,car,24.21,44.3,0,0.0,0.882
005831,Car,car,9.71,158.8,3,0.0,0.877
005831,Car,car,19.33,75.8,1,0.0,0.0
005831,Car,car,22.55,65.9,2,0.0,0.745
005831,Car,car,32.77,42.4,2,0.0,0.0
005831,Van,van,35.98,52.5,3,0.0,0.598
005831,Car,car,37.11,31.3,2,0.0,0.0
005831,Van,van,12.12,144.0,3,0.0,0.626
005831,Truck,truck,29.28,100.9,3,0.0,0.178
005835,Pedestrian,pedestrian,8.68,171.8,0,0.0,0.898
005836,Pedestrian,pedestrian,16.14,94.4,0,0.0,0.779
005836,Pedestrian,pedestrian,16.68,89.5,1,0.0,0.783
005836,Van,van,20.25,74.3,1,0.0,0.783
005836,Car,car,59.26,28.1,0,0.0,0.793
005845,Car,car,37.98,36.3,1,0.0,0.596
005845,Car,car,39.24,38.8,1,0.0,0.0
005852,Car,car,27.03,52.8,3,0.17,0.903
005852,Car,car,40.3,33.2,0,0.0,0.873
005852,Car,car,52.82,23.9,0,0.0,0.821
005852,Tram,tram,62.86,45.3,3,0.0,0.706
005852,Cyclist,cyclist,37.75,34.6,3,0.0,0.045
005862,Car,car,11.06,146.1,0,0.93,0.0
005862,Car,car,53.65,19.4,1,0.0,0.72
005868,Car,car,7.03,210.0,0,0.0,0.872
005868,Car,car,55.22,20.0,2,0.0,0.0
005868,Car,car,55.19,20.4,1,0.0,0.0
005868,Car,car,55.02,20.1,0,0.0,0.762
005868,Car,car,31.65,44.1,1,0.0,0.855
005868,Car,car,24.11,63.6,0,0.52,0.871
005868,Car,car,33.28,32.7,1,0.0,0.883
005868,Car,car,39.21,40.0,2,0.0,0.338
005868,Van,van,24.96,58.9,2,0.0,0.83
005868,Van,van,22.4,69.3,3,0.0,0.89
005869,Car,car,28.24,44.4,0,0.0,0.794
005875,Car,car,32.06,34.5,0,0.0,0.866
005876,Car,car,9.74,178.4,1,0.37,0.765
005876,Cyclist,cyclist,6.48,210.4,0,0.23,0.765
005876,Pedestrian,pedestrian,17.34,86.8,0,0.0,0.841
005876,Car,car,27.05,42.6,0,0.0,0.873
005876,Car,car,28.82,41.5,1,0.0,0.765
005876,Car,car,67.41,19.6,0,0.0,0.779
005882,Car,car,26.38,61.9,3,0.03,0.91
005882,Car,car,36.49,37.1,0,0.0,0.861
005882,Tram,tram,46.11,67.3,3,0.0,0.758
005882,Cyclist,cyclist,31.63,41.7,3,0.0,0.583
005885,Car,car,9.34,165.0,0,0.0,0.939
005885,Car,car,14.43,94.6,1,0.0,0.88
005885,Van,van,21.45,93.9,2,0.0,0.842
005885,Car,car,26.47,45.5,0,0.0,0.877
005885,Car,car,32.47,34.5,2,0.0,0.0
005885,Car,car,39.41,25.6,2,0.0,0.781
005895,Van,van,22.6,96.2,0,0.0,0.585
005895,Car,car,30.63,35.6,1,0.0,0.521
005895,Cyclist,cyclist,40.37,33.1,0,0.0,0.473
005919,Car,car,8.57,211.5,0,0.06,0.628
005919,Car,car,12.69,112.6,1,0.0,0.887
005919,Car,car,7.24,157.6,0,0.68,0.918
005919,Car,car,29.91,40.9,0,0.0,0.813
005919,Car,car,13.88,97.3,2,0.0,0.0
005919,Car,car,17.71,74.6,2,0.0,0.779
005919,Car,car,24.23,50.5,2,0.0,0.676
005919,Car,car,28.64,42.3,2,0.0,0.549
005919,Car,car,34.94,33.1,2,0.0,0.475
005935,Car,car,32.58,38.0,0,0.0,0.849
005935,Car,car,6.02,189.0,0,0.74,0.856
005935,Car,car,13.39,94.3,1,0.0,0.885
005935,Car,car,16.24,89.6,2,0.0,0.0
005935,Car,car,21.94,66.2,3,0.09,0.0
005935,Car,car,22.37,56.9,2,0.0,0.679
005935,Van,van,29.94,73.2,1,0.0,0.743
005935,Car,car,29.53,43.5,2,0.0,0.014
005935,Car,car,37.53,31.3,1,0.0,0.055
005935,Truck,truck,70.69,47.1,1,0.0,0.488
005935,Car,car,37.04,33.0,2,0.0,0.0
005943,Car,car,11.22,142.3,0,0.83,0.537
005943,Car,car,7.39,173.2,0,0.27,0.931
005943,Car,car,13.18,117.0,2,0.0,0.0
005943,Car,car,59.3,22.3,0,0.0,0.28
005945,Pedestrian,pedestrian,24.09,55.2,0,0.0,0.768
005945,Pedestrian,pedestrian,23.8,53.0,0,0.0,0.764
005951,Car,car,26.94,42.6,0,0.0,0.84
005951,Car,car,72.32,20.5,0,0.0,0.57
005956,Car,car,10.4,146.1,0,0.0,0.894
005964,Cyclist,cyclist,26.21,55.2,0,0.0,0.677
005964,Car,car,38.79,28.6,1,0.0,0.448
005964,Car,car,43.98,27.7,2,0.0,0.448
005965,Car,car,30.53,41.9,1,0.0,0.729
005965,Car,car,41.39,27.4,0,0.0,0.78
005965,Cyclist,cyclist,46.47,27.0,0,0.0,0.244
005965,Cyclist,cyclist,48.98,27.4,0,0.0,0.0
005965,Pedestrian,pedestrian,47.34,27.3,0,0.0,0.04
005965,Pedestrian,pedestrian,46.81,29.9,0,0.0,0.583
005969,Car,car,30.19,38.2,0,0.0,0.746
005972,Car,car,54.64,19.8,0,0.0,0.728
005972,Car,car,35.72,31.6,0,0.0,0.865
005972,Car,car,23.43,67.1,0,0.0,0.841
005972,Car,car,40.47,33.5,1,0.0,0.809
005975,Car,car,4.26,210.7,1,0.98,0.938
005975,Car,car,11.3,119.0,0,0.0,0.937
005975,Car,car,27.73,42.9,0,0.0,0.872
005975,Van,van,46.52,30.3,3,0.0,0.725
005975,Van,van,46.06,29.3,1,0.0,0.021
005978,Car,car,8.14,187.9,0,0.03,0.842
005982,Car,car,7.27,190.7,0,0.15,0.939
005982,Car,car,13.66,96.7,0,0.0,0.883
005982,Car,car,17.3,69.8,0,0.0,0.9
005982,Car,car,22.73,62.5,1,0.0,0.819
005982,Car,car,36.61,34.6,0,0.0,0.806
005982,Cyclist,cyclist,63.12,21.6,0,0.0,0.299
005982,Cyclist,cyclist,63.35,20.4,0,0.0,0.383
005982,Car,car,52.64,21.7,0,0.0,0.717
005982,Car,car,73.02,15.5,1,0.0,0.18
005982,Car,car,32.89,37.9,1,0.0,0.753
005984,Truck,truck,56.88,49.8,1,0.7,0.048
005984,Car,car,35.2,32.8,1,0.0,0.703
005984,Pedestrian,pedestrian,47.25,29.4,1,0.0,0.053
005984,Car,car,50.83,33.3,0,0.0,0.161
005984,Car,car,52.7,25.5,1,0.0,0.419
005984,Car,car,53.57,22.7,0,0.0,0.737
005984,Van,van,56.87,31.3,1,0.0,0.358
005984,Car,car,59.18,21.6,2,0.0,0.502
005984,Car,car,61.42,23.5,1,0.0,0.824
005992,Car,car,33.7,33.0,0,0.0,0.841
005992,Car,car,6.24,194.9,1,0.98,0.737
005992,Car,car,12.14,110.9,1,0.0,0.885
005992,Car,car,7.87,212.0,1,0.63,0.922
005992,Car,car,43.8,25.1,0,0.0,0.0
005993,Car,car,43.41,30.3,0,0.0,0.657
005997,Truck,truck,67.51,33.9,0,0.0,0.566
005997,Cyclist,cyclist,36.22,41.6,1,0.0,0.0
005997,Car,car,27.13,66.6,3,0.36,0.829
005997,Car,car,64.98,19.6,0,0.0,0.761
005997,Cyclist,cyclist,34.47,40.5,3,0.0,0.192
005999,Car,car,9.05,163.0,0,0.0,0.928
005999,Car,car,15.26,94.6,0,0.25,0.947
005999,Car,car,22.54,57.3,0,0.0,0.864
005999,Car,car,21.31,60.5,1,0.0,0.909
005999,Car,car,27.76,43.1,2,0.0,0.0
005999,Car,car,36.18,30.9,2,0.0,0.761
005999,Car,car,38.1,37.1,2,0.0,0.562
006001,Car,car,43.73,21.9,0,0.0,0.689
006001,Car,car,53.02,19.6,0,0.0,0.766
006001,Van,van,79.17,21.4,2,0.0,0.071
006003,Car,car,7.07,196.5,0,0.2,0.954
006003,Car,car,10.59,164.7,0,0.35,0.936
006003,Car,car,17.88,85.7,1,0.0,0.809
006003,Car,car,44.03,24.7,0,0.0,0.813
006003,Car,car,24.13,55.0,2,0.0,0.83
006003,Car,car,34.77,32.7,1,0.0,0.674
006003,Car,car,56.02,20.9,1,0.0,0.743
006003,Car,car,49.42,23.0,1,0.0,0.706
006003,Van,van,62.3,26.7,2,0.0,0.0
006015,Car,car,11.68,109.5,0,0.0,0.927
006015,Car,car,23.44,52.2,0,0.0,0.86
006015,Car,car,32.17,37.5,2,0.0,0.593
006015,Car,car,40.84,26.2,0,0.0,0.845
006015,Car,car,36.25,30.5,1,0.0,0.672
006016,Cyclist,cyclist,4.63,177.4,0,0.76,0.918
006016,Car,car,14.72,85.8,0,0.0,0.886
006016,Car,car,18.86,77.6,1,0.0,0.842
006016,Van,van,24.91,94.0,1,0.0,0.877
006016,Car,car,27.54,42.2,0,0.0,0.877
006016,Car,car,27.99,48.3,1,0.0,0.783
006016,Car,car,33.68,41.8,2,0.0,0.719
006016,Car,car,32.87,39.0,2,0.0,0.336
006016,Car,car,13.42,122.4,0,0.84,0.0
006019,Car,car,44.56,25.0,0,0.0,0.821
006019,Car,car,21.13,63.9,0,0.0,0.801
006019,Cyclist,cyclist,43.45,28.0,0,0.0,0.199
006026,Car,car,6.82,233.2,1,0.32,0.9
006026,Car,car,11.85,118.2,1,0.0,0.882
006026,Car,car,20.34,58.3,0,0.0,0.649
006026,Cyclist,cyclist,26.32,51.4,0,0.0,0.666
006026,Car,car,23.63,49.6,0,0.0,0.866
006026,Car,car,27.26,48.7,1,0.0,0.304
006026,Car,car,39.3,29.8,0,0.0,0.819
006026,Cyclist,cyclist,28.11,46.2,0,0.0,0.611
006029,Pedestrian,pedestrian,8.26,160.1,0,0.0,0.893
006039,Car,car,16.67,86.2,0,0.0,0.878
006039,Car,car,4.72,188.8,0,0.71,0.896
006039,Cyclist,cyclist,12.69,108.6,3,0.0,0.779
006039,Car,car,9.19,143.6,1,0.0,0.915
006039,Car,car,24.44,46.0,1,0.0,0.0
006039,Car,car,41.37,27.5,0,0.0,0.78
006039,Van,van,59.89,23.3,3,0.0,0.772
006039,Car,car,12.39,125.8,1,0.28,0.934
006040,Car,car,19.42,65.8,0,0.0,0.852
006040,Car,car,10.13,174.1,0,0.0,0.886
006040,Car,car,13.06,130.9,1,0.57,0.909
006040,Car,car,23.3,51.7,1,0.0,0.922
006040,Car,car,41.93,30.2,0,0.0,0.849
006054,Car,car,11.81,150.4,0,0.0,0.834
006054,Car,car,7.99,177.0,1,0.6,0.886
006054,Car,car,33.47,34.0,0,0.0,0.835
006054,Car,car,17.78,66.9,2,0.0,0.875
006054,Car,car,23.4,54.4,2,0.0,0.819
006054,Car,car,28.54,40.8,2,0.0,0.643
006054,Car,car,33.93,34.2,2,0.0,0.643
006054,Car,car,60.21,18.1,0,0.0,0.643
006061,Car,car,59.05,18.7,0,0.0,0.727
006061,Van,van,57.69,24.7,0,0.0,0.453
006068,Pedestrian,pedestrian,9.08,169.8,0,0.0,0.876
006068,Car,car,28.99,40.2,2,0.0,0.285
006068,Car,car,5.96,165.8,0,0.9,0.942
006068,Car,car,32.55,35.6,0,0.0,0.87
006068,Truck,truck,53.29,63.3,1,0.0,0.712
006068,Car,car,23.27,55.6,0,0.0,0.867
006069,Car,car,26.25,46.6,0,0.0,0.833
006069,Car,car,27.64,42.7,1,0.0,0.849
006069,Car,car,47.98,23.1,1,0.0,0.83
006069,Car,car,53.72,22.7,1,0.0,0.723
006069,Car,car,49.0,23.5,0,0.0,0.521
006069,Car,car,55.86,19.0,2,0.0,0.521
006073,Car,car,10.0,141.6,0,0.0,0.866
006073,Car,car,15.88,84.5,1,0.0,0.841
006073,Car,car,37.84,37.8,0,0.0,0.824
006073,Car,car,27.68,43.2,0,0.0,0.803
006073,Car,car,32.64,35.6,2,0.0,0.803
006073,Car,car,38.57,29.3,2,0.0,0.028
006073,Car,car,55.16,19.7,2,0.0,0.206
006074,Car,car,29.92,40.1,0,0.0,0.774
006074,Car,car,23.27,50.5,0,0.0,0.89
006074,Car,car,30.04,38.5,2,0.0,0.791
006074,Car,car,41.86,25.4,2,0.0,0.766
006077,Car,car,8.77,189.9,0,0.85,0.849
006077,Car,car,37.82,27.2,0,0.0,0.817
006077,Car,car,31.84,38.4,2,0.0,0.816
006077,Car,car,23.89,50.0,1,0.0,0.857
006077,Car,car,19.02,77.1,2,0.0,0.07
006077,Car,car,16.63,76.2,2,0.0,0.679
006077,Car,car,14.13,90.5,2,0.0,0.679
006077,Car,car,12.46,108.9,2,0.0,0.916
006077,Car,car,10.14,152.3,3,0.37,0.916
006077,Car,car,14.89,91.8,2,0.0,0.849
006077,Car,car,12.92,102.9,0,0.0,0.937
006078,Car,car,7.57,167.8,0,0.52,0.943
006078,Car,car,9.7,159.1,3,0.83,0.0
006078,Car,car,28.65,42.6,1,0.0,0.809
006078,Car,car,14.41,87.1,1,0.0,0.883
006078,Car,car,22.89,53.3,1,0.0,0.87
006078,Car,car,25.74,59.8,2,0.0,0.87
006078,Car,car,44.53,26.8,1,0.0,0.689
006078,Van,van,37.87,51.1,2,0.0,0.033
006079,Car,car,47.91,30.3,0,0.0,0.797
006079,Car,car,58.16,21.2,0,0.0,0.67
006079,Car,car,34.46,36.7,0,0.0,0.831
006081,Car,car,31.9,48.6,0,0.3,0.874
006081,Car,car,12.47,111.3,0,0.0,0.931
006081,Car,car,47.8,27.5,0,0.0,0.855
006081,Car,car,52.15,25.0,1,0.0,0.644
006081,Car,car,53.29,20.2,0,0.0,0.771
006081,Car,car,30.26,45.1,0,0.0,0.712
006081,Car,car,33.74,37.5,0,0.0,0.823
006087,Car,car,27.96,52.9,0,0.0,0.49
006087,Pedestrian,pedestrian,9.83,146.8,1,0.0,0.0
006087,Pedestrian,pedestrian,9.51,152.5,0,0.0,0.872
006087,Pedestrian,pedestrian,21.89,57.8,0,0.0,0.792
006104,Car,car,43.15,26.0,0,0.0,0.793
006109,Car,car,24.67,52.2,0,0.0,0.841
006109,Car,car,36.93,30.3,0,0.0,0.848
006109,Car,car,70.31,15.9,0,0.0,0.251
006109,Pedestrian,pedestrian,52.8,23.8,0,0.0,0.0
006109,Car,car,70.97,18.3,1,0.0,0.381
006109,Van,van,73.83,22.1,1,0.0,0.114
006115,Car,car,28.69,38.7,0,0.0,0.808
006115,Van,van,56.36,36.6,3,0.0,0.694
006115,Car,car,21.8,60.7,0,0.0,0.909
006119,Car,car,22.19,56.9,0,0.0,0.868
006119,Tram,tram,11.26,354.8,0,0.77,0.769
006119,Tram,tram,21.77,182.3,0,0.0,0.0
006124,Car,car,67.85,15.8,0,0.0,0.541
006124,Truck,truck,26.6,138.1,0,0.68,0.831
006127,Car,car,15.86,73.5,0,0.0,0.898
006127,Car,car,4.1,159.1,0,1.0,0.0
006127,Car,car,13.43,101.0,0,0.0,0.927
006127,Car,car,36.47,30.9,0,0.0,0.839
006127,Car,car,15.45,92.5,0,0.0,0.942
006127,Car,car,21.22,56.8,1,0.0,0.831
006127,Car,car,24.96,47.9,2,0.0,0.0
006127,Car,car,33.73,33.8,1,0.0,0.0
006127,Van,van,41.79,33.1,2,0.0,0.0
006127,Car,car,44.48,23.3,1,0.0,0.749
006127,Van,van,53.09,27.4,2,0.0,0.0
006127,Car,car,49.22,24.2,0,0.0,0.689
006127,Car,car,71.71,14.9,0,0.0,0.51
006131,Car,car,35.01,33.3,1,0.0,0.785
006136,Car,car,23.61,42.6,0,0.0,0.88
006136,Car,car,32.75,32.6,0,0.0,0.822
006136,Car,car,51.98,24.9,1,0.0,0.619
006136,Car,car,68.45,16.0,0,0.0,0.748
006136,Car,car,19.29,72.9,0,0.46,0.913
006136,Van,van,50.6,34.2,2,0.0,0.0
006142,Car,car,26.05,43.6,0,0.0,0.798
006155,Car,car,14.48,86.2,0,0.0,0.903
006155,Car,car,39.68,29.0,0,0.0,0.836
006155,Car,car,19.25,69.2,0,0.0,0.897
006155,Car,car,24.22,51.8,2,0.0,0.836
006155,Car,car,11.83,130.2,0,0.0,0.939
006156,Car,car,10.68,154.2,3,0.48,0.547
006156,Car,car,12.17,114.4,2,0.0,0.903
006156,Van,van,14.69,171.4,2,0.0,0.83
006156,Car,car,9.74,145.2,0,0.0,0.922
006156,Car,car,15.57,77.8,2,0.0,0.821
006156,Car,car,19.52,61.6,2,0.0,0.0
006156,Car,car,21.82,57.3,2,0.0,0.0
006156,Car,car,52.68,19.1,0,0.0,0.756
006156,Car,car,46.66,25.7,2,0.0,0.662
006156,Car,car,38.55,29.8,2,0.0,0.817
006156,Car,car,28.58,40.5,2,0.0,0.768
006156,Car,car,29.25,41.5,2,0.0,0.709
006157,Car,car,3.55,181.8,3,1.0,0.928
006157,Car,car,3.19,184.4,0,1.0,0.0
006157,Van,van,15.05,131.7,1,0.89,0.0
006157,Van,van,13.45,153.7,1,0.35,0.566
006157,Car,car,11.69,122.4,1,0.0,0.918
006157,Car,car,16.7,77.9,1,0.0,0.85
006157,Car,car,23.22,66.4,1,0.0,0.829
006157,Car,car,23.63,54.2,1,0.0,0.847
006157,Car,car,25.91,48.8,1,0.0,0.814
006157,Car,car,29.09,43.0,2,0.0,0.814
006157,Car,car,31.9,40.4,2,0.0,0.376
006157,Car,car,22.98,55.2,0,0.0,0.787
006157,Car,car,27.67,45.0,1,0.0,0.828
006157,Van,van,33.29,46.6,2,0.0,0.662
006157,Car,car,42.88,30.5,2,0.0,0.261
006157,Truck,truck,55.16,51.5,3,0.0,0.785
006163,Car,car,9.24,172.5,3,0.44,0.905
006163,Car,car,11.4,135.8,3,0.0,0.905
006163,Car,car,13.55,108.8,2,0.0,0.841
006163,Car,car,16.04,84.4,2,0.0,0.815
006163,Car,car,18.07,69.9,2,0.0,0.021
006163,Car,car,20.6,62.0,2,0.0,0.021
006163,Car,car,24.88,52.9,2,0.0,0.527
006163,Car,car,27.36,59.8,2,0.0,0.527
006163,Cyclist,cyclist,40.81,28.9,0,0.0,0.333
006163,Car,car,10.1,130.5,0,0.0,0.913
006163,Car,car,16.0,88.2,1,0.0,0.879
006163,Car,car,20.83,56.8,2,0.0,0.0
006163,Car,car,28.6,39.5,2,0.0,0.609
006163,Car,car,30.83,44.4,2,0.0,0.504
006163,Car,car,38.38,30.0,1,0.0,0.649
006163,Car,car,40.92,27.8,2,0.0,0.649
006163,Car,car,43.63,24.9,0,0.0,0.764
006177,Truck,truck,63.99,35.9,0,0.0,0.44
006177,Car,car,20.19,78.3,3,0.82,0.798
006177,Cyclist,cyclist,19.96,72.7,3,0.0,0.548
006177,Car,car,62.41,20.1,0,0.0,0.816
006181,Car,car,4.94,157.8,0,0.93,0.932
006181,Car,car,49.32,30.6,0,0.0,0.765
006181,Car,car,73.45,17.4,2,0.0,0.428
006182,Car,car,43.9,25.5,0,0.0,0.648
006182,Car,car,26.8,49.8,0,0.0,0.748
006182,Car,car,40.47,33.5,1,0.0,0.789
006183,Car,car,6.6,174.8,0,0.66,0.908
006183,Car,car,12.19,112.3,0,0.0,0.851
006185,Car,car,17.33,70.1,0,0.0,0.883
006185,Car,car,33.75,32.8,0,0.0,0.791
006185,Pedestrian,pedestrian,34.16,39.1,0,0.0,0.365
006186,Car,car,12.34,117.7,3,0.52,0.865
006186,Car,car,14.54,105.3,3,0.19,0.865
006186,Car,car,28.52,41.6,1,0.0,0.833
006186,Car,car,18.07,65.1,0,0.0,0.907
006186,Car,car,20.12,75.3,2,0.0,0.882
006186,Car,car,22.45,56.1,2,0.0,0.882
006186,Car,car,30.07,42.0,2,0.0,0.75
006188,Car,car,31.12,37.8,1,0.0,0.856
006189,Car,car,24.68,44.0,1,0.0,0.89
006189,Car,car,12.75,100.3,1,0.0,0.899
006189,Car,car,15.57,80.4,2,0.0,0.633
006189,Car,car,23.05,49.6,2,0.0,0.0
006189,Van,van,25.36,70.1,3,0.0,0.424
006189,Pedestrian,pedestrian,13.96,90.3,0,0.0,0.876
006189,Car,car,14.67,121.1,3,0.42,0.89
006189,Van,van,60.35,30.2,3,0.0,0.432
006189,Car,car,38.26,30.3,2,0.0,0.0
006189,Van,van,35.92,39.5,3,0.0,0.0
006189,Car,car,26.12,58.6,2,0.0,0.0
006189,Car,car,30.96,35.6,1,0.0,0.753
006189,Pedestrian,pedestrian,34.03,43.0,2,0.0,0.0
006189,Pedestrian,pedestrian,41.16,28.9,2,0.0,0.0
006189,Truck,truck,51.89,47.1,3,0.0,0.0
006191,Car,car,21.96,63.3,0,0.0,0.89
006191,Car,car,34.24,46.9,1,0.78,0.821
006191,Car,car,41.62,33.1,1,0.0,0.829
006191,Car,car,43.75,30.9,2,0.0,0.0
006191,Car,car,31.23,40.0,0,0.0,0.835
006191,Car,car,44.85,28.2,0,0.0,0.753
006191,Car,car,40.95,36.5,1,0.0,0.74
006191,Car,car,52.74,28.0,0,0.0,0.288
006191,Car,car,54.11,25.8,1,0.0,0.641
006191,Car,car,48.98,23.4,1,0.0,0.641
006198,Car,car,11.75,114.7,0,0.0,0.885
006198,Car,car,8.93,178.8,0,0.0,0.922
006198,Car,car,16.7,73.0,1,0.0,0.779
006198,Car,car,30.14,39.0,1,0.0,0.864
006198,Car,car,14.48,84.6,2,0.0,0.0
006198,Pedestrian,pedestrian,18.75,73.0,2,0.0,0.0
006198,Pedestrian,pedestrian,22.0,61.2,2,0.0,0.0
006198,Car,car,43.6,28.0,0,0.0,0.769
006198,Car,car,42.53,28.8,2,0.0,0.376
006198,Pedestrian,pedestrian,21.33,62.1,2,0.0,0.0
006206,Car,car,46.19,28.2,0,0.0,0.662
006208,Car,car,11.61,117.7,0,0.0,0.924
006208,Car,car,17.13,76.5,2,0.0,0.869
006208,Car,car,27.12,47.5,0,0.0,0.89
006208,Car,car,19.71,75.2,3,0.14,0.854
006208,Car,car,32.11,40.2,2,0.0,0.758
006208,Car,car,17.41,90.3,3,0.81,0.0
006208,Car,car,45.86,30.1,0,0.0,0.694
006208,Car,car,34.87,36.9,2,0.0,0.013
006209,Car,car,43.68,27.0,0,0.0,0.802
006216,Car,car,33.25,46.7,0,0.0,0.582
006216,Car,car,57.31,22.4,2,0.0,0.615
006226,Car,car,68.41,17.0,0,0.0,0.632
006226,Pedestrian,pedestrian,38.64,31.2,0,0.0,0.451
006226,Car,car,48.69,26.6,0,0.0,0.831
006241,Car,car,26.74,47.1,0,0.0,0.807
006241,Car,car,47.79,24.3,0,0.0,0.779
006241,Car,car,71.13,15.5,1,0.0,0.436
006241,Car,car,29.22,43.8,0,0.0,0.858
006242,Car,car,6.93,169.1,3,0.77,0.929
006242,Car,car,20.12,57.6,0,0.0,0.887
006242,Van,van,28.17,68.9,2,0.0,0.737
006242,Car,car,22.78,49.3,0,0.0,0.861
006242,Cyclist,cyclist,11.22,141.7,0,0.0,0.0
006242,Car,car,43.01,24.9,2,0.0,0.101
006243,Truck,truck,41.35,71.2,0,0.0,0.743
006243,Car,car,52.13,24.7,0,0.0,0.781
006243,Car,car,71.27,21.6,0,0.0,0.736
006271,Tram,tram,78.5,36.5,0,0.0,0.625
006271,Car,car,16.16,113.8,0,0.0,0.848
006271,Car,car,20.49,64.6,1,0.0,0.903
006271,Car,car,24.84,60.4,1,0.0,0.84
006271,Car,car,34.04,36.1,0,0.0,0.872
006271,Car,car,39.02,30.0,2,0.0,0.814
006286,Car,car,46.82,26.7,0,0.0,0.764
006286,Car,car,17.53,93.9,1,0.0,0.927
006286,Van,van,42.48,35.1,1,0.0,0.617
006286,Car,car,48.27,25.6,0,0.0,0.611
006288,Car,car,43.14,29.1,0,0.0,0.834
006288,Tram,tram,109.49,29.3,1,0.0,0.52
006296,Car,car,11.55,154.2,0,0.42,0.934
006296,Car,car,52.35,22.3,0,0.0,0.545
006296,Car,car,43.27,27.7,0,0.0,0.755
006296,Car,car,47.85,30.9,1,0.0,0.609
006296,Car,car,51.32,23.4,0,0.0,0.625
006308,Pedestrian,pedestrian,8.6,179.4,1,0.0,0.883
006325,Car,car,17.74,67.8,0,0.0,0.9
006325,Car,car,33.42,36.7,2,0.0,0.842
006328,Car,car,52.29,22.3,0,0.0,0.63
006328,Car,car,11.3,114.6,0,0.0,0.908
006328,Car,car,16.21,77.5,2,0.0,0.789
006328,Car,car,59.18,18.4,0,0.0,0.585
006328,Car,car,26.46,44.2,1,0.0,0.833
006328,Car,car,30.98,41.3,2,0.0,0.582
006328,Car,car,66.66,18.6,1,0.0,0.345
006328,Pedestrian,pedestrian,33.02,40.7,1,0.0,0.0
006331,Truck,truck,73.51,30.9,0,0.0,0.453
006331,Car,car,62.29,18.5,0,0.0,0.799
006337,Pedestrian,pedestrian,9.5,162.0,0,0.0,0.856
006339,Car,car,9.25,157.0,0,0.0,0.925
006339,Cyclist,cyclist,37.97,39.2,0,0.0,0.706
006340,Car,car,32.46,42.4,0,0.0,0.888
006340,Car,car,44.32,25.9,0,0.0,0.797
006359,Car,car,53.35,20.2,0,0.0,0.469
006360,Car,car,21.48,56.9,0,0.0,0.84
006360,Car,car,11.23,125.8,0,0.0,0.916
006360,Car,car,26.04,45.5,0,0.0,0.869
006366,Car,car,14.83,82.2,0,0.0,0.914
006366,Car,car,17.56,99.3,1,0.67,0.803
006366,Car,car,20.46,60.4,2,0.0,0.82
006366,Car,car,30.44,40.7,0,0.0,0.849
006366,Car,car,22.54,61.6,2,0.0,0.82
006366,Car,car,35.47,35.3,2,0.0,0.0
006366,Car,car,19.93,78.0,3,0.16,0.022
006366,Car,car,49.26,27.9,0,0.0,0.615
006366,Car,car,37.96,33.2,1,0.0,0.079
006368,Car,car,16.34,77.2,0,0.0,0.901
006368,Car,car,6.75,186.6,0,0.74,0.889
006368,Car,car,11.71,129.7,1,0.62,0.852
006368,Car,car,14.05,105.2,3,0.18,0.852
006368,Car,car,18.49,71.5,1,0.0,0.888
006368,Car,car,18.57,63.5,2,0.0,0.901
006368,Car,car,23.38,61.0,2,0.0,0.0
006368,Car,car,32.27,44.5,2,0.0,0.415
006368,Car,car,55.46,22.9,0,0.0,0.722
006374,Car,car,20.35,56.0,0,0.0,0.9
006374,Car,car,8.88,172.9,0,0.0,0.911
006377,Truck,truck,29.13,91.2,0,0.0,0.913
006377,Car,car,54.83,21.2,0,0.0,0.855
006384,Car,car,41.69,27.9,0,0.0,0.857
006400,Pedestrian,pedestrian,5.28,231.7,1,0.48,0.858
006400,Pedestrian,pedestrian,4.86,184.0,0,0.36,0.826
006400,Pedestrian,pedestrian,25.85,45.1,0,0.0,0.784
006400,Pedestrian,pedestrian,22.9,54.7,0,0.0,0.756
006400,Pedestrian,pedestrian,30.88,46.6,0,0.0,0.409
006400,Pedestrian,pedestrian,30.96,44.4,0,0.0,0.765
006407,Car,car,22.94,62.8,1,0.05,0.876
006407,Car,car,32.76,35.1,0,0.0,0.822
006407,Cyclist,cyclist,37.59,33.7,1,0.0,0.464
006407,Cyclist,cyclist,40.55,33.2,0,0.0,0.494
006407,Cyclist,cyclist,32.89,39.8,0,0.0,0.0
006407,Car,car,54.37,23.9,1,0.0,0.221
006415,Truck,truck,66.04,34.7,0,0.0,0.664
006415,Cyclist,cyclist,41.44,37.4,1,0.0,0.0
006415,Car,car,41.28,33.3,0,0.0,0.828
006415,Cyclist,cyclist,27.18,52.0,3,0.0,0.0
006417,Van,van,37.22,55.1,0,0.0,0.793
006417,Car,car,46.37,26.6,0,0.0,0.648
006417,Van,van,55.58,28.8,1,0.0,0.587
006417,Car,car,68.72,16.5,0,0.0,0.756
006417,Car,car,70.06,15.9,0,0.0,0.737
006420,Car,car,29.46,42.2,0,0.0,0.852
006420,Car,car,18.2,63.7,2,0.0,0.0
006420,Car,car,14.52,103.9,0,0.0,0.725
006420,Car,car,24.28,56.7,2,0.0,0.297
006420,Truck,truck,36.26,105.2,1,0.0,0.804
006423,Car,car,20.49,62.7,0,0.0,0.859
006423,Car,car,7.81,170.8,0,0.2,0.835
006423,Car,car,11.38,126.5,1,0.79,0.917
006423,Car,car,14.24,92.0,1,0.0,0.768
006423,Car,car,19.98,68.5,2,0.0,0.048
006423,Car,car,21.39,62.2,1,0.0,0.623
006423,Car,car,31.35,42.5,2,0.0,0.038
006423,Car,car,31.87,40.3,1,0.0,0.691
006423,Car,car,39.11,29.6,1,0.0,0.609
006431,Pedestrian,pedestrian,10.38,132.7,0,0.0,0.877
006431,Cyclist,cyclist,6.76,192.4,0,0.22,0.873
006431,Cyclist,cyclist,13.14,110.9,0,0.0,0.823
006431,Car,car,10.39,136.3,0,0.0,0.926
006431,Car,car,15.32,96.0,1,0.0,0.821
006431,Car,car,20.78,72.2,2,0.0,0.644
006431,Car,car,26.16,48.7,2,0.0,0.644
006431,Pedestrian,pedestrian,40.82,34.0,0,0.0,0.582
006431,Pedestrian,pedestrian,41.45,32.9,1,0.0,0.26
006431,Car,car,52.41,26.9,0,0.0,0.551
006431,Pedestrian,pedestrian,56.77,22.9,0,0.0,0.541
006431,Car,car,30.1,39.3,1,0.0,0.829
006431,Car,car,8.75,171.3,1,0.71,0.646
006431,Car,car,12.96,115.5,1,0.0,0.914
006431,Car,car,17.83,77.6,2,0.0,0.045
006431,Car,car,23.12,58.4,1,0.0,0.737
006434,Pedestrian,pedestrian,6.14,210.9,0,0.0,0.893
006436,Truck,truck,75.45,30.0,0,0.0,0.49
006436,Car,car,12.3,104.9,0,0.0,0.942
006436,Van,van,28.72,64.9,3,0.1,0.725
006455,Car,car,22.06,52.5,0,0.0,0.855
006457,Car,car,48.4,24.3,0,0.0,0.823
006457,Car,car,29.57,43.1,0,0.0,0.841
006457,Car,car,34.2,44.3,1,0.0,0.78
006457,Car,car,37.54,32.6,0,0.0,0.407
006457,Car,car,42.36,37.1,2,0.0,0.407
006457,Car,car,33.61,38.5,1,0.0,0.34
006459,Car,car,53.47,20.7,0,0.0,0.772
006459,Van,van,27.87,60.4,0,0.0,0.742
006459,Car,car,42.91,27.3,2,0.0,0.0
006460,Cyclist,cyclist,27.65,51.7,0,0.0,0.336
006460,Car,car,39.98,27.8,1,0.0,0.606
006460,Car,car,45.24,26.9,2,0.0,0.606
006468,Van,van,14.73,149.0,0,0.0,0.48
006468,Car,car,12.24,113.4,0,0.1,0.926
006468,Car,car,16.53,92.7,1,0.0,0.83
006468,Car,car,21.55,54.8,2,0.0,0.0
006468,Van,van,31.99,65.6,2,0.0,0.781
006468,Car,car,31.44,38.9,1,0.0,0.701
006468,Car,car,33.91,38.3,2,0.0,0.701
006468,Van,van,53.67,40.3,2,0.0,0.529
006469,Car,car,24.16,52.3,0,0.0,0.867
006469,Car,car,15.59,99.8,0,0.0,0.896
006469,Car,car,15.03,87.2,0,0.0,0.71
006469,Van,van,25.37,83.4,0,0.0,0.852
006469,Car,car,36.67,34.3,1,0.0,0.737
006469,Car,car,20.4,81.7,3,0.45,0.0
006480,Pedestrian,pedestrian,10.01,140.8,0,0.0,0.814
006482,Car,car,43.89,28.6,0,0.0,0.699
006482,Truck,truck,73.73,30.8,0,0.0,0.307
006482,Car,car,27.91,52.8,0,0.0,0.873
006482,Car,car,50.91,22.5,0,0.0,0.837
006484,Car,car,47.86,26.1,0,0.0,0.75
006484,Tram,tram,50.28,91.5,0,0.0,0.712
006484,Cyclist,cyclist,29.6,46.8,0,0.0,0.672
006490,Truck,truck,39.08,76.0,0,0.0,0.835
006490,Car,car,32.5,42.7,0,0.88,0.37
006490,Car,car,36.93,39.9,0,0.0,0.67
006490,Car,car,41.37,32.0,1,0.0,0.828
006490,Car,car,45.8,27.1,1,0.0,0.869
006490,Car,car,50.97,26.1,1,0.0,0.699
006490,Car,car,55.33,21.5,1,0.0,0.736
006498,Car,car,7.98,173.6,1,0.93,0.889
006498,Car,car,29.42,38.2,0,0.0,0.861
006498,Pedestrian,pedestrian,28.27,44.2,0,0.0,0.604
006498,Car,car,47.93,23.5,1,0.0,0.732
006498,Car,car,38.59,29.6,1,0.0,0.853
006498,Car,car,27.08,57.6,2,0.0,0.745
006498,Car,car,51.54,22.0,2,0.0,0.637
006498,Truck,truck,58.85,46.0,2,0.0,0.477
006503,Car,car,4.61,167.6,0,0.96,0.941
006503,Cyclist,cyclist,21.13,70.0,1,0.0,0.0
006503,Car,car,25.74,47.4,0,0.0,0.876
006503,Car,car,44.14,25.0,0,0.0,0.835
006503,Car,car,39.28,34.2,1,0.0,0.817
006505,Truck,truck,37.36,66.9,0,0.0,0.667
006505,Car,car,24.72,66.1,0,0.0,0.916
006509,Car,car,9.55,161.4,0,0.0,0.938
006509,Car,car,25.12,54.0,0,0.0,0.679
006509,Car,car,35.73,32.3,1,0.0,0.71
006509,Car,car,50.41,23.4,1,0.0,0.791
006511,Car,car,12.5,106.5,0,0.0,0.918
006511,Car,car,8.0,194.6,0,0.17,0.927
006511,Van,van,46.08,34.4,1,0.0,0.307
006511,Pedestrian,pedestrian,21.0,60.3,0,0.0,0.844
006511,Pedestrian,pedestrian,27.72,43.7,1,0.0,0.274
006511,Pedestrian,pedestrian,27.09,57.5,2,0.0,0.0
006511,Pedestrian,pedestrian,39.43,38.0,1,0.0,0.107
006511,Car,car,41.62,32.8,1,0.0,0.613
006512,Car,car,45.82,27.4,0,0.0,0.762
006512,Truck,truck,73.85,30.8,0,0.0,0.356
006512,Van,van,61.35,25.0,3,0.0,0.525
006532,Car,car,9.04,213.5,0,0.76,0.931
006532,Van,van,16.62,127.5,0,0.0,0.769
006532,Car,car,13.92,94.5,0,0.0,0.908
006532,Car,car,18.37,81.6,1,0.0,0.677
006532,Van,van,33.91,61.4,2,0.0,0.694
006532,Car,car,33.31,36.6,2,0.0,0.593
006532,Car,car,35.83,36.2,2,0.0,0.593
006532,Van,van,55.63,38.8,2,0.0,0.51
006535,Car,car,3.52,150.6,0,1.0,0.919
006535,Van,van,12.99,200.1,0,0.0,0.845
006535,Car,car,13.4,108.5,0,0.0,0.919
006535,Car,car,15.57,93.5,2,0.0,0.411
006535,Car,car,17.67,73.2,2,0.0,0.411
006535,Car,car,22.95,54.1,2,0.0,0.71
006535,Car,car,31.96,36.8,2,0.0,0.26
006535,Van,van,34.67,63.7,2,0.0,0.694
006535,Car,car,30.16,37.2,1,0.0,0.804
006536,Pedestrian,pedestrian,13.64,102.0,0,0.0,0.798
006536,Truck,truck,12.26,209.7,0,1.0,0.919
006536,Car,car,37.75,34.7,1,0.0,0.842
006536,Car,car,56.31,19.4,0,0.0,0.646
006536,Car,car,57.39,19.8,0,0.0,0.719
006536,Car,car,62.46,17.9,2,0.0,0.097
006536,Car,car,63.27,16.7,2,0.0,0.479
006537,Car,car,18.9,80.2,0,0.0,0.729
006537,Car,car,38.86,30.5,0,0.0,0.84
006546,Car,car,15.95,106.0,0,0.0,0.473
006546,Pedestrian,pedestrian,24.95,53.1,1,0.0,0.712
006548,Car,car,12.44,133.3,0,0.0,0.562
006548,Car,car,17.04,73.3,0,0.0,0.887
006548,Car,car,33.72,36.2,0,0.0,0.816
006548,Car,car,33.87,42.1,0,0.0,0.698
006552,Pedestrian,pedestrian,8.25,184.6,0,0.0,0.903
006552,Pedestrian,pedestrian,6.28,218.0,1,0.05,0.876
006552,Pedestrian,pedestrian,7.2,248.7,0,0.02,0.882
006552,Pedestrian,pedestrian,5.26,221.4,3,0.27,0.875
006553,Car,car,21.08,75.4,0,0.0,0.626
006553,Car,car,41.23,30.5,0,0.0,0.82
006558,Car,car,3.65,174.5,0,0.98,0.894
006558,Car,car,8.56,185.7,0,0.0,0.892
006559,Car,car,22.48,48.0,0,0.0,0.887
006559,Car,car,14.61,91.3,1,0.0,0.833
006559,Car,car,17.25,68.3,2,0.0,0.0
006559,Car,car,24.99,47.8,2,0.0,0.457
006559,Car,car,22.1,46.0,0,0.0,0.82
006559,Car,car,34.43,30.7,2,0.0,0.508
006559,Van,van,10.4,243.9,3,0.0,0.92
006559,Car,car,17.84,68.2,2,0.0,0.0
006559,Car,car,22.66,47.2,2,0.0,0.0
006559,Car,car,28.53,42.5,2,0.0,0.595
006559,Car,car,46.58,22.5,2,0.0,0.737
006559,Car,car,16.07,89.8,3,0.11,0.874
006559,Van,van,20.21,97.6,3,0.0,0.413
006559,Car,car,32.99,35.5,2,0.0,0.0
006559,Car,car,24.73,54.1,3,0.02,0.63
006570,Car,car,27.88,40.5,0,0.0,0.865
006570,Pedestrian,pedestrian,27.35,45.8,0,0.0,0.704
006570,Car,car,46.99,23.9,1,0.0,0.731
006570,Car,car,37.32,30.7,1,0.0,0.882
006570,Car,car,26.39,60.2,2,0.0,0.704
006570,Car,car,50.59,22.4,1,0.0,0.63
006570,Truck,truck,58.11,46.7,2,0.0,0.723
006579,Pedestrian,pedestrian,22.4,66.8,1,0.0,0.602
006581,Car,car,9.56,141.7,0,0.0,0.927
006581,Car,car,14.76,91.7,2,0.0,0.865
006581,Car,car,20.47,75.3,2,0.0,0.709
006581,Van,van,44.1,47.2,2,0.0,0.0
006589,Car,car,21.34,50.7,0,0.0,0.882
006589,Car,car,8.87,189.0,0,0.0,0.873
006589,Car,car,17.45,66.3,0,0.0,0.918
006589,Car,car,25.45,45.2,2,0.0,0.461
006589,Car,car,28.35,39.3,2,0.0,0.461
006589,Car,car,35.98,29.2,2,0.0,0.549
006589,Van,van,49.05,34.2,3,0.0,0.323
006589,Car,car,7.29,202.2,3,0.67,0.776
006589,Pedestrian,pedestrian,8.25,152.0,0,0.0,0.801
006589,Car,car,13.46,96.1,1,0.0,0.835
006589,Car,car,18.56,62.4,2,0.0,0.845
006589,Car,car,23.8,58.5,2,0.0,0.655
006589,Pedestrian,pedestrian,35.93,33.2,1,0.0,0.129
006589,Car,car,17.08,77.9,2,0.0,0.0
006589,Car,car,21.94,55.3,2,0.0,0.083
006589,Car,car,35.39,33.0,2,0.0,0.0
006589,Car,car,13.32,113.5,3,0.39,0.118
006589,Car,car,26.3,45.6,2,0.0,0.0
006589,Van,van,38.49,54.6,3,0.0,0.0
006589,Car,car,24.93,58.8,2,0.0,0.054
006594,Car,car,13.64,102.8,0,0.0,0.897
006594,Car,car,5.88,166.2,0,0.5,0.927
006594,Car,car,11.79,118.5,1,0.0,0.881
006594,Car,car,17.03,74.2,1,0.0,0.86
006594,Car,car,18.96,67.8,2,0.0,0.0
006594,Car,car,24.04,47.9,2,0.0,0.666
006594,Car,car,23.74,51.5,2,0.0,0.307
006594,Car,car,28.58,40.7,2,0.0,0.662
006594,Car,car,39.11,30.5,1,0.0,0.737
006594,Car,car,44.68,32.6,1,0.0,0.434
006594,Car,car,50.59,27.5,1,0.0,0.0
006595,Car,car,8.76,158.9,0,0.85,0.911
006595,Car,car,10.2,140.7,1,0.0,0.937
006595,Car,car,13.41,106.7,1,0.0,0.9
006595,Car,car,21.09,69.6,1,0.0,0.691
006595,Car,car,49.51,21.8,0,0.0,0.816
006595,Car,car,27.44,47.4,2,0.0,0.769
006595,Car,car,38.04,29.5,1,0.0,0.749
006595,Car,car,59.22,19.8,1,0.0,0.727
006595,Car,car,52.68,21.5,1,0.0,0.521
006601,Car,car,29.19,41.5,0,0.0,0.856
006601,Car,car,43.19,29.6,1,0.0,0.755
006603,Cyclist,cyclist,16.22,96.5,0,0.0,0.503
006603,Car,car,30.23,51.1,0,0.0,0.848
006608,Pedestrian,pedestrian,3.64,265.1,0,0.99,0.0
006608,Cyclist,cyclist,13.68,111.4,0,0.0,0.689
006608,Cyclist,cyclist,16.46,87.9,1,0.0,0.0
006608,Van,van,28.29,70.2,0,0.0,0.777
006608,Person_sitting,pedestrian,16.48,78.7,0,0.33,0.643
006608,Person_sitting,pedestrian,17.0,72.9,1,0.0,0.187
006608,Pedestrian,pedestrian,16.0,98.0,0,0.0,0.585
006608,Pedestrian,pedestrian,6.07,154.0,0,0.16,0.806
006608,Pedestrian,pedestrian,6.36,153.3,0,0.16,0.762
006608,Person_sitting,pedestrian,21.05,54.0,0,0.0,0.649
006608,Cyclist,cyclist,27.89,48.6,0,0.0,0.331
006608,Pedestrian,pedestrian,21.76,61.9,1,0.0,0.349
006608,Person_sitting,pedestrian,25.29,40.5,0,0.0,0.566
006608,Person_sitting,pedestrian,26.73,36.2,0,0.0,0.132
006608,Car,car,41.63,26.7,1,0.0,0.755
006611,Car,car,3.97,178.7,0,0.96,0.938
006611,Car,car,9.47,190.1,0,0.11,0.873
006611,Car,car,22.7,58.7,0,0.0,0.826
006611,Cyclist,cyclist,40.27,34.3,0,0.0,0.145
006611,Cyclist,cyclist,40.74,32.0,0,0.0,0.658
006611,Car,car,38.68,30.0,0,0.0,0.822
006611,Car,car,59.19,19.3,1,0.0,0.547
006611,Car,car,18.92,69.2,0,0.0,0.852
006612,Van,van,3.09,374.0,0,1.0,0.0
006612,Car,car,8.48,221.8,1,0.0,0.72
006612,Car,car,13.66,98.2,1,0.0,0.866
006612,Car,car,22.19,52.8,1,0.0,0.85
006612,Cyclist,cyclist,28.79,46.5,0,0.0,0.696
006612,Car,car,25.37,45.4,0,0.0,0.819
006612,Car,car,29.05,45.5,1,0.0,0.354
006612,Car,car,41.08,28.4,0,0.0,0.809
006612,Cyclist,cyclist,30.56,42.3,0,0.0,0.752
006617,Car,car,29.61,38.8,0,0.0,0.749
006617,Pedestrian,pedestrian,22.95,68.8,1,0.0,0.197
006617,Pedestrian,pedestrian,23.45,66.9,1,0.0,0.197
006617,Van,van,29.3,62.5,1,0.96,0.0
006617,Car,car,38.03,27.1,2,0.0,0.568
006617,Car,car,69.63,15.9,0,0.0,0.57
006623,Car,car,46.67,26.8,0,0.0,0.784
006623,Car,car,13.86,103.8,0,0.0,0.902
006623,Car,car,25.56,59.3,1,0.0,0.858
006623,Cyclist,cyclist,19.51,66.6,0,0.0,0.317
006623,Pedestrian,pedestrian,21.09,55.8,1,0.0,0.421
006623,Pedestrian,pedestrian,22.76,48.2,1,0.0,0.387
006623,Pedestrian,pedestrian,21.16,57.2,2,0.0,0.0
006627,Car,car,3.16,213.7,0,1.0,0.0
006627,Pedestrian,pedestrian,14.49,104.5,0,0.0,0.803
006627,Pedestrian,pedestrian,15.5,95.6,2,0.0,0.803
006627,Car,car,28.11,52.5,0,0.0,0.635
006627,Pedestrian,pedestrian,34.94,37.4,0,0.0,0.715
006627,Car,car,7.26,162.2,0,0.91,0.938
006627,Pedestrian,pedestrian,18.93,65.9,0,0.0,0.802
006635,Car,car,32.26,47.1,1,0.53,0.822
006635,Car,car,38.45,40.8,0,0.0,0.872
006635,Car,car,45.04,29.9,0,0.0,0.769
006635,Car,car,22.69,57.9,0,0.0,0.789
006635,Cyclist,cyclist,46.81,26.4,0,0.0,0.0
006637,Car,car,32.72,37.8,0,0.0,0.823
006637,Car,car,8.84,175.1,0,0.1,0.933
006637,Car,car,17.94,77.5,2,0.0,0.0
006637,Car,car,16.48,79.9,1,0.0,0.812
006637,Van,van,26.4,55.8,2,0.0,0.026
006637,Van,van,28.24,67.3,1,0.0,0.835
006637,Car,car,32.87,32.1,1,0.0,0.51
006637,Car,car,43.37,31.5,1,0.0,0.317
006637,Van,van,67.38,28.4,1,0.0,0.49
006637,Car,car,28.03,45.4,2,0.0,0.632
006648,Car,car,3.82,209.2,0,0.99,0.914
006648,Car,car,13.54,98.4,0,0.0,0.909
006648,Car,car,8.52,179.3,1,0.0,0.899
006648,Car,car,12.97,109.0,2,0.0,0.783
006648,Car,car,25.3,73.8,1,0.49,0.363
006648,Van,van,23.91,83.5,1,0.0,0.488
006648,Van,van,23.14,73.9,1,0.0,0.432
006648,Car,car,27.71,42.4,2,0.0,0.793
006648,Car,car,34.02,37.0,2,0.0,0.0
006648,Car,car,34.08,36.8,0,0.0,0.833
006648,Car,car,38.84,31.1,1,0.0,0.785
006648,Truck,truck,64.63,44.1,3,0.0,0.574
006649,Car,car,12.98,106.0,0,0.0,0.927
006649,Car,car,3.75,168.7,1,1.0,0.0
006649,Car,car,8.04,190.6,1,0.06,0.929
006649,Car,car,17.34,75.0,1,0.0,0.89
006649,Car,car,13.2,99.2,2,0.0,0.899
006649,Car,car,47.02,22.8,1,0.0,0.827
006649,Pedestrian,pedestrian,40.07,30.9,0,0.0,0.714
006649,Truck,truck,69.57,38.8,1,0.0,0.508
006654,Car,car,12.69,110.0,3,0.3,0.018
006654,Car,car,14.85,87.6,1,0.1,0.018
006655,Car,car,3.52,181.5,0,1.0,0.0
006655,Car,car,8.65,156.5,0,0.0,0.939
006655,Car,car,14.06,108.3,0,0.0,0.897
006655,Car,car,35.79,31.7,1,0.0,0.798
006655,Car,car,39.04,29.8,1,0.0,0.753
006655,Car,car,41.39,26.2,2,0.0,0.66
006655,Car,car,48.97,26.8,2,0.0,0.306
006655,Car,car,47.27,29.0,2,0.0,0.125
006655,Car,car,46.37,28.9,2,0.0,0.0
006670,Car,car,61.06,20.0,0,0.0,0.589
006670,Car,car,8.29,157.9,0,0.0,0.919
006670,Car,car,15.39,76.1,2,0.0,0.469
006672,Car,car,26.64,48.2,0,0.0,0.874
006672,Car,car,6.56,190.7,0,0.47,0.943
006672,Car,car,11.16,121.6,1,0.0,0.906
006672,Car,car,16.94,71.2,1,0.0,0.873
006672,Car,car,22.3,53.5,2,0.0,0.731
006672,Car,car,33.31,32.8,2,0.0,0.585
006683,Car,car,43.01,32.0,2,0.0,0.0
006683,Car,car,9.17,177.5,0,0.02,0.936
006684,Car,car,15.06,84.8,0,0.0,0.868
006684,Car,car,30.64,44.6,0,0.0,0.881
006684,Car,car,31.45,46.0,0,0.0,0.88
006684,Car,car,38.12,32.4,0,0.0,0.545
006684,Car,car,24.87,63.7,1,0.28,0.893
006684,Car,car,46.66,28.0,0,0.0,0.837
006684,Car,car,56.05,23.3,1,0.0,0.74
006693,Car,car,29.15,55.1,1,0.0,0.894
006693,Car,car,53.89,20.1,0,0.0,0.768
006695,Van,van,4.51,374.0,0,1.0,0.564
006695,Car,car,11.06,151.7,1,0.0,0.525
006695,Car,car,16.28,79.4,1,0.0,0.0
006695,Car,car,24.96,45.7,1,0.0,0.847
006695,Car,car,24.08,65.6,0,0.21,0.877
006695,Cyclist,cyclist,32.53,40.8,0,0.0,0.691
006695,Car,car,28.01,39.0,0,0.0,0.736
006695,Car,car,31.77,41.2,1,0.0,0.477
006695,Car,car,43.92,25.9,0,0.0,0.793
006695,Cyclist,cyclist,34.34,37.2,0,0.0,0.585
006699,Van,van,15.5,123.8,0,0.0,0.683
006699,Car,car,13.26,106.4,1,0.0,0.824
006699,Car,car,19.15,72.8,2,0.0,0.853
006699,Car,car,45.87,30.0,0,0.0,0.836
006699,Car,car,31.09,40.5,1,0.0,0.743
006702,Car,car,24.03,52.2,0,0.0,0.858
006702,Car,car,31.76,35.2,0,0.0,0.873
006702,Car,car,35.77,30.5,1,0.0,0.873
006707,Car,car,12.5,113.9,0,0.0,0.732
006707,Car,car,14.3,123.1,1,0.0,0.731
006707,Car,car,18.01,81.5,0,0.0,0.773
006707,Car,car,18.1,73.1,1,0.0,0.827
006707,Car,car,21.87,54.8,1,0.0,0.681
006707,Car,car,27.51,48.2,0,0.0,0.851
006729,Car,car,73.21,12.9,0,0.0,0.506
006729,Car,car,27.4,46.0,0,0.0,0.89
006729,Car,car,49.26,23.3,0,0.0,0.829
006731,Car,car,6.63,172.4,0,0.29,0.93
006731,Car,car,10.93,131.2,1,0.0,0.916
006731,Car,car,15.1,90.4,1,0.0,0.84
006731,Car,car,20.5,73.0,1,0.0,0.819
006731,Car,car,28.6,70.3,1,0.0,0.607
006731,Car,car,17.62,96.4,3,0.64,0.876
006731,Car,car,32.82,41.1,2,0.0,0.255
006731,Car,car,50.11,31.3,1,0.0,0.715
006733,Car,car,6.4,161.2,0,0.82,0.95
006733,Car,car,8.89,153.1,3,0.96,0.0
006733,Car,car,27.53,44.5,1,0.0,0.785
006733,Car,car,12.95,101.2,1,0.0,0.895
006733,Car,car,21.82,56.5,0,0.0,0.89
006733,Car,car,24.63,63.0,2,0.0,0.812
006733,Car,car,32.06,40.8,2,0.0,0.531
006733,Car,car,21.48,57.7,2,0.0,0.0
006733,Car,car,30.46,42.3,0,0.0,0.753
006733,Car,car,43.42,27.7,1,0.0,0.566
006733,Van,van,36.98,53.2,2,0.0,0.0
006739,Car,car,22.74,60.7,0,0.0,0.868
006739,Car,car,37.46,31.5,1,0.0,0.0
006741,Truck,truck,6.19,374.0,0,1.0,0.942
006741,Cyclist,cyclist,27.38,52.0,2,0.0,0.0
006741,Car,car,57.14,20.6,0,0.0,0.793
006751,Car,car,8.75,167.3,1,0.09,0.89
006751,Car,car,5.29,169.3,0,0.77,0.905
006751,Car,car,29.56,37.6,0,0.0,0.853
006751,Car,car,35.11,33.6,0,0.0,0.826
006751,Car,car,48.01,24.1,2,0.0,0.635
006752,Car,car,10.79,128.9,0,0.0,0.888
006752,Car,car,7.98,207.5,0,0.01,0.922
006752,Car,car,15.63,79.5,1,0.0,0.742
006752,Car,car,29.21,40.3,1,0.0,0.842
006752,Car,car,13.51,92.6,2,0.0,0.877
006752,Pedestrian,pedestrian,17.97,76.6,2,0.0,0.0
006752,Pedestrian,pedestrian,21.21,63.7,2,0.0,0.0
006752,Car,car,42.59,28.7,0,0.0,0.847
006752,Car,car,41.55,29.5,2,0.0,0.619
006752,Pedestrian,pedestrian,20.5,64.8,2,0.0,0.0
006757,Car,car,24.41,51.5,0,0.0,0.847
006757,Car,car,41.09,31.1,0,0.0,0.843
006757,Car,car,70.49,16.0,0,0.0,0.698
006757,Car,car,39.86,30.0,1,0.0,0.432
006757,Van,van,34.94,48.2,1,0.0,0.589
006757,Van,van,26.05,69.5,1,0.99,0.0
006758,Car,car,4.96,201.1,0,0.91,0.935
006758,Car,car,11.8,112.1,1,0.0,0.913
006758,Car,car,27.83,45.3,1,0.0,0.839
006758,Car,car,23.8,65.2,2,0.0,0.755
006758,Car,car,32.46,38.8,2,0.0,0.0
006760,Car,car,21.09,62.0,0,0.0,0.867
006760,Cyclist,cyclist,21.03,68.2,3,0.0,0.681
006760,Tram,tram,36.35,92.8,1,0.0,0.0
006760,Tram,tram,19.94,221.5,3,0.0,0.913
006764,Car,car,5.46,181.9,0,0.85,0.942
006764,Car,car,5.94,192.0,0,0.59,0.953
006764,Truck,truck,14.41,167.1,0,0.0,0.9
006764,Car,car,18.77,63.8,0,0.0,0.885
006764,Van,van,43.93,34.4,0,0.0,0.434
006764,Car,car,67.92,17.6,0,0.0,0.606
006774,Car,car,26.48,59.9,0,0.0,0.564
006774,Car,car,50.54,25.6,1,0.0,0.635
006783,Car,car,9.06,183.2,0,0.8,0.895
006783,Car,car,11.2,143.8,3,0.45,0.883
006783,Car,car,14.99,98.8,2,0.0,0.779
006783,Car,car,17.47,102.2,2,0.0,0.779
006783,Cyclist,cyclist,25.68,46.8,0,0.0,0.684
006783,Car,car,8.95,184.7,0,0.66,0.936
006783,Car,car,11.07,126.1,2,0.0,0.882
006783,Car,car,13.42,99.2,2,0.0,0.882
006783,Car,car,15.67,85.6,2,0.0,0.831
006783,Car,car,18.33,65.2,2,0.0,0.815
006783,Car,car,20.61,68.9,2,0.0,0.815
006783,Car,car,27.88,42.5,1,0.0,0.694
006783,Car,car,30.52,38.1,2,0.0,0.694
006783,Car,car,33.0,33.4,0,0.0,0.845
006783,Car,car,48.0,22.6,2,0.0,0.623
006783,Van,van,93.99,18.7,2,0.0,0.321
006790,Car,car,27.89,41.9,0,0.0,0.886
006793,Car,car,12.74,127.3,0,0.74,0.773
006793,Car,car,53.77,21.0,1,0.0,0.145
006794,Car,car,41.4,30.4,0,0.0,0.843
006794,Tram,tram,123.92,25.2,0,0.0,0.823
006798,Car,car,4.89,158.5,0,0.98,0.91
006798,Car,car,8.75,176.4,1,0.0,0.915
006798,Car,car,13.56,103.0,1,0.0,0.791
006798,Car,car,22.1,68.5,0,0.0,0.516
006798,Person_sitting,pedestrian,13.56,91.4,2,0.0,0.609
006798,Car,car,10.92,126.5,1,0.0,0.901
006798,Car,car,5.15,160.0,0,0.94,0.922
006798,Car,car,26.2,41.9,2,0.0,0.598
006798,Car,car,21.79,55.2,2,0.0,0.063
006798,Car,car,43.77,26.5,1,0.0,0.611
006800,Pedestrian,pedestrian,15.33,87.8,1,0.0,0.523
006800,Pedestrian,pedestrian,5.68,232.5,0,0.19,0.897
006800,Pedestrian,pedestrian,11.47,118.3,0,0.0,0.884
006800,Car,car,12.52,153.1,1,0.0,0.785
006800,Van,van,19.0,91.8,2,0.0,0.0
006800,Person_sitting,pedestrian,8.49,144.2,2,0.0,0.107
006800,Person_sitting,pedestrian,8.92,127.6,2,0.0,0.022
006818,Pedestrian,pedestrian,6.34,237.9,3,0.32,0.0
006818,Car,car,15.79,78.8,0,0.0,0.884
006818,Pedestrian,pedestrian,12.99,96.8,2,0.0,0.0
006818,Van,van,22.79,94.0,1,0.0,0.725
006828,Pedestrian,pedestrian,7.32,217.5,3,0.21,0.107
006828,Cyclist,cyclist,7.07,211.3,0,0.0,0.866
006828,Pedestrian,pedestrian,11.81,118.7,0,0.0,0.848
006828,Pedestrian,pedestrian,15.15,87.1,0,0.0,0.745
006828,Pedestrian,pedestrian,15.61,83.3,1,0.0,0.582
006828,Pedestrian,pedestrian,17.82,75.6,0,0.0,0.824
006828,Pedestrian,pedestrian,16.97,83.8,1,0.0,0.324
006828,Cyclist,cyclist,22.55,56.4,2,0.0,0.036
006830,Pedestrian,pedestrian,7.68,174.0,0,0.0,0.894
006833,Car,car,7.81,192.4,0,0.82,0.901
006833,Car,car,9.79,173.9,3,0.39,0.883
006833,Car,car,11.85,131.5,3,0.09,0.883
006833,Car,car,14.36,98.1,2,0.0,0.854
006833,Car,car,16.26,79.9,2,0.0,0.013
006833,Car,car,18.77,69.2,2,0.0,0.013
006833,Car,car,23.0,57.8,2,0.0,0.709
006833,Car,car,25.5,64.8,2,0.0,0.595
006833,Cyclist,cyclist,37.97,31.1,0,0.0,0.415
006833,Car,car,8.29,172.0,0,0.0,0.903
006833,Car,car,14.24,102.3,2,0.0,0.881
006833,Car,car,16.29,79.2,2,0.0,0.0
006833,Car,car,18.99,63.0,2,0.0,0.027
006833,Car,car,23.93,52.3,2,0.0,0.272
006833,Car,car,26.71,42.6,2,0.0,0.272
006833,Car,car,28.97,47.5,2,0.0,0.512
006833,Car,car,36.41,31.8,1,0.0,0.643
006833,Car,car,39.02,29.2,2,0.0,0.643
006833,Car,car,41.68,26.1,0,0.0,0.798
006833,Van,van,102.65,17.1,2,0.0,0.299
006837,Car,car,18.28,64.5,0,0.0,0.897
006837,Cyclist,cyclist,17.37,71.2,2,0.0,0.688
006837,Car,car,41.51,26.4,0,0.0,0.843
006837,Van,van,49.8,43.9,2,0.0,0.555
006837,Cyclist,cyclist,14.13,99.4,0,0.0,0.688
006839,Truck,truck,42.63,68.8,0,0.0,0.585
006839,Car,car,34.39,53.2,0,0.0,0.708
006841,Car,car,38.4,32.9,0,0.0,0.836
006841,Truck,truck,72.57,31.8,2,0.0,0.0
006841,Truck,truck,70.85,39.0,3,0.0,0.604
006843,Car,car,5.76,141.3,0,0.96,0.901
006843,Car,car,8.12,182.5,0,0.0,0.939
006843,Car,car,13.79,114.7,0,0.0,0.847
006843,Car,car,27.36,47.5,0,0.0,0.686
006843,Cyclist,cyclist,47.74,28.8,0,0.0,0.0
006843,Cyclist,cyclist,48.28,26.9,0,0.0,0.067
006843,Car,car,43.31,26.6,0,0.0,0.828
006843,Car,car,64.0,17.8,1,0.0,0.333
006843,Car,car,23.66,54.1,0,0.0,0.842
006844,Car,car,6.63,192.6,0,0.19,0.937
006844,Car,car,12.1,136.4,0,0.0,0.923
006844,Car,car,33.65,33.9,1,0.0,0.793
006844,Car,car,36.75,31.8,1,0.0,0.719
006844,Car,car,39.14,27.8,2,0.0,0.737
006844,Car,car,48.38,29.2,2,0.0,0.558
006844,Car,car,47.06,28.4,2,0.0,0.0
006844,Car,car,45.31,30.7,2,0.0,0.0
006844,Car,car,44.33,30.7,2,0.0,0.619
006847,Pedestrian,pedestrian,31.78,37.4,1,0.0,0.0
006847,Tram,tram,43.89,65.9,2,0.0,0.0
006847,Person_sitting,pedestrian,3.5,126.4,1,0.8,0.916
006847,Person_sitting,pedestrian,4.73,138.9,3,0.48,0.0
006847,Person_sitting,pedestrian,5.64,152.2,3,0.26,0.0
006847,Person_sitting,pedestrian,6.51,162.5,2,0.04,0.0
006847,Person_sitting,pedestrian,12.24,76.9,2,0.0,0.0
006855,Truck,truck,25.06,132.2,1,0.0,0.829
006855,Van,van,67.91,30.9,3,0.0,0.57
006855,Car,car,69.78,13.6,0,0.0,0.49
006858,Car,car,19.1,91.6,0,0.22,0.82
006858,Van,van,12.88,150.3,1,0.0,0.821
006858,Car,car,19.61,67.9,1,0.0,0.871
006858,Car,car,29.23,45.6,1,0.0,0.826
006858,Car,car,39.5,34.3,2,0.0,0.637
006859,Car,car,26.9,50.6,0,0.0,0.875
006859,Car,car,45.55,30.0,0,0.0,0.657
006859,Van,van,62.33,36.0,1,0.0,0.633
006859,Car,car,33.93,34.8,0,0.0,0.879
006859,Car,car,34.95,35.8,1,0.0,0.63
006859,Cyclist,cyclist,25.66,56.9,0,0.0,0.769
006859,Pedestrian,pedestrian,57.41,22.7,0,0.0,0.0
006859,Car,car,16.75,98.0,1,0.32,0.539
006859,Car,car,61.31,19.0,1,0.0,0.742
006860,Car,car,13.01,106.0,0,0.0,0.765
006862,Car,car,35.73,34.4,0,0.0,0.83
006862,Car,car,5.57,167.3,0,0.97,0.0
006862,Car,car,14.36,119.0,1,0.25,0.933
006862,Car,car,14.02,94.8,0,0.0,0.87
006862,Car,car,22.23,55.9,2,0.0,0.765
006862,Car,car,23.09,47.8,0,0.0,0.783
006862,Car,car,31.26,37.6,2,0.0,0.088
006862,Van,van,82.29,23.1,1,0.0,0.129
006862,Car,car,24.63,59.4,1,0.0,0.861
006863,Car,car,24.21,41.3,0,0.0,0.861
006863,Car,car,32.73,32.6,0,0.0,0.876
006863,Car,car,65.17,19.4,1,0.0,0.75
006863,Car,car,31.26,35.0,0,0.0,0.852
006863,Van,van,51.41,33.6,2,0.0,0.087
006867,Car,car,11.19,155.8,0,0.72,0.932
006867,Car,car,63.05,19.9,0,0.0,0.784
006867,Car,car,5.95,186.8,0,0.93,0.932
006867,Car,car,15.68,90.2,0,0.0,0.93
006867,Car,car,36.35,39.5,1,0.78,0.0
006867,Car,car,23.7,54.5,0,0.0,0.878
006867,Car,car,34.98,41.9,0,0.0,0.866
006870,Car,car,6.12,191.7,0,0.55,0.931
006870,Car,car,11.85,103.6,1,0.0,0.901
006870,Car,car,17.06,82.0,0,0.0,0.905
006870,Car,car,39.24,28.6,1,0.0,0.766
006870,Car,car,42.32,27.4,1,0.0,0.438
006870,Car,car,44.75,24.0,2,0.0,0.564
006870,Car,car,50.26,26.6,2,0.0,0.632
006870,Car,car,49.45,26.5,0,0.0,0.0
006881,Car,car,4.57,169.6,1,0.96,0.595
006881,Pedestrian,pedestrian,4.36,197.4,0,0.49,0.827
006881,Car,car,22.5,59.8,0,0.0,0.909
006881,Car,car,14.09,91.0,2,0.0,0.791
006881,Pedestrian,pedestrian,12.75,99.4,2,0.0,0.036
006881,Van,van,39.02,43.5,0,0.0,0.679
006882,Car,car,7.47,207.7,0,0.09,0.957
006882,Car,car,28.99,47.9,0,0.0,0.862
006882,Car,car,36.25,31.6,1,0.0,0.85
006882,Car,car,52.31,20.6,0,0.0,0.86
006882,Cyclist,cyclist,28.72,46.7,0,0.0,0.672
006884,Car,car,46.43,27.2,0,0.0,0.756
006884,Tram,tram,76.98,46.5,0,0.0,0.888
006888,Car,car,11.96,127.8,0,0.0,0.918
006888,Car,car,42.42,31.0,1,0.0,0.798
006900,Car,car,22.74,55.6,0,0.0,0.755
006901,Car,car,44.99,27.6,1,0.0,0.832
006917,Car,car,12.19,118.6,0,0.0,0.903
006917,Car,car,18.72,66.5,0,0.0,0.862
006917,Car,car,18.87,63.8,2,0.0,0.861
006917,Car,car,24.31,48.3,2,0.0,0.861
006917,Car,car,33.59,33.5,2,0.0,0.698
006921,Car,car,49.5,22.5,0,0.0,0.773
006921,Car,car,57.56,20.0,0,0.0,0.672
006922,Car,car,13.08,107.3,0,0.0,0.929
006922,Car,car,4.37,179.1,0,1.0,0.0
006922,Car,car,8.18,187.5,1,0.07,0.954
006922,Car,car,18.41,66.7,1,0.0,0.9
006922,Car,car,13.37,98.7,1,0.0,0.898
006922,Car,car,23.69,48.8,2,0.0,0.765
006922,Car,car,18.42,68.5,2,0.0,0.812
006922,Car,car,39.28,28.3,0,0.0,0.78
006922,Car,car,23.41,51.5,2,0.0,0.737
006922,Car,car,28.86,41.1,2,0.0,0.737
006925,Pedestrian,pedestrian,9.77,171.0,0,0.0,0.868
006925,Pedestrian,pedestrian,12.68,91.3,0,0.0,0.869
006925,Pedestrian,pedestrian,15.66,79.7,2,0.0,0.0
006925,Pedestrian,pedestrian,13.54,93.2,0,0.0,0.667
006925,Pedestrian,pedestrian,17.0,75.6,2,0.0,0.014
006925,Pedestrian,pedestrian,18.28,73.6,2,0.0,0.0
006925,Pedestrian,pedestrian,22.03,59.2,0,0.0,0.0
006925,Pedestrian,pedestrian,27.37,46.2,0,0.0,0.708
006925,Van,van,3.96,373.0,0,1.0,0.609
006926,Car,car,18.96,58.2,0,0.0,0.876
006926,Car,car,17.41,92.7,3,0.64,0.915
006926,Van,van,12.65,154.5,3,0.0,0.451
006926,Pedestrian,pedestrian,6.62,229.5,1,0.06,0.866
006926,Van,van,23.09,68.8,3,0.0,0.761
006926,Car,car,15.25,90.8,0,0.0,0.917
006926,Car,car,18.25,64.5,2,0.0,0.0
006926,Car,car,21.21,53.8,2,0.0,0.0
006926,Car,car,28.4,41.5,2,0.0,0.602
006926,Car,car,41.61,25.5,2,0.0,0.56
006926,Car,car,23.35,47.5,1,0.0,0.884
006926,Car,car,30.67,42.9,2,0.0,0.712
006926,Pedestrian,pedestrian,30.81,36.9,2,0.0,0.0
006926,Car,car,31.73,37.0,2,0.0,0.011
006926,Car,car,36.28,34.5,2,0.0,0.834
006931,Car,car,63.34,19.6,0,0.0,0.759
006932,Car,car,22.11,48.9,0,0.0,0.879
006932,Car,car,9.06,181.1,3,0.24,0.876
006932,Car,car,16.27,80.3,1,0.0,0.896
006932,Car,car,12.97,86.0,0,0.0,0.845
006932,Car,car,18.3,65.3,2,0.0,0.696
006932,Car,car,25.68,42.4,2,0.0,0.372
006932,Van,van,3.13,374.0,3,1.0,0.0
006932,Pedestrian,pedestrian,6.43,192.1,1,0.07,0.865
006932,Car,car,8.91,166.9,1,0.0,0.512
006932,Car,car,13.56,87.9,2,0.0,0.824
006932,Car,car,19.49,64.6,2,0.0,0.802
006932,Car,car,37.38,28.4,1,0.0,0.87
006932,Truck,truck,47.85,56.5,3,0.0,0.301
006932,Van,van,12.67,157.0,3,0.91,0.0
006932,Car,car,33.8,34.6,2,0.0,0.063
006932,Car,car,31.25,38.8,1,0.0,0.783
006933,Car,car,21.07,60.6,0,0.0,0.853
006933,Car,car,24.88,55.4,2,0.0,0.831
006933,Car,car,19.61,72.0,0,0.0,0.897
006935,Pedestrian,pedestrian,11.04,125.8,0,0.0,0.878
006935,Pedestrian,pedestrian,4.06,270.4,0,0.69,0.91
006935,Pedestrian,pedestrian,7.82,210.5,0,0.0,0.868
006940,Truck,truck,42.25,69.5,0,0.0,0.737
006940,Car,car,33.42,43.5,0,0.0,0.839
006940,Car,car,51.23,31.4,0,0.0,0.72
006943,Car,car,20.97,61.1,0,0.0,0.855
006943,Car,car,6.3,164.9,0,0.7,0.814
006943,Car,car,12.59,108.3,1,0.0,0.419
006943,Car,car,19.05,73.2,1,0.0,0.593
006943,Car,car,19.79,68.0,1,0.0,0.703
006943,Car,car,30.37,44.1,2,0.0,0.036
006943,Car,car,30.76,41.9,1,0.0,0.72
006943,Car,car,38.16,30.6,1,0.0,0.328
006952,Car,car,23.85,45.0,0,0.0,0.876
006952,Car,car,4.34,168.3,3,0.92,0.926
006952,Car,car,10.65,153.9,3,0.09,0.0
006952,Car,car,17.14,72.0,1,0.0,0.87
006952,Car,car,19.9,65.6,2,0.0,0.688
006952,Car,car,27.61,40.2,2,0.0,0.84
006952,Car,car,26.36,39.0,0,0.0,0.824
006952,Car,car,37.58,32.3,1,0.0,0.725
006952,Car,car,17.71,64.1,0,0.0,0.905
006952,Truck,truck,28.12,103.3,3,0.0,0.244
006952,Pedestrian,pedestrian,22.59,59.7,2,0.0,0.762
006952,Car,car,23.21,59.9,3,0.55,0.402
006952,Car,car,35.98,32.4,2,0.0,0.0
006952,Car,car,35.47,34.5,1,0.0,0.683
006956,Car,car,24.68,40.3,0,0.0,0.831
006956,Car,car,32.92,32.4,0,0.0,0.871
006956,Car,car,39.57,25.8,0,0.0,0.883
006956,Car,car,16.62,87.4,0,0.9,0.0
006956,Van,van,52.21,33.1,2,0.0,0.137
006958,Car,car,23.65,47.0,2,0.0,0.0
006958,Car,car,37.0,30.9,0,0.0,0.729
006958,Van,van,14.41,129.6,0,0.0,0.904
006958,Car,car,29.66,46.1,2,0.0,0.731
006958,Van,van,57.75,30.6,2,0.0,0.0
006958,Car,car,45.83,24.7,2,0.0,0.729
006961,Car,car,42.59,24.6,0,0.0,0.758
006961,Car,car,29.02,40.8,0,0.0,0.861
006961,Car,car,11.07,144.9,0,0.0,0.896
006961,Car,car,4.24,155.5,0,1.0,0.0
006961,Truck,truck,31.53,96.0,1,0.0,0.897
006961,Car,car,39.92,30.7,2,0.0,0.0
006964,Car,car,43.61,28.8,0,0.0,0.696
006964,Truck,truck,73.7,30.9,1,0.0,0.319
006964,Car,car,30.43,46.0,0,0.0,0.895
006964,Car,car,56.83,20.0,0,0.0,0.844
006967,Car,car,16.0,88.8,0,0.81,0.911
006967,Car,car,29.51,36.1,0,0.0,0.831
006967,Car,car,36.94,33.7,0,0.0,0.802
006967,Car,car,40.05,29.6,2,0.0,0.615
006967,Car,car,34.44,37.0,0,0.0,0.297
006967,Car,car,37.12,34.8,2,0.0,0.0
006973,Car,car,23.98,41.8,0,0.0,0.865
006973,Car,car,32.67,32.9,0,0.0,0.865
006973,Car,car,60.74,21.0,1,0.0,0.455
006973,Car,car,27.41,42.6,0,0.0,0.911
006973,Van,van,51.12,33.8,2,0.0,0.08
006983,Tram,tram,78.76,36.4,0,0.0,0.57
006983,Car,car,17.15,103.0,0,0.0,0.883
006983,Car,car,21.56,60.1,1,0.0,0.903
006983,Car,car,25.98,57.1,1,0.0,0.841
006983,Car,car,35.18,34.8,0,0.0,0.843
006983,Car,car,40.17,29.0,2,0.0,0.785
006994,Car,car,37.31,38.8,0,0.0,0.5
006994,Pedestrian,pedestrian,21.48,61.1,0,0.0,0.578
006994,Pedestrian,pedestrian,21.26,60.7,0,0.0,0.612
006994,Pedestrian,pedestrian,33.68,36.0,1,0.0,0.024
006995,Car,car,56.27,20.2,0,0.0,0.237
006995,Car,car,29.56,45.0,1,0.0,0.52
006995,Car,car,20.02,56.9,0,0.0,0.89
006995,Truck,truck,53.42,52.4,1,0.0,0.365
006995,Car,car,20.73,61.3,0,0.0,0.924
006995,Car,car,42.78,27.5,1,0.0,0.779
007001,Car,car,22.86,55.2,0,0.0,0.832
007001,Car,car,49.86,21.7,1,0.0,0.712
007001,Car,car,60.92,18.5,1,0.0,0.451
007001,Car,car,55.57,26.0,0,0.0,0.0
007004,Car,car,21.58,56.8,0,0.0,0.844
007004,Pedestrian,pedestrian,20.77,69.8,0,0.0,0.736
007004,Pedestrian,pedestrian,21.34,67.8,1,0.0,0.736
007004,Van,van,26.45,71.1,0,0.51,0.832
007004,Car,car,30.88,34.9,2,0.0,0.0
007004,Car,car,68.82,16.5,2,0.0,0.482
007006,Car,car,9.19,158.2,0,0.0,0.922
007006,Tram,tram,34.58,91.5,2,0.0,0.0
007006,Car,car,21.54,71.4,0,0.0,0.923
007006,Cyclist,cyclist,33.27,46.7,2,0.0,0.0
007009,Car,car,31.32,35.5,0,0.0,0.847
007016,Car,car,46.4,27.0,0,0.0,0.804
007016,Cyclist,cyclist,5.92,254.5,0,0.08,0.924
007016,Pedestrian,pedestrian,7.21,176.7,1,0.0,0.788
007016,Pedestrian,pedestrian,8.98,128.2,1,0.0,0.812
007016,Car,car,14.4,97.3,3,0.76,0.477
007016,Car,car,34.54,32.3,1,0.0,0.808
007016,Cyclist,cyclist,8.34,171.0,2,0.0,0.545
007018,Pedestrian,pedestrian,5.32,201.0,0,0.24,0.753
007018,Pedestrian,pedestrian,5.44,210.4,0,0.27,0.837
007018,Pedestrian,pedestrian,9.42,160.5,0,0.0,0.888
007018,Pedestrian,pedestrian,9.63,163.8,1,0.0,0.853
007018,Cyclist,cyclist,12.11,101.4,0,0.0,0.739
007018,Cyclist,cyclist,14.31,98.2,1,0.0,0.626
007022,Car,car,46.25,21.0,0,0.0,0.833
007022,Car,car,37.73,29.2,0,0.0,0.858
007022,Car,car,13.4,108.0,0,0.0,0.942
007022,Van,van,62.01,27.6,1,0.0,0.281
007022,Car,car,39.32,32.2,1,0.0,0.861
007022,Car,car,27.28,56.5,0,0.0,0.909
007033,Car,car,5.56,192.9,0,0.89,0.913
007033,Car,car,10.91,132.0,0,0.0,0.934
007033,Car,car,32.68,41.9,0,0.0,0.739
007033,Car,car,39.98,28.5,1,0.0,0.84
007033,Car,car,55.95,19.1,0,0.0,0.816
007033,Cyclist,cyclist,30.18,44.4,0,0.0,0.723
007034,Car,car,9.81,148.0,0,0.0,0.941
007034,Car,car,15.71,91.2,1,0.0,0.888
007034,Truck,truck,38.89,67.2,0,0.0,0.832
007034,Car,car,30.88,36.5,1,0.0,0.764
007034,Pedestrian,pedestrian,31.09,39.4,1,0.0,0.034
007041,Car,car,47.77,27.0,1,0.0,0.734
007041,Car,car,37.74,28.6,0,0.0,0.797
007041,Truck,truck,74.58,36.6,1,0.0,0.309
007041,Car,car,36.77,31.1,0,0.0,0.882
007041,Van,van,13.61,159.1,0,0.0,0.797
007041,Car,car,42.88,27.4,1,0.0,0.677
007049,Car,car,19.04,69.2,0,0.0,0.872
007049,Cyclist,cyclist,20.11,71.8,3,0.0,0.74
007049,Tram,tram,29.74,119.1,1,0.0,0.0
007049,Tram,tram,14.46,370.4,3,0.18,0.911
007056,Pedestrian,pedestrian,44.94,28.6,0,0.0,0.525
007056,Van,van,35.66,54.3,1,0.01,0.354
007056,Car,car,26.0,55.0,0,0.0,0.876
007056,Car,car,29.72,49.3,2,0.0,0.0
007056,Car,car,40.17,32.7,0,0.0,0.85
007056,Car,car,43.32,31.7,1,0.0,0.821
007056,Car,car,61.66,19.9,0,0.0,0.811
007057,Car,car,41.68,29.5,1,0.0,0.591
007057,Car,car,42.8,31.7,1,0.0,0.448
007057,Car,car,30.22,45.8,1,0.0,0.0
007065,Car,car,4.92,248.6,0,0.94,0.899
007065,Car,car,10.03,150.7,0,0.0,0.945
007065,Car,car,20.26,66.2,0,0.0,0.643
007065,Car,car,16.76,72.9,0,0.0,0.881
007065,Car,car,21.08,55.7,1,0.0,0.857
007065,Car,car,22.21,56.8,2,0.0,0.755
007069,Car,car,30.95,36.2,0,0.0,0.871
007069,Van,van,28.04,55.6,2,0.0,0.648
007069,Car,car,25.7,44.4,2,0.0,0.648
007069,Car,car,21.57,56.2,2,0.0,0.813
007069,Car,car,18.49,67.4,2,0.0,0.813
007069,Car,car,16.23,75.9,2,0.0,0.813
007069,Car,car,14.06,94.8,1,0.0,0.804
007069,Car,car,10.06,163.3,3,0.58,0.9
007069,Truck,truck,47.18,40.0,2,0.0,0.727
007074,Car,car,22.02,60.2,1,0.0,0.846
007074,Car,car,43.01,26.1,0,0.0,0.684
007077,Pedestrian,pedestrian,8.49,170.1,0,0.0,0.901
007077,Car,car,15.15,168.1,0,0.72,0.873
007078,Truck,truck,38.77,64.0,0,0.0,0.723
007078,Car,car,30.54,47.8,0,0.0,0.87
007079,Truck,truck,41.82,70.3,3,0.0,0.877
007079,Car,car,59.73,21.0,0,0.0,0.777
007088,Car,car,8.02,191.0,0,0.0,0.957
007088,Car,car,18.65,64.5,0,0.0,0.882
007088,Car,car,33.02,31.4,0,0.0,0.814
007088,Van,van,28.81,74.3,1,0.0,0.731
007088,Car,car,42.03,25.9,2,0.0,0.743
007093,Car,car,7.18,167.4,0,0.46,0.927
007093,Car,car,12.87,111.5,1,0.0,0.897
007093,Car,car,18.29,68.2,1,0.0,0.868
007093,Car,car,46.31,30.0,0,0.0,0.816
007093,Car,car,56.92,21.9,1,0.0,0.715
007094,Pedestrian,pedestrian,4.45,238.6,1,0.93,0.0
007094,Pedestrian,pedestrian,3.67,185.9,0,0.7,0.837
007094,Pedestrian,pedestrian,25.01,46.7,0,0.0,0.774
007094,Pedestrian,pedestrian,21.57,58.1,0,0.0,0.748
007094,Pedestrian,pedestrian,29.63,48.6,0,0.0,0.657
007094,Pedestrian,pedestrian,29.7,46.3,0,0.0,0.728
007094,Pedestrian,pedestrian,14.59,105.8,0,0.0,0.0
007094,Pedestrian,pedestrian,15.22,92.2,1,0.0,0.342
007096,Car,car,46.58,22.4,0,0.0,0.679
007096,Car,car,33.21,35.2,0,0.0,0.837
007096,Car,car,13.74,109.0,0,0.0,0.89
007096,Car,car,5.93,175.1,0,0.78,0.923
007096,Truck,truck,34.98,84.8,1,0.0,0.855
007096,Car,car,40.51,29.9,1,0.0,0.582
007100,Car,car,16.61,83.6,0,0.38,0.914
007100,Car,car,26.48,52.9,1,0.0,0.847
007100,Van,van,18.2,115.4,0,0.72,0.779
007101,Car,car,27.82,38.4,0,0.0,0.839
007101,Car,car,4.61,155.4,3,0.85,0.912
007101,Car,car,9.2,155.0,1,0.0,0.917
007101,Car,car,16.2,88.5,1,0.0,0.851
007101,Car,car,26.42,43.0,2,0.0,0.0
007101,Car,car,29.32,41.4,2,0.0,0.587
007101,Car,car,35.93,30.2,2,0.0,0.0
007101,Car,car,38.74,26.8,2,0.0,0.56
007101,Van,van,46.53,30.7,3,0.0,0.144
007101,Truck,truck,6.41,374.0,3,0.95,0.589
007101,Car,car,18.99,62.2,0,0.0,0.88
007101,Car,car,28.2,38.9,2,0.0,0.759
007101,Truck,truck,37.82,73.8,3,0.0,0.13
007101,Car,car,29.15,46.8,1,0.0,0.794
007101,Car,car,38.24,30.4,2,0.0,0.0
007103,Car,car,24.33,65.9,0,0.0,0.919
007103,Tram,tram,32.88,110.0,3,0.0,0.706
007103,Tram,tram,51.44,58.4,3,0.0,0.0
007103,Cyclist,cyclist,26.8,49.8,3,0.0,0.217
007105,Van,van,60.26,26.0,0,0.0,0.596
007105,Car,car,45.74,25.1,0,0.0,0.731
007107,Car,car,11.62,116.3,0,0.0,0.895
007107,Car,car,9.49,169.1,0,0.0,0.927
007107,Car,car,26.53,46.2,1,0.0,0.844
007107,Car,car,37.35,31.2,2,0.0,0.0
007107,Car,car,43.75,24.2,2,0.0,0.0
007107,Car,car,17.28,101.6,0,0.42,0.906
007107,Car,car,22.86,55.5,0,0.0,0.905
007107,Car,car,38.29,30.7,1,0.0,0.304
007107,Car,car,44.17,32.1,1,0.0,0.709
007107,Car,car,54.27,22.1,1,0.0,0.762
007107,Car,car,66.34,16.2,0,0.0,0.329
007107,Car,car,38.19,31.5,1,0.0,0.644
007123,Car,car,7.01,155.9,1,0.83,0.922
007123,Car,car,5.94,236.8,1,0.91,0.92
007123,Car,car,16.37,74.4,1,0.0,0.921
007123,Car,car,21.33,53.0,2,0.0,0.813
007123,Car,car,11.96,114.2,2,0.0,0.922
007123,Car,car,9.98,148.8,3,0.22,0.922
007123,Pedestrian,pedestrian,30.17,46.6,0,0.0,0.488
007124,Car,car,7.01,208.4,0,0.01,0.907
007124,Car,car,42.19,31.6,0,0.0,0.841
007124,Car,car,55.43,20.0,0,0.0,0.644
007124,Car,car,50.43,30.1,1,0.13,0.827
007124,Car,car,43.19,30.4,0,0.0,0.867
007124,Car,car,55.76,20.2,0,0.0,0.755
007124,Car,car,55.27,20.0,0,0.0,0.698
007130,Car,car,14.81,91.3,0,0.0,0.897
007130,Cyclist,cyclist,16.87,88.2,3,0.0,0.811
007130,Tram,tram,17.14,262.7,3,0.0,0.0
007130,Tram,tram,4.78,374.0,3,1.0,0.826
007132,Car,car,3.97,114.8,0,1.0,0.0
007132,Car,car,8.05,165.6,1,0.27,0.896
007132,Car,car,12.36,110.0,1,0.0,0.887
007132,Car,car,7.45,189.9,0,0.2,0.924
007132,Car,car,12.67,101.9,1,0.0,0.872
007132,Car,car,23.32,80.4,2,0.0,0.0
007132,Car,car,33.85,34.5,0,0.0,0.829
007132,Car,car,48.56,21.8,0,0.0,0.804
007132,Car,car,63.73,18.5,1,0.0,0.797
007132,Cyclist,cyclist,51.07,24.0,0,0.0,0.361
007137,Car,car,12.47,134.9,1,0.84,0.0
007137,Car,car,14.27,107.5,1,0.0,0.846
007137,Car,car,4.64,165.8,0,0.91,0.905
007137,Car,car,4.32,176.6,0,1.0,0.829
007137,Van,van,8.68,236.7,1,0.11,0.57
007137,Car,car,16.63,81.9,1,0.0,0.839
007137,Car,car,18.69,75.8,1,0.0,0.698
007137,Van,van,21.38,72.2,2,0.0,0.698
007137,Car,car,13.54,112.0,1,0.0,0.0
007137,Car,car,19.17,71.2,2,0.0,0.807
007137,Truck,truck,33.66,90.4,3,0.0,0.71
007138,Car,car,14.07,101.9,0,0.0,0.894
007138,Car,car,10.49,131.7,1,0.0,0.905
007138,Car,car,14.95,86.7,2,0.0,0.876
007138,Truck,truck,24.01,89.9,2,0.0,0.758
007138,Car,car,28.03,40.8,0,0.0,0.844
007138,Van,van,53.46,28.0,0,0.0,0.347
007138,Car,car,4.92,190.7,0,0.91,0.947
007147,Car,car,12.29,94.2,1,0.0,0.842
007147,Car,car,12.21,105.7,0,0.0,0.906
007147,Car,car,14.07,108.2,0,0.78,0.93
007147,Cyclist,cyclist,7.94,155.0,0,0.0,0.76
007151,Car,car,13.5,125.2,1,0.53,0.87
007151,Car,car,15.46,94.6,2,0.0,0.798
007151,Car,car,5.9,178.3,0,0.62,0.938
007151,Car,car,5.16,184.3,0,0.95,0.93
007151,Van,van,10.05,202.4,1,0.0,0.674
007151,Car,car,17.93,74.0,2,0.0,0.893
007151,Car,car,20.1,70.0,1,0.0,0.783
007151,Van,van,22.79,67.4,2,0.0,0.783
007151,Car,car,14.99,97.4,1,0.0,0.0
007151,Car,car,20.68,64.7,2,0.0,0.0
007151,Truck,truck,34.62,87.5,3,0.0,0.703
007152,Car,car,24.31,51.7,0,0.0,0.807
007152,Car,car,7.59,178.3,0,0.5,0.952
007152,Car,car,12.71,117.7,3,0.0,0.952
007154,Pedestrian,pedestrian,8.85,166.9,1,0.0,0.011
007166,Car,car,13.73,98.2,0,0.0,0.909
007166,Car,car,8.08,180.6,0,0.0,0.897
007166,Car,car,12.47,103.6,1,0.0,0.861
007166,Car,car,18.4,63.5,2,0.0,0.829
007166,Car,car,19.44,60.6,2,0.0,0.755
007166,Car,car,25.22,46.0,2,0.0,0.623
007166,Car,car,29.61,37.0,2,0.0,0.758
007166,Car,car,24.56,47.9,2,0.0,0.502
007166,Car,car,39.06,41.8,2,0.0,0.0
007167,Car,car,25.87,68.9,0,0.0,0.857
007167,Van,van,49.27,56.7,2,0.0,0.455
007167,Car,car,32.68,44.0,1,0.0,0.812
007167,Car,car,37.53,30.7,0,0.0,0.87
007168,Car,car,37.37,36.7,0,0.0,0.863
007168,Car,car,49.49,25.8,0,0.0,0.828
007168,Tram,tram,59.5,48.5,3,0.0,0.609
007168,Cyclist,cyclist,36.54,35.8,3,0.0,0.615
007171,Car,car,44.17,30.4,0,0.0,0.831
007171,Van,van,21.7,67.0,0,0.0,0.833
007171,Car,car,19.09,81.2,3,0.35,0.0
007171,Car,car,20.74,60.4,0,0.0,0.876
007171,Van,van,9.64,256.2,0,0.98,0.831
007171,Car,car,29.69,40.0,1,0.0,0.826
007171,Car,car,45.43,25.6,1,0.0,0.0
007171,Tram,tram,85.76,31.9,2,0.0,0.0
007181,Car,car,16.54,80.0,0,0.0,0.895
007181,Car,car,49.61,23.6,0,0.0,0.847
007182,Car,car,7.9,197.3,0,0.04,0.917
007182,Car,car,5.19,224.0,0,0.67,0.894
007182,Car,car,12.72,102.6,1,0.0,0.863
007182,Car,car,26.19,45.3,0,0.0,0.885
007182,Car,car,10.56,125.0,2,0.0,0.894
007182,Pedestrian,pedestrian,15.63,89.4,2,0.0,0.0
007182,Pedestrian,pedestrian,18.65,73.4,2,0.0,0.0
007182,Car,car,39.62,31.0,0,0.0,0.791
007182,Car,car,38.48,31.9,2,0.0,0.674
007182,Pedestrian,pedestrian,18.08,74.5,2,0.0,0.0
007182,Car,car,55.51,25.0,2,0.0,0.498
007187,Car,car,42.59,28.8,0,0.0,0.809
007188,Pedestrian,pedestrian,7.77,177.8,0,0.0,0.839
007190,Car,car,20.08,60.6,0,0.0,0.897
007190,Truck,truck,48.79,67.2,1,0.0,0.688
007193,Car,car,19.04,64.9,0,0.0,0.836
007193,Car,car,23.63,62.4,0,0.75,0.902
007193,Car,car,34.96,41.8,0,0.0,0.829
007193,Car,car,33.41,45.1,0,0.0,0.914
007200,Car,car,11.07,153.3,0,0.09,0.937
007200,Car,car,4.75,187.9,0,0.95,0.943
007200,Car,car,9.6,163.2,1,0.0,0.935
007200,Car,car,16.24,83.7,1,0.0,0.897
007200,Car,car,19.08,62.9,1,0.0,0.901
007200,Car,car,24.97,49.5,1,0.0,0.877
007200,Car,car,24.87,47.3,2,0.0,0.759
007200,Car,car,39.77,30.3,1,0.0,0.752
007200,Car,car,33.31,35.1,1,0.0,0.737
007200,Car,car,63.97,17.5,1,0.0,0.595
007201,Pedestrian,pedestrian,17.05,72.5,1,0.0,0.02
007201,Tram,tram,30.04,118.4,3,0.4,0.0
007201,Tram,tram,29.22,96.8,2,0.0,0.0
007201,Tram,tram,29.84,98.3,1,0.0,0.0
007201,Tram,tram,31.29,89.1,2,0.0,0.0
007201,Tram,tram,34.99,86.4,2,0.0,0.0
007201,Person_sitting,pedestrian,3.79,114.6,3,0.91,0.845
007201,Person_sitting,pedestrian,4.55,128.0,1,0.51,0.0
007201,Person_sitting,pedestrian,5.07,146.9,3,0.55,0.0
007215,Car,car,31.65,40.3,1,0.0,0.78
007215,Car,car,53.17,21.0,0,0.0,0.593
007222,Car,car,17.13,65.2,0,0.0,0.858
007222,Car,car,22.64,57.3,0,0.0,0.648
007222,Car,car,26.05,46.9,2,0.0,0.034
007222,Car,car,22.67,68.1,0,0.59,0.769
007222,Car,car,24.98,58.9,0,0.0,0.807
007229,Car,car,23.93,67.3,3,0.62,0.865
007229,Car,car,33.34,41.8,0,0.0,0.882
007229,Tram,tram,42.78,74.5,3,0.0,0.797
007229,Cyclist,cyclist,30.4,43.5,3,0.0,0.025
007232,Car,car,10.11,189.5,0,0.0,0.945
007232,Car,car,16.89,77.9,0,0.0,0.907
007232,Car,car,32.63,33.9,0,0.0,0.862
007232,Car,car,55.94,19.5,0,0.0,0.792
007232,Cyclist,cyclist,20.34,66.7,0,0.0,0.75
007233,Car,car,11.53,121.9,0,0.0,0.893
007233,Car,car,16.14,89.3,0,0.07,0.94
007233,Car,car,4.65,184.0,0,0.92,0.91
007233,Car,car,17.66,73.2,2,0.0,0.793
007233,Car,car,18.39,69.0,0,0.0,0.893
007233,Car,car,23.57,59.1,1,0.0,0.852
007233,Car,car,26.02,46.8,1,0.0,0.56
007233,Car,car,29.13,45.6,2,0.0,0.781
007233,Car,car,32.4,35.7,2,0.0,0.56
007233,Van,van,39.98,56.2,1,0.0,0.396
007233,Car,car,64.13,15.8,0,0.0,0.583
007243,Car,car,12.11,129.5,0,0.0,0.923
007243,Car,car,33.31,45.5,0,0.56,0.789
007243,Car,car,35.15,42.2,3,0.22,0.789
007243,Car,car,21.05,63.5,0,0.0,0.889
007243,Car,car,22.09,61.1,0,0.0,0.799
007243,Car,car,30.93,49.5,1,0.0,0.893
007243,Car,car,43.21,35.3,2,0.0,0.013
007243,Van,van,46.97,41.5,2,0.0,0.039
007243,Car,car,44.79,32.1,2,0.0,0.0
007243,Car,car,27.2,47.2,2,0.0,0.585
007243,Car,car,38.63,30.1,1,0.0,0.797
007243,Car,car,49.91,24.0,0,0.0,0.533
007243,Car,car,81.18,15.3,0,0.0,0.633
007244,Car,car,59.1,18.7,1,0.0,0.722
007244,Car,car,39.74,28.7,0,0.0,0.736
007244,Car,car,30.99,37.5,0,0.0,0.85
007244,Car,car,40.43,33.5,1,0.0,0.809
007249,Car,car,28.01,43.4,0,0.0,0.85
007249,Car,car,21.15,63.3,0,0.0,0.91
007249,Car,car,40.95,27.6,0,0.0,0.863
007249,Car,car,46.62,26.6,1,0.0,0.811
007249,Car,car,41.68,27.7,0,0.0,0.619
007249,Car,car,48.32,22.0,2,0.0,0.619
007251,Car,car,30.89,42.8,0,0.0,0.881
007255,Car,car,43.13,27.7,2,0.0,0.0
007255,Car,car,55.15,20.2,0,0.0,0.745
007255,Cyclist,cyclist,60.23,20.8,0,0.0,0.0
007255,Pedestrian,pedestrian,61.37,21.1,1,0.0,0.0
007255,Pedestrian,pedestrian,60.68,23.0,2,0.0,0.029
007258,Van,van,28.5,76.4,3,0.0,0.57
007258,Car,car,30.95,40.1,0,0.0,0.796
007258,Truck,truck,26.42,101.2,3,0.0,0.0
007259,Car,car,26.43,53.3,0,0.0,0.84
007259,Car,car,24.26,66.9,0,0.0,0.868
007259,Car,car,17.65,91.1,0,0.39,0.931
007259,Car,car,14.7,99.2,1,0.31,0.909
007259,Car,car,16.8,77.0,1,0.0,0.887
007259,Car,car,37.24,33.0,1,0.0,0.779
007259,Car,car,65.98,16.7,0,0.0,0.679
007261,Car,car,14.57,94.1,0,0.0,0.892
007261,Van,van,14.64,121.9,0,0.0,0.823
007261,Car,car,22.14,58.6,2,0.0,0.851
007261,Car,car,27.78,44.5,2,0.0,0.851
007262,Car,car,44.85,28.0,0,0.0,0.822
007262,Tram,tram,95.04,35.1,1,0.0,0.694
007269,Pedestrian,pedestrian,5.79,215.2,0,0.09,0.905
007273,Car,car,40.8,29.9,0,0.0,0.834
007273,Car,car,12.84,132.0,0,0.42,0.931
007273,Car,car,19.34,65.9,1,0.0,0.909
007273,Car,car,16.68,76.7,0,0.0,0.884
007273,Car,car,34.21,35.2,1,0.0,0.516
007273,Van,van,29.74,75.3,0,0.0,0.755
007273,Car,car,40.67,27.1,1,0.0,0.095
007273,Car,car,19.26,83.8,3,0.72,0.0
007273,Car,car,28.23,48.4,1,0.0,0.609
007279,Car,car,66.21,14.3,0,0.0,0.799
007279,Car,car,27.33,44.1,0,0.0,0.889
007282,Car,car,9.44,168.5,0,0.0,0.938
007283,Car,car,3.6,319.2,0,1.0,0.727
007283,Car,car,20.92,64.2,0,0.0,0.893
007283,Car,car,17.3,71.8,2,0.0,0.844
007283,Car,car,21.81,56.1,2,0.0,0.723
007283,Truck,truck,30.5,68.6,2,0.0,0.746
007283,Car,car,34.91,32.3,1,0.0,0.737
007283,Van,van,60.37,24.7,0,0.0,0.333
007283,Car,car,11.14,127.5,0,0.0,0.928
007285,Car,car,12.78,106.7,0,0.0,0.933
007285,Cyclist,cyclist,21.22,65.4,0,0.0,0.277
007292,Car,car,47.37,26.4,0,0.0,0.701
007292,Car,car,22.95,57.8,1,0.0,0.879
007292,Car,car,43.12,26.7,1,0.0,0.621
007304,Car,car,31.64,36.5,1,0.0,0.793
007306,Car,car,35.73,39.5,0,0.0,0.886
007306,Car,car,64.37,17.8,0,0.0,0.628
007306,Car,car,67.96,30.5,1,0.0,0.095
007306,Car,car,28.39,45.3,0,0.0,0.841
007309,Car,car,19.1,66.8,0,0.0,0.901
007309,Car,car,4.34,164.7,0,0.99,0.926
007309,Car,car,7.17,181.9,0,0.23,0.893
007309,Car,car,13.4,93.7,1,0.0,0.891
007309,Car,car,17.89,67.7,2,0.0,0.856
007309,Car,car,24.01,46.9,2,0.0,0.82
007309,Car,car,24.73,46.6,2,0.0,0.621
007309,Car,car,35.04,31.1,2,0.0,0.18
007309,Car,car,44.38,35.8,2,0.0,0.0
007326,Car,car,4.61,167.2,0,0.96,0.941
007326,Cyclist,cyclist,21.1,70.1,1,0.0,0.0
007326,Car,car,25.95,46.1,1,0.0,0.877
007334,Car,car,31.69,37.6,0,0.0,0.792
007334,Car,car,41.26,26.9,0,0.0,0.822
007334,Car,car,74.56,15.0,0,0.0,0.0
007334,Pedestrian,pedestrian,57.26,21.9,0,0.0,0.39
007334,Car,car,75.06,17.2,1,0.0,0.021
007338,Cyclist,cyclist,20.09,65.7,1,0.0,0.018
007338,Pedestrian,pedestrian,26.75,51.6,0,0.0,0.037
007344,Pedestrian,pedestrian,8.7,169.1,0,0.0,0.897
007350,Car,car,5.5,212.2,0,0.97,0.827
007350,Car,car,26.3,45.2,0,0.0,0.894
007350,Car,car,10.86,131.2,1,0.0,0.882
007350,Car,car,16.27,82.6,2,0.0,0.864
007350,Car,car,21.39,56.7,2,0.0,0.813
007350,Car,car,31.86,35.5,2,0.0,0.704
007350,Car,car,26.75,44.3,2,0.0,0.768
007350,Car,car,37.26,29.4,2,0.0,0.704
007350,Car,car,31.95,37.0,2,0.0,0.768
007350,Car,car,52.95,20.7,0,0.0,0.708
007352,Car,car,50.66,23.9,0,0.0,0.787
007352,Car,car,13.3,87.7,0,0.0,0.865
007352,Car,car,19.96,56.7,2,0.0,0.555
007354,Car,car,33.92,31.7,1,0.0,0.717
007357,Car,car,6.97,181.7,3,0.59,0.949
007357,Car,car,36.85,35.8,1,0.0,0.84
007357,Car,car,55.03,22.0,1,0.0,0.758
007357,Car,car,46.35,26.5,0,0.0,0.734
007357,Car,car,67.14,20.8,0,0.0,0.475
007363,Car,car,44.88,29.9,0,0.0,0.85
007363,Car,car,51.84,27.2,1,0.0,0.873
007363,Car,car,58.67,21.4,0,0.0,0.756
007363,Car,car,23.77,55.0,0,0.0,0.766
007363,Cyclist,cyclist,53.5,22.9,0,0.0,0.0
007364,Car,car,26.47,47.4,0,0.0,0.874
007364,Car,car,15.94,101.0,0,0.0,0.878
007364,Car,car,16.73,83.6,0,0.0,0.846
007364,Car,car,26.51,45.4,1,0.0,0.749
007364,Car,car,30.31,38.1,1,0.0,0.828
007364,Car,car,42.64,24.9,1,0.0,0.787
007364,Van,van,75.27,27.5,1,0.0,0.186
007364,Car,car,35.39,35.1,1,0.0,0.672
007369,Tram,tram,24.12,146.3,3,0.25,0.313
007369,Tram,tram,24.33,112.9,1,0.0,0.0
007369,Tram,tram,25.83,113.6,2,0.0,0.0
007369,Tram,tram,28.11,101.8,2,0.0,0.0
007369,Tram,tram,33.12,97.8,2,0.0,0.0
007369,Pedestrian,pedestrian,10.54,123.7,1,0.0,0.777
007371,Car,car,5.56,254.8,0,0.94,0.932
007371,Car,car,15.7,91.1,1,0.0,0.873
007371,Van,van,28.69,75.2,1,0.0,0.619
007375,Tram,tram,23.05,152.8,1,0.17,0.247
007375,Tram,tram,23.63,115.5,1,0.0,0.0
007375,Tram,tram,25.4,116.0,2,0.0,0.0
007375,Tram,tram,27.96,103.6,2,0.0,0.0
007375,Tram,tram,33.15,99.9,2,0.0,0.0
007375,Pedestrian,pedestrian,9.42,138.4,0,0.0,0.823
007379,Car,car,23.9,52.6,0,0.0,0.837
007379,Car,car,16.02,93.9,0,0.0,0.928
007379,Car,car,45.61,25.3,0,0.0,0.792
007379,Car,car,73.71,14.5,1,0.0,0.604
007379,Car,car,29.66,47.2,0,0.34,0.84
007390,Car,car,26.55,68.8,1,0.33,0.743
007390,Car,car,30.67,45.3,1,0.0,0.872
007392,Car,car,16.94,91.9,1,0.0,0.381
007392,Car,car,21.35,63.6,2,0.0,0.381
007392,Car,car,35.74,47.0,1,0.0,0.658
007392,Car,car,37.36,33.2,1,0.0,0.453
007392,Car,car,26.2,44.6,2,0.0,0.0
007392,Car,car,28.83,41.0,2,0.0,0.0
007392,Car,car,31.2,43.6,2,0.0,0.639
007397,Car,car,71.02,17.5,0,0.0,0.699
007397,Truck,truck,75.95,29.8,0,0.0,0.438
007397,Tram,tram,43.79,68.0,1,0.0,0.052
007398,Car,car,6.08,198.9,0,0.99,0.886
007398,Car,car,11.87,126.3,0,0.0,0.932
007398,Car,car,27.36,40.9,0,0.0,0.85
007398,Car,car,50.73,21.4,0,0.0,0.831
007398,Van,van,58.91,36.4,2,0.0,0.0
007398,Cyclist,cyclist,18.05,75.7,0,0.0,0.799
007407,Car,car,5.86,163.9,0,0.97,0.933
007407,Car,car,20.14,57.9,0,0.0,0.906
007407,Cyclist,cyclist,18.12,67.9,2,0.0,0.831
007407,Car,car,43.39,25.2,0,0.0,0.814
007407,Van,van,51.62,42.2,2,0.0,0.0
007407,Cyclist,cyclist,14.95,93.3,0,0.0,0.831
007422,Car,car,5.34,152.7,0,0.96,0.95
007422,Car,car,26.3,46.8,1,0.0,0.787
007422,Car,car,11.63,117.6,1,0.0,0.915
007422,Car,car,20.77,60.1,0,0.0,0.904
007422,Car,car,23.57,66.4,2,0.0,0.829
007422,Car,car,30.97,42.4,1,0.0,0.469
007422,Car,car,20.48,61.4,2,0.0,0.0
007422,Car,car,29.38,44.0,0,0.0,0.811
007422,Car,car,42.31,28.5,1,0.0,0.756
007422,Van,van,36.11,55.3,3,0.13,0.0
007432,Car,car,50.44,22.5,0,0.0,0.789
007434,Car,car,12.47,110.8,0,0.0,0.9
007434,Cyclist,cyclist,13.87,112.9,3,0.0,0.421
007434,Tram,tram,9.48,374.0,3,0.9,0.58
007435,Car,car,6.29,216.2,0,0.88,0.834
007435,Car,car,27.31,43.5,0,0.0,0.87
007435,Car,car,11.84,116.5,1,0.0,0.879
007435,Car,car,17.3,76.9,2,0.0,0.889
007435,Car,car,22.41,54.0,2,0.0,0.84
007435,Car,car,27.78,42.7,2,0.0,0.84
007435,Car,car,53.99,20.4,0,0.0,0.674
007438,Car,car,27.96,40.2,0,0.0,0.851
007439,Truck,truck,44.68,64.4,3,0.0,0.868
007439,Car,car,63.23,19.7,0,0.0,0.758
007441,Car,car,7.58,214.5,0,0.06,0.664
007443,Car,car,23.91,52.4,0,0.0,0.87
007443,Car,car,56.97,19.0,1,0.0,0.796
007443,Car,car,59.49,17.7,0,0.0,0.794
007446,Car,car,20.75,74.9,0,0.0,0.66
007446,Pedestrian,pedestrian,29.12,45.1,0,0.0,0.774
007449,Car,car,19.74,65.3,0,0.0,0.855
007449,Truck,truck,12.54,375.0,0,0.71,0.736
007449,Car,car,26.59,39.3,2,0.0,0.0
007452,Pedestrian,pedestrian,15.44,115.9,0,0.61,0.628
007452,Pedestrian,pedestrian,15.91,109.1,1,0.26,0.0
007452,Van,van,18.87,81.0,1,0.0,0.768
007452,Car,car,16.27,97.4,1,0.64,0.831
007452,Car,car,55.91,27.3,0,0.0,0.822
007454,Car,car,8.65,165.5,0,0.0,0.926
007454,Car,car,16.33,78.8,0,0.0,0.844
007454,Car,car,22.12,56.1,2,0.0,0.844
007454,Car,car,26.7,41.9,0,0.0,0.826
007454,Car,car,32.76,35.1,0,0.0,0.799
007454,Car,car,34.19,33.9,2,0.0,0.461
007465,Car,car,7.6,183.7,1,0.61,0.919
007465,Car,car,12.89,100.5,0,0.0,0.933
007465,Car,car,17.19,86.8,1,0.0,0.842
007465,Car,car,12.03,138.9,0,0.87,0.882
007465,Cyclist,cyclist,30.48,43.9,0,0.0,0.566
007465,Car,car,19.12,76.7,1,0.26,0.876
007465,Car,car,26.14,51.9,2,0.0,0.0
007465,Car,car,37.6,33.3,1,0.0,0.324
007466,Car,car,59.13,18.7,0,0.0,0.756
007466,Car,car,43.45,26.2,0,0.0,0.689
007466,Car,car,35.52,32.5,0,0.0,0.833
007466,Car,car,40.42,33.5,1,0.0,0.798
