frame,scene,condition,class,category,predicted_class,visibility,box_height_px,true_centre_m,true_nearest_surface_m,lateral_gap_m,unidepth-v2-large_median,unidepth-v2-large_p10,unidepth-v2-large_p25,in_path
e3d495d4ac534d54b321f50006683844,scene-0061,day,barrier,movable_object.barrier,labelled outline,v80-100,63.5,26.31,25.27,7.37,24.6,22.66,23.39,False
e3d495d4ac534d54b321f50006683844,scene-0061,day,barrier,movable_object.barrier,labelled outline,v80-100,57.6,28.28,27.24,7.51,26.59,24.64,25.34,False
e3d495d4ac534d54b321f50006683844,scene-0061,day,barrier,movable_object.barrier,labelled outline,v80-100,31.3,42.92,41.88,9.07,37.37,34.27,35.47,False
e3d495d4ac534d54b321f50006683844,scene-0061,day,barrier,movable_object.barrier,labelled outline,v80-100,48.8,32.14,31.06,7.6,30.32,28.31,28.99,False
e3d495d4ac534d54b321f50006683844,scene-0061,day,barrier,movable_object.barrier,labelled outline,v80-100,105.8,16.65,15.61,6.64,14.51,13.1,13.53,False
e3d495d4ac534d54b321f50006683844,scene-0061,day,barrier,movable_object.barrier,labelled outline,v80-100,47.1,34.16,33.11,7.74,32.64,30.01,30.94,False
e3d495d4ac534d54b321f50006683844,scene-0061,day,barrier,movable_object.barrier,labelled outline,v40-60,26.2,46.85,45.88,9.15,41.61,33.78,39.58,False
e3d495d4ac534d54b321f50006683844,scene-0061,day,barrier,movable_object.barrier,labelled outline,v80-100,150.6,13.01,11.96,6.63,11.46,10.95,11.15,False
e3d495d4ac534d54b321f50006683844,scene-0061,day,barrier,movable_object.barrier,labelled outline,v80-100,67.0,24.37,23.35,7.25,22.59,20.88,21.48,False
e3d495d4ac534d54b321f50006683844,scene-0061,day,barrier,movable_object.barrier,labelled outline,v80-100,92.8,18.53,17.49,6.72,16.68,15.11,15.67,False
e3d495d4ac534d54b321f50006683844,scene-0061,day,barrier,movable_object.barrier,labelled outline,v80-100,82.2,20.45,19.37,6.85,18.77,16.99,17.55,False
e3d495d4ac534d54b321f50006683844,scene-0061,day,barrier,movable_object.barrier,labelled outline,v80-100,75.4,22.41,21.34,7.02,20.74,18.99,19.61,False
e3d495d4ac534d54b321f50006683844,scene-0061,day,barrier,movable_object.barrier,labelled outline,v80-100,52.2,30.2,29.19,7.55,28.53,26.59,27.33,False
e3d495d4ac534d54b321f50006683844,scene-0061,day,barrier,movable_object.barrier,labelled outline,v80-100,126.7,14.79,13.75,6.66,12.36,11.2,11.61,False
4b6870ae200c4b969b91c50a9737f712,scene-0061,day,barrier,movable_object.barrier,labelled outline,v80-100,79.0,22.04,21.0,7.48,20.61,18.75,19.49,False
4b6870ae200c4b969b91c50a9737f712,scene-0061,day,barrier,movable_object.barrier,labelled outline,v80-100,70.4,23.98,22.94,7.63,22.77,20.89,21.52,False
4b6870ae200c4b969b91c50a9737f712,scene-0061,day,barrier,movable_object.barrier,labelled outline,v80-100,35.5,38.53,37.49,9.27,35.41,32.36,33.48,False
4b6870ae200c4b969b91c50a9737f712,scene-0061,day,barrier,movable_object.barrier,labelled outline,v80-100,57.9,27.8,26.71,7.74,26.97,24.93,25.67,False
4b6870ae200c4b969b91c50a9737f712,scene-0061,day,traffic cone,movable_object.trafficcone,labelled outline,v60-80,15.4,70.5,70.23,27.92,61.55,58.08,60.02,False
4b6870ae200c4b969b91c50a9737f712,scene-0061,day,barrier,movable_object.barrier,labelled outline,v80-100,160.4,12.71,11.69,6.69,11.66,11.18,11.46,False
4b6870ae200c4b969b91c50a9737f712,scene-0061,day,barrier,movable_object.barrier,labelled outline,v80-100,55.2,29.8,28.75,7.89,29.27,26.96,27.76,False
4b6870ae200c4b969b91c50a9737f712,scene-0061,day,barrier,movable_object.barrier,labelled outline,v80-100,85.3,20.14,19.12,7.35,18.4,16.96,17.49,False
4b6870ae200c4b969b91c50a9737f712,scene-0061,day,barrier,movable_object.barrier,labelled outline,v80-100,131.9,14.48,13.44,6.78,12.77,11.68,12.06,False
4b6870ae200c4b969b91c50a9737f712,scene-0061,day,barrier,movable_object.barrier,labelled outline,v80-100,111.7,16.32,15.24,6.92,14.52,12.91,13.44,False
4b6870ae200c4b969b91c50a9737f712,scene-0061,day,barrier,movable_object.barrier,labelled outline,v80-100,98.7,18.22,17.14,7.11,16.53,15.02,15.54,False
4b6870ae200c4b969b91c50a9737f712,scene-0061,day,barrier,movable_object.barrier,labelled outline,v80-100,62.8,25.88,24.86,7.68,24.96,23.06,23.8,False
d0d9ef23e3934ea09d55afdc24db9827,scene-0061,day,barrier,movable_object.barrier,labelled outline,v80-100,106.1,17.65,16.6,7.59,15.48,14.07,14.54,False
d0d9ef23e3934ea09d55afdc24db9827,scene-0061,day,barrier,movable_object.barrier,labelled outline,v80-100,91.6,19.52,18.48,7.75,17.53,16.05,16.53,False
d0d9ef23e3934ea09d55afdc24db9827,scene-0061,day,barrier,movable_object.barrier,labelled outline,v80-100,41.0,33.9,32.86,9.5,31.67,30.42,31.05,False
d0d9ef23e3934ea09d55afdc24db9827,scene-0061,day,barrier,movable_object.barrier,labelled outline,v40-60,20.4,75.55,74.97,24.46,58.79,25.06,31.52,False
d0d9ef23e3934ea09d55afdc24db9827,scene-0061,day,barrier,movable_object.barrier,labelled outline,v80-100,72.0,23.25,22.16,7.9,21.84,20.06,20.64,False
d0d9ef23e3934ea09d55afdc24db9827,scene-0061,day,traffic cone,movable_object.trafficcone,labelled outline,v60-80,16.7,66.12,65.84,28.36,56.39,17.36,47.54,False
d0d9ef23e3934ea09d55afdc24db9827,scene-0061,day,barrier,movable_object.barrier,labelled outline,v80-100,67.3,25.22,24.16,8.06,24.34,22.13,22.91,False
d0d9ef23e3934ea09d55afdc24db9827,scene-0061,day,barrier,movable_object.barrier,labelled outline,v80-100,21.9,74.99,74.41,22.22,68.92,31.67,60.72,False
d0d9ef23e3934ea09d55afdc24db9827,scene-0061,day,barrier,movable_object.barrier,labelled outline,v80-100,119.5,15.82,14.8,7.45,13.78,12.75,13.12,False
d0d9ef23e3934ea09d55afdc24db9827,scene-0061,day,barrier,movable_object.barrier,labelled outline,v80-100,146.1,13.99,12.93,7.19,12.85,12.36,12.62,False
d0d9ef23e3934ea09d55afdc24db9827,scene-0061,day,barrier,movable_object.barrier,labelled outline,v80-100,79.6,21.37,20.35,7.82,19.75,18.1,18.73,False
74e7a9260c5d45b78b831528b62daf41,scene-0061,day,barrier,movable_object.barrier,labelled outline,v80-100,124.2,15.81,14.79,7.92,14.3,13.67,13.92,False
74e7a9260c5d45b78b831528b62daf41,scene-0061,day,barrier,movable_object.barrier,labelled outline,v80-100,47.5,29.91,28.87,9.83,29.36,27.9,28.66,False
74e7a9260c5d45b78b831528b62daf41,scene-0061,day,barrier,movable_object.barrier,labelled outline,v80-100,21.6,71.62,71.02,25.22,51.59,48.6,50.15,False
74e7a9260c5d45b78b831528b62daf41,scene-0061,day,barrier,movable_object.barrier,labelled outline,v80-100,91.3,19.4,18.31,8.11,17.56,15.86,16.33,False
74e7a9260c5d45b78b831528b62daf41,scene-0061,day,traffic cone,movable_object.trafficcone,labelled outline,v60-80,18.0,62.64,62.36,29.01,52.31,19.79,51.22,False
74e7a9260c5d45b78b831528b62daf41,scene-0061,day,barrier,movable_object.barrier,labelled outline,v80-100,83.0,21.32,20.26,8.3,20.01,18.19,18.74,False
74e7a9260c5d45b78b831528b62daf41,scene-0061,day,barrier,movable_object.barrier,labelled outline,v60-80,23.3,71.01,70.42,22.98,48.57,29.42,31.6,False
74e7a9260c5d45b78b831528b62daf41,scene-0061,day,barrier,movable_object.barrier,labelled outline,v80-100,103.8,17.58,16.57,8.02,15.36,14.05,14.53,False
21ca7cbfbde14f088143cf001570d01b,scene-0061,day,barrier,movable_object.barrier,labelled outline,v40-60,24.9,73.98,73.21,32.24,51.81,47.2,50.0,False
21ca7cbfbde14f088143cf001570d01b,scene-0061,day,barrier,movable_object.barrier,labelled outline,v80-100,56.3,26.13,25.09,9.94,26.03,24.79,25.4,False
21ca7cbfbde14f088143cf001570d01b,scene-0061,day,barrier,movable_object.barrier,labelled outline,v60-80,23.1,67.85,67.24,25.5,30.64,26.69,28.19,False
21ca7cbfbde14f088143cf001570d01b,scene-0061,day,barrier,movable_object.barrier,labelled outline,v80-100,123.7,15.86,14.78,8.17,15.05,14.34,14.73,False
21ca7cbfbde14f088143cf001570d01b,scene-0061,day,traffic cone,movable_object.trafficcone,labelled outline,v40-60,19.6,58.81,58.53,29.22,51.57,23.35,49.05,False
21ca7cbfbde14f088143cf001570d01b,scene-0061,day,barrier,movable_object.barrier,labelled outline,v80-100,107.8,17.69,16.64,8.37,16.14,14.96,15.4,False
21ca7cbfbde14f088143cf001570d01b,scene-0061,day,traffic cone,movable_object.trafficcone,labelled outline,v80-100,55.1,20.08,19.78,8.76,20.61,17.89,18.67,False
21ca7cbfbde14f088143cf001570d01b,scene-0061,day,traffic cone,movable_object.trafficcone,labelled outline,v80-100,61.9,19.2,18.88,8.65,17.68,16.5,16.85,False
21ca7cbfbde14f088143cf001570d01b,scene-0061,day,barrier,movable_object.barrier,labelled outline,v80-100,27.5,50.89,50.34,5.2,57.74,56.3,57.04,False
21ca7cbfbde14f088143cf001570d01b,scene-0061,day,barrier,movable_object.barrier,labelled outline,v60-80,28.1,51.76,51.16,9.2,54.49,27.45,39.15,False
21ca7cbfbde14f088143cf001570d01b,scene-0061,day,barrier,movable_object.barrier,labelled outline,v80-100,28.6,51.28,50.75,7.12,55.31,35.32,52.27,False
ddbc1befa70f4b49a0824f63a920676b,scene-0061,day,barrier,movable_object.barrier,labelled outline,v40-60,26.4,70.88,70.14,32.62,50.91,37.99,47.37,False
ddbc1befa70f4b49a0824f63a920676b,scene-0061,day,barrier,movable_object.barrier,labelled outline,v80-100,67.0,22.97,21.93,10.05,22.31,21.6,21.76,False
ddbc1befa70f4b49a0824f63a920676b,scene-0061,day,barrier,movable_object.barrier,labelled outline,v40-60,24.5,64.66,64.02,25.86,43.17,17.53,17.62,False
ddbc1befa70f4b49a0824f63a920676b,scene-0061,day,barrier,movable_object.barrier,labelled outline,v60-80,58.3,24.8,23.74,10.11,22.45,17.25,17.48,False
ddbc1befa70f4b49a0824f63a920676b,scene-0061,day,traffic cone,movable_object.trafficcone,labelled outline,v80-100,69.4,17.04,16.73,8.84,21.29,16.71,17.15,False
ddbc1befa70f4b49a0824f63a920676b,scene-0061,day,barrier,movable_object.barrier,labelled outline,v80-100,29.6,47.43,46.88,4.93,54.28,52.86,53.51,False
ddbc1befa70f4b49a0824f63a920676b,scene-0061,day,barrier,movable_object.barrier,labelled outline,v60-80,30.2,48.35,47.74,8.92,52.08,24.26,31.45,False
ddbc1befa70f4b49a0824f63a920676b,scene-0061,day,barrier,movable_object.barrier,labelled outline,v80-100,30.7,47.85,47.3,6.83,52.73,49.8,52.36,False
33b500c9cc824733a47bfe2c3ea33202,scene-0061,day,barrier,movable_object.barrier,labelled outline,v60-80,24.7,64.12,63.67,19.34,64.01,36.47,36.75,False
33b500c9cc824733a47bfe2c3ea33202,scene-0061,day,barrier,movable_object.barrier,labelled outline,v80-100,84.7,19.72,18.69,10.18,18.33,17.64,17.86,False
33b500c9cc824733a47bfe2c3ea33202,scene-0061,day,barrier,movable_object.barrier,labelled outline,v80-100,71.9,21.47,20.42,10.26,19.34,18.11,18.68,False
33b500c9cc824733a47bfe2c3ea33202,scene-0061,day,barrier,movable_object.barrier,labelled outline,v40-60,61.4,23.3,22.32,10.43,19.38,15.72,15.81,False
33b500c9cc824733a47bfe2c3ea33202,scene-0061,day,barrier,movable_object.barrier,labelled outline,v40-60,32.5,46.13,45.48,12.55,38.99,22.29,22.49,False
33b500c9cc824733a47bfe2c3ea33202,scene-0061,day,barrier,movable_object.barrier,labelled outline,v60-80,32.3,43.73,43.16,4.6,48.18,25.41,27.2,False
33b500c9cc824733a47bfe2c3ea33202,scene-0061,day,barrier,movable_object.barrier,labelled outline,v80-100,32.9,44.69,44.06,8.56,45.53,19.95,40.88,False
33b500c9cc824733a47bfe2c3ea33202,scene-0061,day,traffic cone,movable_object.trafficcone,labelled outline,v80-100,22.7,45.8,45.58,0.5,49.27,45.12,48.14,True
33b500c9cc824733a47bfe2c3ea33202,scene-0061,day,barrier,movable_object.barrier,labelled outline,v60-80,32.0,45.37,44.73,10.59,44.33,21.13,40.02,False
33b500c9cc824733a47bfe2c3ea33202,scene-0061,day,barrier,movable_object.barrier,labelled outline,v80-100,33.5,44.16,43.6,6.48,46.73,40.78,46.3,False
c311678f400e471d84e785652dd87a7a,scene-0061,day,barrier,movable_object.barrier,labelled outline,v60-80,30.9,64.19,63.5,33.39,49.03,39.28,44.01,False
c311678f400e471d84e785652dd87a7a,scene-0061,day,barrier,movable_object.barrier,labelled outline,v40-60,72.0,21.52,20.51,10.62,14.92,14.67,14.73,False
c311678f400e471d84e785652dd87a7a,scene-0061,day,barrier,movable_object.barrier,labelled outline,v80-100,78.8,19.84,18.88,10.52,18.56,17.45,17.95,False
c311678f400e471d84e785652dd87a7a,scene-0061,day,barrier,movable_object.barrier,labelled outline,v40-60,31.8,44.62,43.67,1.23,45.25,31.57,43.23,False
c311678f400e471d84e785652dd87a7a,scene-0061,day,barrier,movable_object.barrier,labelled outline,v40-60,36.0,42.32,41.65,12.33,39.39,21.74,34.09,False
c311678f400e471d84e785652dd87a7a,scene-0061,day,traffic cone,movable_object.trafficcone,labelled outline,v80-100,24.2,40.84,40.57,1.2,44.63,43.09,43.78,True
c311678f400e471d84e785652dd87a7a,scene-0061,day,barrier,movable_object.barrier,labelled outline,v80-100,36.5,40.79,40.15,8.36,42.83,41.36,41.83,False
c311678f400e471d84e785652dd87a7a,scene-0061,day,traffic cone,movable_object.trafficcone,labelled outline,v60-80,24.9,41.79,41.57,0.23,53.77,40.16,47.2,True
c311678f400e471d84e785652dd87a7a,scene-0061,day,barrier,movable_object.barrier,labelled outline,v60-80,31.7,61.22,60.23,21.79,49.67,17.97,31.18,False
c311678f400e471d84e785652dd87a7a,scene-0061,day,barrier,movable_object.barrier,labelled outline,v60-80,35.5,41.51,40.86,10.37,41.13,15.93,16.29,False
c311678f400e471d84e785652dd87a7a,scene-0061,day,barrier,movable_object.barrier,labelled outline,v80-100,37.2,40.21,39.64,6.26,42.16,41.79,41.99,False
885472e412f4499cacf2f4796c309276,scene-0061,day,barrier,movable_object.barrier,labelled outline,v60-80,34.4,41.13,40.17,0.85,40.48,38.3,39.26,True
885472e412f4499cacf2f4796c309276,scene-0061,day,barrier,movable_object.barrier,labelled outline,v60-80,39.1,39.01,38.32,11.98,36.62,12.09,12.25,False
885472e412f4499cacf2f4796c309276,scene-0061,day,traffic cone,movable_object.trafficcone,labelled outline,v80-100,26.5,37.35,37.08,0.87,40.64,39.6,40.0,True
885472e412f4499cacf2f4796c309276,scene-0061,day,barrier,movable_object.barrier,labelled outline,v80-100,27.2,57.99,56.88,19.38,54.24,53.42,53.87,False
885472e412f4499cacf2f4796c309276,scene-0061,day,barrier,movable_object.barrier,labelled outline,v80-100,39.7,37.4,36.75,8.03,37.5,37.07,37.3,False
885472e412f4499cacf2f4796c309276,scene-0061,day,traffic cone,movable_object.trafficcone,labelled outline,v80-100,27.2,38.3,38.07,0.0,53.63,46.68,49.17,True
885472e412f4499cacf2f4796c309276,scene-0061,day,barrier,movable_object.barrier,labelled outline,v80-100,26.4,62.74,61.58,20.11,54.76,54.06,54.29,False
885472e412f4499cacf2f4796c309276,scene-0061,day,barrier,movable_object.barrier,labelled outline,v80-100,38.5,38.16,37.49,10.02,37.28,36.98,37.16,False
885472e412f4499cacf2f4796c309276,scene-0061,day,barrier,movable_object.barrier,labelled outline,v60-80,40.4,36.78,36.2,5.94,37.82,21.94,23.33,False
e41335fbfc1645faa5a532a62df1fe68,scene-0061,day,barrier,movable_object.barrier,labelled outline,v80-100,30.2,53.95,53.43,20.51,47.97,44.65,47.05,False
e41335fbfc1645faa5a532a62df1fe68,scene-0061,day,barrier,movable_object.barrier,labelled outline,v60-80,37.3,37.75,36.79,0.58,38.48,36.58,37.41,True
e41335fbfc1645faa5a532a62df1fe68,scene-0061,day,barrier,movable_object.barrier,labelled outline,v80-100,42.6,35.85,35.14,11.73,35.25,34.88,34.99,False
e41335fbfc1645faa5a532a62df1fe68,scene-0061,day,traffic cone,movable_object.trafficcone,labelled outline,v80-100,29.1,33.97,33.7,0.63,38.22,37.03,37.61,True
e41335fbfc1645faa5a532a62df1fe68,scene-0061,day,barrier,movable_object.barrier,labelled outline,v80-100,29.0,54.83,53.72,19.77,49.8,48.78,49.15,False
e41335fbfc1645faa5a532a62df1fe68,scene-0061,day,barrier,movable_object.barrier,labelled outline,v80-100,43.3,34.14,33.47,7.8,35.16,34.65,34.97,False
e41335fbfc1645faa5a532a62df1fe68,scene-0061,day,traffic cone,movable_object.trafficcone,labelled outline,v80-100,29.8,34.92,34.7,0.0,45.38,40.4,41.17,True
e41335fbfc1645faa5a532a62df1fe68,scene-0061,day,barrier,movable_object.barrier,labelled outline,v80-100,28.0,59.55,58.4,20.52,51.48,50.14,50.66,False
e41335fbfc1645faa5a532a62df1fe68,scene-0061,day,traffic cone,movable_object.trafficcone,labelled outline,v80-100,26.5,35.97,35.71,0.25,44.87,41.46,42.61,True
e41335fbfc1645faa5a532a62df1fe68,scene-0061,day,barrier,movable_object.barrier,labelled outline,v80-100,42.0,34.95,34.25,9.76,34.95,34.68,34.8,False
e41335fbfc1645faa5a532a62df1fe68,scene-0061,day,barrier,movable_object.barrier,labelled outline,v60-80,47.5,32.72,32.28,1.72,32.89,20.22,30.9,False
81b6368f6af9417684cefeb6661a14e7,scene-0061,day,barrier,movable_object.barrier,labelled outline,v80-100,32.2,51.31,50.77,21.01,47.17,46.14,46.6,False
81b6368f6af9417684cefeb6661a14e7,scene-0061,day,barrier,movable_object.barrier,labelled outline,v60-80,40.4,34.85,33.89,0.21,33.76,32.46,33.04,True
81b6368f6af9417684cefeb6661a14e7,scene-0061,day,barrier,movable_object.barrier,labelled outline,v80-100,46.4,33.16,32.42,11.39,32.04,31.78,31.87,False
81b6368f6af9417684cefeb6661a14e7,scene-0061,day,traffic cone,movable_object.trafficcone,labelled outline,v80-100,31.8,31.07,30.8,0.3,33.68,33.04,33.33,True
81b6368f6af9417684cefeb6661a14e7,scene-0061,day,barrier,movable_object.barrier,labelled outline,v80-100,30.9,52.15,51.05,20.29,48.54,47.43,47.87,False
81b6368f6af9417684cefeb6661a14e7,scene-0061,day,barrier,movable_object.barrier,labelled outline,v40-60,47.3,31.35,30.66,7.48,31.71,18.8,19.63,False
81b6368f6af9417684cefeb6661a14e7,scene-0061,day,traffic cone,movable_object.trafficcone,labelled outline,v80-100,32.5,32.02,31.79,0.18,44.61,37.41,38.26,True
81b6368f6af9417684cefeb6661a14e7,scene-0061,day,barrier,movable_object.barrier,labelled outline,v80-100,29.7,56.85,55.69,21.08,52.15,49.36,50.36,False
81b6368f6af9417684cefeb6661a14e7,scene-0061,day,barrier,movable_object.barrier,labelled outline,v40-60,38.1,52.33,51.29,23.16,45.97,16.26,16.7,False
81b6368f6af9417684cefeb6661a14e7,scene-0061,day,traffic cone,movable_object.trafficcone,labelled outline,v80-100,28.8,33.07,32.81,0.61,40.49,37.79,38.42,True
81b6368f6af9417684cefeb6661a14e7,scene-0061,day,barrier,movable_object.barrier,labelled outline,v80-100,45.8,32.19,31.48,9.42,31.67,31.31,31.52,False
81b6368f6af9417684cefeb6661a14e7,scene-0061,day,barrier,movable_object.barrier,labelled outline,v60-80,52.0,29.83,29.4,1.38,29.33,26.87,28.24,False
81b6368f6af9417684cefeb6661a14e7,scene-0061,day,traffic cone,movable_object.trafficcone,labelled outline,v80-100,22.4,44.06,43.85,19.34,40.61,36.4,38.63,False
a61bfbde6877413386a772591617f38d,scene-0061,day,barrier,movable_object.barrier,labelled outline,v80-100,35.3,48.5,47.93,22.01,44.89,43.51,44.09,False
a61bfbde6877413386a772591617f38d,scene-0061,day,barrier,movable_object.barrier,labelled outline,v60-80,44.6,31.68,30.73,0.0,31.33,29.55,30.48,True
a61bfbde6877413386a772591617f38d,scene-0061,day,barrier,movable_object.barrier,labelled outline,v80-100,51.4,30.24,29.48,10.72,28.8,27.11,28.25,False
a61bfbde6877413386a772591617f38d,scene-0061,day,traffic cone,movable_object.trafficcone,labelled outline,v80-100,35.5,27.91,27.65,0.0,31.23,30.77,31.0,True
a61bfbde6877413386a772591617f38d,scene-0061,day,barrier,movable_object.barrier,labelled outline,v80-100,52.6,26.94,26.33,2.82,27.78,16.72,27.44,False
a61bfbde6877413386a772591617f38d,scene-0061,day,barrier,movable_object.barrier,labelled outline,v80-100,33.7,49.28,48.2,21.36,47.99,46.26,47.03,False
a61bfbde6877413386a772591617f38d,scene-0061,day,traffic cone,movable_object.trafficcone,labelled outline,v80-100,36.1,28.85,28.63,0.87,43.76,35.2,37.01,True
a61bfbde6877413386a772591617f38d,scene-0061,day,barrier,movable_object.barrier,labelled outline,v80-100,32.1,53.96,52.8,22.2,51.93,48.47,49.72,False
a61bfbde6877413386a772591617f38d,scene-0061,day,barrier,movable_object.barrier,labelled outline,v40-60,41.7,49.58,48.52,24.17,43.77,42.52,43.03,False
a61bfbde6877413386a772591617f38d,scene-0061,day,traffic cone,movable_object.trafficcone,labelled outline,v80-100,32.0,29.9,29.65,1.31,38.23,34.95,35.83,False
a61bfbde6877413386a772591617f38d,scene-0061,day,barrier,movable_object.barrier,labelled outline,v80-100,51.0,29.2,28.47,8.75,28.18,18.7,27.98,False
a61bfbde6877413386a772591617f38d,scene-0061,day,barrier,movable_object.barrier,labelled outline,v60-80,58.4,26.67,26.25,0.76,26.57,23.13,25.26,True
ad609ca688444331b3218f664d644473,scene-0061,day,barrier,movable_object.barrier,labelled outline,v80-100,39.8,45.93,45.33,23.54,38.83,38.47,38.6,False
ad609ca688444331b3218f664d644473,scene-0061,day,traffic cone,movable_object.trafficcone,labelled outline,v80-100,42.2,23.56,23.32,0.09,25.51,25.29,25.39,True
ad609ca688444331b3218f664d644473,scene-0061,day,barrier,movable_object.barrier,labelled outline,v60-80,50.1,28.68,27.73,0.44,26.42,25.59,25.77,True
ad609ca688444331b3218f664d644473,scene-0061,day,barrier,movable_object.barrier,labelled outline,v60-80,34.4,53.75,52.44,24.42,45.72,44.52,45.1,False
ad609ca688444331b3218f664d644473,scene-0061,day,barrier,movable_object.barrier,labelled outline,v80-100,57.8,27.47,26.68,9.7,25.81,25.69,25.74,False
ad609ca688444331b3218f664d644473,scene-0061,day,barrier,movable_object.barrier,labelled outline,v80-100,34.0,49.2,48.15,23.49,42.39,40.7,41.31,False
ad609ca688444331b3218f664d644473,scene-0061,day,traffic cone,movable_object.trafficcone,labelled outline,v80-100,40.1,24.91,24.64,0.82,26.88,25.99,26.28,True
ad609ca688444331b3218f664d644473,scene-0061,day,barrier,movable_object.barrier,labelled outline,v80-100,60.3,23.96,23.33,1.85,24.47,24.18,24.34,False
ad609ca688444331b3218f664d644473,scene-0061,day,barrier,movable_object.barrier,labelled outline,v80-100,37.7,46.66,45.59,22.98,40.52,39.01,39.56,False
ad609ca688444331b3218f664d644473,scene-0061,day,traffic cone,movable_object.trafficcone,labelled outline,v80-100,40.7,25.86,25.64,1.9,36.99,29.47,30.66,False
ad609ca688444331b3218f664d644473,scene-0061,day,barrier,movable_object.barrier,labelled outline,v80-100,35.4,51.3,50.14,23.91,45.58,42.38,43.71,False
ad609ca688444331b3218f664d644473,scene-0061,day,traffic cone,movable_object.trafficcone,labelled outline,v80-100,35.9,26.92,26.66,2.38,32.59,29.26,30.13,False
ad609ca688444331b3218f664d644473,scene-0061,day,barrier,movable_object.barrier,labelled outline,v40-60,61.7,24.61,23.95,3.81,17.29,14.66,14.82,False
ad609ca688444331b3218f664d644473,scene-0061,day,barrier,movable_object.barrier,labelled outline,v80-100,59.5,25.12,24.2,0.03,25.68,25.31,25.48,True
ad609ca688444331b3218f664d644473,scene-0061,day,barrier,movable_object.barrier,labelled outline,v60-80,67.0,23.67,23.25,0.0,23.47,19.59,20.81,True
ad609ca688444331b3218f664d644473,scene-0061,day,traffic cone,movable_object.trafficcone,labelled outline,v80-100,26.0,38.53,38.33,17.17,43.77,38.38,41.01,False
3ead6ff0cd324d92918112dfcf400343,scene-0061,day,traffic cone,movable_object.trafficcone,labelled outline,v80-100,48.4,20.7,20.46,1.16,21.89,21.61,21.78,True
3ead6ff0cd324d92918112dfcf400343,scene-0061,day,barrier,movable_object.barrier,labelled outline,v60-80,56.7,25.81,24.85,1.83,23.06,22.06,22.37,False
3ead6ff0cd324d92918112dfcf400343,scene-0061,day,traffic cone,movable_object.trafficcone,labelled outline,v80-100,44.2,27.13,26.78,12.94,27.97,23.59,24.38,False
3ead6ff0cd324d92918112dfcf400343,scene-0061,day,barrier,movable_object.barrier,labelled outline,v60-80,38.1,51.3,49.98,26.57,41.08,40.13,40.69,False
3ead6ff0cd324d92918112dfcf400343,scene-0061,day,traffic cone,movable_object.trafficcone,labelled outline,v80-100,45.7,22.05,21.79,1.95,23.3,22.72,22.93,False
3ead6ff0cd324d92918112dfcf400343,scene-0061,day,barrier,movable_object.barrier,labelled outline,v80-100,70.1,21.08,20.45,0.72,21.49,21.01,21.19,True
3ead6ff0cd324d92918112dfcf400343,scene-0061,day,traffic cone,movable_object.trafficcone,labelled outline,v80-100,46.4,23.01,22.79,3.08,32.53,25.21,26.6,False
3ead6ff0cd324d92918112dfcf400343,scene-0061,day,traffic cone,movable_object.trafficcone,labelled outline,v80-100,40.8,24.08,23.82,3.61,25.58,23.99,24.74,False
3ead6ff0cd324d92918112dfcf400343,scene-0061,day,barrier,movable_object.barrier,labelled outline,v80-100,71.2,21.76,21.09,2.66,21.75,21.41,21.51,False
3ead6ff0cd324d92918112dfcf400343,scene-0061,day,barrier,movable_object.barrier,labelled outline,v80-100,68.3,22.24,21.33,1.18,22.17,21.69,21.88,True
3ead6ff0cd324d92918112dfcf400343,scene-0061,day,barrier,movable_object.barrier,labelled outline,v60-80,78.2,20.78,20.37,0.0,19.91,16.52,17.16,True
3ead6ff0cd324d92918112dfcf400343,scene-0061,day,traffic cone,movable_object.trafficcone,labelled outline,v80-100,28.0,35.9,35.71,15.55,43.24,33.73,37.0,False
5941e77ca4bd478e99e17114ca8759ab,scene-0061,day,traffic cone,movable_object.trafficcone,labelled outline,v80-100,57.6,17.68,17.44,2.57,18.05,17.58,17.66,False
5941e77ca4bd478e99e17114ca8759ab,scene-0061,day,barrier,movable_object.barrier,labelled outline,v60-80,65.1,22.81,21.85,3.65,19.77,18.5,19.17,False
5941e77ca4bd478e99e17114ca8759ab,scene-0061,day,traffic cone,movable_object.trafficcone,labelled outline,v80-100,48.7,24.44,24.08,11.27,25.4,21.24,21.75,False
5941e77ca4bd478e99e17114ca8759ab,scene-0061,day,traffic cone,movable_object.trafficcone,labelled outline,v80-100,54.0,19.05,18.78,3.47,19.69,19.11,19.37,False
5941e77ca4bd478e99e17114ca8759ab,scene-0061,day,barrier,movable_object.barrier,labelled outline,v80-100,82.2,18.04,17.4,0.0,17.58,17.23,17.3,True
5941e77ca4bd478e99e17114ca8759ab,scene-0061,day,barrier,movable_object.barrier,labelled outline,v80-100,78.4,19.66,18.88,3.15,19.1,12.75,18.88,False
5941e77ca4bd478e99e17114ca8759ab,scene-0061,day,traffic cone,movable_object.trafficcone,labelled outline,v80-100,54.6,20.04,19.82,4.64,26.29,20.0,20.76,False
5941e77ca4bd478e99e17114ca8759ab,scene-0061,day,traffic cone,movable_object.trafficcone,labelled outline,v80-100,47.8,21.12,20.86,5.23,21.99,20.04,20.59,False
5941e77ca4bd478e99e17114ca8759ab,scene-0061,day,barrier,movable_object.barrier,labelled outline,v80-100,82.6,18.74,18.04,1.18,18.33,18.0,18.11,True
5941e77ca4bd478e99e17114ca8759ab,scene-0061,day,barrier,movable_object.barrier,labelled outline,v80-100,80.5,19.22,18.3,2.64,18.62,17.61,17.88,False
5941e77ca4bd478e99e17114ca8759ab,scene-0061,day,barrier,movable_object.barrier,labelled outline,v60-80,92.5,17.73,17.31,0.57,15.55,12.68,12.9,True
e0bc3ff06fe348fdb56039c640be0ac3,scene-0061,day,traffic cone,movable_object.trafficcone,labelled outline,v80-100,28.6,37.63,37.33,19.27,39.86,31.32,34.45,False
e0bc3ff06fe348fdb56039c640be0ac3,scene-0061,day,traffic cone,movable_object.trafficcone,labelled outline,v80-100,69.5,15.2,14.96,4.08,14.97,14.56,14.74,False
e0bc3ff06fe348fdb56039c640be0ac3,scene-0061,day,barrier,movable_object.barrier,labelled outline,v60-80,75.6,20.34,19.38,5.67,17.09,15.08,15.96,False
e0bc3ff06fe348fdb56039c640be0ac3,scene-0061,day,traffic cone,movable_object.trafficcone,labelled outline,v80-100,30.9,33.96,33.67,15.0,38.3,20.93,33.12,False
e0bc3ff06fe348fdb56039c640be0ac3,scene-0061,day,traffic cone,movable_object.trafficcone,labelled outline,v80-100,64.6,16.59,16.33,5.09,17.25,16.06,16.24,False
e0bc3ff06fe348fdb56039c640be0ac3,scene-0061,day,barrier,movable_object.barrier,labelled outline,v80-100,96.7,15.47,14.84,0.18,14.68,14.29,14.42,True
e0bc3ff06fe348fdb56039c640be0ac3,scene-0061,day,barrier,movable_object.barrier,labelled outline,v80-100,89.0,17.12,16.33,1.48,16.88,16.43,16.58,False
e0bc3ff06fe348fdb56039c640be0ac3,scene-0061,day,traffic cone,movable_object.trafficcone,labelled outline,v80-100,65.2,17.63,17.42,6.33,22.04,16.96,17.23,False
e0bc3ff06fe348fdb56039c640be0ac3,scene-0061,day,traffic cone,movable_object.trafficcone,labelled outline,v80-100,56.6,18.72,18.48,7.0,18.25,17.05,17.28,False
e0bc3ff06fe348fdb56039c640be0ac3,scene-0061,day,barrier,movable_object.barrier,labelled outline,v60-80,83.0,18.18,17.35,3.22,17.25,11.88,12.1,False
e0bc3ff06fe348fdb56039c640be0ac3,scene-0061,day,barrier,movable_object.barrier,labelled outline,v80-100,95.3,16.16,15.46,0.0,15.69,15.15,15.32,True
e0bc3ff06fe348fdb56039c640be0ac3,scene-0061,day,barrier,movable_object.barrier,labelled outline,v60-80,96.1,16.73,15.82,4.22,15.37,13.57,14.75,False
e0bc3ff06fe348fdb56039c640be0ac3,scene-0061,day,barrier,movable_object.barrier,labelled outline,v60-80,110.1,15.2,14.75,2.11,10.48,9.25,10.1,False
0b2eb9c1cd1b45f0b1664a01684c5767,scene-0061,day,traffic cone,movable_object.trafficcone,labelled outline,v80-100,29.4,35.38,35.08,16.07,41.74,13.82,33.88,False
0b2eb9c1cd1b45f0b1664a01684c5767,scene-0061,day,traffic cone,movable_object.trafficcone,labelled outline,v60-80,88.5,12.95,12.72,5.46,7.8,6.75,6.81,False
0b2eb9c1cd1b45f0b1664a01684c5767,scene-0061,day,traffic cone,movable_object.trafficcone,labelled outline,v80-100,46.6,24.38,24.05,12.41,24.3,21.03,21.75,False
0b2eb9c1cd1b45f0b1664a01684c5767,scene-0061,day,barrier,movable_object.barrier,labelled outline,v40-60,92.0,17.01,16.12,3.34,15.78,11.31,11.5,False
0b2eb9c1cd1b45f0b1664a01684c5767,scene-0061,day,traffic cone,movable_object.trafficcone,labelled outline,v80-100,30.7,38.82,38.51,19.55,47.21,34.8,38.64,False
0b2eb9c1cd1b45f0b1664a01684c5767,scene-0061,day,traffic cone,movable_object.trafficcone,labelled outline,v80-100,81.4,14.38,14.13,6.58,13.7,7.19,13.44,False
0b2eb9c1cd1b45f0b1664a01684c5767,scene-0061,day,barrier,movable_object.barrier,labelled outline,v80-100,120.1,13.04,12.44,1.68,12.21,11.79,11.96,False
0b2eb9c1cd1b45f0b1664a01684c5767,scene-0061,day,barrier,movable_object.barrier,labelled outline,v80-100,104.8,14.66,13.86,0.0,14.54,14.0,14.2,True
0b2eb9c1cd1b45f0b1664a01684c5767,scene-0061,day,traffic cone,movable_object.trafficcone,labelled outline,v80-100,82.0,15.49,15.29,7.88,21.57,14.91,16.0,False
0b2eb9c1cd1b45f0b1664a01684c5767,scene-0061,day,barrier,movable_object.barrier,labelled outline,v80-100,96.0,15.7,14.86,1.54,15.48,14.96,15.13,False
0b2eb9c1cd1b45f0b1664a01684c5767,scene-0061,day,barrier,movable_object.barrier,labelled outline,v80-100,115.5,13.66,12.97,0.0,13.24,12.69,12.86,True
0b2eb9c1cd1b45f0b1664a01684c5767,scene-0061,day,barrier,movable_object.barrier,labelled outline,v40-60,120.7,14.47,13.56,5.68,7.59,6.76,6.84,False
0b2eb9c1cd1b45f0b1664a01684c5767,scene-0061,day,barrier,movable_object.barrier,labelled outline,v60-80,139.7,12.85,12.34,3.5,11.24,7.52,7.6,False
357a06d0a5a44506b161c072c7247807,scene-0061,day,traffic cone,movable_object.trafficcone,labelled outline,v40-60,49.6,22.27,21.95,10.31,13.48,12.64,12.91,False
357a06d0a5a44506b161c072c7247807,scene-0061,day,traffic cone,movable_object.trafficcone,labelled outline,v80-100,27.8,39.64,39.29,19.13,50.56,39.24,41.51,False
357a06d0a5a44506b161c072c7247807,scene-0061,day,barrier,movable_object.barrier,labelled outline,v80-100,106.6,14.68,13.78,1.75,14.39,13.79,14.01,False
357a06d0a5a44506b161c072c7247807,scene-0061,day,traffic cone,movable_object.trafficcone,labelled outline,v80-100,26.7,43.29,42.99,22.64,51.71,41.77,44.18,False
357a06d0a5a44506b161c072c7247807,scene-0061,day,barrier,movable_object.barrier,labelled outline,v80-100,157.6,10.84,10.31,2.95,9.44,8.98,9.15,False
357a06d0a5a44506b161c072c7247807,scene-0061,day,traffic cone,movable_object.trafficcone,labelled outline,v80-100,46.0,26.77,26.45,14.36,33.97,24.66,26.0,False
357a06d0a5a44506b161c072c7247807,scene-0061,day,barrier,movable_object.barrier,labelled outline,v80-100,127.6,12.28,11.49,0.0,12.01,11.45,11.59,True
357a06d0a5a44506b161c072c7247807,scene-0061,day,barrier,movable_object.barrier,labelled outline,v80-100,114.2,13.35,12.5,0.07,13.16,12.6,12.78,True
357a06d0a5a44506b161c072c7247807,scene-0061,day,barrier,movable_object.barrier,labelled outline,v80-100,145.5,11.33,10.69,1.19,10.69,10.15,10.34,True
357a06d0a5a44506b161c072c7247807,scene-0061,day,barrier,movable_object.barrier,labelled outline,v60-80,187.9,10.82,10.22,4.65,8.77,7.32,8.68,False
357a06d0a5a44506b161c072c7247807,scene-0061,day,traffic cone,movable_object.trafficcone,labelled outline,v80-100,26.6,44.51,44.21,23.84,48.33,43.68,46.12,False
5aed4c34988b4c18a33c69ddcddb6010,scene-0061,day,barrier,movable_object.barrier,labelled outline,v40-60,124.0,16.66,16.29,8.55,7.11,7.07,7.1,False
5aed4c34988b4c18a33c69ddcddb6010,scene-0061,day,traffic cone,movable_object.trafficcone,labelled outline,v80-100,42.9,29.0,28.68,15.6,38.1,27.86,30.72,False
5aed4c34988b4c18a33c69ddcddb6010,scene-0061,day,traffic cone,movable_object.trafficcone,labelled outline,v80-100,26.0,47.0,46.73,23.98,57.71,45.07,47.0,False
5aed4c34988b4c18a33c69ddcddb6010,scene-0061,day,traffic cone,movable_object.trafficcone,labelled outline,v80-100,26.7,45.5,45.18,22.65,58.59,45.8,48.56,False
5aed4c34988b4c18a33c69ddcddb6010,scene-0061,day,traffic cone,movable_object.trafficcone,labelled outline,v60-80,71.9,15.41,15.05,3.84,14.86,10.75,10.83,False
5aed4c34988b4c18a33c69ddcddb6010,scene-0061,day,barrier,movable_object.barrier,labelled outline,v80-100,126.8,12.42,11.52,0.36,12.36,11.69,11.94,True
5aed4c34988b4c18a33c69ddcddb6010,scene-0061,day,traffic cone,movable_object.trafficcone,labelled outline,v80-100,35.6,27.2,26.91,6.36,39.22,27.07,30.05,False
5aed4c34988b4c18a33c69ddcddb6010,scene-0061,day,traffic cone,movable_object.trafficcone,labelled outline,v60-80,26.9,41.27,40.97,18.98,12.16,11.74,11.91,False
5aed4c34988b4c18a33c69ddcddb6010,scene-0061,day,barrier,movable_object.barrier,labelled outline,v80-100,230.4,8.89,8.48,3.95,7.34,7.07,7.17,False
5aed4c34988b4c18a33c69ddcddb6010,scene-0061,day,traffic cone,movable_object.trafficcone,labelled outline,v80-100,48.1,24.77,24.46,12.11,31.66,23.73,25.61,False
5aed4c34988b4c18a33c69ddcddb6010,scene-0061,day,barrier,movable_object.barrier,labelled outline,v80-100,163.9,10.02,9.26,0.76,9.63,9.06,9.22,True
5aed4c34988b4c18a33c69ddcddb6010,scene-0061,day,barrier,movable_object.barrier,labelled outline,v80-100,140.9,11.06,10.22,0.0,10.93,10.33,10.5,True
5aed4c34988b4c18a33c69ddcddb6010,scene-0061,day,traffic cone,movable_object.trafficcone,labelled outline,v80-100,24.3,48.3,47.99,24.99,57.26,45.48,46.68,False
5aed4c34988b4c18a33c69ddcddb6010,scene-0061,day,barrier,movable_object.barrier,labelled outline,v80-100,197.4,9.19,8.62,2.31,8.21,7.68,7.86,False
5aed4c34988b4c18a33c69ddcddb6010,scene-0061,day,traffic cone,movable_object.trafficcone,labelled outline,v60-80,26.7,42.5,42.2,20.09,25.55,12.61,12.73,False
c8623ea6d2774a3aa81255a117ba2319,scene-0061,day,traffic cone,movable_object.trafficcone,labelled outline,v80-100,44.3,27.07,26.76,13.02,31.94,24.96,25.98,False
c8623ea6d2774a3aa81255a117ba2319,scene-0061,day,traffic cone,movable_object.trafficcone,labelled outline,v80-100,35.5,31.9,31.62,16.83,39.52,29.45,31.64,False
c8623ea6d2774a3aa81255a117ba2319,scene-0061,day,traffic cone,movable_object.trafficcone,labelled outline,v80-100,33.0,28.91,28.61,6.85,39.0,27.81,30.99,False
c8623ea6d2774a3aa81255a117ba2319,scene-0061,day,traffic cone,movable_object.trafficcone,labelled outline,v80-100,82.7,13.29,12.93,2.34,16.36,12.84,13.29,False
c8623ea6d2774a3aa81255a117ba2319,scene-0061,day,barrier,movable_object.barrier,labelled outline,v80-100,157.3,10.32,9.41,0.0,9.94,9.25,9.47,True
c8623ea6d2774a3aa81255a117ba2319,scene-0061,day,traffic cone,movable_object.trafficcone,labelled outline,v80-100,38.1,25.11,24.82,3.66,36.01,25.41,28.11,False
c8623ea6d2774a3aa81255a117ba2319,scene-0061,day,barrier,movable_object.barrier,labelled outline,v80-100,230.4,8.01,7.31,1.81,7.18,6.63,6.82,False
c8623ea6d2774a3aa81255a117ba2319,scene-0061,day,barrier,movable_object.barrier,labelled outline,v80-100,184.9,8.96,8.14,0.46,8.5,7.96,8.11,True
c8623ea6d2774a3aa81255a117ba2319,scene-0061,day,barrier,movable_object.barrier,labelled outline,v80-100,307.5,7.39,6.97,3.23,6.29,5.89,6.14,False
c8623ea6d2774a3aa81255a117ba2319,scene-0061,day,traffic cone,movable_object.trafficcone,labelled outline,v80-100,25.0,48.8,48.5,22.61,12.12,11.76,11.89,False
06c1523315b14aa7a0dfa4afacafb9e6,scene-0061,day,traffic cone,movable_object.trafficcone,labelled outline,v80-100,36.2,29.97,29.69,13.79,39.07,28.67,32.0,False
06c1523315b14aa7a0dfa4afacafb9e6,scene-0061,day,traffic cone,movable_object.trafficcone,labelled outline,v80-100,35.0,26.83,26.53,3.74,37.66,26.06,29.61,False
06c1523315b14aa7a0dfa4afacafb9e6,scene-0061,day,traffic cone,movable_object.trafficcone,labelled outline,v80-100,98.4,11.12,10.77,0.87,14.84,11.03,11.92,True
06c1523315b14aa7a0dfa4afacafb9e6,scene-0061,day,traffic cone,movable_object.trafficcone,labelled outline,v80-100,30.1,33.45,33.1,8.39,9.81,9.63,9.69,False
06c1523315b14aa7a0dfa4afacafb9e6,scene-0061,day,traffic cone,movable_object.trafficcone,labelled outline,v80-100,22.0,56.36,56.06,30.58,67.88,57.51,61.14,False
06c1523315b14aa7a0dfa4afacafb9e6,scene-0061,day,barrier,movable_object.barrier,labelled outline,v80-100,210.5,8.19,7.3,0.29,7.78,7.08,7.25,True
06c1523315b14aa7a0dfa4afacafb9e6,scene-0061,day,traffic cone,movable_object.trafficcone,labelled outline,v80-100,34.8,30.23,29.92,6.17,41.2,28.47,31.55,False
06c1523315b14aa7a0dfa4afacafb9e6,scene-0061,day,traffic cone,movable_object.trafficcone,labelled outline,v80-100,41.2,23.03,22.74,0.93,34.46,22.52,27.1,True
06c1523315b14aa7a0dfa4afacafb9e6,scene-0061,day,barrier,movable_object.barrier,labelled outline,v80-100,333.1,6.17,5.63,2.72,5.4,5.12,5.24,False
06c1523315b14aa7a0dfa4afacafb9e6,scene-0061,day,barrier,movable_object.barrier,labelled outline,v80-100,273.4,6.9,6.15,1.51,6.2,5.62,5.77,False
06c1523315b14aa7a0dfa4afacafb9e6,scene-0061,day,traffic cone,movable_object.trafficcone,labelled outline,v40-60,61.6,16.58,16.29,4.52,15.07,6.65,6.74,False
c9d8cf50e42b47fa9a0bbd923e5e9c30,scene-0061,day,traffic cone,movable_object.trafficcone,labelled outline,v80-100,38.2,24.65,24.35,0.69,33.19,24.17,26.26,True
c9d8cf50e42b47fa9a0bbd923e5e9c30,scene-0061,day,traffic cone,movable_object.trafficcone,labelled outline,v80-100,73.1,13.92,13.62,2.65,13.88,8.86,8.97,False
c9d8cf50e42b47fa9a0bbd923e5e9c30,scene-0061,day,traffic cone,movable_object.trafficcone,labelled outline,v80-100,125.2,8.87,8.51,0.0,11.57,8.72,9.28,True
c9d8cf50e42b47fa9a0bbd923e5e9c30,scene-0061,day,traffic cone,movable_object.trafficcone,labelled outline,v80-100,31.9,31.24,30.9,4.62,43.67,29.46,34.1,False
c9d8cf50e42b47fa9a0bbd923e5e9c30,scene-0061,day,traffic cone,movable_object.trafficcone,labelled outline,v80-100,21.8,54.34,54.05,24.97,64.98,53.33,56.12,False
c9d8cf50e42b47fa9a0bbd923e5e9c30,scene-0061,day,barrier,movable_object.barrier,labelled outline,v80-100,334.5,6.07,5.25,1.32,5.3,4.65,4.83,False
c9d8cf50e42b47fa9a0bbd923e5e9c30,scene-0061,day,traffic cone,movable_object.trafficcone,labelled outline,v80-100,37.2,28.1,27.79,2.77,40.85,26.98,31.24,False
c9d8cf50e42b47fa9a0bbd923e5e9c30,scene-0061,day,traffic cone,movable_object.trafficcone,labelled outline,v80-100,46.1,20.88,20.59,1.12,27.71,20.62,21.8,True
c9d8cf50e42b47fa9a0bbd923e5e9c30,scene-0061,day,traffic cone,movable_object.trafficcone,labelled outline,v80-100,21.7,50.62,50.34,22.84,60.2,49.55,51.13,False
c9d8cf50e42b47fa9a0bbd923e5e9c30,scene-0061,day,traffic cone,movable_object.trafficcone,labelled outline,v80-100,29.1,35.06,34.76,7.0,49.41,34.26,36.89,False
c9d8cf50e42b47fa9a0bbd923e5e9c30,scene-0061,day,barrier,movable_object.barrier,labelled outline,v80-100,301.9,5.05,4.48,2.34,4.56,4.36,4.43,False
c9d8cf50e42b47fa9a0bbd923e5e9c30,scene-0061,day,traffic cone,movable_object.trafficcone,labelled outline,v40-60,76.6,14.55,14.27,6.31,12.95,4.7,4.79,False
c9d8cf50e42b47fa9a0bbd923e5e9c30,scene-0061,day,traffic cone,movable_object.trafficcone,labelled outline,v80-100,28.7,36.3,36.0,7.77,37.65,9.01,9.17,False
c9d8cf50e42b47fa9a0bbd923e5e9c30,scene-0061,day,traffic cone,movable_object.trafficcone,labelled outline,v40-60,55.6,17.31,17.1,3.89,22.21,6.27,19.3,False
c9d8cf50e42b47fa9a0bbd923e5e9c30,scene-0061,day,traffic cone,movable_object.trafficcone,labelled outline,v80-100,24.8,44.86,44.57,19.84,56.79,45.14,48.45,False
addcad764798404b8141c9d40b413e73,scene-0061,day,traffic cone,movable_object.trafficcone,labelled outline,v80-100,27.7,38.96,38.69,6.53,59.81,38.74,41.18,False
addcad764798404b8141c9d40b413e73,scene-0061,day,traffic cone,movable_object.trafficcone,labelled outline,v80-100,41.4,22.79,22.48,1.17,31.33,22.09,24.45,True
addcad764798404b8141c9d40b413e73,scene-0061,day,traffic cone,movable_object.trafficcone,labelled outline,v80-100,84.3,12.0,11.69,1.24,14.62,11.64,11.89,False
addcad764798404b8141c9d40b413e73,scene-0061,day,traffic cone,movable_object.trafficcone,labelled outline,v80-100,165.6,6.95,6.58,0.63,8.64,6.74,6.95,True
addcad764798404b8141c9d40b413e73,scene-0061,day,traffic cone,movable_object.trafficcone,labelled outline,v80-100,33.6,29.32,28.98,1.53,41.02,29.26,32.45,False
addcad764798404b8141c9d40b413e73,scene-0061,day,barrier,movable_object.barrier,labelled outline,v80-100,292.9,4.45,3.81,2.0,3.76,3.51,3.59,False
addcad764798404b8141c9d40b413e73,scene-0061,day,traffic cone,movable_object.trafficcone,labelled outline,v80-100,39.6,26.27,25.95,0.0,38.45,26.09,29.58,True
addcad764798404b8141c9d40b413e73,scene-0061,day,traffic cone,movable_object.trafficcone,labelled outline,v80-100,51.6,19.01,18.72,3.22,24.11,18.43,18.96,False
addcad764798404b8141c9d40b413e73,scene-0061,day,traffic cone,movable_object.trafficcone,labelled outline,v80-100,30.3,33.14,32.85,3.54,41.51,31.73,34.58,False
addcad764798404b8141c9d40b413e73,scene-0061,day,traffic cone,movable_object.trafficcone,labelled outline,v80-100,25.6,40.32,40.01,7.04,57.41,39.58,42.33,False
addcad764798404b8141c9d40b413e73,scene-0061,day,traffic cone,movable_object.trafficcone,labelled outline,v80-100,29.7,34.38,34.08,4.2,38.38,31.45,33.44,False
addcad764798404b8141c9d40b413e73,scene-0061,day,traffic cone,movable_object.trafficcone,labelled outline,v80-100,65.6,15.52,15.32,5.57,18.26,14.16,14.33,False
addcad764798404b8141c9d40b413e73,scene-0061,day,traffic cone,movable_object.trafficcone,labelled outline,v80-100,29.8,31.71,31.4,2.79,38.65,30.44,31.47,False
426b7a257a5a4fcbbf1086a335f9c648,scene-0061,day,traffic cone,movable_object.trafficcone,labelled outline,v80-100,29.0,36.9,36.63,2.57,51.08,35.71,36.79,False
426b7a257a5a4fcbbf1086a335f9c648,scene-0061,day,traffic cone,movable_object.trafficcone,labelled outline,v80-100,46.5,20.81,20.49,3.46,27.23,19.35,21.4,False
426b7a257a5a4fcbbf1086a335f9c648,scene-0061,day,traffic cone,movable_object.trafficcone,labelled outline,v80-100,102.7,9.91,9.61,0.01,12.17,9.7,9.88,True
426b7a257a5a4fcbbf1086a335f9c648,scene-0061,day,traffic cone,movable_object.trafficcone,labelled outline,v80-100,28.2,39.51,39.22,3.54,52.76,38.43,39.58,False
426b7a257a5a4fcbbf1086a335f9c648,scene-0061,day,traffic cone,movable_object.trafficcone,labelled outline,v80-100,235.0,4.97,4.6,1.38,6.1,4.53,4.89,False
426b7a257a5a4fcbbf1086a335f9c648,scene-0061,day,traffic cone,movable_object.trafficcone,labelled outline,v80-100,36.4,27.25,26.91,0.75,36.98,26.03,28.93,True
426b7a257a5a4fcbbf1086a335f9c648,scene-0061,day,traffic cone,movable_object.trafficcone,labelled outline,v80-100,43.5,24.24,23.92,2.06,33.37,22.88,25.56,False
426b7a257a5a4fcbbf1086a335f9c648,scene-0061,day,traffic cone,movable_object.trafficcone,labelled outline,v80-100,60.3,17.06,16.76,5.12,21.41,15.6,16.66,False
426b7a257a5a4fcbbf1086a335f9c648,scene-0061,day,traffic cone,movable_object.trafficcone,labelled outline,v80-100,32.4,31.07,30.77,0.21,33.33,29.39,31.56,True
426b7a257a5a4fcbbf1086a335f9c648,scene-0061,day,traffic cone,movable_object.trafficcone,labelled outline,v60-80,73.1,14.72,14.42,1.8,13.43,7.59,7.63,False
426b7a257a5a4fcbbf1086a335f9c648,scene-0061,day,traffic cone,movable_object.trafficcone,labelled outline,v80-100,26.8,38.25,37.93,3.01,51.04,36.66,38.05,False
426b7a257a5a4fcbbf1086a335f9c648,scene-0061,day,traffic cone,movable_object.trafficcone,labelled outline,v80-100,31.6,32.3,32.0,0.74,34.17,27.45,28.76,True
426b7a257a5a4fcbbf1086a335f9c648,scene-0061,day,traffic cone,movable_object.trafficcone,labelled outline,v80-100,27.0,40.68,40.38,4.0,56.53,38.82,40.07,False
426b7a257a5a4fcbbf1086a335f9c648,scene-0061,day,traffic cone,movable_object.trafficcone,labelled outline,v80-100,32.0,29.57,29.26,0.0,33.68,26.63,28.21,True
8fe9b9f55bd14e25b8fde193d6b6a503,scene-0061,day,traffic cone,movable_object.trafficcone,labelled outline,v80-100,30.8,34.68,34.42,0.55,53.56,33.96,35.67,True
8fe9b9f55bd14e25b8fde193d6b6a503,scene-0061,day,traffic cone,movable_object.trafficcone,labelled outline,v80-100,53.9,18.7,18.39,5.5,23.01,17.22,18.05,False
8fe9b9f55bd14e25b8fde193d6b6a503,scene-0061,day,traffic cone,movable_object.trafficcone,labelled outline,v80-100,25.3,40.33,40.07,0.56,56.72,39.45,41.07,True
8fe9b9f55bd14e25b8fde193d6b6a503,scene-0061,day,traffic cone,movable_object.trafficcone,labelled outline,v80-100,135.5,7.71,7.4,0.38,9.07,7.31,7.44,True
8fe9b9f55bd14e25b8fde193d6b6a503,scene-0061,day,traffic cone,movable_object.trafficcone,labelled outline,v80-100,29.8,37.29,37.0,0.0,52.78,36.84,38.45,True
8fe9b9f55bd14e25b8fde193d6b6a503,scene-0061,day,traffic cone,movable_object.trafficcone,labelled outline,v80-100,25.5,41.25,40.98,0.99,46.25,39.0,39.99,True
8fe9b9f55bd14e25b8fde193d6b6a503,scene-0061,day,traffic cone,movable_object.trafficcone,labelled outline,v80-100,40.2,25.08,24.73,3.46,35.01,23.82,27.34,False
8fe9b9f55bd14e25b8fde193d6b6a503,scene-0061,day,traffic cone,movable_object.trafficcone,labelled outline,v80-100,48.8,22.12,21.8,4.48,31.19,20.71,23.5,False
8fe9b9f55bd14e25b8fde193d6b6a503,scene-0061,day,traffic cone,movable_object.trafficcone,labelled outline,v80-100,73.8,15.09,14.79,6.73,17.05,13.29,13.58,False
8fe9b9f55bd14e25b8fde193d6b6a503,scene-0061,day,traffic cone,movable_object.trafficcone,labelled outline,v80-100,35.1,28.87,28.57,2.28,26.76,25.35,26.21,False
8fe9b9f55bd14e25b8fde193d6b6a503,scene-0061,day,traffic cone,movable_object.trafficcone,labelled outline,v80-100,86.1,12.51,12.21,0.33,15.55,12.12,12.41,True
8fe9b9f55bd14e25b8fde193d6b6a503,scene-0061,day,traffic cone,movable_object.trafficcone,labelled outline,v80-100,28.4,36.03,35.71,0.12,52.68,35.53,37.71,True
8fe9b9f55bd14e25b8fde193d6b6a503,scene-0061,day,traffic cone,movable_object.trafficcone,labelled outline,v80-100,34.1,30.1,29.8,1.87,26.91,23.46,24.42,False
8fe9b9f55bd14e25b8fde193d6b6a503,scene-0061,day,traffic cone,movable_object.trafficcone,labelled outline,v80-100,28.5,38.46,38.16,0.0,53.86,37.92,40.19,True
8fe9b9f55bd14e25b8fde193d6b6a503,scene-0061,day,traffic cone,movable_object.trafficcone,labelled outline,v80-100,35.0,27.32,27.01,2.77,27.8,24.16,24.79,False
4bc3a28622964e9f9ab28a68614189f1,scene-0061,day,traffic cone,movable_object.trafficcone,labelled outline,v80-100,72.8,14.96,14.67,0.27,15.37,6.47,7.54,True
4bc3a28622964e9f9ab28a68614189f1,scene-0061,day,traffic cone,movable_object.trafficcone,labelled outline,v80-100,32.9,32.83,32.56,3.17,47.27,31.67,36.06,False
4bc3a28622964e9f9ab28a68614189f1,scene-0061,day,traffic cone,movable_object.trafficcone,labelled outline,v80-100,63.0,17.01,16.69,6.86,20.18,14.79,15.55,False
4bc3a28622964e9f9ab28a68614189f1,scene-0061,day,traffic cone,movable_object.trafficcone,labelled outline,v80-100,26.7,38.47,38.2,1.88,47.41,36.91,38.21,False
4bc3a28622964e9f9ab28a68614189f1,scene-0061,day,traffic cone,movable_object.trafficcone,labelled outline,v80-100,188.0,5.89,5.57,1.01,6.72,5.47,5.53,True
4bc3a28622964e9f9ab28a68614189f1,scene-0061,day,traffic cone,movable_object.trafficcone,labelled outline,v80-100,31.7,35.43,35.14,2.58,43.36,32.26,33.51,False
4bc3a28622964e9f9ab28a68614189f1,scene-0061,day,traffic cone,movable_object.trafficcone,labelled outline,v80-100,26.9,39.39,39.12,1.59,42.09,37.38,37.98,False
4bc3a28622964e9f9ab28a68614189f1,scene-0061,day,traffic cone,movable_object.trafficcone,labelled outline,v80-100,44.6,23.29,22.94,5.34,31.9,21.46,24.75,False
4bc3a28622964e9f9ab28a68614189f1,scene-0061,day,traffic cone,movable_object.trafficcone,labelled outline,v80-100,54.8,20.48,20.15,6.11,26.68,18.8,20.26,False
4bc3a28622964e9f9ab28a68614189f1,scene-0061,day,traffic cone,movable_object.trafficcone,labelled outline,v80-100,38.2,27.06,26.75,4.46,26.81,24.68,26.38,False
4bc3a28622964e9f9ab28a68614189f1,scene-0061,day,traffic cone,movable_object.trafficcone,labelled outline,v80-100,102.7,10.65,10.34,0.03,12.77,10.21,10.34,True
4bc3a28622964e9f9ab28a68614189f1,scene-0061,day,traffic cone,movable_object.trafficcone,labelled outline,v80-100,30.3,34.17,33.85,2.83,45.14,32.03,34.2,False
4bc3a28622964e9f9ab28a68614189f1,scene-0061,day,traffic cone,movable_object.trafficcone,labelled outline,v80-100,37.0,28.27,27.96,4.15,25.54,22.12,22.46,False
4bc3a28622964e9f9ab28a68614189f1,scene-0061,day,traffic cone,movable_object.trafficcone,labelled outline,v80-100,30.2,36.61,36.3,2.31,50.38,33.35,35.16,False
4bc3a28622964e9f9ab28a68614189f1,scene-0061,day,traffic cone,movable_object.trafficcone,labelled outline,v80-100,38.4,25.51,25.19,4.83,25.8,23.14,23.38,False
6c913201b35146eea7a2ed8c3fe43887,scene-0061,day,traffic cone,movable_object.trafficcone,labelled outline,v80-100,84.4,12.99,12.7,0.13,16.12,12.21,12.6,True
6c913201b35146eea7a2ed8c3fe43887,scene-0061,day,traffic cone,movable_object.trafficcone,labelled outline,v80-100,35.4,30.92,30.65,5.33,46.25,31.61,34.74,False
6c913201b35146eea7a2ed8c3fe43887,scene-0061,day,traffic cone,movable_object.trafficcone,labelled outline,v80-100,75.7,15.33,15.0,7.9,17.62,13.59,14.83,False
6c913201b35146eea7a2ed8c3fe43887,scene-0061,day,traffic cone,movable_object.trafficcone,labelled outline,v60-80,37.8,29.35,29.03,5.45,28.44,19.92,20.16,False
6c913201b35146eea7a2ed8c3fe43887,scene-0061,day,traffic cone,movable_object.trafficcone,labelled outline,v80-100,28.3,36.5,36.23,4.38,48.66,34.28,36.14,False
6c913201b35146eea7a2ed8c3fe43887,scene-0061,day,traffic cone,movable_object.trafficcone,labelled outline,v80-100,165.7,4.06,3.71,1.43,5.32,3.34,4.67,False
6c913201b35146eea7a2ed8c3fe43887,scene-0061,day,traffic cone,movable_object.trafficcone,labelled outline,v80-100,33.8,33.49,33.19,4.88,45.69,32.04,33.5,False
6c913201b35146eea7a2ed8c3fe43887,scene-0061,day,traffic cone,movable_object.trafficcone,labelled outline,v80-100,28.4,37.45,37.18,4.14,40.49,34.77,36.24,False
6c913201b35146eea7a2ed8c3fe43887,scene-0061,day,traffic cone,movable_object.trafficcone,labelled outline,v80-100,50.0,21.45,21.09,6.85,28.57,19.83,22.06,False
6c913201b35146eea7a2ed8c3fe43887,scene-0061,day,traffic cone,movable_object.trafficcone,labelled outline,v80-100,62.4,18.82,18.49,7.45,24.95,16.53,18.92,False
6c913201b35146eea7a2ed8c3fe43887,scene-0061,day,traffic cone,movable_object.trafficcone,labelled outline,v80-100,41.9,25.16,24.85,6.24,22.47,21.99,22.18,False
6c913201b35146eea7a2ed8c3fe43887,scene-0061,day,traffic cone,movable_object.trafficcone,labelled outline,v80-100,128.4,8.69,8.38,0.78,10.63,8.16,8.41,True
6c913201b35146eea7a2ed8c3fe43887,scene-0061,day,traffic cone,movable_object.trafficcone,labelled outline,v80-100,32.4,32.26,31.94,5.06,46.28,31.43,34.56,False
6c913201b35146eea7a2ed8c3fe43887,scene-0061,day,traffic cone,movable_object.trafficcone,labelled outline,v80-100,40.4,26.36,26.05,6.02,21.97,19.92,20.17,False
6c913201b35146eea7a2ed8c3fe43887,scene-0061,day,traffic cone,movable_object.trafficcone,labelled outline,v80-100,32.2,34.64,34.33,4.68,47.07,32.73,35.05,False
6c913201b35146eea7a2ed8c3fe43887,scene-0061,day,traffic cone,movable_object.trafficcone,labelled outline,v80-100,42.3,23.76,23.43,6.49,22.38,21.17,21.39,False
6bd85a6773944798ae0be117d40d4fdc,scene-0061,day,traffic cone,movable_object.trafficcone,labelled outline,v80-100,96.1,11.51,11.21,0.73,14.8,10.96,11.43,True
6bd85a6773944798ae0be117d40d4fdc,scene-0061,day,traffic cone,movable_object.trafficcone,labelled outline,v80-100,60.5,16.45,16.18,0.12,16.14,6.34,6.51,True
6bd85a6773944798ae0be117d40d4fdc,scene-0061,day,traffic cone,movable_object.trafficcone,labelled outline,v80-100,37.6,29.46,29.18,6.68,41.69,27.08,29.55,False
6bd85a6773944798ae0be117d40d4fdc,scene-0061,day,traffic cone,movable_object.trafficcone,labelled outline,v80-100,40.2,27.91,27.58,6.74,34.3,18.78,24.95,False
6bd85a6773944798ae0be117d40d4fdc,scene-0061,day,traffic cone,movable_object.trafficcone,labelled outline,v80-100,29.7,35.03,34.76,5.99,49.96,34.67,37.35,False
6bd85a6773944798ae0be117d40d4fdc,scene-0061,day,traffic cone,movable_object.trafficcone,labelled outline,v80-100,35.6,32.02,31.72,6.33,44.82,31.16,32.78,False
6bd85a6773944798ae0be117d40d4fdc,scene-0061,day,traffic cone,movable_object.trafficcone,labelled outline,v80-100,29.8,35.97,35.7,5.79,47.37,35.02,37.35,False
6bd85a6773944798ae0be117d40d4fdc,scene-0061,day,traffic cone,movable_object.trafficcone,labelled outline,v80-100,55.0,20.09,19.72,7.75,25.85,17.97,19.79,False
6bd85a6773944798ae0be117d40d4fdc,scene-0061,day,traffic cone,movable_object.trafficcone,labelled outline,v80-100,70.4,17.49,17.15,8.24,21.56,14.65,16.06,False
6bd85a6773944798ae0be117d40d4fdc,scene-0061,day,traffic cone,movable_object.trafficcone,labelled outline,v80-100,45.3,23.76,23.44,7.33,21.9,20.75,21.03,False
6bd85a6773944798ae0be117d40d4fdc,scene-0061,day,traffic cone,movable_object.trafficcone,labelled outline,v80-100,159.2,7.22,6.91,1.2,8.59,6.76,6.88,True
6bd85a6773944798ae0be117d40d4fdc,scene-0061,day,traffic cone,movable_object.trafficcone,labelled outline,v80-100,34.4,30.78,30.46,6.45,43.44,29.63,31.55,False
6bd85a6773944798ae0be117d40d4fdc,scene-0061,day,traffic cone,movable_object.trafficcone,labelled outline,v80-100,43.4,24.94,24.62,7.17,20.05,18.48,18.6,False
6bd85a6773944798ae0be117d40d4fdc,scene-0061,day,traffic cone,movable_object.trafficcone,labelled outline,v80-100,33.9,33.18,32.87,6.21,45.06,32.36,34.62,False
6bd85a6773944798ae0be117d40d4fdc,scene-0061,day,traffic cone,movable_object.trafficcone,labelled outline,v80-100,45.9,22.36,22.03,7.51,21.07,19.67,19.88,False
6bd85a6773944798ae0be117d40d4fdc,scene-0061,day,traffic cone,movable_object.trafficcone,labelled outline,v40-60,31.4,37.16,36.89,5.36,46.86,36.67,40.79,False
b81fa956bfd84063b59401acce77dc12,scene-0061,day,traffic cone,movable_object.trafficcone,labelled outline,v80-100,110.8,10.16,9.86,1.18,12.59,9.44,9.74,True
b81fa956bfd84063b59401acce77dc12,scene-0061,day,traffic cone,movable_object.trafficcone,labelled outline,v80-100,66.6,15.09,14.82,0.76,18.09,14.77,15.0,True
b81fa956bfd84063b59401acce77dc12,scene-0061,day,traffic cone,movable_object.trafficcone,labelled outline,v80-100,40.0,28.13,27.86,7.74,37.2,25.85,27.66,False
b81fa956bfd84063b59401acce77dc12,scene-0061,day,traffic cone,movable_object.trafficcone,labelled outline,v80-100,42.9,26.6,26.27,7.76,37.11,24.35,26.56,False
b81fa956bfd84063b59401acce77dc12,scene-0061,day,traffic cone,movable_object.trafficcone,labelled outline,v80-100,31.3,33.7,33.42,7.27,44.61,31.57,32.86,False
b81fa956bfd84063b59401acce77dc12,scene-0061,day,traffic cone,movable_object.trafficcone,labelled outline,v80-100,37.7,30.69,30.39,7.49,41.5,28.33,30.04,False
b81fa956bfd84063b59401acce77dc12,scene-0061,day,traffic cone,movable_object.trafficcone,labelled outline,v80-100,31.2,34.64,34.37,7.11,34.48,32.39,32.98,False
b81fa956bfd84063b59401acce77dc12,scene-0061,day,traffic cone,movable_object.trafficcone,labelled outline,v80-100,26.8,36.79,36.55,6.15,50.79,35.53,39.32,False
b81fa956bfd84063b59401acce77dc12,scene-0061,day,traffic cone,movable_object.trafficcone,labelled outline,v80-100,61.0,18.88,18.51,8.45,22.84,16.0,17.59,False
b81fa956bfd84063b59401acce77dc12,scene-0061,day,traffic cone,movable_object.trafficcone,labelled outline,v80-100,49.1,22.49,22.17,8.17,17.97,17.54,17.61,False
b81fa956bfd84063b59401acce77dc12,scene-0061,day,traffic cone,movable_object.trafficcone,labelled outline,v80-100,204.8,5.91,5.58,1.49,6.88,5.39,5.46,False
b81fa956bfd84063b59401acce77dc12,scene-0061,day,traffic cone,movable_object.trafficcone,labelled outline,v80-100,36.5,29.44,29.11,7.55,37.95,27.71,29.26,False
b81fa956bfd84063b59401acce77dc12,scene-0061,day,traffic cone,movable_object.trafficcone,labelled outline,v40-60,46.9,23.66,23.34,8.07,17.01,16.69,16.82,False
b81fa956bfd84063b59401acce77dc12,scene-0061,day,traffic cone,movable_object.trafficcone,labelled outline,v80-100,35.7,31.85,31.54,7.43,46.11,29.16,32.24,False
b81fa956bfd84063b59401acce77dc12,scene-0061,day,traffic cone,movable_object.trafficcone,labelled outline,v80-100,50.1,21.14,20.81,8.3,18.07,17.62,17.7,False
b81fa956bfd84063b59401acce77dc12,scene-0061,day,traffic cone,movable_object.trafficcone,labelled outline,v40-60,32.9,35.82,35.54,6.72,33.12,32.7,32.92,False
95c58e12ca3d488b8101ff7f15737eb8,scene-0061,day,traffic cone,movable_object.trafficcone,labelled outline,v80-100,125.2,9.14,8.84,1.36,11.08,8.4,8.64,False
95c58e12ca3d488b8101ff7f15737eb8,scene-0061,day,traffic cone,movable_object.trafficcone,labelled outline,v80-100,72.0,14.06,13.78,1.03,17.26,13.69,13.82,True
95c58e12ca3d488b8101ff7f15737eb8,scene-0061,day,traffic cone,movable_object.trafficcone,labelled outline,v80-100,41.9,27.14,26.86,8.19,38.68,25.39,27.64,False
95c58e12ca3d488b8101ff7f15737eb8,scene-0061,day,traffic cone,movable_object.trafficcone,labelled outline,v80-100,45.2,25.63,25.3,8.2,35.19,23.91,25.6,False
95c58e12ca3d488b8101ff7f15737eb8,scene-0061,day,traffic cone,movable_object.trafficcone,labelled outline,v80-100,32.4,32.78,32.51,7.84,43.68,31.62,33.35,False
95c58e12ca3d488b8101ff7f15737eb8,scene-0061,day,traffic cone,movable_object.trafficcone,labelled outline,v80-100,39.4,29.68,29.38,7.98,41.66,27.77,30.23,False
95c58e12ca3d488b8101ff7f15737eb8,scene-0061,day,traffic cone,movable_object.trafficcone,labelled outline,v80-100,32.5,33.61,33.34,7.63,35.18,31.18,32.13,False
95c58e12ca3d488b8101ff7f15737eb8,scene-0061,day,traffic cone,movable_object.trafficcone,labelled outline,v80-100,27.7,35.77,35.52,6.75,49.38,37.75,41.05,False
95c58e12ca3d488b8101ff7f15737eb8,scene-0061,day,traffic cone,movable_object.trafficcone,labelled outline,v80-100,66.0,17.98,17.61,8.76,21.78,15.04,16.71,False
95c58e12ca3d488b8101ff7f15737eb8,scene-0061,day,traffic cone,movable_object.trafficcone,labelled outline,v80-100,52.3,21.54,21.22,8.55,17.94,17.74,17.81,False
95c58e12ca3d488b8101ff7f15737eb8,scene-0061,day,traffic cone,movable_object.trafficcone,labelled outline,v80-100,49.3,20.02,19.76,0.8,19.04,6.52,6.57,True
95c58e12ca3d488b8101ff7f15737eb8,scene-0061,day,traffic cone,movable_object.trafficcone,labelled outline,v80-100,219.6,4.95,4.61,1.61,5.9,4.35,4.77,False
95c58e12ca3d488b8101ff7f15737eb8,scene-0061,day,traffic cone,movable_object.trafficcone,labelled outline,v80-100,38.2,28.44,28.11,8.01,39.42,27.11,29.07,False
95c58e12ca3d488b8101ff7f15737eb8,scene-0061,day,traffic cone,movable_object.trafficcone,labelled outline,v80-100,37.2,30.86,30.55,7.93,43.89,29.76,32.71,False
95c58e12ca3d488b8101ff7f15737eb8,scene-0061,day,traffic cone,movable_object.trafficcone,labelled outline,v80-100,53.6,20.23,19.9,8.63,17.94,16.95,17.17,False
95c58e12ca3d488b8101ff7f15737eb8,scene-0061,day,traffic cone,movable_object.trafficcone,labelled outline,v40-60,34.1,34.81,34.52,7.31,34.86,32.24,33.67,False
5979f20786b745c5b05c21d8badc2ed8,scene-0061,day,traffic cone,movable_object.trafficcone,labelled outline,v80-100,147.0,7.94,7.63,1.42,9.39,7.2,7.39,False
5979f20786b745c5b05c21d8badc2ed8,scene-0061,day,traffic cone,movable_object.trafficcone,labelled outline,v80-100,79.4,12.83,12.55,1.14,15.75,12.14,12.32,True
5979f20786b745c5b05c21d8badc2ed8,scene-0061,day,traffic cone,movable_object.trafficcone,labelled outline,v80-100,44.2,25.96,25.68,8.36,33.61,22.84,24.69,False
5979f20786b745c5b05c21d8badc2ed8,scene-0061,day,traffic cone,movable_object.trafficcone,labelled outline,v80-100,47.8,24.47,24.13,8.38,31.53,22.13,24.01,False
5979f20786b745c5b05c21d8badc2ed8,scene-0061,day,traffic cone,movable_object.trafficcone,labelled outline,v80-100,33.8,31.57,31.29,8.07,38.93,29.38,30.91,False
5979f20786b745c5b05c21d8badc2ed8,scene-0061,day,traffic cone,movable_object.trafficcone,labelled outline,v80-100,41.3,28.51,28.2,8.21,34.53,25.14,26.64,False
5979f20786b745c5b05c21d8badc2ed8,scene-0061,day,traffic cone,movable_object.trafficcone,labelled outline,v80-100,33.8,32.42,32.14,7.87,31.88,28.78,29.45,False
5979f20786b745c5b05c21d8badc2ed8,scene-0061,day,traffic cone,movable_object.trafficcone,labelled outline,v80-100,28.8,34.56,34.31,7.0,46.45,32.5,36.47,False
5979f20786b745c5b05c21d8badc2ed8,scene-0061,day,traffic cone,movable_object.trafficcone,labelled outline,v80-100,56.0,20.42,20.1,8.69,17.57,16.61,16.81,False
5979f20786b745c5b05c21d8badc2ed8,scene-0061,day,traffic cone,movable_object.trafficcone,labelled outline,v80-100,52.7,18.79,18.52,0.95,21.8,17.46,17.77,True
5979f20786b745c5b05c21d8badc2ed8,scene-0061,day,traffic cone,movable_object.trafficcone,labelled outline,v80-100,148.8,3.84,3.49,1.65,5.58,3.77,4.93,False
5979f20786b745c5b05c21d8badc2ed8,scene-0061,day,traffic cone,movable_object.trafficcone,labelled outline,v80-100,40.1,27.3,26.97,8.26,33.66,24.38,26.13,False
5979f20786b745c5b05c21d8badc2ed8,scene-0061,day,traffic cone,movable_object.trafficcone,labelled outline,v80-100,39.0,29.67,29.36,8.15,38.09,27.14,28.95,False
5979f20786b745c5b05c21d8badc2ed8,scene-0061,day,traffic cone,movable_object.trafficcone,labelled outline,v80-100,58.1,19.08,18.75,8.76,16.68,15.22,15.43,False
5979f20786b745c5b05c21d8badc2ed8,scene-0061,day,traffic cone,movable_object.trafficcone,labelled outline,v40-60,35.4,33.6,33.32,7.54,31.79,30.72,31.43,False
64fcc224844b41179faa673670804b54,scene-0061,day,traffic cone,movable_object.trafficcone,labelled outline,v80-100,176.0,6.79,6.47,1.44,7.97,6.17,6.29,False
64fcc224844b41179faa673670804b54,scene-0061,day,traffic cone,movable_object.trafficcone,labelled outline,v80-100,45.0,22.31,22.03,0.93,26.8,21.12,21.94,True
64fcc224844b41179faa673670804b54,scene-0061,day,traffic cone,movable_object.trafficcone,labelled outline,v80-100,87.9,11.65,11.38,1.17,14.36,11.0,11.25,True
64fcc224844b41179faa673670804b54,scene-0061,day,traffic cone,movable_object.trafficcone,labelled outline,v80-100,46.5,24.83,24.55,8.42,33.24,22.86,24.62,False
64fcc224844b41179faa673670804b54,scene-0061,day,traffic cone,movable_object.trafficcone,labelled outline,v80-100,50.5,23.36,23.03,8.44,30.85,21.76,23.27,False
64fcc224844b41179faa673670804b54,scene-0061,day,traffic cone,movable_object.trafficcone,labelled outline,v80-100,35.2,30.41,30.14,8.15,40.15,28.62,30.81,False
64fcc224844b41179faa673670804b54,scene-0061,day,traffic cone,movable_object.trafficcone,labelled outline,v80-100,43.2,27.38,27.08,8.31,35.53,25.14,26.84,False
64fcc224844b41179faa673670804b54,scene-0061,day,traffic cone,movable_object.trafficcone,labelled outline,v80-100,35.1,31.28,31.0,7.96,29.9,28.15,28.98,False
64fcc224844b41179faa673670804b54,scene-0061,day,traffic cone,movable_object.trafficcone,labelled outline,v80-100,29.9,33.41,33.16,7.09,46.89,32.55,36.37,False
64fcc224844b41179faa673670804b54,scene-0061,day,traffic cone,movable_object.trafficcone,labelled outline,v60-80,56.8,21.77,21.47,8.53,21.05,12.98,13.04,False
64fcc224844b41179faa673670804b54,scene-0061,day,traffic cone,movable_object.trafficcone,labelled outline,v80-100,60.2,19.36,19.04,8.74,17.9,15.03,15.44,False
64fcc224844b41179faa673670804b54,scene-0061,day,traffic cone,movable_object.trafficcone,labelled outline,v80-100,56.3,17.61,17.34,1.0,21.34,16.71,17.46,True
64fcc224844b41179faa673670804b54,scene-0061,day,traffic cone,movable_object.trafficcone,labelled outline,v80-100,42.0,26.2,25.87,8.33,33.04,24.33,25.56,False
64fcc224844b41179faa673670804b54,scene-0061,day,traffic cone,movable_object.trafficcone,labelled outline,v80-100,35.2,28.65,28.37,0.72,29.59,6.73,6.79,True
64fcc224844b41179faa673670804b54,scene-0061,day,traffic cone,movable_object.trafficcone,labelled outline,v80-100,40.7,28.54,28.22,8.23,40.0,26.75,29.56,False
64fcc224844b41179faa673670804b54,scene-0061,day,traffic cone,movable_object.trafficcone,labelled outline,v80-100,63.0,18.01,17.67,8.81,16.4,14.89,15.13,False
64fcc224844b41179faa673670804b54,scene-0061,day,traffic cone,movable_object.trafficcone,labelled outline,v40-60,36.8,32.45,32.16,7.61,30.38,29.57,29.74,False
174d78fa966f42f9a9732ff84de02418,scene-0061,day,traffic cone,movable_object.trafficcone,labelled outline,v80-100,217.9,5.67,5.35,1.45,6.78,5.23,5.32,False
174d78fa966f42f9a9732ff84de02418,scene-0061,day,traffic cone,movable_object.trafficcone,labelled outline,v80-100,47.5,21.14,20.87,0.97,26.26,20.42,21.36,True
174d78fa966f42f9a9732ff84de02418,scene-0061,day,traffic cone,movable_object.trafficcone,labelled outline,v80-100,98.4,10.5,10.22,1.19,12.63,10.01,10.14,True
174d78fa966f42f9a9732ff84de02418,scene-0061,day,traffic cone,movable_object.trafficcone,labelled outline,v80-100,49.0,23.73,23.45,8.44,31.81,22.34,23.83,False
174d78fa966f42f9a9732ff84de02418,scene-0061,day,traffic cone,movable_object.trafficcone,labelled outline,v80-100,53.4,22.29,21.95,8.48,31.91,21.11,23.39,False
174d78fa966f42f9a9732ff84de02418,scene-0061,day,traffic cone,movable_object.trafficcone,labelled outline,v80-100,36.5,29.39,29.11,8.2,38.64,26.53,29.03,False
174d78fa966f42f9a9732ff84de02418,scene-0061,day,traffic cone,movable_object.trafficcone,labelled outline,v80-100,45.1,26.35,26.05,8.35,33.88,24.68,25.62,False
174d78fa966f42f9a9732ff84de02418,scene-0061,day,traffic cone,movable_object.trafficcone,labelled outline,v80-100,36.6,30.15,29.88,8.02,31.23,27.28,28.41,False
174d78fa966f42f9a9732ff84de02418,scene-0061,day,traffic cone,movable_object.trafficcone,labelled outline,v80-100,24.2,55.25,54.96,0.0,12.77,7.03,7.05,True
174d78fa966f42f9a9732ff84de02418,scene-0061,day,traffic cone,movable_object.trafficcone,labelled outline,v80-100,31.0,32.27,32.02,7.14,45.08,31.53,35.69,False
174d78fa966f42f9a9732ff84de02418,scene-0061,day,traffic cone,movable_object.trafficcone,labelled outline,v80-100,28.6,37.06,36.77,0.49,38.66,31.99,33.39,True
174d78fa966f42f9a9732ff84de02418,scene-0061,day,traffic cone,movable_object.trafficcone,labelled outline,v80-100,60.5,20.7,20.41,8.56,23.03,12.55,16.14,False
174d78fa966f42f9a9732ff84de02418,scene-0061,day,traffic cone,movable_object.trafficcone,labelled outline,v80-100,29.7,33.32,33.05,0.55,34.52,31.22,31.95,True
174d78fa966f42f9a9732ff84de02418,scene-0061,day,traffic cone,movable_object.trafficcone,labelled outline,v80-100,64.3,18.42,18.1,8.76,17.33,13.22,15.0,False
174d78fa966f42f9a9732ff84de02418,scene-0061,day,traffic cone,movable_object.trafficcone,labelled outline,v80-100,60.4,16.45,16.18,1.02,20.73,15.98,16.58,True
174d78fa966f42f9a9732ff84de02418,scene-0061,day,traffic cone,movable_object.trafficcone,labelled outline,v80-100,43.9,25.22,24.9,8.39,33.25,23.31,25.23,False
174d78fa966f42f9a9732ff84de02418,scene-0061,day,traffic cone,movable_object.trafficcone,labelled outline,v80-100,36.7,27.48,27.2,0.77,35.94,26.72,28.83,True
174d78fa966f42f9a9732ff84de02418,scene-0061,day,traffic cone,movable_object.trafficcone,labelled outline,v80-100,42.4,27.53,27.21,8.27,36.92,26.19,28.33,False
174d78fa966f42f9a9732ff84de02418,scene-0061,day,traffic cone,movable_object.trafficcone,labelled outline,v80-100,68.5,16.97,16.63,8.83,15.12,12.91,13.25,False
174d78fa966f42f9a9732ff84de02418,scene-0061,day,traffic cone,movable_object.trafficcone,labelled outline,v40-60,38.2,31.31,31.03,7.65,32.02,28.84,30.31,False
3789c6c9d01449e7baf981a6f185825d,scene-0061,day,traffic cone,movable_object.trafficcone,labelled outline,v80-100,213.8,4.56,4.23,1.45,5.9,4.01,4.84,False
3789c6c9d01449e7baf981a6f185825d,scene-0061,day,traffic cone,movable_object.trafficcone,labelled outline,v80-100,50.5,19.97,19.69,0.97,25.56,19.65,20.57,True
3789c6c9d01449e7baf981a6f185825d,scene-0061,day,traffic cone,movable_object.trafficcone,labelled outline,v80-100,112.1,9.33,9.05,1.19,11.25,9.06,9.15,True
3789c6c9d01449e7baf981a6f185825d,scene-0061,day,traffic cone,movable_object.trafficcone,labelled outline,v80-100,52.0,22.63,22.34,8.45,30.94,20.98,22.91,False
3789c6c9d01449e7baf981a6f185825d,scene-0061,day,traffic cone,movable_object.trafficcone,labelled outline,v80-100,57.0,21.21,20.87,8.48,28.75,19.65,21.47,False
3789c6c9d01449e7baf981a6f185825d,scene-0061,day,traffic cone,movable_object.trafficcone,labelled outline,v80-100,38.4,28.19,27.91,8.2,37.66,26.86,28.8,False
3789c6c9d01449e7baf981a6f185825d,scene-0061,day,traffic cone,movable_object.trafficcone,labelled outline,v80-100,47.6,25.18,24.87,8.37,34.94,23.84,25.73,False
3789c6c9d01449e7baf981a6f185825d,scene-0061,day,traffic cone,movable_object.trafficcone,labelled outline,v80-100,38.2,29.03,28.75,8.03,29.14,27.25,27.88,False
3789c6c9d01449e7baf981a6f185825d,scene-0061,day,traffic cone,movable_object.trafficcone,labelled outline,v80-100,32.3,31.12,30.88,7.14,45.45,33.31,36.31,False
3789c6c9d01449e7baf981a6f185825d,scene-0061,day,traffic cone,movable_object.trafficcone,labelled outline,v80-100,29.6,35.88,35.59,0.5,39.16,32.34,34.25,True
3789c6c9d01449e7baf981a6f185825d,scene-0061,day,traffic cone,movable_object.trafficcone,labelled outline,v80-100,64.9,19.64,19.34,8.55,25.22,17.4,18.02,False
3789c6c9d01449e7baf981a6f185825d,scene-0061,day,traffic cone,movable_object.trafficcone,labelled outline,v80-100,20.0,58.43,58.16,0.0,65.4,54.65,58.64,True
3789c6c9d01449e7baf981a6f185825d,scene-0061,day,traffic cone,movable_object.trafficcone,labelled outline,v80-100,30.9,32.15,31.87,0.56,35.43,31.73,32.74,True
3789c6c9d01449e7baf981a6f185825d,scene-0061,day,traffic cone,movable_object.trafficcone,labelled outline,v80-100,70.1,17.35,17.03,8.76,13.52,11.55,11.59,False
3789c6c9d01449e7baf981a6f185825d,scene-0061,day,traffic cone,movable_object.trafficcone,labelled outline,v80-100,65.4,15.28,15.01,1.03,19.37,15.12,15.6,True
3789c6c9d01449e7baf981a6f185825d,scene-0061,day,traffic cone,movable_object.trafficcone,labelled outline,v80-100,46.4,24.1,23.77,8.41,32.33,22.58,24.6,False
3789c6c9d01449e7baf981a6f185825d,scene-0061,day,traffic cone,movable_object.trafficcone,labelled outline,v80-100,38.5,26.3,26.02,0.78,34.37,25.49,28.02,True
3789c6c9d01449e7baf981a6f185825d,scene-0061,day,traffic cone,movable_object.trafficcone,labelled outline,v80-100,44.5,26.39,26.08,8.28,37.8,26.0,28.53,False
3789c6c9d01449e7baf981a6f185825d,scene-0061,day,traffic cone,movable_object.trafficcone,labelled outline,v40-60,39.9,30.18,29.9,7.67,29.34,28.01,29.02,False
3789c6c9d01449e7baf981a6f185825d,scene-0061,day,traffic cone,movable_object.trafficcone,labelled outline,v80-100,20.7,49.67,49.36,0.0,61.95,49.87,54.65,True
518c6dcad243448abf03cf28b2b09d60,scene-0061,day,traffic cone,movable_object.trafficcone,labelled outline,v80-100,137.5,3.56,3.21,1.49,5.42,4.46,4.88,False
518c6dcad243448abf03cf28b2b09d60,scene-0061,day,traffic cone,movable_object.trafficcone,labelled outline,v80-100,53.7,18.85,18.58,1.14,24.82,18.77,19.71,True
518c6dcad243448abf03cf28b2b09d60,scene-0061,day,traffic cone,movable_object.trafficcone,labelled outline,v80-100,129.0,8.23,7.95,1.26,10.07,7.99,8.1,False
518c6dcad243448abf03cf28b2b09d60,scene-0061,day,traffic cone,movable_object.trafficcone,labelled outline,v80-100,55.3,21.59,21.31,8.62,28.32,19.71,21.01,False
518c6dcad243448abf03cf28b2b09d60,scene-0061,day,traffic cone,movable_object.trafficcone,labelled outline,v80-100,60.9,20.2,19.86,8.63,26.05,18.04,19.57,False
518c6dcad243448abf03cf28b2b09d60,scene-0061,day,traffic cone,movable_object.trafficcone,labelled outline,v80-100,40.3,27.06,26.78,8.42,36.17,26.19,27.97,False
518c6dcad243448abf03cf28b2b09d60,scene-0061,day,traffic cone,movable_object.trafficcone,labelled outline,v80-100,50.2,24.13,23.83,8.56,33.17,22.83,24.62,False
518c6dcad243448abf03cf28b2b09d60,scene-0061,day,traffic cone,movable_object.trafficcone,labelled outline,v80-100,40.0,27.96,27.69,8.26,28.77,25.79,27.01,False
518c6dcad243448abf03cf28b2b09d60,scene-0061,day,traffic cone,movable_object.trafficcone,labelled outline,v80-100,33.6,30.05,29.8,7.42,43.35,30.65,34.38,False
518c6dcad243448abf03cf28b2b09d60,scene-0061,day,traffic cone,movable_object.trafficcone,labelled outline,v80-100,30.6,34.77,34.47,0.79,41.3,31.21,34.38,True
518c6dcad243448abf03cf28b2b09d60,scene-0061,day,traffic cone,movable_object.trafficcone,labelled outline,v80-100,69.8,18.67,18.36,8.72,24.27,16.38,17.59,False
518c6dcad243448abf03cf28b2b09d60,scene-0061,day,traffic cone,movable_object.trafficcone,labelled outline,v80-100,20.4,57.32,57.04,0.23,72.16,58.65,64.23,True
518c6dcad243448abf03cf28b2b09d60,scene-0061,day,traffic cone,movable_object.trafficcone,labelled outline,v80-100,32.0,31.03,30.76,0.82,37.2,30.95,32.6,True
518c6dcad243448abf03cf28b2b09d60,scene-0061,day,traffic cone,movable_object.trafficcone,labelled outline,v80-100,71.0,14.16,13.89,1.15,18.17,14.07,14.45,True
518c6dcad243448abf03cf28b2b09d60,scene-0061,day,traffic cone,movable_object.trafficcone,labelled outline,v80-100,49.2,23.04,22.71,8.6,30.48,20.83,23.11,False
518c6dcad243448abf03cf28b2b09d60,scene-0061,day,traffic cone,movable_object.trafficcone,labelled outline,v80-100,40.3,25.18,24.89,1.0,33.84,25.51,28.12,True
518c6dcad243448abf03cf28b2b09d60,scene-0061,day,traffic cone,movable_object.trafficcone,labelled outline,v80-100,46.9,25.33,25.01,8.49,37.13,24.1,27.4,False
518c6dcad243448abf03cf28b2b09d60,scene-0061,day,traffic cone,movable_object.trafficcone,labelled outline,v40-60,41.6,29.11,28.83,7.92,28.9,27.18,28.34,False
518c6dcad243448abf03cf28b2b09d60,scene-0061,day,traffic cone,movable_object.trafficcone,labelled outline,v80-100,21.9,60.93,60.62,0.0,84.12,69.19,74.94,True
de48c26fdae74181bf94ee9cd7d5f61f,scene-0061,day,traffic cone,movable_object.trafficcone,labelled outline,v80-100,57.4,17.73,17.45,1.66,23.63,17.92,18.74,False
de48c26fdae74181bf94ee9cd7d5f61f,scene-0061,day,traffic cone,movable_object.trafficcone,labelled outline,v80-100,153.2,7.14,6.85,1.5,8.68,6.84,6.92,False
de48c26fdae74181bf94ee9cd7d5f61f,scene-0061,day,traffic cone,movable_object.trafficcone,labelled outline,v80-100,59.6,20.57,20.29,9.16,26.72,18.41,20.13,False
de48c26fdae74181bf94ee9cd7d5f61f,scene-0061,day,traffic cone,movable_object.trafficcone,labelled outline,v80-100,66.1,19.22,18.88,9.13,24.0,16.78,18.28,False
de48c26fdae74181bf94ee9cd7d5f61f,scene-0061,day,traffic cone,movable_object.trafficcone,labelled outline,v80-100,42.6,26.01,25.72,9.12,35.32,24.14,26.82,False
de48c26fdae74181bf94ee9cd7d5f61f,scene-0061,day,traffic cone,movable_object.trafficcone,labelled outline,v80-100,53.6,23.11,22.8,9.18,30.3,21.18,22.95,False
de48c26fdae74181bf94ee9cd7d5f61f,scene-0061,day,traffic cone,movable_object.trafficcone,labelled outline,v80-100,42.2,26.91,26.63,8.99,24.87,24.11,24.46,False
de48c26fdae74181bf94ee9cd7d5f61f,scene-0061,day,traffic cone,movable_object.trafficcone,labelled outline,v80-100,35.3,28.98,28.72,8.22,39.86,28.12,31.55,False
de48c26fdae74181bf94ee9cd7d5f61f,scene-0061,day,traffic cone,movable_object.trafficcone,labelled outline,v80-100,31.7,33.64,33.35,1.72,40.21,30.98,34.4,False
de48c26fdae74181bf94ee9cd7d5f61f,scene-0061,day,traffic cone,movable_object.trafficcone,labelled outline,v80-100,76.4,17.72,17.42,9.2,21.38,16.45,17.96,False
de48c26fdae74181bf94ee9cd7d5f61f,scene-0061,day,traffic cone,movable_object.trafficcone,labelled outline,v80-100,20.8,56.19,55.91,1.78,64.52,55.78,58.86,False
de48c26fdae74181bf94ee9cd7d5f61f,scene-0061,day,traffic cone,movable_object.trafficcone,labelled outline,v80-100,33.3,29.91,29.63,1.66,37.09,30.77,31.92,False
de48c26fdae74181bf94ee9cd7d5f61f,scene-0061,day,traffic cone,movable_object.trafficcone,labelled outline,v80-100,77.7,13.04,12.77,1.54,17.68,13.22,13.88,False
de48c26fdae74181bf94ee9cd7d5f61f,scene-0061,day,traffic cone,movable_object.trafficcone,labelled outline,v80-100,52.8,22.0,21.67,9.19,28.45,20.04,22.06,False
de48c26fdae74181bf94ee9cd7d5f61f,scene-0061,day,traffic cone,movable_object.trafficcone,labelled outline,v80-100,42.4,24.05,23.76,1.69,31.74,25.0,26.14,False
de48c26fdae74181bf94ee9cd7d5f61f,scene-0061,day,traffic cone,movable_object.trafficcone,labelled outline,v80-100,49.8,24.27,23.95,9.14,33.45,22.62,25.8,False
de48c26fdae74181bf94ee9cd7d5f61f,scene-0061,day,traffic cone,movable_object.trafficcone,labelled outline,v40-60,43.8,28.05,27.76,8.69,26.76,24.91,25.12,False
8efbcbcd8e4848eda3f213f562191f2a,scene-0061,day,traffic cone,movable_object.trafficcone,labelled outline,v80-100,62.5,16.53,16.24,2.55,22.02,16.92,17.57,False
8efbcbcd8e4848eda3f213f562191f2a,scene-0061,day,traffic cone,movable_object.trafficcone,labelled outline,v80-100,195.0,5.99,5.69,1.87,6.89,5.5,5.58,False
8efbcbcd8e4848eda3f213f562191f2a,scene-0061,day,traffic cone,movable_object.trafficcone,labelled outline,v80-100,66.1,19.53,19.24,10.08,25.03,18.64,20.48,False
8efbcbcd8e4848eda3f213f562191f2a,scene-0061,day,traffic cone,movable_object.trafficcone,labelled outline,v80-100,46.0,24.91,24.62,10.33,32.88,23.19,25.01,False
8efbcbcd8e4848eda3f213f562191f2a,scene-0061,day,traffic cone,movable_object.trafficcone,labelled outline,v80-100,58.6,22.05,21.73,10.24,28.77,20.19,21.49,False
8efbcbcd8e4848eda3f213f562191f2a,scene-0061,day,traffic cone,movable_object.trafficcone,labelled outline,v80-100,45.4,25.8,25.52,10.26,28.68,23.63,24.42,False
8efbcbcd8e4848eda3f213f562191f2a,scene-0061,day,traffic cone,movable_object.trafficcone,labelled outline,v80-100,37.6,27.84,27.59,9.59,38.15,27.5,29.75,False
8efbcbcd8e4848eda3f213f562191f2a,scene-0061,day,traffic cone,movable_object.trafficcone,labelled outline,v80-100,33.0,32.42,32.13,3.38,40.51,31.65,35.49,False
8efbcbcd8e4848eda3f213f562191f2a,scene-0061,day,traffic cone,movable_object.trafficcone,labelled outline,v80-100,35.0,28.7,28.41,3.15,36.89,30.5,32.02,False
8efbcbcd8e4848eda3f213f562191f2a,scene-0061,day,traffic cone,movable_object.trafficcone,labelled outline,v80-100,87.5,11.85,11.57,2.2,15.79,11.85,12.41,False
8efbcbcd8e4848eda3f213f562191f2a,scene-0061,day,traffic cone,movable_object.trafficcone,labelled outline,v80-100,58.1,20.94,20.59,10.19,28.05,19.25,21.72,False
8efbcbcd8e4848eda3f213f562191f2a,scene-0061,day,traffic cone,movable_object.trafficcone,labelled outline,v80-100,45.1,22.84,22.55,2.88,29.26,23.84,24.73,False
8efbcbcd8e4848eda3f213f562191f2a,scene-0061,day,traffic cone,movable_object.trafficcone,labelled outline,v80-100,54.2,23.18,22.85,10.26,32.99,21.68,24.62,False
8efbcbcd8e4848eda3f213f562191f2a,scene-0061,day,traffic cone,movable_object.trafficcone,labelled outline,v60-80,46.8,26.93,26.64,10.02,30.13,25.04,28.33,False
8efbcbcd8e4848eda3f213f562191f2a,scene-0061,day,traffic cone,movable_object.trafficcone,labelled outline,v60-80,22.7,63.23,62.88,4.75,85.7,73.33,77.95,False
6c8111f474b943f589b4da1e3444c1c0,scene-0061,day,traffic cone,movable_object.trafficcone,labelled outline,v80-100,70.3,15.17,14.87,3.76,19.77,15.01,15.52,False
6c8111f474b943f589b4da1e3444c1c0,scene-0061,day,traffic cone,movable_object.trafficcone,labelled outline,v80-100,177.1,4.77,4.44,2.32,5.9,4.86,5.18,False
6c8111f474b943f589b4da1e3444c1c0,scene-0061,day,traffic cone,movable_object.trafficcone,labelled outline,v80-100,27.0,40.56,40.27,6.86,48.13,40.43,43.01,False
6c8111f474b943f589b4da1e3444c1c0,scene-0061,day,traffic cone,movable_object.trafficcone,labelled outline,v80-100,51.5,23.7,23.41,11.97,26.38,21.09,21.38,False
6c8111f474b943f589b4da1e3444c1c0,scene-0061,day,traffic cone,movable_object.trafficcone,labelled outline,v80-100,41.3,26.55,26.29,11.42,36.05,25.59,27.73,False
6c8111f474b943f589b4da1e3444c1c0,scene-0061,day,traffic cone,movable_object.trafficcone,labelled outline,v80-100,35.1,31.02,30.72,5.72,39.69,29.42,33.39,False
6c8111f474b943f589b4da1e3444c1c0,scene-0061,day,traffic cone,movable_object.trafficcone,labelled outline,v80-100,37.4,27.3,27.01,5.24,33.8,27.94,29.27,False
6c8111f474b943f589b4da1e3444c1c0,scene-0061,day,traffic cone,movable_object.trafficcone,labelled outline,v80-100,103.8,10.5,10.21,3.07,13.02,9.84,10.12,False
6c8111f474b943f589b4da1e3444c1c0,scene-0061,day,traffic cone,movable_object.trafficcone,labelled outline,v60-80,51.8,25.69,25.39,11.84,28.14,23.53,26.14,False
6c8111f474b943f589b4da1e3444c1c0,scene-0061,day,traffic cone,movable_object.trafficcone,labelled outline,v80-100,32.0,36.1,35.8,6.31,44.66,35.99,38.51,False
bf8c213cfaad4861907cd2677dc2dbcd,scene-0061,day,traffic cone,movable_object.trafficcone,labelled outline,v80-100,77.4,14.2,13.9,4.75,18.21,13.89,14.34,False
bf8c213cfaad4861907cd2677dc2dbcd,scene-0061,day,traffic cone,movable_object.trafficcone,labelled outline,v80-100,28.0,39.57,39.27,9.49,44.79,38.52,40.49,False
bf8c213cfaad4861907cd2677dc2dbcd,scene-0061,day,traffic cone,movable_object.trafficcone,labelled outline,v80-100,44.6,25.69,25.43,13.01,31.81,24.26,25.52,False
bf8c213cfaad4861907cd2677dc2dbcd,scene-0061,day,traffic cone,movable_object.trafficcone,labelled outline,v80-100,39.4,26.32,26.03,7.02,32.63,25.99,28.38,False
bf8c213cfaad4861907cd2677dc2dbcd,scene-0061,day,traffic cone,movable_object.trafficcone,labelled outline,v80-100,120.0,9.58,9.28,3.77,11.34,8.61,8.92,False
bf8c213cfaad4861907cd2677dc2dbcd,scene-0061,day,traffic cone,movable_object.trafficcone,labelled outline,v60-80,27.0,68.04,67.65,14.72,88.77,68.94,73.36,False
bf8c213cfaad4861907cd2677dc2dbcd,scene-0061,day,traffic cone,movable_object.trafficcone,labelled outline,v80-100,24.1,64.33,63.97,13.93,84.43,69.09,72.99,False
bf8c213cfaad4861907cd2677dc2dbcd,scene-0061,day,traffic cone,movable_object.trafficcone,labelled outline,v80-100,33.2,35.11,34.81,8.65,43.64,36.09,37.47,False
054c2431ba324912bb4799b9217f5b7b,scene-0103,day,traffic cone,movable_object.trafficcone,labelled outline,v80-100,29.7,33.76,33.59,6.65,37.88,35.22,35.46,False
94449679456646028efd31ec73c6ae47,scene-0103,day,traffic cone,movable_object.trafficcone,labelled outline,v80-100,34.2,29.39,29.21,6.16,30.92,30.11,30.31,False
350b563e0523486391eba9d010337e2d,scene-0103,day,traffic cone,movable_object.trafficcone,labelled outline,v80-100,40.5,25.0,24.82,5.99,25.82,25.26,25.38,False
3d1b68481c894b0c84291b7d923e2e23,scene-0103,day,traffic cone,movable_object.trafficcone,labelled outline,v80-100,49.9,20.74,20.55,6.01,21.27,20.54,20.82,False
579c17cec3f94f0cbb84b8b95590841c,scene-0103,day,traffic cone,movable_object.trafficcone,labelled outline,v80-100,62.7,17.0,16.81,6.0,18.04,16.5,16.59,False
f9b9612d1bec41cf974eb41c202759f7,scene-0103,day,traffic cone,movable_object.trafficcone,labelled outline,v80-100,79.7,13.94,13.75,5.93,15.14,13.29,13.41,False
c6de74ea1ed34b1fa6e084304bfdc184,scene-0103,day,traffic cone,movable_object.trafficcone,labelled outline,v80-100,96.7,12.05,11.85,5.89,12.58,10.89,10.96,False
ae6645e8bf474b65b19a69bf71fe90a3,scene-0103,day,traffic cone,movable_object.trafficcone,labelled outline,v80-100,67.4,18.51,18.26,7.37,16.72,16.35,16.48,False
87723668b00f419ba263ab062d14bd13,scene-0103,day,traffic cone,movable_object.trafficcone,labelled outline,v80-100,88.6,15.07,14.82,7.42,12.87,12.61,12.75,False
d5061556971945c2afc03dbfdc3bc1a6,scene-0103,day,traffic cone,movable_object.trafficcone,labelled outline,v80-100,71.4,16.36,16.14,7.3,16.29,14.95,15.8,False
2d3b48e3840244c7b681cb6e63e2c123,scene-0103,day,traffic cone,movable_object.trafficcone,labelled outline,v80-100,93.4,13.56,13.36,7.27,12.78,11.2,11.32,False
7d017f5a0bda42e0968d127852faac11,scene-0655,day,traffic cone,movable_object.trafficcone,labelled outline,v80-100,45.3,30.98,30.68,10.24,31.56,28.62,29.44,False
7689f1f8b5d5419cab590af0ddc27942,scene-0655,day,traffic cone,movable_object.trafficcone,labelled outline,v80-100,52.7,27.26,26.94,10.04,31.72,25.47,26.21,False
3318c79c35d349fbb576dc709b78ade5,scene-0655,day,traffic cone,movable_object.trafficcone,labelled outline,v80-100,63.5,23.51,23.18,10.05,27.31,21.83,22.63,False
23377008bf0e4963b2f250660894e337,scene-0655,day,traffic cone,movable_object.trafficcone,labelled outline,v80-100,79.8,19.78,19.45,10.03,24.9,18.47,20.05,False
1a91b5a0d17840ac98fcd256523bf9ad,scene-0655,day,traffic cone,movable_object.trafficcone,labelled outline,v80-100,19.3,47.53,47.33,8.51,50.11,49.0,49.5,False
1a91b5a0d17840ac98fcd256523bf9ad,scene-0655,day,traffic cone,movable_object.trafficcone,labelled outline,v80-100,18.5,50.16,49.95,5.37,54.14,54.0,54.06,False
e5237a3e9a6c4f7793b6381fd5c6c4e5,scene-0655,day,traffic cone,movable_object.trafficcone,labelled outline,v80-100,21.0,43.94,43.74,7.99,43.34,42.48,42.95,False
e5237a3e9a6c4f7793b6381fd5c6c4e5,scene-0655,day,traffic cone,movable_object.trafficcone,labelled outline,v80-100,20.0,46.53,46.31,4.83,48.59,47.83,48.23,False
7c5a49ef75ba4c0b8b56146112b55b91,scene-0655,day,traffic cone,movable_object.trafficcone,labelled outline,v80-100,22.6,40.74,40.55,7.59,38.36,37.82,38.04,False
7c5a49ef75ba4c0b8b56146112b55b91,scene-0655,day,traffic cone,movable_object.trafficcone,labelled outline,v80-100,21.5,43.28,43.07,4.4,44.58,44.43,44.5,False
7c5a49ef75ba4c0b8b56146112b55b91,scene-0655,day,traffic cone,movable_object.trafficcone,labelled outline,v80-100,27.2,34.59,34.42,8.88,37.24,35.66,36.14,False
7c5a49ef75ba4c0b8b56146112b55b91,scene-0655,day,traffic cone,movable_object.trafficcone,labelled outline,v80-100,21.3,43.17,42.97,4.93,45.17,44.72,44.85,False
7c5a49ef75ba4c0b8b56146112b55b91,scene-0655,day,traffic cone,movable_object.trafficcone,labelled outline,v80-100,22.9,40.32,40.07,6.77,39.34,38.75,38.9,False
0d6e66783980495e8fad51cec76bb44d,scene-0655,day,traffic cone,movable_object.trafficcone,labelled outline,v80-100,24.6,37.71,37.52,7.29,35.11,34.2,34.59,False
0d6e66783980495e8fad51cec76bb44d,scene-0655,day,traffic cone,movable_object.trafficcone,labelled outline,v80-100,23.2,40.2,39.98,4.09,40.71,40.33,40.52,False
0d6e66783980495e8fad51cec76bb44d,scene-0655,day,traffic cone,movable_object.trafficcone,labelled outline,v80-100,30.1,31.62,31.44,8.66,33.65,32.28,32.48,False
0d6e66783980495e8fad51cec76bb44d,scene-0655,day,traffic cone,movable_object.trafficcone,labelled outline,v80-100,23.0,40.11,39.9,4.6,41.4,41.09,41.15,False
0d6e66783980495e8fad51cec76bb44d,scene-0655,day,traffic cone,movable_object.trafficcone,labelled outline,v80-100,24.9,37.27,37.02,6.47,37.13,35.8,36.43,False
f62878a493ea46e3b60bd312dfac2334,scene-0655,day,traffic cone,movable_object.trafficcone,labelled outline,v80-100,27.0,34.56,34.37,7.17,33.07,32.07,32.46,False
f62878a493ea46e3b60bd312dfac2334,scene-0655,day,traffic cone,movable_object.trafficcone,labelled outline,v80-100,25.3,37.01,36.79,3.96,37.96,37.5,37.8,False
f62878a493ea46e3b60bd312dfac2334,scene-0655,day,traffic cone,movable_object.trafficcone,labelled outline,v80-100,33.6,28.08,27.86,7.25,31.81,28.22,29.05,False
f62878a493ea46e3b60bd312dfac2334,scene-0655,day,traffic cone,movable_object.trafficcone,labelled outline,v80-100,33.7,28.57,28.38,8.58,31.23,27.59,27.75,False
f62878a493ea46e3b60bd312dfac2334,scene-0655,day,traffic cone,movable_object.trafficcone,labelled outline,v80-100,25.2,36.93,36.72,4.46,38.93,38.21,38.51,False
f62878a493ea46e3b60bd312dfac2334,scene-0655,day,traffic cone,movable_object.trafficcone,labelled outline,v80-100,27.3,34.13,33.87,6.35,34.52,33.84,34.06,False
db33b7a532744b56b05413a8323a6b87,scene-0655,day,traffic cone,movable_object.trafficcone,labelled outline,v80-100,30.1,31.25,31.07,7.48,29.63,28.96,29.26,False
db33b7a532744b56b05413a8323a6b87,scene-0655,day,traffic cone,movable_object.trafficcone,labelled outline,v80-100,27.9,33.64,33.43,4.29,34.39,33.33,33.79,False
db33b7a532744b56b05413a8323a6b87,scene-0655,day,traffic cone,movable_object.trafficcone,labelled outline,v80-100,38.5,24.84,24.62,7.48,29.05,25.03,26.11,False
db33b7a532744b56b05413a8323a6b87,scene-0655,day,traffic cone,movable_object.trafficcone,labelled outline,v80-100,38.6,25.38,25.18,8.82,27.9,24.23,24.62,False
db33b7a532744b56b05413a8323a6b87,scene-0655,day,traffic cone,movable_object.trafficcone,labelled outline,v80-100,27.8,33.58,33.37,4.78,34.94,33.68,34.01,False
db33b7a532744b56b05413a8323a6b87,scene-0655,day,traffic cone,movable_object.trafficcone,labelled outline,v80-100,30.5,30.81,30.56,6.65,30.13,29.54,29.65,False
3f09ac5ffc0745eca86d75b5e3db3f49,scene-0655,day,traffic cone,movable_object.trafficcone,labelled outline,v80-100,34.8,27.63,27.45,7.84,26.85,26.22,26.52,False
3f09ac5ffc0745eca86d75b5e3db3f49,scene-0655,day,traffic cone,movable_object.trafficcone,labelled outline,v80-100,31.8,29.9,29.69,4.67,30.77,29.99,30.43,False
3f09ac5ffc0745eca86d75b5e3db3f49,scene-0655,day,traffic cone,movable_object.trafficcone,labelled outline,v80-100,46.4,21.29,21.06,7.75,25.92,20.69,21.04,False
3f09ac5ffc0745eca86d75b5e3db3f49,scene-0655,day,traffic cone,movable_object.trafficcone,labelled outline,v80-100,46.5,21.9,21.7,9.1,22.37,17.76,20.39,False
3f09ac5ffc0745eca86d75b5e3db3f49,scene-0655,day,traffic cone,movable_object.trafficcone,labelled outline,v80-100,46.4,21.66,21.42,8.53,26.04,20.37,20.75,False
3f09ac5ffc0745eca86d75b5e3db3f49,scene-0655,day,traffic cone,movable_object.trafficcone,labelled outline,v80-100,31.6,29.85,29.64,5.18,31.96,30.41,30.84,False
3f09ac5ffc0745eca86d75b5e3db3f49,scene-0655,day,traffic cone,movable_object.trafficcone,labelled outline,v80-100,35.1,27.14,26.89,7.01,27.77,26.9,27.1,False
281af8097e0d404f8a1964b0a87e947b,scene-0655,day,traffic cone,movable_object.trafficcone,labelled outline,v80-100,41.3,23.83,23.64,8.24,22.48,21.78,21.92,False
281af8097e0d404f8a1964b0a87e947b,scene-0655,day,traffic cone,movable_object.trafficcone,labelled outline,v80-100,37.0,25.94,25.73,5.11,25.97,25.21,25.5,False
281af8097e0d404f8a1964b0a87e947b,scene-0655,day,traffic cone,movable_object.trafficcone,labelled outline,v80-100,59.3,17.65,17.42,8.11,17.83,15.97,16.08,False
281af8097e0d404f8a1964b0a87e947b,scene-0655,day,traffic cone,movable_object.trafficcone,labelled outline,v80-100,59.2,17.32,17.09,7.42,18.52,16.01,16.3,False
281af8097e0d404f8a1964b0a87e947b,scene-0655,day,traffic cone,movable_object.trafficcone,labelled outline,v80-100,59.3,18.38,18.16,9.47,17.99,16.25,16.43,False
281af8097e0d404f8a1964b0a87e947b,scene-0655,day,traffic cone,movable_object.trafficcone,labelled outline,v80-100,59.5,17.97,17.73,8.83,19.12,16.35,16.45,False
281af8097e0d404f8a1964b0a87e947b,scene-0655,day,traffic cone,movable_object.trafficcone,labelled outline,v80-100,36.9,25.9,25.68,5.63,26.82,25.43,25.86,False
281af8097e0d404f8a1964b0a87e947b,scene-0655,day,traffic cone,movable_object.trafficcone,labelled outline,v80-100,41.9,23.34,23.09,7.41,23.34,22.16,22.33,False
12e63e9ea8e345509b55ec661a911318,scene-0655,day,traffic cone,movable_object.trafficcone,labelled outline,v80-100,51.2,19.95,19.76,8.45,18.32,17.96,18.05,False
12e63e9ea8e345509b55ec661a911318,scene-0655,day,traffic cone,movable_object.trafficcone,labelled outline,v80-100,44.6,21.8,21.61,5.34,22.48,21.23,21.54,False
12e63e9ea8e345509b55ec661a911318,scene-0655,day,traffic cone,movable_object.trafficcone,labelled outline,v80-100,82.4,13.67,13.42,7.56,16.6,12.44,13.73,False
12e63e9ea8e345509b55ec661a911318,scene-0655,day,traffic cone,movable_object.trafficcone,labelled outline,v80-100,44.5,21.81,21.59,5.86,23.62,21.29,21.7,False
12e63e9ea8e345509b55ec661a911318,scene-0655,day,traffic cone,movable_object.trafficcone,labelled outline,v80-100,52.5,19.39,19.14,7.63,19.31,18.3,18.4,False
092cdc4f4b8c41568ad30f0235556538,scene-0655,day,traffic cone,movable_object.trafficcone,labelled outline,v80-100,67.8,16.21,15.99,8.46,13.85,13.48,13.6,False
092cdc4f4b8c41568ad30f0235556538,scene-0655,day,traffic cone,movable_object.trafficcone,labelled outline,v80-100,56.3,17.66,17.48,5.34,17.97,17.15,17.23,False
092cdc4f4b8c41568ad30f0235556538,scene-0655,day,traffic cone,movable_object.trafficcone,labelled outline,v80-100,41.2,22.87,22.67,3.05,30.26,23.5,24.8,False
092cdc4f4b8c41568ad30f0235556538,scene-0655,day,traffic cone,movable_object.trafficcone,labelled outline,v80-100,35.1,26.33,26.09,3.02,34.26,27.02,29.31,False
092cdc4f4b8c41568ad30f0235556538,scene-0655,day,traffic cone,movable_object.trafficcone,labelled outline,v80-100,56.1,17.72,17.49,5.85,19.37,17.21,17.88,False
092cdc4f4b8c41568ad30f0235556538,scene-0655,day,traffic cone,movable_object.trafficcone,labelled outline,v80-100,70.4,15.55,15.31,7.64,14.13,13.49,13.58,False
078b27dc1d57494887cba9e4e511ddeb,scene-0655,day,traffic cone,movable_object.trafficcone,labelled outline,v80-100,27.1,34.14,33.89,5.72,42.62,34.94,37.45,False
078b27dc1d57494887cba9e4e511ddeb,scene-0655,day,traffic cone,movable_object.trafficcone,labelled outline,v80-100,77.1,13.69,13.52,5.39,13.72,12.76,12.88,False
078b27dc1d57494887cba9e4e511ddeb,scene-0655,day,traffic cone,movable_object.trafficcone,labelled outline,v80-100,50.8,18.68,18.47,3.11,24.38,18.77,19.29,False
078b27dc1d57494887cba9e4e511ddeb,scene-0655,day,traffic cone,movable_object.trafficcone,labelled outline,v80-100,42.0,22.11,21.87,3.06,29.37,21.99,23.71,False
078b27dc1d57494887cba9e4e511ddeb,scene-0655,day,traffic cone,movable_object.trafficcone,labelled outline,v80-100,76.0,13.8,13.56,5.86,14.68,12.55,12.67,False
e4b019462e2f4e39944b5a5a9c349b2d,scene-0655,day,traffic cone,movable_object.trafficcone,labelled outline,v80-100,31.0,30.04,29.79,5.71,37.34,30.34,31.91,False
e4b019462e2f4e39944b5a5a9c349b2d,scene-0655,day,traffic cone,movable_object.trafficcone,labelled outline,v80-100,118.9,10.04,9.84,5.41,8.6,8.46,8.5,False
e4b019462e2f4e39944b5a5a9c349b2d,scene-0655,day,traffic cone,movable_object.trafficcone,labelled outline,v80-100,66.5,14.6,14.39,3.14,18.6,14.41,14.57,False
e4b019462e2f4e39944b5a5a9c349b2d,scene-0655,day,traffic cone,movable_object.trafficcone,labelled outline,v80-100,52.5,17.99,17.75,3.06,23.67,17.62,18.81,False
97a4892cd1bf408f8bd707be081c791c,scene-0655,day,traffic cone,movable_object.trafficcone,labelled outline,v80-100,36.3,25.96,25.71,5.78,33.61,25.45,28.36,False
97a4892cd1bf408f8bd707be081c791c,scene-0655,day,traffic cone,movable_object.trafficcone,labelled outline,v80-100,49.6,18.98,18.73,3.4,23.59,19.01,20.27,False
97a4892cd1bf408f8bd707be081c791c,scene-0655,day,traffic cone,movable_object.trafficcone,labelled outline,v80-100,95.7,10.59,10.36,3.18,13.34,9.95,10.13,False
97a4892cd1bf408f8bd707be081c791c,scene-0655,day,traffic cone,movable_object.trafficcone,labelled outline,v80-100,69.6,13.91,13.66,3.11,18.44,13.71,14.38,False
97a4892cd1bf408f8bd707be081c791c,scene-0655,day,traffic cone,movable_object.trafficcone,labelled outline,v80-100,40.0,23.26,23.01,3.93,30.69,23.38,24.47,False
427ebabc32f24b3f90bc66ea1a13cf01,scene-0655,day,traffic cone,movable_object.trafficcone,labelled outline,v80-100,44.0,21.81,21.56,5.82,27.28,21.08,22.43,False
427ebabc32f24b3f90bc66ea1a13cf01,scene-0655,day,traffic cone,movable_object.trafficcone,labelled outline,v80-100,65.2,14.81,14.57,3.42,18.55,14.51,14.85,False
427ebabc32f24b3f90bc66ea1a13cf01,scene-0655,day,traffic cone,movable_object.trafficcone,labelled outline,v80-100,42.7,22.39,22.19,7.58,26.35,22.1,22.26,False
427ebabc32f24b3f90bc66ea1a13cf01,scene-0655,day,traffic cone,movable_object.trafficcone,labelled outline,v80-100,174.0,6.68,6.44,3.22,6.89,5.6,5.66,False
427ebabc32f24b3f90bc66ea1a13cf01,scene-0655,day,traffic cone,movable_object.trafficcone,labelled outline,v80-100,43.5,22.43,22.24,8.06,28.16,21.88,22.5,False
427ebabc32f24b3f90bc66ea1a13cf01,scene-0655,day,traffic cone,movable_object.trafficcone,labelled outline,v80-100,43.7,22.53,22.33,8.9,28.17,21.76,22.4,False
427ebabc32f24b3f90bc66ea1a13cf01,scene-0655,day,traffic cone,movable_object.trafficcone,labelled outline,v80-100,104.6,9.81,9.56,3.15,12.11,9.18,9.41,False
427ebabc32f24b3f90bc66ea1a13cf01,scene-0655,day,traffic cone,movable_object.trafficcone,labelled outline,v80-100,49.6,19.06,18.82,3.97,24.49,18.55,19.87,False
427ebabc32f24b3f90bc66ea1a13cf01,scene-0655,day,traffic cone,movable_object.trafficcone,labelled outline,v80-100,43.3,22.53,22.34,8.49,27.19,21.53,21.98,False
dd1b722645744b3eb49fdad74b765c4f,scene-0655,day,traffic cone,movable_object.trafficcone,labelled outline,v80-100,56.3,17.57,17.32,5.77,23.11,16.47,19.06,False
dd1b722645744b3eb49fdad74b765c4f,scene-0655,day,traffic cone,movable_object.trafficcone,labelled outline,v80-100,96.7,10.56,10.33,3.4,12.66,10.1,10.21,False
dd1b722645744b3eb49fdad74b765c4f,scene-0655,day,traffic cone,movable_object.trafficcone,labelled outline,v80-100,54.5,18.28,18.07,7.54,21.71,17.74,17.89,False
dd1b722645744b3eb49fdad74b765c4f,scene-0655,day,traffic cone,movable_object.trafficcone,labelled outline,v80-100,55.9,18.38,18.18,8.08,20.74,17.86,18.02,False
dd1b722645744b3eb49fdad74b765c4f,scene-0655,day,traffic cone,movable_object.trafficcone,labelled outline,v80-100,56.2,18.57,18.36,8.91,20.76,17.79,17.97,False
dd1b722645744b3eb49fdad74b765c4f,scene-0655,day,traffic cone,movable_object.trafficcone,labelled outline,v80-100,216.4,5.84,5.59,3.15,6.54,4.92,5.54,False
dd1b722645744b3eb49fdad74b765c4f,scene-0655,day,traffic cone,movable_object.trafficcone,labelled outline,v80-100,66.0,14.76,14.51,3.94,19.68,14.74,15.6,False
dd1b722645744b3eb49fdad74b765c4f,scene-0655,day,traffic cone,movable_object.trafficcone,labelled outline,v80-100,55.4,18.51,18.31,8.47,22.13,17.96,18.17,False
8f4376cb2da3448abf42221512917c4d,scene-0655,day,traffic cone,movable_object.trafficcone,labelled outline,v80-100,75.2,13.9,13.65,5.72,16.83,13.06,13.34,False
8f4376cb2da3448abf42221512917c4d,scene-0655,day,traffic cone,movable_object.trafficcone,labelled outline,v80-100,34.2,32.02,31.81,5.77,43.3,33.25,34.95,False
8f4376cb2da3448abf42221512917c4d,scene-0655,day,traffic cone,movable_object.trafficcone,labelled outline,v80-100,170.8,6.94,6.74,3.42,7.51,6.07,6.14,False
8f4376cb2da3448abf42221512917c4d,scene-0655,day,traffic cone,movable_object.trafficcone,labelled outline,v80-100,72.3,14.78,14.55,7.51,16.22,13.82,13.93,False
8f4376cb2da3448abf42221512917c4d,scene-0655,day,traffic cone,movable_object.trafficcone,labelled outline,v80-100,74.4,14.93,14.71,8.03,15.12,13.7,13.84,False
8f4376cb2da3448abf42221512917c4d,scene-0655,day,traffic cone,movable_object.trafficcone,labelled outline,v80-100,93.7,11.0,10.76,3.89,13.61,10.6,10.7,False
e1a0ecd338d943b790f553972f2c9068,scene-0655,day,traffic cone,movable_object.trafficcone,labelled outline,v80-100,39.9,27.69,27.47,5.64,36.92,28.02,29.43,False
e1a0ecd338d943b790f553972f2c9068,scene-0655,day,traffic cone,movable_object.trafficcone,labelled outline,v80-100,173.4,7.12,6.91,3.9,8.03,6.17,6.77,False
16cd95c28f0642bca8f6f8017c5410d3,scene-0655,day,traffic cone,movable_object.trafficcone,labelled outline,v80-100,48.6,23.01,22.79,5.53,30.29,24.0,24.37,False
16cd95c28f0642bca8f6f8017c5410d3,scene-0655,day,traffic cone,movable_object.trafficcone,labelled outline,v80-100,37.3,25.41,25.18,5.52,33.7,27.1,28.07,False
b79f8bcaf26944f9bbc08c928602a4e0,scene-0655,day,traffic cone,movable_object.trafficcone,labelled outline,v80-100,60.5,18.82,18.59,5.42,25.79,19.45,20.06,False
b79f8bcaf26944f9bbc08c928602a4e0,scene-0655,day,traffic cone,movable_object.trafficcone,labelled outline,v80-100,57.9,16.73,16.5,5.4,20.97,16.83,17.08,False
b79f8bcaf26944f9bbc08c928602a4e0,scene-0655,day,traffic cone,movable_object.trafficcone,labelled outline,v80-100,45.4,21.18,20.94,5.41,27.1,22.3,22.8,False
8140e0d584a448ddac2befd221508790,scene-0655,day,traffic cone,movable_object.trafficcone,labelled outline,v80-100,80.8,14.63,14.39,5.35,18.43,14.38,14.73,False
8140e0d584a448ddac2befd221508790,scene-0655,day,traffic cone,movable_object.trafficcone,labelled outline,v80-100,82.4,12.62,12.4,5.31,14.32,11.92,11.99,False
8140e0d584a448ddac2befd221508790,scene-0655,day,traffic cone,movable_object.trafficcone,labelled outline,v80-100,58.4,16.92,16.67,5.31,20.98,16.81,17.13,False
95a6d6872f9d4d19b7ac55a80943c611,scene-0553,day,barrier,movable_object.barrier,labelled outline,v80-100,23.3,52.66,51.19,2.51,56.39,50.41,52.73,False
ca953b73b68c4855887802390c30d1d2,scene-0553,day,barrier,movable_object.barrier,labelled outline,v80-100,25.0,49.69,48.21,1.91,51.21,48.09,48.79,False
ca953b73b68c4855887802390c30d1d2,scene-0553,day,barrier,movable_object.barrier,labelled outline,v60-80,21.2,67.36,65.9,3.67,62.69,57.4,59.3,False
ca953b73b68c4855887802390c30d1d2,scene-0553,day,barrier,movable_object.barrier,labelled outline,v80-100,23.3,52.66,51.19,2.5,57.58,51.05,53.58,False
03bcdd9ceeb5403880dbea94d82fd645,scene-0553,day,barrier,movable_object.barrier,labelled outline,v80-100,25.0,49.69,48.22,1.91,51.75,48.99,49.61,False
03bcdd9ceeb5403880dbea94d82fd645,scene-0553,day,barrier,movable_object.barrier,labelled outline,v60-80,21.2,67.36,65.9,3.67,63.19,58.05,60.04,False
03bcdd9ceeb5403880dbea94d82fd645,scene-0553,day,barrier,movable_object.barrier,labelled outline,v80-100,23.3,52.66,51.19,2.5,58.14,51.61,54.19,False
03bcdd9ceeb5403880dbea94d82fd645,scene-0553,day,barrier,movable_object.barrier,labelled outline,v80-100,22.7,64.4,62.93,3.48,62.03,57.37,59.08,False
03bcdd9ceeb5403880dbea94d82fd645,scene-0553,day,barrier,movable_object.barrier,labelled outline,v80-100,25.5,61.46,60.0,3.28,60.25,54.61,57.07,False
8c66f270e43e4e49b3636b2ee042f96d,scene-0553,day,barrier,movable_object.barrier,labelled outline,v80-100,25.0,49.69,48.22,1.91,50.9,48.02,48.72,False
8c66f270e43e4e49b3636b2ee042f96d,scene-0553,day,barrier,movable_object.barrier,labelled outline,v60-80,21.2,67.36,65.9,3.67,63.31,57.88,59.95,False
8c66f270e43e4e49b3636b2ee042f96d,scene-0553,day,barrier,movable_object.barrier,labelled outline,v80-100,23.3,52.66,51.19,2.5,58.08,50.93,53.76,False
8c66f270e43e4e49b3636b2ee042f96d,scene-0553,day,barrier,movable_object.barrier,labelled outline,v80-100,22.7,64.4,62.93,3.48,62.1,57.07,58.91,False
8c66f270e43e4e49b3636b2ee042f96d,scene-0553,day,barrier,movable_object.barrier,labelled outline,v80-100,25.5,61.46,60.0,3.28,60.26,53.97,56.8,False
9e3b30e1496741bfa6593673ac3d3b30,scene-0553,day,barrier,movable_object.barrier,labelled outline,v80-100,25.0,49.69,48.22,1.92,51.77,48.85,49.56,False
9e3b30e1496741bfa6593673ac3d3b30,scene-0553,day,barrier,movable_object.barrier,labelled outline,v60-80,21.2,67.36,65.89,3.68,66.32,59.65,61.92,False
9e3b30e1496741bfa6593673ac3d3b30,scene-0553,day,barrier,movable_object.barrier,labelled outline,v80-100,23.3,52.66,51.19,2.51,59.33,51.64,54.21,False
9e3b30e1496741bfa6593673ac3d3b30,scene-0553,day,barrier,movable_object.barrier,labelled outline,v80-100,22.7,64.4,62.93,3.48,64.4,58.12,60.33,False
9e3b30e1496741bfa6593673ac3d3b30,scene-0553,day,barrier,movable_object.barrier,labelled outline,v80-100,25.5,61.46,60.0,3.28,61.77,54.89,57.65,False
9ac08955983e41ea8f4bf16b49bfa79c,scene-0553,day,barrier,movable_object.barrier,labelled outline,v80-100,25.0,49.69,48.22,1.92,51.17,48.67,49.31,False
9ac08955983e41ea8f4bf16b49bfa79c,scene-0553,day,barrier,movable_object.barrier,labelled outline,v60-80,21.2,67.36,65.89,3.67,63.61,57.2,59.61,False
9ac08955983e41ea8f4bf16b49bfa79c,scene-0553,day,barrier,movable_object.barrier,labelled outline,v80-100,23.3,52.66,51.19,2.51,57.54,51.0,53.03,False
9ac08955983e41ea8f4bf16b49bfa79c,scene-0553,day,barrier,movable_object.barrier,labelled outline,v80-100,22.7,64.4,62.93,3.48,62.0,56.38,58.52,False
9ac08955983e41ea8f4bf16b49bfa79c,scene-0553,day,barrier,movable_object.barrier,labelled outline,v80-100,25.5,61.46,60.0,3.28,59.83,53.9,56.13,False
6e76f277e47547bca0e38099ce01da54,scene-0553,day,barrier,movable_object.barrier,labelled outline,v80-100,25.0,49.69,48.22,1.92,49.67,47.18,47.9,False
6e76f277e47547bca0e38099ce01da54,scene-0553,day,barrier,movable_object.barrier,labelled outline,v60-80,21.2,67.36,65.89,3.67,62.52,56.39,58.43,False
6e76f277e47547bca0e38099ce01da54,scene-0553,day,barrier,movable_object.barrier,labelled outline,v80-100,23.3,52.66,51.19,2.51,56.49,49.53,51.76,False
6e76f277e47547bca0e38099ce01da54,scene-0553,day,barrier,movable_object.barrier,labelled outline,v80-100,22.7,64.4,62.93,3.48,61.23,55.8,57.87,False
6e76f277e47547bca0e38099ce01da54,scene-0553,day,barrier,movable_object.barrier,labelled outline,v80-100,25.5,61.46,60.0,3.28,59.13,52.93,55.2,False
85b9d897bc9d4d7094696a5a356b29f0,scene-0553,day,barrier,movable_object.barrier,labelled outline,v80-100,25.0,49.69,48.22,1.92,49.26,46.68,47.31,False
85b9d897bc9d4d7094696a5a356b29f0,scene-0553,day,barrier,movable_object.barrier,labelled outline,v60-80,21.2,67.36,65.89,3.67,64.37,57.68,59.87,False
85b9d897bc9d4d7094696a5a356b29f0,scene-0553,day,barrier,movable_object.barrier,labelled outline,v80-100,23.3,52.66,51.19,2.51,57.65,49.49,52.08,False
85b9d897bc9d4d7094696a5a356b29f0,scene-0553,day,barrier,movable_object.barrier,labelled outline,v80-100,22.7,64.4,62.93,3.48,62.9,56.0,58.8,False
85b9d897bc9d4d7094696a5a356b29f0,scene-0553,day,barrier,movable_object.barrier,labelled outline,v80-100,25.5,61.46,60.0,3.28,60.35,50.78,55.72,False
435543e1321b411ea5c930633e0883d9,scene-0553,day,barrier,movable_object.barrier,labelled outline,v80-100,25.0,49.69,48.22,1.91,15.41,15.34,15.36,False
435543e1321b411ea5c930633e0883d9,scene-0553,day,barrier,movable_object.barrier,labelled outline,v60-80,21.2,67.36,65.89,3.66,15.43,15.37,15.38,False
435543e1321b411ea5c930633e0883d9,scene-0553,day,barrier,movable_object.barrier,labelled outline,v80-100,23.3,52.66,51.19,2.5,15.43,15.34,15.37,False
435543e1321b411ea5c930633e0883d9,scene-0553,day,barrier,movable_object.barrier,labelled outline,v80-100,22.7,64.4,62.93,3.47,15.43,15.34,15.37,False
435543e1321b411ea5c930633e0883d9,scene-0553,day,barrier,movable_object.barrier,labelled outline,v80-100,25.5,61.46,60.0,3.27,15.41,15.34,15.35,False
cf3f00e98842449696a4cb4edb1e1c5e,scene-0553,day,barrier,movable_object.barrier,labelled outline,v80-100,25.0,49.69,48.22,1.92,45.19,43.05,43.57,False
cf3f00e98842449696a4cb4edb1e1c5e,scene-0553,day,barrier,movable_object.barrier,labelled outline,v60-80,21.2,67.36,65.89,3.66,56.18,51.44,53.01,False
cf3f00e98842449696a4cb4edb1e1c5e,scene-0553,day,barrier,movable_object.barrier,labelled outline,v80-100,23.3,52.66,51.19,2.5,51.17,45.46,47.45,False
cf3f00e98842449696a4cb4edb1e1c5e,scene-0553,day,barrier,movable_object.barrier,labelled outline,v80-100,22.7,64.4,62.93,3.47,55.01,50.51,52.12,False
cf3f00e98842449696a4cb4edb1e1c5e,scene-0553,day,barrier,movable_object.barrier,labelled outline,v80-100,25.5,61.46,60.0,3.27,53.55,47.93,50.42,False
c7f783fe8173446383bfbbb7a783517f,scene-0553,day,barrier,movable_object.barrier,labelled outline,v80-100,25.0,49.69,48.22,1.92,18.54,18.52,18.52,False
c7f783fe8173446383bfbbb7a783517f,scene-0553,day,barrier,movable_object.barrier,labelled outline,v60-80,21.2,67.36,65.89,3.67,18.54,18.51,18.51,False
c7f783fe8173446383bfbbb7a783517f,scene-0553,day,barrier,movable_object.barrier,labelled outline,v80-100,23.3,52.66,51.19,2.51,18.53,18.51,18.52,False
c7f783fe8173446383bfbbb7a783517f,scene-0553,day,barrier,movable_object.barrier,labelled outline,v80-100,22.7,64.4,62.93,3.48,18.54,18.51,18.51,False
c7f783fe8173446383bfbbb7a783517f,scene-0553,day,barrier,movable_object.barrier,labelled outline,v80-100,25.5,61.46,60.0,3.28,18.54,18.51,18.51,False
a409449573af464c9cd6775837c45967,scene-0553,day,barrier,movable_object.barrier,labelled outline,v80-100,25.0,49.69,48.22,1.92,15.46,15.44,15.44,False
a409449573af464c9cd6775837c45967,scene-0553,day,barrier,movable_object.barrier,labelled outline,v60-80,21.2,67.36,65.89,3.66,15.46,15.44,15.46,False
a409449573af464c9cd6775837c45967,scene-0553,day,barrier,movable_object.barrier,labelled outline,v80-100,23.3,52.66,51.19,2.5,15.46,15.44,15.44,False
a409449573af464c9cd6775837c45967,scene-0553,day,barrier,movable_object.barrier,labelled outline,v80-100,22.7,64.4,62.93,3.47,15.46,15.44,15.46,False
a409449573af464c9cd6775837c45967,scene-0553,day,barrier,movable_object.barrier,labelled outline,v80-100,25.5,61.46,60.0,3.27,15.46,15.44,15.46,False
45d02c618f34449bb7587ff6caf120ae,scene-0553,day,barrier,movable_object.barrier,labelled outline,v80-100,25.0,49.69,48.22,1.92,15.14,15.14,15.14,False
45d02c618f34449bb7587ff6caf120ae,scene-0553,day,barrier,movable_object.barrier,labelled outline,v60-80,21.2,67.36,65.89,3.67,15.14,15.13,15.13,False
45d02c618f34449bb7587ff6caf120ae,scene-0553,day,barrier,movable_object.barrier,labelled outline,v80-100,23.3,52.66,51.19,2.51,15.14,15.13,15.14,False
45d02c618f34449bb7587ff6caf120ae,scene-0553,day,barrier,movable_object.barrier,labelled outline,v80-100,22.7,64.4,62.93,3.48,15.14,15.13,15.13,False
45d02c618f34449bb7587ff6caf120ae,scene-0553,day,barrier,movable_object.barrier,labelled outline,v80-100,25.5,61.46,60.0,3.28,15.14,15.13,15.13,False
3fb6c2eacb2e4361bb5d5aa092c4ff8f,scene-0553,day,barrier,movable_object.barrier,labelled outline,v80-100,25.0,49.7,48.23,1.92,49.78,46.79,47.45,False
3fb6c2eacb2e4361bb5d5aa092c4ff8f,scene-0553,day,barrier,movable_object.barrier,labelled outline,v60-80,21.2,67.36,65.89,3.67,66.36,58.94,61.32,False
3fb6c2eacb2e4361bb5d5aa092c4ff8f,scene-0553,day,barrier,movable_object.barrier,labelled outline,v80-100,23.3,52.66,51.19,2.51,59.24,49.67,53.34,False
3fb6c2eacb2e4361bb5d5aa092c4ff8f,scene-0553,day,barrier,movable_object.barrier,labelled outline,v80-100,22.7,64.4,62.93,3.48,64.84,57.22,60.18,False
3fb6c2eacb2e4361bb5d5aa092c4ff8f,scene-0553,day,barrier,movable_object.barrier,labelled outline,v80-100,25.5,61.46,60.0,3.28,61.92,52.16,57.06,False
c8fc91d460cb4ef39117982e0a20804d,scene-0553,day,barrier,movable_object.barrier,labelled outline,v80-100,25.0,49.7,48.23,1.92,19.7,19.63,19.66,False
c8fc91d460cb4ef39117982e0a20804d,scene-0553,day,barrier,movable_object.barrier,labelled outline,v60-80,21.2,67.36,65.89,3.67,19.74,19.66,19.67,False
c8fc91d460cb4ef39117982e0a20804d,scene-0553,day,barrier,movable_object.barrier,labelled outline,v80-100,23.3,52.66,51.19,2.51,19.7,19.63,19.66,False
c8fc91d460cb4ef39117982e0a20804d,scene-0553,day,barrier,movable_object.barrier,labelled outline,v80-100,22.7,64.4,62.93,3.48,19.73,19.66,19.66,False
c8fc91d460cb4ef39117982e0a20804d,scene-0553,day,barrier,movable_object.barrier,labelled outline,v80-100,25.5,61.46,60.0,3.28,19.7,19.62,19.66,False
23e08a928077488685ab3138f3e4164f,scene-0553,day,barrier,movable_object.barrier,labelled outline,v80-100,25.0,49.7,48.23,1.92,20.13,20.02,20.06,False
23e08a928077488685ab3138f3e4164f,scene-0553,day,barrier,movable_object.barrier,labelled outline,v60-80,21.2,67.36,65.89,3.66,62.85,49.88,55.08,False
23e08a928077488685ab3138f3e4164f,scene-0553,day,barrier,movable_object.barrier,labelled outline,v80-100,23.3,52.66,51.19,2.5,48.6,20.09,20.19,False
23e08a928077488685ab3138f3e4164f,scene-0553,day,barrier,movable_object.barrier,labelled outline,v80-100,22.7,64.4,62.93,3.47,61.75,47.91,53.44,False
23e08a928077488685ab3138f3e4164f,scene-0553,day,barrier,movable_object.barrier,labelled outline,v80-100,25.5,61.46,60.0,3.27,57.19,23.95,46.02,False
f8ec648a57f24d988bd07305abf8b77f,scene-0553,day,barrier,movable_object.barrier,labelled outline,v80-100,25.0,49.7,48.23,1.92,50.56,47.55,48.21,False
f8ec648a57f24d988bd07305abf8b77f,scene-0553,day,barrier,movable_object.barrier,labelled outline,v60-80,21.2,67.36,65.89,3.67,64.26,58.51,60.76,False
f8ec648a57f24d988bd07305abf8b77f,scene-0553,day,barrier,movable_object.barrier,labelled outline,v80-100,23.3,52.66,51.19,2.51,59.57,50.52,54.07,False
f8ec648a57f24d988bd07305abf8b77f,scene-0553,day,barrier,movable_object.barrier,labelled outline,v80-100,22.7,64.4,62.93,3.48,63.56,57.65,60.18,False
f8ec648a57f24d988bd07305abf8b77f,scene-0553,day,barrier,movable_object.barrier,labelled outline,v80-100,25.5,61.46,60.0,3.28,61.38,52.43,57.27,False
36287d40e88a4ac9bb64cf4e8c166d1f,scene-0553,day,barrier,movable_object.barrier,labelled outline,v80-100,25.0,49.7,48.23,1.93,49.66,46.55,47.25,False
36287d40e88a4ac9bb64cf4e8c166d1f,scene-0553,day,barrier,movable_object.barrier,labelled outline,v60-80,21.2,67.36,65.89,3.67,63.4,57.41,59.67,False
36287d40e88a4ac9bb64cf4e8c166d1f,scene-0553,day,barrier,movable_object.barrier,labelled outline,v80-100,23.3,52.66,51.19,2.51,58.15,49.3,52.48,False
36287d40e88a4ac9bb64cf4e8c166d1f,scene-0553,day,barrier,movable_object.barrier,labelled outline,v80-100,22.7,64.4,62.93,3.48,62.42,56.05,58.6,False
36287d40e88a4ac9bb64cf4e8c166d1f,scene-0553,day,barrier,movable_object.barrier,labelled outline,v80-100,25.5,61.46,60.0,3.28,60.11,51.84,55.53,False
29cfc6babdba4e7ebad782f6d551033f,scene-0553,day,barrier,movable_object.barrier,labelled outline,v80-100,25.0,49.7,48.23,1.92,19.87,19.85,19.86,False
29cfc6babdba4e7ebad782f6d551033f,scene-0553,day,barrier,movable_object.barrier,labelled outline,v60-80,21.2,67.36,65.89,3.67,19.9,19.85,19.86,False
29cfc6babdba4e7ebad782f6d551033f,scene-0553,day,barrier,movable_object.barrier,labelled outline,v80-100,23.3,52.66,51.19,2.51,19.9,19.85,19.86,False
29cfc6babdba4e7ebad782f6d551033f,scene-0553,day,barrier,movable_object.barrier,labelled outline,v80-100,22.7,64.4,62.93,3.48,19.9,19.85,19.86,False
29cfc6babdba4e7ebad782f6d551033f,scene-0553,day,barrier,movable_object.barrier,labelled outline,v80-100,25.5,61.46,60.0,3.28,19.89,19.85,19.85,False
5479effa00bf4d01b96e1ec77065c977,scene-0553,day,barrier,movable_object.barrier,labelled outline,v80-100,25.0,49.7,48.23,1.93,49.94,46.46,47.42,False
5479effa00bf4d01b96e1ec77065c977,scene-0553,day,barrier,movable_object.barrier,labelled outline,v60-80,21.2,67.36,65.89,3.68,67.08,58.49,62.23,False
5479effa00bf4d01b96e1ec77065c977,scene-0553,day,barrier,movable_object.barrier,labelled outline,v80-100,23.3,52.66,51.19,2.51,62.1,49.88,54.32,False
5479effa00bf4d01b96e1ec77065c977,scene-0553,day,barrier,movable_object.barrier,labelled outline,v80-100,22.7,64.4,62.93,3.48,65.58,55.83,60.12,False
5479effa00bf4d01b96e1ec77065c977,scene-0553,day,barrier,movable_object.barrier,labelled outline,v80-100,25.5,61.46,60.0,3.28,63.41,49.45,55.95,False
836281904290463cafe2059d05d2b474,scene-0553,day,barrier,movable_object.barrier,labelled outline,v80-100,25.0,49.7,48.23,1.93,47.34,44.73,45.46,False
836281904290463cafe2059d05d2b474,scene-0553,day,barrier,movable_object.barrier,labelled outline,v60-80,21.2,67.36,65.9,3.67,57.8,52.59,54.9,False
836281904290463cafe2059d05d2b474,scene-0553,day,barrier,movable_object.barrier,labelled outline,v80-100,23.3,52.66,51.19,2.51,54.41,46.93,49.19,False
836281904290463cafe2059d05d2b474,scene-0553,day,barrier,movable_object.barrier,labelled outline,v80-100,22.7,64.4,62.93,3.48,57.39,51.97,54.15,False
836281904290463cafe2059d05d2b474,scene-0553,day,barrier,movable_object.barrier,labelled outline,v80-100,25.5,61.46,60.0,3.28,55.72,48.38,51.65,False
defde01fa5594f18b24be8fe68e6f2c4,scene-0553,day,barrier,movable_object.barrier,labelled outline,v80-100,25.0,49.7,48.23,1.93,35.04,6.71,6.73,False
defde01fa5594f18b24be8fe68e6f2c4,scene-0553,day,barrier,movable_object.barrier,labelled outline,v60-80,21.2,67.36,65.9,3.67,64.26,53.17,57.6,False
defde01fa5594f18b24be8fe68e6f2c4,scene-0553,day,barrier,movable_object.barrier,labelled outline,v80-100,23.3,52.65,51.19,2.51,61.05,47.94,53.22,False
defde01fa5594f18b24be8fe68e6f2c4,scene-0553,day,barrier,movable_object.barrier,labelled outline,v80-100,22.7,64.4,62.93,3.48,62.87,50.84,55.7,False
defde01fa5594f18b24be8fe68e6f2c4,scene-0553,day,barrier,movable_object.barrier,labelled outline,v80-100,25.5,61.46,60.0,3.28,59.87,46.62,51.07,False
6e8383a5f5ba4334b4cb40e0663acdaa,scene-0553,day,barrier,movable_object.barrier,labelled outline,v80-100,25.0,49.7,48.23,1.93,41.09,40.22,40.41,False
6e8383a5f5ba4334b4cb40e0663acdaa,scene-0553,day,barrier,movable_object.barrier,labelled outline,v60-80,21.2,67.36,65.9,3.67,44.15,41.43,42.45,False
6e8383a5f5ba4334b4cb40e0663acdaa,scene-0553,day,barrier,movable_object.barrier,labelled outline,v80-100,23.3,52.65,51.19,2.51,42.64,40.6,41.21,False
6e8383a5f5ba4334b4cb40e0663acdaa,scene-0553,day,barrier,movable_object.barrier,labelled outline,v80-100,22.7,64.4,62.93,3.47,43.7,41.17,42.21,False
6e8383a5f5ba4334b4cb40e0663acdaa,scene-0553,day,barrier,movable_object.barrier,labelled outline,v80-100,25.5,61.46,60.0,3.28,42.92,23.78,41.22,False
7b90568403b64fba883c052427b76f24,scene-0553,day,barrier,movable_object.barrier,labelled outline,v80-100,25.0,49.7,48.23,1.93,8.19,8.11,8.15,False
7b90568403b64fba883c052427b76f24,scene-0553,day,barrier,movable_object.barrier,labelled outline,v60-80,21.2,67.36,65.9,3.67,23.01,8.18,8.22,False
7b90568403b64fba883c052427b76f24,scene-0553,day,barrier,movable_object.barrier,labelled outline,v80-100,23.3,52.65,51.19,2.51,8.22,8.16,8.19,False
7b90568403b64fba883c052427b76f24,scene-0553,day,barrier,movable_object.barrier,labelled outline,v80-100,22.7,64.4,62.93,3.48,11.97,8.18,8.2,False
7b90568403b64fba883c052427b76f24,scene-0553,day,barrier,movable_object.barrier,labelled outline,v80-100,25.5,61.46,60.0,3.28,8.28,8.17,8.19,False
be0d41d37aac4b3c9771e1bafe72ff41,scene-0553,day,barrier,movable_object.barrier,labelled outline,v80-100,25.0,49.71,48.23,1.93,46.31,43.81,44.62,False
be0d41d37aac4b3c9771e1bafe72ff41,scene-0553,day,barrier,movable_object.barrier,labelled outline,v60-80,21.2,67.36,65.9,3.66,53.12,49.69,51.38,False
be0d41d37aac4b3c9771e1bafe72ff41,scene-0553,day,barrier,movable_object.barrier,labelled outline,v80-100,23.3,52.65,51.19,2.51,50.56,46.11,47.51,False
be0d41d37aac4b3c9771e1bafe72ff41,scene-0553,day,barrier,movable_object.barrier,labelled outline,v80-100,22.7,64.4,62.93,3.47,52.78,49.38,50.91,False
be0d41d37aac4b3c9771e1bafe72ff41,scene-0553,day,barrier,movable_object.barrier,labelled outline,v80-100,25.5,61.46,60.0,3.27,51.72,47.28,49.14,False
c218bb82f11c47bc864e72a3e26db2c9,scene-0553,day,barrier,movable_object.barrier,labelled outline,v80-100,25.0,49.71,48.24,1.92,50.12,47.69,48.36,False
c218bb82f11c47bc864e72a3e26db2c9,scene-0553,day,barrier,movable_object.barrier,labelled outline,v60-80,21.2,67.36,65.9,3.66,58.91,56.1,57.18,False
c218bb82f11c47bc864e72a3e26db2c9,scene-0553,day,barrier,movable_object.barrier,labelled outline,v80-100,23.3,52.65,51.19,2.5,56.67,49.8,52.78,False
c218bb82f11c47bc864e72a3e26db2c9,scene-0553,day,barrier,movable_object.barrier,labelled outline,v80-100,25.5,61.46,60.0,3.27,57.55,52.67,55.49,False
706bc4ecedb1483485dd25b2cdb79b1e,scene-0553,day,barrier,movable_object.barrier,labelled outline,v80-100,25.0,49.71,48.24,1.93,48.81,46.31,46.98,False
706bc4ecedb1483485dd25b2cdb79b1e,scene-0553,day,barrier,movable_object.barrier,labelled outline,v60-80,21.2,67.36,65.9,3.66,62.88,55.97,58.72,False
706bc4ecedb1483485dd25b2cdb79b1e,scene-0553,day,barrier,movable_object.barrier,labelled outline,v80-100,23.3,52.66,51.19,2.51,58.62,48.07,50.61,False
706bc4ecedb1483485dd25b2cdb79b1e,scene-0553,day,barrier,movable_object.barrier,labelled outline,v80-100,25.5,61.46,60.0,3.28,59.92,50.78,54.32,False
63f667397e55468ea55cec6ca099d5e8,scene-0553,day,barrier,movable_object.barrier,labelled outline,v80-100,25.0,49.71,48.24,1.93,38.79,8.44,8.49,False
63f667397e55468ea55cec6ca099d5e8,scene-0553,day,barrier,movable_object.barrier,labelled outline,v60-80,21.2,67.36,65.9,3.67,8.44,8.38,8.41,False
63f667397e55468ea55cec6ca099d5e8,scene-0553,day,barrier,movable_object.barrier,labelled outline,v80-100,23.3,52.66,51.19,2.51,8.47,8.39,8.43,False
63f667397e55468ea55cec6ca099d5e8,scene-0553,day,barrier,movable_object.barrier,labelled outline,v80-100,25.5,61.46,60.0,3.28,8.43,8.35,8.38,False
5a997f9d82874cc99e166b81c4cda2ad,scene-0553,day,barrier,movable_object.barrier,labelled outline,v80-100,25.0,49.71,48.24,1.93,18.63,18.56,18.61,False
5a997f9d82874cc99e166b81c4cda2ad,scene-0553,day,barrier,movable_object.barrier,labelled outline,v60-80,21.2,67.36,65.89,3.66,18.8,18.71,18.76,False
5a997f9d82874cc99e166b81c4cda2ad,scene-0553,day,barrier,movable_object.barrier,labelled outline,v80-100,23.3,52.66,51.19,2.51,18.73,18.62,18.65,False
5a997f9d82874cc99e166b81c4cda2ad,scene-0553,day,barrier,movable_object.barrier,labelled outline,v80-100,25.5,61.46,60.0,3.27,18.76,18.69,18.72,False
b379e0c083e349d9b3eda2b1f817535d,scene-0553,day,barrier,movable_object.barrier,labelled outline,v80-100,25.0,49.71,48.24,1.93,45.95,42.93,43.61,False
b379e0c083e349d9b3eda2b1f817535d,scene-0553,day,barrier,movable_object.barrier,labelled outline,v60-80,21.2,67.36,65.89,3.67,52.92,49.63,50.87,False
b379e0c083e349d9b3eda2b1f817535d,scene-0553,day,barrier,movable_object.barrier,labelled outline,v80-100,23.3,52.66,51.19,2.51,50.63,45.6,47.8,False
b379e0c083e349d9b3eda2b1f817535d,scene-0553,day,barrier,movable_object.barrier,labelled outline,v80-100,25.5,61.46,60.0,3.28,51.37,46.48,49.03,False
b71a3ed2e4cc4c3b9add0925bcefe743,scene-0553,day,barrier,movable_object.barrier,labelled outline,v80-100,25.0,49.71,48.24,1.93,6.56,6.51,6.53,False
b71a3ed2e4cc4c3b9add0925bcefe743,scene-0553,day,barrier,movable_object.barrier,labelled outline,v60-80,21.2,67.36,65.89,3.66,6.68,6.62,6.65,False
b71a3ed2e4cc4c3b9add0925bcefe743,scene-0553,day,barrier,movable_object.barrier,labelled outline,v80-100,23.3,52.66,51.19,2.51,6.62,6.55,6.58,False
b71a3ed2e4cc4c3b9add0925bcefe743,scene-0553,day,barrier,movable_object.barrier,labelled outline,v80-100,25.5,61.46,60.0,3.27,6.66,6.59,6.62,False
8b448769529640509f5481de4976963e,scene-0553,day,barrier,movable_object.barrier,labelled outline,v80-100,25.0,49.71,48.24,1.93,47.16,44.5,44.93,False
8b448769529640509f5481de4976963e,scene-0553,day,barrier,movable_object.barrier,labelled outline,v60-80,21.2,67.36,65.89,3.66,54.65,51.39,52.6,False
8b448769529640509f5481de4976963e,scene-0553,day,barrier,movable_object.barrier,labelled outline,v80-100,23.3,52.65,51.19,2.5,52.18,47.32,49.42,False
8b448769529640509f5481de4976963e,scene-0553,day,barrier,movable_object.barrier,labelled outline,v80-100,25.5,61.46,60.0,3.27,53.01,48.65,50.79,False
549a0000f3a545239b5c6142fab2d9f2,scene-0553,day,barrier,movable_object.barrier,labelled outline,v80-100,25.0,49.71,48.24,1.93,48.5,44.66,45.36,False
549a0000f3a545239b5c6142fab2d9f2,scene-0553,day,barrier,movable_object.barrier,labelled outline,v60-80,21.2,67.36,65.89,3.66,61.04,54.83,57.01,False
549a0000f3a545239b5c6142fab2d9f2,scene-0553,day,barrier,movable_object.barrier,labelled outline,v80-100,23.3,52.65,51.19,2.51,56.34,48.15,51.32,False
549a0000f3a545239b5c6142fab2d9f2,scene-0553,day,barrier,movable_object.barrier,labelled outline,v80-100,25.5,61.46,60.0,3.27,58.03,50.41,53.68,False
28e5177a5fc44a4aa8e813306e614927,scene-0553,day,barrier,movable_object.barrier,labelled outline,v80-100,25.0,49.71,48.24,1.93,52.31,48.3,48.92,False
28e5177a5fc44a4aa8e813306e614927,scene-0553,day,barrier,movable_object.barrier,labelled outline,v60-80,21.2,67.36,65.89,3.66,64.2,58.58,60.64,False
28e5177a5fc44a4aa8e813306e614927,scene-0553,day,barrier,movable_object.barrier,labelled outline,v80-100,23.3,52.65,51.19,2.51,59.88,52.25,55.36,False
28e5177a5fc44a4aa8e813306e614927,scene-0553,day,barrier,movable_object.barrier,labelled outline,v80-100,25.5,61.46,60.0,3.27,61.34,53.88,57.54,False
358ec472650f42d4b6c27686ee2e0d39,scene-0553,day,barrier,movable_object.barrier,labelled outline,v80-100,25.0,49.71,48.24,1.94,51.93,47.55,48.17,False
358ec472650f42d4b6c27686ee2e0d39,scene-0553,day,barrier,movable_object.barrier,labelled outline,v60-80,21.2,67.36,65.89,3.67,62.44,57.63,59.37,False
358ec472650f42d4b6c27686ee2e0d39,scene-0553,day,barrier,movable_object.barrier,labelled outline,v80-100,23.3,52.65,51.19,2.51,58.57,51.61,54.79,False
358ec472650f42d4b6c27686ee2e0d39,scene-0553,day,barrier,movable_object.barrier,labelled outline,v80-100,25.5,61.46,60.0,3.28,59.91,53.46,56.75,False
7036599cb4d44e9d98c2cfad3332c4f6,scene-0553,day,barrier,movable_object.barrier,labelled outline,v80-100,25.0,49.71,48.24,1.94,49.72,46.87,47.3,False
7036599cb4d44e9d98c2cfad3332c4f6,scene-0553,day,barrier,movable_object.barrier,labelled outline,v60-80,21.2,67.36,65.89,3.66,59.74,55.63,57.11,False
7036599cb4d44e9d98c2cfad3332c4f6,scene-0553,day,barrier,movable_object.barrier,labelled outline,v80-100,23.3,52.65,51.19,2.51,56.23,49.26,52.45,False
7036599cb4d44e9d98c2cfad3332c4f6,scene-0553,day,barrier,movable_object.barrier,labelled outline,v80-100,25.5,61.46,60.0,3.27,57.45,52.32,54.83,False
cd8a6fbb4c0a42138792b0b3515b363b,scene-0553,day,barrier,movable_object.barrier,labelled outline,v80-100,25.0,49.72,48.24,1.93,49.46,45.72,46.31,False
cd8a6fbb4c0a42138792b0b3515b363b,scene-0553,day,barrier,movable_object.barrier,labelled outline,v60-80,21.2,67.36,65.89,3.66,59.23,55.36,56.66,False
cd8a6fbb4c0a42138792b0b3515b363b,scene-0553,day,barrier,movable_object.barrier,labelled outline,v80-100,23.3,52.65,51.19,2.5,56.15,49.29,52.55,False
cd8a6fbb4c0a42138792b0b3515b363b,scene-0553,day,barrier,movable_object.barrier,labelled outline,v80-100,25.5,61.46,60.0,3.27,57.07,51.61,54.49,False
0839e821f0794b05a0f0dc6cce034265,scene-0553,day,barrier,movable_object.barrier,labelled outline,v80-100,25.0,49.72,48.25,1.93,48.28,45.44,45.91,False
0839e821f0794b05a0f0dc6cce034265,scene-0553,day,barrier,movable_object.barrier,labelled outline,v60-80,21.2,67.36,65.89,3.65,57.66,53.75,55.19,False
0839e821f0794b05a0f0dc6cce034265,scene-0553,day,barrier,movable_object.barrier,labelled outline,v80-100,23.3,52.65,51.19,2.5,54.3,47.94,50.78,False
0839e821f0794b05a0f0dc6cce034265,scene-0553,day,barrier,movable_object.barrier,labelled outline,v80-100,25.5,61.46,60.0,3.27,55.56,50.68,53.01,False
1f9771d7882744aba57113fd8b40e294,scene-0553,day,barrier,movable_object.barrier,labelled outline,v80-100,25.0,49.72,48.25,1.93,48.36,45.59,46.06,False
1f9771d7882744aba57113fd8b40e294,scene-0553,day,barrier,movable_object.barrier,labelled outline,v60-80,21.2,67.36,65.89,3.66,58.89,54.75,56.17,False
1f9771d7882744aba57113fd8b40e294,scene-0553,day,barrier,movable_object.barrier,labelled outline,v80-100,23.3,52.65,51.19,2.5,55.23,48.1,51.34,False
1f9771d7882744aba57113fd8b40e294,scene-0553,day,barrier,movable_object.barrier,labelled outline,v80-100,25.5,61.46,60.0,3.27,56.71,51.18,53.76,False
aeae6f7b9b154cae9dfbd64705a4e540,scene-0553,day,barrier,movable_object.barrier,labelled outline,v80-100,25.0,49.72,48.25,1.94,49.52,45.54,46.13,False
aeae6f7b9b154cae9dfbd64705a4e540,scene-0553,day,barrier,movable_object.barrier,labelled outline,v60-80,21.2,67.36,65.89,3.66,60.6,55.76,57.52,False
aeae6f7b9b154cae9dfbd64705a4e540,scene-0553,day,barrier,movable_object.barrier,labelled outline,v80-100,23.3,52.65,51.19,2.5,56.67,49.37,52.54,False
aeae6f7b9b154cae9dfbd64705a4e540,scene-0553,day,barrier,movable_object.barrier,labelled outline,v80-100,25.5,61.46,60.0,3.27,58.02,51.7,54.81,False
bd0ce9c48550446fa13676c7703a70c1,scene-0553,day,barrier,movable_object.barrier,labelled outline,v80-100,25.0,49.72,48.25,1.94,50.51,46.49,47.05,False
bd0ce9c48550446fa13676c7703a70c1,scene-0553,day,barrier,movable_object.barrier,labelled outline,v60-80,21.2,67.36,65.89,3.66,62.16,56.96,58.88,False
bd0ce9c48550446fa13676c7703a70c1,scene-0553,day,barrier,movable_object.barrier,labelled outline,v80-100,23.3,52.65,51.19,2.51,57.99,50.6,53.93,False
bd0ce9c48550446fa13676c7703a70c1,scene-0553,day,barrier,movable_object.barrier,labelled outline,v80-100,25.5,61.46,60.0,3.27,59.45,52.21,55.96,False
b04ad7e3c86d47fc98dba25595b2327e,scene-0757,day,traffic cone,movable_object.trafficcone,labelled outline,v80-100,153.9,10.43,10.09,2.35,10.22,9.57,9.63,False
9ce08dbf60bb4b22a952e11f56504292,scene-0757,day,traffic cone,movable_object.trafficcone,labelled outline,v80-100,210.9,7.94,7.62,2.03,7.5,7.11,7.18,False
f921ab741862402aa867b4cd7ceb3d40,scene-0757,day,traffic cone,movable_object.trafficcone,labelled outline,v80-100,330.9,5.52,5.16,1.84,5.12,4.72,4.78,False
941df6343d944a659e16b892e023931c,scene-1077,night,barrier,movable_object.barrier,labelled outline,v80-100,21.5,56.01,54.86,2.67,45.77,42.24,43.5,False
a534bc510aba4393bc620e7c8121b69c,scene-1077,night,barrier,movable_object.barrier,labelled outline,v80-100,24.5,49.69,48.55,2.55,46.85,41.87,43.71,False
e37de16d519e4af6beaba685eae05a57,scene-1077,night,barrier,movable_object.barrier,labelled outline,v80-100,28.2,43.34,42.2,2.79,40.22,34.94,36.75,False
f9c324a0d723415e92f7503ced9a7389,scene-1077,night,barrier,movable_object.barrier,labelled outline,v80-100,33.2,36.91,35.76,2.88,33.11,28.98,30.05,False
54e94f89fb124c32940a224c196a49c0,scene-1077,night,barrier,movable_object.barrier,labelled outline,v80-100,40.0,31.1,29.96,2.95,31.98,27.86,29.6,False
7d10c94f6a104fc0882fe126533d31e3,scene-1077,night,barrier,movable_object.barrier,labelled outline,v80-100,51.5,24.61,23.46,2.94,23.8,22.55,22.99,False
1636a50b7f3b403e899910eea8ce2e23,scene-1077,night,barrier,movable_object.barrier,labelled outline,v80-100,73.3,17.96,16.8,2.98,17.98,16.7,17.15,False
efc0530010574686a81ea923e2a77955,scene-1077,night,barrier,movable_object.barrier,labelled outline,v80-100,128.4,11.26,10.12,2.95,10.35,9.65,9.87,False
d80d00fe8aa444b7b04ae588b5e55ea0,scene-1077,night,barrier,movable_object.barrier,labelled outline,v80-100,345.5,5.08,4.19,2.9,6.83,5.07,5.92,False
2edd8a4e2b484a22b0ec566f2f2e9b95,scene-1077,night,barrier,movable_object.barrier,labelled outline,v80-100,55.4,26.12,25.11,8.39,29.45,27.26,28.72,False
341e20164fcb47cbb22332a47013bdb6,scene-1077,night,barrier,movable_object.barrier,labelled outline,v40-60,63.2,23.77,22.7,9.25,20.24,18.77,19.25,False
341e20164fcb47cbb22332a47013bdb6,scene-1077,night,barrier,movable_object.barrier,labelled outline,v80-100,80.6,19.26,18.29,8.27,17.3,16.35,16.74,False
1a73ab0790a0423bbd317c10bebf7f23,scene-1077,night,barrier,movable_object.barrier,labelled outline,v60-80,96.5,17.31,16.27,9.13,13.24,12.72,12.91,False
1a73ab0790a0423bbd317c10bebf7f23,scene-1077,night,barrier,movable_object.barrier,labelled outline,v80-100,25.8,49.86,49.44,8.34,47.3,46.84,46.97,False
2e63eb8c6e91493292396908c1257f31,scene-1077,night,barrier,movable_object.barrier,labelled outline,v80-100,30.6,42.62,42.24,8.24,42.65,42.33,42.43,False
9c46f52aa0674d528647cd892968f78b,scene-1077,night,barrier,movable_object.barrier,labelled outline,v80-100,36.7,35.4,35.08,8.06,36.79,36.46,36.56,False
f0a02178f2f5410f91c903bf632ee296,scene-1077,night,barrier,movable_object.barrier,labelled outline,v80-100,46.3,28.37,28.11,8.04,28.63,27.93,28.07,False
1402826678e143fdbe22da3080dd36d8,scene-1077,night,barrier,movable_object.barrier,labelled outline,v80-100,67.5,20.88,20.53,8.05,17.84,17.39,17.51,False
2d35f62a9daf41a18c15c7a946b0d141,scene-1077,night,barrier,movable_object.barrier,labelled outline,v80-100,108.4,15.4,14.43,8.19,13.6,13.18,13.38,False
