frame,label,type,group,box_height_px,true_m,"min(metric3d-v2-small_p10,unidepth-v2-large_p10)","mean(metric3d-v2-small_p10,unidepth-v2-large_p10)","min(metric3d-v2-large_p25,unidepth-v2-large_p10)","mean(metric3d-v2-large_p25,unidepth-v2-large_p10)","min(metric3d-v2-small_p10,unidepth-v2-base_p10)","mean(metric3d-v2-small_p10,unidepth-v2-base_p10)"
02_Hanns_Klemm_Str_44_000000_000020,05,"crate (gray, 2x stacked)",standard objects,12.0,62.8,62.64,86.03,62.64,75.27,68.91,89.16
02_Hanns_Klemm_Str_44_000000_000030,05,"crate (gray, 2x stacked)",standard objects,12.0,61.07,60.42,82.22,60.42,69.38,66.49,85.26
02_Hanns_Klemm_Str_44_000000_000040,05,"crate (gray, 2x stacked)",standard objects,12.0,57.82,58.5,77.58,58.5,70.97,64.08,80.37
02_Hanns_Klemm_Str_44_000000_000050,05,"crate (gray, 2x stacked)",standard objects,14.0,55.46,58.82,73.56,58.82,68.97,62.93,75.62
02_Hanns_Klemm_Str_44_000000_000060,05,"crate (gray, 2x stacked)",standard objects,14.0,53.3,52.14,63.22,52.14,59.73,55.32,64.81
02_Hanns_Klemm_Str_44_000000_000070,05,"crate (gray, 2x stacked)",standard objects,15.0,50.07,52.98,63.03,52.98,59.59,55.06,64.08
02_Hanns_Klemm_Str_44_000000_000080,05,"crate (gray, 2x stacked)",standard objects,17.0,46.68,50.3,60.48,50.3,56.3,50.08,60.37
02_Hanns_Klemm_Str_44_000000_000090,05,"crate (gray, 2x stacked)",standard objects,17.0,43.3,45.57,57.02,45.57,49.27,47.05,57.75
02_Hanns_Klemm_Str_44_000000_000100,05,"crate (gray, 2x stacked)",standard objects,19.0,39.82,39.62,47.22,39.62,42.74,42.49,48.66
02_Hanns_Klemm_Str_44_000000_000110,05,"crate (gray, 2x stacked)",standard objects,21.0,35.36,34.66,43.23,34.66,37.5,40.87,46.34
02_Hanns_Klemm_Str_44_000000_000120,05,"crate (gray, 2x stacked)",standard objects,24.0,30.89,30.62,36.83,30.62,33.84,35.94,39.49
02_Hanns_Klemm_Str_44_000000_000130,05,"crate (gray, 2x stacked)",standard objects,29.0,26.44,25.39,30.59,25.39,27.64,30.05,32.91
02_Hanns_Klemm_Str_44_000000_000140,05,"crate (gray, 2x stacked)",standard objects,34.0,22.13,21.96,24.98,21.96,23.4,26.08,27.04
02_Hanns_Klemm_Str_44_000000_000150,05,"crate (gray, 2x stacked)",standard objects,44.0,18.09,18.31,20.11,18.31,19.77,21.91,22.08
02_Hanns_Klemm_Str_44_000000_000160,05,"crate (gray, 2x stacked)",standard objects,56.0,14.09,15.29,16.04,15.29,16.06,16.78,17.35
02_Hanns_Klemm_Str_44_000000_000170,05,"crate (gray, 2x stacked)",standard objects,76.0,10.47,11.63,12.05,12.47,12.57,11.63,12.66
02_Hanns_Klemm_Str_44_000000_000180,05,"crate (gray, 2x stacked)",standard objects,120.0,7.16,7.83,8.52,8.09,8.65,7.83,8.93
02_Hanns_Klemm_Str_44_000001_000020,05,"crate (gray, 2x stacked)",standard objects,12.0,60.81,69.07,91.03,69.07,76.57,70.79,91.89
02_Hanns_Klemm_Str_44_000001_000020,04,crate (gray),standard objects,7.0,60.19,66.89,93.8,66.89,76.59,69.86,95.28
02_Hanns_Klemm_Str_44_000001_000030,05,"crate (gray, 2x stacked)",standard objects,13.0,59.63,66.53,84.84,66.53,75.94,70.91,87.03
02_Hanns_Klemm_Str_44_000001_000030,04,crate (gray),standard objects,8.0,59.2,67.14,89.69,67.14,77.09,69.82,91.03
02_Hanns_Klemm_Str_44_000001_000040,05,"crate (gray, 2x stacked)",standard objects,13.0,59.22,65.1,84.1,65.1,75.7,66.67,84.89
02_Hanns_Klemm_Str_44_000001_000040,04,crate (gray),standard objects,8.0,57.15,63.01,85.58,63.01,76.87,66.37,87.25
02_Hanns_Klemm_Str_44_000001_000050,05,"crate (gray, 2x stacked)",standard objects,13.0,55.41,63.74,78.75,63.74,69.71,65.63,79.69
02_Hanns_Klemm_Str_44_000001_000050,04,crate (gray),standard objects,8.0,55.36,61.83,83.66,61.83,70.79,64.2,84.84
02_Hanns_Klemm_Str_44_000001_000060,05,"crate (gray, 2x stacked)",standard objects,14.0,53.08,60.25,79.35,60.25,67.22,62.65,80.55
02_Hanns_Klemm_Str_44_000001_000060,04,crate (gray),standard objects,8.0,53.39,58.22,78.34,58.22,67.04,62.81,80.64
02_Hanns_Klemm_Str_44_000001_000070,05,"crate (gray, 2x stacked)",standard objects,15.0,52.46,55.49,69.89,55.49,61.64,58.15,71.22
02_Hanns_Klemm_Str_44_000001_000070,04,crate (gray),standard objects,8.0,51.45,55.16,74.66,55.16,62.06,58.82,76.48
02_Hanns_Klemm_Str_44_000001_000080,05,"crate (gray, 2x stacked)",standard objects,15.0,49.69,54.82,66.38,54.82,60.25,56.9,67.42
02_Hanns_Klemm_Str_44_000001_000080,04,crate (gray),standard objects,9.0,49.94,52.04,68.28,52.04,59.44,57.82,71.17
02_Hanns_Klemm_Str_44_000001_000090,05,"crate (gray, 2x stacked)",standard objects,15.0,48.22,53.42,66.64,53.42,58.92,52.79,66.33
02_Hanns_Klemm_Str_44_000001_000090,04,crate (gray),standard objects,9.0,47.53,52.95,66.44,52.95,57.76,53.84,66.89
02_Hanns_Klemm_Str_44_000001_000100,05,"crate (gray, 2x stacked)",standard objects,18.0,44.2,48.2,62.26,48.2,51.66,46.76,61.53
02_Hanns_Klemm_Str_44_000001_000100,04,crate (gray),standard objects,9.0,44.53,47.63,61.73,47.63,51.25,48.55,62.19
02_Hanns_Klemm_Str_44_000001_000110,05,"crate (gray, 2x stacked)",standard objects,18.0,42.03,43.09,55.44,43.09,46.87,45.11,56.45
02_Hanns_Klemm_Str_44_000001_000110,04,crate (gray),standard objects,11.0,41.68,42.18,54.16,42.18,46.61,44.98,55.56
02_Hanns_Klemm_Str_44_000001_000120,05,"crate (gray, 2x stacked)",standard objects,19.0,37.86,38.37,51.42,38.37,42.72,41.22,52.84
02_Hanns_Klemm_Str_44_000001_000120,04,crate (gray),standard objects,11.0,38.76,38.05,50.6,38.05,42.77,41.54,52.34
02_Hanns_Klemm_Str_44_000001_000130,05,"crate (gray, 2x stacked)",standard objects,22.0,35.13,34.32,47.53,34.32,38.09,40.41,50.58
02_Hanns_Klemm_Str_44_000001_000130,04,crate (gray),standard objects,12.0,35.11,34.43,45.96,34.43,37.97,41.0,49.25
02_Hanns_Klemm_Str_44_000001_000140,05,"crate (gray, 2x stacked)",standard objects,25.0,31.16,31.01,42.04,31.01,33.97,36.49,44.78
02_Hanns_Klemm_Str_44_000001_000140,04,crate (gray),standard objects,14.0,31.42,30.76,39.84,30.76,34.16,36.47,42.7
02_Hanns_Klemm_Str_44_000001_000150,05,"crate (gray, 2x stacked)",standard objects,28.0,27.29,26.75,34.11,26.75,28.93,31.49,36.48
02_Hanns_Klemm_Str_44_000001_000150,04,crate (gray),standard objects,17.0,27.53,26.8,33.14,26.8,28.8,31.79,35.63
02_Hanns_Klemm_Str_44_000001_000160,05,"crate (gray, 2x stacked)",standard objects,33.0,23.13,22.45,26.46,22.45,24.07,26.49,28.48
02_Hanns_Klemm_Str_44_000001_000160,04,crate (gray),standard objects,19.0,23.54,22.51,26.07,22.51,24.15,26.67,28.15
02_Hanns_Klemm_Str_44_000001_000170,05,"crate (gray, 2x stacked)",standard objects,41.0,19.38,20.08,22.74,20.08,21.07,23.24,24.32
02_Hanns_Klemm_Str_44_000001_000170,04,crate (gray),standard objects,25.0,19.65,19.99,22.56,19.99,21.0,23.32,24.23
02_Hanns_Klemm_Str_44_000001_000180,05,"crate (gray, 2x stacked)",standard objects,53.0,15.19,16.45,17.62,16.45,16.91,18.49,18.64
02_Hanns_Klemm_Str_44_000001_000180,04,crate (gray),standard objects,32.0,15.51,16.4,17.41,16.4,16.8,18.41,18.57
02_Hanns_Klemm_Str_44_000001_000190,05,"crate (gray, 2x stacked)",standard objects,72.0,11.46,12.94,13.16,12.94,13.04,13.38,14.02
02_Hanns_Klemm_Str_44_000001_000190,04,crate (gray),standard objects,44.0,11.63,12.92,13.0,12.92,12.95,13.09,13.84
02_Hanns_Klemm_Str_44_000001_000200,05,"crate (gray, 2x stacked)",standard objects,105.0,7.93,9.64,9.89,9.14,9.64,9.64,10.52
02_Hanns_Klemm_Str_44_000001_000200,04,crate (gray),standard objects,70.0,7.99,9.45,9.78,9.04,9.57,9.45,10.43
02_Hanns_Klemm_Str_44_000002_000020,02,"crate (black, 2x stacked)",standard objects,23.0,62.46,68.99,92.1,68.99,75.47,73.77,94.49
02_Hanns_Klemm_Str_44_000002_000020,01,crate (black),standard objects,10.0,61.57,66.56,86.49,66.56,76.23,75.04,90.73
02_Hanns_Klemm_Str_44_000002_000030,01,crate (black),standard objects,11.0,60.22,65.28,82.45,65.28,72.2,75.07,87.34
02_Hanns_Klemm_Str_44_000002_000030,02,"crate (black, 2x stacked)",standard objects,23.0,60.63,67.26,88.78,67.26,73.76,73.98,92.14
02_Hanns_Klemm_Str_44_000002_000040,02,"crate (black, 2x stacked)",standard objects,23.0,58.42,66.41,87.35,66.41,74.57,76.87,92.59
02_Hanns_Klemm_Str_44_000002_000040,01,crate (black),standard objects,10.0,57.87,65.02,78.87,65.02,71.77,75.51,84.12
02_Hanns_Klemm_Str_44_000002_000050,02,"crate (black, 2x stacked)",standard objects,25.0,56.85,63.28,83.17,63.28,69.56,70.09,86.58
02_Hanns_Klemm_Str_44_000002_000050,01,crate (black),standard objects,11.0,54.98,60.5,77.42,60.5,70.33,68.85,81.6
02_Hanns_Klemm_Str_44_000002_000060,02,"crate (black, 2x stacked)",standard objects,26.0,52.31,60.81,77.88,60.81,65.61,67.65,81.31
02_Hanns_Klemm_Str_44_000002_000060,01,crate (black),standard objects,13.0,53.96,57.52,72.25,57.52,64.44,67.14,77.06
02_Hanns_Klemm_Str_44_000002_000070,02,"crate (black, 2x stacked)",standard objects,26.0,50.86,57.05,70.0,57.05,59.41,61.63,72.28
02_Hanns_Klemm_Str_44_000002_000070,01,crate (black),standard objects,13.0,50.19,53.41,66.23,53.41,59.42,62.45,70.75
02_Hanns_Klemm_Str_44_000002_000080,02,"crate (black, 2x stacked)",standard objects,28.0,49.14,55.32,66.15,55.32,56.34,59.6,68.29
02_Hanns_Klemm_Str_44_000002_000080,01,crate (black),standard objects,14.0,48.2,53.78,68.22,53.78,56.41,59.14,70.9
02_Hanns_Klemm_Str_44_000002_000090,02,"crate (black, 2x stacked)",standard objects,31.0,44.0,52.25,64.08,52.25,52.77,53.82,64.86
02_Hanns_Klemm_Str_44_000002_000090,01,crate (black),standard objects,15.0,43.92,50.84,61.48,50.84,52.78,55.68,63.91
02_Hanns_Klemm_Str_44_000002_000100,02,"crate (black, 2x stacked)",standard objects,33.0,41.72,44.61,51.38,44.61,45.81,48.64,53.39
02_Hanns_Klemm_Str_44_000002_000100,01,crate (black),standard objects,16.0,41.44,44.17,52.12,44.17,45.25,49.34,54.7
02_Hanns_Klemm_Str_44_000002_000110,01,crate (black),standard objects,19.0,37.13,38.21,46.03,38.21,40.56,44.67,49.26
02_Hanns_Klemm_Str_44_000002_000110,02,"crate (black, 2x stacked)",standard objects,37.0,36.89,39.15,48.12,39.15,41.05,43.08,50.09
02_Hanns_Klemm_Str_44_000002_000120,01,crate (black),standard objects,19.0,33.73,33.12,40.64,33.12,35.22,40.4,44.28
02_Hanns_Klemm_Str_44_000002_000120,02,"crate (black, 2x stacked)",standard objects,40.0,33.43,33.6,40.27,33.6,35.69,40.4,43.66
02_Hanns_Klemm_Str_44_000002_000130,02,"crate (black, 2x stacked)",standard objects,47.0,28.86,29.2,35.59,29.2,30.52,34.39,38.19
02_Hanns_Klemm_Str_44_000002_000130,01,crate (black),standard objects,21.0,28.82,28.82,34.84,28.82,30.58,35.01,37.94
02_Hanns_Klemm_Str_44_000002_000140,02,"crate (black, 2x stacked)",standard objects,55.0,25.01,24.39,29.22,24.39,26.05,28.02,31.03
02_Hanns_Klemm_Str_44_000002_000140,01,crate (black),standard objects,26.0,24.9,24.39,28.56,24.39,26.16,28.72,30.72
02_Hanns_Klemm_Str_44_000002_000150,02,"crate (black, 2x stacked)",standard objects,67.0,20.4,20.44,24.26,20.44,21.45,24.38,26.23
02_Hanns_Klemm_Str_44_000002_000150,01,crate (black),standard objects,34.0,20.54,20.37,23.43,20.37,21.43,24.53,25.51
02_Hanns_Klemm_Str_44_000002_000160,02,"crate (black, 2x stacked)",standard objects,87.0,15.94,17.23,18.81,17.23,17.43,18.62,19.51
02_Hanns_Klemm_Str_44_000002_000160,01,crate (black),standard objects,42.0,16.07,17.32,18.79,17.32,17.51,18.64,19.45
02_Hanns_Klemm_Str_44_000002_000170,02,"crate (black, 2x stacked)",standard objects,120.0,11.89,13.44,13.79,13.44,13.46,14.15,14.43
02_Hanns_Klemm_Str_44_000002_000170,01,crate (black),standard objects,59.0,12.01,13.45,13.77,13.45,13.51,14.08,14.4
02_Hanns_Klemm_Str_44_000002_000180,02,"crate (black, 2x stacked)",standard objects,172.0,8.2,10.13,10.36,9.24,9.91,10.13,10.82
02_Hanns_Klemm_Str_44_000002_000180,01,crate (black),standard objects,87.0,8.27,9.95,10.29,9.34,9.99,9.95,10.64
02_Hanns_Klemm_Str_44_000003_000020,20,tire,random hazards,9.0,62.98,66.37,89.36,66.37,77.58,70.64,91.5
02_Hanns_Klemm_Str_44_000003_000020,34,styrofoam,random hazards,6.0,63.42,64.75,89.5,64.75,75.28,69.39,91.83
02_Hanns_Klemm_Str_44_000003_000030,20,tire,random hazards,10.0,61.95,66.63,85.2,66.63,75.01,70.46,87.11
02_Hanns_Klemm_Str_44_000003_000030,34,styrofoam,random hazards,6.0,62.31,64.75,86.67,64.75,74.09,70.44,89.52
02_Hanns_Klemm_Str_44_000003_000040,20,tire,random hazards,10.0,59.91,64.35,90.78,64.35,70.66,74.87,96.04
02_Hanns_Klemm_Str_44_000003_000040,34,styrofoam,random hazards,8.0,60.36,61.72,88.06,61.72,71.28,72.54,93.47
02_Hanns_Klemm_Str_44_000003_000050,20,tire,random hazards,11.0,55.48,59.11,79.28,59.11,69.91,65.24,82.35
02_Hanns_Klemm_Str_44_000003_000050,34,styrofoam,random hazards,7.0,55.62,58.36,80.91,58.36,69.87,65.1,84.28
02_Hanns_Klemm_Str_44_000003_000060,20,tire,random hazards,10.0,54.2,58.55,74.05,58.55,65.32,66.3,77.92
02_Hanns_Klemm_Str_44_000003_000060,34,styrofoam,random hazards,8.0,52.78,57.44,74.6,57.44,65.66,64.06,77.91
02_Hanns_Klemm_Str_44_000003_000070,20,tire,random hazards,11.0,52.37,55.87,70.23,55.87,59.77,57.24,70.92
02_Hanns_Klemm_Str_44_000003_000070,34,styrofoam,random hazards,8.0,50.6,54.98,71.53,54.98,60.94,57.13,72.61
02_Hanns_Klemm_Str_44_000003_000080,20,tire,random hazards,13.0,47.58,53.79,67.11,53.79,56.35,54.38,67.4
02_Hanns_Klemm_Str_44_000003_000080,34,styrofoam,random hazards,10.0,47.81,52.95,67.31,52.95,57.81,53.98,67.83
02_Hanns_Klemm_Str_44_000003_000090,20,tire,random hazards,14.0,43.81,48.55,60.77,48.55,50.83,52.19,62.59
02_Hanns_Klemm_Str_44_000003_000090,34,styrofoam,random hazards,9.0,43.42,48.4,62.56,48.4,52.06,51.53,64.13
02_Hanns_Klemm_Str_44_000003_000100,20,tire,random hazards,15.0,39.29,41.4,50.48,41.4,44.27,45.59,52.58
02_Hanns_Klemm_Str_44_000003_000100,34,styrofoam,random hazards,11.0,39.63,40.76,50.96,40.76,44.38,44.82,52.99
02_Hanns_Klemm_Str_44_000003_000110,20,tire,random hazards,17.0,36.09,35.65,46.91,35.65,38.38,41.76,49.97
02_Hanns_Klemm_Str_44_000003_000110,34,styrofoam,random hazards,12.0,35.85,35.28,46.56,35.28,38.66,41.54,49.7
02_Hanns_Klemm_Str_44_000003_000120,20,tire,random hazards,19.0,30.76,31.1,37.28,31.1,32.7,36.11,39.78
02_Hanns_Klemm_Str_44_000003_000120,34,styrofoam,random hazards,14.0,31.61,30.44,36.87,30.44,32.77,35.72,39.51
02_Hanns_Klemm_Str_44_000003_000130,20,tire,random hazards,22.0,26.6,25.53,30.52,25.53,27.27,30.38,32.95
02_Hanns_Klemm_Str_44_000003_000130,34,styrofoam,random hazards,16.0,26.75,25.74,30.73,25.74,27.45,30.26,32.99
02_Hanns_Klemm_Str_44_000003_000140,20,tire,random hazards,27.0,22.01,21.63,24.94,21.63,22.45,24.99,26.62
02_Hanns_Klemm_Str_44_000003_000140,34,styrofoam,random hazards,19.0,22.25,21.43,24.56,21.43,22.73,24.92,26.3
02_Hanns_Klemm_Str_44_000003_000150,20,tire,random hazards,36.0,17.27,17.97,19.29,17.97,18.69,20.6,20.74
02_Hanns_Klemm_Str_44_000003_000150,34,styrofoam,random hazards,25.0,17.54,18.06,19.41,18.06,18.66,20.76,20.89
02_Hanns_Klemm_Str_44_000003_000160,20,tire,random hazards,50.0,12.73,13.75,14.12,13.75,14.19,14.48,15.18
02_Hanns_Klemm_Str_44_000003_000160,34,styrofoam,random hazards,37.0,13.05,14.02,14.56,14.02,14.38,15.11,15.52
02_Hanns_Klemm_Str_44_000003_000170,20,tire,random hazards,79.0,8.62,9.28,9.8,9.79,10.05,9.28,10.48
02_Hanns_Klemm_Str_44_000003_000170,34,styrofoam,random hazards,57.0,8.85,9.64,10.18,10.1,10.41,9.64,10.69
02_Hanns_Klemm_Str_44_000005_000020,08,cardboard box,random hazards,10.0,60.42,64.44,85.84,64.44,72.18,69.43,88.34
02_Hanns_Klemm_Str_44_000005_000020,13,exhaust pipe,random hazards,10.0,60.3,62.31,76.9,62.31,69.31,67.63,79.56
02_Hanns_Klemm_Str_44_000005_000030,08,cardboard box,random hazards,10.0,60.3,61.25,84.97,61.25,70.3,67.48,88.09
02_Hanns_Klemm_Str_44_000005_000030,13,exhaust pipe,random hazards,9.0,59.91,60.43,80.75,60.43,68.91,66.14,83.6
02_Hanns_Klemm_Str_44_000005_000040,08,cardboard box,random hazards,11.0,57.89,60.78,81.91,60.78,68.48,63.88,83.45
02_Hanns_Klemm_Str_44_000005_000040,13,exhaust pipe,random hazards,10.0,58.98,59.0,77.96,59.0,68.16,62.67,79.8
02_Hanns_Klemm_Str_44_000005_000050,08,cardboard box,random hazards,10.0,56.01,59.19,74.13,59.19,69.21,61.81,75.44
02_Hanns_Klemm_Str_44_000005_000050,13,exhaust pipe,random hazards,10.0,56.11,58.02,73.36,58.02,67.95,62.44,75.56
02_Hanns_Klemm_Str_44_000005_000060,08,cardboard box,random hazards,10.0,53.48,55.76,69.77,55.76,63.66,59.31,71.54
02_Hanns_Klemm_Str_44_000005_000060,13,exhaust pipe,random hazards,9.0,52.82,55.25,73.89,55.25,62.7,58.9,75.72
02_Hanns_Klemm_Str_44_000005_000070,08,cardboard box,random hazards,11.0,50.62,55.48,69.69,55.48,62.18,56.8,70.35
02_Hanns_Klemm_Str_44_000005_000070,13,exhaust pipe,random hazards,12.0,51.21,53.73,68.14,53.73,61.08,56.44,69.5
02_Hanns_Klemm_Str_44_000005_000080,08,cardboard box,random hazards,13.0,47.51,50.52,61.71,50.52,55.9,51.9,62.4
02_Hanns_Klemm_Str_44_000005_000080,13,exhaust pipe,random hazards,12.0,49.03,50.18,62.67,50.18,55.77,52.68,63.92
02_Hanns_Klemm_Str_44_000005_000090,08,cardboard box,random hazards,13.0,44.11,48.28,55.27,48.28,51.77,48.81,55.53
02_Hanns_Klemm_Str_44_000005_000090,13,exhaust pipe,random hazards,12.0,44.23,47.65,55.87,47.65,51.23,49.2,56.65
02_Hanns_Klemm_Str_44_000005_000100,13,exhaust pipe,random hazards,14.0,40.54,42.58,52.47,42.58,46.54,45.2,53.78
02_Hanns_Klemm_Str_44_000005_000100,08,cardboard box,random hazards,14.0,40.37,43.08,51.61,43.08,47.06,44.79,52.46
02_Hanns_Klemm_Str_44_000005_000110,08,cardboard box,random hazards,16.0,36.64,37.37,45.02,37.37,40.23,41.9,47.29
02_Hanns_Klemm_Str_44_000005_000110,13,exhaust pipe,random hazards,16.0,37.18,37.03,45.15,37.03,40.62,41.45,47.36
02_Hanns_Klemm_Str_44_000005_000120,08,cardboard box,random hazards,18.0,32.29,33.06,37.71,33.06,35.7,36.72,39.54
02_Hanns_Klemm_Str_44_000005_000120,13,exhaust pipe,random hazards,19.0,33.0,32.5,38.2,32.5,35.6,36.33,40.11
02_Hanns_Klemm_Str_44_000005_000130,08,cardboard box,random hazards,20.0,28.11,28.28,31.8,28.28,30.23,32.55,33.94
02_Hanns_Klemm_Str_44_000005_000130,13,exhaust pipe,random hazards,22.0,28.89,28.4,32.88,28.4,31.11,32.05,34.71
02_Hanns_Klemm_Str_44_000005_000140,08,cardboard box,random hazards,25.0,24.19,24.03,26.8,24.03,25.77,27.0,28.28
02_Hanns_Klemm_Str_44_000005_000140,13,exhaust pipe,random hazards,26.0,24.75,24.36,26.82,24.36,26.24,26.8,28.05
02_Hanns_Klemm_Str_44_000005_000150,08,cardboard box,random hazards,30.0,20.45,20.48,22.33,20.48,21.51,23.8,23.99
02_Hanns_Klemm_Str_44_000005_000150,13,exhaust pipe,random hazards,31.0,20.89,20.84,22.39,20.84,22.12,23.55,23.75
02_Hanns_Klemm_Str_44_000005_000160,08,cardboard box,random hazards,37.0,16.67,17.25,17.85,17.25,17.91,18.45,19.02
02_Hanns_Klemm_Str_44_000005_000160,13,exhaust pipe,random hazards,40.0,17.14,17.62,18.38,17.62,18.16,19.13,19.35
02_Hanns_Klemm_Str_44_000005_000170,08,cardboard box,random hazards,47.0,12.98,13.67,13.82,13.67,14.2,13.96,14.89
02_Hanns_Klemm_Str_44_000005_000170,13,exhaust pipe,random hazards,50.0,13.61,13.97,14.16,13.97,14.47,14.36,15.15
02_Hanns_Klemm_Str_44_000005_000180,08,cardboard box,random hazards,63.0,9.69,10.08,10.55,11.0,11.02,10.08,11.16
02_Hanns_Klemm_Str_44_000005_000180,13,exhaust pipe,random hazards,65.0,10.26,10.35,10.83,11.28,11.29,10.35,11.48
02_Hanns_Klemm_Str_44_000005_000190,08,cardboard box,random hazards,96.0,6.74,7.19,7.71,7.65,7.94,7.19,8.16
02_Hanns_Klemm_Str_44_000005_000190,13,exhaust pipe,random hazards,97.0,7.25,7.54,8.06,7.79,8.19,7.54,8.55
02_Hanns_Klemm_Str_44_000006_000020,13,exhaust pipe,random hazards,10.0,37.16,35.23,37.98,35.23,48.38,33.75,37.24
02_Hanns_Klemm_Str_44_000006_000020,08,cardboard box,random hazards,9.0,54.63,39.32,43.73,39.32,52.62,35.0,41.57
02_Hanns_Klemm_Str_44_000006_000030,13,exhaust pipe,random hazards,11.0,47.44,36.19,39.58,36.19,47.6,32.48,37.72
02_Hanns_Klemm_Str_44_000006_000030,08,cardboard box,random hazards,10.0,51.8,38.4,43.14,38.4,51.67,33.44,40.66
02_Hanns_Klemm_Str_44_000006_000040,13,exhaust pipe,random hazards,12.0,54.13,36.8,42.22,36.8,45.7,32.41,40.03
02_Hanns_Klemm_Str_44_000006_000040,08,cardboard box,random hazards,12.0,51.6,38.3,44.72,38.3,49.42,33.15,42.14
02_Hanns_Klemm_Str_44_000006_000050,13,exhaust pipe,random hazards,12.0,48.86,33.28,38.27,33.28,40.78,31.45,37.35
02_Hanns_Klemm_Str_44_000006_000050,08,cardboard box,random hazards,11.0,50.62,34.36,39.73,34.36,44.46,31.76,38.43
02_Hanns_Klemm_Str_44_000006_000060,13,exhaust pipe,random hazards,12.0,48.29,31.26,36.84,31.26,39.95,30.87,36.64
02_Hanns_Klemm_Str_44_000006_000060,08,cardboard box,random hazards,12.0,49.59,32.43,38.69,32.43,44.74,31.18,38.06
02_Hanns_Klemm_Str_44_000006_000070,13,exhaust pipe,random hazards,15.0,46.95,34.34,35.44,36.53,43.3,29.45,31.9
02_Hanns_Klemm_Str_44_000006_000070,08,cardboard box,random hazards,12.0,45.26,35.73,37.12,38.51,46.23,29.88,32.8
02_Hanns_Klemm_Str_44_000006_000080,13,exhaust pipe,random hazards,14.0,43.45,33.89,36.78,39.68,41.51,31.02,32.45
02_Hanns_Klemm_Str_44_000006_000080,08,cardboard box,random hazards,13.0,42.84,35.96,37.54,39.12,42.55,31.06,33.51
02_Hanns_Klemm_Str_44_000006_000090,13,exhaust pipe,random hazards,16.0,40.47,33.88,34.0,34.12,39.17,30.56,32.22
02_Hanns_Klemm_Str_44_000006_000090,08,cardboard box,random hazards,14.0,39.91,35.15,35.61,35.15,39.94,32.12,34.1
02_Hanns_Klemm_Str_44_000006_000100,13,exhaust pipe,random hazards,18.0,37.2,30.9,32.93,34.96,39.17,29.87,30.38
02_Hanns_Klemm_Str_44_000006_000100,08,cardboard box,random hazards,15.0,37.12,31.75,32.88,34.0,37.94,30.14,30.95
02_Hanns_Klemm_Str_44_000006_000110,13,exhaust pipe,random hazards,18.0,34.67,34.09,34.13,34.09,37.7,33.07,33.62
02_Hanns_Klemm_Str_44_000006_000110,08,cardboard box,random hazards,15.0,34.35,31.92,32.98,34.04,36.86,31.92,32.49
02_Hanns_Klemm_Str_44_000006_000120,13,exhaust pipe,random hazards,21.0,31.32,32.21,32.56,32.21,33.58,32.06,32.48
02_Hanns_Klemm_Str_44_000006_000120,08,cardboard box,random hazards,18.0,30.81,31.29,31.54,31.79,32.61,31.29,32.05
02_Hanns_Klemm_Str_44_000006_000130,13,exhaust pipe,random hazards,24.0,28.35,27.66,28.66,27.66,29.49,27.61,28.63
02_Hanns_Klemm_Str_44_000006_000130,08,cardboard box,random hazards,20.0,27.67,27.69,27.84,28.0,28.97,27.6,27.65
02_Hanns_Klemm_Str_44_000006_000140,13,exhaust pipe,random hazards,29.0,24.82,24.23,24.86,24.23,25.2,24.74,25.11
02_Hanns_Klemm_Str_44_000006_000140,08,cardboard box,random hazards,22.0,24.61,24.12,24.41,24.12,24.29,24.71,24.76
02_Hanns_Klemm_Str_44_000006_000150,13,exhaust pipe,random hazards,33.0,21.58,21.46,22.21,21.46,21.8,22.07,22.52
02_Hanns_Klemm_Str_44_000006_000150,08,cardboard box,random hazards,27.0,21.27,21.38,21.71,20.87,21.12,21.97,22.01
02_Hanns_Klemm_Str_44_000006_000160,13,exhaust pipe,random hazards,40.0,18.26,17.98,18.32,17.98,17.99,18.66,18.8
02_Hanns_Klemm_Str_44_000006_000160,08,cardboard box,random hazards,32.0,17.87,17.85,18.13,17.47,17.66,18.41,18.52
02_Hanns_Klemm_Str_44_000006_000170,13,exhaust pipe,random hazards,50.0,14.58,15.25,15.27,14.9,15.07,15.29,15.65
02_Hanns_Klemm_Str_44_000006_000170,08,cardboard box,random hazards,39.0,14.29,14.9,15.13,14.63,15.0,14.9,15.31
02_Hanns_Klemm_Str_44_000006_000180,08,cardboard box,random hazards,55.0,10.69,11.34,11.54,10.75,11.24,11.34,11.82
02_Hanns_Klemm_Str_44_000006_000180,13,exhaust pipe,random hazards,71.0,11.04,11.34,11.6,11.05,11.46,11.34,11.94
02_Hanns_Klemm_Str_44_000006_000190,13,exhaust pipe,random hazards,113.0,7.59,8.42,8.45,7.7,8.06,8.48,8.67
02_Hanns_Klemm_Str_44_000006_000190,08,cardboard box,random hazards,82.0,7.34,8.28,8.34,7.62,7.95,8.41,8.59
02_Hanns_Klemm_Str_44_000007_000020,20,tire,random hazards,9.0,59.06,42.1,50.91,42.1,56.88,40.14,49.94
02_Hanns_Klemm_Str_44_000007_000030,20,tire,random hazards,9.0,57.95,42.11,50.26,42.11,53.29,40.39,49.4
02_Hanns_Klemm_Str_44_000007_000040,20,tire,random hazards,10.0,56.75,44.42,49.73,44.42,54.81,40.06,47.55
02_Hanns_Klemm_Str_44_000007_000050,20,tire,random hazards,9.0,55.55,42.64,49.77,42.64,55.98,39.73,48.31
02_Hanns_Klemm_Str_44_000007_000060,20,tire,random hazards,10.0,53.08,44.17,50.91,44.17,56.75,40.14,48.89
02_Hanns_Klemm_Str_44_000007_000070,20,tire,random hazards,10.0,53.79,40.54,50.57,40.54,51.4,38.38,49.49
02_Hanns_Klemm_Str_44_000007_000080,20,tire,random hazards,11.0,53.13,37.25,49.64,37.25,48.29,38.41,50.22
02_Hanns_Klemm_Str_44_000007_000090,20,tire,random hazards,11.0,52.94,40.46,46.64,40.46,49.48,37.35,45.09
02_Hanns_Klemm_Str_44_000007_000100,20,tire,random hazards,11.0,51.14,38.8,42.55,38.8,50.07,35.39,40.84
02_Hanns_Klemm_Str_44_000007_000110,20,tire,random hazards,13.0,47.86,41.75,45.42,41.75,47.57,37.66,43.38
02_Hanns_Klemm_Str_44_000007_000120,20,tire,random hazards,14.0,43.31,42.63,43.59,42.63,45.32,44.32,44.43
02_Hanns_Klemm_Str_44_000007_000130,20,tire,random hazards,14.0,40.1,44.21,44.21,44.21,45.47,44.21,44.84
02_Hanns_Klemm_Str_44_000007_000140,20,tire,random hazards,16.0,38.17,39.64,40.58,41.52,42.28,39.64,41.03
02_Hanns_Klemm_Str_44_000007_000150,20,tire,random hazards,17.0,34.94,35.76,36.64,37.53,38.89,35.76,37.54
02_Hanns_Klemm_Str_44_000007_000160,20,tire,random hazards,18.0,32.51,33.61,34.44,35.27,35.74,33.61,34.63
02_Hanns_Klemm_Str_44_000007_000170,20,tire,random hazards,21.0,30.21,29.8,29.99,30.18,31.2,29.8,29.84
02_Hanns_Klemm_Str_44_000007_000180,20,tire,random hazards,24.0,26.56,25.98,26.4,25.98,26.84,26.12,26.47
02_Hanns_Klemm_Str_44_000007_000190,20,tire,random hazards,25.0,23.46,23.65,24.14,23.14,23.39,24.11,24.38
02_Hanns_Klemm_Str_44_000007_000200,20,tire,random hazards,30.0,20.28,20.5,20.65,20.43,20.46,20.8,20.89
02_Hanns_Klemm_Str_44_000007_000210,20,tire,random hazards,36.0,17.09,17.24,17.41,17.02,17.3,17.24,17.73
02_Hanns_Klemm_Str_44_000007_000220,20,tire,random hazards,43.0,13.72,14.09,14.46,13.92,14.38,14.09,14.82
02_Hanns_Klemm_Str_44_000007_000230,20,tire,random hazards,62.0,10.22,10.62,10.93,10.29,10.76,10.62,11.22
02_Hanns_Klemm_Str_44_000007_000240,20,tire,random hazards,95.0,7.22,7.96,8.09,7.25,7.61,8.22,8.31
02_Hanns_Klemm_Str_44_000008_000020,20,tire,random hazards,7.0,64.43,49.62,66.0,49.62,68.53,44.88,63.64
02_Hanns_Klemm_Str_44_000008_000030,20,tire,random hazards,8.0,63.68,49.42,62.68,49.42,67.94,46.82,61.38
02_Hanns_Klemm_Str_44_000008_000040,20,tire,random hazards,9.0,61.92,52.65,61.64,52.65,67.8,44.87,57.75
02_Hanns_Klemm_Str_44_000008_000050,20,tire,random hazards,9.0,60.08,53.42,61.13,53.42,67.18,44.67,56.76
02_Hanns_Klemm_Str_44_000008_000060,20,tire,random hazards,9.0,65.15,48.01,58.44,48.01,63.65,45.69,57.27
02_Hanns_Klemm_Str_44_000008_000070,20,tire,random hazards,11.0,60.9,56.58,59.11,56.58,64.52,45.5,53.57
02_Hanns_Klemm_Str_44_000008_000080,20,tire,random hazards,11.0,55.38,55.96,59.53,55.96,62.81,53.2,58.15
02_Hanns_Klemm_Str_44_000008_000090,20,tire,random hazards,13.0,51.1,54.61,57.56,54.61,57.88,54.3,57.41
02_Hanns_Klemm_Str_44_000008_000100,20,tire,random hazards,13.0,48.27,49.75,51.53,49.75,52.52,51.26,52.28
02_Hanns_Klemm_Str_44_000008_000110,20,tire,random hazards,14.0,45.28,47.47,49.12,47.47,50.1,49.36,50.07
02_Hanns_Klemm_Str_44_000008_000120,20,tire,random hazards,15.0,40.77,42.33,44.62,42.33,44.52,44.56,45.73
02_Hanns_Klemm_Str_44_000008_000130,20,tire,random hazards,15.0,38.17,37.25,38.39,37.25,40.47,37.81,38.67
02_Hanns_Klemm_Str_44_000008_000140,20,tire,random hazards,17.0,34.28,34.29,36.0,34.29,35.77,36.41,37.05
02_Hanns_Klemm_Str_44_000008_000150,20,tire,random hazards,21.0,30.6,30.17,31.96,30.17,31.29,30.93,32.34
02_Hanns_Klemm_Str_44_000008_000160,20,tire,random hazards,21.0,26.35,26.56,27.77,26.56,27.3,27.9,28.45
02_Hanns_Klemm_Str_44_000008_000170,20,tire,random hazards,26.0,22.88,24.18,24.53,23.9,24.04,24.76,24.82
02_Hanns_Klemm_Str_44_000008_000180,20,tire,random hazards,32.0,19.12,20.12,20.13,19.85,20.0,20.12,20.66
02_Hanns_Klemm_Str_44_000008_000190,20,tire,random hazards,41.0,15.63,15.92,16.09,15.31,15.62,16.25,16.67
02_Hanns_Klemm_Str_44_000008_000200,20,tire,random hazards,54.0,11.87,12.11,12.4,11.79,12.24,12.11,12.81
02_Hanns_Klemm_Str_44_000008_000210,20,tire,random hazards,80.0,8.44,9.12,9.25,8.37,8.74,9.38,9.51
02_Hanns_Klemm_Str_44_000009_000020,02,"crate (black, 2x stacked)",standard objects,20.0,67.22,49.71,62.49,49.71,70.31,47.33,61.3
02_Hanns_Klemm_Str_44_000009_000020,01,crate (black),standard objects,9.0,67.71,48.81,68.59,48.81,70.35,46.83,67.6
02_Hanns_Klemm_Str_44_000009_000030,02,"crate (black, 2x stacked)",standard objects,20.0,64.53,50.84,66.58,50.84,68.87,47.88,65.09
02_Hanns_Klemm_Str_44_000009_000030,01,crate (black),standard objects,10.0,66.25,50.7,67.25,50.7,69.44,46.41,65.11
02_Hanns_Klemm_Str_44_000009_000040,02,"crate (black, 2x stacked)",standard objects,20.0,64.27,49.2,66.22,49.2,68.91,47.18,65.21
02_Hanns_Klemm_Str_44_000009_000040,01,crate (black),standard objects,10.0,65.68,49.09,67.25,49.09,68.47,46.55,65.97
02_Hanns_Klemm_Str_44_000009_000050,02,"crate (black, 2x stacked)",standard objects,20.0,63.23,51.24,67.52,51.24,67.92,46.87,65.33
02_Hanns_Klemm_Str_44_000009_000050,01,crate (black),standard objects,9.0,64.17,49.73,72.58,49.73,67.15,46.27,70.85
02_Hanns_Klemm_Str_44_000009_000060,02,"crate (black, 2x stacked)",standard objects,21.0,63.11,49.96,64.49,49.96,65.05,44.74,61.88
02_Hanns_Klemm_Str_44_000009_000060,01,crate (black),standard objects,10.0,63.45,48.03,65.68,48.03,64.92,44.91,64.12
02_Hanns_Klemm_Str_44_000009_000070,02,"crate (black, 2x stacked)",standard objects,22.0,63.01,52.72,64.31,52.72,66.6,46.74,61.32
02_Hanns_Klemm_Str_44_000009_000070,01,crate (black),standard objects,11.0,61.19,48.79,65.86,48.79,64.64,45.62,64.27
02_Hanns_Klemm_Str_44_000009_000080,02,"crate (black, 2x stacked)",standard objects,23.0,60.87,54.56,59.67,54.56,66.68,48.24,56.51
02_Hanns_Klemm_Str_44_000009_000080,01,crate (black),standard objects,11.0,61.42,55.9,61.81,55.9,67.17,46.64,57.19
02_Hanns_Klemm_Str_44_000009_000090,02,"crate (black, 2x stacked)",standard objects,23.0,58.71,57.75,63.13,57.75,66.55,50.77,59.64
02_Hanns_Klemm_Str_44_000009_000090,01,crate (black),standard objects,11.0,59.33,58.22,65.88,58.22,66.41,50.53,62.04
02_Hanns_Klemm_Str_44_000009_000100,02,"crate (black, 2x stacked)",standard objects,25.0,54.7,58.11,61.02,58.11,63.8,56.11,60.02
02_Hanns_Klemm_Str_44_000009_000100,01,crate (black),standard objects,12.0,55.84,57.9,63.53,57.9,63.65,56.85,63.0
02_Hanns_Klemm_Str_44_000009_000110,02,"crate (black, 2x stacked)",standard objects,26.0,50.97,55.94,61.3,55.94,59.02,57.36,62.01
02_Hanns_Klemm_Str_44_000009_000110,01,crate (black),standard objects,14.0,51.87,54.59,61.16,54.59,59.51,54.93,61.33
02_Hanns_Klemm_Str_44_000009_000120,02,"crate (black, 2x stacked)",standard objects,29.0,48.38,50.79,53.27,50.79,53.05,53.13,54.45
02_Hanns_Klemm_Str_44_000009_000120,01,crate (black),standard objects,14.0,48.42,51.35,54.41,51.35,53.84,52.14,54.8
02_Hanns_Klemm_Str_44_000009_000130,02,"crate (black, 2x stacked)",standard objects,30.0,44.14,46.09,50.09,46.09,48.48,51.08,52.58
02_Hanns_Klemm_Str_44_000009_000130,01,crate (black),standard objects,17.0,45.63,46.88,50.53,46.88,50.3,50.86,52.52
02_Hanns_Klemm_Str_44_000009_000140,02,"crate (black, 2x stacked)",standard objects,33.0,41.65,44.5,45.9,44.5,46.55,47.22,47.26
02_Hanns_Klemm_Str_44_000009_000140,01,crate (black),standard objects,18.0,40.77,44.41,46.19,44.41,46.32,46.85,47.41
02_Hanns_Klemm_Str_44_000009_000150,02,"crate (black, 2x stacked)",standard objects,36.0,37.31,38.11,39.93,38.11,40.17,39.22,40.48
02_Hanns_Klemm_Str_44_000009_000150,01,crate (black),standard objects,19.0,37.96,37.77,40.5,37.77,40.09,38.54,40.88
02_Hanns_Klemm_Str_44_000009_000160,02,"crate (black, 2x stacked)",standard objects,40.0,34.93,35.45,37.3,35.45,36.68,37.68,38.42
02_Hanns_Klemm_Str_44_000009_000160,01,crate (black),standard objects,21.0,34.37,35.32,37.59,35.32,36.28,37.3,38.58
02_Hanns_Klemm_Str_44_000009_000170,02,"crate (black, 2x stacked)",standard objects,48.0,30.75,31.7,33.66,31.7,32.09,33.55,34.58
02_Hanns_Klemm_Str_44_000009_000170,01,crate (black),standard objects,23.0,30.76,31.39,34.52,31.39,32.26,32.74,35.2
02_Hanns_Klemm_Str_44_000009_000180,02,"crate (black, 2x stacked)",standard objects,52.0,26.13,28.28,28.73,28.28,28.43,29.18,29.7
02_Hanns_Klemm_Str_44_000009_000180,01,crate (black),standard objects,27.0,26.49,28.02,29.19,28.02,28.48,29.58,29.97
02_Hanns_Klemm_Str_44_000009_000190,02,"crate (black, 2x stacked)",standard objects,65.0,22.58,24.26,24.39,23.73,24.12,24.26,25.08
02_Hanns_Klemm_Str_44_000009_000190,01,crate (black),standard objects,31.0,22.63,24.64,25.37,24.64,24.69,25.68,25.89
02_Hanns_Klemm_Str_44_000009_000200,02,"crate (black, 2x stacked)",standard objects,78.0,17.93,19.11,19.38,18.79,19.23,19.11,19.92
02_Hanns_Klemm_Str_44_000009_000200,01,crate (black),standard objects,38.0,18.04,19.7,19.91,19.55,19.62,20.12,20.49
02_Hanns_Klemm_Str_44_000009_000210,02,"crate (black, 2x stacked)",standard objects,103.0,13.54,13.96,14.57,14.13,14.66,13.96,15.01
02_Hanns_Klemm_Str_44_000009_000210,01,crate (black),standard objects,52.0,13.69,14.96,15.1,14.29,14.77,14.96,15.55
02_Hanns_Klemm_Str_44_000009_000220,02,"crate (black, 2x stacked)",standard objects,147.0,9.63,9.82,10.25,9.63,10.16,9.82,10.53
02_Hanns_Klemm_Str_44_000009_000220,01,crate (black),standard objects,75.0,9.7,10.33,10.55,9.88,10.33,10.33,10.88
02_Hanns_Klemm_Str_44_000009_000230,02,"crate (black, 2x stacked)",standard objects,227.0,6.35,6.69,6.93,6.44,6.8,6.69,7.21
02_Hanns_Klemm_Str_44_000009_000230,01,crate (black),standard objects,117.0,6.48,6.84,7.11,6.67,7.02,6.84,7.33
02_Hanns_Klemm_Str_44_000010_000020,05,"crate (gray, 2x stacked)",standard objects,10.0,64.79,52.7,65.36,52.7,70.64,46.66,62.34
02_Hanns_Klemm_Str_44_000010_000020,04,crate (gray),standard objects,6.0,67.57,52.16,63.01,52.16,69.57,45.79,59.83
02_Hanns_Klemm_Str_44_000010_000030,05,"crate (gray, 2x stacked)",standard objects,9.0,64.43,50.06,61.52,50.06,69.75,46.78,59.88
02_Hanns_Klemm_Str_44_000010_000030,04,crate (gray),standard objects,6.0,65.18,49.41,60.65,49.41,67.31,44.57,58.23
02_Hanns_Klemm_Str_44_000010_000040,05,"crate (gray, 2x stacked)",standard objects,11.0,62.62,49.11,64.74,49.11,66.25,46.08,63.23
02_Hanns_Klemm_Str_44_000010_000040,04,crate (gray),standard objects,7.0,62.89,50.01,64.27,50.01,65.81,45.58,62.05
02_Hanns_Klemm_Str_44_000010_000050,05,"crate (gray, 2x stacked)",standard objects,11.0,62.04,53.55,65.77,53.55,68.34,44.92,61.45
02_Hanns_Klemm_Str_44_000010_000050,04,crate (gray),standard objects,6.0,62.52,52.14,64.06,52.14,67.82,43.28,59.62
02_Hanns_Klemm_Str_44_000010_000060,05,"crate (gray, 2x stacked)",standard objects,11.0,63.08,50.34,65.88,50.34,65.6,46.39,63.9
02_Hanns_Klemm_Str_44_000010_000060,04,crate (gray),standard objects,6.0,61.76,50.01,64.73,50.01,65.64,44.85,62.15
02_Hanns_Klemm_Str_44_000010_000070,05,"crate (gray, 2x stacked)",standard objects,11.0,60.84,50.68,61.12,50.68,63.92,45.58,58.57
02_Hanns_Klemm_Str_44_000010_000070,04,crate (gray),standard objects,6.0,59.77,49.51,62.4,49.51,62.44,44.08,59.69
02_Hanns_Klemm_Str_44_000010_000080,05,"crate (gray, 2x stacked)",standard objects,12.0,57.48,55.94,62.36,55.94,64.05,48.3,58.54
02_Hanns_Klemm_Str_44_000010_000080,04,crate (gray),standard objects,7.0,60.29,55.49,63.12,55.49,64.97,47.36,59.05
02_Hanns_Klemm_Str_44_000010_000090,05,"crate (gray, 2x stacked)",standard objects,13.0,52.16,55.08,58.95,55.08,62.14,55.59,59.21
02_Hanns_Klemm_Str_44_000010_000090,04,crate (gray),standard objects,7.0,53.68,57.16,60.98,57.16,63.3,53.53,59.16
02_Hanns_Klemm_Str_44_000010_000100,05,"crate (gray, 2x stacked)",standard objects,13.0,49.92,53.67,57.81,53.67,57.11,54.55,58.25
02_Hanns_Klemm_Str_44_000010_000100,04,crate (gray),standard objects,8.0,49.65,54.25,57.25,54.25,57.53,51.55,55.89
02_Hanns_Klemm_Str_44_000010_000110,05,"crate (gray, 2x stacked)",standard objects,16.0,47.6,49.7,52.0,49.7,52.77,51.97,53.13
02_Hanns_Klemm_Str_44_000010_000110,04,crate (gray),standard objects,10.0,46.92,51.28,52.63,51.28,53.86,50.69,52.33
02_Hanns_Klemm_Str_44_000010_000120,05,"crate (gray, 2x stacked)",standard objects,16.0,42.63,45.8,47.95,45.8,49.02,49.54,49.81
02_Hanns_Klemm_Str_44_000010_000120,04,crate (gray),standard objects,11.0,43.28,46.35,47.36,46.35,49.6,48.37,48.77
02_Hanns_Klemm_Str_44_000010_000130,05,"crate (gray, 2x stacked)",standard objects,19.0,39.37,41.55,44.52,41.55,44.41,43.13,45.3
02_Hanns_Klemm_Str_44_000010_000130,04,crate (gray),standard objects,11.0,40.32,41.6,43.59,41.6,44.39,42.96,44.28
02_Hanns_Klemm_Str_44_000010_000140,05,"crate (gray, 2x stacked)",standard objects,19.0,35.62,36.01,38.7,36.01,37.57,37.36,39.38
02_Hanns_Klemm_Str_44_000010_000140,04,crate (gray),standard objects,13.0,36.16,36.32,38.4,36.32,38.27,37.03,38.75
02_Hanns_Klemm_Str_44_000010_000150,05,"crate (gray, 2x stacked)",standard objects,22.0,31.29,32.54,35.43,32.54,33.56,33.78,36.05
02_Hanns_Klemm_Str_44_000010_000150,04,crate (gray),standard objects,14.0,31.73,32.09,34.98,32.09,33.51,33.25,35.55
02_Hanns_Klemm_Str_44_000010_000160,05,"crate (gray, 2x stacked)",standard objects,29.0,27.84,28.5,30.45,28.5,28.88,29.99,31.2
02_Hanns_Klemm_Str_44_000010_000160,04,crate (gray),standard objects,18.0,27.92,28.25,30.43,28.25,29.02,29.11,30.86
02_Hanns_Klemm_Str_44_000010_000170,05,"crate (gray, 2x stacked)",standard objects,30.0,23.53,25.46,26.23,25.46,25.59,26.9,26.95
02_Hanns_Klemm_Str_44_000010_000170,04,crate (gray),standard objects,21.0,24.02,25.6,26.38,25.6,25.91,26.55,26.85
02_Hanns_Klemm_Str_44_000010_000180,05,"crate (gray, 2x stacked)",standard objects,39.0,19.59,21.14,21.69,21.14,21.19,22.24,22.35
02_Hanns_Klemm_Str_44_000010_000180,04,crate (gray),standard objects,24.0,19.84,20.92,21.63,20.92,21.14,22.2,22.27
02_Hanns_Klemm_Str_44_000010_000190,05,"crate (gray, 2x stacked)",standard objects,50.0,15.6,16.68,16.71,16.03,16.36,16.74,17.34
02_Hanns_Klemm_Str_44_000010_000190,04,crate (gray),standard objects,30.0,15.8,16.49,16.8,16.05,16.27,17.1,17.48
02_Hanns_Klemm_Str_44_000010_000200,04,crate (gray),standard objects,43.0,11.64,12.2,12.41,11.87,12.25,12.2,12.97
02_Hanns_Klemm_Str_44_000010_000200,05,"crate (gray, 2x stacked)",standard objects,66.0,11.48,11.95,12.35,11.83,12.29,11.95,12.85
02_Hanns_Klemm_Str_44_000010_000210,05,"crate (gray, 2x stacked)",standard objects,108.0,7.7,8.23,8.52,7.94,8.38,8.23,8.75
02_Hanns_Klemm_Str_44_000010_000210,04,crate (gray),standard objects,73.0,7.86,8.45,8.61,8.01,8.39,8.45,8.92
02_Hanns_Klemm_Str_44_000011_000030,23,dog (black),emotional hazards,17.0,71.94,70.36,84.09,70.36,76.47,74.17,86.0
02_Hanns_Klemm_Str_44_000011_000040,23,dog (black),emotional hazards,16.0,72.47,70.57,85.36,70.57,75.69,74.21,87.19
02_Hanns_Klemm_Str_44_000011_000050,23,dog (black),emotional hazards,14.0,78.99,68.19,80.8,68.19,74.21,70.57,81.98
02_Hanns_Klemm_Str_44_000011_000060,23,dog (black),emotional hazards,14.0,74.86,68.02,81.02,68.02,72.53,71.33,82.67
02_Hanns_Klemm_Str_44_000011_000070,23,dog (black),emotional hazards,17.0,69.84,65.76,78.11,65.76,70.16,65.53,78.0
02_Hanns_Klemm_Str_44_000011_000080,23,dog (black),emotional hazards,16.0,70.68,57.93,70.03,57.93,66.18,60.54,71.33
02_Hanns_Klemm_Str_44_000011_000090,23,dog (black),emotional hazards,18.0,68.32,58.81,70.09,58.81,64.49,62.34,71.85
02_Hanns_Klemm_Str_44_000011_000100,23,dog (black),emotional hazards,20.0,70.29,55.65,65.33,55.65,61.91,57.95,66.48
02_Hanns_Klemm_Str_44_000011_000110,23,dog (black),emotional hazards,19.0,61.72,57.05,66.2,57.05,61.3,56.84,66.1
02_Hanns_Klemm_Str_44_000011_000120,23,dog (black),emotional hazards,21.0,54.66,54.35,63.29,54.35,57.2,55.04,63.64
02_Hanns_Klemm_Str_44_000011_000130,23,dog (black),emotional hazards,23.0,48.8,50.26,59.02,50.26,53.39,50.95,59.37
02_Hanns_Klemm_Str_44_000011_000140,23,dog (black),emotional hazards,24.0,45.2,48.37,53.17,48.37,51.22,46.16,52.06
02_Hanns_Klemm_Str_44_000011_000150,23,dog (black),emotional hazards,26.0,40.74,46.62,51.34,46.62,49.89,45.96,51.02
02_Hanns_Klemm_Str_44_000011_000160,23,dog (black),emotional hazards,29.0,36.3,43.51,48.03,43.51,46.47,42.93,47.74
02_Hanns_Klemm_Str_44_000011_000170,23,dog (black),emotional hazards,31.0,32.42,38.69,40.27,38.69,41.95,41.84,41.88
02_Hanns_Klemm_Str_44_000011_000180,23,dog (black),emotional hazards,36.0,28.69,37.83,41.99,37.83,39.35,40.76,43.46
02_Hanns_Klemm_Str_44_000011_000190,23,dog (black),emotional hazards,42.0,25.13,34.55,36.61,34.55,37.08,35.5,37.09
02_Hanns_Klemm_Str_44_000011_000200,23,dog (black),emotional hazards,46.0,21.3,31.22,35.44,31.22,33.39,30.69,35.17
02_Hanns_Klemm_Str_44_000011_000210,23,dog (black),emotional hazards,57.0,18.03,24.71,26.58,24.71,24.86,24.77,26.61
02_Hanns_Klemm_Str_44_000011_000220,23,dog (black),emotional hazards,71.0,14.78,17.57,18.0,18.43,19.59,17.57,19.89
02_Hanns_Klemm_Str_44_000011_000230,23,dog (black),emotional hazards,90.0,11.62,13.06,13.69,13.12,13.71,13.06,14.35
02_Hanns_Klemm_Str_44_000011_000240,23,dog (black),emotional hazards,118.0,8.99,9.78,10.38,9.78,10.38,9.78,10.82
02_Hanns_Klemm_Str_44_000012_000020,24,dog (white),emotional hazards,7.0,72.59,71.24,91.53,71.24,82.31,68.42,90.12
02_Hanns_Klemm_Str_44_000012_000030,24,dog (white),emotional hazards,6.0,72.63,65.19,89.12,65.19,80.6,69.46,91.25
02_Hanns_Klemm_Str_44_000012_000040,24,dog (white),emotional hazards,7.0,73.0,64.99,79.1,64.99,74.89,65.96,79.58
02_Hanns_Klemm_Str_44_000012_000050,24,dog (white),emotional hazards,7.0,67.6,64.7,91.82,64.7,82.04,66.27,92.6
02_Hanns_Klemm_Str_44_000012_000060,24,dog (white),emotional hazards,7.0,67.71,62.28,91.28,62.28,70.88,63.85,92.07
02_Hanns_Klemm_Str_44_000012_000070,24,dog (white),emotional hazards,7.0,63.2,62.55,86.01,62.55,75.34,61.25,85.36
02_Hanns_Klemm_Str_44_000012_000080,24,dog (white),emotional hazards,7.0,61.16,58.92,75.89,58.92,66.81,58.26,75.56
02_Hanns_Klemm_Str_44_000012_000090,24,dog (white),emotional hazards,8.0,59.36,59.81,76.33,59.81,69.67,57.66,75.25
02_Hanns_Klemm_Str_44_000012_000100,24,dog (white),emotional hazards,9.0,56.87,54.84,71.53,54.84,62.86,51.12,69.67
02_Hanns_Klemm_Str_44_000012_000110,24,dog (white),emotional hazards,8.0,51.39,51.53,67.53,51.53,62.16,48.07,65.8
02_Hanns_Klemm_Str_44_000012_000120,24,dog (white),emotional hazards,10.0,47.72,50.63,67.3,50.63,60.25,47.24,65.61
02_Hanns_Klemm_Str_44_000012_000130,24,dog (white),emotional hazards,10.0,42.51,44.43,55.18,44.43,58.05,41.76,53.84
02_Hanns_Klemm_Str_44_000012_000140,24,dog (white),emotional hazards,12.0,40.54,37.82,45.83,37.82,46.93,37.25,45.55
02_Hanns_Klemm_Str_44_000012_000150,24,dog (white),emotional hazards,14.0,35.33,40.27,45.9,40.27,45.69,32.37,41.95
02_Hanns_Klemm_Str_44_000012_000160,24,dog (white),emotional hazards,18.0,30.94,26.66,32.34,26.66,34.7,28.8,33.41
02_Hanns_Klemm_Str_44_000012_000170,24,dog (white),emotional hazards,23.0,26.63,25.18,27.24,25.18,33.86,28.67,28.98
02_Hanns_Klemm_Str_44_000012_000180,24,dog (white),emotional hazards,31.0,22.21,22.96,23.98,24.99,28.88,22.96,23.27
02_Hanns_Klemm_Str_44_000012_000190,24,dog (white),emotional hazards,47.0,17.9,17.15,18.13,16.59,16.87,19.12,19.25
02_Hanns_Klemm_Str_44_000012_000200,24,dog (white),emotional hazards,59.0,13.31,13.97,14.03,14.08,14.25,13.97,14.29
02_Hanns_Klemm_Str_44_000013_000020,26,bobby car (gray),emotional hazards,13.0,67.11,68.43,78.78,68.43,72.59,74.17,81.65
02_Hanns_Klemm_Str_44_000013_000030,26,bobby car (gray),emotional hazards,13.0,66.59,67.93,78.38,67.93,70.25,70.87,79.84
02_Hanns_Klemm_Str_44_000013_000040,26,bobby car (gray),emotional hazards,13.0,64.62,71.61,83.24,71.61,74.69,73.43,84.15
02_Hanns_Klemm_Str_44_000013_000050,26,bobby car (gray),emotional hazards,15.0,62.94,72.52,83.45,72.52,74.16,73.19,83.79
02_Hanns_Klemm_Str_44_000013_000060,26,bobby car (gray),emotional hazards,15.0,62.56,66.12,79.77,66.12,71.01,65.9,79.66
02_Hanns_Klemm_Str_44_000013_000070,26,bobby car (gray),emotional hazards,15.0,63.54,63.73,73.63,63.73,69.84,64.88,74.2
02_Hanns_Klemm_Str_44_000013_000080,26,bobby car (gray),emotional hazards,15.0,60.93,63.7,69.59,63.7,66.01,58.87,67.17
02_Hanns_Klemm_Str_44_000013_000090,26,bobby car (gray),emotional hazards,16.0,59.69,58.22,71.26,58.22,61.87,60.11,72.2
02_Hanns_Klemm_Str_44_000013_000100,26,bobby car (gray),emotional hazards,17.0,54.49,57.85,64.78,57.85,60.02,60.61,66.16
02_Hanns_Klemm_Str_44_000013_000110,26,bobby car (gray),emotional hazards,16.0,51.04,57.33,64.46,57.33,58.36,56.69,64.14
02_Hanns_Klemm_Str_44_000013_000120,26,bobby car (gray),emotional hazards,18.0,48.53,56.96,65.92,56.17,56.56,51.08,62.98
02_Hanns_Klemm_Str_44_000013_000130,26,bobby car (gray),emotional hazards,19.0,44.62,50.21,61.75,50.21,50.89,50.34,61.81
02_Hanns_Klemm_Str_44_000013_000140,26,bobby car (gray),emotional hazards,21.0,41.95,46.81,54.14,46.81,48.12,50.8,56.13
02_Hanns_Klemm_Str_44_000013_000150,26,bobby car (gray),emotional hazards,24.0,37.61,41.99,45.87,41.99,43.21,45.38,47.56
02_Hanns_Klemm_Str_44_000013_000160,26,bobby car (gray),emotional hazards,27.0,34.79,38.59,41.34,38.59,39.29,39.79,41.94
02_Hanns_Klemm_Str_44_000013_000170,26,bobby car (gray),emotional hazards,30.0,30.93,34.34,35.94,34.34,35.76,37.18,37.36
02_Hanns_Klemm_Str_44_000013_000180,26,bobby car (gray),emotional hazards,33.0,26.95,31.32,32.34,31.32,32.15,33.35,33.39
02_Hanns_Klemm_Str_44_000013_000190,26,bobby car (gray),emotional hazards,40.0,22.91,25.92,26.84,25.92,27.09,27.77,27.82
02_Hanns_Klemm_Str_44_000013_000200,26,bobby car (gray),emotional hazards,50.0,19.21,21.59,22.56,21.59,22.08,23.53,23.9
02_Hanns_Klemm_Str_44_000013_000210,26,bobby car (gray),emotional hazards,61.0,15.55,17.51,18.51,17.51,18.12,19.5,20.2
02_Hanns_Klemm_Str_44_000013_000220,26,bobby car (gray),emotional hazards,81.0,12.05,12.99,13.52,12.5,13.28,12.99,14.35
02_Hanns_Klemm_Str_44_000013_000230,26,bobby car (gray),emotional hazards,112.0,8.87,9.83,9.91,9.33,9.66,9.83,10.37
02_Hanns_Klemm_Str_44_000014_000020,27,bobby car (red),emotional hazards,6.0,73.67,67.75,84.34,67.75,77.73,72.82,86.88
02_Hanns_Klemm_Str_44_000014_000030,27,bobby car (red),emotional hazards,7.0,76.51,69.94,87.12,69.94,76.44,70.71,87.5
02_Hanns_Klemm_Str_44_000014_000040,27,bobby car (red),emotional hazards,11.0,74.91,71.01,90.41,71.01,76.86,73.15,91.48
02_Hanns_Klemm_Str_44_000014_000050,27,bobby car (red),emotional hazards,11.0,74.74,71.95,90.02,71.95,77.28,71.45,89.77
02_Hanns_Klemm_Str_44_000014_000060,27,bobby car (red),emotional hazards,11.0,71.38,67.37,82.27,67.37,71.77,67.29,82.22
02_Hanns_Klemm_Str_44_000014_000070,27,bobby car (red),emotional hazards,13.0,70.14,62.84,79.16,62.84,71.8,63.09,79.28
02_Hanns_Klemm_Str_44_000014_000080,27,bobby car (red),emotional hazards,12.0,69.54,58.5,78.56,58.5,69.73,60.56,79.59
02_Hanns_Klemm_Str_44_000014_000090,27,bobby car (red),emotional hazards,12.0,61.87,56.69,71.69,56.69,66.32,57.18,71.94
02_Hanns_Klemm_Str_44_000014_000100,27,bobby car (red),emotional hazards,14.0,59.28,51.76,67.73,51.76,60.67,52.97,68.34
02_Hanns_Klemm_Str_44_000014_000110,27,bobby car (red),emotional hazards,15.0,53.59,47.64,60.62,47.64,56.47,48.41,61.01
02_Hanns_Klemm_Str_44_000014_000120,27,bobby car (red),emotional hazards,16.0,48.95,45.95,57.46,45.95,52.98,45.18,57.08
02_Hanns_Klemm_Str_44_000014_000130,27,bobby car (red),emotional hazards,18.0,45.05,40.79,49.03,40.79,47.56,43.53,50.41
02_Hanns_Klemm_Str_44_000014_000140,27,bobby car (red),emotional hazards,18.0,41.17,35.09,43.56,35.09,45.15,40.31,46.17
02_Hanns_Klemm_Str_44_000014_000150,27,bobby car (red),emotional hazards,21.0,36.79,31.88,41.51,31.88,35.71,35.44,43.28
02_Hanns_Klemm_Str_44_000014_000160,27,bobby car (red),emotional hazards,25.0,33.43,28.24,33.62,28.24,31.91,34.66,36.83
02_Hanns_Klemm_Str_44_000014_000170,27,bobby car (red),emotional hazards,30.0,29.11,25.09,28.98,25.09,30.09,32.87,34.36
02_Hanns_Klemm_Str_44_000014_000180,27,bobby car (red),emotional hazards,36.0,25.13,21.74,24.57,21.74,23.54,27.19,27.3
02_Hanns_Klemm_Str_44_000014_000190,27,bobby car (red),emotional hazards,44.0,21.31,20.94,21.02,20.42,20.68,21.11,21.88
02_Hanns_Klemm_Str_44_000014_000200,27,bobby car (red),emotional hazards,56.0,17.55,16.56,17.2,17.83,19.92,16.56,18.17
02_Hanns_Klemm_Str_44_000014_000210,27,bobby car (red),emotional hazards,72.0,13.71,14.97,15.08,15.19,15.7,14.97,15.62
02_Hanns_Klemm_Str_44_000014_000220,27,bobby car (red),emotional hazards,94.0,10.26,10.5,10.68,10.79,10.82,10.5,11.03
02_Hanns_Klemm_Str_44_000015_000050,27,bobby car (red),emotional hazards,4.0,52.97,38.64,45.38,38.64,48.43,38.82,45.47
02_Hanns_Klemm_Str_44_000015_000060,27,bobby car (red),emotional hazards,8.0,50.0,37.8,43.67,37.8,48.08,37.84,43.69
02_Hanns_Klemm_Str_44_000015_000070,27,bobby car (red),emotional hazards,8.0,48.93,35.72,40.88,35.72,43.77,35.88,40.95
02_Hanns_Klemm_Str_44_000015_000080,27,bobby car (red),emotional hazards,9.0,47.09,34.72,40.35,34.72,41.23,35.12,40.55
02_Hanns_Klemm_Str_44_000015_000090,27,bobby car (red),emotional hazards,10.0,43.52,34.31,39.53,34.31,39.52,34.23,39.49
02_Hanns_Klemm_Str_44_000015_000100,27,bobby car (red),emotional hazards,10.0,41.04,33.3,38.81,33.3,39.11,31.92,38.12
02_Hanns_Klemm_Str_44_000015_000110,27,bobby car (red),emotional hazards,10.0,42.39,30.84,35.74,30.84,37.16,30.43,35.54
02_Hanns_Klemm_Str_44_000015_000120,27,bobby car (red),emotional hazards,11.0,38.64,29.48,33.16,29.48,35.48,29.83,33.33
02_Hanns_Klemm_Str_44_000015_000130,27,bobby car (red),emotional hazards,16.0,37.08,27.51,30.05,27.51,30.16,27.39,29.98
02_Hanns_Klemm_Str_44_000015_000140,27,bobby car (red),emotional hazards,26.0,32.17,23.74,25.16,23.74,26.27,23.67,25.12
02_Hanns_Klemm_Str_44_000015_000150,27,bobby car (red),emotional hazards,35.0,28.26,24.32,24.9,24.32,25.76,23.74,24.61
02_Hanns_Klemm_Str_44_000015_000160,27,bobby car (red),emotional hazards,39.0,24.97,23.6,23.94,24.09,24.18,23.6,23.63
02_Hanns_Klemm_Str_44_000015_000170,27,bobby car (red),emotional hazards,47.0,21.07,20.51,21.93,22.46,22.9,20.51,21.74
02_Hanns_Klemm_Str_44_000015_000180,27,bobby car (red),emotional hazards,56.0,17.83,16.74,17.57,18.29,18.34,16.74,16.88
02_Hanns_Klemm_Str_44_000015_000190,27,bobby car (red),emotional hazards,67.0,14.14,12.96,13.29,13.62,13.65,12.96,13.19
02_Hanns_Klemm_Str_44_000015_000200,27,bobby car (red),emotional hazards,93.0,10.82,10.2,10.65,10.49,10.8,10.2,10.86
02_Hanns_Klemm_Str_44_000015_000210,27,bobby car (red),emotional hazards,128.0,7.71,7.91,8.03,7.54,7.84,7.91,8.2
02_Hanns_Klemm_Str_44_000016_000020,26,bobby car (gray),emotional hazards,10.0,45.07,34.95,40.76,34.95,39.81,35.5,41.03
02_Hanns_Klemm_Str_44_000016_000030,26,bobby car (gray),emotional hazards,8.0,46.33,36.32,41.17,36.32,42.29,36.85,41.44
02_Hanns_Klemm_Str_44_000016_000040,26,bobby car (gray),emotional hazards,10.0,45.02,34.9,39.31,34.9,39.29,35.43,39.58
02_Hanns_Klemm_Str_44_000016_000050,26,bobby car (gray),emotional hazards,10.0,44.45,34.64,39.19,34.64,39.67,34.32,39.02
02_Hanns_Klemm_Str_44_000016_000060,26,bobby car (gray),emotional hazards,11.0,44.07,33.82,38.58,33.82,38.68,33.18,38.26
02_Hanns_Klemm_Str_44_000016_000070,26,bobby car (gray),emotional hazards,12.0,40.12,32.07,37.0,32.07,35.91,31.49,36.7
02_Hanns_Klemm_Str_44_000016_000080,26,bobby car (gray),emotional hazards,12.0,38.32,31.41,34.71,31.41,35.93,30.63,34.32
02_Hanns_Klemm_Str_44_000016_000090,26,bobby car (gray),emotional hazards,13.0,35.41,29.9,32.19,29.9,34.25,29.65,32.06
02_Hanns_Klemm_Str_44_000016_000100,26,bobby car (gray),emotional hazards,15.0,32.71,28.13,29.96,28.13,31.34,27.85,29.82
02_Hanns_Klemm_Str_44_000016_000110,26,bobby car (gray),emotional hazards,23.0,29.67,23.97,25.21,23.97,24.52,23.64,25.05
02_Hanns_Klemm_Str_44_000016_000120,26,bobby car (gray),emotional hazards,37.0,25.79,20.65,20.93,19.49,20.07,21.21,21.29
02_Hanns_Klemm_Str_44_000016_000130,26,bobby car (gray),emotional hazards,43.0,22.69,18.88,19.77,19.51,20.09,18.88,19.93
02_Hanns_Klemm_Str_44_000016_000140,26,bobby car (gray),emotional hazards,55.0,19.06,16.85,18.58,20.3,20.48,16.85,18.53
02_Hanns_Klemm_Str_44_000016_000150,26,bobby car (gray),emotional hazards,64.0,15.65,14.76,15.59,16.13,16.28,14.76,15.39
02_Hanns_Klemm_Str_44_000016_000160,26,bobby car (gray),emotional hazards,81.0,12.22,11.26,11.52,11.77,12.05,11.26,11.42
02_Hanns_Klemm_Str_44_000016_000170,26,bobby car (gray),emotional hazards,105.0,9.07,8.63,9.07,8.88,9.2,8.63,9.2
02_Hanns_Klemm_Str_44_000016_000180,26,bobby car (gray),emotional hazards,156.0,6.4,6.47,6.6,6.25,6.49,6.47,6.75
02_Hanns_Klemm_Str_44_000017_000020,23,dog (black),emotional hazards,10.0,51.52,36.67,44.28,36.67,42.91,36.57,44.23
02_Hanns_Klemm_Str_44_000017_000030,23,dog (black),emotional hazards,11.0,49.57,35.84,42.06,35.84,44.13,34.75,41.52
02_Hanns_Klemm_Str_44_000017_000040,23,dog (black),emotional hazards,11.0,50.29,35.1,40.64,35.1,43.23,33.88,40.03
02_Hanns_Klemm_Str_44_000017_000050,23,dog (black),emotional hazards,13.0,48.93,35.49,39.58,35.49,43.17,34.49,39.08
02_Hanns_Klemm_Str_44_000017_000060,23,dog (black),emotional hazards,14.0,47.21,33.95,39.9,33.95,41.19,32.54,39.19
02_Hanns_Klemm_Str_44_000017_000070,23,dog (black),emotional hazards,14.0,43.71,31.32,34.3,31.32,38.66,30.7,33.99
02_Hanns_Klemm_Str_44_000017_000080,23,dog (black),emotional hazards,15.0,42.53,29.55,32.73,29.55,37.83,29.57,32.73
02_Hanns_Klemm_Str_44_000017_000090,23,dog (black),emotional hazards,19.0,37.58,28.2,30.14,28.2,39.33,28.0,30.04
02_Hanns_Klemm_Str_44_000017_000100,23,dog (black),emotional hazards,28.0,34.64,25.75,25.81,25.88,30.3,25.64,25.7
02_Hanns_Klemm_Str_44_000017_000110,23,dog (black),emotional hazards,34.0,30.94,24.96,25.32,25.68,26.38,24.51,24.73
02_Hanns_Klemm_Str_44_000017_000120,23,dog (black),emotional hazards,39.0,26.67,23.19,25.22,25.61,26.43,23.19,24.29
02_Hanns_Klemm_Str_44_000017_000130,23,dog (black),emotional hazards,45.0,22.98,19.89,22.86,24.98,25.4,19.89,22.16
02_Hanns_Klemm_Str_44_000017_000140,23,dog (black),emotional hazards,55.0,19.01,17.6,18.47,19.29,19.31,17.6,18.34
02_Hanns_Klemm_Str_44_000017_000150,23,dog (black),emotional hazards,69.0,15.04,13.97,14.51,14.32,14.69,13.97,14.66
02_Hanns_Klemm_Str_44_000017_000160,23,dog (black),emotional hazards,92.0,11.45,10.82,11.34,10.86,11.36,10.82,11.45
02_Hanns_Klemm_Str_44_000017_000170,23,dog (black),emotional hazards,132.0,7.92,7.8,8.05,7.7,8.0,7.8,8.21
02_Hanns_Klemm_Str_44_000018_000080,24,dog (white),emotional hazards,9.0,27.52,21.96,22.17,21.96,35.05,22.38,27.59
02_Hanns_Klemm_Str_44_000018_000090,24,dog (white),emotional hazards,8.0,46.0,31.76,35.87,31.76,37.37,31.43,35.7
02_Hanns_Klemm_Str_44_000018_000100,24,dog (white),emotional hazards,12.0,43.89,29.28,33.44,29.28,34.34,29.12,33.36
02_Hanns_Klemm_Str_44_000018_000110,24,dog (white),emotional hazards,11.0,42.68,27.61,30.48,27.61,29.8,27.31,30.34
02_Hanns_Klemm_Str_44_000018_000120,24,dog (white),emotional hazards,18.0,37.79,25.02,27.07,25.02,27.82,25.56,27.34
02_Hanns_Klemm_Str_44_000018_000130,24,dog (white),emotional hazards,23.0,35.56,26.31,27.31,26.31,27.13,25.35,26.84
02_Hanns_Klemm_Str_44_000018_000140,24,dog (white),emotional hazards,25.0,31.41,26.46,27.01,26.46,26.91,25.02,26.29
02_Hanns_Klemm_Str_44_000018_000150,24,dog (white),emotional hazards,30.0,27.73,26.43,27.38,28.15,28.24,26.06,26.24
02_Hanns_Klemm_Str_44_000018_000160,24,dog (white),emotional hazards,33.0,24.1,22.82,24.41,26.0,26.2,22.82,23.83
02_Hanns_Klemm_Str_44_000018_000170,24,dog (white),emotional hazards,38.0,20.61,19.51,20.29,21.07,21.5,19.51,19.73
02_Hanns_Klemm_Str_44_000018_000180,24,dog (white),emotional hazards,44.0,16.97,15.86,16.25,16.65,16.86,15.86,16.01
02_Hanns_Klemm_Str_44_000018_000190,24,dog (white),emotional hazards,58.0,13.84,13.3,13.77,13.48,13.86,13.3,13.82
02_Hanns_Klemm_Str_44_000018_000200,24,dog (white),emotional hazards,75.0,10.4,9.91,10.33,9.94,10.34,9.91,10.46
02_Hanns_Klemm_Str_44_000018_000210,24,dog (white),emotional hazards,112.0,6.94,6.91,7.29,6.77,7.22,6.91,7.32
04_Maurener_Weg_8_000000_000020,06,"crate (gray, upright)",standard objects,20.0,71.58,58.52,64.1,58.52,64.82,57.33,63.51
04_Maurener_Weg_8_000000_000020,04,crate (gray),standard objects,8.0,63.54,53.98,59.66,53.98,65.36,54.31,59.83
04_Maurener_Weg_8_000000_000020,05,"crate (gray, 2x stacked)",standard objects,11.0,75.83,59.37,66.41,59.37,71.3,60.32,66.88
04_Maurener_Weg_8_000000_000030,04,crate (gray),standard objects,9.0,62.86,53.86,58.83,53.86,63.52,55.63,59.71
04_Maurener_Weg_8_000000_000030,05,"crate (gray, 2x stacked)",standard objects,12.0,72.3,60.2,66.19,60.2,71.56,60.81,66.49
04_Maurener_Weg_8_000000_000030,06,"crate (gray, upright)",standard objects,21.0,71.32,54.08,58.11,54.08,64.85,57.24,59.7
04_Maurener_Weg_8_000000_000040,04,crate (gray),standard objects,9.0,60.13,51.5,58.14,51.5,61.12,53.21,59.0
04_Maurener_Weg_8_000000_000040,05,"crate (gray, 2x stacked)",standard objects,12.0,67.36,58.23,64.86,58.23,69.17,58.92,65.2
04_Maurener_Weg_8_000000_000040,06,"crate (gray, upright)",standard objects,23.0,68.5,53.55,59.7,53.55,61.14,55.49,60.67
04_Maurener_Weg_8_000000_000050,04,crate (gray),standard objects,9.0,58.18,51.7,56.66,51.7,56.72,49.2,55.41
04_Maurener_Weg_8_000000_000050,05,"crate (gray, 2x stacked)",standard objects,13.0,66.22,59.56,65.88,59.56,65.27,55.44,63.82
04_Maurener_Weg_8_000000_000050,06,"crate (gray, upright)",standard objects,22.0,65.81,57.24,60.09,57.24,60.64,53.53,58.24
04_Maurener_Weg_8_000000_000060,04,crate (gray),standard objects,11.0,54.43,48.92,54.36,48.92,55.41,48.95,54.38
04_Maurener_Weg_8_000000_000060,05,"crate (gray, 2x stacked)",standard objects,14.0,64.3,55.18,61.85,55.18,62.47,54.97,61.74
04_Maurener_Weg_8_000000_000060,06,"crate (gray, upright)",standard objects,24.0,63.29,49.56,54.0,49.56,56.06,51.38,54.91
04_Maurener_Weg_8_000000_000070,04,crate (gray),standard objects,11.0,51.21,44.89,48.6,44.89,50.53,46.62,49.47
04_Maurener_Weg_8_000000_000070,05,"crate (gray, 2x stacked)",standard objects,14.0,60.84,50.87,57.09,50.87,57.39,53.09,58.2
04_Maurener_Weg_8_000000_000070,06,"crate (gray, upright)",standard objects,25.0,59.39,47.15,51.81,47.15,51.91,50.38,53.43
04_Maurener_Weg_8_000000_000080,04,crate (gray),standard objects,11.0,47.49,39.72,43.75,39.72,44.92,41.33,44.56
04_Maurener_Weg_8_000000_000080,05,"crate (gray, 2x stacked)",standard objects,15.0,55.74,45.7,50.18,45.7,50.47,46.99,50.83
04_Maurener_Weg_8_000000_000080,06,"crate (gray, upright)",standard objects,28.0,54.06,42.69,48.03,42.69,47.0,44.95,49.16
04_Maurener_Weg_8_000000_000090,04,crate (gray),standard objects,13.0,42.58,37.74,39.62,37.74,41.31,37.58,39.55
04_Maurener_Weg_8_000000_000090,05,"crate (gray, 2x stacked)",standard objects,18.0,51.78,44.81,47.29,44.81,48.12,43.77,46.77
04_Maurener_Weg_8_000000_000090,06,"crate (gray, upright)",standard objects,28.0,51.57,41.84,44.31,41.84,44.56,41.9,44.34
04_Maurener_Weg_8_000000_000100,04,crate (gray),standard objects,14.0,36.89,32.77,35.32,32.77,35.53,33.69,35.78
04_Maurener_Weg_8_000000_000100,05,"crate (gray, 2x stacked)",standard objects,19.0,48.86,40.08,43.2,40.08,43.29,40.52,43.42
04_Maurener_Weg_8_000000_000100,06,"crate (gray, upright)",standard objects,31.0,47.28,38.72,41.53,38.72,41.0,38.85,41.59
04_Maurener_Weg_8_000000_000110,04,crate (gray),standard objects,18.0,32.78,29.56,31.66,29.56,31.59,31.54,32.64
04_Maurener_Weg_8_000000_000110,05,"crate (gray, 2x stacked)",standard objects,20.0,42.43,36.21,38.3,36.21,38.45,38.08,39.23
04_Maurener_Weg_8_000000_000110,06,"crate (gray, upright)",standard objects,34.0,42.64,34.0,36.23,34.0,36.33,37.32,37.89
04_Maurener_Weg_8_000000_000120,04,crate (gray),standard objects,20.0,28.44,26.88,28.29,26.88,28.56,28.85,29.27
04_Maurener_Weg_8_000000_000120,05,"crate (gray, 2x stacked)",standard objects,25.0,37.88,33.79,35.62,33.79,36.4,35.37,36.41
04_Maurener_Weg_8_000000_000120,06,"crate (gray, upright)",standard objects,37.0,36.65,31.81,34.13,31.81,33.95,34.03,35.24
04_Maurener_Weg_8_000000_000130,04,crate (gray),standard objects,24.0,24.69,23.18,24.23,23.18,23.72,25.27,25.34
04_Maurener_Weg_8_000000_000130,05,"crate (gray, 2x stacked)",standard objects,26.0,34.75,30.38,31.5,30.38,31.83,31.8,32.21
04_Maurener_Weg_8_000000_000130,06,"crate (gray, upright)",standard objects,44.0,32.38,28.56,28.85,28.56,30.04,29.14,30.27
04_Maurener_Weg_8_000000_000140,04,crate (gray),standard objects,28.0,20.67,19.69,20.18,19.69,19.88,20.43,20.55
04_Maurener_Weg_8_000000_000140,05,"crate (gray, 2x stacked)",standard objects,29.0,30.43,26.35,27.3,26.35,27.79,26.45,27.34
04_Maurener_Weg_8_000000_000140,06,"crate (gray, upright)",standard objects,51.0,28.35,24.28,25.67,24.28,25.8,26.45,26.75
04_Maurener_Weg_8_000000_000150,04,crate (gray),standard objects,35.0,16.61,15.89,16.37,15.68,15.79,16.84,17.35
04_Maurener_Weg_8_000000_000150,05,"crate (gray, 2x stacked)",standard objects,34.0,25.85,22.85,23.7,22.85,23.84,24.54,24.57
04_Maurener_Weg_8_000000_000150,06,"crate (gray, upright)",standard objects,60.0,24.26,21.38,22.26,21.38,22.34,23.14,23.95
04_Maurener_Weg_8_000000_000160,04,crate (gray),standard objects,41.0,12.79,13.25,13.32,12.49,12.87,13.39,14.0
04_Maurener_Weg_8_000000_000160,05,"crate (gray, 2x stacked)",standard objects,40.0,22.6,20.6,21.27,20.6,20.62,21.94,22.09
04_Maurener_Weg_8_000000_000160,06,"crate (gray, upright)",standard objects,71.0,19.69,18.87,19.44,18.87,19.29,20.01,20.75
04_Maurener_Weg_8_000000_000170,04,crate (gray),standard objects,65.0,9.15,9.65,9.84,9.38,9.71,9.65,10.25
04_Maurener_Weg_8_000000_000170,05,"crate (gray, 2x stacked)",standard objects,45.0,18.5,18.43,18.97,18.14,18.29,19.51,19.61
04_Maurener_Weg_8_000000_000170,06,"crate (gray, upright)",standard objects,90.0,15.98,16.06,16.14,16.06,16.38,16.22,17.07
04_Maurener_Weg_8_000000_000180,05,"crate (gray, 2x stacked)",standard objects,56.0,15.01,15.38,15.86,15.17,15.28,16.13,16.23
04_Maurener_Weg_8_000000_000180,06,"crate (gray, upright)",standard objects,110.0,12.63,13.17,13.21,13.16,13.2,13.17,13.7
04_Maurener_Weg_8_000000_000190,05,"crate (gray, 2x stacked)",standard objects,70.0,12.06,12.16,12.4,12.27,12.46,12.16,12.74
04_Maurener_Weg_8_000000_000190,06,"crate (gray, upright)",standard objects,150.0,9.65,9.75,10.11,10.15,10.31,9.75,10.25
04_Maurener_Weg_8_000000_000200,05,"crate (gray, 2x stacked)",standard objects,92.0,9.71,9.78,9.97,9.73,9.95,9.78,10.36
04_Maurener_Weg_8_000000_000200,06,"crate (gray, upright)",standard objects,201.0,7.22,7.28,7.61,7.42,7.67,7.28,7.72
04_Maurener_Weg_8_000001_000030,03,"crate (black, upright)",standard objects,12.0,71.48,51.4,58.15,51.4,62.74,52.45,58.68
04_Maurener_Weg_8_000001_000030,03,"crate (black, upright)",standard objects,9.0,81.02,58.52,67.29,58.52,70.12,59.13,67.59
04_Maurener_Weg_8_000001_000030,02,"crate (black, 2x stacked)",standard objects,15.0,74.35,52.44,59.66,52.44,59.97,52.03,59.45
04_Maurener_Weg_8_000001_000040,03,"crate (black, upright)",standard objects,11.0,66.52,49.43,55.95,49.43,58.44,49.89,56.17
04_Maurener_Weg_8_000001_000040,03,"crate (black, upright)",standard objects,9.0,79.72,58.86,65.21,58.86,69.32,56.29,63.92
04_Maurener_Weg_8_000001_000040,02,"crate (black, 2x stacked)",standard objects,15.0,73.41,51.38,57.39,51.38,58.34,52.22,57.8
04_Maurener_Weg_8_000001_000050,03,"crate (black, upright)",standard objects,11.0,66.25,49.19,51.77,49.19,56.96,48.47,51.41
04_Maurener_Weg_8_000001_000050,03,"crate (black, upright)",standard objects,9.0,77.84,56.95,59.37,56.95,66.44,55.02,58.4
04_Maurener_Weg_8_000001_000050,02,"crate (black, 2x stacked)",standard objects,16.0,71.11,51.09,52.06,51.09,58.48,50.99,52.01
04_Maurener_Weg_8_000001_000060,03,"crate (black, upright)",standard objects,13.0,65.15,47.13,50.44,47.13,52.97,47.66,50.7
04_Maurener_Weg_8_000001_000060,03,"crate (black, upright)",standard objects,10.0,74.69,55.89,58.95,55.89,64.09,53.88,57.94
04_Maurener_Weg_8_000001_000060,02,"crate (black, 2x stacked)",standard objects,17.0,68.76,49.39,50.48,49.39,55.12,49.29,50.43
04_Maurener_Weg_8_000001_000070,03,"crate (black, upright)",standard objects,13.0,59.25,48.23,50.5,48.23,52.78,44.85,48.81
04_Maurener_Weg_8_000001_000070,03,"crate (black, upright)",standard objects,11.0,69.89,55.99,59.11,55.99,62.28,50.87,56.55
04_Maurener_Weg_8_000001_000070,02,"crate (black, 2x stacked)",standard objects,18.0,64.49,49.67,51.7,49.67,52.73,47.01,50.37
04_Maurener_Weg_8_000001_000080,03,"crate (black, upright)",standard objects,13.0,54.8,44.58,47.73,44.58,49.02,43.45,47.17
04_Maurener_Weg_8_000001_000080,03,"crate (black, upright)",standard objects,12.0,64.92,52.32,58.56,52.32,58.11,50.1,57.45
04_Maurener_Weg_8_000001_000080,02,"crate (black, 2x stacked)",standard objects,19.0,62.16,48.1,50.04,48.1,52.45,47.77,49.88
04_Maurener_Weg_8_000001_000090,03,"crate (black, upright)",standard objects,17.0,52.86,41.9,44.86,41.9,45.02,43.38,45.59
04_Maurener_Weg_8_000001_000090,03,"crate (black, upright)",standard objects,12.0,62.43,48.59,54.62,48.59,56.16,50.56,55.6
04_Maurener_Weg_8_000001_000090,02,"crate (black, 2x stacked)",standard objects,19.0,58.16,43.16,48.2,43.16,46.88,45.32,49.28
04_Maurener_Weg_8_000001_000100,03,"crate (black, upright)",standard objects,16.0,49.74,38.24,41.71,38.24,42.61,39.58,42.38
04_Maurener_Weg_8_000001_000100,03,"crate (black, upright)",standard objects,14.0,60.56,45.63,51.22,45.63,52.33,47.39,52.1
04_Maurener_Weg_8_000001_000100,02,"crate (black, 2x stacked)",standard objects,20.0,54.31,41.15,46.05,41.15,44.09,43.62,47.29
04_Maurener_Weg_8_000001_000110,03,"crate (black, upright)",standard objects,19.0,43.87,37.17,41.06,37.17,40.07,38.84,41.9
04_Maurener_Weg_8_000001_000110,03,"crate (black, upright)",standard objects,13.0,57.2,44.9,49.63,44.9,49.45,46.59,50.48
04_Maurener_Weg_8_000001_000110,02,"crate (black, 2x stacked)",standard objects,20.0,49.52,39.49,43.22,39.49,42.05,42.89,44.91
04_Maurener_Weg_8_000001_000120,03,"crate (black, upright)",standard objects,22.0,40.13,33.38,36.03,33.38,36.61,33.48,36.08
04_Maurener_Weg_8_000001_000120,03,"crate (black, upright)",standard objects,13.0,51.33,41.1,46.0,41.1,45.88,41.36,46.12
04_Maurener_Weg_8_000001_000120,02,"crate (black, 2x stacked)",standard objects,23.0,46.84,36.7,39.42,36.7,39.14,38.15,40.15
04_Maurener_Weg_8_000001_000130,03,"crate (black, upright)",standard objects,23.0,36.42,31.19,33.06,31.19,32.56,31.58,33.26
04_Maurener_Weg_8_000001_000130,03,"crate (black, upright)",standard objects,15.0,48.13,39.37,43.47,39.37,42.48,39.33,43.45
04_Maurener_Weg_8_000001_000130,02,"crate (black, 2x stacked)",standard objects,26.0,42.43,34.77,36.3,34.77,37.34,36.95,37.39
04_Maurener_Weg_8_000001_000140,03,"crate (black, upright)",standard objects,30.0,32.02,28.01,29.48,28.01,29.57,30.29,30.62
04_Maurener_Weg_8_000001_000140,03,"crate (black, upright)",standard objects,16.0,43.28,36.34,38.66,36.34,39.23,38.56,39.77
04_Maurener_Weg_8_000001_000140,02,"crate (black, 2x stacked)",standard objects,29.0,37.24,32.19,33.22,32.19,33.77,34.25,34.84
04_Maurener_Weg_8_000001_000150,03,"crate (black, upright)",standard objects,26.0,27.6,24.99,26.03,24.99,26.38,26.57,26.82
04_Maurener_Weg_8_000001_000150,03,"crate (black, upright)",standard objects,17.0,39.84,33.71,35.25,33.71,36.25,35.25,36.02
04_Maurener_Weg_8_000001_000150,02,"crate (black, 2x stacked)",standard objects,32.0,34.11,29.36,30.43,29.36,31.05,31.5,31.51
04_Maurener_Weg_8_000001_000160,03,"crate (black, upright)",standard objects,31.0,22.9,22.9,22.96,23.02,23.09,22.9,23.77
04_Maurener_Weg_8_000001_000160,03,"crate (black, upright)",standard objects,21.0,35.07,33.23,33.52,33.23,34.12,33.8,34.16
04_Maurener_Weg_8_000001_000160,02,"crate (black, 2x stacked)",standard objects,39.0,28.58,27.24,27.55,27.85,28.25,27.24,28.16
04_Maurener_Weg_8_000001_000170,03,"crate (black, upright)",standard objects,37.0,18.45,18.62,19.16,18.3,18.46,19.69,20.05
04_Maurener_Weg_8_000001_000170,03,"crate (black, upright)",standard objects,25.0,30.81,27.9,29.65,27.9,28.66,29.59,30.49
04_Maurener_Weg_8_000001_000170,02,"crate (black, 2x stacked)",standard objects,43.0,24.93,23.58,24.11,23.58,23.62,24.65,25.13
04_Maurener_Weg_8_000001_000180,03,"crate (black, upright)",standard objects,50.0,14.46,15.18,15.19,13.9,14.54,15.2,16.03
04_Maurener_Weg_8_000001_000180,03,"crate (black, upright)",standard objects,27.0,25.69,25.03,26.33,25.03,25.19,27.63,27.66
04_Maurener_Weg_8_000001_000180,02,"crate (black, 2x stacked)",standard objects,53.0,20.41,19.96,20.09,19.77,19.87,20.23,21.28
04_Maurener_Weg_8_000001_000190,03,"crate (black, upright)",standard objects,67.0,10.43,10.61,11.02,10.76,11.09,10.61,11.4
04_Maurener_Weg_8_000001_000190,03,"crate (black, upright)",standard objects,32.0,21.87,21.26,22.04,21.26,21.37,22.82,22.9
04_Maurener_Weg_8_000001_000190,02,"crate (black, 2x stacked)",standard objects,71.0,16.08,15.98,16.05,15.98,16.04,16.11,16.86
04_Maurener_Weg_8_000001_000200,03,"crate (black, upright)",standard objects,110.0,6.65,6.98,7.38,7.09,7.44,6.98,7.59
04_Maurener_Weg_8_000001_000200,03,"crate (black, upright)",standard objects,38.0,18.1,19.01,19.29,18.65,18.83,19.57,19.98
04_Maurener_Weg_8_000001_000200,02,"crate (black, 2x stacked)",standard objects,91.0,12.47,12.79,12.96,13.06,13.1,12.79,13.56
04_Maurener_Weg_8_000001_000210,03,"crate (black, upright)",standard objects,48.0,14.97,16.08,16.43,15.86,16.32,16.08,16.53
04_Maurener_Weg_8_000001_000210,02,"crate (black, 2x stacked)",standard objects,122.0,9.33,9.25,10.0,10.04,10.39,9.25,10.19
04_Maurener_Weg_8_000002_000010,04,crate (gray),standard objects,10.0,39.04,36.21,40.09,36.21,41.87,38.93,41.45
04_Maurener_Weg_8_000002_000010,05,"crate (gray, 2x stacked)",standard objects,20.0,42.06,36.3,40.71,36.3,41.27,38.99,42.05
04_Maurener_Weg_8_000002_000010,06,"crate (gray, upright)",standard objects,29.0,53.97,40.95,44.67,40.95,50.01,46.22,47.3
04_Maurener_Weg_8_000002_000020,04,crate (gray),standard objects,11.0,38.2,35.25,39.22,35.25,41.23,37.12,40.15
04_Maurener_Weg_8_000002_000020,05,"crate (gray, 2x stacked)",standard objects,18.0,41.68,35.73,39.84,35.73,41.17,37.86,40.91
04_Maurener_Weg_8_000002_000020,06,"crate (gray, upright)",standard objects,31.0,52.37,41.34,47.28,41.34,49.81,45.0,49.11
04_Maurener_Weg_8_000002_000030,04,crate (gray),standard objects,11.0,37.19,34.82,38.61,34.82,39.21,37.39,39.89
04_Maurener_Weg_8_000002_000030,05,"crate (gray, 2x stacked)",standard objects,21.0,40.92,35.63,39.95,35.63,40.5,38.14,41.21
04_Maurener_Weg_8_000002_000030,06,"crate (gray, upright)",standard objects,30.0,52.76,41.67,45.25,41.67,49.35,44.78,46.8
04_Maurener_Weg_8_000002_000040,04,crate (gray),standard objects,10.0,36.57,34.23,37.43,34.23,38.14,36.89,38.76
04_Maurener_Weg_8_000002_000040,05,"crate (gray, 2x stacked)",standard objects,19.0,39.21,35.16,37.97,35.16,38.5,37.14,38.97
04_Maurener_Weg_8_000002_000040,06,"crate (gray, upright)",standard objects,33.0,51.7,39.91,45.38,39.91,43.91,43.71,47.28
04_Maurener_Weg_8_000002_000050,04,crate (gray),standard objects,12.0,34.24,31.34,33.94,31.34,34.55,33.72,35.12
04_Maurener_Weg_8_000002_000050,05,"crate (gray, 2x stacked)",standard objects,21.0,36.61,33.05,35.88,33.05,36.24,34.58,36.64
04_Maurener_Weg_8_000002_000050,06,"crate (gray, upright)",standard objects,34.0,45.4,36.51,41.69,36.51,42.2,40.21,43.53
04_Maurener_Weg_8_000002_000060,04,crate (gray),standard objects,12.0,31.64,30.04,32.5,30.04,33.0,32.07,33.51
04_Maurener_Weg_8_000002_000060,05,"crate (gray, 2x stacked)",standard objects,21.0,34.46,32.11,34.28,32.11,35.56,32.86,34.66
04_Maurener_Weg_8_000002_000060,06,"crate (gray, upright)",standard objects,36.0,44.07,36.1,38.57,36.1,39.83,38.51,39.77
04_Maurener_Weg_8_000002_000070,04,crate (gray),standard objects,15.0,28.81,26.95,29.91,26.95,30.14,29.01,30.95
04_Maurener_Weg_8_000002_000070,05,"crate (gray, 2x stacked)",standard objects,21.0,31.45,29.29,31.72,29.29,32.41,30.09,32.12
04_Maurener_Weg_8_000002_000070,06,"crate (gray, upright)",standard objects,37.0,40.05,34.02,38.42,34.02,40.58,36.0,39.41
04_Maurener_Weg_8_000002_000080,04,crate (gray),standard objects,15.0,25.97,25.2,27.31,25.2,26.3,26.61,28.02
04_Maurener_Weg_8_000002_000080,05,"crate (gray, 2x stacked)",standard objects,26.0,28.26,26.79,28.45,26.79,28.73,27.43,28.77
04_Maurener_Weg_8_000002_000080,06,"crate (gray, upright)",standard objects,43.0,36.7,32.1,33.73,32.1,33.72,33.75,34.55
04_Maurener_Weg_8_000002_000090,04,crate (gray),standard objects,17.0,22.75,22.08,22.91,22.08,22.64,23.6,23.67
04_Maurener_Weg_8_000002_000090,05,"crate (gray, 2x stacked)",standard objects,32.0,25.02,23.59,24.25,23.59,24.77,24.79,24.85
04_Maurener_Weg_8_000002_000090,06,"crate (gray, upright)",standard objects,43.0,32.06,28.7,29.71,28.7,29.99,30.72,31.02
04_Maurener_Weg_8_000002_000100,04,crate (gray),standard objects,24.0,19.19,19.23,19.45,18.89,19.06,19.66,19.98
04_Maurener_Weg_8_000002_000100,05,"crate (gray, 2x stacked)",standard objects,34.0,21.35,20.88,21.04,20.66,20.93,20.88,21.59
04_Maurener_Weg_8_000002_000100,06,"crate (gray, upright)",standard objects,55.0,28.37,25.98,26.77,25.98,26.68,27.56,27.64
04_Maurener_Weg_8_000002_000110,04,crate (gray),standard objects,32.0,15.37,15.44,15.66,14.91,15.39,15.44,16.16
04_Maurener_Weg_8_000002_000110,05,"crate (gray, 2x stacked)",standard objects,43.0,18.0,17.23,17.63,16.95,17.49,17.23,18.18
04_Maurener_Weg_8_000002_000110,06,"crate (gray, upright)",standard objects,57.0,24.03,23.34,23.48,23.3,23.32,23.62,24.52
04_Maurener_Weg_8_000002_000120,04,crate (gray),standard objects,39.0,11.76,12.14,12.41,11.64,12.16,12.14,12.75
04_Maurener_Weg_8_000002_000120,05,"crate (gray, 2x stacked)",standard objects,58.0,14.18,13.91,14.38,13.55,14.2,13.91,14.71
04_Maurener_Weg_8_000002_000120,06,"crate (gray, upright)",standard objects,70.0,19.9,19.76,20.04,20.1,20.2,19.76,20.8
04_Maurener_Weg_8_000002_000130,04,crate (gray),standard objects,64.0,8.39,8.52,9.21,8.57,9.23,8.52,9.39
04_Maurener_Weg_8_000002_000130,05,"crate (gray, 2x stacked)",standard objects,74.0,10.93,11.01,11.62,10.54,11.38,11.01,11.82
04_Maurener_Weg_8_000002_000130,06,"crate (gray, upright)",standard objects,85.0,16.67,17.07,17.56,16.94,17.5,17.07,18.16
04_Maurener_Weg_8_000002_000140,05,"crate (gray, 2x stacked)",standard objects,102.0,8.19,8.42,8.98,8.06,8.8,8.42,9.05
04_Maurener_Weg_8_000002_000140,06,"crate (gray, upright)",standard objects,96.0,13.97,14.52,15.04,14.67,15.12,14.52,15.11
04_Maurener_Weg_8_000002_000150,05,"crate (gray, 2x stacked)",standard objects,130.0,6.5,6.66,7.1,6.33,6.93,6.66,7.15
04_Maurener_Weg_8_000002_000150,06,"crate (gray, upright)",standard objects,112.0,12.11,12.57,13.2,12.7,13.27,12.57,13.38
04_Maurener_Weg_8_000003_000010,03,"crate (black, upright)",standard objects,20.0,32.8,31.12,32.97,31.12,32.55,33.68,34.25
04_Maurener_Weg_8_000003_000010,02,"crate (black, 2x stacked)",standard objects,30.0,38.22,34.41,37.2,34.41,36.45,36.29,38.14
04_Maurener_Weg_8_000003_000010,01,crate (black),standard objects,16.0,46.87,39.67,42.94,39.67,43.04,43.66,44.94
04_Maurener_Weg_8_000003_000020,03,"crate (black, upright)",standard objects,22.0,32.32,30.79,32.5,30.79,32.67,32.89,33.55
04_Maurener_Weg_8_000003_000020,02,"crate (black, 2x stacked)",standard objects,29.0,37.88,33.46,36.96,33.46,36.2,35.64,38.05
04_Maurener_Weg_8_000003_000020,01,crate (black),standard objects,17.0,45.43,39.61,43.48,39.61,43.62,42.11,44.73
04_Maurener_Weg_8_000003_000030,03,"crate (black, upright)",standard objects,22.0,31.8,29.96,31.39,29.96,31.57,32.64,32.73
04_Maurener_Weg_8_000003_000030,02,"crate (black, 2x stacked)",standard objects,30.0,36.65,33.36,35.31,33.36,35.28,34.82,36.05
04_Maurener_Weg_8_000003_000030,01,crate (black),standard objects,16.0,44.8,39.7,44.07,39.7,43.08,41.05,44.74
04_Maurener_Weg_8_000003_000040,03,"crate (black, upright)",standard objects,23.0,30.95,28.71,29.98,28.71,29.82,30.5,30.87
04_Maurener_Weg_8_000003_000040,02,"crate (black, 2x stacked)",standard objects,31.0,36.01,31.74,33.55,31.74,33.23,33.48,34.42
04_Maurener_Weg_8_000003_000040,01,crate (black),standard objects,17.0,43.07,35.73,39.47,35.73,38.27,40.06,41.64
04_Maurener_Weg_8_000003_000050,03,"crate (black, upright)",standard objects,24.0,28.21,27.09,27.84,27.09,28.07,28.58,29.2
04_Maurener_Weg_8_000003_000050,02,"crate (black, 2x stacked)",standard objects,32.0,33.86,30.26,31.0,30.26,31.84,31.74,32.26
04_Maurener_Weg_8_000003_000050,01,crate (black),standard objects,18.0,41.91,35.9,38.12,35.9,38.58,39.33,39.84
04_Maurener_Weg_8_000003_000060,03,"crate (black, upright)",standard objects,26.0,26.12,24.26,25.87,24.26,25.46,26.94,27.21
04_Maurener_Weg_8_000003_000060,02,"crate (black, 2x stacked)",standard objects,35.0,31.34,27.61,29.5,27.61,28.89,29.92,30.66
04_Maurener_Weg_8_000003_000060,01,crate (black),standard objects,20.0,39.46,33.09,36.97,33.09,35.58,35.33,38.09
04_Maurener_Weg_8_000003_000070,02,"crate (black, 2x stacked)",standard objects,37.0,28.18,25.39,26.17,25.39,26.45,26.95,27.05
04_Maurener_Weg_8_000003_000070,03,"crate (black, upright)",standard objects,31.0,23.02,21.96,22.29,21.96,23.08,22.61,23.44
04_Maurener_Weg_8_000003_000070,01,crate (black),standard objects,22.0,36.02,30.8,33.06,30.8,32.69,34.44,34.88
04_Maurener_Weg_8_000003_000080,03,"crate (black, upright)",standard objects,36.0,19.89,19.7,19.79,19.7,19.73,19.88,20.63
04_Maurener_Weg_8_000003_000080,02,"crate (black, 2x stacked)",standard objects,43.0,25.15,23.57,23.87,23.57,23.63,24.17,24.65
04_Maurener_Weg_8_000003_000080,01,crate (black),standard objects,25.0,32.47,29.66,31.26,29.66,30.45,31.14,32.0
04_Maurener_Weg_8_000003_000090,03,"crate (black, upright)",standard objects,42.0,16.64,16.93,16.99,16.25,16.66,16.93,17.62
04_Maurener_Weg_8_000003_000090,02,"crate (black, 2x stacked)",standard objects,49.0,21.29,20.97,21.16,20.62,20.8,21.36,21.83
04_Maurener_Weg_8_000003_000090,01,crate (black),standard objects,27.0,29.14,27.44,29.25,27.44,27.96,29.32,30.19
04_Maurener_Weg_8_000003_000100,03,"crate (black, upright)",standard objects,55.0,12.72,12.95,13.14,12.16,12.75,12.95,13.64
04_Maurener_Weg_8_000003_000100,02,"crate (black, 2x stacked)",standard objects,59.0,17.92,17.44,17.52,16.33,16.88,17.59,18.26
04_Maurener_Weg_8_000003_000100,01,crate (black),standard objects,30.0,25.44,23.93,24.74,23.93,24.26,25.56,25.87
04_Maurener_Weg_8_000003_000110,03,"crate (black, upright)",standard objects,76.0,9.28,9.62,10.02,9.11,9.77,9.62,10.25
04_Maurener_Weg_8_000003_000110,02,"crate (black, 2x stacked)",standard objects,75.0,14.19,14.24,14.69,13.48,14.31,14.24,15.0
04_Maurener_Weg_8_000003_000110,01,crate (black),standard objects,36.0,22.09,22.55,22.61,21.68,22.12,22.67,23.02
04_Maurener_Weg_8_000003_000120,02,"crate (black, 2x stacked)",standard objects,93.0,11.11,11.39,11.95,11.03,11.77,11.39,11.98
04_Maurener_Weg_8_000003_000120,01,crate (black),standard objects,40.0,18.92,19.57,19.77,19.48,19.72,19.57,19.92
04_Maurener_Weg_8_000003_000130,02,"crate (black, 2x stacked)",standard objects,122.0,8.62,8.6,9.25,8.41,9.15,8.6,9.38
04_Maurener_Weg_8_000003_000130,01,crate (black),standard objects,50.0,16.18,16.52,17.17,16.62,17.22,16.52,17.52
04_Maurener_Weg_8_000003_000140,02,"crate (black, 2x stacked)",standard objects,153.0,6.94,6.89,7.45,6.83,7.42,6.89,7.48
04_Maurener_Weg_8_000003_000140,01,crate (black),standard objects,58.0,14.57,14.84,15.35,15.12,15.49,14.84,15.48
04_Maurener_Weg_8_000004_000020,15,euro pallet,random hazards,11.0,53.26,43.67,50.09,43.67,53.82,47.49,52.0
04_Maurener_Weg_8_000004_000030,15,euro pallet,random hazards,11.0,53.17,42.91,49.81,42.91,52.09,47.84,52.28
04_Maurener_Weg_8_000004_000040,15,euro pallet,random hazards,12.0,53.19,40.8,45.99,40.8,49.12,44.84,48.01
04_Maurener_Weg_8_000004_000050,15,euro pallet,random hazards,12.0,52.84,40.98,45.55,40.98,50.14,44.1,47.12
04_Maurener_Weg_8_000004_000060,15,euro pallet,random hazards,12.0,51.55,40.58,44.69,40.58,48.39,43.52,46.16
04_Maurener_Weg_8_000004_000070,15,euro pallet,random hazards,12.0,51.57,38.59,44.92,38.59,47.84,41.92,46.59
04_Maurener_Weg_8_000004_000080,15,euro pallet,random hazards,13.0,50.15,38.48,43.8,38.48,46.33,42.03,45.57
04_Maurener_Weg_8_000004_000090,15,euro pallet,random hazards,12.0,48.42,37.73,40.59,37.73,44.94,39.99,41.73
04_Maurener_Weg_8_000004_000100,15,euro pallet,random hazards,15.0,44.79,36.9,41.61,36.9,43.45,39.72,43.02
04_Maurener_Weg_8_000004_000110,15,euro pallet,random hazards,13.0,42.32,34.26,37.02,34.26,39.97,36.19,37.98
04_Maurener_Weg_8_000004_000120,15,euro pallet,random hazards,12.0,39.86,32.31,34.73,32.31,37.34,34.33,35.74
04_Maurener_Weg_8_000004_000130,15,euro pallet,random hazards,14.0,36.33,30.44,32.32,30.44,34.44,31.91,33.05
04_Maurener_Weg_8_000004_000140,15,euro pallet,random hazards,17.0,32.34,29.28,30.59,29.28,32.34,30.46,31.19
04_Maurener_Weg_8_000004_000150,15,euro pallet,random hazards,20.0,28.47,26.06,28.17,26.06,27.8,27.16,28.73
04_Maurener_Weg_8_000004_000160,15,euro pallet,random hazards,23.0,25.4,23.87,24.36,23.87,24.57,24.76,24.8
04_Maurener_Weg_8_000004_000160,21,ball,emotional hazards,40.0,14.07,14.88,14.96,12.98,14.0,14.88,15.86
04_Maurener_Weg_8_000004_000170,15,euro pallet,random hazards,27.0,21.72,20.85,21.51,20.85,21.27,22.16,22.16
04_Maurener_Weg_8_000004_000170,21,ball,emotional hazards,45.0,10.92,11.41,11.7,9.72,10.57,11.98,12.13
04_Maurener_Weg_8_000004_000180,15,euro pallet,random hazards,34.0,18.38,18.4,18.54,18.4,18.63,18.67,19.04
04_Maurener_Weg_8_000004_000190,15,euro pallet,random hazards,46.0,14.7,14.43,15.0,15.51,15.54,14.43,15.19
04_Maurener_Weg_8_000004_000200,15,euro pallet,random hazards,60.0,11.23,11.11,11.64,11.53,11.85,11.11,11.9
04_Maurener_Weg_8_000004_000210,15,euro pallet,random hazards,93.0,8.47,8.22,8.85,8.59,9.03,8.22,9.05
04_Maurener_Weg_8_000005_000010,16,pylon,random hazards,16.0,49.86,41.09,46.83,41.09,48.5,43.88,48.23
04_Maurener_Weg_8_000005_000010,18,pylon (white),random hazards,18.0,48.18,40.99,46.87,40.99,47.29,42.88,47.81
04_Maurener_Weg_8_000005_000020,16,pylon,random hazards,15.0,49.36,39.98,45.54,39.98,47.6,44.48,47.79
04_Maurener_Weg_8_000005_000020,18,pylon (white),random hazards,19.0,47.7,40.94,47.95,40.94,49.3,44.12,49.54
04_Maurener_Weg_8_000005_000030,16,pylon,random hazards,16.0,48.24,40.59,47.33,40.59,46.02,42.9,48.48
04_Maurener_Weg_8_000005_000030,18,pylon (white),random hazards,19.0,47.6,40.15,46.16,40.15,46.18,41.27,46.72
04_Maurener_Weg_8_000005_000040,16,pylon,random hazards,16.0,47.9,40.77,45.09,40.77,46.74,42.72,46.06
04_Maurener_Weg_8_000005_000040,18,pylon (white),random hazards,17.0,46.25,39.97,43.47,39.97,46.27,41.45,44.2
04_Maurener_Weg_8_000005_000050,16,pylon,random hazards,16.0,47.6,38.53,43.3,38.53,46.25,41.66,44.86
04_Maurener_Weg_8_000005_000050,18,pylon (white),random hazards,17.0,46.05,38.26,41.83,38.26,45.36,40.5,42.95
04_Maurener_Weg_8_000005_000060,16,pylon,random hazards,15.0,46.52,37.89,43.4,37.89,43.55,41.25,45.08
04_Maurener_Weg_8_000005_000060,18,pylon (white),random hazards,18.0,44.52,37.52,42.54,37.52,43.95,39.91,43.73
04_Maurener_Weg_8_000005_000070,16,pylon,random hazards,15.0,44.71,37.51,44.12,37.51,44.47,39.62,45.17
04_Maurener_Weg_8_000005_000070,18,pylon (white),random hazards,20.0,42.29,37.82,42.53,37.82,43.52,38.25,42.75
04_Maurener_Weg_8_000005_000080,16,pylon,random hazards,17.0,43.74,35.91,41.39,35.91,40.25,38.04,42.45
04_Maurener_Weg_8_000005_000080,18,pylon (white),random hazards,19.0,41.69,37.16,41.85,37.16,41.47,37.33,41.94
04_Maurener_Weg_8_000005_000090,16,pylon,random hazards,19.0,41.92,35.74,40.44,35.74,39.17,37.82,41.48
04_Maurener_Weg_8_000005_000090,18,pylon (white),random hazards,22.0,39.46,35.06,38.49,35.06,39.09,37.02,39.47
04_Maurener_Weg_8_000005_000100,18,pylon (white),random hazards,22.0,36.82,33.54,37.32,33.54,36.13,35.97,38.53
04_Maurener_Weg_8_000005_000100,16,pylon,random hazards,19.0,40.77,34.3,38.27,34.3,38.1,36.54,39.39
04_Maurener_Weg_8_000005_000110,18,pylon (white),random hazards,24.0,34.89,31.69,34.55,31.69,33.02,32.59,35.01
04_Maurener_Weg_8_000005_000110,16,pylon,random hazards,20.0,37.73,32.05,34.12,32.05,34.38,32.89,34.55
04_Maurener_Weg_8_000005_000120,18,pylon (white),random hazards,25.0,31.58,29.89,31.91,29.89,30.41,30.61,32.27
04_Maurener_Weg_8_000005_000120,16,pylon,random hazards,20.0,34.7,31.28,33.75,31.28,32.75,31.94,34.08
04_Maurener_Weg_8_000005_000130,18,pylon (white),random hazards,28.0,28.31,27.04,29.34,27.04,28.39,27.85,29.74
04_Maurener_Weg_8_000005_000130,16,pylon,random hazards,20.0,31.33,28.84,29.74,28.84,30.28,29.47,30.06
04_Maurener_Weg_8_000005_000140,18,pylon (white),random hazards,32.0,25.37,24.35,26.41,24.35,24.86,25.62,27.05
04_Maurener_Weg_8_000005_000140,16,pylon,random hazards,25.0,27.77,25.49,26.98,25.49,26.61,26.83,27.65
04_Maurener_Weg_8_000005_000150,18,pylon (white),random hazards,38.0,21.77,21.36,22.12,21.36,21.38,22.46,22.66
04_Maurener_Weg_8_000005_000150,16,pylon,random hazards,30.0,24.51,23.19,23.77,23.19,23.59,23.84,24.1
04_Maurener_Weg_8_000005_000160,18,pylon (white),random hazards,43.0,18.04,17.99,18.14,17.57,17.78,18.3,18.71
04_Maurener_Weg_8_000005_000160,16,pylon,random hazards,35.0,20.54,19.91,19.95,19.35,19.63,20.0,20.48
04_Maurener_Weg_8_000005_000170,18,pylon (white),random hazards,57.0,14.29,14.9,14.9,14.43,14.66,14.9,15.55
04_Maurener_Weg_8_000005_000170,16,pylon,random hazards,44.0,16.79,16.44,16.6,16.05,16.41,16.44,17.29
04_Maurener_Weg_8_000005_000180,16,pylon,random hazards,52.0,13.88,13.86,14.18,13.97,14.23,13.86,14.61
04_Maurener_Weg_8_000005_000180,18,pylon (white),random hazards,70.0,11.34,11.72,12.11,11.94,12.21,11.72,12.54
04_Maurener_Weg_8_000005_000190,18,pylon (white),random hazards,87.0,9.25,9.5,9.97,9.9,10.18,9.5,10.25
04_Maurener_Weg_8_000005_000190,16,pylon,random hazards,61.0,11.81,11.83,12.36,12.05,12.46,11.83,12.55
04_Maurener_Weg_8_000005_000200,18,pylon (white),random hazards,96.0,8.06,8.31,8.8,8.66,8.98,8.31,9.02
04_Maurener_Weg_8_000005_000200,16,pylon,random hazards,72.0,10.58,10.69,11.17,10.76,11.21,10.69,11.36
04_Maurener_Weg_8_000006_000020,18,pylon (white),random hazards,12.0,45.87,40.72,44.93,40.72,47.97,44.05,46.59
04_Maurener_Weg_8_000006_000030,18,pylon (white),random hazards,13.0,45.42,39.24,42.8,39.24,46.06,42.53,44.44
04_Maurener_Weg_8_000006_000040,18,pylon (white),random hazards,12.0,44.14,38.34,41.84,38.34,43.3,42.72,44.03
04_Maurener_Weg_8_000006_000050,18,pylon (white),random hazards,13.0,42.39,37.05,40.42,37.05,41.0,39.52,41.66
04_Maurener_Weg_8_000006_000060,18,pylon (white),random hazards,14.0,40.02,34.89,39.24,34.89,39.3,36.81,40.2
04_Maurener_Weg_8_000006_000070,18,pylon (white),random hazards,14.0,37.06,33.37,35.66,33.37,35.75,34.83,36.39
04_Maurener_Weg_8_000006_000080,18,pylon (white),random hazards,18.0,34.22,30.72,32.27,30.72,32.75,31.34,32.58
04_Maurener_Weg_8_000006_000090,18,pylon (white),random hazards,20.0,30.45,27.1,28.86,27.1,29.04,28.46,29.54
04_Maurener_Weg_8_000006_000100,18,pylon (white),random hazards,24.0,26.46,25.52,26.52,25.52,26.2,26.43,26.97
04_Maurener_Weg_8_000006_000110,18,pylon (white),random hazards,29.0,22.5,21.91,22.81,21.91,22.07,22.64,23.18
04_Maurener_Weg_8_000006_000120,18,pylon (white),random hazards,30.0,18.18,17.98,18.14,17.89,18.1,17.98,18.73
04_Maurener_Weg_8_000006_000130,18,pylon (white),random hazards,38.0,14.28,14.43,14.77,14.27,14.69,14.43,15.35
04_Maurener_Weg_8_000006_000150,18,pylon (white),random hazards,63.0,8.48,8.67,9.29,8.79,9.34,8.67,9.38
04_Maurener_Weg_8_000007_000020,25,kid dummy,emotional hazards,10.0,61.81,48.08,55.21,48.08,56.12,51.33,56.84
04_Maurener_Weg_8_000007_000020,21,ball,emotional hazards,10.0,65.08,49.94,57.03,49.94,59.06,52.67,58.4
04_Maurener_Weg_8_000007_000030,25,kid dummy,emotional hazards,9.0,59.63,45.72,50.5,45.72,54.14,48.19,51.73
04_Maurener_Weg_8_000007_000030,21,ball,emotional hazards,10.0,60.81,46.61,51.25,46.61,55.71,49.17,52.53
04_Maurener_Weg_8_000007_000040,25,kid dummy,emotional hazards,10.0,57.53,40.65,50.63,40.65,49.39,48.68,54.64
04_Maurener_Weg_8_000007_000040,21,ball,emotional hazards,8.0,58.21,43.33,53.52,43.33,52.45,50.83,57.27
04_Maurener_Weg_8_000007_000050,25,kid dummy,emotional hazards,10.0,55.05,40.2,47.71,40.2,48.35,46.9,51.06
04_Maurener_Weg_8_000007_000050,21,ball,emotional hazards,11.0,55.1,41.25,49.18,41.25,50.25,47.75,52.43
04_Maurener_Weg_8_000007_000060,25,kid dummy,emotional hazards,8.0,51.23,37.98,46.1,37.98,46.03,42.35,48.29
04_Maurener_Weg_8_000007_000060,21,ball,emotional hazards,10.0,51.04,38.5,47.52,38.5,48.5,43.38,49.95
04_Maurener_Weg_8_000007_000070,25,kid dummy,emotional hazards,8.0,47.56,36.93,43.2,36.93,43.64,42.44,45.96
04_Maurener_Weg_8_000007_000070,21,ball,emotional hazards,11.0,47.79,37.18,43.59,37.18,44.73,42.84,46.42
04_Maurener_Weg_8_000007_000080,25,kid dummy,emotional hazards,9.0,42.68,34.95,39.02,34.95,38.8,37.08,40.09
04_Maurener_Weg_8_000007_000080,21,ball,emotional hazards,13.0,42.98,35.29,39.73,35.29,39.8,37.54,40.86
04_Maurener_Weg_8_000007_000090,25,kid dummy,emotional hazards,10.0,37.52,33.3,36.98,33.3,35.92,35.25,37.95
04_Maurener_Weg_8_000007_000090,21,ball,emotional hazards,15.0,37.04,33.72,37.66,33.72,37.23,35.76,38.67
04_Maurener_Weg_8_000007_000100,25,kid dummy,emotional hazards,11.0,32.66,28.81,32.32,28.81,31.51,32.31,34.07
04_Maurener_Weg_8_000007_000100,21,ball,emotional hazards,15.0,32.42,29.01,32.85,29.01,32.06,33.01,34.85
04_Maurener_Weg_8_000007_000110,25,kid dummy,emotional hazards,12.0,27.93,25.84,27.8,25.84,27.14,28.6,29.18
04_Maurener_Weg_8_000007_000110,21,ball,emotional hazards,19.0,27.65,25.83,27.73,25.83,27.18,28.9,29.27
04_Maurener_Weg_8_000007_000120,25,kid dummy,emotional hazards,15.0,22.79,21.35,22.52,21.35,21.91,23.44,23.56
04_Maurener_Weg_8_000007_000120,21,ball,emotional hazards,22.0,22.85,21.26,22.59,21.26,21.83,23.45,23.68
04_Maurener_Weg_8_000007_000130,25,kid dummy,emotional hazards,19.0,18.15,17.73,18.37,17.73,17.86,19.0,19.37
04_Maurener_Weg_8_000007_000130,21,ball,emotional hazards,27.0,18.02,17.66,18.34,17.66,17.8,19.02,19.46
04_Maurener_Weg_8_000007_000140,25,kid dummy,emotional hazards,24.0,13.94,14.57,14.79,14.21,14.61,14.57,15.19
04_Maurener_Weg_8_000007_000140,21,ball,emotional hazards,36.0,13.87,14.52,14.74,14.09,14.53,14.52,15.12
04_Maurener_Weg_8_000007_000150,25,kid dummy,emotional hazards,35.0,10.28,10.88,11.01,10.71,10.93,10.88,10.99
04_Maurener_Weg_8_000007_000150,21,ball,emotional hazards,51.0,10.09,10.84,10.98,10.65,10.88,10.84,10.93
04_Maurener_Weg_8_000007_000160,25,kid dummy,emotional hazards,48.0,7.37,8.17,8.36,7.99,8.27,8.17,8.62
04_Maurener_Weg_8_000007_000160,21,ball,emotional hazards,68.0,7.21,8.15,8.34,7.87,8.2,8.15,8.58
04_Maurener_Weg_8_000007_000170,25,kid dummy,emotional hazards,66.0,5.56,6.22,6.57,6.01,6.47,6.22,6.83
04_Maurener_Weg_8_000007_000170,21,ball,emotional hazards,94.0,5.37,6.22,6.56,5.91,6.41,6.22,6.8
04_Maurener_Weg_8_000008_000020,31,plastic bag (bloated),random hazards,8.0,59.36,43.1,51.86,43.1,49.78,47.16,53.89
04_Maurener_Weg_8_000008_000020,11,crate (green),random hazards,12.0,66.7,47.31,54.86,47.31,54.03,55.1,58.75
04_Maurener_Weg_8_000008_000020,31,plastic bag (bloated),random hazards,8.0,56.65,36.24,40.59,36.24,39.42,42.28,43.62
04_Maurener_Weg_8_000008_000030,11,crate (green),random hazards,11.0,67.71,47.19,53.86,47.19,52.83,55.9,58.22
04_Maurener_Weg_8_000008_000030,31,plastic bag (bloated),random hazards,9.0,58.74,42.24,48.51,42.24,48.53,46.93,50.86
04_Maurener_Weg_8_000008_000030,31,plastic bag (bloated),random hazards,7.0,55.96,36.11,40.16,36.11,39.46,41.25,42.73
04_Maurener_Weg_8_000008_000040,11,crate (green),random hazards,13.0,64.85,47.2,53.73,47.2,54.92,54.03,57.15
04_Maurener_Weg_8_000008_000040,31,plastic bag (bloated),random hazards,9.0,54.96,41.28,48.3,41.28,48.32,46.21,50.77
04_Maurener_Weg_8_000008_000040,31,plastic bag (bloated),random hazards,9.0,52.89,35.43,38.83,35.43,39.45,39.6,40.91
04_Maurener_Weg_8_000008_000050,11,crate (green),random hazards,14.0,62.1,42.79,48.08,42.79,48.95,49.22,51.29
04_Maurener_Weg_8_000008_000050,31,plastic bag (bloated),random hazards,12.0,48.93,32.65,35.45,32.65,35.9,37.84,38.05
04_Maurener_Weg_8_000008_000050,31,plastic bag (bloated),random hazards,10.0,53.88,37.97,43.26,37.97,44.8,42.16,45.35
04_Maurener_Weg_8_000008_000060,11,crate (green),random hazards,15.0,60.19,41.46,46.26,41.46,46.66,48.93,50.0
04_Maurener_Weg_8_000008_000060,31,plastic bag (bloated),random hazards,11.0,49.08,35.68,40.76,35.68,41.86,41.13,43.48
04_Maurener_Weg_8_000008_000060,31,plastic bag (bloated),random hazards,13.0,45.4,30.44,32.42,30.44,33.66,34.41,34.66
04_Maurener_Weg_8_000008_000070,31,plastic bag (bloated),random hazards,15.0,42.02,27.49,29.92,27.49,31.27,32.35,32.61
04_Maurener_Weg_8_000008_000070,11,crate (green),random hazards,13.0,55.95,37.93,45.27,37.93,42.97,45.88,49.25
04_Maurener_Weg_8_000008_000070,31,plastic bag (bloated),random hazards,11.0,47.06,32.69,37.65,32.69,38.03,39.19,40.9
04_Maurener_Weg_8_000008_000080,11,crate (green),random hazards,16.0,51.21,35.99,44.14,35.99,40.59,39.94,46.11
04_Maurener_Weg_8_000008_000080,31,plastic bag (bloated),random hazards,11.0,41.85,31.21,36.73,31.21,35.15,34.02,38.14
04_Maurener_Weg_8_000008_000080,31,plastic bag (bloated),random hazards,16.0,37.39,26.59,29.41,26.59,29.41,28.47,30.35
04_Maurener_Weg_8_000008_000090,11,crate (green),random hazards,18.0,47.86,33.91,38.87,33.91,37.91,39.33,41.58
04_Maurener_Weg_8_000008_000090,31,plastic bag (bloated),random hazards,13.0,38.46,28.48,31.85,28.48,31.54,32.35,33.78
04_Maurener_Weg_8_000008_000090,31,plastic bag (bloated),random hazards,21.0,33.01,24.47,26.62,24.47,26.81,27.07,27.91
04_Maurener_Weg_8_000008_000100,31,plastic bag (bloated),random hazards,22.0,28.1,22.11,23.3,22.11,24.52,24.26,24.38
04_Maurener_Weg_8_000008_000100,11,crate (green),random hazards,19.0,42.25,32.63,35.61,32.63,35.63,35.14,36.87
04_Maurener_Weg_8_000008_000100,31,plastic bag (bloated),random hazards,14.0,33.31,27.03,29.01,27.03,29.25,28.93,29.95
04_Maurener_Weg_8_000008_000110,11,crate (green),random hazards,20.0,37.02,31.14,33.55,31.14,32.36,32.56,34.26
04_Maurener_Weg_8_000008_000110,31,plastic bag (bloated),random hazards,27.0,23.37,20.33,20.73,20.33,21.71,21.13,21.29
04_Maurener_Weg_8_000008_000110,31,plastic bag (bloated),random hazards,18.0,29.01,25.28,26.49,25.28,26.7,26.35,27.02
04_Maurener_Weg_8_000008_000120,11,crate (green),random hazards,23.0,31.76,27.51,29.91,27.51,28.37,29.31,30.8
04_Maurener_Weg_8_000008_000120,31,plastic bag (bloated),random hazards,31.0,18.89,16.91,17.18,16.91,17.42,17.45,17.67
04_Maurener_Weg_8_000008_000120,31,plastic bag (bloated),random hazards,20.0,24.48,21.96,23.1,21.96,22.55,23.26,23.75
04_Maurener_Weg_8_000008_000130,11,crate (green),random hazards,28.0,26.86,24.21,25.68,24.21,25.02,25.72,26.43
04_Maurener_Weg_8_000008_000130,31,plastic bag (bloated),random hazards,23.0,19.57,18.37,19.23,18.37,18.66,19.67,19.88
04_Maurener_Weg_8_000008_000130,31,plastic bag (bloated),random hazards,43.0,13.94,13.13,13.34,13.54,13.58,13.13,13.5
04_Maurener_Weg_8_000008_000140,11,crate (green),random hazards,34.0,21.55,20.15,21.32,20.15,20.5,21.76,22.13
04_Maurener_Weg_8_000008_000140,31,plastic bag (bloated),random hazards,32.0,15.03,14.8,15.25,14.3,14.55,15.57,15.63
04_Maurener_Weg_8_000008_000140,31,plastic bag (bloated),random hazards,68.0,8.82,8.65,8.91,8.52,8.84,8.65,8.99
04_Maurener_Weg_8_000008_000150,11,crate (green),random hazards,42.0,16.99,17.06,17.85,17.06,17.27,18.24,18.45
04_Maurener_Weg_8_000008_000150,31,plastic bag (bloated),random hazards,47.0,10.38,11.15,11.2,10.23,10.73,11.15,11.54
04_Maurener_Weg_8_000008_000160,11,crate (green),random hazards,55.0,13.03,13.74,14.12,13.65,13.7,14.48,14.49
04_Maurener_Weg_8_000008_000160,31,plastic bag (bloated),random hazards,75.0,6.6,7.15,7.41,6.51,7.09,7.15,7.57
04_Maurener_Weg_8_000008_000170,11,crate (green),random hazards,74.0,9.99,10.66,10.68,10.48,10.59,10.66,10.82
04_Maurener_Weg_8_000008_000180,11,crate (green),random hazards,98.0,7.8,8.47,8.55,8.13,8.3,8.63,8.86
04_Maurener_Weg_8_000008_000190,11,crate (green),random hazards,120.0,6.42,7.32,7.4,6.73,7.11,7.32,7.67
04_Maurener_Weg_8_000008_000200,11,crate (green),random hazards,140.0,5.55,6.61,6.69,5.94,6.36,6.61,6.9
04_Maurener_Weg_8_000009_000040,24,dog (white),emotional hazards,11.0,70.33,52.73,56.91,52.73,60.86,60.11,60.61
04_Maurener_Weg_8_000009_000050,24,dog (white),emotional hazards,11.0,68.25,53.37,57.14,53.37,61.16,60.03,60.47
04_Maurener_Weg_8_000009_000060,24,dog (white),emotional hazards,12.0,65.88,53.65,58.07,53.65,60.08,59.56,61.03
04_Maurener_Weg_8_000009_000070,24,dog (white),emotional hazards,12.0,65.74,52.22,54.25,52.22,57.36,55.81,56.05
04_Maurener_Weg_8_000009_000080,24,dog (white),emotional hazards,13.0,62.46,49.18,51.74,49.18,55.95,54.3,54.47
04_Maurener_Weg_8_000009_000090,24,dog (white),emotional hazards,14.0,58.85,47.21,49.86,47.21,51.72,52.07,52.29
04_Maurener_Weg_8_000009_000100,24,dog (white),emotional hazards,14.0,53.77,44.83,47.05,44.83,50.86,49.27,49.73
04_Maurener_Weg_8_000009_000110,24,dog (white),emotional hazards,17.0,50.62,41.29,44.02,41.29,46.3,46.75,46.81
04_Maurener_Weg_8_000009_000120,24,dog (white),emotional hazards,17.0,45.42,37.31,40.55,37.31,42.08,41.43,42.61
04_Maurener_Weg_8_000009_000130,24,dog (white),emotional hazards,20.0,41.29,34.36,36.12,34.36,37.41,37.53,37.7
04_Maurener_Weg_8_000009_000140,24,dog (white),emotional hazards,20.0,36.21,32.17,33.46,32.17,33.27,34.55,34.65
04_Maurener_Weg_8_000009_000150,24,dog (white),emotional hazards,23.0,31.85,29.94,31.63,29.94,30.4,32.64,32.98
04_Maurener_Weg_8_000009_000160,24,dog (white),emotional hazards,26.0,27.68,25.88,26.88,25.88,26.59,27.88,28.24
04_Maurener_Weg_8_000009_000170,24,dog (white),emotional hazards,31.0,23.04,21.89,22.41,22.63,22.78,21.89,23.39
04_Maurener_Weg_8_000009_000180,24,dog (white),emotional hazards,36.0,19.27,18.39,19.09,18.4,19.1,18.39,19.64
04_Maurener_Weg_8_000009_000190,24,dog (white),emotional hazards,44.0,15.35,15.47,16.1,14.75,15.74,15.47,16.7
04_Maurener_Weg_8_000009_000200,24,dog (white),emotional hazards,59.0,11.9,12.4,12.91,11.9,12.66,12.4,13.23
04_Maurener_Weg_8_000009_000210,24,dog (white),emotional hazards,81.0,8.72,9.39,9.98,8.91,9.74,9.39,10.02
04_Maurener_Weg_8_000010_000010,23,dog (black),emotional hazards,23.0,51.57,45.11,48.83,45.11,47.45,49.33,50.94
04_Maurener_Weg_8_000010_000020,23,dog (black),emotional hazards,22.0,51.66,43.45,45.35,43.45,46.61,47.25,47.89
04_Maurener_Weg_8_000010_000030,23,dog (black),emotional hazards,23.0,51.43,43.3,48.86,43.3,46.77,47.83,51.13
04_Maurener_Weg_8_000010_000040,23,dog (black),emotional hazards,22.0,50.66,42.53,47.72,42.53,45.63,47.33,50.12
04_Maurener_Weg_8_000010_000050,23,dog (black),emotional hazards,25.0,48.84,40.04,45.47,40.04,42.72,45.41,48.16
04_Maurener_Weg_8_000010_000060,23,dog (black),emotional hazards,25.0,45.21,37.81,41.86,37.81,38.99,42.77,44.34
04_Maurener_Weg_8_000010_000070,23,dog (black),emotional hazards,28.0,42.22,34.82,37.07,34.82,36.69,39.32,39.5
04_Maurener_Weg_8_000010_000080,23,dog (black),emotional hazards,29.0,38.05,33.89,36.91,33.89,34.0,37.77,38.84
04_Maurener_Weg_8_000010_000090,23,dog (black),emotional hazards,33.0,34.69,29.67,32.3,29.67,31.15,34.94,35.01
04_Maurener_Weg_8_000010_000100,23,dog (black),emotional hazards,39.0,29.46,25.67,28.41,25.67,26.27,30.77,30.95
04_Maurener_Weg_8_000010_000110,23,dog (black),emotional hazards,43.0,25.23,22.46,23.66,22.46,22.46,24.87,25.13
04_Maurener_Weg_8_000010_000120,23,dog (black),emotional hazards,52.0,20.63,19.2,19.67,18.65,18.92,20.14,21.02
04_Maurener_Weg_8_000010_000130,23,dog (black),emotional hazards,67.0,15.92,16.34,16.34,14.77,15.56,16.34,17.02
04_Maurener_Weg_8_000010_000140,23,dog (black),emotional hazards,91.0,11.86,11.78,12.15,10.71,11.62,11.78,12.47
04_Maurener_Weg_8_000010_000150,23,dog (black),emotional hazards,131.0,8.22,8.04,8.63,8.08,8.65,8.04,8.72
04_Maurener_Weg_8_000011_000020,26,bobby car (gray),emotional hazards,18.0,62.34,48.91,54.24,48.91,54.12,52.08,55.83
04_Maurener_Weg_8_000011_000030,26,bobby car (gray),emotional hazards,17.0,62.04,48.31,53.51,48.31,52.92,54.0,56.36
04_Maurener_Weg_8_000011_000040,26,bobby car (gray),emotional hazards,18.0,61.66,48.49,53.1,48.49,53.9,53.44,55.58
04_Maurener_Weg_8_000011_000050,26,bobby car (gray),emotional hazards,17.0,61.39,46.3,52.09,46.3,51.57,51.65,54.77
04_Maurener_Weg_8_000011_000060,26,bobby car (gray),emotional hazards,18.0,60.67,47.18,49.86,47.18,52.39,51.26,51.89
04_Maurener_Weg_8_000011_000070,26,bobby car (gray),emotional hazards,20.0,55.62,43.88,47.42,43.88,48.82,50.97,51.06
04_Maurener_Weg_8_000011_000080,26,bobby car (gray),emotional hazards,19.0,52.84,43.28,45.56,43.28,46.61,47.84,48.73
04_Maurener_Weg_8_000011_000090,26,bobby car (gray),emotional hazards,21.0,50.11,41.14,42.75,41.14,45.17,44.36,45.88
04_Maurener_Weg_8_000011_000100,26,bobby car (gray),emotional hazards,23.0,47.01,38.87,40.36,38.87,42.85,41.84,43.14
04_Maurener_Weg_8_000011_000110,26,bobby car (gray),emotional hazards,24.0,42.13,36.4,37.88,36.4,38.39,39.35,40.53
04_Maurener_Weg_8_000011_000120,26,bobby car (gray),emotional hazards,28.0,37.84,34.16,34.97,34.16,35.69,35.78,36.53
04_Maurener_Weg_8_000011_000130,26,bobby car (gray),emotional hazards,30.0,34.69,31.28,31.82,31.28,32.52,32.36,33.06
04_Maurener_Weg_8_000011_000140,26,bobby car (gray),emotional hazards,33.0,30.78,27.56,27.82,28.08,28.2,27.56,29.74
04_Maurener_Weg_8_000011_000150,26,bobby car (gray),emotional hazards,38.0,26.29,24.5,24.69,24.87,24.9,24.5,26.15
04_Maurener_Weg_8_000011_000160,26,bobby car (gray),emotional hazards,46.0,22.81,20.69,21.15,21.13,21.37,20.69,22.21
04_Maurener_Weg_8_000011_000170,26,bobby car (gray),emotional hazards,55.0,18.99,17.71,18.24,18.02,18.39,17.71,19.13
04_Maurener_Weg_8_000011_000180,26,bobby car (gray),emotional hazards,64.0,15.12,15.12,15.54,14.72,15.35,15.12,16.25
04_Maurener_Weg_8_000011_000190,26,bobby car (gray),emotional hazards,84.0,11.58,12.28,12.41,11.69,12.11,12.28,12.75
04_Maurener_Weg_8_000012_000020,27,bobby car (red),emotional hazards,20.0,65.44,45.78,49.23,45.78,51.95,52.47,52.58
04_Maurener_Weg_8_000012_000030,27,bobby car (red),emotional hazards,19.0,65.71,47.3,50.86,47.3,54.72,50.78,52.6
04_Maurener_Weg_8_000012_000040,27,bobby car (red),emotional hazards,19.0,64.05,45.59,50.86,45.59,52.66,49.99,53.06
04_Maurener_Weg_8_000012_000050,27,bobby car (red),emotional hazards,19.0,64.53,44.07,51.78,44.07,51.16,48.95,54.22
04_Maurener_Weg_8_000012_000060,27,bobby car (red),emotional hazards,20.0,61.6,44.01,51.18,44.01,51.52,48.63,53.49
04_Maurener_Weg_8_000012_000070,27,bobby car (red),emotional hazards,21.0,58.18,42.05,47.27,42.05,48.6,46.86,49.68
04_Maurener_Weg_8_000012_000080,27,bobby car (red),emotional hazards,22.0,54.27,41.33,44.86,41.33,45.61,46.68,47.53
04_Maurener_Weg_8_000012_000090,27,bobby car (red),emotional hazards,23.0,51.66,38.4,41.6,38.4,43.13,43.1,43.95
04_Maurener_Weg_8_000012_000100,27,bobby car (red),emotional hazards,25.0,47.28,37.07,39.78,37.07,40.3,42.43,42.46
04_Maurener_Weg_8_000012_000110,27,bobby car (red),emotional hazards,25.0,43.34,34.47,38.02,34.47,38.16,40.03,40.8
04_Maurener_Weg_8_000012_000120,27,bobby car (red),emotional hazards,28.0,38.29,31.34,34.23,31.34,34.15,36.24,36.68
04_Maurener_Weg_8_000012_000130,27,bobby car (red),emotional hazards,31.0,33.86,29.05,30.33,29.05,30.63,31.6,31.84
04_Maurener_Weg_8_000012_000140,27,bobby car (red),emotional hazards,35.0,28.59,25.88,26.44,25.88,26.66,27.0,27.54
04_Maurener_Weg_8_000012_000150,27,bobby car (red),emotional hazards,43.0,24.58,21.92,22.27,22.62,22.73,21.92,23.34
04_Maurener_Weg_8_000012_000160,27,bobby car (red),emotional hazards,54.0,19.74,17.64,18.75,18.96,19.41,17.64,19.38
04_Maurener_Weg_8_000012_000170,27,bobby car (red),emotional hazards,70.0,15.63,14.69,15.41,14.88,15.5,14.69,15.91
04_Maurener_Weg_8_000012_000180,27,bobby car (red),emotional hazards,89.0,11.58,11.36,11.86,11.1,11.72,11.36,12.26
04_Maurener_Weg_8_000012_000190,27,bobby car (red),emotional hazards,129.0,8.28,8.57,8.91,8.02,8.63,8.57,9.29
04_Maurener_Weg_8_000013_000170,28,bobby car (yellow),emotional hazards,23.0,32.02,30.59,31.1,30.59,31.77,31.61,32.02
04_Maurener_Weg_8_000013_000180,28,bobby car (yellow),emotional hazards,39.0,27.71,25.17,26.27,27.36,27.38,25.17,27.18
04_Maurener_Weg_8_000013_000190,28,bobby car (yellow),emotional hazards,47.0,23.1,20.74,22.02,23.29,23.45,20.74,23.03
04_Maurener_Weg_8_000013_000200,28,bobby car (yellow),emotional hazards,55.0,19.39,19.12,19.47,19.12,19.55,19.82,20.31
04_Maurener_Weg_8_000013_000210,28,bobby car (yellow),emotional hazards,66.0,15.86,17.58,17.66,17.33,17.54,17.58,17.86
04_Maurener_Weg_8_000013_000220,28,bobby car (yellow),emotional hazards,84.0,12.64,14.32,14.39,14.14,14.23,14.46,14.56
04_Maurener_Weg_8_000013_000230,28,bobby car (yellow),emotional hazards,113.0,9.49,10.73,10.86,10.39,10.56,10.99,11.02
05_Schafgasse_1_000000_000020,05,"crate (gray, 2x stacked)",standard objects,11.0,64.01,61.37,78.94,61.37,74.35,62.37,79.44
05_Schafgasse_1_000000_000030,05,"crate (gray, 2x stacked)",standard objects,13.0,61.02,59.26,73.64,59.26,71.31,60.42,74.22
05_Schafgasse_1_000000_000040,05,"crate (gray, 2x stacked)",standard objects,11.0,59.97,58.05,71.7,58.05,69.38,57.8,71.58
05_Schafgasse_1_000000_000050,05,"crate (gray, 2x stacked)",standard objects,14.0,57.76,54.05,64.87,54.05,64.07,54.82,65.25
05_Schafgasse_1_000000_000060,05,"crate (gray, 2x stacked)",standard objects,13.0,56.11,53.09,65.03,53.09,63.19,52.66,64.81
05_Schafgasse_1_000000_000070,05,"crate (gray, 2x stacked)",standard objects,13.0,51.7,48.69,60.2,48.69,55.36,48.66,60.18
05_Schafgasse_1_000000_000080,05,"crate (gray, 2x stacked)",standard objects,15.0,48.66,45.49,53.17,45.49,51.08,47.42,54.14
05_Schafgasse_1_000000_000090,05,"crate (gray, 2x stacked)",standard objects,17.0,46.4,43.3,49.78,43.3,47.17,44.38,50.33
05_Schafgasse_1_000000_000100,05,"crate (gray, 2x stacked)",standard objects,17.0,42.61,39.28,45.45,39.28,43.73,41.45,46.53
05_Schafgasse_1_000000_000110,05,"crate (gray, 2x stacked)",standard objects,18.0,39.22,37.37,43.06,37.37,41.08,38.78,43.77
05_Schafgasse_1_000000_000120,05,"crate (gray, 2x stacked)",standard objects,21.0,35.77,34.44,39.33,34.44,36.76,37.25,40.74
05_Schafgasse_1_000000_000130,05,"crate (gray, 2x stacked)",standard objects,22.0,31.78,31.27,35.24,31.27,32.2,33.73,36.47
05_Schafgasse_1_000000_000140,05,"crate (gray, 2x stacked)",standard objects,26.0,28.33,27.56,31.1,27.56,28.63,29.44,32.04
05_Schafgasse_1_000000_000150,05,"crate (gray, 2x stacked)",standard objects,31.0,24.92,24.7,26.99,24.7,25.25,27.18,28.23
05_Schafgasse_1_000000_000160,05,"crate (gray, 2x stacked)",standard objects,42.0,21.05,20.28,21.88,20.28,20.76,22.68,23.08
05_Schafgasse_1_000000_000170,05,"crate (gray, 2x stacked)",standard objects,47.0,17.07,16.66,18.05,16.66,16.98,19.43,19.54
05_Schafgasse_1_000000_000180,05,"crate (gray, 2x stacked)",standard objects,60.0,13.46,14.34,14.5,13.9,14.12,14.67,15.46
05_Schafgasse_1_000000_000190,05,"crate (gray, 2x stacked)",standard objects,81.0,10.13,10.7,10.91,10.24,10.69,10.7,11.73
05_Schafgasse_1_000000_000200,05,"crate (gray, 2x stacked)",standard objects,124.0,7.13,7.38,8.01,7.44,8.04,7.38,8.45
05_Schafgasse_1_000001_000070,03,"crate (black, upright)",standard objects,12.0,57.38,54.8,60.16,54.8,61.8,55.03,60.27
05_Schafgasse_1_000001_000080,03,"crate (black, upright)",standard objects,13.0,57.43,54.63,67.16,54.63,61.0,52.48,66.08
05_Schafgasse_1_000001_000090,03,"crate (black, upright)",standard objects,14.0,52.29,52.85,64.0,52.85,57.31,53.17,64.16
05_Schafgasse_1_000001_000100,03,"crate (black, upright)",standard objects,14.0,50.52,47.3,57.04,47.3,52.58,50.38,58.58
05_Schafgasse_1_000001_000110,03,"crate (black, upright)",standard objects,16.0,48.6,45.81,56.34,45.81,50.43,47.88,57.37
05_Schafgasse_1_000001_000120,03,"crate (black, upright)",standard objects,14.0,45.68,43.47,52.45,43.47,47.86,45.36,53.39
05_Schafgasse_1_000001_000130,03,"crate (black, upright)",standard objects,17.0,43.01,40.37,48.0,40.37,43.56,42.68,49.16
05_Schafgasse_1_000001_000140,03,"crate (black, upright)",standard objects,18.0,40.83,38.0,43.51,38.0,41.16,40.41,44.72
05_Schafgasse_1_000001_000150,03,"crate (black, upright)",standard objects,18.0,37.92,34.89,38.66,34.89,36.69,37.06,39.75
05_Schafgasse_1_000001_000160,03,"crate (black, upright)",standard objects,23.0,34.66,32.59,37.32,32.59,34.03,34.79,38.42
05_Schafgasse_1_000001_000170,03,"crate (black, upright)",standard objects,27.0,31.48,29.85,33.87,29.85,31.02,32.29,35.09
05_Schafgasse_1_000001_000180,03,"crate (black, upright)",standard objects,27.0,28.29,27.58,31.29,27.58,28.98,29.83,32.41
05_Schafgasse_1_000001_000190,03,"crate (black, upright)",standard objects,29.0,25.66,25.39,29.2,25.39,26.62,28.56,30.78
05_Schafgasse_1_000001_000200,03,"crate (black, upright)",standard objects,32.0,23.02,22.7,25.63,22.7,23.42,24.75,26.66
05_Schafgasse_1_000001_000210,03,"crate (black, upright)",standard objects,40.0,20.73,20.51,22.57,20.51,20.94,23.14,23.88
05_Schafgasse_1_000001_000220,03,"crate (black, upright)",standard objects,41.0,17.95,17.95,19.81,17.95,17.97,20.8,21.23
05_Schafgasse_1_000001_000230,03,"crate (black, upright)",standard objects,46.0,15.46,15.68,16.76,15.68,15.71,17.84,18.12
05_Schafgasse_1_000001_000240,03,"crate (black, upright)",standard objects,56.0,13.01,13.47,13.63,13.2,13.49,13.47,14.4
05_Schafgasse_1_000001_000250,03,"crate (black, upright)",standard objects,69.0,10.79,11.18,11.48,11.43,11.61,11.18,12.13
05_Schafgasse_1_000001_000260,03,"crate (black, upright)",standard objects,82.0,8.69,8.58,9.23,9.21,9.55,8.58,9.84
05_Schafgasse_1_000002_000110,08,cardboard box,random hazards,14.0,46.74,44.67,51.24,44.67,49.47,50.45,54.13
05_Schafgasse_1_000002_000110,18,pylon (white),random hazards,14.0,39.15,35.7,40.73,35.7,37.96,38.87,42.32
05_Schafgasse_1_000002_000120,08,cardboard box,random hazards,15.0,46.7,45.33,52.23,45.33,49.15,46.84,52.98
05_Schafgasse_1_000002_000120,18,pylon (white),random hazards,15.0,38.37,35.36,39.78,35.36,37.89,36.74,40.48
05_Schafgasse_1_000002_000130,08,cardboard box,random hazards,15.0,44.9,43.57,48.96,43.57,47.41,46.0,50.17
05_Schafgasse_1_000002_000130,18,pylon (white),random hazards,15.0,35.78,33.64,37.59,33.64,35.89,35.37,38.45
05_Schafgasse_1_000002_000140,08,cardboard box,random hazards,15.0,42.35,42.3,49.33,42.3,44.67,44.75,50.56
05_Schafgasse_1_000002_000140,18,pylon (white),random hazards,16.0,34.34,32.31,35.51,32.31,34.08,34.31,36.51
05_Schafgasse_1_000002_000150,08,cardboard box,random hazards,17.0,40.73,40.67,46.89,40.67,43.5,42.29,47.7
05_Schafgasse_1_000002_000150,18,pylon (white),random hazards,17.0,32.82,30.55,33.4,30.55,32.35,32.18,34.21
05_Schafgasse_1_000002_000160,08,cardboard box,random hazards,18.0,38.32,36.88,39.94,36.88,39.8,38.04,40.52
05_Schafgasse_1_000002_000160,18,pylon (white),random hazards,18.0,30.17,28.26,29.81,28.26,29.89,29.99,30.67
05_Schafgasse_1_000002_000170,08,cardboard box,random hazards,18.0,35.89,34.04,38.56,34.04,36.56,35.83,39.45
05_Schafgasse_1_000002_000170,18,pylon (white),random hazards,19.0,27.82,26.02,27.33,26.02,26.91,27.39,28.02
05_Schafgasse_1_000002_000180,08,cardboard box,random hazards,20.0,32.91,31.84,35.75,31.84,33.84,34.56,37.11
05_Schafgasse_1_000002_000180,18,pylon (white),random hazards,21.0,25.14,23.12,24.63,23.12,23.98,24.91,25.53
05_Schafgasse_1_000002_000190,08,cardboard box,random hazards,21.0,30.37,29.21,32.33,29.21,30.59,31.53,33.49
05_Schafgasse_1_000002_000190,18,pylon (white),random hazards,24.0,22.0,21.21,22.02,21.21,21.36,22.43,22.63
05_Schafgasse_1_000002_000200,08,cardboard box,random hazards,24.0,27.36,26.94,28.62,26.94,28.02,28.59,29.44
05_Schafgasse_1_000002_000200,18,pylon (white),random hazards,28.0,18.91,18.58,18.68,18.71,18.75,18.58,19.21
05_Schafgasse_1_000002_000210,08,cardboard box,random hazards,26.0,24.34,24.45,25.23,24.45,25.14,26.0,26.3
05_Schafgasse_1_000002_000210,18,pylon (white),random hazards,31.0,15.72,15.16,15.69,15.57,15.89,15.16,16.54
05_Schafgasse_1_000002_000220,08,cardboard box,random hazards,30.0,21.01,21.26,22.23,23.06,23.13,21.26,23.03
05_Schafgasse_1_000002_000220,18,pylon (white),random hazards,41.0,12.48,11.77,13.06,12.8,13.57,11.77,13.62
05_Schafgasse_1_000002_000230,08,cardboard box,random hazards,35.0,18.15,17.43,18.23,19.02,19.18,17.43,19.07
05_Schafgasse_1_000002_000230,18,pylon (white),random hazards,57.0,9.12,8.47,9.6,9.45,10.09,8.47,10.03
05_Schafgasse_1_000003_000020,20,tire,random hazards,16.0,41.6,41.97,47.27,41.97,44.71,45.09,48.83
05_Schafgasse_1_000003_000030,20,tire,random hazards,16.0,42.15,40.04,45.82,40.04,42.44,44.31,47.95
05_Schafgasse_1_000003_000040,20,tire,random hazards,15.0,39.91,38.67,45.19,38.67,41.27,41.44,46.57
05_Schafgasse_1_000003_000050,20,tire,random hazards,17.0,37.97,36.49,41.63,36.49,39.3,40.22,43.5
05_Schafgasse_1_000003_000060,20,tire,random hazards,17.0,35.94,34.37,38.63,34.37,36.98,37.21,40.05
05_Schafgasse_1_000003_000070,20,tire,random hazards,19.0,34.59,31.58,36.19,31.58,34.2,34.61,37.7
05_Schafgasse_1_000003_000080,20,tire,random hazards,19.0,31.69,30.28,33.45,30.28,32.73,31.84,34.23
05_Schafgasse_1_000003_000090,20,tire,random hazards,20.0,28.52,27.63,31.08,27.63,29.55,30.93,32.73
05_Schafgasse_1_000003_000100,20,tire,random hazards,24.0,25.87,25.57,27.17,25.57,26.98,27.1,27.94
05_Schafgasse_1_000003_000110,20,tire,random hazards,27.0,23.44,23.75,24.31,23.75,23.91,24.88,25.23
05_Schafgasse_1_000003_000120,20,tire,random hazards,31.0,20.15,20.35,20.51,20.67,20.91,20.35,21.58
05_Schafgasse_1_000003_000130,20,tire,random hazards,37.0,17.09,17.73,17.8,17.57,17.73,17.73,19.05
05_Schafgasse_1_000003_000140,20,tire,random hazards,46.0,13.89,12.72,13.64,14.19,14.38,12.72,14.47
05_Schafgasse_1_000003_000150,20,tire,random hazards,61.0,10.63,9.95,10.86,11.08,11.43,9.95,11.49
05_Schafgasse_1_000003_000160,20,tire,random hazards,87.0,7.86,7.85,8.46,8.16,8.61,7.85,9.06
05_Schafgasse_1_000004_000020,11,crate (green),random hazards,13.0,48.51,45.38,53.87,45.38,49.69,48.05,55.2
05_Schafgasse_1_000004_000020,10,"crate (blue, small)",random hazards,10.0,41.33,40.22,46.83,40.22,43.91,41.89,47.66
05_Schafgasse_1_000004_000030,11,crate (green),random hazards,13.0,45.13,44.88,53.05,44.88,47.65,47.52,54.37
05_Schafgasse_1_000004_000030,10,"crate (blue, small)",random hazards,11.0,41.74,40.4,45.95,40.4,42.89,41.71,46.6
05_Schafgasse_1_000004_000040,11,crate (green),random hazards,13.0,44.22,43.84,50.7,43.84,47.99,46.45,52.01
05_Schafgasse_1_000004_000040,10,"crate (blue, small)",random hazards,9.0,40.52,38.8,43.38,38.8,42.19,41.34,44.66
05_Schafgasse_1_000004_000050,11,crate (green),random hazards,16.0,43.55,42.26,48.8,42.26,45.84,45.01,50.17
05_Schafgasse_1_000004_000050,10,"crate (blue, small)",random hazards,11.0,40.33,37.69,42.19,37.69,40.88,39.89,43.29
05_Schafgasse_1_000004_000060,11,crate (green),random hazards,16.0,41.84,41.18,48.53,41.18,43.89,43.78,49.84
05_Schafgasse_1_000004_000060,10,"crate (blue, small)",random hazards,14.0,38.33,35.65,39.97,35.65,38.45,38.19,41.24
05_Schafgasse_1_000004_000070,11,crate (green),random hazards,17.0,39.66,38.86,44.85,38.86,42.66,41.23,46.03
05_Schafgasse_1_000004_000070,10,"crate (blue, small)",random hazards,18.0,36.16,33.55,37.25,33.55,36.84,35.6,38.28
05_Schafgasse_1_000004_000080,11,crate (green),random hazards,18.0,37.61,36.78,42.02,36.78,39.69,39.13,43.19
05_Schafgasse_1_000004_000080,10,"crate (blue, small)",random hazards,15.0,34.17,31.33,34.59,31.33,34.13,33.49,35.67
05_Schafgasse_1_000004_000090,11,crate (green),random hazards,18.0,35.19,33.84,38.55,33.84,36.34,36.39,39.82
05_Schafgasse_1_000004_000090,10,"crate (blue, small)",random hazards,15.0,31.41,28.61,31.75,28.61,31.05,31.41,33.15
05_Schafgasse_1_000004_000100,11,crate (green),random hazards,21.0,32.77,31.21,35.56,31.21,33.16,33.23,36.58
05_Schafgasse_1_000004_000100,10,"crate (blue, small)",random hazards,17.0,28.51,26.27,28.84,26.27,28.03,28.0,29.71
05_Schafgasse_1_000004_000110,11,crate (green),random hazards,23.0,30.01,29.09,30.95,29.09,30.34,30.37,31.59
05_Schafgasse_1_000004_000110,10,"crate (blue, small)",random hazards,18.0,25.48,24.0,25.38,24.0,25.02,25.64,26.2
05_Schafgasse_1_000004_000120,11,crate (green),random hazards,24.0,26.33,26.49,27.95,26.49,26.97,27.61,28.51
05_Schafgasse_1_000004_000120,10,"crate (blue, small)",random hazards,20.0,22.43,21.92,22.58,21.92,22.14,22.89,23.06
05_Schafgasse_1_000004_000130,11,crate (green),random hazards,29.0,22.66,23.5,23.5,23.5,23.84,23.5,24.43
05_Schafgasse_1_000004_000130,10,"crate (blue, small)",random hazards,25.0,18.62,17.95,18.46,18.98,19.05,17.95,19.46
05_Schafgasse_1_000004_000140,11,crate (green),random hazards,37.0,19.53,19.94,20.16,20.16,20.27,19.94,21.38
05_Schafgasse_1_000004_000140,10,"crate (blue, small)",random hazards,32.0,15.19,14.71,15.61,15.23,15.87,14.71,16.54
05_Schafgasse_1_000004_000150,10,"crate (blue, small)",random hazards,43.0,11.52,11.37,12.19,11.27,12.14,11.37,12.58
05_Schafgasse_1_000004_000150,11,crate (green),random hazards,41.0,15.85,16.06,16.38,15.78,16.24,16.06,16.92
05_Schafgasse_1_000004_000160,11,crate (green),random hazards,55.0,12.54,12.58,13.25,12.71,13.31,12.58,13.77
05_Schafgasse_1_000004_000160,10,"crate (blue, small)",random hazards,68.0,7.99,7.92,8.78,8.17,8.9,7.92,9.16
05_Schafgasse_1_000004_000170,11,crate (green),random hazards,74.0,9.57,9.24,10.19,9.46,10.3,9.24,10.63
05_Schafgasse_1_000005_000030,29,cardboard box,random hazards,8.0,43.93,40.27,45.78,40.27,44.73,44.25,47.77
05_Schafgasse_1_000005_000040,29,cardboard box,random hazards,9.0,42.5,38.57,44.98,38.57,43.05,42.77,47.08
05_Schafgasse_1_000005_000050,29,cardboard box,random hazards,9.0,40.75,38.28,43.16,38.28,42.44,42.7,45.37
05_Schafgasse_1_000005_000060,29,cardboard box,random hazards,11.0,40.41,37.36,41.62,37.36,41.29,41.32,43.6
05_Schafgasse_1_000005_000070,29,cardboard box,random hazards,9.0,39.28,35.35,39.5,35.35,38.92,39.63,41.64
05_Schafgasse_1_000005_000080,29,cardboard box,random hazards,10.0,37.5,33.69,36.55,33.69,36.83,37.51,38.46
05_Schafgasse_1_000005_000090,29,cardboard box,random hazards,12.0,34.43,31.36,33.7,31.36,35.01,34.55,35.3
05_Schafgasse_1_000005_000100,29,cardboard box,random hazards,11.0,32.17,29.55,31.85,29.55,32.57,31.16,32.66
05_Schafgasse_1_000005_000110,29,cardboard box,random hazards,13.0,29.22,27.02,29.2,27.02,29.73,29.29,30.33
05_Schafgasse_1_000005_000120,29,cardboard box,random hazards,13.0,26.45,24.89,26.77,24.89,26.71,26.81,27.73
05_Schafgasse_1_000005_000120,21,ball,emotional hazards,27.0,21.28,23.0,24.36,23.0,23.61,24.77,25.24
05_Schafgasse_1_000005_000130,21,ball,emotional hazards,31.0,18.1,18.59,19.76,18.55,18.57,20.93,20.95
05_Schafgasse_1_000005_000130,29,cardboard box,random hazards,14.0,23.06,22.14,24.34,22.14,23.17,24.96,25.75
05_Schafgasse_1_000005_000140,29,cardboard box,random hazards,17.0,20.29,20.07,22.52,20.07,20.77,22.09,23.52
05_Schafgasse_1_000007_000010,20,tire,random hazards,11.0,41.89,35.84,44.7,35.84,41.12,38.16,45.86
05_Schafgasse_1_000007_000020,20,tire,random hazards,10.0,40.63,38.11,45.03,38.11,41.71,38.45,45.2
05_Schafgasse_1_000007_000030,20,tire,random hazards,10.0,39.31,37.13,42.66,37.13,40.49,37.3,42.74
05_Schafgasse_1_000007_000040,20,tire,random hazards,10.0,37.65,35.2,39.96,35.2,38.38,35.78,40.25
05_Schafgasse_1_000007_000050,20,tire,random hazards,11.0,35.49,34.58,38.92,34.58,36.95,34.44,38.86
05_Schafgasse_1_000007_000060,20,tire,random hazards,10.0,33.22,32.36,36.61,32.36,34.22,32.63,36.75
05_Schafgasse_1_000007_000070,20,tire,random hazards,10.0,30.36,29.41,32.4,29.41,31.31,30.08,32.73
05_Schafgasse_1_000007_000080,20,tire,random hazards,12.0,28.02,26.32,28.87,26.32,27.3,26.66,29.04
05_Schafgasse_1_000007_000090,20,tire,random hazards,14.0,24.49,23.75,25.47,23.75,24.69,23.67,25.43
05_Schafgasse_1_000007_000100,20,tire,random hazards,16.0,21.67,20.71,21.94,20.71,21.13,21.14,22.16
05_Schafgasse_1_000007_000110,20,tire,random hazards,18.0,18.32,17.71,18.19,17.71,18.06,18.49,18.58
05_Schafgasse_1_000007_000120,20,tire,random hazards,23.0,15.2,14.58,14.77,14.95,15.06,14.58,15.09
05_Schafgasse_1_000007_000130,20,tire,random hazards,30.0,12.21,11.9,12.23,12.15,12.36,11.9,12.46
05_Schafgasse_1_000007_000140,20,tire,random hazards,39.0,9.29,8.66,9.3,9.32,9.63,8.66,9.53
05_Schafgasse_1_000007_000150,20,tire,random hazards,63.0,6.47,6.06,6.7,6.48,6.91,6.06,6.95
05_Schafgasse_1_000008_000010,34,styrofoam,random hazards,9.0,47.67,45.12,58.55,45.12,49.66,45.91,58.94
05_Schafgasse_1_000008_000010,14,headlight,random hazards,15.0,39.62,36.9,44.31,36.9,39.39,36.96,44.34
05_Schafgasse_1_000008_000020,34,styrofoam,random hazards,8.0,47.06,44.34,55.67,44.34,49.36,44.49,55.75
05_Schafgasse_1_000008_000020,14,headlight,random hazards,17.0,37.84,36.16,44.17,36.16,38.89,36.06,44.12
05_Schafgasse_1_000008_000030,34,styrofoam,random hazards,7.0,47.08,43.34,53.19,43.34,47.87,43.22,53.13
05_Schafgasse_1_000008_000030,14,headlight,random hazards,18.0,36.73,34.73,41.13,34.73,37.58,34.43,40.98
05_Schafgasse_1_000008_000040,34,styrofoam,random hazards,9.0,44.6,43.01,54.52,43.01,46.38,43.4,54.71
05_Schafgasse_1_000008_000040,14,headlight,random hazards,19.0,35.29,34.55,40.8,34.55,36.06,34.3,40.68
05_Schafgasse_1_000008_000050,34,styrofoam,random hazards,10.0,42.17,41.97,49.47,41.97,45.7,42.42,49.7
05_Schafgasse_1_000008_000050,14,headlight,random hazards,20.0,32.31,33.3,36.83,33.3,34.33,32.83,36.59
05_Schafgasse_1_000008_000060,34,styrofoam,random hazards,10.0,39.92,39.41,44.89,39.41,42.23,38.48,44.42
05_Schafgasse_1_000008_000060,14,headlight,random hazards,22.0,29.7,29.85,32.66,29.85,30.87,29.71,32.59
05_Schafgasse_1_000008_000070,34,styrofoam,random hazards,10.0,36.55,34.97,39.98,34.97,38.11,34.95,39.97
05_Schafgasse_1_000008_000070,14,headlight,random hazards,22.0,26.37,26.64,29.01,26.64,27.31,26.3,28.84
05_Schafgasse_1_000008_000080,34,styrofoam,random hazards,11.0,33.1,31.1,35.23,31.1,33.57,32.18,35.77
05_Schafgasse_1_000008_000080,14,headlight,random hazards,26.0,23.27,24.02,25.72,24.02,24.34,24.32,25.87
05_Schafgasse_1_000008_000090,34,styrofoam,random hazards,13.0,30.11,28.53,32.33,28.53,31.39,29.21,32.66
05_Schafgasse_1_000008_000090,14,headlight,random hazards,31.0,19.74,20.29,21.12,20.29,20.67,20.78,21.36
05_Schafgasse_1_000008_000100,34,styrofoam,random hazards,14.0,26.79,25.51,27.73,25.51,26.84,26.48,28.21
05_Schafgasse_1_000008_000100,14,headlight,random hazards,38.0,16.51,17.07,17.23,16.88,16.98,17.39,17.45
05_Schafgasse_1_000008_000110,34,styrofoam,random hazards,16.0,23.57,22.84,24.4,22.84,23.48,23.57,24.77
05_Schafgasse_1_000008_000110,14,headlight,random hazards,47.0,13.23,12.81,13.46,13.1,13.61,12.81,13.43
05_Schafgasse_1_000008_000120,34,styrofoam,random hazards,17.0,20.17,19.4,20.21,19.4,19.43,20.53,20.78
05_Schafgasse_1_000008_000120,14,headlight,random hazards,63.0,9.97,9.17,9.97,9.46,10.12,9.17,9.96
05_Schafgasse_1_000009_000070,23,dog (black),emotional hazards,19.0,55.36,47.55,56.01,47.55,54.47,51.06,57.77
05_Schafgasse_1_000009_000080,23,dog (black),emotional hazards,22.0,53.95,47.16,50.7,47.16,53.45,48.99,51.62
05_Schafgasse_1_000009_000090,23,dog (black),emotional hazards,21.0,53.46,44.31,49.89,44.31,49.8,49.61,52.53
05_Schafgasse_1_000009_000100,23,dog (black),emotional hazards,20.0,52.39,43.62,49.72,43.62,48.94,47.99,51.91
05_Schafgasse_1_000009_000110,23,dog (black),emotional hazards,22.0,49.71,42.08,46.51,42.08,45.27,45.54,48.24
05_Schafgasse_1_000009_000120,23,dog (black),emotional hazards,23.0,48.08,40.65,44.66,40.65,44.16,43.99,46.33
05_Schafgasse_1_000009_000130,23,dog (black),emotional hazards,25.0,44.83,38.6,43.28,38.6,41.95,42.66,45.31
05_Schafgasse_1_000009_000140,23,dog (black),emotional hazards,26.0,42.47,37.05,41.03,37.05,39.72,39.23,42.12
05_Schafgasse_1_000009_000150,23,dog (black),emotional hazards,28.0,38.42,33.04,36.31,33.04,36.34,35.85,37.72
05_Schafgasse_1_000009_000160,23,dog (black),emotional hazards,31.0,36.24,30.89,33.67,30.89,33.16,33.44,34.95
05_Schafgasse_1_000009_000170,23,dog (black),emotional hazards,33.0,32.2,28.66,30.65,28.66,30.23,30.39,31.52
05_Schafgasse_1_000009_000180,23,dog (black),emotional hazards,37.0,28.77,26.3,27.16,26.3,27.21,27.48,27.75
05_Schafgasse_1_000009_000190,23,dog (black),emotional hazards,41.0,25.54,23.54,24.23,23.54,24.2,24.91,24.95
05_Schafgasse_1_000009_000200,23,dog (black),emotional hazards,51.0,21.69,21.37,22.57,21.37,21.44,22.19,22.98
05_Schafgasse_1_000009_000210,23,dog (black),emotional hazards,59.0,18.28,18.26,19.34,17.46,17.86,19.4,19.91
05_Schafgasse_1_000009_000220,23,dog (black),emotional hazards,75.0,14.99,14.82,15.53,14.2,14.51,16.15,16.2
05_Schafgasse_1_000009_000230,23,dog (black),emotional hazards,92.0,11.99,12.22,12.48,10.85,11.79,12.22,13.09
05_Schafgasse_1_000009_000240,23,dog (black),emotional hazards,114.0,9.26,9.37,9.55,8.84,9.29,9.37,10.04
05_Schafgasse_1_000010_000040,24,dog (white),emotional hazards,15.0,53.21,46.4,54.3,46.4,53.58,48.25,55.23
05_Schafgasse_1_000010_000050,24,dog (white),emotional hazards,16.0,52.73,46.17,55.41,46.17,52.75,47.54,56.09
05_Schafgasse_1_000010_000060,24,dog (white),emotional hazards,16.0,51.33,44.03,52.59,44.03,50.67,46.36,53.75
05_Schafgasse_1_000010_000070,24,dog (white),emotional hazards,16.0,50.61,42.28,48.96,42.28,49.57,46.98,51.31
05_Schafgasse_1_000010_000080,24,dog (white),emotional hazards,16.0,48.51,40.54,47.18,40.54,46.48,44.26,49.04
05_Schafgasse_1_000010_000090,24,dog (white),emotional hazards,18.0,45.39,39.63,45.72,39.63,44.73,41.91,46.85
05_Schafgasse_1_000010_000100,24,dog (white),emotional hazards,18.0,42.8,37.46,41.95,37.46,42.75,39.42,42.92
05_Schafgasse_1_000010_000110,24,dog (white),emotional hazards,20.0,38.79,34.7,37.01,34.7,36.67,35.86,37.59
05_Schafgasse_1_000010_000120,24,dog (white),emotional hazards,22.0,35.82,30.99,32.55,30.99,33.73,33.24,33.68
05_Schafgasse_1_000010_000130,24,dog (white),emotional hazards,24.0,31.65,28.0,29.34,28.0,30.09,28.93,29.8
05_Schafgasse_1_000010_000140,24,dog (white),emotional hazards,27.0,27.83,25.89,26.48,25.89,26.68,26.57,26.82
05_Schafgasse_1_000010_000150,24,dog (white),emotional hazards,32.0,23.42,22.51,23.57,22.51,22.69,23.22,23.92
05_Schafgasse_1_000010_000160,24,dog (white),emotional hazards,38.0,19.55,19.5,20.05,19.44,19.47,20.59,20.8
05_Schafgasse_1_000010_000170,24,dog (white),emotional hazards,46.0,15.87,16.82,16.88,16.19,16.56,16.82,17.44
05_Schafgasse_1_000010_000180,24,dog (white),emotional hazards,59.0,12.55,11.87,12.78,11.98,12.84,11.87,13.07
05_Schafgasse_1_000010_000190,24,dog (white),emotional hazards,76.0,9.31,9.25,9.91,9.17,9.87,9.25,10.13
05_Schafgasse_1_000011_000120,27,bobby car (red),emotional hazards,29.0,39.08,32.94,34.82,32.94,35.58,35.39,36.05
05_Schafgasse_1_000011_000130,27,bobby car (red),emotional hazards,32.0,33.58,30.8,31.9,30.8,33.1,31.08,32.03
05_Schafgasse_1_000011_000140,27,bobby car (red),emotional hazards,36.0,28.89,27.08,27.64,27.08,28.96,27.03,27.62
05_Schafgasse_1_000011_000150,27,bobby car (red),emotional hazards,41.0,23.8,23.43,24.4,23.43,23.88,24.05,24.71
05_Schafgasse_1_000011_000160,27,bobby car (red),emotional hazards,54.0,19.23,18.95,19.63,18.95,19.13,20.32,20.34
05_Schafgasse_1_000011_000170,27,bobby car (red),emotional hazards,71.0,14.17,12.83,13.81,13.89,14.34,12.83,14.64
05_Schafgasse_1_000011_000180,27,bobby car (red),emotional hazards,105.0,9.75,9.97,10.48,9.71,10.36,9.97,10.82
05_Schafgasse_1_000012_000030,28,bobby car (yellow),emotional hazards,17.0,77.54,58.03,69.97,58.03,67.84,64.23,73.07
05_Schafgasse_1_000012_000040,28,bobby car (yellow),emotional hazards,18.0,74.82,57.79,65.83,57.79,65.97,61.31,67.59
05_Schafgasse_1_000012_000050,28,bobby car (yellow),emotional hazards,17.0,72.79,54.91,62.11,54.91,64.23,59.66,64.48
05_Schafgasse_1_000012_000060,28,bobby car (yellow),emotional hazards,20.0,72.06,54.23,60.06,54.23,62.9,56.45,61.17
05_Schafgasse_1_000012_000070,28,bobby car (yellow),emotional hazards,17.0,65.78,53.85,60.71,53.85,60.26,57.0,62.28
05_Schafgasse_1_000012_000080,28,bobby car (yellow),emotional hazards,18.0,62.62,51.62,60.62,51.62,58.4,55.45,62.54
05_Schafgasse_1_000012_000090,28,bobby car (yellow),emotional hazards,19.0,60.76,49.37,55.69,49.37,53.97,52.77,57.39
05_Schafgasse_1_000012_000100,28,bobby car (yellow),emotional hazards,21.0,57.89,44.47,48.92,44.47,49.61,46.44,49.91
05_Schafgasse_1_000012_000110,28,bobby car (yellow),emotional hazards,23.0,52.41,43.78,45.77,43.78,47.95,45.98,46.87
05_Schafgasse_1_000012_000120,28,bobby car (yellow),emotional hazards,22.0,48.82,39.65,44.45,39.65,44.34,43.09,46.17
05_Schafgasse_1_000012_000130,28,bobby car (yellow),emotional hazards,26.0,43.81,38.7,40.8,38.7,41.94,38.77,40.84
05_Schafgasse_1_000012_000140,28,bobby car (yellow),emotional hazards,28.0,40.13,35.03,37.16,35.03,37.02,35.98,37.63
05_Schafgasse_1_000012_000150,28,bobby car (yellow),emotional hazards,33.0,35.51,34.02,35.89,34.02,34.58,34.96,36.36
05_Schafgasse_1_000012_000160,28,bobby car (yellow),emotional hazards,36.0,30.85,28.07,30.05,28.07,29.02,30.46,31.24
05_Schafgasse_1_000012_000170,28,bobby car (yellow),emotional hazards,41.0,26.2,24.43,26.16,24.43,25.22,26.49,27.18
05_Schafgasse_1_000012_000180,28,bobby car (yellow),emotional hazards,47.0,22.57,21.67,22.73,21.67,22.18,23.54,23.67
05_Schafgasse_1_000012_000190,28,bobby car (yellow),emotional hazards,58.0,18.22,17.31,18.41,17.31,17.82,19.5,19.51
05_Schafgasse_1_000012_000200,28,bobby car (yellow),emotional hazards,75.0,14.25,14.15,14.32,13.94,14.04,14.5,15.41
05_Schafgasse_1_000012_000210,28,bobby car (yellow),emotional hazards,99.0,10.6,10.57,10.93,11.02,11.15,10.57,11.88
05_Schafgasse_1_000012_000220,28,bobby car (yellow),emotional hazards,142.0,7.32,7.12,7.91,7.11,7.9,7.12,8.29
05_Schafgasse_1_000013_000030,26,bobby car (gray),emotional hazards,19.0,67.85,53.56,58.3,53.56,60.17,55.08,59.06
05_Schafgasse_1_000013_000040,26,bobby car (gray),emotional hazards,15.0,65.08,52.16,55.8,52.16,60.61,55.06,57.25
05_Schafgasse_1_000013_000050,26,bobby car (gray),emotional hazards,17.0,64.37,50.0,59.1,50.0,58.49,53.27,60.74
05_Schafgasse_1_000013_000060,26,bobby car (gray),emotional hazards,17.0,61.51,49.21,58.09,49.21,57.29,53.82,60.39
05_Schafgasse_1_000013_000070,26,bobby car (gray),emotional hazards,15.0,58.52,45.95,52.64,45.95,53.09,48.7,54.01
05_Schafgasse_1_000013_000080,26,bobby car (gray),emotional hazards,22.0,54.04,43.02,48.24,43.02,49.01,47.04,50.25
05_Schafgasse_1_000013_000090,26,bobby car (gray),emotional hazards,23.0,51.2,40.59,43.8,40.59,46.0,43.59,45.3
05_Schafgasse_1_000013_000100,26,bobby car (gray),emotional hazards,22.0,45.71,36.45,40.17,36.45,40.97,39.84,41.86
05_Schafgasse_1_000013_000110,26,bobby car (gray),emotional hazards,25.0,41.84,35.24,37.55,35.24,37.92,36.19,38.03
05_Schafgasse_1_000013_000120,26,bobby car (gray),emotional hazards,30.0,36.78,32.06,35.04,32.06,33.28,33.13,35.58
05_Schafgasse_1_000013_000130,26,bobby car (gray),emotional hazards,32.0,32.16,28.37,30.44,28.37,30.06,30.83,31.67
05_Schafgasse_1_000013_000140,26,bobby car (gray),emotional hazards,39.0,28.02,24.88,26.66,24.88,26.02,27.53,27.98
05_Schafgasse_1_000013_000150,26,bobby car (gray),emotional hazards,45.0,23.07,20.9,22.47,20.9,21.57,23.26,23.65
05_Schafgasse_1_000013_000160,26,bobby car (gray),emotional hazards,55.0,18.43,17.33,18.4,17.33,18.02,19.47,19.84
05_Schafgasse_1_000013_000170,26,bobby car (gray),emotional hazards,69.0,14.2,13.21,13.85,13.21,13.64,14.48,15.08
05_Schafgasse_1_000013_000180,26,bobby car (gray),emotional hazards,97.0,10.46,10.36,10.52,10.4,10.54,10.36,11.32
05_Schafgasse_1_000014_000030,24,dog (white),emotional hazards,20.0,47.14,41.34,47.34,41.34,45.7,44.09,48.72
05_Schafgasse_1_000014_000040,24,dog (white),emotional hazards,23.0,45.34,39.29,44.7,39.29,43.97,41.54,45.83
05_Schafgasse_1_000014_000050,24,dog (white),emotional hazards,25.0,43.42,38.57,43.42,38.57,42.02,41.09,44.68
05_Schafgasse_1_000014_000060,24,dog (white),emotional hazards,26.0,41.49,36.86,41.0,36.86,40.39,39.22,42.18
05_Schafgasse_1_000014_000070,24,dog (white),emotional hazards,27.0,39.53,33.64,38.14,33.64,37.45,37.48,40.06
05_Schafgasse_1_000014_000080,24,dog (white),emotional hazards,30.0,36.05,31.66,34.96,31.66,33.98,34.65,36.45
05_Schafgasse_1_000014_000090,24,dog (white),emotional hazards,32.0,32.25,28.7,31.27,28.7,31.2,31.98,32.91
05_Schafgasse_1_000014_000100,24,dog (white),emotional hazards,32.0,28.71,26.13,28.0,26.13,28.04,28.75,29.31
05_Schafgasse_1_000014_000110,24,dog (white),emotional hazards,38.0,25.23,23.21,24.31,23.21,24.39,25.41,25.7
05_Schafgasse_1_000014_000120,24,dog (white),emotional hazards,42.0,21.15,20.56,20.64,20.56,20.77,20.73,21.64
05_Schafgasse_1_000014_000130,24,dog (white),emotional hazards,53.0,17.66,17.86,18.1,17.68,17.77,18.34,19.05
05_Schafgasse_1_000014_000140,24,dog (white),emotional hazards,62.0,14.09,14.23,14.61,13.91,14.45,14.23,15.28
05_Schafgasse_1_000014_000150,24,dog (white),emotional hazards,79.0,11.09,11.11,11.68,10.97,11.62,11.11,12.08
05_Schafgasse_1_000014_000160,24,dog (white),emotional hazards,104.0,8.48,8.57,9.09,8.3,8.95,8.57,9.41
05_Schafgasse_1_000015_000050,27,bobby car (red),emotional hazards,24.0,47.76,39.73,44.38,39.73,43.27,42.3,45.67
05_Schafgasse_1_000015_000060,27,bobby car (red),emotional hazards,25.0,43.62,37.18,42.25,37.18,39.84,40.96,44.14
05_Schafgasse_1_000015_000070,27,bobby car (red),emotional hazards,26.0,41.34,35.77,40.27,35.77,38.91,39.76,42.27
05_Schafgasse_1_000015_000080,27,bobby car (red),emotional hazards,30.0,37.11,31.74,36.12,31.74,34.41,35.42,37.96
05_Schafgasse_1_000015_000090,27,bobby car (red),emotional hazards,33.0,33.46,28.76,31.5,28.76,30.83,31.63,32.94
05_Schafgasse_1_000015_000100,27,bobby car (red),emotional hazards,36.0,29.06,26.49,28.52,26.49,27.92,29.67,30.11
05_Schafgasse_1_000015_000110,27,bobby car (red),emotional hazards,41.0,25.47,23.81,24.39,23.81,24.39,24.98,25.38
05_Schafgasse_1_000015_000120,27,bobby car (red),emotional hazards,46.0,21.62,20.32,20.51,20.32,20.86,20.7,21.61
05_Schafgasse_1_000015_000130,27,bobby car (red),emotional hazards,55.0,18.15,16.61,17.62,17.53,18.08,16.61,18.38
05_Schafgasse_1_000015_000140,27,bobby car (red),emotional hazards,68.0,14.93,14.33,14.97,14.53,15.07,14.33,15.48
05_Schafgasse_1_000015_000150,27,bobby car (red),emotional hazards,82.0,12.05,11.54,11.95,11.75,12.06,11.54,12.79
05_Schafgasse_1_000015_000160,27,bobby car (red),emotional hazards,104.0,9.41,9.59,10.04,9.12,9.8,9.59,10.92
05_Schafgasse_1_000015_000170,27,bobby car (red),emotional hazards,135.0,7.29,7.26,7.96,6.96,7.8,7.26,8.62
05_Schafgasse_1_000016_000030,27,bobby car (red),emotional hazards,20.0,52.31,43.78,44.55,43.78,46.32,41.17,43.24
05_Schafgasse_1_000016_000040,27,bobby car (red),emotional hazards,20.0,52.14,43.71,47.41,43.71,46.72,40.24,45.68
05_Schafgasse_1_000016_000050,27,bobby car (red),emotional hazards,22.0,50.19,44.36,44.88,44.36,46.91,41.91,43.66
05_Schafgasse_1_000016_000060,27,bobby car (red),emotional hazards,23.0,48.51,41.7,43.47,41.7,44.95,40.33,42.78
05_Schafgasse_1_000016_000070,27,bobby car (red),emotional hazards,24.0,45.53,39.06,41.28,39.06,41.78,40.37,41.93
05_Schafgasse_1_000016_000080,27,bobby car (red),emotional hazards,25.0,42.22,36.2,38.48,36.2,38.48,39.09,39.92
05_Schafgasse_1_000016_000090,27,bobby car (red),emotional hazards,27.0,38.5,34.39,35.75,34.39,36.5,37.12,37.31
05_Schafgasse_1_000016_000100,27,bobby car (red),emotional hazards,30.0,35.52,31.58,33.38,31.58,33.85,33.66,34.41
05_Schafgasse_1_000016_000110,27,bobby car (red),emotional hazards,34.0,31.6,27.74,28.63,27.74,30.35,29.53,30.17
05_Schafgasse_1_000016_000120,27,bobby car (red),emotional hazards,40.0,27.84,25.96,26.2,25.96,27.79,26.44,27.44
05_Schafgasse_1_000016_000130,27,bobby car (red),emotional hazards,46.0,23.85,22.39,22.98,22.39,23.66,23.56,23.88
05_Schafgasse_1_000016_000140,27,bobby car (red),emotional hazards,48.0,19.86,18.35,18.54,18.35,19.23,18.72,19.0
05_Schafgasse_1_000016_000150,27,bobby car (red),emotional hazards,63.0,16.08,15.95,16.13,15.95,16.23,16.32,16.39
05_Schafgasse_1_000016_000160,27,bobby car (red),emotional hazards,80.0,12.51,11.67,12.19,12.38,12.55,11.67,12.49
05_Schafgasse_1_000016_000170,27,bobby car (red),emotional hazards,108.0,9.15,9.27,9.57,9.18,9.52,9.27,9.98
05_Schafgasse_1_000017_000030,26,bobby car (gray),emotional hazards,19.0,53.49,47.04,52.3,47.04,48.97,46.26,51.91
05_Schafgasse_1_000017_000040,26,bobby car (gray),emotional hazards,21.0,52.37,44.78,48.3,44.78,46.81,46.94,49.38
05_Schafgasse_1_000017_000050,26,bobby car (gray),emotional hazards,21.0,50.96,44.15,46.05,44.15,45.25,43.87,45.91
05_Schafgasse_1_000017_000060,26,bobby car (gray),emotional hazards,21.0,49.46,43.88,45.01,43.88,45.91,43.88,45.01
05_Schafgasse_1_000017_000070,26,bobby car (gray),emotional hazards,22.0,46.12,41.68,44.37,41.68,44.16,42.31,44.69
05_Schafgasse_1_000017_000080,26,bobby car (gray),emotional hazards,26.0,43.18,38.14,40.19,38.14,41.13,40.22,41.23
05_Schafgasse_1_000017_000090,26,bobby car (gray),emotional hazards,27.0,39.46,35.34,37.56,35.34,37.29,37.5,38.64
05_Schafgasse_1_000017_000100,26,bobby car (gray),emotional hazards,30.0,35.81,32.66,34.64,32.66,34.47,34.92,35.78
05_Schafgasse_1_000017_000110,26,bobby car (gray),emotional hazards,32.0,31.94,28.72,30.3,28.72,31.32,31.07,31.48
05_Schafgasse_1_000017_000120,26,bobby car (gray),emotional hazards,35.0,28.26,26.53,27.51,26.53,28.09,28.48,28.52
05_Schafgasse_1_000017_000130,26,bobby car (gray),emotional hazards,42.0,25.01,23.27,24.07,23.27,24.27,24.87,25.32
05_Schafgasse_1_000017_000140,26,bobby car (gray),emotional hazards,49.0,21.2,19.95,20.27,19.95,20.9,20.59,20.88
05_Schafgasse_1_000017_000150,26,bobby car (gray),emotional hazards,57.0,17.74,16.8,17.48,16.8,17.44,18.02,18.09
05_Schafgasse_1_000017_000160,26,bobby car (gray),emotional hazards,70.0,14.1,14.41,14.79,14.1,14.25,15.17,15.36
05_Schafgasse_1_000017_000170,26,bobby car (gray),emotional hazards,92.0,10.89,11.17,11.29,10.76,10.96,11.41,11.86
05_Schafgasse_1_000017_000180,26,bobby car (gray),emotional hazards,127.0,7.91,8.09,8.25,7.51,7.96,8.09,8.66
05_Schafgasse_1_000018_000030,24,dog (white),emotional hazards,22.0,55.19,45.19,50.31,45.19,48.39,43.46,49.45
05_Schafgasse_1_000018_000040,24,dog (white),emotional hazards,23.0,52.2,44.92,48.3,44.92,47.17,43.97,47.83
05_Schafgasse_1_000018_000050,24,dog (white),emotional hazards,24.0,50.77,43.5,48.36,43.5,45.86,43.28,48.25
05_Schafgasse_1_000018_000060,24,dog (white),emotional hazards,25.0,47.4,40.65,44.36,40.65,43.5,42.38,45.23
05_Schafgasse_1_000018_000070,24,dog (white),emotional hazards,26.0,42.78,36.78,39.98,36.78,40.14,39.52,41.34
05_Schafgasse_1_000018_000080,24,dog (white),emotional hazards,29.0,39.39,34.2,37.1,34.2,36.95,36.25,38.12
05_Schafgasse_1_000018_000090,24,dog (white),emotional hazards,32.0,35.21,31.32,33.37,31.32,33.36,32.43,33.92
05_Schafgasse_1_000018_000100,24,dog (white),emotional hazards,37.0,30.59,28.26,29.3,28.26,29.08,29.53,29.93
05_Schafgasse_1_000018_000110,24,dog (white),emotional hazards,43.0,25.71,24.55,24.81,24.55,24.89,25.07,25.69
05_Schafgasse_1_000018_000120,24,dog (white),emotional hazards,50.0,21.02,19.72,19.94,20.16,20.58,19.72,20.42
05_Schafgasse_1_000018_000130,24,dog (white),emotional hazards,62.0,16.71,16.09,16.12,16.14,16.29,16.09,16.63
05_Schafgasse_1_000018_000140,24,dog (white),emotional hazards,77.0,12.49,11.3,11.91,12.4,12.46,11.3,12.32
05_Schafgasse_1_000018_000150,24,dog (white),emotional hazards,111.0,8.45,8.3,8.76,8.0,8.61,8.3,9.08
05_Schafgasse_1_000019_000070,23,dog (black),emotional hazards,21.0,58.47,49.68,54.16,49.68,52.39,46.27,52.45
05_Schafgasse_1_000019_000080,23,dog (black),emotional hazards,23.0,54.36,46.04,51.39,46.04,50.31,45.02,50.89
05_Schafgasse_1_000019_000090,23,dog (black),emotional hazards,23.0,53.5,42.66,47.66,42.66,48.88,42.89,47.78
05_Schafgasse_1_000019_000100,23,dog (black),emotional hazards,26.0,51.45,42.98,46.1,42.98,47.17,41.24,45.23
05_Schafgasse_1_000019_000110,23,dog (black),emotional hazards,28.0,48.86,40.42,43.2,40.42,44.54,40.39,43.18
05_Schafgasse_1_000019_000120,23,dog (black),emotional hazards,32.0,43.86,36.9,38.52,36.9,40.39,38.04,39.09
05_Schafgasse_1_000019_000130,23,dog (black),emotional hazards,30.0,41.58,34.51,37.92,34.51,38.19,38.7,40.02
05_Schafgasse_1_000019_000140,23,dog (black),emotional hazards,32.0,37.64,32.47,34.22,32.47,35.42,35.54,35.75
05_Schafgasse_1_000019_000150,23,dog (black),emotional hazards,37.0,33.25,29.16,30.12,29.16,30.62,30.71,30.89
05_Schafgasse_1_000019_000160,23,dog (black),emotional hazards,44.0,28.7,26.64,26.73,26.64,28.23,26.83,27.7
05_Schafgasse_1_000019_000170,23,dog (black),emotional hazards,49.0,24.77,21.7,21.94,22.18,22.66,21.7,22.45
05_Schafgasse_1_000019_000180,23,dog (black),emotional hazards,58.0,20.05,18.94,19.24,18.94,19.42,19.54,19.69
05_Schafgasse_1_000019_000190,23,dog (black),emotional hazards,68.0,15.91,14.98,15.51,15.72,15.88,14.98,15.81
05_Schafgasse_1_000019_000200,23,dog (black),emotional hazards,88.0,12.12,12.58,12.72,12.04,12.31,12.87,13.25
05_Schafgasse_1_000019_000210,23,dog (black),emotional hazards,125.0,8.76,9.51,9.54,8.52,9.05,9.51,9.83
07_Festplatz_Flugfeld_000000_000030,04,crate (gray),standard objects,7.0,82.26,54.45,57.68,60.91,68.03,54.45,56.09
07_Festplatz_Flugfeld_000000_000030,05,"crate (gray, 2x stacked)",standard objects,11.0,89.7,69.22,76.72,69.22,82.08,65.39,74.8
07_Festplatz_Flugfeld_000000_000030,06,"crate (gray, upright)",standard objects,14.0,105.56,77.09,83.95,77.09,87.87,70.36,80.59
07_Festplatz_Flugfeld_000000_000040,04,crate (gray),standard objects,8.0,77.52,49.73,55.6,61.48,68.08,49.73,54.38
07_Festplatz_Flugfeld_000000_000040,05,"crate (gray, 2x stacked)",standard objects,11.0,91.55,72.97,75.27,72.97,80.91,67.19,72.38
07_Festplatz_Flugfeld_000000_000040,06,"crate (gray, upright)",standard objects,15.0,106.56,79.42,84.2,79.42,87.13,71.98,80.48
07_Festplatz_Flugfeld_000000_000050,04,crate (gray),standard objects,7.0,77.7,48.13,53.66,59.18,63.77,48.13,52.3
07_Festplatz_Flugfeld_000000_000050,05,"crate (gray, 2x stacked)",standard objects,10.0,91.74,72.89,75.02,72.89,81.17,66.12,71.64
07_Festplatz_Flugfeld_000000_000050,06,"crate (gray, upright)",standard objects,15.0,101.97,76.13,76.51,76.13,83.98,66.19,71.54
07_Festplatz_Flugfeld_000000_000060,04,crate (gray),standard objects,7.0,69.69,46.92,51.67,56.43,60.46,46.92,50.77
07_Festplatz_Flugfeld_000000_000060,05,"crate (gray, 2x stacked)",standard objects,11.0,87.81,58.26,63.78,69.3,78.88,58.26,60.33
07_Festplatz_Flugfeld_000000_000060,06,"crate (gray, upright)",standard objects,15.0,99.22,65.54,70.59,75.65,80.92,65.4,65.47
07_Festplatz_Flugfeld_000000_000070,04,crate (gray),standard objects,6.0,66.01,47.87,52.57,57.27,59.32,47.87,51.16
07_Festplatz_Flugfeld_000000_000070,05,"crate (gray, 2x stacked)",standard objects,9.0,82.16,71.06,73.68,71.06,76.86,67.1,71.7
07_Festplatz_Flugfeld_000000_000070,06,"crate (gray, upright)",standard objects,17.0,93.74,70.84,71.75,72.67,77.93,66.86,68.85
07_Festplatz_Flugfeld_000000_000080,04,crate (gray),standard objects,8.0,64.92,48.62,50.01,51.4,54.54,48.62,49.25
07_Festplatz_Flugfeld_000000_000080,05,"crate (gray, 2x stacked)",standard objects,12.0,76.82,61.49,67.64,61.49,69.8,59.85,66.83
07_Festplatz_Flugfeld_000000_000080,06,"crate (gray, upright)",standard objects,17.0,94.08,68.56,70.87,68.56,74.72,64.08,68.63
07_Festplatz_Flugfeld_000000_000090,04,crate (gray),standard objects,7.0,60.87,44.95,48.36,51.76,55.61,44.95,48.05
07_Festplatz_Flugfeld_000000_000090,05,"crate (gray, 2x stacked)",standard objects,14.0,76.05,59.38,61.95,59.38,71.06,62.43,63.48
07_Festplatz_Flugfeld_000000_000090,06,"crate (gray, upright)",standard objects,17.0,90.26,63.86,65.0,66.15,75.72,63.86,64.66
07_Festplatz_Flugfeld_000000_000100,04,crate (gray),standard objects,7.0,55.91,38.71,43.09,47.47,49.02,38.71,42.41
07_Festplatz_Flugfeld_000000_000100,05,"crate (gray, 2x stacked)",standard objects,13.0,70.64,52.43,55.31,58.2,63.3,52.43,53.76
07_Festplatz_Flugfeld_000000_000100,06,"crate (gray, upright)",standard objects,19.0,88.29,60.85,62.48,64.12,67.59,55.37,58.11
07_Festplatz_Flugfeld_000000_000110,05,"crate (gray, 2x stacked)",standard objects,12.0,66.35,43.12,49.05,54.98,59.77,43.12,47.86
07_Festplatz_Flugfeld_000000_000110,04,crate (gray),standard objects,8.0,52.71,35.69,40.59,45.5,48.33,35.69,39.42
07_Festplatz_Flugfeld_000000_000110,06,"crate (gray, upright)",standard objects,20.0,74.82,46.68,54.67,62.66,67.39,46.68,51.05
07_Festplatz_Flugfeld_000000_000120,04,crate (gray),standard objects,9.0,48.99,34.98,37.79,40.6,43.91,34.98,38.55
07_Festplatz_Flugfeld_000000_000120,05,"crate (gray, 2x stacked)",standard objects,13.0,63.95,43.79,46.69,49.59,54.98,43.79,48.59
07_Festplatz_Flugfeld_000000_000120,06,"crate (gray, upright)",standard objects,21.0,68.72,45.98,50.53,55.09,61.73,45.98,49.8
07_Festplatz_Flugfeld_000000_000130,04,crate (gray),standard objects,10.0,44.62,35.0,37.53,40.06,42.94,35.0,37.78
07_Festplatz_Flugfeld_000000_000130,05,"crate (gray, 2x stacked)",standard objects,12.0,58.39,47.52,48.05,48.58,54.07,47.52,48.46
07_Festplatz_Flugfeld_000000_000130,06,"crate (gray, upright)",standard objects,21.0,67.57,48.66,51.92,55.18,61.31,48.66,51.68
07_Festplatz_Flugfeld_000000_000140,04,crate (gray),standard objects,10.0,41.77,34.16,34.88,34.16,37.53,35.34,35.47
07_Festplatz_Flugfeld_000000_000140,05,"crate (gray, 2x stacked)",standard objects,15.0,54.08,42.96,43.34,42.96,50.06,43.71,44.33
07_Festplatz_Flugfeld_000000_000140,06,"crate (gray, upright)",standard objects,22.0,62.49,47.83,48.79,47.83,53.88,46.79,48.27
07_Festplatz_Flugfeld_000000_000150,04,crate (gray),standard objects,15.0,36.81,30.22,31.39,30.22,34.52,30.29,31.43
07_Festplatz_Flugfeld_000000_000150,05,"crate (gray, 2x stacked)",standard objects,16.0,51.62,39.17,40.14,39.17,44.99,38.92,40.02
07_Festplatz_Flugfeld_000000_000150,06,"crate (gray, upright)",standard objects,27.0,57.15,42.84,43.23,43.61,49.97,40.58,41.71
07_Festplatz_Flugfeld_000000_000160,04,crate (gray),standard objects,14.0,33.12,28.97,28.98,28.98,32.35,28.38,28.67
07_Festplatz_Flugfeld_000000_000160,05,"crate (gray, 2x stacked)",standard objects,19.0,47.21,37.97,38.46,38.95,43.33,36.82,37.39
07_Festplatz_Flugfeld_000000_000160,06,"crate (gray, upright)",standard objects,30.0,52.01,38.64,40.9,43.16,46.82,38.64,39.45
07_Festplatz_Flugfeld_000000_000170,04,crate (gray),standard objects,15.0,29.26,28.97,29.75,30.54,32.92,28.97,29.34
07_Festplatz_Flugfeld_000000_000170,05,"crate (gray, 2x stacked)",standard objects,17.0,42.33,38.72,39.56,40.41,44.01,38.63,38.67
07_Festplatz_Flugfeld_000000_000170,06,"crate (gray, upright)",standard objects,28.0,47.45,41.4,42.85,44.3,49.94,41.4,41.62
07_Festplatz_Flugfeld_000000_000180,04,crate (gray),standard objects,20.0,25.63,26.08,27.53,28.98,30.5,26.08,26.8
07_Festplatz_Flugfeld_000000_000180,05,"crate (gray, 2x stacked)",standard objects,21.0,38.45,35.79,38.13,40.48,43.16,35.79,36.36
07_Festplatz_Flugfeld_000000_000180,06,"crate (gray, upright)",standard objects,36.0,43.36,38.17,41.34,44.51,47.17,38.17,39.0
07_Festplatz_Flugfeld_000000_000190,04,crate (gray),standard objects,21.0,21.62,20.67,21.43,22.19,23.3,20.67,20.83
07_Festplatz_Flugfeld_000000_000190,05,"crate (gray, 2x stacked)",standard objects,25.0,36.12,30.21,31.38,32.54,35.55,30.06,30.13
07_Festplatz_Flugfeld_000000_000190,06,"crate (gray, upright)",standard objects,39.0,41.12,32.04,34.05,36.06,39.35,32.04,32.59
07_Festplatz_Flugfeld_000000_000200,04,crate (gray),standard objects,24.0,18.02,17.46,17.98,18.51,18.75,17.46,17.86
07_Festplatz_Flugfeld_000000_000200,05,"crate (gray, 2x stacked)",standard objects,26.0,31.42,28.3,28.91,29.53,30.97,28.3,28.3
07_Festplatz_Flugfeld_000000_000200,06,"crate (gray, upright)",standard objects,42.0,36.24,28.54,30.85,33.16,34.02,28.54,30.13
07_Festplatz_Flugfeld_000000_000210,04,crate (gray),standard objects,34.0,14.06,14.58,15.39,15.71,15.96,14.58,15.14
07_Festplatz_Flugfeld_000000_000210,05,"crate (gray, 2x stacked)",standard objects,32.0,27.28,25.34,26.72,28.1,29.02,25.34,25.86
07_Festplatz_Flugfeld_000000_000210,06,"crate (gray, upright)",standard objects,46.0,31.82,28.33,30.32,32.32,33.72,28.33,29.46
07_Festplatz_Flugfeld_000000_000220,04,crate (gray),standard objects,43.0,10.2,12.73,13.37,12.57,13.29,12.73,13.16
07_Festplatz_Flugfeld_000000_000220,05,"crate (gray, 2x stacked)",standard objects,35.0,23.19,27.33,27.77,28.21,28.36,26.69,27.01
07_Festplatz_Flugfeld_000000_000220,06,"crate (gray, upright)",standard objects,46.0,28.26,31.84,31.95,32.06,32.64,30.48,31.16
07_Festplatz_Flugfeld_000000_000230,05,"crate (gray, 2x stacked)",standard objects,38.0,19.43,22.32,23.01,23.69,24.07,22.32,22.55
07_Festplatz_Flugfeld_000000_000230,06,"crate (gray, upright)",standard objects,58.0,24.98,25.79,26.95,28.12,28.5,25.79,26.62
07_Festplatz_Flugfeld_000000_000240,05,"crate (gray, 2x stacked)",standard objects,51.0,15.84,17.35,17.55,17.35,17.51,16.86,17.31
07_Festplatz_Flugfeld_000000_000240,06,"crate (gray, upright)",standard objects,64.0,20.94,21.71,21.88,21.71,22.27,21.72,21.88
07_Festplatz_Flugfeld_000000_000250,05,"crate (gray, 2x stacked)",standard objects,70.0,12.57,13.95,14.05,14.0,14.07,13.95,14.02
07_Festplatz_Flugfeld_000000_000250,06,"crate (gray, upright)",standard objects,80.0,17.61,19.08,19.22,19.08,19.38,19.36,19.6
07_Festplatz_Flugfeld_000000_000260,05,"crate (gray, 2x stacked)",standard objects,93.0,9.07,11.56,11.7,11.5,11.67,11.56,11.7
07_Festplatz_Flugfeld_000000_000260,06,"crate (gray, upright)",standard objects,97.0,14.11,17.83,17.85,17.81,17.82,17.88,18.06
07_Festplatz_Flugfeld_000001_000030,03,"crate (black, upright)",standard objects,9.0,85.71,47.37,56.52,65.67,72.6,47.37,52.77
07_Festplatz_Flugfeld_000001_000030,02,"crate (black, 2x stacked)",standard objects,9.0,106.69,64.04,72.08,80.11,89.31,64.04,65.75
07_Festplatz_Flugfeld_000001_000030,01,crate (black),standard objects,9.0,102.7,50.12,60.05,69.98,76.74,50.12,55.69
07_Festplatz_Flugfeld_000001_000040,03,"crate (black, upright)",standard objects,7.0,88.02,45.6,58.05,70.49,78.7,45.6,53.44
07_Festplatz_Flugfeld_000001_000040,02,"crate (black, 2x stacked)",standard objects,10.0,104.11,60.19,71.78,83.38,94.19,60.19,64.29
07_Festplatz_Flugfeld_000001_000040,01,crate (black),standard objects,9.0,99.3,53.13,62.67,72.22,77.23,53.13,58.83
07_Festplatz_Flugfeld_000001_000050,03,"crate (black, upright)",standard objects,9.0,84.87,47.96,58.31,68.67,76.77,47.96,54.66
07_Festplatz_Flugfeld_000001_000050,02,"crate (black, 2x stacked)",standard objects,12.0,99.37,59.32,70.88,82.44,91.91,59.32,65.3
07_Festplatz_Flugfeld_000001_000050,01,crate (black),standard objects,10.0,93.4,57.08,63.79,70.5,78.11,57.08,61.6
07_Festplatz_Flugfeld_000001_000060,03,"crate (black, upright)",standard objects,8.0,81.95,49.25,55.64,62.02,70.03,49.25,53.28
07_Festplatz_Flugfeld_000001_000060,02,"crate (black, 2x stacked)",standard objects,11.0,98.24,72.42,74.62,76.81,94.43,65.17,68.8
07_Festplatz_Flugfeld_000001_000060,01,crate (black),standard objects,8.0,86.4,52.87,58.69,64.52,71.38,52.87,57.69
07_Festplatz_Flugfeld_000001_000070,03,"crate (black, upright)",standard objects,9.0,76.92,46.62,54.72,62.83,67.1,46.62,51.39
07_Festplatz_Flugfeld_000001_000070,02,"crate (black, 2x stacked)",standard objects,11.0,99.53,61.18,70.72,80.26,83.5,61.18,64.36
07_Festplatz_Flugfeld_000001_000070,01,crate (black),standard objects,9.0,86.14,55.21,61.21,67.21,71.72,55.21,58.16
07_Festplatz_Flugfeld_000001_000080,03,"crate (black, upright)",standard objects,11.0,73.41,43.31,50.88,58.44,63.46,43.31,47.25
07_Festplatz_Flugfeld_000001_000080,02,"crate (black, 2x stacked)",standard objects,11.0,93.0,53.15,63.94,74.72,79.28,53.15,58.03
07_Festplatz_Flugfeld_000001_000080,01,crate (black),standard objects,9.0,87.15,54.55,58.17,61.8,69.06,54.55,55.87
07_Festplatz_Flugfeld_000001_000090,03,"crate (black, upright)",standard objects,10.0,66.59,41.13,47.84,54.56,57.41,41.13,45.33
07_Festplatz_Flugfeld_000001_000090,02,"crate (black, 2x stacked)",standard objects,13.0,89.45,46.95,59.37,71.78,73.28,46.95,52.98
07_Festplatz_Flugfeld_000001_000090,01,crate (black),standard objects,10.0,80.12,45.25,52.83,60.4,64.58,45.25,50.18
07_Festplatz_Flugfeld_000001_000100,03,"crate (black, upright)",standard objects,10.0,63.14,44.64,48.06,51.48,55.63,44.64,46.16
07_Festplatz_Flugfeld_000001_000100,02,"crate (black, 2x stacked)",standard objects,13.0,82.74,51.6,58.36,65.12,69.68,51.6,54.58
07_Festplatz_Flugfeld_000001_000100,01,crate (black),standard objects,10.0,74.22,52.86,53.11,53.36,58.06,52.86,52.95
07_Festplatz_Flugfeld_000001_000110,03,"crate (black, upright)",standard objects,12.0,58.42,37.57,42.47,47.37,49.28,37.57,40.83
07_Festplatz_Flugfeld_000001_000110,02,"crate (black, 2x stacked)",standard objects,15.0,77.99,45.69,53.55,61.42,66.46,45.69,49.38
07_Festplatz_Flugfeld_000001_000110,01,crate (black),standard objects,11.0,70.76,40.57,45.41,50.26,53.45,40.57,44.0
07_Festplatz_Flugfeld_000001_000120,03,"crate (black, upright)",standard objects,13.0,52.22,37.33,41.72,46.12,47.58,37.33,39.49
07_Festplatz_Flugfeld_000001_000120,02,"crate (black, 2x stacked)",standard objects,14.0,70.93,42.46,50.9,59.34,59.75,42.46,47.39
07_Festplatz_Flugfeld_000001_000120,01,crate (black),standard objects,11.0,64.13,42.82,45.89,48.95,51.55,42.82,44.8
07_Festplatz_Flugfeld_000001_000130,03,"crate (black, upright)",standard objects,14.0,47.56,34.96,37.92,40.89,42.27,34.96,36.72
07_Festplatz_Flugfeld_000001_000130,02,"crate (black, 2x stacked)",standard objects,16.0,67.85,41.28,47.34,53.4,56.02,41.28,45.49
07_Festplatz_Flugfeld_000001_000130,01,crate (black),standard objects,13.0,61.19,41.19,43.14,45.1,48.09,41.19,42.39
07_Festplatz_Flugfeld_000001_000140,03,"crate (black, upright)",standard objects,16.0,43.2,33.54,34.52,35.49,39.14,33.54,34.98
07_Festplatz_Flugfeld_000001_000140,02,"crate (black, 2x stacked)",standard objects,18.0,61.89,42.75,44.8,46.85,53.66,42.75,44.29
07_Festplatz_Flugfeld_000001_000140,01,crate (black),standard objects,15.0,56.38,37.38,39.67,41.96,44.3,37.38,39.87
07_Festplatz_Flugfeld_000001_000150,03,"crate (black, upright)",standard objects,17.0,38.11,31.92,32.25,32.57,34.89,31.92,32.09
07_Festplatz_Flugfeld_000001_000150,02,"crate (black, 2x stacked)",standard objects,19.0,56.3,39.88,43.13,46.38,49.41,39.88,41.19
07_Festplatz_Flugfeld_000001_000150,01,crate (black),standard objects,15.0,51.97,38.27,38.56,38.85,41.94,37.45,37.86
07_Festplatz_Flugfeld_000001_000160,03,"crate (black, upright)",standard objects,20.0,34.27,28.3,28.61,28.91,31.12,28.3,28.45
07_Festplatz_Flugfeld_000001_000160,02,"crate (black, 2x stacked)",standard objects,21.0,50.39,36.47,39.25,42.02,44.47,36.47,37.12
07_Festplatz_Flugfeld_000001_000160,01,crate (black),standard objects,17.0,47.37,33.65,34.84,36.04,37.96,33.65,34.2
07_Festplatz_Flugfeld_000001_000170,02,"crate (black, 2x stacked)",standard objects,22.0,45.74,36.15,37.81,39.47,43.81,36.15,36.91
07_Festplatz_Flugfeld_000001_000170,03,"crate (black, upright)",standard objects,24.0,28.87,27.7,27.93,28.16,30.94,27.7,27.88
07_Festplatz_Flugfeld_000001_000170,01,crate (black),standard objects,20.0,42.13,33.45,33.51,33.45,37.77,33.56,33.84
07_Festplatz_Flugfeld_000001_000180,03,"crate (black, upright)",standard objects,28.0,24.93,23.82,24.07,24.32,26.01,23.82,24.75
07_Festplatz_Flugfeld_000001_000180,02,"crate (black, 2x stacked)",standard objects,27.0,41.72,35.69,36.66,37.62,40.49,35.69,35.93
07_Festplatz_Flugfeld_000001_000180,01,crate (black),standard objects,21.0,36.97,29.67,30.62,31.56,33.4,29.67,31.0
07_Festplatz_Flugfeld_000001_000190,03,"crate (black, upright)",standard objects,31.0,20.76,19.39,19.41,19.44,20.45,19.39,19.93
07_Festplatz_Flugfeld_000001_000190,02,"crate (black, 2x stacked)",standard objects,29.0,36.92,31.01,31.13,31.01,33.52,31.25,31.99
07_Festplatz_Flugfeld_000001_000190,01,crate (black),standard objects,23.0,33.32,26.88,27.36,26.88,29.67,27.84,28.18
07_Festplatz_Flugfeld_000001_000200,03,"crate (black, upright)",standard objects,42.0,16.73,16.79,17.12,17.38,17.41,16.79,17.16
07_Festplatz_Flugfeld_000001_000200,02,"crate (black, 2x stacked)",standard objects,32.0,32.75,31.21,31.52,31.84,33.33,31.21,31.23
07_Festplatz_Flugfeld_000001_000200,01,crate (black),standard objects,28.0,29.38,24.67,25.73,26.79,28.15,24.67,25.79
07_Festplatz_Flugfeld_000001_000210,03,"crate (black, upright)",standard objects,52.0,13.15,15.12,15.65,15.05,15.62,15.12,15.54
07_Festplatz_Flugfeld_000001_000210,02,"crate (black, 2x stacked)",standard objects,37.0,28.95,29.66,31.23,32.79,33.02,29.66,30.66
07_Festplatz_Flugfeld_000001_000210,01,crate (black),standard objects,32.0,25.53,24.99,26.34,27.47,27.57,24.99,25.86
07_Festplatz_Flugfeld_000001_000220,03,"crate (black, upright)",standard objects,72.0,9.81,12.28,12.96,12.19,12.91,12.28,12.77
07_Festplatz_Flugfeld_000001_000220,02,"crate (black, 2x stacked)",standard objects,40.0,25.64,28.92,30.98,33.04,33.4,28.92,30.07
07_Festplatz_Flugfeld_000001_000220,01,crate (black),standard objects,38.0,22.7,23.91,26.02,27.74,27.93,23.91,25.29
07_Festplatz_Flugfeld_000001_000230,02,"crate (black, 2x stacked)",standard objects,48.0,23.07,25.92,26.9,27.04,27.45,25.78,25.85
07_Festplatz_Flugfeld_000001_000230,01,crate (black),standard objects,41.0,19.47,19.97,21.56,22.27,22.71,19.97,20.46
07_Festplatz_Flugfeld_000001_000230,03,"crate (black, upright)",standard objects,103.0,7.16,8.21,8.8,8.09,8.75,8.21,8.62
07_Festplatz_Flugfeld_000002_000190,08,cardboard box,random hazards,11.0,86.86,46.28,56.86,67.44,70.77,46.28,52.01
07_Festplatz_Flugfeld_000002_000190,07,bumper,random hazards,17.0,99.53,56.36,69.76,79.91,81.53,56.36,61.05
07_Festplatz_Flugfeld_000002_000200,08,cardboard box,random hazards,9.0,84.2,45.48,54.16,62.84,69.03,45.48,50.94
07_Festplatz_Flugfeld_000002_000200,07,bumper,random hazards,19.0,96.91,56.37,65.77,75.17,81.0,56.37,60.12
07_Festplatz_Flugfeld_000002_000210,08,cardboard box,random hazards,10.0,86.45,49.36,56.33,63.3,68.4,49.36,53.31
07_Festplatz_Flugfeld_000002_000210,07,bumper,random hazards,18.0,92.53,59.3,68.76,78.22,82.98,59.3,62.76
07_Festplatz_Flugfeld_000002_000220,08,cardboard box,random hazards,10.0,82.79,42.82,51.7,60.57,62.97,42.82,49.97
07_Festplatz_Flugfeld_000002_000220,07,bumper,random hazards,18.0,91.16,52.99,63.94,74.71,74.8,52.99,58.92
07_Festplatz_Flugfeld_000002_000230,08,cardboard box,random hazards,11.0,76.87,41.64,50.37,59.1,61.2,41.64,46.43
07_Festplatz_Flugfeld_000002_000230,07,bumper,random hazards,18.0,84.86,50.66,61.99,71.01,72.16,50.66,54.33
07_Festplatz_Flugfeld_000002_000240,08,cardboard box,random hazards,12.0,74.52,45.63,50.84,56.04,58.48,45.63,48.28
07_Festplatz_Flugfeld_000002_000240,07,bumper,random hazards,18.0,85.14,55.83,63.34,70.86,72.08,55.83,57.81
07_Festplatz_Flugfeld_000002_000250,08,cardboard box,random hazards,13.0,70.26,46.2,48.7,51.19,53.58,46.2,46.22
07_Festplatz_Flugfeld_000002_000250,07,bumper,random hazards,21.0,81.85,53.96,59.85,65.74,69.54,53.6,53.78
07_Festplatz_Flugfeld_000002_000260,08,cardboard box,random hazards,13.0,66.52,47.15,48.63,50.11,53.75,47.15,47.15
07_Festplatz_Flugfeld_000002_000260,07,bumper,random hazards,22.0,79.18,59.57,61.78,64.0,66.13,56.71,58.14
07_Festplatz_Flugfeld_000002_000270,08,cardboard box,random hazards,14.0,65.08,39.52,43.38,47.23,48.03,39.52,41.55
07_Festplatz_Flugfeld_000002_000270,07,bumper,random hazards,23.0,74.13,47.89,53.98,60.07,62.59,47.89,49.98
07_Festplatz_Flugfeld_000002_000280,08,cardboard box,random hazards,16.0,60.11,39.8,42.41,45.03,47.7,39.8,40.85
07_Festplatz_Flugfeld_000002_000280,07,bumper,random hazards,23.0,67.36,45.79,51.7,57.61,60.67,45.79,47.72
07_Festplatz_Flugfeld_000002_000290,08,cardboard box,random hazards,15.0,55.77,37.12,40.28,43.45,44.0,37.12,39.84
07_Festplatz_Flugfeld_000002_000290,07,bumper,random hazards,23.0,64.3,46.86,51.81,56.76,57.31,46.86,49.72
07_Festplatz_Flugfeld_000002_000300,08,cardboard box,random hazards,17.0,50.66,35.12,37.3,39.47,40.76,35.12,37.64
07_Festplatz_Flugfeld_000002_000300,07,bumper,random hazards,26.0,61.45,41.98,46.83,51.68,52.95,41.98,44.47
07_Festplatz_Flugfeld_000002_000310,08,cardboard box,random hazards,19.0,48.05,34.56,35.85,37.14,38.98,34.06,34.31
07_Festplatz_Flugfeld_000002_000310,07,bumper,random hazards,26.0,57.05,42.52,45.81,49.09,49.86,41.0,41.76
07_Festplatz_Flugfeld_000002_000320,08,cardboard box,random hazards,21.0,42.8,32.83,33.9,34.97,35.69,32.4,32.61
07_Festplatz_Flugfeld_000002_000320,07,bumper,random hazards,27.0,51.62,38.93,42.75,46.56,47.22,38.93,39.18
07_Festplatz_Flugfeld_000002_000330,08,cardboard box,random hazards,22.0,39.31,30.79,31.87,32.95,33.84,30.79,31.24
07_Festplatz_Flugfeld_000002_000330,07,bumper,random hazards,30.0,48.6,37.26,39.87,42.48,43.21,37.26,38.19
07_Festplatz_Flugfeld_000002_000340,08,cardboard box,random hazards,24.0,35.66,29.1,29.8,30.49,32.02,29.1,30.15
07_Festplatz_Flugfeld_000002_000340,07,bumper,random hazards,33.0,43.1,35.22,37.59,39.97,42.05,35.22,36.72
07_Festplatz_Flugfeld_000002_000350,08,cardboard box,random hazards,26.0,31.73,25.26,26.93,28.59,29.19,25.26,26.09
07_Festplatz_Flugfeld_000002_000350,07,bumper,random hazards,35.0,40.65,31.59,35.23,38.19,38.53,31.59,32.55
07_Festplatz_Flugfeld_000002_000360,08,cardboard box,random hazards,30.0,28.34,21.85,23.4,24.94,25.87,21.85,23.0
07_Festplatz_Flugfeld_000002_000360,07,bumper,random hazards,39.0,36.23,28.85,31.64,34.43,35.5,28.85,30.04
07_Festplatz_Flugfeld_000002_000370,08,cardboard box,random hazards,40.0,24.87,19.22,20.18,21.15,21.48,19.22,20.02
07_Festplatz_Flugfeld_000002_000370,07,bumper,random hazards,48.0,32.92,27.01,28.58,30.15,31.03,27.01,27.55
07_Festplatz_Flugfeld_000002_000380,08,cardboard box,random hazards,42.0,21.24,18.47,19.63,20.01,20.4,18.47,18.88
07_Festplatz_Flugfeld_000002_000380,07,bumper,random hazards,49.0,29.28,26.46,28.52,30.59,30.79,26.46,26.88
07_Festplatz_Flugfeld_000002_000390,08,cardboard box,random hazards,49.0,18.09,17.05,18.42,18.25,19.02,17.05,17.48
07_Festplatz_Flugfeld_000002_000390,07,bumper,random hazards,58.0,25.89,25.63,27.06,27.76,28.12,25.63,25.9
07_Festplatz_Flugfeld_000002_000400,08,cardboard box,random hazards,59.0,14.72,12.89,14.76,15.68,16.15,12.89,14.12
07_Festplatz_Flugfeld_000002_000400,07,bumper,random hazards,63.0,22.92,22.07,23.8,25.52,25.99,22.07,22.95
07_Festplatz_Flugfeld_000002_000410,08,cardboard box,random hazards,77.0,11.6,10.3,11.32,11.56,11.95,10.3,11.0
07_Festplatz_Flugfeld_000002_000410,07,bumper,random hazards,70.0,19.75,19.87,20.64,21.09,21.25,19.87,20.01
07_Festplatz_Flugfeld_000002_000420,07,bumper,random hazards,84.0,16.84,16.39,17.11,17.83,17.98,16.39,16.95
07_Festplatz_Flugfeld_000002_000420,08,cardboard box,random hazards,105.0,8.65,7.41,8.09,8.05,8.41,7.41,8.05
07_Festplatz_Flugfeld_000002_000430,07,bumper,random hazards,95.0,14.14,14.7,15.23,14.82,15.29,14.7,15.04
07_Festplatz_Flugfeld_000002_000440,07,bumper,random hazards,121.0,11.59,12.34,13.16,12.81,13.4,12.34,13.02
07_Festplatz_Flugfeld_000003_000080,34,styrofoam,random hazards,7.0,79.13,52.2,58.08,63.95,64.43,52.2,54.52
07_Festplatz_Flugfeld_000003_000080,07,bumper,random hazards,14.0,93.2,66.9,73.82,80.74,83.61,66.9,67.38
07_Festplatz_Flugfeld_000003_000090,34,styrofoam,random hazards,5.0,75.12,46.62,55.17,63.72,64.67,46.62,52.09
07_Festplatz_Flugfeld_000003_000090,07,bumper,random hazards,13.0,92.66,58.89,68.16,77.44,79.47,58.89,64.4
07_Festplatz_Flugfeld_000003_000100,34,styrofoam,random hazards,5.0,76.96,43.68,51.18,58.68,62.39,43.68,48.25
07_Festplatz_Flugfeld_000003_000100,07,bumper,random hazards,16.0,89.7,53.52,62.78,72.04,76.29,53.52,57.72
07_Festplatz_Flugfeld_000003_000110,34,styrofoam,random hazards,6.0,70.26,45.83,52.7,58.55,59.06,45.83,48.76
07_Festplatz_Flugfeld_000003_000110,07,bumper,random hazards,17.0,87.15,54.8,64.87,72.03,73.48,54.8,58.66
07_Festplatz_Flugfeld_000003_000120,34,styrofoam,random hazards,5.0,66.83,45.84,49.48,53.11,54.99,45.84,47.82
07_Festplatz_Flugfeld_000003_000120,07,bumper,random hazards,16.0,82.42,54.7,59.26,63.82,67.2,54.7,56.97
07_Festplatz_Flugfeld_000003_000130,34,styrofoam,random hazards,6.0,64.08,40.99,45.8,50.62,51.91,40.99,43.41
07_Festplatz_Flugfeld_000003_000130,07,bumper,random hazards,17.0,79.18,48.07,55.16,62.24,66.0,48.07,50.95
07_Festplatz_Flugfeld_000003_000140,34,styrofoam,random hazards,6.0,62.07,44.39,47.0,49.61,50.65,44.39,45.28
07_Festplatz_Flugfeld_000003_000140,07,bumper,random hazards,18.0,76.01,56.14,60.03,63.93,64.88,56.14,56.36
07_Festplatz_Flugfeld_000003_000150,34,styrofoam,random hazards,5.0,59.47,38.59,43.37,48.15,48.61,38.59,41.39
07_Festplatz_Flugfeld_000003_000150,07,bumper,random hazards,17.0,72.87,47.89,54.2,60.5,63.2,47.89,50.91
07_Festplatz_Flugfeld_000003_000160,34,styrofoam,random hazards,8.0,52.41,36.25,40.8,44.3,44.83,36.25,39.5
07_Festplatz_Flugfeld_000003_000160,07,bumper,random hazards,20.0,66.45,43.04,50.88,58.58,58.66,43.04,48.49
07_Festplatz_Flugfeld_000003_000170,34,styrofoam,random hazards,8.0,49.88,35.79,37.42,39.05,40.3,35.79,38.1
07_Festplatz_Flugfeld_000003_000170,07,bumper,random hazards,23.0,63.95,44.09,46.16,48.23,50.75,44.09,46.4
07_Festplatz_Flugfeld_000003_000180,34,styrofoam,random hazards,9.0,45.84,34.38,35.94,37.5,38.87,34.38,34.94
07_Festplatz_Flugfeld_000003_000180,07,bumper,random hazards,24.0,60.28,41.21,44.2,47.18,49.42,41.21,42.63
07_Festplatz_Flugfeld_000003_000190,34,styrofoam,random hazards,8.0,43.1,32.45,34.24,36.03,37.36,32.45,33.06
07_Festplatz_Flugfeld_000003_000190,07,bumper,random hazards,23.0,58.16,39.5,42.36,45.23,46.99,39.5,41.06
07_Festplatz_Flugfeld_000003_000200,34,styrofoam,random hazards,11.0,40.1,32.27,32.34,32.4,34.55,32.27,32.36
07_Festplatz_Flugfeld_000003_000200,07,bumper,random hazards,25.0,53.63,36.56,39.78,43.01,45.07,36.56,38.98
07_Festplatz_Flugfeld_000003_000210,34,styrofoam,random hazards,12.0,36.15,28.15,29.21,30.27,32.59,28.15,28.7
07_Festplatz_Flugfeld_000003_000210,07,bumper,random hazards,28.0,51.13,33.92,37.82,41.72,44.59,33.92,36.62
07_Festplatz_Flugfeld_000003_000220,34,styrofoam,random hazards,13.0,32.7,27.73,27.76,27.73,30.13,27.13,27.46
07_Festplatz_Flugfeld_000003_000220,07,bumper,random hazards,29.0,47.44,34.25,36.52,38.78,41.41,34.25,35.79
07_Festplatz_Flugfeld_000003_000230,34,styrofoam,random hazards,17.0,29.19,26.14,26.59,26.14,28.79,26.32,26.69
07_Festplatz_Flugfeld_000003_000230,07,bumper,random hazards,31.0,43.27,34.2,34.92,35.63,39.16,34.2,35.26
07_Festplatz_Flugfeld_000003_000240,34,styrofoam,random hazards,17.0,25.79,24.33,24.98,25.63,27.02,24.33,25.01
07_Festplatz_Flugfeld_000003_000240,07,bumper,random hazards,32.0,41.34,31.38,33.59,35.79,37.74,31.38,32.59
07_Festplatz_Flugfeld_000003_000250,34,styrofoam,random hazards,19.0,22.5,20.67,21.18,21.68,22.49,20.67,21.24
07_Festplatz_Flugfeld_000003_000250,07,bumper,random hazards,35.0,37.0,29.65,30.66,31.67,32.49,29.65,30.74
07_Festplatz_Flugfeld_000003_000260,34,styrofoam,random hazards,25.0,18.93,17.51,17.82,18.13,18.73,17.51,18.0
07_Festplatz_Flugfeld_000003_000260,07,bumper,random hazards,38.0,34.24,27.24,27.43,27.24,29.45,27.63,27.84
07_Festplatz_Flugfeld_000003_000270,34,styrofoam,random hazards,28.0,15.5,13.94,14.87,15.62,15.71,13.94,14.89
07_Festplatz_Flugfeld_000003_000270,07,bumper,random hazards,43.0,30.74,24.4,25.27,26.13,26.86,24.4,25.53
07_Festplatz_Flugfeld_000003_000280,34,styrofoam,random hazards,32.0,11.85,12.17,12.75,12.67,13.0,12.17,12.85
07_Festplatz_Flugfeld_000003_000280,07,bumper,random hazards,51.0,26.76,23.17,23.53,23.89,24.55,23.17,23.97
07_Festplatz_Flugfeld_000003_000290,34,styrofoam,random hazards,53.0,8.0,8.21,9.1,8.45,9.21,8.21,8.97
07_Festplatz_Flugfeld_000003_000290,07,bumper,random hazards,56.0,23.24,20.45,21.87,21.86,22.57,20.45,21.89
07_Festplatz_Flugfeld_000003_000300,07,bumper,random hazards,73.0,19.75,19.07,19.16,18.93,19.09,19.07,19.56
07_Festplatz_Flugfeld_000003_000310,07,bumper,random hazards,88.0,16.45,14.18,14.98,15.03,15.41,14.18,14.99
07_Festplatz_Flugfeld_000003_000320,07,bumper,random hazards,114.0,13.15,12.48,13.39,13.05,13.68,12.48,13.23
07_Festplatz_Flugfeld_000003_000330,07,bumper,random hazards,154.0,10.12,11.0,11.71,10.63,11.53,11.0,11.54
07_Festplatz_Flugfeld_000003_000340,07,bumper,random hazards,215.0,7.54,8.02,8.38,7.49,8.12,8.02,8.25
07_Festplatz_Flugfeld_000004_000030,08,cardboard box,random hazards,11.0,57.07,39.97,42.63,39.97,46.77,41.96,43.63
07_Festplatz_Flugfeld_000004_000030,20,tire,random hazards,14.0,51.41,36.44,39.15,36.44,41.48,38.5,40.18
07_Festplatz_Flugfeld_000004_000040,08,cardboard box,random hazards,10.0,55.79,39.25,43.0,39.25,45.06,40.89,43.82
07_Festplatz_Flugfeld_000004_000040,20,tire,random hazards,15.0,50.01,34.77,36.87,34.77,39.92,37.25,38.11
07_Festplatz_Flugfeld_000004_000050,08,cardboard box,random hazards,10.0,56.5,39.05,42.03,39.05,45.78,41.66,43.34
07_Festplatz_Flugfeld_000004_000050,20,tire,random hazards,16.0,48.47,34.5,36.72,34.5,39.08,36.84,37.89
07_Festplatz_Flugfeld_000004_000060,08,cardboard box,random hazards,10.0,51.6,38.08,40.44,38.08,44.55,42.11,42.45
07_Festplatz_Flugfeld_000004_000060,20,tire,random hazards,15.0,48.55,34.76,36.16,34.76,39.26,37.57,37.91
07_Festplatz_Flugfeld_000004_000070,08,cardboard box,random hazards,10.0,50.41,36.77,40.15,36.77,41.62,39.42,41.48
07_Festplatz_Flugfeld_000004_000070,20,tire,random hazards,17.0,45.61,33.02,35.69,33.02,36.92,34.86,36.61
07_Festplatz_Flugfeld_000004_000080,08,cardboard box,random hazards,11.0,47.77,36.19,38.78,36.19,40.0,38.5,39.94
07_Festplatz_Flugfeld_000004_000080,20,tire,random hazards,17.0,44.14,32.11,33.69,32.11,35.4,34.37,34.81
07_Festplatz_Flugfeld_000004_000090,08,cardboard box,random hazards,12.0,45.95,35.01,38.16,35.01,38.68,37.24,39.27
07_Festplatz_Flugfeld_000004_000090,20,tire,random hazards,18.0,41.41,30.9,32.09,30.9,33.74,32.01,32.64
07_Festplatz_Flugfeld_000004_000100,08,cardboard box,random hazards,12.0,43.65,33.83,36.09,33.83,36.58,35.4,36.88
07_Festplatz_Flugfeld_000004_000100,20,tire,random hazards,20.0,38.09,29.5,30.46,29.5,31.71,30.06,30.74
07_Festplatz_Flugfeld_000004_000110,08,cardboard box,random hazards,11.0,40.75,33.52,34.83,33.52,35.58,35.15,35.64
07_Festplatz_Flugfeld_000004_000110,20,tire,random hazards,22.0,33.82,28.61,28.84,28.61,30.84,29.06,29.56
07_Festplatz_Flugfeld_000004_000120,08,cardboard box,random hazards,14.0,36.31,31.2,31.93,31.2,32.18,32.2,32.43
07_Festplatz_Flugfeld_000004_000120,20,tire,random hazards,24.0,31.38,25.05,25.63,26.22,27.85,25.05,26.27
07_Festplatz_Flugfeld_000004_000130,08,cardboard box,random hazards,18.0,32.94,28.76,29.3,28.76,29.55,29.83,29.88
07_Festplatz_Flugfeld_000004_000130,20,tire,random hazards,29.0,28.1,23.07,23.69,24.31,25.18,23.07,23.75
07_Festplatz_Flugfeld_000004_000140,08,cardboard box,random hazards,18.0,30.37,26.49,27.01,26.49,27.18,27.47,27.5
07_Festplatz_Flugfeld_000004_000140,20,tire,random hazards,34.0,23.81,21.46,21.59,21.71,22.5,21.46,21.59
07_Festplatz_Flugfeld_000004_000150,08,cardboard box,random hazards,20.0,26.66,23.74,24.02,23.92,24.12,23.74,24.36
07_Festplatz_Flugfeld_000004_000150,20,tire,random hazards,38.0,20.29,17.82,18.44,19.06,19.32,17.82,18.31
07_Festplatz_Flugfeld_000004_000160,08,cardboard box,random hazards,21.0,23.61,21.67,21.91,21.83,21.98,21.67,21.87
07_Festplatz_Flugfeld_000004_000160,20,tire,random hazards,48.0,17.03,15.05,15.75,16.44,16.48,15.05,15.59
07_Festplatz_Flugfeld_000004_000170,08,cardboard box,random hazards,24.0,20.48,18.46,19.01,19.52,19.54,18.46,19.24
07_Festplatz_Flugfeld_000004_000170,20,tire,random hazards,56.0,13.72,12.4,13.09,13.76,13.77,12.4,13.09
07_Festplatz_Flugfeld_000004_000180,08,cardboard box,random hazards,28.0,17.31,15.49,16.61,17.14,17.44,15.49,16.72
07_Festplatz_Flugfeld_000004_000180,20,tire,random hazards,71.0,10.66,9.86,10.62,10.82,11.1,9.86,10.57
07_Festplatz_Flugfeld_000004_000190,08,cardboard box,random hazards,37.0,14.72,12.94,14.07,14.47,14.84,12.94,14.06
07_Festplatz_Flugfeld_000004_000190,20,tire,random hazards,100.0,7.87,7.33,7.88,7.99,8.21,7.33,8.03
07_Festplatz_Flugfeld_000004_000200,08,cardboard box,random hazards,44.0,11.83,10.94,11.84,11.42,12.08,10.94,11.89
07_Festplatz_Flugfeld_000004_000210,08,cardboard box,random hazards,61.0,9.21,8.18,9.16,9.01,9.58,8.18,9.18
07_Festplatz_Flugfeld_000004_000220,08,cardboard box,random hazards,80.0,6.89,6.41,7.12,6.77,7.3,6.41,7.13
07_Festplatz_Flugfeld_000005_000020,09,crate (blue),random hazards,12.0,45.74,37.72,39.56,37.72,42.37,40.72,41.06
07_Festplatz_Flugfeld_000005_000020,13,exhaust pipe,random hazards,15.0,49.41,38.69,41.35,38.69,45.16,39.92,41.97
07_Festplatz_Flugfeld_000005_000030,09,crate (blue),random hazards,13.0,45.87,36.92,39.14,36.92,41.78,37.59,39.48
07_Festplatz_Flugfeld_000005_000030,13,exhaust pipe,random hazards,16.0,48.42,38.64,41.86,38.64,44.17,38.65,41.86
07_Festplatz_Flugfeld_000005_000040,09,crate (blue),random hazards,12.0,43.7,37.43,38.75,37.43,42.31,39.97,40.02
07_Festplatz_Flugfeld_000005_000040,13,exhaust pipe,random hazards,12.0,47.9,38.94,41.3,38.94,44.7,40.0,41.83
07_Festplatz_Flugfeld_000005_000050,09,crate (blue),random hazards,13.0,43.17,36.75,38.57,36.75,40.04,39.23,39.81
07_Festplatz_Flugfeld_000005_000050,13,exhaust pipe,random hazards,16.0,48.38,38.11,40.34,38.11,44.19,39.78,41.17
07_Festplatz_Flugfeld_000005_000060,09,crate (blue),random hazards,13.0,42.14,36.01,37.72,36.01,38.71,38.23,38.83
07_Festplatz_Flugfeld_000005_000060,13,exhaust pipe,random hazards,16.0,45.16,36.94,39.16,36.94,41.58,38.43,39.91
07_Festplatz_Flugfeld_000005_000070,09,crate (blue),random hazards,15.0,39.95,34.57,35.39,34.57,36.95,34.74,35.48
07_Festplatz_Flugfeld_000005_000070,13,exhaust pipe,random hazards,15.0,44.99,36.29,37.7,36.29,39.95,36.22,37.67
07_Festplatz_Flugfeld_000005_000080,09,crate (blue),random hazards,14.0,37.31,32.29,34.42,32.29,36.25,33.56,35.06
07_Festplatz_Flugfeld_000005_000080,13,exhaust pipe,random hazards,15.0,41.95,34.33,36.64,34.33,37.11,34.24,36.59
07_Festplatz_Flugfeld_000005_000090,09,crate (blue),random hazards,16.0,35.7,31.22,32.84,31.22,33.52,31.78,33.12
07_Festplatz_Flugfeld_000005_000090,13,exhaust pipe,random hazards,20.0,39.95,33.23,34.7,33.23,35.44,32.48,34.33
07_Festplatz_Flugfeld_000005_000100,09,crate (blue),random hazards,16.0,32.85,30.28,31.79,30.28,31.84,31.14,32.22
07_Festplatz_Flugfeld_000005_000100,13,exhaust pipe,random hazards,20.0,37.78,32.55,33.97,32.55,34.33,32.52,33.95
07_Festplatz_Flugfeld_000005_000110,09,crate (blue),random hazards,19.0,30.38,27.23,28.29,27.23,29.08,28.14,28.74
07_Festplatz_Flugfeld_000005_000110,13,exhaust pipe,random hazards,19.0,34.33,28.25,29.26,28.25,30.86,29.62,29.94
07_Festplatz_Flugfeld_000005_000120,09,crate (blue),random hazards,19.0,27.73,25.23,25.55,25.23,26.02,25.47,25.67
07_Festplatz_Flugfeld_000005_000120,13,exhaust pipe,random hazards,27.0,31.85,26.36,26.89,26.36,27.7,26.54,26.98
07_Festplatz_Flugfeld_000005_000130,09,crate (blue),random hazards,25.0,24.88,23.34,24.3,23.34,23.62,23.87,24.57
07_Festplatz_Flugfeld_000005_000130,13,exhaust pipe,random hazards,29.0,28.88,24.77,26.42,24.77,25.6,25.2,26.64
07_Festplatz_Flugfeld_000005_000140,09,crate (blue),random hazards,26.0,21.7,20.84,21.3,20.84,21.32,21.77,21.82
07_Festplatz_Flugfeld_000005_000140,13,exhaust pipe,random hazards,29.0,25.85,22.85,23.55,22.85,23.45,23.47,23.87
07_Festplatz_Flugfeld_000005_000150,09,crate (blue),random hazards,31.0,18.88,18.34,18.41,18.49,18.79,18.34,18.55
07_Festplatz_Flugfeld_000005_000150,13,exhaust pipe,random hazards,31.0,23.06,20.15,20.66,20.15,20.7,20.27,20.72
07_Festplatz_Flugfeld_000005_000160,09,crate (blue),random hazards,38.0,15.82,15.75,16.09,16.28,16.35,15.75,16.16
07_Festplatz_Flugfeld_000005_000160,13,exhaust pipe,random hazards,37.0,19.94,18.37,18.77,18.37,18.59,18.69,18.93
07_Festplatz_Flugfeld_000005_000170,09,crate (blue),random hazards,44.0,12.9,12.73,13.38,13.17,13.61,12.73,13.38
07_Festplatz_Flugfeld_000005_000170,13,exhaust pipe,random hazards,43.0,17.13,15.8,16.01,15.87,16.04,15.8,16.15
07_Festplatz_Flugfeld_000005_000180,13,exhaust pipe,random hazards,54.0,14.19,13.27,13.58,13.34,13.62,13.27,13.84
07_Festplatz_Flugfeld_000005_000180,09,crate (blue),random hazards,61.0,10.04,10.27,10.68,10.29,10.7,10.27,10.89
07_Festplatz_Flugfeld_000005_000190,09,crate (blue),random hazards,90.0,7.07,7.27,7.68,7.4,7.75,7.27,7.74
07_Festplatz_Flugfeld_000005_000190,13,exhaust pipe,random hazards,73.0,11.34,10.37,11.08,10.91,11.35,10.37,11.05
07_Festplatz_Flugfeld_000005_000200,13,exhaust pipe,random hazards,99.0,8.56,7.59,8.38,8.07,8.62,7.59,8.46
15_Rechbergstr_Deckenpfronn_000000_000040,39,kid (walking),humans,52.0,44.16,43.69,46.51,43.69,45.78,46.28,47.8
15_Rechbergstr_Deckenpfronn_000000_000040,40,kid (on a bobby car),humans,48.0,43.18,43.55,46.44,43.55,45.24,46.23,47.78
15_Rechbergstr_Deckenpfronn_000000_000050,40,kid (on a bobby car),humans,51.0,43.23,42.71,46.97,42.71,45.03,45.82,48.52
15_Rechbergstr_Deckenpfronn_000000_000060,39,kid (walking),humans,28.0,44.4,44.62,48.06,44.62,46.09,47.46,49.48
15_Rechbergstr_Deckenpfronn_000000_000060,40,kid (on a bobby car),humans,48.0,43.39,43.31,46.75,43.31,44.98,45.95,48.06
15_Rechbergstr_Deckenpfronn_000000_000070,39,kid (walking),humans,31.0,45.04,44.71,48.17,44.71,46.91,47.55,49.59
15_Rechbergstr_Deckenpfronn_000000_000070,40,kid (on a bobby car),humans,49.0,43.31,43.26,46.73,43.26,45.72,46.0,48.1
15_Rechbergstr_Deckenpfronn_000000_000080,39,kid (walking),humans,50.0,45.09,43.6,44.89,43.6,45.34,44.85,45.51
15_Rechbergstr_Deckenpfronn_000000_000080,40,kid (on a bobby car),humans,50.0,43.24,43.89,47.77,43.89,45.96,46.08,48.87
15_Rechbergstr_Deckenpfronn_000000_000090,40,kid (on a bobby car),humans,50.0,43.31,42.37,46.94,42.37,45.04,44.51,48.01
15_Rechbergstr_Deckenpfronn_000000_000100,41,kid (on a small bobby car),humans,38.0,44.74,42.64,47.19,42.64,45.33,45.62,48.68
15_Rechbergstr_Deckenpfronn_000000_000100,40,kid (on a bobby car),humans,49.0,43.47,42.68,46.89,42.68,45.16,45.64,48.37
15_Rechbergstr_Deckenpfronn_000000_000110,41,kid (on a small bobby car),humans,38.0,46.37,44.54,49.26,44.54,47.41,46.73,50.35
15_Rechbergstr_Deckenpfronn_000000_000110,40,kid (on a bobby car),humans,46.0,43.64,43.74,48.27,43.74,46.53,46.05,49.42
15_Rechbergstr_Deckenpfronn_000000_000120,40,kid (on a bobby car),humans,45.0,44.11,43.93,48.45,43.93,46.98,46.67,49.81
15_Rechbergstr_Deckenpfronn_000000_000120,41,kid (on a small bobby car),humans,37.0,46.99,45.12,51.77,45.12,48.22,47.08,52.75
15_Rechbergstr_Deckenpfronn_000000_000130,40,kid (on a bobby car),humans,47.0,45.48,44.73,49.41,44.73,47.38,47.73,50.91
15_Rechbergstr_Deckenpfronn_000000_000130,41,kid (on a small bobby car),humans,36.0,47.81,45.01,52.33,45.01,48.23,47.29,53.47
15_Rechbergstr_Deckenpfronn_000000_000140,40,kid (on a bobby car),humans,46.0,47.36,45.88,51.34,45.88,48.55,47.52,52.16
15_Rechbergstr_Deckenpfronn_000000_000140,41,kid (on a small bobby car),humans,37.0,47.34,45.4,52.17,45.4,47.69,46.18,52.56
15_Rechbergstr_Deckenpfronn_000000_000150,40,kid (on a bobby car),humans,47.0,48.08,46.58,51.05,46.58,48.83,48.09,51.81
15_Rechbergstr_Deckenpfronn_000000_000150,41,kid (on a small bobby car),humans,38.0,47.74,45.59,51.2,45.59,47.57,46.34,51.58
15_Rechbergstr_Deckenpfronn_000000_000160,40,kid (on a bobby car),humans,47.0,47.93,46.07,52.43,46.07,48.52,47.44,53.11
15_Rechbergstr_Deckenpfronn_000000_000160,41,kid (on a small bobby car),humans,37.0,47.58,45.36,51.36,45.36,47.45,45.77,51.57
15_Rechbergstr_Deckenpfronn_000000_000170,40,kid (on a bobby car),humans,48.0,48.64,46.52,53.15,46.52,48.84,47.94,53.86
15_Rechbergstr_Deckenpfronn_000000_000170,41,kid (on a small bobby car),humans,37.0,47.76,45.55,52.66,45.55,47.42,46.11,52.94
15_Rechbergstr_Deckenpfronn_000000_000180,40,kid (on a bobby car),humans,48.0,47.81,46.39,53.11,46.39,49.19,48.01,53.92
15_Rechbergstr_Deckenpfronn_000000_000180,41,kid (on a small bobby car),humans,37.0,47.54,45.59,52.53,45.59,48.2,46.23,52.85
15_Rechbergstr_Deckenpfronn_000001_000040,41,kid (on a small bobby car),humans,25.0,62.59,67.53,69.83,67.53,67.63,61.21,66.67
15_Rechbergstr_Deckenpfronn_000001_000040,40,kid (on a bobby car),humans,12.0,67.15,74.58,74.76,71.12,73.03,66.82,70.7
15_Rechbergstr_Deckenpfronn_000001_000040,39,kid (walking),humans,34.0,64.3,70.84,71.06,67.83,69.34,64.92,68.1
15_Rechbergstr_Deckenpfronn_000001_000040,40,kid (on a bobby car),humans,28.0,62.68,69.45,69.51,66.27,67.86,63.64,66.6
15_Rechbergstr_Deckenpfronn_000001_000050,40,kid (on a bobby car),humans,25.0,63.6,70.51,70.88,67.79,69.52,65.02,67.77
15_Rechbergstr_Deckenpfronn_000001_000050,41,kid (on a small bobby car),humans,26.0,62.04,67.52,69.2,67.52,67.77,61.34,66.11
15_Rechbergstr_Deckenpfronn_000001_000050,39,kid (walking),humans,33.0,64.56,72.46,72.47,68.8,70.63,65.47,68.97
15_Rechbergstr_Deckenpfronn_000001_000050,40,kid (on a bobby car),humans,28.0,62.46,69.13,69.14,66.57,67.86,63.25,66.19
15_Rechbergstr_Deckenpfronn_000001_000060,41,kid (on a small bobby car),humans,26.0,61.57,66.63,70.34,66.63,67.14,63.65,68.86
15_Rechbergstr_Deckenpfronn_000001_000060,40,kid (on a bobby car),humans,27.0,63.86,70.41,71.89,67.56,68.98,67.54,70.46
15_Rechbergstr_Deckenpfronn_000001_000060,39,kid (walking),humans,35.0,64.82,71.34,74.08,69.98,70.66,68.35,72.58
15_Rechbergstr_Deckenpfronn_000001_000060,40,kid (on a bobby car),humans,30.0,62.71,68.21,69.79,66.34,67.28,65.36,68.37
15_Rechbergstr_Deckenpfronn_000001_000070,41,kid (on a small bobby car),humans,26.0,61.81,65.86,68.97,65.86,66.78,63.33,67.7
15_Rechbergstr_Deckenpfronn_000001_000070,40,kid (on a bobby car),humans,26.0,63.73,69.77,70.03,67.77,68.77,68.02,69.16
15_Rechbergstr_Deckenpfronn_000001_000070,39,kid (walking),humans,35.0,64.05,70.32,71.97,70.03,70.17,67.82,70.72
15_Rechbergstr_Deckenpfronn_000001_000070,40,kid (on a bobby car),humans,28.0,62.74,67.07,67.5,66.37,66.72,65.24,66.59
15_Rechbergstr_Deckenpfronn_000001_000080,40,kid (on a bobby car),humans,34.0,63.79,67.32,67.95,67.32,67.63,64.94,66.76
15_Rechbergstr_Deckenpfronn_000001_000080,41,kid (on a small bobby car),humans,27.0,62.37,65.41,68.36,65.41,67.15,62.22,66.77
15_Rechbergstr_Deckenpfronn_000001_000080,39,kid (walking),humans,35.0,63.64,69.42,70.25,69.29,69.36,65.69,68.38
15_Rechbergstr_Deckenpfronn_000001_000080,40,kid (on a bobby car),humans,29.0,62.98,66.5,66.78,66.5,66.7,64.05,65.56
15_Rechbergstr_Deckenpfronn_000001_000090,40,kid (on a bobby car),humans,28.0,63.56,63.88,66.42,67.39,68.18,63.88,64.09
15_Rechbergstr_Deckenpfronn_000001_000090,39,kid (walking),humans,34.0,63.76,64.51,67.27,67.96,69.0,64.51,64.79
15_Rechbergstr_Deckenpfronn_000001_000090,40,kid (on a bobby car),humans,27.0,62.13,62.83,65.32,66.91,67.36,62.83,63.28
15_Rechbergstr_Deckenpfronn_000001_000090,41,kid (on a small bobby car),humans,26.0,62.34,66.07,66.58,66.07,67.03,62.15,64.62
15_Rechbergstr_Deckenpfronn_000001_000100,40,kid (on a bobby car),humans,34.0,62.86,66.96,67.13,67.3,67.62,65.9,66.43
15_Rechbergstr_Deckenpfronn_000001_000100,41,kid (on a small bobby car),humans,27.0,62.46,65.0,68.77,65.0,66.92,62.52,67.53
15_Rechbergstr_Deckenpfronn_000001_000100,39,kid (walking),humans,33.0,62.98,66.35,66.45,66.55,67.04,65.6,65.97
15_Rechbergstr_Deckenpfronn_000001_000100,40,kid (on a bobby car),humans,17.0,62.19,65.65,65.71,65.76,66.55,65.18,65.42
15_Rechbergstr_Deckenpfronn_000001_000110,40,kid (on a bobby car),humans,36.0,62.8,64.36,64.93,64.67,65.09,64.36,64.75
15_Rechbergstr_Deckenpfronn_000001_000110,41,kid (on a small bobby car),humans,28.0,63.01,63.43,65.15,63.43,63.72,62.03,64.45
15_Rechbergstr_Deckenpfronn_000001_000110,40,kid (on a bobby car),humans,14.0,61.72,63.08,63.66,64.09,64.16,63.08,63.66
15_Rechbergstr_Deckenpfronn_000001_000120,41,kid (on a small bobby car),humans,26.0,61.54,63.47,63.56,63.65,64.78,60.95,62.21
15_Rechbergstr_Deckenpfronn_000001_000120,40,kid (on a bobby car),humans,18.0,61.81,64.73,64.75,64.73,65.58,63.08,63.92
15_Rechbergstr_Deckenpfronn_000001_000120,40,kid (on a bobby car),humans,36.0,63.86,65.07,65.16,65.07,65.88,63.48,64.36
15_Rechbergstr_Deckenpfronn_000001_000130,41,kid (on a small bobby car),humans,26.0,61.92,64.63,66.62,64.63,65.89,61.18,64.89
15_Rechbergstr_Deckenpfronn_000001_000130,40,kid (on a bobby car),humans,35.0,63.6,65.8,66.13,65.8,66.2,62.88,64.67
15_Rechbergstr_Deckenpfronn_000001_000130,40,kid (on a bobby car),humans,13.0,61.13,64.75,65.22,64.75,65.38,62.26,63.97
15_Rechbergstr_Deckenpfronn_000001_000140,41,kid (on a small bobby car),humans,28.0,61.72,66.94,70.55,66.94,67.77,62.42,68.29
15_Rechbergstr_Deckenpfronn_000001_000140,40,kid (on a bobby car),humans,22.0,60.56,67.61,67.99,66.91,67.64,65.72,66.66
15_Rechbergstr_Deckenpfronn_000001_000140,40,kid (on a bobby car),humans,35.0,63.76,68.25,69.09,67.3,68.62,66.78,67.52
15_Rechbergstr_Deckenpfronn_000001_000150,41,kid (on a small bobby car),humans,27.0,61.75,66.93,69.47,66.93,68.65,62.95,67.48
15_Rechbergstr_Deckenpfronn_000001_000150,40,kid (on a bobby car),humans,39.0,63.51,67.89,68.5,68.57,68.84,66.28,67.09
15_Rechbergstr_Deckenpfronn_000001_000150,40,kid (on a bobby car),humans,20.0,60.87,67.36,67.72,68.07,68.09,65.12,66.24
15_Rechbergstr_Deckenpfronn_000001_000160,41,kid (on a small bobby car),humans,26.0,61.81,67.14,70.12,67.14,67.91,62.66,67.88
15_Rechbergstr_Deckenpfronn_000001_000160,40,kid (on a bobby car),humans,36.0,64.53,66.99,68.41,66.08,67.95,66.06,66.53
15_Rechbergstr_Deckenpfronn_000001_000160,40,kid (on a bobby car),humans,21.0,62.13,66.34,67.33,65.78,67.05,64.87,65.61
15_Rechbergstr_Deckenpfronn_000001_000170,41,kid (on a small bobby car),humans,26.0,61.98,67.13,71.28,67.13,68.86,62.77,69.1
15_Rechbergstr_Deckenpfronn_000001_000170,40,kid (on a bobby car),humans,12.0,64.53,70.87,71.96,69.55,70.21,67.38,70.22
15_Rechbergstr_Deckenpfronn_000001_000170,40,kid (on a bobby car),humans,29.0,64.01,68.63,69.76,67.76,68.19,65.63,68.26
15_Rechbergstr_Deckenpfronn_000001_000170,39,kid (walking),humans,30.0,64.08,68.98,70.16,68.46,68.72,65.89,68.62
15_Rechbergstr_Deckenpfronn_000001_000170,40,kid (on a bobby car),humans,29.0,62.34,67.32,68.42,67.05,67.19,64.16,66.84
15_Rechbergstr_Deckenpfronn_000001_000180,41,kid (on a small bobby car),humans,27.0,62.16,67.33,70.34,67.33,69.19,62.73,68.05
15_Rechbergstr_Deckenpfronn_000001_000180,40,kid (on a bobby car),humans,12.0,65.64,69.81,70.71,69.06,70.34,67.38,68.59
15_Rechbergstr_Deckenpfronn_000001_000180,40,kid (on a bobby car),humans,27.0,63.86,67.46,67.71,66.78,67.37,64.67,66.06
15_Rechbergstr_Deckenpfronn_000001_000180,39,kid (walking),humans,31.0,65.21,68.48,69.35,68.08,69.15,65.98,67.23
15_Rechbergstr_Deckenpfronn_000001_000180,40,kid (on a bobby car),humans,28.0,62.46,66.28,66.32,66.02,66.15,62.7,64.53
15_Rechbergstr_Deckenpfronn_000001_000190,41,kid (on a small bobby car),humans,26.0,61.66,66.19,71.39,66.19,67.0,63.5,70.05
15_Rechbergstr_Deckenpfronn_000001_000190,40,kid (on a bobby car),humans,13.0,64.41,69.6,70.36,65.5,67.55,67.83,69.47
15_Rechbergstr_Deckenpfronn_000001_000190,39,kid (walking),humans,30.0,63.95,67.71,68.68,64.41,66.06,66.9,68.28
15_Rechbergstr_Deckenpfronn_000001_000190,40,kid (on a bobby car),humans,38.0,61.63,63.98,65.02,62.82,63.4,63.25,64.65
15_Rechbergstr_Deckenpfronn_000001_000200,40,kid (on a bobby car),humans,15.0,68.36,66.91,67.19,63.98,65.44,65.49,66.47
15_Rechbergstr_Deckenpfronn_000001_000200,39,kid (walking),humans,22.0,67.5,65.88,66.17,63.69,64.78,63.41,64.94
15_Rechbergstr_Deckenpfronn_000001_000200,41,kid (on a small bobby car),humans,27.0,62.22,64.28,67.97,64.28,65.71,62.09,66.87
15_Rechbergstr_Deckenpfronn_000001_000200,40,kid (on a bobby car),humans,29.0,61.89,62.28,62.47,61.62,61.95,60.82,61.74
15_Rechbergstr_Deckenpfronn_000001_000210,41,kid (on a small bobby car),humans,26.0,61.89,64.93,68.64,64.93,66.2,63.0,67.67
15_Rechbergstr_Deckenpfronn_000001_000210,40,kid (on a bobby car),humans,15.0,63.29,64.41,64.63,63.34,64.09,63.94,64.17
15_Rechbergstr_Deckenpfronn_000001_000210,40,kid (on a bobby car),humans,34.0,61.13,61.79,62.01,61.79,61.86,60.83,61.53
15_Rechbergstr_Deckenpfronn_000001_000220,41,kid (on a small bobby car),humans,26.0,62.07,65.96,72.72,65.96,67.73,62.46,70.97
15_Rechbergstr_Deckenpfronn_000001_000220,40,kid (on a bobby car),humans,21.0,64.59,70.95,72.33,66.19,68.57,66.22,69.96
15_Rechbergstr_Deckenpfronn_000001_000220,40,kid (on a bobby car),humans,34.0,60.93,62.76,65.19,62.15,62.45,60.83,64.23
15_Rechbergstr_Deckenpfronn_000001_000230,40,kid (on a bobby car),humans,18.0,64.33,67.82,68.36,67.32,67.57,65.2,67.06
15_Rechbergstr_Deckenpfronn_000001_000230,41,kid (on a small bobby car),humans,27.0,62.65,64.06,66.84,64.06,65.51,62.41,66.02
15_Rechbergstr_Deckenpfronn_000001_000230,40,kid (on a bobby car),humans,34.0,60.67,59.93,60.64,59.93,60.7,59.44,60.39
15_Rechbergstr_Deckenpfronn_000001_000240,40,kid (on a bobby car),humans,20.0,64.33,67.34,69.47,67.34,68.19,64.8,68.2
15_Rechbergstr_Deckenpfronn_000001_000240,41,kid (on a small bobby car),humans,26.0,61.6,65.65,68.54,65.65,66.72,64.07,67.75
15_Rechbergstr_Deckenpfronn_000001_000240,40,kid (on a bobby car),humans,33.0,61.72,62.24,63.5,62.24,62.56,60.05,62.4
15_Rechbergstr_Deckenpfronn_000001_000250,40,kid (on a bobby car),humans,16.0,63.42,66.56,67.19,67.77,67.79,63.78,65.17
15_Rechbergstr_Deckenpfronn_000001_000250,41,kid (on a small bobby car),humans,26.0,62.8,66.09,66.29,66.49,66.91,63.56,64.83
15_Rechbergstr_Deckenpfronn_000001_000250,40,kid (on a bobby car),humans,34.0,61.81,62.24,62.56,62.88,63.01,60.82,61.53
15_Rechbergstr_Deckenpfronn_000001_000260,40,kid (on a bobby car),humans,21.0,62.43,68.13,68.16,66.06,67.12,64.58,66.35
15_Rechbergstr_Deckenpfronn_000001_000260,41,kid (on a small bobby car),humans,26.0,61.88,66.53,66.67,64.52,65.53,62.71,64.77
15_Rechbergstr_Deckenpfronn_000001_000260,40,kid (on a bobby car),humans,33.0,61.84,64.82,65.38,63.59,64.2,60.33,63.13
15_Rechbergstr_Deckenpfronn_000001_000270,41,kid (on a small bobby car),humans,26.0,61.84,65.08,65.92,63.74,65.25,63.77,64.42
15_Rechbergstr_Deckenpfronn_000001_000270,40,kid (on a bobby car),humans,33.0,61.78,65.18,65.64,63.81,64.95,62.71,63.95
15_Rechbergstr_Deckenpfronn_000001_000270,39,kid (walking),humans,33.0,64.43,68.78,69.88,69.18,70.08,66.69,67.73
15_Rechbergstr_Deckenpfronn_000001_000280,39,kid (walking),humans,33.0,64.46,72.76,73.28,71.31,72.03,67.28,70.55
15_Rechbergstr_Deckenpfronn_000001_000280,39,kid (walking),humans,33.0,63.98,71.67,71.93,70.13,71.16,66.11,68.89
15_Rechbergstr_Deckenpfronn_000001_000280,40,kid (on a bobby car),humans,33.0,61.98,64.56,65.31,65.35,65.7,61.72,63.14
15_Rechbergstr_Deckenpfronn_000001_000290,41,kid (on a small bobby car),humans,26.0,61.87,62.45,63.63,64.82,65.5,61.79,62.12
15_Rechbergstr_Deckenpfronn_000001_000290,40,kid (on a bobby car),humans,34.0,61.63,61.74,62.56,63.39,64.44,61.02,61.38
15_Rechbergstr_Deckenpfronn_000001_000290,39,kid (walking),humans,33.0,63.7,70.29,70.37,70.29,71.56,67.4,68.93
15_Rechbergstr_Deckenpfronn_000001_000290,39,kid (walking),humans,34.0,63.57,69.66,69.8,69.93,71.55,66.92,68.29
15_Rechbergstr_Deckenpfronn_000001_000300,40,kid (on a bobby car),humans,34.0,62.04,62.17,64.0,62.17,63.96,60.54,63.19
15_Rechbergstr_Deckenpfronn_000001_000300,41,kid (on a small bobby car),humans,26.0,62.46,65.51,66.65,65.51,66.21,63.55,65.66
15_Rechbergstr_Deckenpfronn_000001_000300,39,kid (walking),humans,33.0,63.89,70.1,73.42,70.1,70.99,67.56,72.16
15_Rechbergstr_Deckenpfronn_000001_000300,39,kid (walking),humans,34.0,64.21,70.38,74.24,70.38,71.67,66.99,72.54
15_Rechbergstr_Deckenpfronn_000002_000130,40,kid (on a bobby car),humans,57.0,41.8,39.36,40.05,40.74,40.8,39.36,40.51
15_Rechbergstr_Deckenpfronn_000002_000140,40,kid (on a bobby car),humans,55.0,37.5,38.76,39.42,38.76,39.26,40.09,40.39
15_Rechbergstr_Deckenpfronn_000002_000150,40,kid (on a bobby car),humans,60.0,35.88,36.11,37.52,36.11,36.94,38.38,38.66
15_Rechbergstr_Deckenpfronn_000002_000160,40,kid (on a bobby car),humans,63.0,33.36,34.41,35.44,34.41,35.61,36.09,36.28
15_Rechbergstr_Deckenpfronn_000002_000170,40,kid (on a bobby car),humans,66.0,31.83,30.96,32.28,30.96,32.35,32.97,33.28
15_Rechbergstr_Deckenpfronn_000002_000180,40,kid (on a bobby car),humans,71.0,31.04,29.68,31.85,29.68,31.07,31.06,32.54
15_Rechbergstr_Deckenpfronn_000003_000120,40,kid (on a bobby car),humans,59.0,36.89,38.31,40.44,38.31,39.26,41.15,41.86
15_Rechbergstr_Deckenpfronn_000003_000130,40,kid (on a bobby car),humans,62.0,35.36,34.82,37.63,34.82,36.75,38.13,39.28
15_Rechbergstr_Deckenpfronn_000003_000140,40,kid (on a bobby car),humans,67.0,31.98,32.08,33.99,32.08,33.53,34.61,35.25
15_Rechbergstr_Deckenpfronn_000003_000150,40,kid (on a bobby car),humans,70.0,30.42,28.94,30.88,28.94,30.3,30.59,31.71
15_Rechbergstr_Deckenpfronn_000003_000160,40,kid (on a bobby car),humans,76.0,28.11,26.98,28.83,26.98,28.27,29.86,30.27
15_Rechbergstr_Deckenpfronn_000003_000170,40,kid (on a bobby car),humans,83.0,25.69,25.41,26.84,25.41,26.0,27.52,27.89
15_Rechbergstr_Deckenpfronn_000004_000150,41,kid (on a small bobby car),humans,40.0,42.73,41.73,44.28,41.73,43.35,43.39,45.12
15_Rechbergstr_Deckenpfronn_000004_000160,41,kid (on a small bobby car),humans,41.0,40.22,40.25,43.3,40.25,40.97,42.13,44.24
15_Rechbergstr_Deckenpfronn_000004_000170,41,kid (on a small bobby car),humans,44.0,37.22,38.23,40.3,38.23,39.13,40.44,41.4
15_Rechbergstr_Deckenpfronn_000004_000180,41,kid (on a small bobby car),humans,48.0,35.79,35.78,37.3,35.78,36.25,37.87,38.34
15_Rechbergstr_Deckenpfronn_000004_000190,41,kid (on a small bobby car),humans,51.0,32.83,33.89,35.05,33.89,34.15,35.5,35.86
15_Rechbergstr_Deckenpfronn_000004_000200,41,kid (on a small bobby car),humans,56.0,31.3,30.69,32.66,30.69,31.45,32.27,33.45
15_Rechbergstr_Deckenpfronn_000004_000210,41,kid (on a small bobby car),humans,59.0,28.25,27.46,29.16,27.46,28.55,29.81,30.34
15_Rechbergstr_Deckenpfronn_000004_000220,41,kid (on a small bobby car),humans,65.0,25.91,25.52,26.94,25.52,26.59,28.19,28.27
15_Rechbergstr_Deckenpfronn_000004_000230,41,kid (on a small bobby car),humans,71.0,23.51,23.55,24.41,23.55,24.09,25.26,25.43
15_Rechbergstr_Deckenpfronn_000004_000240,41,kid (on a small bobby car),humans,79.0,21.23,21.6,21.93,21.6,21.73,22.26,22.59
15_Rechbergstr_Deckenpfronn_000004_000250,41,kid (on a small bobby car),humans,87.0,19.39,20.02,20.23,20.02,20.02,20.44,20.86
15_Rechbergstr_Deckenpfronn_000004_000260,41,kid (on a small bobby car),humans,95.0,17.54,18.32,18.77,18.32,18.37,19.21,19.34
15_Rechbergstr_Deckenpfronn_000004_000270,41,kid (on a small bobby car),humans,108.0,15.74,16.61,16.66,16.36,16.54,16.61,17.04
15_Rechbergstr_Deckenpfronn_000004_000280,41,kid (on a small bobby car),humans,120.0,14.11,15.09,15.12,14.99,15.04,15.15,15.49
15_Rechbergstr_Deckenpfronn_000004_000290,41,kid (on a small bobby car),humans,132.0,13.19,14.02,14.12,14.01,14.02,14.22,14.55
15_Rechbergstr_Deckenpfronn_000005_000020,42,kid (crawling),humans,85.0,12.41,13.43,13.46,13.36,13.43,13.43,13.67
15_Rechbergstr_Deckenpfronn_000005_000030,42,kid (crawling),humans,82.0,12.47,13.24,13.34,13.3,13.37,13.24,13.55
15_Rechbergstr_Deckenpfronn_000005_000040,42,kid (crawling),humans,84.0,12.54,13.55,13.55,13.42,13.48,13.56,13.95
15_Rechbergstr_Deckenpfronn_000005_000050,42,kid (crawling),humans,82.0,12.6,13.6,13.68,13.32,13.54,13.6,13.99
15_Rechbergstr_Deckenpfronn_000005_000060,42,kid (crawling),humans,74.0,12.66,13.61,13.69,13.44,13.52,13.77,14.09
15_Rechbergstr_Deckenpfronn_000005_000070,42,kid (crawling),humans,67.0,12.69,13.6,13.79,13.6,13.63,13.98,14.03
15_Rechbergstr_Deckenpfronn_000005_000080,42,kid (crawling),humans,68.0,12.68,13.5,13.54,13.37,13.43,13.59,13.81
15_Rechbergstr_Deckenpfronn_000005_000090,42,kid (crawling),humans,69.0,12.71,13.62,13.73,13.62,13.63,13.84,14.04
15_Rechbergstr_Deckenpfronn_000005_000100,42,kid (crawling),humans,76.0,12.71,13.54,13.61,13.54,13.61,13.69,13.91
15_Rechbergstr_Deckenpfronn_000006_000090,39,kid (walking),humans,45.0,48.24,50.73,51.17,50.3,50.52,49.81,50.71
15_Rechbergstr_Deckenpfronn_000006_000100,39,kid (walking),humans,47.0,45.15,47.69,49.09,47.69,47.84,48.77,49.64
15_Rechbergstr_Deckenpfronn_000006_000110,39,kid (walking),humans,49.0,43.56,43.73,45.88,43.73,45.44,44.86,46.45
15_Rechbergstr_Deckenpfronn_000006_000120,39,kid (walking),humans,52.0,42.37,41.29,42.2,41.29,42.57,43.11,43.55
15_Rechbergstr_Deckenpfronn_000006_000130,39,kid (walking),humans,53.0,41.58,40.14,40.34,40.54,41.55,40.14,40.53
15_Rechbergstr_Deckenpfronn_000006_000140,39,kid (walking),humans,55.0,40.46,40.08,41.58,40.08,40.44,40.62,41.85
15_Rechbergstr_Deckenpfronn_000006_000160,39,kid (walking),humans,68.0,36.15,36.75,38.16,36.75,37.03,38.64,39.1
15_Rechbergstr_Deckenpfronn_000006_000170,39,kid (walking),humans,72.0,33.22,36.85,38.94,36.85,36.95,39.89,40.45
15_Rechbergstr_Deckenpfronn_000006_000180,39,kid (walking),humans,75.0,31.62,32.33,33.25,32.33,32.73,34.18,34.56
15_Rechbergstr_Deckenpfronn_000006_000190,39,kid (walking),humans,79.0,29.68,30.37,31.3,30.37,30.87,32.24,32.8
15_Rechbergstr_Deckenpfronn_000006_000200,39,kid (walking),humans,84.0,28.1,27.33,28.14,27.33,28.11,28.96,29.26
15_Rechbergstr_Deckenpfronn_000006_000210,39,kid (walking),humans,89.0,26.16,25.5,26.38,25.5,26.13,26.75,27.01
15_Rechbergstr_Deckenpfronn_000006_000220,39,kid (walking),humans,98.0,25.04,24.99,26.03,24.99,25.41,25.77,26.42
15_Rechbergstr_Deckenpfronn_000006_000230,39,kid (walking),humans,103.0,23.08,22.65,24.77,22.65,22.86,24.61,25.75
15_Rechbergstr_Deckenpfronn_000006_000230,39,kid (walking),humans,95.0,23.73,24.4,26.13,24.4,24.45,26.7,27.28
15_Rechbergstr_Deckenpfronn_000006_000240,39,kid (walking),humans,101.0,22.19,22.43,24.71,22.43,22.5,24.77,25.88
15_Rechbergstr_Deckenpfronn_000006_000250,39,kid (walking),humans,110.0,20.55,21.22,22.76,21.1,21.16,23.1,23.7
15_Rechbergstr_Deckenpfronn_000006_000260,39,kid (walking),humans,118.0,19.23,19.73,20.88,19.71,19.72,21.39,21.71
15_Rechbergstr_Deckenpfronn_000006_000270,39,kid (walking),humans,126.0,18.01,18.46,19.18,18.42,18.44,19.49,19.7
15_Rechbergstr_Deckenpfronn_000006_000280,39,kid (walking),humans,135.0,16.78,17.0,17.71,17.0,17.08,18.22,18.32
15_Rechbergstr_Deckenpfronn_000006_000320,39,kid (walking),humans,198.0,11.95,13.09,13.25,12.97,13.03,13.41,13.53
15_Rechbergstr_Deckenpfronn_000006_000330,39,kid (walking),humans,208.0,11.0,12.42,12.6,12.4,12.41,12.78,12.79
15_Rechbergstr_Deckenpfronn_000006_000340,39,kid (walking),humans,218.0,10.55,11.72,11.74,11.76,11.84,11.72,11.94
15_Rechbergstr_Deckenpfronn_000006_000350,39,kid (walking),humans,233.0,10.21,11.31,11.57,11.25,11.28,11.84,11.91
15_Rechbergstr_Deckenpfronn_000007_000050,39,kid (walking),humans,46.0,50.76,51.01,58.19,51.01,55.1,51.21,58.28
15_Rechbergstr_Deckenpfronn_000007_000060,39,kid (walking),humans,46.0,50.35,50.0,56.6,50.0,55.11,50.59,56.9
15_Rechbergstr_Deckenpfronn_000007_000070,39,kid (walking),humans,45.0,49.94,48.34,53.88,48.34,52.93,50.94,55.18
15_Rechbergstr_Deckenpfronn_000007_000080,39,kid (walking),humans,47.0,49.5,48.34,54.2,48.34,52.42,49.89,54.98
15_Rechbergstr_Deckenpfronn_000007_000090,39,kid (walking),humans,48.0,49.38,48.38,53.22,48.38,51.56,49.29,53.67
15_Rechbergstr_Deckenpfronn_000007_000150,39,kid (walking),humans,64.0,38.21,39.36,40.59,39.36,41.36,38.4,40.11
15_Rechbergstr_Deckenpfronn_000007_000160,39,kid (walking),humans,65.0,36.33,37.13,38.55,37.13,38.76,39.27,39.62
15_Rechbergstr_Deckenpfronn_000007_000170,39,kid (walking),humans,68.0,34.63,34.26,35.99,34.26,36.35,35.24,36.48
15_Rechbergstr_Deckenpfronn_000007_000180,39,kid (walking),humans,74.0,31.96,31.74,32.19,32.64,34.19,31.74,32.88
15_Rechbergstr_Deckenpfronn_000007_000190,39,kid (walking),humans,78.0,29.63,28.85,29.49,30.13,31.81,28.85,30.04
15_Rechbergstr_Deckenpfronn_000007_000200,39,kid (walking),humans,84.0,27.9,28.38,28.52,28.67,29.34,28.38,29.23
15_Rechbergstr_Deckenpfronn_000007_000230,39,kid (walking),humans,98.0,22.7,26.6,27.4,26.6,29.51,26.8,27.5
15_Rechbergstr_Deckenpfronn_000007_000240,39,kid (walking),humans,105.0,21.11,22.62,22.62,22.63,23.21,22.62,24.17
15_Rechbergstr_Deckenpfronn_000007_000250,39,kid (walking),humans,110.0,19.78,21.68,21.76,21.56,21.7,21.68,23.19
15_Rechbergstr_Deckenpfronn_000007_000260,39,kid (walking),humans,117.0,18.57,20.39,20.73,20.75,20.91,20.39,22.21
15_Rechbergstr_Deckenpfronn_000007_000270,39,kid (walking),humans,125.0,17.83,19.34,19.55,19.51,19.63,19.34,20.81
15_Rechbergstr_Deckenpfronn_000007_000280,39,kid (walking),humans,132.0,16.9,18.14,18.16,17.36,17.77,18.14,19.38
15_Rechbergstr_Deckenpfronn_000007_000350,39,kid (walking),humans,150.0,14.55,16.58,16.63,15.59,16.14,16.58,17.91
15_Rechbergstr_Deckenpfronn_000007_000360,39,kid (walking),humans,152.0,14.74,16.79,17.05,15.56,16.18,17.3,18.12
