frame,label,type,group,box_height_px,true_m,unidepth-v2-base_median,unidepth-v2-base_p10,unidepth-v2-base_p25
02_Hanns_Klemm_Str_44_000000_000020,05,"crate (gray, 2x stacked)",standard objects,12.0,62.8,71.83,68.91,70.04
02_Hanns_Klemm_Str_44_000000_000030,05,"crate (gray, 2x stacked)",standard objects,12.0,61.07,68.57,66.49,67.29
02_Hanns_Klemm_Str_44_000000_000040,05,"crate (gray, 2x stacked)",standard objects,12.0,57.82,66.65,64.08,65.0
02_Hanns_Klemm_Str_44_000000_000050,05,"crate (gray, 2x stacked)",standard objects,14.0,55.46,66.26,62.93,64.09
02_Hanns_Klemm_Str_44_000000_000060,05,"crate (gray, 2x stacked)",standard objects,14.0,53.3,56.45,55.32,55.94
02_Hanns_Klemm_Str_44_000000_000070,05,"crate (gray, 2x stacked)",standard objects,15.0,50.07,57.1,55.06,55.83
02_Hanns_Klemm_Str_44_000000_000080,05,"crate (gray, 2x stacked)",standard objects,17.0,46.68,52.61,50.08,51.0
02_Hanns_Klemm_Str_44_000000_000090,05,"crate (gray, 2x stacked)",standard objects,17.0,43.3,48.31,47.05,47.55
02_Hanns_Klemm_Str_44_000000_000100,05,"crate (gray, 2x stacked)",standard objects,19.0,39.82,43.13,42.49,42.72
02_Hanns_Klemm_Str_44_000000_000110,05,"crate (gray, 2x stacked)",standard objects,21.0,35.36,41.57,40.87,41.1
02_Hanns_Klemm_Str_44_000000_000120,05,"crate (gray, 2x stacked)",standard objects,24.0,30.89,36.34,35.94,36.07
02_Hanns_Klemm_Str_44_000000_000130,05,"crate (gray, 2x stacked)",standard objects,29.0,26.44,30.46,30.05,30.18
02_Hanns_Klemm_Str_44_000000_000140,05,"crate (gray, 2x stacked)",standard objects,34.0,22.13,26.26,26.08,26.17
02_Hanns_Klemm_Str_44_000000_000150,05,"crate (gray, 2x stacked)",standard objects,44.0,18.09,22.4,22.25,22.31
02_Hanns_Klemm_Str_44_000000_000160,05,"crate (gray, 2x stacked)",standard objects,56.0,14.09,18.13,17.92,18.0
02_Hanns_Klemm_Str_44_000000_000170,05,"crate (gray, 2x stacked)",standard objects,76.0,10.47,13.79,13.68,13.73
02_Hanns_Klemm_Str_44_000000_000180,05,"crate (gray, 2x stacked)",standard objects,120.0,7.16,10.14,10.02,10.08
02_Hanns_Klemm_Str_44_000001_000020,05,"crate (gray, 2x stacked)",standard objects,12.0,60.81,74.38,70.79,72.17
02_Hanns_Klemm_Str_44_000001_000020,04,crate (gray),standard objects,7.0,60.19,72.95,69.86,71.02
02_Hanns_Klemm_Str_44_000001_000030,05,"crate (gray, 2x stacked)",standard objects,13.0,59.63,74.39,70.91,72.02
02_Hanns_Klemm_Str_44_000001_000030,04,crate (gray),standard objects,8.0,59.2,72.9,69.82,71.07
02_Hanns_Klemm_Str_44_000001_000040,05,"crate (gray, 2x stacked)",standard objects,13.0,59.22,68.68,66.67,67.7
02_Hanns_Klemm_Str_44_000001_000040,04,crate (gray),standard objects,8.0,57.15,69.58,66.37,68.02
02_Hanns_Klemm_Str_44_000001_000050,05,"crate (gray, 2x stacked)",standard objects,13.0,55.41,68.76,65.63,67.12
02_Hanns_Klemm_Str_44_000001_000050,04,crate (gray),standard objects,8.0,55.36,66.6,64.2,64.99
02_Hanns_Klemm_Str_44_000001_000060,05,"crate (gray, 2x stacked)",standard objects,14.0,53.08,64.23,62.65,63.51
02_Hanns_Klemm_Str_44_000001_000060,04,crate (gray),standard objects,8.0,53.39,65.09,62.81,63.51
02_Hanns_Klemm_Str_44_000001_000070,05,"crate (gray, 2x stacked)",standard objects,15.0,52.46,59.1,58.15,58.57
02_Hanns_Klemm_Str_44_000001_000070,04,crate (gray),standard objects,8.0,51.45,60.43,58.82,59.41
02_Hanns_Klemm_Str_44_000001_000080,05,"crate (gray, 2x stacked)",standard objects,15.0,49.69,58.05,56.9,57.48
02_Hanns_Klemm_Str_44_000001_000080,04,crate (gray),standard objects,9.0,49.94,59.29,57.82,58.36
02_Hanns_Klemm_Str_44_000001_000090,05,"crate (gray, 2x stacked)",standard objects,15.0,48.22,54.39,52.79,53.33
02_Hanns_Klemm_Str_44_000001_000090,04,crate (gray),standard objects,9.0,47.53,55.82,53.84,54.51
02_Hanns_Klemm_Str_44_000001_000100,05,"crate (gray, 2x stacked)",standard objects,18.0,44.2,47.7,46.76,47.07
02_Hanns_Klemm_Str_44_000001_000100,04,crate (gray),standard objects,9.0,44.53,49.81,48.55,49.04
02_Hanns_Klemm_Str_44_000001_000110,05,"crate (gray, 2x stacked)",standard objects,18.0,42.03,46.26,45.11,45.53
02_Hanns_Klemm_Str_44_000001_000110,04,crate (gray),standard objects,11.0,41.68,45.94,44.98,45.35
02_Hanns_Klemm_Str_44_000001_000120,05,"crate (gray, 2x stacked)",standard objects,19.0,37.86,42.03,41.22,41.55
02_Hanns_Klemm_Str_44_000001_000120,04,crate (gray),standard objects,11.0,38.76,42.24,41.54,41.85
02_Hanns_Klemm_Str_44_000001_000130,05,"crate (gray, 2x stacked)",standard objects,22.0,35.13,41.13,40.41,40.7
02_Hanns_Klemm_Str_44_000001_000130,04,crate (gray),standard objects,12.0,35.11,41.56,41.0,41.24
02_Hanns_Klemm_Str_44_000001_000140,05,"crate (gray, 2x stacked)",standard objects,25.0,31.16,36.93,36.49,36.62
02_Hanns_Klemm_Str_44_000001_000140,04,crate (gray),standard objects,14.0,31.42,36.99,36.47,36.69
02_Hanns_Klemm_Str_44_000001_000150,05,"crate (gray, 2x stacked)",standard objects,28.0,27.29,31.71,31.49,31.58
02_Hanns_Klemm_Str_44_000001_000150,04,crate (gray),standard objects,17.0,27.53,32.27,31.79,31.96
02_Hanns_Klemm_Str_44_000001_000160,05,"crate (gray, 2x stacked)",standard objects,33.0,23.13,26.65,26.49,26.5
02_Hanns_Klemm_Str_44_000001_000160,04,crate (gray),standard objects,19.0,23.54,26.9,26.67,26.74
02_Hanns_Klemm_Str_44_000001_000170,05,"crate (gray, 2x stacked)",standard objects,41.0,19.38,23.35,23.24,23.29
02_Hanns_Klemm_Str_44_000001_000170,04,crate (gray),standard objects,25.0,19.65,23.68,23.32,23.46
02_Hanns_Klemm_Str_44_000001_000180,05,"crate (gray, 2x stacked)",standard objects,53.0,15.19,18.62,18.49,18.53
02_Hanns_Klemm_Str_44_000001_000180,04,crate (gray),standard objects,32.0,15.51,18.88,18.74,18.8
02_Hanns_Klemm_Str_44_000001_000190,05,"crate (gray, 2x stacked)",standard objects,72.0,11.46,14.8,14.66,14.71
02_Hanns_Klemm_Str_44_000001_000190,04,crate (gray),standard objects,44.0,11.63,14.7,14.6,14.63
02_Hanns_Klemm_Str_44_000001_000200,05,"crate (gray, 2x stacked)",standard objects,105.0,7.93,11.52,11.39,11.44
02_Hanns_Klemm_Str_44_000001_000200,04,crate (gray),standard objects,70.0,7.99,11.47,11.41,11.43
02_Hanns_Klemm_Str_44_000002_000020,02,"crate (black, 2x stacked)",standard objects,23.0,62.46,75.99,73.77,74.52
02_Hanns_Klemm_Str_44_000002_000020,01,crate (black),standard objects,10.0,61.57,76.58,75.04,75.53
02_Hanns_Klemm_Str_44_000002_000030,01,crate (black),standard objects,11.0,60.22,78.23,75.07,76.77
02_Hanns_Klemm_Str_44_000002_000030,02,"crate (black, 2x stacked)",standard objects,23.0,60.63,76.05,73.98,74.82
02_Hanns_Klemm_Str_44_000002_000040,02,"crate (black, 2x stacked)",standard objects,23.0,58.42,79.09,76.87,77.42
02_Hanns_Klemm_Str_44_000002_000040,01,crate (black),standard objects,10.0,57.87,78.13,75.51,76.58
02_Hanns_Klemm_Str_44_000002_000050,02,"crate (black, 2x stacked)",standard objects,25.0,56.85,72.33,70.09,70.99
02_Hanns_Klemm_Str_44_000002_000050,01,crate (black),standard objects,11.0,54.98,69.76,68.85,69.16
02_Hanns_Klemm_Str_44_000002_000060,02,"crate (black, 2x stacked)",standard objects,26.0,52.31,68.82,67.65,67.94
02_Hanns_Klemm_Str_44_000002_000060,01,crate (black),standard objects,13.0,53.96,68.47,67.14,67.48
02_Hanns_Klemm_Str_44_000002_000070,02,"crate (black, 2x stacked)",standard objects,26.0,50.86,62.69,61.63,61.98
02_Hanns_Klemm_Str_44_000002_000070,01,crate (black),standard objects,13.0,50.19,63.85,62.45,63.12
02_Hanns_Klemm_Str_44_000002_000080,02,"crate (black, 2x stacked)",standard objects,28.0,49.14,61.3,59.6,60.32
02_Hanns_Klemm_Str_44_000002_000080,01,crate (black),standard objects,14.0,48.2,60.27,59.14,59.64
02_Hanns_Klemm_Str_44_000002_000090,02,"crate (black, 2x stacked)",standard objects,31.0,44.0,54.53,53.82,54.01
02_Hanns_Klemm_Str_44_000002_000090,01,crate (black),standard objects,15.0,43.92,56.29,55.68,55.86
02_Hanns_Klemm_Str_44_000002_000100,02,"crate (black, 2x stacked)",standard objects,33.0,41.72,49.62,48.64,49.07
02_Hanns_Klemm_Str_44_000002_000100,01,crate (black),standard objects,16.0,41.44,50.15,49.34,49.72
02_Hanns_Klemm_Str_44_000002_000110,01,crate (black),standard objects,19.0,37.13,45.1,44.67,44.86
02_Hanns_Klemm_Str_44_000002_000110,02,"crate (black, 2x stacked)",standard objects,37.0,36.89,43.68,43.08,43.4
02_Hanns_Klemm_Str_44_000002_000120,01,crate (black),standard objects,19.0,33.73,40.75,40.4,40.52
02_Hanns_Klemm_Str_44_000002_000120,02,"crate (black, 2x stacked)",standard objects,40.0,33.43,40.82,40.4,40.5
02_Hanns_Klemm_Str_44_000002_000130,02,"crate (black, 2x stacked)",standard objects,47.0,28.86,34.8,34.39,34.61
02_Hanns_Klemm_Str_44_000002_000130,01,crate (black),standard objects,21.0,28.82,35.25,35.01,35.12
02_Hanns_Klemm_Str_44_000002_000140,02,"crate (black, 2x stacked)",standard objects,55.0,25.01,28.6,28.02,28.23
02_Hanns_Klemm_Str_44_000002_000140,01,crate (black),standard objects,26.0,24.9,28.89,28.72,28.78
02_Hanns_Klemm_Str_44_000002_000150,02,"crate (black, 2x stacked)",standard objects,67.0,20.4,24.58,24.38,24.48
02_Hanns_Klemm_Str_44_000002_000150,01,crate (black),standard objects,34.0,20.54,24.78,24.53,24.62
02_Hanns_Klemm_Str_44_000002_000160,02,"crate (black, 2x stacked)",standard objects,87.0,15.94,18.77,18.62,18.68
02_Hanns_Klemm_Str_44_000002_000160,01,crate (black),standard objects,42.0,16.07,18.82,18.64,18.69
02_Hanns_Klemm_Str_44_000002_000170,02,"crate (black, 2x stacked)",standard objects,120.0,11.89,14.83,14.7,14.77
02_Hanns_Klemm_Str_44_000002_000170,01,crate (black),standard objects,59.0,12.01,14.86,14.72,14.8
02_Hanns_Klemm_Str_44_000002_000180,02,"crate (black, 2x stacked)",standard objects,172.0,8.2,11.6,11.51,11.53
02_Hanns_Klemm_Str_44_000002_000180,01,crate (black),standard objects,87.0,8.27,11.57,11.33,11.46
02_Hanns_Klemm_Str_44_000003_000020,20,tire,random hazards,9.0,62.98,72.8,70.64,71.48
02_Hanns_Klemm_Str_44_000003_000020,34,styrofoam,random hazards,6.0,63.42,71.41,69.39,70.17
02_Hanns_Klemm_Str_44_000003_000030,20,tire,random hazards,10.0,61.95,74.01,70.46,71.34
02_Hanns_Klemm_Str_44_000003_000030,34,styrofoam,random hazards,6.0,62.31,72.53,70.44,71.29
02_Hanns_Klemm_Str_44_000003_000040,20,tire,random hazards,10.0,59.91,77.59,74.87,75.93
02_Hanns_Klemm_Str_44_000003_000040,34,styrofoam,random hazards,8.0,60.36,76.3,72.54,74.22
02_Hanns_Klemm_Str_44_000003_000050,20,tire,random hazards,11.0,55.48,67.88,65.24,66.17
02_Hanns_Klemm_Str_44_000003_000050,34,styrofoam,random hazards,7.0,55.62,67.11,65.1,65.86
02_Hanns_Klemm_Str_44_000003_000060,20,tire,random hazards,10.0,54.2,67.99,66.3,66.89
02_Hanns_Klemm_Str_44_000003_000060,34,styrofoam,random hazards,8.0,52.78,66.18,64.06,64.88
02_Hanns_Klemm_Str_44_000003_000070,20,tire,random hazards,11.0,52.37,59.32,57.24,58.13
02_Hanns_Klemm_Str_44_000003_000070,34,styrofoam,random hazards,8.0,50.6,58.97,57.13,57.87
02_Hanns_Klemm_Str_44_000003_000080,20,tire,random hazards,13.0,47.58,56.94,54.38,55.41
02_Hanns_Klemm_Str_44_000003_000080,34,styrofoam,random hazards,10.0,47.81,55.63,53.98,54.62
02_Hanns_Klemm_Str_44_000003_000090,20,tire,random hazards,14.0,43.81,53.99,52.19,53.03
02_Hanns_Klemm_Str_44_000003_000090,34,styrofoam,random hazards,9.0,43.42,53.1,51.53,52.09
02_Hanns_Klemm_Str_44_000003_000100,20,tire,random hazards,15.0,39.29,46.92,45.59,46.17
02_Hanns_Klemm_Str_44_000003_000100,34,styrofoam,random hazards,11.0,39.63,46.06,44.82,45.3
02_Hanns_Klemm_Str_44_000003_000110,20,tire,random hazards,17.0,36.09,42.85,41.76,42.21
02_Hanns_Klemm_Str_44_000003_000110,34,styrofoam,random hazards,12.0,35.85,42.56,41.54,41.92
02_Hanns_Klemm_Str_44_000003_000120,20,tire,random hazards,19.0,30.76,36.94,36.11,36.53
02_Hanns_Klemm_Str_44_000003_000120,34,styrofoam,random hazards,14.0,31.61,36.36,35.72,35.99
02_Hanns_Klemm_Str_44_000003_000130,20,tire,random hazards,22.0,26.6,30.67,30.38,30.5
02_Hanns_Klemm_Str_44_000003_000130,34,styrofoam,random hazards,16.0,26.75,30.77,30.26,30.47
02_Hanns_Klemm_Str_44_000003_000140,20,tire,random hazards,27.0,22.01,25.19,24.99,25.04
02_Hanns_Klemm_Str_44_000003_000140,34,styrofoam,random hazards,19.0,22.25,25.21,24.92,24.97
02_Hanns_Klemm_Str_44_000003_000150,20,tire,random hazards,36.0,17.27,20.96,20.88,20.88
02_Hanns_Klemm_Str_44_000003_000150,34,styrofoam,random hazards,25.0,17.54,21.16,21.02,21.04
02_Hanns_Klemm_Str_44_000003_000160,20,tire,random hazards,50.0,12.73,15.99,15.88,15.91
02_Hanns_Klemm_Str_44_000003_000160,34,styrofoam,random hazards,37.0,13.05,16.09,15.93,15.99
02_Hanns_Klemm_Str_44_000003_000170,20,tire,random hazards,79.0,8.62,11.85,11.68,11.74
02_Hanns_Klemm_Str_44_000003_000170,34,styrofoam,random hazards,57.0,8.85,11.97,11.73,11.79
02_Hanns_Klemm_Str_44_000005_000020,08,cardboard box,random hazards,10.0,60.42,72.57,69.43,70.39
02_Hanns_Klemm_Str_44_000005_000020,13,exhaust pipe,random hazards,10.0,60.3,69.63,67.63,68.42
02_Hanns_Klemm_Str_44_000005_000030,08,cardboard box,random hazards,10.0,60.3,70.69,67.48,68.48
02_Hanns_Klemm_Str_44_000005_000030,13,exhaust pipe,random hazards,9.0,59.91,68.32,66.14,67.13
02_Hanns_Klemm_Str_44_000005_000040,08,cardboard box,random hazards,11.0,57.89,67.12,63.88,65.25
02_Hanns_Klemm_Str_44_000005_000040,13,exhaust pipe,random hazards,10.0,58.98,64.63,62.67,63.35
02_Hanns_Klemm_Str_44_000005_000050,08,cardboard box,random hazards,10.0,56.01,64.63,61.81,62.81
02_Hanns_Klemm_Str_44_000005_000050,13,exhaust pipe,random hazards,10.0,56.11,64.16,62.44,63.12
02_Hanns_Klemm_Str_44_000005_000060,08,cardboard box,random hazards,10.0,53.48,61.92,59.31,60.34
02_Hanns_Klemm_Str_44_000005_000060,13,exhaust pipe,random hazards,9.0,52.82,60.78,58.9,59.53
02_Hanns_Klemm_Str_44_000005_000070,08,cardboard box,random hazards,11.0,50.62,59.39,56.8,57.81
02_Hanns_Klemm_Str_44_000005_000070,13,exhaust pipe,random hazards,12.0,51.21,58.14,56.44,57.21
02_Hanns_Klemm_Str_44_000005_000080,08,cardboard box,random hazards,13.0,47.51,53.68,51.9,52.62
02_Hanns_Klemm_Str_44_000005_000080,13,exhaust pipe,random hazards,12.0,49.03,54.21,52.68,53.29
02_Hanns_Klemm_Str_44_000005_000090,08,cardboard box,random hazards,13.0,44.11,50.89,48.81,49.48
02_Hanns_Klemm_Str_44_000005_000090,13,exhaust pipe,random hazards,12.0,44.23,50.47,49.2,49.72
02_Hanns_Klemm_Str_44_000005_000100,13,exhaust pipe,random hazards,14.0,40.54,46.43,45.2,45.68
02_Hanns_Klemm_Str_44_000005_000100,08,cardboard box,random hazards,14.0,40.37,46.4,44.79,45.47
02_Hanns_Klemm_Str_44_000005_000110,08,cardboard box,random hazards,16.0,36.64,43.24,41.9,42.43
02_Hanns_Klemm_Str_44_000005_000110,13,exhaust pipe,random hazards,16.0,37.18,42.42,41.45,41.86
02_Hanns_Klemm_Str_44_000005_000120,08,cardboard box,random hazards,18.0,32.29,37.5,36.72,37.03
02_Hanns_Klemm_Str_44_000005_000120,13,exhaust pipe,random hazards,19.0,33.0,37.32,36.33,36.68
02_Hanns_Klemm_Str_44_000005_000130,08,cardboard box,random hazards,20.0,28.11,33.04,32.55,32.7
02_Hanns_Klemm_Str_44_000005_000130,13,exhaust pipe,random hazards,22.0,28.89,32.78,32.05,32.3
02_Hanns_Klemm_Str_44_000005_000140,08,cardboard box,random hazards,25.0,24.19,27.29,27.0,27.09
02_Hanns_Klemm_Str_44_000005_000140,13,exhaust pipe,random hazards,26.0,24.75,27.19,26.8,26.87
02_Hanns_Klemm_Str_44_000005_000150,08,cardboard box,random hazards,30.0,20.45,24.06,23.8,23.86
02_Hanns_Klemm_Str_44_000005_000150,13,exhaust pipe,random hazards,31.0,20.89,23.84,23.55,23.6
02_Hanns_Klemm_Str_44_000005_000160,08,cardboard box,random hazards,37.0,16.67,19.76,19.6,19.65
02_Hanns_Klemm_Str_44_000005_000160,13,exhaust pipe,random hazards,40.0,17.14,19.82,19.58,19.64
02_Hanns_Klemm_Str_44_000005_000170,08,cardboard box,random hazards,47.0,12.98,15.93,15.82,15.84
02_Hanns_Klemm_Str_44_000005_000170,13,exhaust pipe,random hazards,50.0,13.61,16.17,15.94,16.02
02_Hanns_Klemm_Str_44_000005_000180,08,cardboard box,random hazards,63.0,9.69,12.4,12.24,12.31
02_Hanns_Klemm_Str_44_000005_000180,13,exhaust pipe,random hazards,65.0,10.26,12.86,12.61,12.68
02_Hanns_Klemm_Str_44_000005_000190,08,cardboard box,random hazards,96.0,6.74,9.25,9.13,9.17
02_Hanns_Klemm_Str_44_000005_000190,13,exhaust pipe,random hazards,97.0,7.25,9.79,9.57,9.63
02_Hanns_Klemm_Str_44_000006_000020,13,exhaust pipe,random hazards,10.0,37.16,34.68,33.75,34.04
02_Hanns_Klemm_Str_44_000006_000020,08,cardboard box,random hazards,9.0,54.63,36.79,35.0,35.48
02_Hanns_Klemm_Str_44_000006_000030,13,exhaust pipe,random hazards,11.0,47.44,33.8,32.48,32.97
02_Hanns_Klemm_Str_44_000006_000030,08,cardboard box,random hazards,10.0,51.8,35.33,33.44,33.91
02_Hanns_Klemm_Str_44_000006_000040,13,exhaust pipe,random hazards,12.0,54.13,33.47,32.41,32.76
02_Hanns_Klemm_Str_44_000006_000040,08,cardboard box,random hazards,12.0,51.6,34.89,33.15,33.94
02_Hanns_Klemm_Str_44_000006_000050,13,exhaust pipe,random hazards,12.0,48.86,32.5,31.45,31.81
02_Hanns_Klemm_Str_44_000006_000050,08,cardboard box,random hazards,11.0,50.62,33.3,31.76,32.16
02_Hanns_Klemm_Str_44_000006_000060,13,exhaust pipe,random hazards,12.0,48.29,32.29,30.87,31.47
02_Hanns_Klemm_Str_44_000006_000060,08,cardboard box,random hazards,12.0,49.59,33.22,31.18,31.97
02_Hanns_Klemm_Str_44_000006_000070,13,exhaust pipe,random hazards,15.0,46.95,31.11,29.45,30.19
02_Hanns_Klemm_Str_44_000006_000070,08,cardboard box,random hazards,12.0,45.26,32.47,29.88,30.85
02_Hanns_Klemm_Str_44_000006_000080,13,exhaust pipe,random hazards,14.0,43.45,32.81,31.02,31.69
02_Hanns_Klemm_Str_44_000006_000080,08,cardboard box,random hazards,13.0,42.84,33.7,31.06,32.08
02_Hanns_Klemm_Str_44_000006_000090,13,exhaust pipe,random hazards,16.0,40.47,32.5,30.56,31.29
02_Hanns_Klemm_Str_44_000006_000090,08,cardboard box,random hazards,14.0,39.91,34.12,32.12,32.89
02_Hanns_Klemm_Str_44_000006_000100,13,exhaust pipe,random hazards,18.0,37.2,31.5,29.87,30.42
02_Hanns_Klemm_Str_44_000006_000100,08,cardboard box,random hazards,15.0,37.12,31.66,30.14,30.78
02_Hanns_Klemm_Str_44_000006_000110,13,exhaust pipe,random hazards,18.0,34.67,34.48,33.07,33.7
02_Hanns_Klemm_Str_44_000006_000110,08,cardboard box,random hazards,15.0,34.35,34.24,33.06,33.56
02_Hanns_Klemm_Str_44_000006_000120,13,exhaust pipe,random hazards,21.0,31.32,33.23,32.06,32.47
02_Hanns_Klemm_Str_44_000006_000120,08,cardboard box,random hazards,18.0,30.81,33.98,32.82,33.27
02_Hanns_Klemm_Str_44_000006_000130,13,exhaust pipe,random hazards,24.0,28.35,28.59,27.61,27.98
02_Hanns_Klemm_Str_44_000006_000130,08,cardboard box,random hazards,20.0,27.67,28.71,27.6,28.06
02_Hanns_Klemm_Str_44_000006_000140,13,exhaust pipe,random hazards,29.0,24.82,25.33,24.74,24.99
02_Hanns_Klemm_Str_44_000006_000140,08,cardboard box,random hazards,22.0,24.61,25.3,24.81,24.99
02_Hanns_Klemm_Str_44_000006_000150,13,exhaust pipe,random hazards,33.0,21.58,22.47,22.07,22.17
02_Hanns_Klemm_Str_44_000006_000150,08,cardboard box,random hazards,27.0,21.27,22.18,21.97,22.03
02_Hanns_Klemm_Str_44_000006_000160,13,exhaust pipe,random hazards,40.0,18.26,19.49,18.95,19.07
02_Hanns_Klemm_Str_44_000006_000160,08,cardboard box,random hazards,32.0,17.87,18.75,18.62,18.68
02_Hanns_Klemm_Str_44_000006_000170,13,exhaust pipe,random hazards,50.0,14.58,16.34,16.02,16.1
02_Hanns_Klemm_Str_44_000006_000170,08,cardboard box,random hazards,39.0,14.29,15.84,15.72,15.75
02_Hanns_Klemm_Str_44_000006_000180,08,cardboard box,random hazards,55.0,10.69,12.42,12.31,12.36
02_Hanns_Klemm_Str_44_000006_000180,13,exhaust pipe,random hazards,71.0,11.04,12.83,12.54,12.63
02_Hanns_Klemm_Str_44_000006_000190,13,exhaust pipe,random hazards,113.0,7.59,9.12,8.86,8.92
02_Hanns_Klemm_Str_44_000006_000190,08,cardboard box,random hazards,82.0,7.34,8.81,8.76,8.79
02_Hanns_Klemm_Str_44_000007_000020,20,tire,random hazards,9.0,59.06,41.47,40.14,40.7
02_Hanns_Klemm_Str_44_000007_000030,20,tire,random hazards,9.0,57.95,41.79,40.39,40.99
02_Hanns_Klemm_Str_44_000007_000040,20,tire,random hazards,10.0,56.75,42.16,40.06,41.02
02_Hanns_Klemm_Str_44_000007_000050,20,tire,random hazards,9.0,55.55,41.62,39.73,40.42
02_Hanns_Klemm_Str_44_000007_000060,20,tire,random hazards,10.0,53.08,42.15,40.14,40.82
02_Hanns_Klemm_Str_44_000007_000070,20,tire,random hazards,10.0,53.79,39.7,38.38,38.85
02_Hanns_Klemm_Str_44_000007_000080,20,tire,random hazards,11.0,53.13,39.68,38.41,38.91
02_Hanns_Klemm_Str_44_000007_000090,20,tire,random hazards,11.0,52.94,38.75,37.35,38.02
02_Hanns_Klemm_Str_44_000007_000100,20,tire,random hazards,11.0,51.14,37.15,35.39,36.13
02_Hanns_Klemm_Str_44_000007_000110,20,tire,random hazards,13.0,47.86,39.48,37.66,38.43
02_Hanns_Klemm_Str_44_000007_000120,20,tire,random hazards,14.0,43.31,45.66,44.32,44.9
02_Hanns_Klemm_Str_44_000007_000130,20,tire,random hazards,14.0,40.1,46.13,45.47,45.8
02_Hanns_Klemm_Str_44_000007_000140,20,tire,random hazards,16.0,38.17,43.4,42.43,42.93
02_Hanns_Klemm_Str_44_000007_000150,20,tire,random hazards,17.0,34.94,39.86,39.32,39.47
02_Hanns_Klemm_Str_44_000007_000160,20,tire,random hazards,18.0,32.51,36.22,35.66,35.9
02_Hanns_Klemm_Str_44_000007_000170,20,tire,random hazards,21.0,30.21,30.23,29.87,30.04
02_Hanns_Klemm_Str_44_000007_000180,20,tire,random hazards,24.0,26.56,26.35,26.12,26.19
02_Hanns_Klemm_Str_44_000007_000190,20,tire,random hazards,25.0,23.46,24.26,24.11,24.17
02_Hanns_Klemm_Str_44_000007_000200,20,tire,random hazards,30.0,20.28,21.11,20.99,21.03
02_Hanns_Klemm_Str_44_000007_000210,20,tire,random hazards,36.0,17.09,18.35,18.21,18.26
02_Hanns_Klemm_Str_44_000007_000220,20,tire,random hazards,43.0,13.72,15.73,15.56,15.62
02_Hanns_Klemm_Str_44_000007_000230,20,tire,random hazards,62.0,10.22,11.96,11.82,11.87
02_Hanns_Klemm_Str_44_000007_000240,20,tire,random hazards,95.0,7.22,8.54,8.4,8.45
02_Hanns_Klemm_Str_44_000008_000020,20,tire,random hazards,7.0,64.43,47.19,44.88,45.78
02_Hanns_Klemm_Str_44_000008_000030,20,tire,random hazards,8.0,63.68,48.98,46.82,47.76
02_Hanns_Klemm_Str_44_000008_000040,20,tire,random hazards,9.0,61.92,47.14,44.87,45.7
02_Hanns_Klemm_Str_44_000008_000050,20,tire,random hazards,9.0,60.08,46.98,44.67,45.66
02_Hanns_Klemm_Str_44_000008_000060,20,tire,random hazards,9.0,65.15,47.46,45.69,46.42
02_Hanns_Klemm_Str_44_000008_000070,20,tire,random hazards,11.0,60.9,48.91,45.5,46.86
02_Hanns_Klemm_Str_44_000008_000080,20,tire,random hazards,11.0,55.38,54.64,53.2,53.66
02_Hanns_Klemm_Str_44_000008_000090,20,tire,random hazards,13.0,51.1,55.97,54.3,55.23
02_Hanns_Klemm_Str_44_000008_000100,20,tire,random hazards,13.0,48.27,52.0,51.26,51.51
02_Hanns_Klemm_Str_44_000008_000110,20,tire,random hazards,14.0,45.28,50.42,49.36,49.83
02_Hanns_Klemm_Str_44_000008_000120,20,tire,random hazards,15.0,40.77,45.17,44.56,44.8
02_Hanns_Klemm_Str_44_000008_000130,20,tire,random hazards,15.0,38.17,38.47,37.81,38.06
02_Hanns_Klemm_Str_44_000008_000140,20,tire,random hazards,17.0,34.28,36.79,36.41,36.52
02_Hanns_Klemm_Str_44_000008_000150,20,tire,random hazards,21.0,30.6,31.27,30.93,31.04
02_Hanns_Klemm_Str_44_000008_000160,20,tire,random hazards,21.0,26.35,28.16,27.9,27.97
02_Hanns_Klemm_Str_44_000008_000170,20,tire,random hazards,26.0,22.88,24.88,24.76,24.79
02_Hanns_Klemm_Str_44_000008_000180,20,tire,random hazards,32.0,19.12,21.35,21.2,21.24
02_Hanns_Klemm_Str_44_000008_000190,20,tire,random hazards,41.0,15.63,17.25,17.09,17.15
02_Hanns_Klemm_Str_44_000008_000200,20,tire,random hazards,54.0,11.87,13.65,13.52,13.56
02_Hanns_Klemm_Str_44_000008_000210,20,tire,random hazards,80.0,8.44,9.79,9.63,9.69
02_Hanns_Klemm_Str_44_000009_000020,02,"crate (black, 2x stacked)",standard objects,20.0,67.22,49.85,47.33,48.35
02_Hanns_Klemm_Str_44_000009_000020,01,crate (black),standard objects,9.0,67.71,49.66,46.83,47.77
02_Hanns_Klemm_Str_44_000009_000030,02,"crate (black, 2x stacked)",standard objects,20.0,64.53,51.33,47.88,49.16
02_Hanns_Klemm_Str_44_000009_000030,01,crate (black),standard objects,10.0,66.25,49.61,46.41,47.54
02_Hanns_Klemm_Str_44_000009_000040,02,"crate (black, 2x stacked)",standard objects,20.0,64.27,49.25,47.18,48.04
02_Hanns_Klemm_Str_44_000009_000040,01,crate (black),standard objects,10.0,65.68,48.82,46.55,47.51
02_Hanns_Klemm_Str_44_000009_000050,02,"crate (black, 2x stacked)",standard objects,20.0,63.23,49.82,46.87,47.47
02_Hanns_Klemm_Str_44_000009_000050,01,crate (black),standard objects,9.0,64.17,48.26,46.27,47.08
02_Hanns_Klemm_Str_44_000009_000060,02,"crate (black, 2x stacked)",standard objects,21.0,63.11,47.71,44.74,45.7
02_Hanns_Klemm_Str_44_000009_000060,01,crate (black),standard objects,10.0,63.45,47.09,44.91,45.76
02_Hanns_Klemm_Str_44_000009_000070,02,"crate (black, 2x stacked)",standard objects,22.0,63.01,50.07,46.74,47.95
02_Hanns_Klemm_Str_44_000009_000070,01,crate (black),standard objects,11.0,61.19,48.76,45.62,46.92
02_Hanns_Klemm_Str_44_000009_000080,02,"crate (black, 2x stacked)",standard objects,23.0,60.87,52.35,48.24,50.37
02_Hanns_Klemm_Str_44_000009_000080,01,crate (black),standard objects,11.0,61.42,50.56,46.64,48.2
02_Hanns_Klemm_Str_44_000009_000090,02,"crate (black, 2x stacked)",standard objects,23.0,58.71,53.01,50.77,51.74
02_Hanns_Klemm_Str_44_000009_000090,01,crate (black),standard objects,11.0,59.33,53.67,50.53,51.82
02_Hanns_Klemm_Str_44_000009_000100,02,"crate (black, 2x stacked)",standard objects,25.0,54.7,57.96,56.11,56.8
02_Hanns_Klemm_Str_44_000009_000100,01,crate (black),standard objects,12.0,55.84,58.67,56.85,57.42
02_Hanns_Klemm_Str_44_000009_000110,02,"crate (black, 2x stacked)",standard objects,26.0,50.97,58.84,57.36,57.74
02_Hanns_Klemm_Str_44_000009_000110,01,crate (black),standard objects,14.0,51.87,56.42,54.93,55.32
02_Hanns_Klemm_Str_44_000009_000120,02,"crate (black, 2x stacked)",standard objects,29.0,48.38,54.05,53.13,53.39
02_Hanns_Klemm_Str_44_000009_000120,01,crate (black),standard objects,14.0,48.42,53.91,52.14,52.92
02_Hanns_Klemm_Str_44_000009_000130,02,"crate (black, 2x stacked)",standard objects,30.0,44.14,51.77,51.08,51.25
02_Hanns_Klemm_Str_44_000009_000130,01,crate (black),standard objects,17.0,45.63,52.32,50.86,51.59
02_Hanns_Klemm_Str_44_000009_000140,02,"crate (black, 2x stacked)",standard objects,33.0,41.65,47.78,47.22,47.41
02_Hanns_Klemm_Str_44_000009_000140,01,crate (black),standard objects,18.0,40.77,47.72,46.85,47.33
02_Hanns_Klemm_Str_44_000009_000150,02,"crate (black, 2x stacked)",standard objects,36.0,37.31,40.09,39.22,39.61
02_Hanns_Klemm_Str_44_000009_000150,01,crate (black),standard objects,19.0,37.96,39.73,38.54,39.2
02_Hanns_Klemm_Str_44_000009_000160,02,"crate (black, 2x stacked)",standard objects,40.0,34.93,38.01,37.68,37.81
02_Hanns_Klemm_Str_44_000009_000160,01,crate (black),standard objects,21.0,34.37,37.75,37.3,37.42
02_Hanns_Klemm_Str_44_000009_000170,02,"crate (black, 2x stacked)",standard objects,48.0,30.75,33.97,33.55,33.69
02_Hanns_Klemm_Str_44_000009_000170,01,crate (black),standard objects,23.0,30.76,33.33,32.74,32.97
02_Hanns_Klemm_Str_44_000009_000180,02,"crate (black, 2x stacked)",standard objects,52.0,26.13,30.68,30.22,30.51
02_Hanns_Klemm_Str_44_000009_000180,01,crate (black),standard objects,27.0,26.49,29.95,29.58,29.71
02_Hanns_Klemm_Str_44_000009_000190,02,"crate (black, 2x stacked)",standard objects,65.0,22.58,26.1,25.89,25.99
02_Hanns_Klemm_Str_44_000009_000190,01,crate (black),standard objects,31.0,22.63,25.82,25.68,25.72
02_Hanns_Klemm_Str_44_000009_000200,02,"crate (black, 2x stacked)",standard objects,78.0,17.93,21.01,20.73,20.81
02_Hanns_Klemm_Str_44_000009_000200,01,crate (black),standard objects,38.0,18.04,21.03,20.86,20.94
02_Hanns_Klemm_Str_44_000009_000210,02,"crate (black, 2x stacked)",standard objects,103.0,13.54,16.21,16.06,16.12
02_Hanns_Klemm_Str_44_000009_000210,01,crate (black),standard objects,52.0,13.69,16.24,16.14,16.19
02_Hanns_Klemm_Str_44_000009_000220,02,"crate (black, 2x stacked)",standard objects,147.0,9.63,11.4,11.24,11.31
02_Hanns_Klemm_Str_44_000009_000220,01,crate (black),standard objects,75.0,9.7,11.48,11.42,11.44
02_Hanns_Klemm_Str_44_000009_000230,02,"crate (black, 2x stacked)",standard objects,227.0,6.35,7.87,7.73,7.82
02_Hanns_Klemm_Str_44_000009_000230,01,crate (black),standard objects,117.0,6.48,7.95,7.83,7.9
02_Hanns_Klemm_Str_44_000010_000020,05,"crate (gray, 2x stacked)",standard objects,10.0,64.79,49.87,46.66,47.47
02_Hanns_Klemm_Str_44_000010_000020,04,crate (gray),standard objects,6.0,67.57,48.12,45.79,46.55
02_Hanns_Klemm_Str_44_000010_000030,05,"crate (gray, 2x stacked)",standard objects,9.0,64.43,49.04,46.78,47.56
02_Hanns_Klemm_Str_44_000010_000030,04,crate (gray),standard objects,6.0,65.18,46.61,44.57,45.24
02_Hanns_Klemm_Str_44_000010_000040,05,"crate (gray, 2x stacked)",standard objects,11.0,62.62,48.54,46.08,47.08
02_Hanns_Klemm_Str_44_000010_000040,04,crate (gray),standard objects,7.0,62.89,47.64,45.58,46.26
02_Hanns_Klemm_Str_44_000010_000050,05,"crate (gray, 2x stacked)",standard objects,11.0,62.04,47.58,44.92,46.0
02_Hanns_Klemm_Str_44_000010_000050,04,crate (gray),standard objects,6.0,62.52,45.31,43.28,43.98
02_Hanns_Klemm_Str_44_000010_000060,05,"crate (gray, 2x stacked)",standard objects,11.0,63.08,49.58,46.39,47.52
02_Hanns_Klemm_Str_44_000010_000060,04,crate (gray),standard objects,6.0,61.76,47.23,44.85,45.62
02_Hanns_Klemm_Str_44_000010_000070,05,"crate (gray, 2x stacked)",standard objects,11.0,60.84,48.58,45.58,46.71
02_Hanns_Klemm_Str_44_000010_000070,04,crate (gray),standard objects,6.0,59.77,46.25,44.08,44.81
02_Hanns_Klemm_Str_44_000010_000080,05,"crate (gray, 2x stacked)",standard objects,12.0,57.48,50.78,48.3,49.37
02_Hanns_Klemm_Str_44_000010_000080,04,crate (gray),standard objects,7.0,60.29,50.17,47.36,48.65
02_Hanns_Klemm_Str_44_000010_000090,05,"crate (gray, 2x stacked)",standard objects,13.0,52.16,57.88,55.59,56.59
02_Hanns_Klemm_Str_44_000010_000090,04,crate (gray),standard objects,7.0,53.68,56.0,53.53,54.73
02_Hanns_Klemm_Str_44_000010_000100,05,"crate (gray, 2x stacked)",standard objects,13.0,49.92,55.67,54.55,55.04
02_Hanns_Klemm_Str_44_000010_000100,04,crate (gray),standard objects,8.0,49.65,53.78,51.55,52.34
02_Hanns_Klemm_Str_44_000010_000110,05,"crate (gray, 2x stacked)",standard objects,16.0,47.6,53.58,51.97,52.61
02_Hanns_Klemm_Str_44_000010_000110,04,crate (gray),standard objects,10.0,46.92,52.57,50.69,51.36
02_Hanns_Klemm_Str_44_000010_000120,05,"crate (gray, 2x stacked)",standard objects,16.0,42.63,50.6,49.54,50.16
02_Hanns_Klemm_Str_44_000010_000120,04,crate (gray),standard objects,11.0,43.28,50.68,49.18,49.67
02_Hanns_Klemm_Str_44_000010_000130,05,"crate (gray, 2x stacked)",standard objects,19.0,39.37,44.1,43.13,43.57
02_Hanns_Klemm_Str_44_000010_000130,04,crate (gray),standard objects,11.0,40.32,44.44,42.96,43.55
02_Hanns_Klemm_Str_44_000010_000140,05,"crate (gray, 2x stacked)",standard objects,19.0,35.62,37.88,37.36,37.52
02_Hanns_Klemm_Str_44_000010_000140,04,crate (gray),standard objects,13.0,36.16,38.25,37.03,37.5
02_Hanns_Klemm_Str_44_000010_000150,05,"crate (gray, 2x stacked)",standard objects,22.0,31.29,34.43,33.78,33.95
02_Hanns_Klemm_Str_44_000010_000150,04,crate (gray),standard objects,14.0,31.73,34.04,33.25,33.61
02_Hanns_Klemm_Str_44_000010_000160,05,"crate (gray, 2x stacked)",standard objects,29.0,27.84,30.48,29.99,30.13
02_Hanns_Klemm_Str_44_000010_000160,04,crate (gray),standard objects,18.0,27.92,29.74,29.11,29.41
02_Hanns_Klemm_Str_44_000010_000170,05,"crate (gray, 2x stacked)",standard objects,30.0,23.53,27.3,26.9,27.02
02_Hanns_Klemm_Str_44_000010_000170,04,crate (gray),standard objects,21.0,24.02,26.94,26.55,26.7
02_Hanns_Klemm_Str_44_000010_000180,05,"crate (gray, 2x stacked)",standard objects,39.0,19.59,22.57,22.46,22.48
02_Hanns_Klemm_Str_44_000010_000180,04,crate (gray),standard objects,24.0,19.84,22.5,22.2,22.3
02_Hanns_Klemm_Str_44_000010_000190,05,"crate (gray, 2x stacked)",standard objects,50.0,15.6,18.05,17.93,17.97
02_Hanns_Klemm_Str_44_000010_000190,04,crate (gray),standard objects,30.0,15.8,17.97,17.86,17.89
02_Hanns_Klemm_Str_44_000010_000200,04,crate (gray),standard objects,43.0,11.64,13.83,13.74,13.77
02_Hanns_Klemm_Str_44_000010_000200,05,"crate (gray, 2x stacked)",standard objects,66.0,11.48,13.84,13.75,13.79
02_Hanns_Klemm_Str_44_000010_000210,05,"crate (gray, 2x stacked)",standard objects,108.0,7.7,9.38,9.26,9.29
02_Hanns_Klemm_Str_44_000010_000210,04,crate (gray),standard objects,73.0,7.86,9.48,9.39,9.43
02_Hanns_Klemm_Str_44_000011_000030,23,dog (black),emotional hazards,17.0,71.94,75.15,74.17,74.81
02_Hanns_Klemm_Str_44_000011_000040,23,dog (black),emotional hazards,16.0,72.47,74.63,74.21,74.57
02_Hanns_Klemm_Str_44_000011_000050,23,dog (black),emotional hazards,14.0,78.99,72.26,70.57,71.63
02_Hanns_Klemm_Str_44_000011_000060,23,dog (black),emotional hazards,14.0,74.86,73.95,71.33,73.04
02_Hanns_Klemm_Str_44_000011_000070,23,dog (black),emotional hazards,17.0,69.84,69.08,65.53,68.1
02_Hanns_Klemm_Str_44_000011_000080,23,dog (black),emotional hazards,16.0,70.68,63.25,60.54,62.15
02_Hanns_Klemm_Str_44_000011_000090,23,dog (black),emotional hazards,18.0,68.32,66.21,62.34,65.12
02_Hanns_Klemm_Str_44_000011_000100,23,dog (black),emotional hazards,20.0,70.29,61.35,57.95,60.06
02_Hanns_Klemm_Str_44_000011_000110,23,dog (black),emotional hazards,19.0,61.72,59.33,56.84,58.23
02_Hanns_Klemm_Str_44_000011_000120,23,dog (black),emotional hazards,21.0,54.66,58.47,55.04,57.78
02_Hanns_Klemm_Str_44_000011_000130,23,dog (black),emotional hazards,23.0,48.8,54.35,50.95,53.66
02_Hanns_Klemm_Str_44_000011_000140,23,dog (black),emotional hazards,24.0,45.2,51.67,46.16,50.32
02_Hanns_Klemm_Str_44_000011_000150,23,dog (black),emotional hazards,26.0,40.74,49.07,45.96,48.08
02_Hanns_Klemm_Str_44_000011_000160,23,dog (black),emotional hazards,29.0,36.3,45.25,42.93,44.03
02_Hanns_Klemm_Str_44_000011_000170,23,dog (black),emotional hazards,31.0,32.42,42.32,41.91,42.1
02_Hanns_Klemm_Str_44_000011_000180,23,dog (black),emotional hazards,36.0,28.69,41.69,40.76,41.28
02_Hanns_Klemm_Str_44_000011_000190,23,dog (black),emotional hazards,42.0,25.13,37.58,35.5,37.05
02_Hanns_Klemm_Str_44_000011_000200,23,dog (black),emotional hazards,46.0,21.3,34.8,30.69,33.84
02_Hanns_Klemm_Str_44_000011_000210,23,dog (black),emotional hazards,57.0,18.03,27.04,24.77,26.29
02_Hanns_Klemm_Str_44_000011_000220,23,dog (black),emotional hazards,71.0,14.78,24.19,22.22,23.45
02_Hanns_Klemm_Str_44_000011_000230,23,dog (black),emotional hazards,90.0,11.62,16.11,15.64,15.94
02_Hanns_Klemm_Str_44_000011_000240,23,dog (black),emotional hazards,118.0,8.99,12.1,11.86,11.95
02_Hanns_Klemm_Str_44_000012_000020,24,dog (white),emotional hazards,7.0,72.59,72.16,68.42,70.09
02_Hanns_Klemm_Str_44_000012_000030,24,dog (white),emotional hazards,6.0,72.63,75.32,69.46,71.75
02_Hanns_Klemm_Str_44_000012_000040,24,dog (white),emotional hazards,7.0,73.0,70.44,65.96,67.69
02_Hanns_Klemm_Str_44_000012_000050,24,dog (white),emotional hazards,7.0,67.6,70.86,66.27,68.16
02_Hanns_Klemm_Str_44_000012_000060,24,dog (white),emotional hazards,7.0,67.71,69.15,63.85,65.53
02_Hanns_Klemm_Str_44_000012_000070,24,dog (white),emotional hazards,7.0,63.2,64.77,61.25,62.7
02_Hanns_Klemm_Str_44_000012_000080,24,dog (white),emotional hazards,7.0,61.16,63.38,58.26,60.07
02_Hanns_Klemm_Str_44_000012_000090,24,dog (white),emotional hazards,8.0,59.36,65.99,57.66,60.72
02_Hanns_Klemm_Str_44_000012_000100,24,dog (white),emotional hazards,9.0,56.87,55.84,51.12,52.94
02_Hanns_Klemm_Str_44_000012_000110,24,dog (white),emotional hazards,8.0,51.39,53.1,48.07,50.77
02_Hanns_Klemm_Str_44_000012_000120,24,dog (white),emotional hazards,10.0,47.72,53.49,47.24,49.69
02_Hanns_Klemm_Str_44_000012_000130,24,dog (white),emotional hazards,10.0,42.51,53.09,41.76,46.45
02_Hanns_Klemm_Str_44_000012_000140,24,dog (white),emotional hazards,12.0,40.54,49.49,37.25,40.52
02_Hanns_Klemm_Str_44_000012_000150,24,dog (white),emotional hazards,14.0,35.33,45.56,32.37,41.9
02_Hanns_Klemm_Str_44_000012_000160,24,dog (white),emotional hazards,18.0,30.94,39.79,28.8,36.65
02_Hanns_Klemm_Str_44_000012_000170,24,dog (white),emotional hazards,23.0,26.63,34.48,28.67,32.26
02_Hanns_Klemm_Str_44_000012_000180,24,dog (white),emotional hazards,31.0,22.21,25.62,23.58,24.32
02_Hanns_Klemm_Str_44_000012_000190,24,dog (white),emotional hazards,47.0,17.9,20.19,19.38,19.78
02_Hanns_Klemm_Str_44_000012_000200,24,dog (white),emotional hazards,59.0,13.31,14.91,14.61,14.66
02_Hanns_Klemm_Str_44_000013_000020,26,bobby car (gray),emotional hazards,13.0,67.11,81.49,74.17,77.18
02_Hanns_Klemm_Str_44_000013_000030,26,bobby car (gray),emotional hazards,13.0,66.59,78.06,70.87,74.3
02_Hanns_Klemm_Str_44_000013_000040,26,bobby car (gray),emotional hazards,13.0,64.62,80.12,73.43,76.01
02_Hanns_Klemm_Str_44_000013_000050,26,bobby car (gray),emotional hazards,15.0,62.94,80.76,73.19,76.65
02_Hanns_Klemm_Str_44_000013_000060,26,bobby car (gray),emotional hazards,15.0,62.56,71.62,65.9,68.07
02_Hanns_Klemm_Str_44_000013_000070,26,bobby car (gray),emotional hazards,15.0,63.54,69.71,64.88,67.35
02_Hanns_Klemm_Str_44_000013_000080,26,bobby car (gray),emotional hazards,15.0,60.93,63.51,58.87,61.23
02_Hanns_Klemm_Str_44_000013_000090,26,bobby car (gray),emotional hazards,16.0,59.69,64.88,60.11,61.94
02_Hanns_Klemm_Str_44_000013_000100,26,bobby car (gray),emotional hazards,17.0,54.49,66.79,60.61,64.4
02_Hanns_Klemm_Str_44_000013_000110,26,bobby car (gray),emotional hazards,16.0,51.04,60.44,56.69,58.55
02_Hanns_Klemm_Str_44_000013_000120,26,bobby car (gray),emotional hazards,18.0,48.53,56.06,51.08,54.31
02_Hanns_Klemm_Str_44_000013_000130,26,bobby car (gray),emotional hazards,19.0,44.62,53.85,50.34,52.13
02_Hanns_Klemm_Str_44_000013_000140,26,bobby car (gray),emotional hazards,21.0,41.95,55.53,50.8,54.24
02_Hanns_Klemm_Str_44_000013_000150,26,bobby car (gray),emotional hazards,24.0,37.61,48.81,45.38,46.99
02_Hanns_Klemm_Str_44_000013_000160,26,bobby car (gray),emotional hazards,27.0,34.79,43.0,39.79,41.05
02_Hanns_Klemm_Str_44_000013_000170,26,bobby car (gray),emotional hazards,30.0,30.93,40.17,37.18,38.32
02_Hanns_Klemm_Str_44_000013_000180,26,bobby car (gray),emotional hazards,33.0,26.95,35.88,33.44,34.83
02_Hanns_Klemm_Str_44_000013_000190,26,bobby car (gray),emotional hazards,40.0,22.91,29.11,27.87,28.32
02_Hanns_Klemm_Str_44_000013_000200,26,bobby car (gray),emotional hazards,50.0,19.21,24.91,24.26,24.46
02_Hanns_Klemm_Str_44_000013_000210,26,bobby car (gray),emotional hazards,61.0,15.55,21.18,20.89,21.01
02_Hanns_Klemm_Str_44_000013_000220,26,bobby car (gray),emotional hazards,81.0,12.05,15.97,15.71,15.79
02_Hanns_Klemm_Str_44_000013_000230,26,bobby car (gray),emotional hazards,112.0,8.87,11.12,10.9,10.98
02_Hanns_Klemm_Str_44_000014_000020,27,bobby car (red),emotional hazards,6.0,73.67,76.59,72.82,75.1
02_Hanns_Klemm_Str_44_000014_000030,27,bobby car (red),emotional hazards,7.0,76.51,75.91,70.71,73.61
02_Hanns_Klemm_Str_44_000014_000040,27,bobby car (red),emotional hazards,11.0,74.91,76.28,73.15,74.86
02_Hanns_Klemm_Str_44_000014_000050,27,bobby car (red),emotional hazards,11.0,74.74,75.58,71.45,72.82
02_Hanns_Klemm_Str_44_000014_000060,27,bobby car (red),emotional hazards,11.0,71.38,71.5,67.29,69.57
02_Hanns_Klemm_Str_44_000014_000070,27,bobby car (red),emotional hazards,13.0,70.14,66.67,63.09,64.25
02_Hanns_Klemm_Str_44_000014_000080,27,bobby car (red),emotional hazards,12.0,69.54,64.17,60.56,61.69
02_Hanns_Klemm_Str_44_000014_000090,27,bobby car (red),emotional hazards,12.0,61.87,61.04,57.18,58.74
02_Hanns_Klemm_Str_44_000014_000100,27,bobby car (red),emotional hazards,14.0,59.28,56.83,52.97,54.81
02_Hanns_Klemm_Str_44_000014_000110,27,bobby car (red),emotional hazards,15.0,53.59,51.61,48.41,49.63
02_Hanns_Klemm_Str_44_000014_000120,27,bobby car (red),emotional hazards,16.0,48.95,48.67,45.18,46.87
02_Hanns_Klemm_Str_44_000014_000130,27,bobby car (red),emotional hazards,18.0,45.05,47.3,43.53,44.62
02_Hanns_Klemm_Str_44_000014_000140,27,bobby car (red),emotional hazards,18.0,41.17,47.41,40.31,42.78
02_Hanns_Klemm_Str_44_000014_000150,27,bobby car (red),emotional hazards,21.0,36.79,43.45,35.44,38.7
02_Hanns_Klemm_Str_44_000014_000160,27,bobby car (red),emotional hazards,25.0,33.43,36.83,34.66,35.69
02_Hanns_Klemm_Str_44_000014_000170,27,bobby car (red),emotional hazards,30.0,29.11,37.69,35.86,36.6
02_Hanns_Klemm_Str_44_000014_000180,27,bobby car (red),emotional hazards,36.0,25.13,28.5,27.19,27.94
02_Hanns_Klemm_Str_44_000014_000190,27,bobby car (red),emotional hazards,44.0,21.31,23.14,22.66,22.88
02_Hanns_Klemm_Str_44_000014_000200,27,bobby car (red),emotional hazards,56.0,17.55,20.25,19.79,19.97
02_Hanns_Klemm_Str_44_000014_000210,27,bobby car (red),emotional hazards,72.0,13.71,16.45,16.28,16.34
02_Hanns_Klemm_Str_44_000014_000220,27,bobby car (red),emotional hazards,94.0,10.26,11.67,11.56,11.59
02_Hanns_Klemm_Str_44_000015_000050,27,bobby car (red),emotional hazards,4.0,52.97,39.31,38.82,39.15
02_Hanns_Klemm_Str_44_000015_000060,27,bobby car (red),emotional hazards,8.0,50.0,39.81,37.84,38.98
02_Hanns_Klemm_Str_44_000015_000070,27,bobby car (red),emotional hazards,8.0,48.93,37.91,35.88,36.3
02_Hanns_Klemm_Str_44_000015_000080,27,bobby car (red),emotional hazards,9.0,47.09,35.89,35.12,35.5
02_Hanns_Klemm_Str_44_000015_000090,27,bobby car (red),emotional hazards,10.0,43.52,35.27,34.23,34.59
02_Hanns_Klemm_Str_44_000015_000100,27,bobby car (red),emotional hazards,10.0,41.04,32.63,31.92,32.24
02_Hanns_Klemm_Str_44_000015_000110,27,bobby car (red),emotional hazards,10.0,42.39,31.19,30.43,30.76
02_Hanns_Klemm_Str_44_000015_000120,27,bobby car (red),emotional hazards,11.0,38.64,30.68,29.83,30.17
02_Hanns_Klemm_Str_44_000015_000130,27,bobby car (red),emotional hazards,16.0,37.08,28.47,27.39,27.75
02_Hanns_Klemm_Str_44_000015_000140,27,bobby car (red),emotional hazards,26.0,32.17,24.26,23.67,23.91
02_Hanns_Klemm_Str_44_000015_000150,27,bobby car (red),emotional hazards,35.0,28.26,24.53,23.74,24.19
02_Hanns_Klemm_Str_44_000015_000160,27,bobby car (red),emotional hazards,39.0,24.97,24.43,23.66,23.99
02_Hanns_Klemm_Str_44_000015_000170,27,bobby car (red),emotional hazards,47.0,21.07,23.25,22.97,23.07
02_Hanns_Klemm_Str_44_000015_000180,27,bobby car (red),emotional hazards,56.0,17.83,17.13,17.03,17.05
02_Hanns_Klemm_Str_44_000015_000190,27,bobby car (red),emotional hazards,67.0,14.14,13.49,13.42,13.44
02_Hanns_Klemm_Str_44_000015_000200,27,bobby car (red),emotional hazards,93.0,10.82,11.62,11.51,11.53
02_Hanns_Klemm_Str_44_000015_000210,27,bobby car (red),emotional hazards,128.0,7.71,8.57,8.48,8.5
02_Hanns_Klemm_Str_44_000016_000020,26,bobby car (gray),emotional hazards,10.0,45.07,36.34,35.5,35.86
02_Hanns_Klemm_Str_44_000016_000030,26,bobby car (gray),emotional hazards,8.0,46.33,37.8,36.85,37.25
02_Hanns_Klemm_Str_44_000016_000040,26,bobby car (gray),emotional hazards,10.0,45.02,36.33,35.43,35.58
02_Hanns_Klemm_Str_44_000016_000050,26,bobby car (gray),emotional hazards,10.0,44.45,34.97,34.32,34.36
02_Hanns_Klemm_Str_44_000016_000060,26,bobby car (gray),emotional hazards,11.0,44.07,34.24,33.18,33.52
02_Hanns_Klemm_Str_44_000016_000070,26,bobby car (gray),emotional hazards,12.0,40.12,32.42,31.49,31.8
02_Hanns_Klemm_Str_44_000016_000080,26,bobby car (gray),emotional hazards,12.0,38.32,31.34,30.63,30.91
02_Hanns_Klemm_Str_44_000016_000090,26,bobby car (gray),emotional hazards,13.0,35.41,30.4,29.65,29.97
02_Hanns_Klemm_Str_44_000016_000100,26,bobby car (gray),emotional hazards,15.0,32.71,29.1,27.85,28.29
02_Hanns_Klemm_Str_44_000016_000110,26,bobby car (gray),emotional hazards,23.0,29.67,24.75,23.64,24.0
02_Hanns_Klemm_Str_44_000016_000120,26,bobby car (gray),emotional hazards,37.0,25.79,22.12,21.37,21.73
02_Hanns_Klemm_Str_44_000016_000130,26,bobby car (gray),emotional hazards,43.0,22.69,21.46,20.99,21.18
02_Hanns_Klemm_Str_44_000016_000140,26,bobby car (gray),emotional hazards,55.0,19.06,20.49,20.21,20.36
02_Hanns_Klemm_Str_44_000016_000150,26,bobby car (gray),emotional hazards,64.0,15.65,16.15,16.02,16.07
02_Hanns_Klemm_Str_44_000016_000160,26,bobby car (gray),emotional hazards,81.0,12.22,11.72,11.58,11.63
02_Hanns_Klemm_Str_44_000016_000170,26,bobby car (gray),emotional hazards,105.0,9.07,9.86,9.76,9.79
02_Hanns_Klemm_Str_44_000016_000180,26,bobby car (gray),emotional hazards,156.0,6.4,7.13,7.04,7.07
02_Hanns_Klemm_Str_44_000017_000020,23,dog (black),emotional hazards,10.0,51.52,38.07,36.57,37.18
02_Hanns_Klemm_Str_44_000017_000030,23,dog (black),emotional hazards,11.0,49.57,35.95,34.75,35.22
02_Hanns_Klemm_Str_44_000017_000040,23,dog (black),emotional hazards,11.0,50.29,35.08,33.88,34.44
02_Hanns_Klemm_Str_44_000017_000050,23,dog (black),emotional hazards,13.0,48.93,35.87,34.49,34.91
02_Hanns_Klemm_Str_44_000017_000060,23,dog (black),emotional hazards,14.0,47.21,33.79,32.54,33.1
02_Hanns_Klemm_Str_44_000017_000070,23,dog (black),emotional hazards,14.0,43.71,31.71,30.7,31.06
02_Hanns_Klemm_Str_44_000017_000080,23,dog (black),emotional hazards,15.0,42.53,30.88,29.57,30.13
02_Hanns_Klemm_Str_44_000017_000090,23,dog (black),emotional hazards,19.0,37.58,28.97,28.0,28.53
02_Hanns_Klemm_Str_44_000017_000100,23,dog (black),emotional hazards,28.0,34.64,26.89,25.64,26.53
02_Hanns_Klemm_Str_44_000017_000110,23,dog (black),emotional hazards,34.0,30.94,25.47,24.51,25.28
02_Hanns_Klemm_Str_44_000017_000120,23,dog (black),emotional hazards,39.0,26.67,26.66,25.39,26.31
02_Hanns_Klemm_Str_44_000017_000130,23,dog (black),emotional hazards,45.0,22.98,24.83,24.43,24.61
02_Hanns_Klemm_Str_44_000017_000140,23,dog (black),emotional hazards,55.0,19.01,19.27,19.08,19.13
02_Hanns_Klemm_Str_44_000017_000150,23,dog (black),emotional hazards,69.0,15.04,15.49,15.34,15.4
02_Hanns_Klemm_Str_44_000017_000160,23,dog (black),emotional hazards,92.0,11.45,12.25,12.07,12.13
02_Hanns_Klemm_Str_44_000017_000170,23,dog (black),emotional hazards,132.0,7.92,8.75,8.61,8.65
02_Hanns_Klemm_Str_44_000018_000080,24,dog (white),emotional hazards,9.0,27.52,34.28,32.79,33.43
02_Hanns_Klemm_Str_44_000018_000090,24,dog (white),emotional hazards,8.0,46.0,32.46,31.43,31.79
02_Hanns_Klemm_Str_44_000018_000100,24,dog (white),emotional hazards,12.0,43.89,30.09,29.12,29.45
02_Hanns_Klemm_Str_44_000018_000110,24,dog (white),emotional hazards,11.0,42.68,28.35,27.31,27.69
02_Hanns_Klemm_Str_44_000018_000120,24,dog (white),emotional hazards,18.0,37.79,26.93,25.56,26.08
02_Hanns_Klemm_Str_44_000018_000130,24,dog (white),emotional hazards,23.0,35.56,26.35,25.35,25.86
02_Hanns_Klemm_Str_44_000018_000140,24,dog (white),emotional hazards,25.0,31.41,26.65,25.02,25.72
02_Hanns_Klemm_Str_44_000018_000150,24,dog (white),emotional hazards,30.0,27.73,27.04,26.06,26.59
02_Hanns_Klemm_Str_44_000018_000160,24,dog (white),emotional hazards,33.0,24.1,25.44,24.84,25.12
02_Hanns_Klemm_Str_44_000018_000170,24,dog (white),emotional hazards,38.0,20.61,20.15,19.94,20.04
02_Hanns_Klemm_Str_44_000018_000180,24,dog (white),emotional hazards,44.0,16.97,16.32,16.16,16.23
02_Hanns_Klemm_Str_44_000018_000190,24,dog (white),emotional hazards,58.0,13.84,14.54,14.35,14.42
02_Hanns_Klemm_Str_44_000018_000200,24,dog (white),emotional hazards,75.0,10.4,11.15,11.02,11.06
02_Hanns_Klemm_Str_44_000018_000210,24,dog (white),emotional hazards,112.0,6.94,7.92,7.73,7.85
04_Maurener_Weg_8_000000_000020,06,"crate (gray, upright)",standard objects,20.0,71.58,59.49,57.33,58.31
04_Maurener_Weg_8_000000_000020,04,crate (gray),standard objects,8.0,63.54,56.39,54.31,54.97
04_Maurener_Weg_8_000000_000020,05,"crate (gray, 2x stacked)",standard objects,11.0,75.83,63.19,60.32,61.28
04_Maurener_Weg_8_000000_000030,04,crate (gray),standard objects,9.0,62.86,57.84,55.63,56.4
04_Maurener_Weg_8_000000_000030,05,"crate (gray, 2x stacked)",standard objects,12.0,72.3,63.7,60.81,61.71
04_Maurener_Weg_8_000000_000030,06,"crate (gray, upright)",standard objects,21.0,71.32,58.69,57.24,57.99
04_Maurener_Weg_8_000000_000040,04,crate (gray),standard objects,9.0,60.13,55.78,53.21,54.0
04_Maurener_Weg_8_000000_000040,05,"crate (gray, 2x stacked)",standard objects,12.0,67.36,61.06,58.92,59.54
04_Maurener_Weg_8_000000_000040,06,"crate (gray, upright)",standard objects,23.0,68.5,57.56,55.49,56.35
04_Maurener_Weg_8_000000_000050,04,crate (gray),standard objects,9.0,58.18,51.47,49.2,50.11
04_Maurener_Weg_8_000000_000050,05,"crate (gray, 2x stacked)",standard objects,13.0,66.22,56.54,55.44,55.71
04_Maurener_Weg_8_000000_000050,06,"crate (gray, upright)",standard objects,22.0,65.81,56.37,53.53,54.92
04_Maurener_Weg_8_000000_000060,04,crate (gray),standard objects,11.0,54.43,51.48,48.95,49.89
04_Maurener_Weg_8_000000_000060,05,"crate (gray, 2x stacked)",standard objects,14.0,64.3,56.31,54.97,55.41
04_Maurener_Weg_8_000000_000060,06,"crate (gray, upright)",standard objects,24.0,63.29,53.21,51.38,51.98
04_Maurener_Weg_8_000000_000070,04,crate (gray),standard objects,11.0,51.21,48.88,46.62,47.51
04_Maurener_Weg_8_000000_000070,05,"crate (gray, 2x stacked)",standard objects,14.0,60.84,54.13,53.09,53.24
04_Maurener_Weg_8_000000_000070,06,"crate (gray, upright)",standard objects,25.0,59.39,52.56,50.38,51.2
04_Maurener_Weg_8_000000_000080,04,crate (gray),standard objects,11.0,47.49,42.43,41.33,41.87
04_Maurener_Weg_8_000000_000080,05,"crate (gray, 2x stacked)",standard objects,15.0,55.74,47.65,46.99,47.28
04_Maurener_Weg_8_000000_000080,06,"crate (gray, upright)",standard objects,28.0,54.06,46.35,44.95,45.4
04_Maurener_Weg_8_000000_000090,04,crate (gray),standard objects,13.0,42.58,38.85,37.58,38.1
04_Maurener_Weg_8_000000_000090,05,"crate (gray, 2x stacked)",standard objects,18.0,51.78,45.09,43.77,44.44
04_Maurener_Weg_8_000000_000090,06,"crate (gray, upright)",standard objects,28.0,51.57,42.84,41.9,42.14
04_Maurener_Weg_8_000000_000100,04,crate (gray),standard objects,14.0,36.89,34.92,33.69,34.14
04_Maurener_Weg_8_000000_000100,05,"crate (gray, 2x stacked)",standard objects,19.0,48.86,41.05,40.52,40.68
04_Maurener_Weg_8_000000_000100,06,"crate (gray, upright)",standard objects,31.0,47.28,39.74,38.85,39.11
04_Maurener_Weg_8_000000_000110,04,crate (gray),standard objects,18.0,32.78,32.05,31.54,31.68
04_Maurener_Weg_8_000000_000110,05,"crate (gray, 2x stacked)",standard objects,20.0,42.43,38.66,38.08,38.21
04_Maurener_Weg_8_000000_000110,06,"crate (gray, upright)",standard objects,34.0,42.64,37.67,37.32,37.42
04_Maurener_Weg_8_000000_000120,04,crate (gray),standard objects,20.0,28.44,29.06,28.85,28.9
04_Maurener_Weg_8_000000_000120,05,"crate (gray, 2x stacked)",standard objects,25.0,37.88,35.86,35.37,35.51
04_Maurener_Weg_8_000000_000120,06,"crate (gray, upright)",standard objects,37.0,36.65,34.67,34.03,34.24
04_Maurener_Weg_8_000000_000130,04,crate (gray),standard objects,24.0,24.69,25.68,25.42,25.47
04_Maurener_Weg_8_000000_000130,05,"crate (gray, 2x stacked)",standard objects,26.0,34.75,32.22,31.8,32.0
04_Maurener_Weg_8_000000_000130,06,"crate (gray, upright)",standard objects,44.0,32.38,31.89,31.39,31.49
04_Maurener_Weg_8_000000_000140,04,crate (gray),standard objects,28.0,20.67,20.64,20.43,20.48
04_Maurener_Weg_8_000000_000140,05,"crate (gray, 2x stacked)",standard objects,29.0,30.43,26.74,26.45,26.58
04_Maurener_Weg_8_000000_000140,06,"crate (gray, upright)",standard objects,51.0,28.35,26.91,26.45,26.71
04_Maurener_Weg_8_000000_000150,04,crate (gray),standard objects,35.0,16.61,17.99,17.86,17.9
04_Maurener_Weg_8_000000_000150,05,"crate (gray, 2x stacked)",standard objects,34.0,25.85,24.99,24.61,24.71
04_Maurener_Weg_8_000000_000150,06,"crate (gray, upright)",standard objects,60.0,24.26,25.11,24.77,24.91
04_Maurener_Weg_8_000000_000160,04,crate (gray),standard objects,41.0,12.79,14.72,14.6,14.64
04_Maurener_Weg_8_000000_000160,05,"crate (gray, 2x stacked)",standard objects,40.0,22.6,22.5,22.23,22.32
04_Maurener_Weg_8_000000_000160,06,"crate (gray, upright)",standard objects,71.0,19.69,21.77,21.49,21.7
04_Maurener_Weg_8_000000_000170,04,crate (gray),standard objects,65.0,9.15,11.01,10.85,10.9
04_Maurener_Weg_8_000000_000170,05,"crate (gray, 2x stacked)",standard objects,45.0,18.5,20.03,19.7,19.85
04_Maurener_Weg_8_000000_000170,06,"crate (gray, upright)",standard objects,90.0,15.98,18.05,17.93,17.99
04_Maurener_Weg_8_000000_000180,05,"crate (gray, 2x stacked)",standard objects,56.0,15.01,16.41,16.13,16.25
04_Maurener_Weg_8_000000_000180,06,"crate (gray, upright)",standard objects,110.0,12.63,14.29,14.22,14.26
04_Maurener_Weg_8_000000_000190,05,"crate (gray, 2x stacked)",standard objects,70.0,12.06,13.55,13.32,13.41
04_Maurener_Weg_8_000000_000190,06,"crate (gray, upright)",standard objects,150.0,9.65,10.84,10.74,10.77
04_Maurener_Weg_8_000000_000200,05,"crate (gray, 2x stacked)",standard objects,92.0,9.71,11.15,10.95,11.03
04_Maurener_Weg_8_000000_000200,06,"crate (gray, upright)",standard objects,201.0,7.22,8.3,8.17,8.2
04_Maurener_Weg_8_000001_000030,03,"crate (black, upright)",standard objects,12.0,71.48,55.66,52.45,53.61
04_Maurener_Weg_8_000001_000030,03,"crate (black, upright)",standard objects,9.0,81.02,61.34,59.13,59.76
04_Maurener_Weg_8_000001_000030,02,"crate (black, 2x stacked)",standard objects,15.0,74.35,52.76,52.03,52.22
04_Maurener_Weg_8_000001_000040,03,"crate (black, upright)",standard objects,11.0,66.52,52.93,49.89,51.03
04_Maurener_Weg_8_000001_000040,03,"crate (black, upright)",standard objects,9.0,79.72,58.55,56.29,57.14
04_Maurener_Weg_8_000001_000040,02,"crate (black, 2x stacked)",standard objects,15.0,73.41,53.63,52.22,52.79
04_Maurener_Weg_8_000001_000050,03,"crate (black, upright)",standard objects,11.0,66.25,51.13,48.47,49.57
04_Maurener_Weg_8_000001_000050,03,"crate (black, upright)",standard objects,9.0,77.84,56.82,55.02,55.58
04_Maurener_Weg_8_000001_000050,02,"crate (black, 2x stacked)",standard objects,16.0,71.11,52.46,50.99,51.59
04_Maurener_Weg_8_000001_000060,03,"crate (black, upright)",standard objects,13.0,65.15,50.55,47.66,48.74
04_Maurener_Weg_8_000001_000060,03,"crate (black, upright)",standard objects,10.0,74.69,54.96,53.88,54.28
04_Maurener_Weg_8_000001_000060,02,"crate (black, 2x stacked)",standard objects,17.0,68.76,50.26,49.29,49.68
04_Maurener_Weg_8_000001_000070,03,"crate (black, upright)",standard objects,13.0,59.25,47.68,44.85,45.88
04_Maurener_Weg_8_000001_000070,03,"crate (black, upright)",standard objects,11.0,69.89,52.59,50.87,51.39
04_Maurener_Weg_8_000001_000070,02,"crate (black, 2x stacked)",standard objects,18.0,64.49,47.62,47.01,47.23
04_Maurener_Weg_8_000001_000080,03,"crate (black, upright)",standard objects,13.0,54.8,46.18,43.45,44.28
04_Maurener_Weg_8_000001_000080,03,"crate (black, upright)",standard objects,12.0,64.92,51.57,50.1,50.66
04_Maurener_Weg_8_000001_000080,02,"crate (black, 2x stacked)",standard objects,19.0,62.16,48.92,47.77,48.26
04_Maurener_Weg_8_000001_000090,03,"crate (black, upright)",standard objects,17.0,52.86,46.56,43.38,44.62
04_Maurener_Weg_8_000001_000090,03,"crate (black, upright)",standard objects,12.0,62.43,52.45,50.56,50.99
04_Maurener_Weg_8_000001_000090,02,"crate (black, 2x stacked)",standard objects,19.0,58.16,46.28,45.32,45.61
04_Maurener_Weg_8_000001_000100,03,"crate (black, upright)",standard objects,16.0,49.74,41.57,39.58,40.44
04_Maurener_Weg_8_000001_000100,03,"crate (black, upright)",standard objects,14.0,60.56,49.41,47.39,48.09
04_Maurener_Weg_8_000001_000100,02,"crate (black, 2x stacked)",standard objects,20.0,54.31,44.78,43.62,44.1
04_Maurener_Weg_8_000001_000110,03,"crate (black, upright)",standard objects,19.0,43.87,40.47,38.84,39.52
04_Maurener_Weg_8_000001_000110,03,"crate (black, upright)",standard objects,13.0,57.2,48.13,46.59,47.11
04_Maurener_Weg_8_000001_000110,02,"crate (black, 2x stacked)",standard objects,20.0,49.52,43.66,42.89,43.18
04_Maurener_Weg_8_000001_000120,03,"crate (black, upright)",standard objects,22.0,40.13,35.57,33.48,34.22
04_Maurener_Weg_8_000001_000120,03,"crate (black, upright)",standard objects,13.0,51.33,42.69,41.36,41.77
04_Maurener_Weg_8_000001_000120,02,"crate (black, 2x stacked)",standard objects,23.0,46.84,39.51,38.15,38.65
04_Maurener_Weg_8_000001_000130,03,"crate (black, upright)",standard objects,23.0,36.42,33.08,31.58,32.01
04_Maurener_Weg_8_000001_000130,03,"crate (black, upright)",standard objects,15.0,48.13,40.13,39.33,39.63
04_Maurener_Weg_8_000001_000130,02,"crate (black, 2x stacked)",standard objects,26.0,42.43,37.61,36.95,37.09
04_Maurener_Weg_8_000001_000140,03,"crate (black, upright)",standard objects,30.0,32.02,31.4,30.29,30.53
04_Maurener_Weg_8_000001_000140,03,"crate (black, upright)",standard objects,16.0,43.28,39.32,38.56,38.84
04_Maurener_Weg_8_000001_000140,02,"crate (black, 2x stacked)",standard objects,29.0,37.24,35.88,35.43,35.58
04_Maurener_Weg_8_000001_000150,03,"crate (black, upright)",standard objects,26.0,27.6,27.18,26.57,26.72
04_Maurener_Weg_8_000001_000150,03,"crate (black, upright)",standard objects,17.0,39.84,35.93,35.25,35.44
04_Maurener_Weg_8_000001_000150,02,"crate (black, 2x stacked)",standard objects,32.0,34.11,31.98,31.51,31.65
04_Maurener_Weg_8_000001_000160,03,"crate (black, upright)",standard objects,31.0,22.9,25.22,24.65,24.82
04_Maurener_Weg_8_000001_000160,03,"crate (black, upright)",standard objects,21.0,35.07,35.11,34.52,34.72
04_Maurener_Weg_8_000001_000160,02,"crate (black, 2x stacked)",standard objects,39.0,28.58,29.47,29.09,29.19
04_Maurener_Weg_8_000001_000170,03,"crate (black, upright)",standard objects,37.0,18.45,20.86,20.41,20.58
04_Maurener_Weg_8_000001_000170,03,"crate (black, upright)",standard objects,25.0,30.81,30.18,29.59,29.83
04_Maurener_Weg_8_000001_000170,02,"crate (black, 2x stacked)",standard objects,43.0,24.93,25.87,25.61,25.69
04_Maurener_Weg_8_000001_000180,03,"crate (black, upright)",standard objects,50.0,14.46,17.02,16.86,16.92
04_Maurener_Weg_8_000001_000180,03,"crate (black, upright)",standard objects,27.0,25.69,28.18,27.69,27.86
04_Maurener_Weg_8_000001_000180,02,"crate (black, 2x stacked)",standard objects,53.0,20.41,22.46,22.33,22.36
04_Maurener_Weg_8_000001_000190,03,"crate (black, upright)",standard objects,67.0,10.43,12.31,12.2,12.24
04_Maurener_Weg_8_000001_000190,03,"crate (black, upright)",standard objects,32.0,21.87,23.69,22.98,23.11
04_Maurener_Weg_8_000001_000190,02,"crate (black, 2x stacked)",standard objects,71.0,16.08,17.79,17.61,17.68
04_Maurener_Weg_8_000001_000200,03,"crate (black, upright)",standard objects,110.0,6.65,8.33,8.2,8.24
04_Maurener_Weg_8_000001_000200,03,"crate (black, upright)",standard objects,38.0,18.1,20.82,20.4,20.48
04_Maurener_Weg_8_000001_000200,02,"crate (black, 2x stacked)",standard objects,91.0,12.47,14.52,14.33,14.4
04_Maurener_Weg_8_000001_000210,03,"crate (black, upright)",standard objects,48.0,14.97,17.29,16.98,17.07
04_Maurener_Weg_8_000001_000210,02,"crate (black, 2x stacked)",standard objects,122.0,9.33,11.2,11.13,11.15
04_Maurener_Weg_8_000002_000010,04,crate (gray),standard objects,10.0,39.04,41.16,38.93,39.93
04_Maurener_Weg_8_000002_000010,05,"crate (gray, 2x stacked)",standard objects,20.0,42.06,42.09,38.99,40.23
04_Maurener_Weg_8_000002_000010,06,"crate (gray, upright)",standard objects,29.0,53.97,50.42,46.22,47.55
04_Maurener_Weg_8_000002_000020,04,crate (gray),standard objects,11.0,38.2,39.23,37.12,37.93
04_Maurener_Weg_8_000002_000020,05,"crate (gray, 2x stacked)",standard objects,18.0,41.68,40.77,37.86,38.9
04_Maurener_Weg_8_000002_000020,06,"crate (gray, upright)",standard objects,31.0,52.37,52.32,45.0,47.28
04_Maurener_Weg_8_000002_000030,04,crate (gray),standard objects,11.0,37.19,39.61,37.39,38.2
04_Maurener_Weg_8_000002_000030,05,"crate (gray, 2x stacked)",standard objects,21.0,40.92,41.87,38.14,39.37
04_Maurener_Weg_8_000002_000030,06,"crate (gray, upright)",standard objects,30.0,52.76,49.55,44.78,46.27
04_Maurener_Weg_8_000002_000040,04,crate (gray),standard objects,10.0,36.57,38.36,36.89,37.42
04_Maurener_Weg_8_000002_000040,05,"crate (gray, 2x stacked)",standard objects,19.0,39.21,38.91,37.14,37.82
04_Maurener_Weg_8_000002_000040,06,"crate (gray, upright)",standard objects,33.0,51.7,48.85,43.71,45.44
04_Maurener_Weg_8_000002_000050,04,crate (gray),standard objects,12.0,34.24,35.27,33.72,34.32
04_Maurener_Weg_8_000002_000050,05,"crate (gray, 2x stacked)",standard objects,21.0,36.61,35.81,34.58,35.08
04_Maurener_Weg_8_000002_000050,06,"crate (gray, upright)",standard objects,34.0,45.4,43.89,40.21,41.21
04_Maurener_Weg_8_000002_000060,04,crate (gray),standard objects,12.0,31.64,33.66,32.07,32.67
04_Maurener_Weg_8_000002_000060,05,"crate (gray, 2x stacked)",standard objects,21.0,34.46,34.83,32.86,33.55
04_Maurener_Weg_8_000002_000060,06,"crate (gray, upright)",standard objects,36.0,44.07,43.13,38.51,39.57
04_Maurener_Weg_8_000002_000070,04,crate (gray),standard objects,15.0,28.81,30.16,29.01,29.5
04_Maurener_Weg_8_000002_000070,05,"crate (gray, 2x stacked)",standard objects,21.0,31.45,31.91,30.09,30.75
04_Maurener_Weg_8_000002_000070,06,"crate (gray, upright)",standard objects,37.0,40.05,39.79,36.0,37.14
04_Maurener_Weg_8_000002_000080,04,crate (gray),standard objects,15.0,25.97,27.51,26.61,27.03
04_Maurener_Weg_8_000002_000080,05,"crate (gray, 2x stacked)",standard objects,26.0,28.26,28.64,27.43,27.86
04_Maurener_Weg_8_000002_000080,06,"crate (gray, upright)",standard objects,43.0,36.7,35.65,33.75,34.41
04_Maurener_Weg_8_000002_000090,04,crate (gray),standard objects,17.0,22.75,23.93,23.6,23.75
04_Maurener_Weg_8_000002_000090,05,"crate (gray, 2x stacked)",standard objects,32.0,25.02,26.15,24.79,25.39
04_Maurener_Weg_8_000002_000090,06,"crate (gray, upright)",standard objects,43.0,32.06,34.44,31.32,32.16
04_Maurener_Weg_8_000002_000100,04,crate (gray),standard objects,24.0,19.19,20.58,20.29,20.41
04_Maurener_Weg_8_000002_000100,05,"crate (gray, 2x stacked)",standard objects,34.0,21.35,22.8,22.29,22.43
04_Maurener_Weg_8_000002_000100,06,"crate (gray, upright)",standard objects,55.0,28.37,30.27,27.72,28.28
04_Maurener_Weg_8_000002_000110,04,crate (gray),standard objects,32.0,15.37,17.09,16.88,16.97
04_Maurener_Weg_8_000002_000110,05,"crate (gray, 2x stacked)",standard objects,43.0,18.0,19.43,19.12,19.24
04_Maurener_Weg_8_000002_000110,06,"crate (gray, upright)",standard objects,57.0,24.03,26.19,25.42,25.66
04_Maurener_Weg_8_000002_000120,04,crate (gray),standard objects,39.0,11.76,13.5,13.36,13.42
04_Maurener_Weg_8_000002_000120,05,"crate (gray, 2x stacked)",standard objects,58.0,14.18,15.62,15.51,15.56
04_Maurener_Weg_8_000002_000120,06,"crate (gray, upright)",standard objects,70.0,19.9,22.08,21.83,22.01
04_Maurener_Weg_8_000002_000130,04,crate (gray),standard objects,64.0,8.39,10.38,10.27,10.32
04_Maurener_Weg_8_000002_000130,05,"crate (gray, 2x stacked)",standard objects,74.0,10.93,12.7,12.63,12.66
04_Maurener_Weg_8_000002_000130,06,"crate (gray, upright)",standard objects,85.0,16.67,19.37,19.26,19.3
04_Maurener_Weg_8_000002_000140,05,"crate (gray, 2x stacked)",standard objects,102.0,8.19,9.74,9.68,9.71
04_Maurener_Weg_8_000002_000140,06,"crate (gray, upright)",standard objects,96.0,13.97,15.92,15.7,15.79
04_Maurener_Weg_8_000002_000150,05,"crate (gray, 2x stacked)",standard objects,130.0,6.5,7.77,7.64,7.69
04_Maurener_Weg_8_000002_000150,06,"crate (gray, upright)",standard objects,112.0,12.11,14.37,14.19,14.28
04_Maurener_Weg_8_000003_000010,03,"crate (black, upright)",standard objects,20.0,32.8,34.28,33.68,33.85
04_Maurener_Weg_8_000003_000010,02,"crate (black, 2x stacked)",standard objects,30.0,38.22,36.79,36.29,36.42
04_Maurener_Weg_8_000003_000010,01,crate (black),standard objects,16.0,46.87,45.02,43.66,44.23
04_Maurener_Weg_8_000003_000020,03,"crate (black, upright)",standard objects,22.0,32.32,33.2,32.89,33.01
04_Maurener_Weg_8_000003_000020,02,"crate (black, 2x stacked)",standard objects,29.0,37.88,36.13,35.64,35.78
04_Maurener_Weg_8_000003_000020,01,crate (black),standard objects,17.0,45.43,43.17,42.11,42.56
04_Maurener_Weg_8_000003_000030,03,"crate (black, upright)",standard objects,22.0,31.8,33.23,32.64,32.81
04_Maurener_Weg_8_000003_000030,02,"crate (black, 2x stacked)",standard objects,30.0,36.65,35.26,34.82,34.99
04_Maurener_Weg_8_000003_000030,01,crate (black),standard objects,16.0,44.8,41.74,41.05,41.36
04_Maurener_Weg_8_000003_000040,03,"crate (black, upright)",standard objects,23.0,30.95,30.84,30.5,30.61
04_Maurener_Weg_8_000003_000040,02,"crate (black, 2x stacked)",standard objects,31.0,36.01,33.92,33.48,33.59
04_Maurener_Weg_8_000003_000040,01,crate (black),standard objects,17.0,43.07,40.79,40.06,40.32
04_Maurener_Weg_8_000003_000050,03,"crate (black, upright)",standard objects,24.0,28.21,30.21,29.81,29.9
04_Maurener_Weg_8_000003_000050,02,"crate (black, 2x stacked)",standard objects,32.0,33.86,33.24,32.77,32.91
04_Maurener_Weg_8_000003_000050,01,crate (black),standard objects,18.0,41.91,40.09,39.33,39.57
04_Maurener_Weg_8_000003_000060,03,"crate (black, upright)",standard objects,26.0,26.12,27.38,26.94,27.07
04_Maurener_Weg_8_000003_000060,02,"crate (black, 2x stacked)",standard objects,35.0,31.34,30.45,29.92,30.06
04_Maurener_Weg_8_000003_000060,01,crate (black),standard objects,20.0,39.46,36.02,35.33,35.57
04_Maurener_Weg_8_000003_000070,02,"crate (black, 2x stacked)",standard objects,37.0,28.18,27.47,27.14,27.27
04_Maurener_Weg_8_000003_000070,03,"crate (black, upright)",standard objects,31.0,23.02,24.54,24.27,24.36
04_Maurener_Weg_8_000003_000070,01,crate (black),standard objects,22.0,36.02,35.12,34.44,34.76
04_Maurener_Weg_8_000003_000080,03,"crate (black, upright)",standard objects,36.0,19.89,21.67,21.39,21.48
04_Maurener_Weg_8_000003_000080,02,"crate (black, 2x stacked)",standard objects,43.0,25.15,25.4,25.12,25.21
04_Maurener_Weg_8_000003_000080,01,crate (black),standard objects,25.0,32.47,31.58,31.14,31.22
04_Maurener_Weg_8_000003_000090,03,"crate (black, upright)",standard objects,42.0,16.64,18.5,18.3,18.35
04_Maurener_Weg_8_000003_000090,02,"crate (black, 2x stacked)",standard objects,49.0,21.29,22.58,22.3,22.39
04_Maurener_Weg_8_000003_000090,01,crate (black),standard objects,27.0,29.14,29.69,29.32,29.43
04_Maurener_Weg_8_000003_000100,03,"crate (black, upright)",standard objects,55.0,12.72,14.44,14.33,14.36
04_Maurener_Weg_8_000003_000100,02,"crate (black, 2x stacked)",standard objects,59.0,17.92,18.99,18.92,18.95
04_Maurener_Weg_8_000003_000100,01,crate (black),standard objects,30.0,25.44,26.42,26.18,26.27
04_Maurener_Weg_8_000003_000110,03,"crate (black, upright)",standard objects,76.0,9.28,11.07,10.88,10.95
04_Maurener_Weg_8_000003_000110,02,"crate (black, 2x stacked)",standard objects,75.0,14.19,15.83,15.75,15.78
04_Maurener_Weg_8_000003_000110,01,crate (black),standard objects,36.0,22.09,23.53,23.36,23.44
04_Maurener_Weg_8_000003_000120,02,"crate (black, 2x stacked)",standard objects,93.0,11.11,12.67,12.58,12.61
04_Maurener_Weg_8_000003_000120,01,crate (black),standard objects,40.0,18.92,20.36,20.27,20.32
04_Maurener_Weg_8_000003_000130,02,"crate (black, 2x stacked)",standard objects,122.0,8.62,10.26,10.16,10.21
04_Maurener_Weg_8_000003_000130,01,crate (black),standard objects,50.0,16.18,18.67,18.53,18.6
04_Maurener_Weg_8_000003_000140,02,"crate (black, 2x stacked)",standard objects,153.0,6.94,8.17,8.08,8.13
04_Maurener_Weg_8_000003_000140,01,crate (black),standard objects,58.0,14.57,16.24,16.13,16.15
04_Maurener_Weg_8_000004_000020,15,euro pallet,random hazards,11.0,53.26,50.91,47.49,48.71
04_Maurener_Weg_8_000004_000030,15,euro pallet,random hazards,11.0,53.17,50.98,47.84,49.17
04_Maurener_Weg_8_000004_000040,15,euro pallet,random hazards,12.0,53.19,47.94,44.84,46.02
04_Maurener_Weg_8_000004_000050,15,euro pallet,random hazards,12.0,52.84,46.56,44.1,45.11
04_Maurener_Weg_8_000004_000060,15,euro pallet,random hazards,12.0,51.55,46.17,43.52,44.48
04_Maurener_Weg_8_000004_000070,15,euro pallet,random hazards,12.0,51.57,44.6,41.92,42.9
04_Maurener_Weg_8_000004_000080,15,euro pallet,random hazards,13.0,50.15,44.65,42.03,43.06
04_Maurener_Weg_8_000004_000090,15,euro pallet,random hazards,12.0,48.42,41.97,39.99,40.82
04_Maurener_Weg_8_000004_000100,15,euro pallet,random hazards,15.0,44.79,42.18,39.72,40.63
04_Maurener_Weg_8_000004_000110,15,euro pallet,random hazards,13.0,42.32,37.94,36.19,36.7
04_Maurener_Weg_8_000004_000120,15,euro pallet,random hazards,12.0,39.86,35.86,34.33,34.87
04_Maurener_Weg_8_000004_000130,15,euro pallet,random hazards,14.0,36.33,33.38,31.91,32.38
04_Maurener_Weg_8_000004_000140,15,euro pallet,random hazards,17.0,32.34,32.28,30.46,31.11
04_Maurener_Weg_8_000004_000150,15,euro pallet,random hazards,20.0,28.47,28.71,27.16,27.78
04_Maurener_Weg_8_000004_000160,15,euro pallet,random hazards,23.0,25.4,25.5,24.76,25.0
04_Maurener_Weg_8_000004_000160,21,ball,emotional hazards,40.0,14.07,17.07,16.83,16.89
04_Maurener_Weg_8_000004_000170,15,euro pallet,random hazards,27.0,21.72,23.09,22.16,22.53
04_Maurener_Weg_8_000004_000170,21,ball,emotional hazards,45.0,10.92,12.41,12.29,12.33
04_Maurener_Weg_8_000004_000180,15,euro pallet,random hazards,34.0,18.38,20.08,19.41,19.66
04_Maurener_Weg_8_000004_000190,15,euro pallet,random hazards,46.0,14.7,16.6,15.95,16.2
04_Maurener_Weg_8_000004_000200,15,euro pallet,random hazards,60.0,11.23,13.11,12.69,12.82
04_Maurener_Weg_8_000004_000210,15,euro pallet,random hazards,93.0,8.47,10.35,9.88,10.05
04_Maurener_Weg_8_000005_000010,16,pylon,random hazards,16.0,49.86,46.61,43.88,44.82
04_Maurener_Weg_8_000005_000010,18,pylon (white),random hazards,18.0,48.18,46.52,42.88,44.08
04_Maurener_Weg_8_000005_000020,16,pylon,random hazards,15.0,49.36,47.21,44.48,45.3
04_Maurener_Weg_8_000005_000020,18,pylon (white),random hazards,19.0,47.7,48.75,44.12,45.43
04_Maurener_Weg_8_000005_000030,16,pylon,random hazards,16.0,48.24,45.55,42.9,43.7
04_Maurener_Weg_8_000005_000030,18,pylon (white),random hazards,19.0,47.6,45.42,41.27,42.92
04_Maurener_Weg_8_000005_000040,16,pylon,random hazards,16.0,47.9,45.15,42.72,43.47
04_Maurener_Weg_8_000005_000040,18,pylon (white),random hazards,17.0,46.25,43.99,41.45,42.36
04_Maurener_Weg_8_000005_000050,16,pylon,random hazards,16.0,47.6,43.38,41.66,42.18
04_Maurener_Weg_8_000005_000050,18,pylon (white),random hazards,17.0,46.05,43.18,40.5,41.4
04_Maurener_Weg_8_000005_000060,16,pylon,random hazards,15.0,46.52,43.24,41.25,41.97
04_Maurener_Weg_8_000005_000060,18,pylon (white),random hazards,18.0,44.52,43.1,39.91,40.96
04_Maurener_Weg_8_000005_000070,16,pylon,random hazards,15.0,44.71,40.97,39.62,40.05
04_Maurener_Weg_8_000005_000070,18,pylon (white),random hazards,20.0,42.29,40.83,38.25,39.08
04_Maurener_Weg_8_000005_000080,16,pylon,random hazards,17.0,43.74,39.42,38.04,38.55
04_Maurener_Weg_8_000005_000080,18,pylon (white),random hazards,19.0,41.69,40.1,37.33,38.23
04_Maurener_Weg_8_000005_000090,16,pylon,random hazards,19.0,41.92,38.57,37.82,38.1
04_Maurener_Weg_8_000005_000090,18,pylon (white),random hazards,22.0,39.46,38.59,37.02,37.61
04_Maurener_Weg_8_000005_000100,18,pylon (white),random hazards,22.0,36.82,38.76,35.97,36.88
04_Maurener_Weg_8_000005_000100,16,pylon,random hazards,19.0,40.77,37.5,36.54,36.83
04_Maurener_Weg_8_000005_000110,18,pylon (white),random hazards,24.0,34.89,34.58,32.59,33.17
04_Maurener_Weg_8_000005_000110,16,pylon,random hazards,20.0,37.73,33.9,32.89,33.21
04_Maurener_Weg_8_000005_000120,18,pylon (white),random hazards,25.0,31.58,33.03,30.61,31.49
04_Maurener_Weg_8_000005_000120,16,pylon,random hazards,20.0,34.7,32.5,31.94,32.1
04_Maurener_Weg_8_000005_000130,18,pylon (white),random hazards,28.0,28.31,28.9,27.85,28.18
04_Maurener_Weg_8_000005_000130,16,pylon,random hazards,20.0,31.33,30.19,29.47,29.74
04_Maurener_Weg_8_000005_000140,18,pylon (white),random hazards,32.0,25.37,27.62,25.62,26.23
04_Maurener_Weg_8_000005_000140,16,pylon,random hazards,25.0,27.77,27.87,26.83,27.11
04_Maurener_Weg_8_000005_000150,18,pylon (white),random hazards,38.0,21.77,22.93,22.46,22.71
04_Maurener_Weg_8_000005_000150,16,pylon,random hazards,30.0,24.51,24.42,23.84,24.01
04_Maurener_Weg_8_000005_000160,18,pylon (white),random hazards,43.0,18.04,20.0,19.13,19.41
04_Maurener_Weg_8_000005_000160,16,pylon,random hazards,35.0,20.54,21.25,20.95,21.0
04_Maurener_Weg_8_000005_000170,18,pylon (white),random hazards,57.0,14.29,17.02,16.2,16.55
04_Maurener_Weg_8_000005_000170,16,pylon,random hazards,44.0,16.79,18.39,18.13,18.22
04_Maurener_Weg_8_000005_000180,16,pylon,random hazards,52.0,13.88,15.6,15.37,15.44
04_Maurener_Weg_8_000005_000180,18,pylon (white),random hazards,70.0,11.34,13.96,13.37,13.64
04_Maurener_Weg_8_000005_000190,18,pylon (white),random hazards,87.0,9.25,11.49,11.01,11.26
04_Maurener_Weg_8_000005_000190,16,pylon,random hazards,61.0,11.81,13.45,13.27,13.34
04_Maurener_Weg_8_000005_000200,18,pylon (white),random hazards,96.0,8.06,10.0,9.72,9.85
04_Maurener_Weg_8_000005_000200,16,pylon,random hazards,72.0,10.58,12.23,12.03,12.13
04_Maurener_Weg_8_000006_000020,18,pylon (white),random hazards,12.0,45.87,46.36,44.05,44.62
04_Maurener_Weg_8_000006_000030,18,pylon (white),random hazards,13.0,45.42,44.55,42.53,43.35
04_Maurener_Weg_8_000006_000040,18,pylon (white),random hazards,12.0,44.14,44.84,42.72,43.64
04_Maurener_Weg_8_000006_000050,18,pylon (white),random hazards,13.0,42.39,41.26,39.52,40.12
04_Maurener_Weg_8_000006_000060,18,pylon (white),random hazards,14.0,40.02,38.71,36.81,37.61
04_Maurener_Weg_8_000006_000070,18,pylon (white),random hazards,14.0,37.06,35.92,34.83,35.24
04_Maurener_Weg_8_000006_000080,18,pylon (white),random hazards,18.0,34.22,32.18,31.34,31.63
04_Maurener_Weg_8_000006_000090,18,pylon (white),random hazards,20.0,30.45,29.3,28.46,28.86
04_Maurener_Weg_8_000006_000100,18,pylon (white),random hazards,24.0,26.46,27.12,26.43,26.73
04_Maurener_Weg_8_000006_000110,18,pylon (white),random hazards,29.0,22.5,23.1,22.64,22.8
04_Maurener_Weg_8_000006_000120,18,pylon (white),random hazards,30.0,18.18,19.92,19.48,19.65
04_Maurener_Weg_8_000006_000130,18,pylon (white),random hazards,38.0,14.28,16.54,16.27,16.36
04_Maurener_Weg_8_000006_000150,18,pylon (white),random hazards,63.0,8.48,10.29,10.1,10.16
04_Maurener_Weg_8_000007_000020,25,kid dummy,emotional hazards,10.0,61.81,52.87,51.33,51.83
04_Maurener_Weg_8_000007_000020,21,ball,emotional hazards,10.0,65.08,54.95,52.67,53.6
04_Maurener_Weg_8_000007_000030,25,kid dummy,emotional hazards,9.0,59.63,49.5,48.19,48.66
04_Maurener_Weg_8_000007_000030,21,ball,emotional hazards,10.0,60.81,51.66,49.17,50.14
04_Maurener_Weg_8_000007_000040,25,kid dummy,emotional hazards,10.0,57.53,50.19,48.68,49.31
04_Maurener_Weg_8_000007_000040,21,ball,emotional hazards,8.0,58.21,52.84,50.83,51.52
04_Maurener_Weg_8_000007_000050,25,kid dummy,emotional hazards,10.0,55.05,47.99,46.9,47.31
04_Maurener_Weg_8_000007_000050,21,ball,emotional hazards,11.0,55.1,49.99,47.75,48.43
04_Maurener_Weg_8_000007_000060,25,kid dummy,emotional hazards,8.0,51.23,43.45,42.35,42.81
04_Maurener_Weg_8_000007_000060,21,ball,emotional hazards,10.0,51.04,45.17,43.38,44.1
04_Maurener_Weg_8_000007_000070,25,kid dummy,emotional hazards,8.0,47.56,43.41,42.44,42.8
04_Maurener_Weg_8_000007_000070,21,ball,emotional hazards,11.0,47.79,44.49,42.84,43.4
04_Maurener_Weg_8_000007_000080,25,kid dummy,emotional hazards,9.0,42.68,37.67,37.08,37.33
04_Maurener_Weg_8_000007_000080,21,ball,emotional hazards,13.0,42.98,38.47,37.54,37.82
04_Maurener_Weg_8_000007_000090,25,kid dummy,emotional hazards,10.0,37.52,36.03,35.25,35.57
04_Maurener_Weg_8_000007_000090,21,ball,emotional hazards,15.0,37.04,36.95,35.76,36.18
04_Maurener_Weg_8_000007_000100,25,kid dummy,emotional hazards,11.0,32.66,33.08,32.31,32.59
04_Maurener_Weg_8_000007_000100,21,ball,emotional hazards,15.0,32.42,34.01,33.01,33.38
04_Maurener_Weg_8_000007_000110,25,kid dummy,emotional hazards,12.0,27.93,29.11,28.6,28.79
04_Maurener_Weg_8_000007_000110,21,ball,emotional hazards,19.0,27.65,29.67,28.9,29.06
04_Maurener_Weg_8_000007_000120,25,kid dummy,emotional hazards,15.0,22.79,23.68,23.44,23.51
04_Maurener_Weg_8_000007_000120,21,ball,emotional hazards,22.0,22.85,23.94,23.45,23.56
04_Maurener_Weg_8_000007_000130,25,kid dummy,emotional hazards,19.0,18.15,19.96,19.73,19.81
04_Maurener_Weg_8_000007_000130,21,ball,emotional hazards,27.0,18.02,20.1,19.9,19.93
04_Maurener_Weg_8_000007_000140,25,kid dummy,emotional hazards,24.0,13.94,15.96,15.8,15.88
04_Maurener_Weg_8_000007_000140,21,ball,emotional hazards,36.0,13.87,15.82,15.71,15.74
04_Maurener_Weg_8_000007_000150,25,kid dummy,emotional hazards,35.0,10.28,11.26,11.1,11.19
04_Maurener_Weg_8_000007_000150,21,ball,emotional hazards,51.0,10.09,11.13,11.03,11.07
04_Maurener_Weg_8_000007_000160,25,kid dummy,emotional hazards,48.0,7.37,9.32,9.06,9.22
04_Maurener_Weg_8_000007_000160,21,ball,emotional hazards,68.0,7.21,9.07,9.01,9.02
04_Maurener_Weg_8_000007_000170,25,kid dummy,emotional hazards,66.0,5.56,7.77,7.44,7.61
04_Maurener_Weg_8_000007_000170,21,ball,emotional hazards,94.0,5.37,7.47,7.39,7.41
04_Maurener_Weg_8_000008_000020,31,plastic bag (bloated),random hazards,8.0,59.36,48.2,47.16,47.51
04_Maurener_Weg_8_000008_000020,11,crate (green),random hazards,12.0,66.7,56.59,55.1,55.78
04_Maurener_Weg_8_000008_000020,31,plastic bag (bloated),random hazards,8.0,56.65,43.65,42.28,42.93
04_Maurener_Weg_8_000008_000030,11,crate (green),random hazards,11.0,67.71,58.06,55.9,56.81
04_Maurener_Weg_8_000008_000030,31,plastic bag (bloated),random hazards,9.0,58.74,48.22,46.93,47.47
04_Maurener_Weg_8_000008_000030,31,plastic bag (bloated),random hazards,7.0,55.96,42.44,41.25,41.69
04_Maurener_Weg_8_000008_000040,11,crate (green),random hazards,13.0,64.85,55.3,54.03,54.56
04_Maurener_Weg_8_000008_000040,31,plastic bag (bloated),random hazards,9.0,54.96,47.69,46.21,46.74
04_Maurener_Weg_8_000008_000040,31,plastic bag (bloated),random hazards,9.0,52.89,41.06,39.6,40.37
04_Maurener_Weg_8_000008_000050,11,crate (green),random hazards,14.0,62.1,49.94,49.22,49.52
04_Maurener_Weg_8_000008_000050,31,plastic bag (bloated),random hazards,12.0,48.93,39.28,37.84,38.5
04_Maurener_Weg_8_000008_000050,31,plastic bag (bloated),random hazards,10.0,53.88,43.14,42.16,42.57
04_Maurener_Weg_8_000008_000060,11,crate (green),random hazards,15.0,60.19,49.82,48.93,49.39
04_Maurener_Weg_8_000008_000060,31,plastic bag (bloated),random hazards,11.0,49.08,42.32,41.13,41.53
04_Maurener_Weg_8_000008_000060,31,plastic bag (bloated),random hazards,13.0,45.4,35.85,34.91,35.25
04_Maurener_Weg_8_000008_000070,31,plastic bag (bloated),random hazards,15.0,42.02,33.85,32.86,33.33
04_Maurener_Weg_8_000008_000070,11,crate (green),random hazards,13.0,55.95,46.19,45.88,46.05
04_Maurener_Weg_8_000008_000070,31,plastic bag (bloated),random hazards,11.0,47.06,40.47,39.19,39.65
04_Maurener_Weg_8_000008_000080,11,crate (green),random hazards,16.0,51.21,40.71,39.94,40.4
04_Maurener_Weg_8_000008_000080,31,plastic bag (bloated),random hazards,11.0,41.85,35.28,34.02,34.65
04_Maurener_Weg_8_000008_000080,31,plastic bag (bloated),random hazards,16.0,37.39,29.13,28.47,28.74
04_Maurener_Weg_8_000008_000090,11,crate (green),random hazards,18.0,47.86,39.71,39.33,39.45
04_Maurener_Weg_8_000008_000090,31,plastic bag (bloated),random hazards,13.0,38.46,33.2,32.35,32.77
04_Maurener_Weg_8_000008_000090,31,plastic bag (bloated),random hazards,21.0,33.01,27.95,27.07,27.46
04_Maurener_Weg_8_000008_000100,31,plastic bag (bloated),random hazards,22.0,28.1,24.94,24.26,24.48
04_Maurener_Weg_8_000008_000100,11,crate (green),random hazards,19.0,42.25,35.55,35.14,35.25
04_Maurener_Weg_8_000008_000100,31,plastic bag (bloated),random hazards,14.0,33.31,29.54,28.93,29.22
04_Maurener_Weg_8_000008_000110,11,crate (green),random hazards,20.0,37.02,32.96,32.56,32.68
04_Maurener_Weg_8_000008_000110,31,plastic bag (bloated),random hazards,27.0,23.37,21.84,21.45,21.6
04_Maurener_Weg_8_000008_000110,31,plastic bag (bloated),random hazards,18.0,29.01,26.82,26.35,26.5
04_Maurener_Weg_8_000008_000120,11,crate (green),random hazards,23.0,31.76,29.71,29.31,29.47
04_Maurener_Weg_8_000008_000120,31,plastic bag (bloated),random hazards,31.0,18.89,18.11,17.89,17.97
04_Maurener_Weg_8_000008_000120,31,plastic bag (bloated),random hazards,20.0,24.48,23.43,23.26,23.33
04_Maurener_Weg_8_000008_000130,11,crate (green),random hazards,28.0,26.86,25.97,25.72,25.8
04_Maurener_Weg_8_000008_000130,31,plastic bag (bloated),random hazards,23.0,19.57,19.86,19.67,19.71
04_Maurener_Weg_8_000008_000130,31,plastic bag (bloated),random hazards,43.0,13.94,14.02,13.86,13.92
04_Maurener_Weg_8_000008_000140,11,crate (green),random hazards,34.0,21.55,22.01,21.76,21.85
04_Maurener_Weg_8_000008_000140,31,plastic bag (bloated),random hazards,32.0,15.03,15.75,15.57,15.63
04_Maurener_Weg_8_000008_000140,31,plastic bag (bloated),random hazards,68.0,8.82,9.48,9.33,9.37
04_Maurener_Weg_8_000008_000150,11,crate (green),random hazards,42.0,16.99,18.52,18.24,18.35
04_Maurener_Weg_8_000008_000150,31,plastic bag (bloated),random hazards,47.0,10.38,12.07,11.92,11.96
04_Maurener_Weg_8_000008_000160,11,crate (green),random hazards,55.0,13.03,14.73,14.48,14.57
04_Maurener_Weg_8_000008_000160,31,plastic bag (bloated),random hazards,75.0,6.6,8.06,7.98,8.0
04_Maurener_Weg_8_000008_000170,11,crate (green),random hazards,74.0,9.99,11.19,10.97,11.06
04_Maurener_Weg_8_000008_000180,11,crate (green),random hazards,98.0,7.8,9.29,9.09,9.17
04_Maurener_Weg_8_000008_000190,11,crate (green),random hazards,120.0,6.42,8.27,8.03,8.13
04_Maurener_Weg_8_000008_000200,11,crate (green),random hazards,140.0,5.55,7.44,7.19,7.3
04_Maurener_Weg_8_000009_000040,24,dog (white),emotional hazards,11.0,70.33,62.87,60.11,61.15
04_Maurener_Weg_8_000009_000050,24,dog (white),emotional hazards,11.0,68.25,63.15,60.03,61.83
04_Maurener_Weg_8_000009_000060,24,dog (white),emotional hazards,12.0,65.88,63.16,59.56,61.23
04_Maurener_Weg_8_000009_000070,24,dog (white),emotional hazards,12.0,65.74,59.42,55.81,57.5
04_Maurener_Weg_8_000009_000080,24,dog (white),emotional hazards,13.0,62.46,57.29,54.65,55.69
04_Maurener_Weg_8_000009_000090,24,dog (white),emotional hazards,14.0,58.85,55.41,52.07,53.57
04_Maurener_Weg_8_000009_000100,24,dog (white),emotional hazards,14.0,53.77,53.5,50.19,51.68
04_Maurener_Weg_8_000009_000110,24,dog (white),emotional hazards,17.0,50.62,49.72,46.87,48.03
04_Maurener_Weg_8_000009_000120,24,dog (white),emotional hazards,17.0,45.42,42.73,41.43,41.99
04_Maurener_Weg_8_000009_000130,24,dog (white),emotional hazards,20.0,41.29,39.75,37.53,38.41
04_Maurener_Weg_8_000009_000140,24,dog (white),emotional hazards,20.0,36.21,36.07,34.55,35.16
04_Maurener_Weg_8_000009_000150,24,dog (white),emotional hazards,23.0,31.85,33.52,32.64,32.92
04_Maurener_Weg_8_000009_000160,24,dog (white),emotional hazards,26.0,27.68,29.49,28.61,28.91
04_Maurener_Weg_8_000009_000170,24,dog (white),emotional hazards,31.0,23.04,25.42,24.9,25.12
04_Maurener_Weg_8_000009_000180,24,dog (white),emotional hazards,36.0,19.27,21.35,20.9,21.04
04_Maurener_Weg_8_000009_000190,24,dog (white),emotional hazards,44.0,15.35,18.15,17.92,17.99
04_Maurener_Weg_8_000009_000200,24,dog (white),emotional hazards,59.0,11.9,14.21,14.05,14.1
04_Maurener_Weg_8_000009_000210,24,dog (white),emotional hazards,81.0,8.72,10.82,10.65,10.74
04_Maurener_Weg_8_000010_000010,23,dog (black),emotional hazards,23.0,51.57,53.2,49.33,51.45
04_Maurener_Weg_8_000010_000020,23,dog (black),emotional hazards,22.0,51.66,51.04,48.52,49.77
04_Maurener_Weg_8_000010_000030,23,dog (black),emotional hazards,23.0,51.43,50.84,47.83,49.73
04_Maurener_Weg_8_000010_000040,23,dog (black),emotional hazards,22.0,50.66,50.3,47.33,49.34
04_Maurener_Weg_8_000010_000050,23,dog (black),emotional hazards,25.0,48.84,50.24,45.41,48.66
04_Maurener_Weg_8_000010_000060,23,dog (black),emotional hazards,25.0,45.21,45.57,42.77,44.59
04_Maurener_Weg_8_000010_000070,23,dog (black),emotional hazards,28.0,42.22,44.22,39.67,41.6
04_Maurener_Weg_8_000010_000080,23,dog (black),emotional hazards,29.0,38.05,40.63,37.77,39.7
04_Maurener_Weg_8_000010_000090,23,dog (black),emotional hazards,33.0,34.69,36.79,35.08,36.28
04_Maurener_Weg_8_000010_000100,23,dog (black),emotional hazards,39.0,29.46,33.43,30.77,31.45
04_Maurener_Weg_8_000010_000110,23,dog (black),emotional hazards,43.0,25.23,26.46,25.39,25.87
04_Maurener_Weg_8_000010_000120,23,dog (black),emotional hazards,52.0,20.63,22.51,21.91,22.16
04_Maurener_Weg_8_000010_000130,23,dog (black),emotional hazards,67.0,15.92,18.1,17.7,17.88
04_Maurener_Weg_8_000010_000140,23,dog (black),emotional hazards,91.0,11.86,13.35,13.16,13.25
04_Maurener_Weg_8_000010_000150,23,dog (black),emotional hazards,131.0,8.22,9.51,9.4,9.44
04_Maurener_Weg_8_000011_000020,26,bobby car (gray),emotional hazards,18.0,62.34,53.5,52.08,52.58
04_Maurener_Weg_8_000011_000030,26,bobby car (gray),emotional hazards,17.0,62.04,55.09,54.0,54.33
04_Maurener_Weg_8_000011_000040,26,bobby car (gray),emotional hazards,18.0,61.66,54.87,53.44,54.04
04_Maurener_Weg_8_000011_000050,26,bobby car (gray),emotional hazards,17.0,61.39,53.18,51.65,52.29
04_Maurener_Weg_8_000011_000060,26,bobby car (gray),emotional hazards,18.0,60.67,52.34,51.26,51.61
04_Maurener_Weg_8_000011_000070,26,bobby car (gray),emotional hazards,20.0,55.62,52.43,51.15,51.41
04_Maurener_Weg_8_000011_000080,26,bobby car (gray),emotional hazards,19.0,52.84,50.71,49.62,49.88
04_Maurener_Weg_8_000011_000090,26,bobby car (gray),emotional hazards,21.0,50.11,48.14,47.39,47.7
04_Maurener_Weg_8_000011_000100,26,bobby car (gray),emotional hazards,23.0,47.01,45.16,44.44,44.75
04_Maurener_Weg_8_000011_000110,26,bobby car (gray),emotional hazards,24.0,42.13,42.14,41.7,41.84
04_Maurener_Weg_8_000011_000120,26,bobby car (gray),emotional hazards,28.0,37.84,37.73,37.28,37.46
04_Maurener_Weg_8_000011_000130,26,bobby car (gray),emotional hazards,30.0,34.69,34.12,33.76,33.88
04_Maurener_Weg_8_000011_000140,26,bobby car (gray),emotional hazards,33.0,30.78,32.22,31.93,32.0
04_Maurener_Weg_8_000011_000150,26,bobby car (gray),emotional hazards,38.0,26.29,28.13,27.8,27.94
04_Maurener_Weg_8_000011_000160,26,bobby car (gray),emotional hazards,46.0,22.81,24.02,23.73,23.84
04_Maurener_Weg_8_000011_000170,26,bobby car (gray),emotional hazards,55.0,18.99,20.85,20.55,20.69
04_Maurener_Weg_8_000011_000180,26,bobby car (gray),emotional hazards,64.0,15.12,17.67,17.37,17.47
04_Maurener_Weg_8_000011_000190,26,bobby car (gray),emotional hazards,84.0,11.58,13.49,13.22,13.32
04_Maurener_Weg_8_000012_000020,27,bobby car (red),emotional hazards,20.0,65.44,54.74,52.47,53.24
04_Maurener_Weg_8_000012_000030,27,bobby car (red),emotional hazards,19.0,65.71,53.33,50.78,51.82
04_Maurener_Weg_8_000012_000040,27,bobby car (red),emotional hazards,19.0,64.05,52.27,49.99,50.91
04_Maurener_Weg_8_000012_000050,27,bobby car (red),emotional hazards,19.0,64.53,50.52,48.95,49.49
04_Maurener_Weg_8_000012_000060,27,bobby car (red),emotional hazards,20.0,61.6,50.14,48.63,49.09
04_Maurener_Weg_8_000012_000070,27,bobby car (red),emotional hazards,21.0,58.18,48.83,46.86,47.54
04_Maurener_Weg_8_000012_000080,27,bobby car (red),emotional hazards,22.0,54.27,48.1,46.68,47.14
04_Maurener_Weg_8_000012_000090,27,bobby car (red),emotional hazards,23.0,51.66,44.36,43.1,43.46
04_Maurener_Weg_8_000012_000100,27,bobby car (red),emotional hazards,25.0,47.28,43.89,42.43,42.81
04_Maurener_Weg_8_000012_000110,27,bobby car (red),emotional hazards,25.0,43.34,40.94,40.03,40.38
04_Maurener_Weg_8_000012_000120,27,bobby car (red),emotional hazards,28.0,38.29,36.91,36.24,36.44
04_Maurener_Weg_8_000012_000130,27,bobby car (red),emotional hazards,31.0,33.86,32.53,32.07,32.27
04_Maurener_Weg_8_000012_000140,27,bobby car (red),emotional hazards,35.0,28.59,28.39,28.08,28.21
04_Maurener_Weg_8_000012_000150,27,bobby car (red),emotional hazards,43.0,24.58,25.09,24.77,24.9
04_Maurener_Weg_8_000012_000160,27,bobby car (red),emotional hazards,54.0,19.74,21.39,21.11,21.21
04_Maurener_Weg_8_000012_000170,27,bobby car (red),emotional hazards,70.0,15.63,17.42,17.14,17.23
04_Maurener_Weg_8_000012_000180,27,bobby car (red),emotional hazards,89.0,11.58,13.4,13.16,13.22
04_Maurener_Weg_8_000012_000190,27,bobby car (red),emotional hazards,129.0,8.28,10.23,10.0,10.09
04_Maurener_Weg_8_000013_000170,28,bobby car (yellow),emotional hazards,23.0,32.02,32.92,32.42,32.54
04_Maurener_Weg_8_000013_000180,28,bobby car (yellow),emotional hazards,39.0,27.71,29.59,29.19,29.31
04_Maurener_Weg_8_000013_000190,28,bobby car (yellow),emotional hazards,47.0,23.1,25.56,25.32,25.4
04_Maurener_Weg_8_000013_000200,28,bobby car (yellow),emotional hazards,55.0,19.39,20.97,20.81,20.85
04_Maurener_Weg_8_000013_000210,28,bobby car (yellow),emotional hazards,66.0,15.86,18.38,18.14,18.24
04_Maurener_Weg_8_000013_000220,28,bobby car (yellow),emotional hazards,84.0,12.64,14.88,14.66,14.73
04_Maurener_Weg_8_000013_000230,28,bobby car (yellow),emotional hazards,113.0,9.49,11.24,11.04,11.12
05_Schafgasse_1_000000_000020,05,"crate (gray, 2x stacked)",standard objects,11.0,64.01,65.92,62.37,63.65
05_Schafgasse_1_000000_000030,05,"crate (gray, 2x stacked)",standard objects,13.0,61.02,63.69,60.42,61.62
05_Schafgasse_1_000000_000040,05,"crate (gray, 2x stacked)",standard objects,11.0,59.97,60.47,57.8,58.93
05_Schafgasse_1_000000_000050,05,"crate (gray, 2x stacked)",standard objects,14.0,57.76,58.26,54.82,56.01
05_Schafgasse_1_000000_000060,05,"crate (gray, 2x stacked)",standard objects,13.0,56.11,55.6,52.66,53.68
05_Schafgasse_1_000000_000070,05,"crate (gray, 2x stacked)",standard objects,13.0,51.7,51.43,48.66,49.52
05_Schafgasse_1_000000_000080,05,"crate (gray, 2x stacked)",standard objects,15.0,48.66,49.47,47.42,48.04
05_Schafgasse_1_000000_000090,05,"crate (gray, 2x stacked)",standard objects,17.0,46.4,46.73,44.38,45.15
05_Schafgasse_1_000000_000100,05,"crate (gray, 2x stacked)",standard objects,17.0,42.61,43.89,41.45,42.42
05_Schafgasse_1_000000_000110,05,"crate (gray, 2x stacked)",standard objects,18.0,39.22,40.33,38.78,39.54
05_Schafgasse_1_000000_000120,05,"crate (gray, 2x stacked)",standard objects,21.0,35.77,38.16,37.25,37.59
05_Schafgasse_1_000000_000130,05,"crate (gray, 2x stacked)",standard objects,22.0,31.78,34.4,33.73,33.97
05_Schafgasse_1_000000_000140,05,"crate (gray, 2x stacked)",standard objects,26.0,28.33,29.68,29.44,29.49
05_Schafgasse_1_000000_000150,05,"crate (gray, 2x stacked)",standard objects,31.0,24.92,27.5,27.18,27.29
05_Schafgasse_1_000000_000160,05,"crate (gray, 2x stacked)",standard objects,42.0,21.05,22.98,22.68,22.75
05_Schafgasse_1_000000_000170,05,"crate (gray, 2x stacked)",standard objects,47.0,17.07,19.77,19.64,19.69
05_Schafgasse_1_000000_000180,05,"crate (gray, 2x stacked)",standard objects,60.0,13.46,16.37,16.25,16.3
05_Schafgasse_1_000000_000190,05,"crate (gray, 2x stacked)",standard objects,81.0,10.13,12.89,12.77,12.81
05_Schafgasse_1_000000_000200,05,"crate (gray, 2x stacked)",standard objects,124.0,7.13,9.68,9.52,9.59
05_Schafgasse_1_000001_000070,03,"crate (black, upright)",standard objects,12.0,57.38,57.62,55.03,56.09
05_Schafgasse_1_000001_000080,03,"crate (black, upright)",standard objects,13.0,57.43,53.71,52.48,52.97
05_Schafgasse_1_000001_000090,03,"crate (black, upright)",standard objects,14.0,52.29,54.84,53.17,53.88
05_Schafgasse_1_000001_000100,03,"crate (black, upright)",standard objects,14.0,50.52,52.33,50.38,51.13
05_Schafgasse_1_000001_000110,03,"crate (black, upright)",standard objects,16.0,48.6,49.88,47.88,48.55
05_Schafgasse_1_000001_000120,03,"crate (black, upright)",standard objects,14.0,45.68,46.56,45.36,45.89
05_Schafgasse_1_000001_000130,03,"crate (black, upright)",standard objects,17.0,43.01,44.62,42.68,43.54
05_Schafgasse_1_000001_000140,03,"crate (black, upright)",standard objects,18.0,40.83,41.13,40.41,40.8
05_Schafgasse_1_000001_000150,03,"crate (black, upright)",standard objects,18.0,37.92,37.69,37.06,37.37
05_Schafgasse_1_000001_000160,03,"crate (black, upright)",standard objects,23.0,34.66,35.34,34.79,34.93
05_Schafgasse_1_000001_000170,03,"crate (black, upright)",standard objects,27.0,31.48,33.01,32.29,32.57
05_Schafgasse_1_000001_000180,03,"crate (black, upright)",standard objects,27.0,28.29,30.76,29.83,30.27
05_Schafgasse_1_000001_000190,03,"crate (black, upright)",standard objects,29.0,25.66,29.38,28.56,28.88
05_Schafgasse_1_000001_000200,03,"crate (black, upright)",standard objects,32.0,23.02,25.46,24.75,24.96
05_Schafgasse_1_000001_000210,03,"crate (black, upright)",standard objects,40.0,20.73,23.72,23.14,23.29
05_Schafgasse_1_000001_000220,03,"crate (black, upright)",standard objects,41.0,17.95,21.03,20.8,20.85
05_Schafgasse_1_000001_000230,03,"crate (black, upright)",standard objects,46.0,15.46,18.59,18.41,18.51
05_Schafgasse_1_000001_000240,03,"crate (black, upright)",standard objects,56.0,13.01,15.43,15.33,15.37
05_Schafgasse_1_000001_000250,03,"crate (black, upright)",standard objects,69.0,10.79,13.22,13.09,13.16
05_Schafgasse_1_000001_000260,03,"crate (black, upright)",standard objects,82.0,8.69,11.18,11.1,11.14
05_Schafgasse_1_000002_000110,08,cardboard box,random hazards,14.0,46.74,51.26,50.45,50.79
05_Schafgasse_1_000002_000110,18,pylon (white),random hazards,14.0,39.15,39.52,38.87,39.05
05_Schafgasse_1_000002_000120,08,cardboard box,random hazards,15.0,46.7,47.88,46.84,47.26
05_Schafgasse_1_000002_000120,18,pylon (white),random hazards,15.0,38.37,37.8,36.74,37.12
05_Schafgasse_1_000002_000130,08,cardboard box,random hazards,15.0,44.9,47.13,46.0,46.5
05_Schafgasse_1_000002_000130,18,pylon (white),random hazards,15.0,35.78,35.85,35.37,35.57
05_Schafgasse_1_000002_000140,08,cardboard box,random hazards,15.0,42.35,45.54,44.75,45.04
05_Schafgasse_1_000002_000140,18,pylon (white),random hazards,16.0,34.34,35.16,34.31,34.58
05_Schafgasse_1_000002_000150,08,cardboard box,random hazards,17.0,40.73,43.17,42.29,42.66
05_Schafgasse_1_000002_000150,18,pylon (white),random hazards,17.0,32.82,33.08,32.18,32.4
05_Schafgasse_1_000002_000160,08,cardboard box,random hazards,18.0,38.32,39.2,38.04,38.46
05_Schafgasse_1_000002_000160,18,pylon (white),random hazards,18.0,30.17,30.34,29.99,30.12
05_Schafgasse_1_000002_000170,08,cardboard box,random hazards,18.0,35.89,36.52,35.83,36.22
05_Schafgasse_1_000002_000170,18,pylon (white),random hazards,19.0,27.82,27.69,27.39,27.48
05_Schafgasse_1_000002_000180,08,cardboard box,random hazards,20.0,32.91,35.09,34.56,34.78
05_Schafgasse_1_000002_000180,18,pylon (white),random hazards,21.0,25.14,25.33,24.91,25.01
05_Schafgasse_1_000002_000190,08,cardboard box,random hazards,21.0,30.37,32.1,31.53,31.8
05_Schafgasse_1_000002_000190,18,pylon (white),random hazards,24.0,22.0,22.77,22.43,22.53
05_Schafgasse_1_000002_000200,08,cardboard box,random hazards,24.0,27.36,29.01,28.59,28.8
05_Schafgasse_1_000002_000200,18,pylon (white),random hazards,28.0,18.91,20.18,19.85,19.93
05_Schafgasse_1_000002_000210,08,cardboard box,random hazards,26.0,24.34,26.91,26.6,26.69
05_Schafgasse_1_000002_000210,18,pylon (white),random hazards,31.0,15.72,18.14,17.92,17.97
05_Schafgasse_1_000002_000220,08,cardboard box,random hazards,30.0,21.01,25.08,24.8,24.89
05_Schafgasse_1_000002_000220,18,pylon (white),random hazards,41.0,12.48,15.67,15.48,15.52
05_Schafgasse_1_000002_000230,08,cardboard box,random hazards,35.0,18.15,20.93,20.72,20.8
05_Schafgasse_1_000002_000230,18,pylon (white),random hazards,57.0,9.12,11.7,11.58,11.63
05_Schafgasse_1_000003_000020,20,tire,random hazards,16.0,41.6,45.58,45.09,45.28
05_Schafgasse_1_000003_000030,20,tire,random hazards,16.0,42.15,44.7,44.31,44.56
05_Schafgasse_1_000003_000040,20,tire,random hazards,15.0,39.91,42.11,41.44,41.81
05_Schafgasse_1_000003_000050,20,tire,random hazards,17.0,37.97,40.63,40.22,40.37
05_Schafgasse_1_000003_000060,20,tire,random hazards,17.0,35.94,37.67,37.21,37.47
05_Schafgasse_1_000003_000070,20,tire,random hazards,19.0,34.59,35.11,34.61,34.88
05_Schafgasse_1_000003_000080,20,tire,random hazards,19.0,31.69,32.18,31.84,31.98
05_Schafgasse_1_000003_000090,20,tire,random hazards,20.0,28.52,31.33,30.93,31.16
05_Schafgasse_1_000003_000100,20,tire,random hazards,24.0,25.87,27.33,27.1,27.13
05_Schafgasse_1_000003_000110,20,tire,random hazards,27.0,23.44,25.84,25.58,25.67
05_Schafgasse_1_000003_000120,20,tire,random hazards,31.0,20.15,22.89,22.8,22.83
05_Schafgasse_1_000003_000130,20,tire,random hazards,37.0,17.09,20.5,20.37,20.41
05_Schafgasse_1_000003_000140,20,tire,random hazards,46.0,13.89,16.31,16.22,16.24
05_Schafgasse_1_000003_000150,20,tire,random hazards,61.0,10.63,13.2,13.04,13.09
05_Schafgasse_1_000003_000160,20,tire,random hazards,87.0,7.86,10.41,10.27,10.31
05_Schafgasse_1_000004_000020,11,crate (green),random hazards,13.0,48.51,48.34,48.05,48.15
05_Schafgasse_1_000004_000020,10,"crate (blue, small)",random hazards,10.0,41.33,42.25,41.89,41.99
05_Schafgasse_1_000004_000030,11,crate (green),random hazards,13.0,45.13,47.78,47.52,47.59
05_Schafgasse_1_000004_000030,10,"crate (blue, small)",random hazards,11.0,41.74,42.15,41.71,41.83
05_Schafgasse_1_000004_000040,11,crate (green),random hazards,13.0,44.22,46.85,46.45,46.58
05_Schafgasse_1_000004_000040,10,"crate (blue, small)",random hazards,9.0,40.52,41.86,41.34,41.53
05_Schafgasse_1_000004_000050,11,crate (green),random hazards,16.0,43.55,45.4,45.01,45.14
05_Schafgasse_1_000004_000050,10,"crate (blue, small)",random hazards,11.0,40.33,40.18,39.89,40.02
05_Schafgasse_1_000004_000060,11,crate (green),random hazards,16.0,41.84,44.22,43.78,43.88
05_Schafgasse_1_000004_000060,10,"crate (blue, small)",random hazards,14.0,38.33,38.69,38.19,38.32
05_Schafgasse_1_000004_000070,11,crate (green),random hazards,17.0,39.66,41.8,41.23,41.46
05_Schafgasse_1_000004_000070,10,"crate (blue, small)",random hazards,18.0,36.16,36.21,35.6,35.81
05_Schafgasse_1_000004_000080,11,crate (green),random hazards,18.0,37.61,39.39,39.13,39.21
05_Schafgasse_1_000004_000080,10,"crate (blue, small)",random hazards,15.0,34.17,34.02,33.49,33.74
05_Schafgasse_1_000004_000090,11,crate (green),random hazards,18.0,35.19,36.79,36.39,36.49
05_Schafgasse_1_000004_000090,10,"crate (blue, small)",random hazards,15.0,31.41,31.93,31.41,31.62
05_Schafgasse_1_000004_000100,11,crate (green),random hazards,21.0,32.77,33.73,33.23,33.41
05_Schafgasse_1_000004_000100,10,"crate (blue, small)",random hazards,17.0,28.51,28.33,28.0,28.05
05_Schafgasse_1_000004_000110,11,crate (green),random hazards,23.0,30.01,30.71,30.37,30.47
05_Schafgasse_1_000004_000110,10,"crate (blue, small)",random hazards,18.0,25.48,25.86,25.64,25.69
05_Schafgasse_1_000004_000120,11,crate (green),random hazards,24.0,26.33,27.88,27.61,27.7
05_Schafgasse_1_000004_000120,10,"crate (blue, small)",random hazards,20.0,22.43,23.12,22.89,22.98
05_Schafgasse_1_000004_000130,11,crate (green),random hazards,29.0,22.66,25.55,25.36,25.41
05_Schafgasse_1_000004_000130,10,"crate (blue, small)",random hazards,25.0,18.62,21.11,20.98,21.01
05_Schafgasse_1_000004_000140,11,crate (green),random hazards,37.0,19.53,23.01,22.83,22.9
05_Schafgasse_1_000004_000140,10,"crate (blue, small)",random hazards,32.0,15.19,18.57,18.37,18.44
05_Schafgasse_1_000004_000150,10,"crate (blue, small)",random hazards,43.0,11.52,13.9,13.79,13.82
05_Schafgasse_1_000004_000150,11,crate (green),random hazards,41.0,15.85,17.97,17.78,17.85
05_Schafgasse_1_000004_000160,11,crate (green),random hazards,55.0,12.54,15.07,14.96,14.99
05_Schafgasse_1_000004_000160,10,"crate (blue, small)",random hazards,68.0,7.99,10.58,10.41,10.48
05_Schafgasse_1_000004_000170,11,crate (green),random hazards,74.0,9.57,12.07,12.02,12.03
05_Schafgasse_1_000005_000030,29,cardboard box,random hazards,8.0,43.93,45.37,44.25,44.62
05_Schafgasse_1_000005_000040,29,cardboard box,random hazards,9.0,42.5,44.05,42.77,43.28
05_Schafgasse_1_000005_000050,29,cardboard box,random hazards,9.0,40.75,44.06,42.7,43.26
05_Schafgasse_1_000005_000060,29,cardboard box,random hazards,11.0,40.41,42.53,41.32,41.71
05_Schafgasse_1_000005_000070,29,cardboard box,random hazards,9.0,39.28,40.66,39.63,40.0
05_Schafgasse_1_000005_000080,29,cardboard box,random hazards,10.0,37.5,38.75,37.51,37.98
05_Schafgasse_1_000005_000090,29,cardboard box,random hazards,12.0,34.43,35.66,34.55,34.93
05_Schafgasse_1_000005_000100,29,cardboard box,random hazards,11.0,32.17,32.13,31.16,31.51
05_Schafgasse_1_000005_000110,29,cardboard box,random hazards,13.0,29.22,30.24,29.29,29.67
05_Schafgasse_1_000005_000120,29,cardboard box,random hazards,13.0,26.45,27.48,26.81,27.04
05_Schafgasse_1_000005_000120,21,ball,emotional hazards,27.0,21.28,25.12,24.77,24.91
05_Schafgasse_1_000005_000130,21,ball,emotional hazards,31.0,18.1,21.12,20.97,21.0
05_Schafgasse_1_000005_000130,29,cardboard box,random hazards,14.0,23.06,25.75,24.96,25.26
05_Schafgasse_1_000005_000140,29,cardboard box,random hazards,17.0,20.29,22.77,22.09,22.34
05_Schafgasse_1_000007_000010,20,tire,random hazards,11.0,41.89,39.38,38.16,38.66
05_Schafgasse_1_000007_000020,20,tire,random hazards,10.0,40.63,39.52,38.45,38.92
05_Schafgasse_1_000007_000030,20,tire,random hazards,10.0,39.31,38.23,37.3,37.67
05_Schafgasse_1_000007_000040,20,tire,random hazards,10.0,37.65,36.74,35.78,36.22
05_Schafgasse_1_000007_000050,20,tire,random hazards,11.0,35.49,35.38,34.44,34.82
05_Schafgasse_1_000007_000060,20,tire,random hazards,10.0,33.22,33.25,32.63,32.9
05_Schafgasse_1_000007_000070,20,tire,random hazards,10.0,30.36,30.39,30.08,30.25
05_Schafgasse_1_000007_000080,20,tire,random hazards,12.0,28.02,27.09,26.66,26.85
05_Schafgasse_1_000007_000090,20,tire,random hazards,14.0,24.49,24.17,23.67,23.84
05_Schafgasse_1_000007_000100,20,tire,random hazards,16.0,21.67,21.27,21.14,21.2
05_Schafgasse_1_000007_000110,20,tire,random hazards,18.0,18.32,18.64,18.49,18.53
05_Schafgasse_1_000007_000120,20,tire,random hazards,23.0,15.2,15.81,15.59,15.67
05_Schafgasse_1_000007_000130,20,tire,random hazards,30.0,12.21,13.15,13.01,13.05
05_Schafgasse_1_000007_000140,20,tire,random hazards,39.0,9.29,10.51,10.39,10.42
05_Schafgasse_1_000007_000150,20,tire,random hazards,63.0,6.47,7.94,7.84,7.87
05_Schafgasse_1_000008_000010,34,styrofoam,random hazards,9.0,47.67,47.3,45.91,46.58
05_Schafgasse_1_000008_000010,14,headlight,random hazards,15.0,39.62,37.47,36.96,37.28
05_Schafgasse_1_000008_000020,34,styrofoam,random hazards,8.0,47.06,45.65,44.49,44.88
05_Schafgasse_1_000008_000020,14,headlight,random hazards,17.0,37.84,36.85,36.06,36.4
05_Schafgasse_1_000008_000030,34,styrofoam,random hazards,7.0,47.08,44.25,43.22,43.58
05_Schafgasse_1_000008_000030,14,headlight,random hazards,18.0,36.73,35.24,34.43,34.77
05_Schafgasse_1_000008_000040,34,styrofoam,random hazards,9.0,44.6,44.71,43.4,43.94
05_Schafgasse_1_000008_000040,14,headlight,random hazards,19.0,35.29,34.9,34.3,34.55
05_Schafgasse_1_000008_000050,34,styrofoam,random hazards,10.0,42.17,43.8,42.42,43.06
05_Schafgasse_1_000008_000050,14,headlight,random hazards,20.0,32.31,33.46,32.83,33.09
05_Schafgasse_1_000008_000060,34,styrofoam,random hazards,10.0,39.92,39.78,38.48,38.92
05_Schafgasse_1_000008_000060,14,headlight,random hazards,22.0,29.7,30.16,29.71,29.85
05_Schafgasse_1_000008_000070,34,styrofoam,random hazards,10.0,36.55,36.03,34.95,35.28
05_Schafgasse_1_000008_000070,14,headlight,random hazards,22.0,26.37,26.56,26.3,26.38
05_Schafgasse_1_000008_000080,34,styrofoam,random hazards,11.0,33.1,33.16,32.18,32.62
05_Schafgasse_1_000008_000080,14,headlight,random hazards,26.0,23.27,24.53,24.32,24.39
05_Schafgasse_1_000008_000090,34,styrofoam,random hazards,13.0,30.11,30.23,29.21,29.56
05_Schafgasse_1_000008_000090,14,headlight,random hazards,31.0,19.74,21.03,20.78,20.86
05_Schafgasse_1_000008_000100,34,styrofoam,random hazards,14.0,26.79,27.27,26.48,26.76
05_Schafgasse_1_000008_000100,14,headlight,random hazards,38.0,16.51,17.71,17.52,17.57
05_Schafgasse_1_000008_000110,34,styrofoam,random hazards,16.0,23.57,24.15,23.57,23.77
05_Schafgasse_1_000008_000110,14,headlight,random hazards,47.0,13.23,14.16,14.04,14.08
05_Schafgasse_1_000008_000120,34,styrofoam,random hazards,17.0,20.17,20.97,20.53,20.71
05_Schafgasse_1_000008_000120,14,headlight,random hazards,63.0,9.97,10.85,10.75,10.79
05_Schafgasse_1_000009_000070,23,dog (black),emotional hazards,19.0,55.36,54.54,51.06,53.05
05_Schafgasse_1_000009_000080,23,dog (black),emotional hazards,22.0,53.95,52.34,48.99,50.81
05_Schafgasse_1_000009_000090,23,dog (black),emotional hazards,21.0,53.46,52.91,49.61,51.33
05_Schafgasse_1_000009_000100,23,dog (black),emotional hazards,20.0,52.39,51.0,47.99,49.54
05_Schafgasse_1_000009_000110,23,dog (black),emotional hazards,22.0,49.71,48.37,45.54,47.28
05_Schafgasse_1_000009_000120,23,dog (black),emotional hazards,23.0,48.08,46.57,43.99,45.47
05_Schafgasse_1_000009_000130,23,dog (black),emotional hazards,25.0,44.83,45.6,42.66,44.12
05_Schafgasse_1_000009_000140,23,dog (black),emotional hazards,26.0,42.47,41.84,39.23,40.64
05_Schafgasse_1_000009_000150,23,dog (black),emotional hazards,28.0,38.42,37.82,35.85,36.77
05_Schafgasse_1_000009_000160,23,dog (black),emotional hazards,31.0,36.24,35.81,33.44,34.6
05_Schafgasse_1_000009_000170,23,dog (black),emotional hazards,33.0,32.2,32.07,30.39,30.93
05_Schafgasse_1_000009_000180,23,dog (black),emotional hazards,37.0,28.77,28.21,27.48,27.98
05_Schafgasse_1_000009_000190,23,dog (black),emotional hazards,41.0,25.54,25.25,24.99,25.07
05_Schafgasse_1_000009_000200,23,dog (black),emotional hazards,51.0,21.69,22.82,22.19,22.63
05_Schafgasse_1_000009_000210,23,dog (black),emotional hazards,59.0,18.28,19.84,19.4,19.57
05_Schafgasse_1_000009_000220,23,dog (black),emotional hazards,75.0,14.99,16.42,16.15,16.25
05_Schafgasse_1_000009_000230,23,dog (black),emotional hazards,92.0,11.99,14.14,13.96,14.03
05_Schafgasse_1_000009_000240,23,dog (black),emotional hazards,114.0,9.26,10.92,10.72,10.77
05_Schafgasse_1_000010_000040,24,dog (white),emotional hazards,15.0,53.21,50.85,48.25,49.24
05_Schafgasse_1_000010_000050,24,dog (white),emotional hazards,16.0,52.73,50.22,47.54,48.53
05_Schafgasse_1_000010_000060,24,dog (white),emotional hazards,16.0,51.33,48.39,46.36,47.15
05_Schafgasse_1_000010_000070,24,dog (white),emotional hazards,16.0,50.61,49.55,46.98,48.08
05_Schafgasse_1_000010_000080,24,dog (white),emotional hazards,16.0,48.51,46.13,44.26,45.1
05_Schafgasse_1_000010_000090,24,dog (white),emotional hazards,18.0,45.39,43.81,41.91,42.6
05_Schafgasse_1_000010_000100,24,dog (white),emotional hazards,18.0,42.8,41.7,39.42,40.45
05_Schafgasse_1_000010_000110,24,dog (white),emotional hazards,20.0,38.79,37.51,35.86,36.55
05_Schafgasse_1_000010_000120,24,dog (white),emotional hazards,22.0,35.82,35.16,33.24,33.97
05_Schafgasse_1_000010_000130,24,dog (white),emotional hazards,24.0,31.65,29.75,28.93,29.15
05_Schafgasse_1_000010_000140,24,dog (white),emotional hazards,27.0,27.83,27.3,26.57,26.81
05_Schafgasse_1_000010_000150,24,dog (white),emotional hazards,32.0,23.42,23.77,23.22,23.34
05_Schafgasse_1_000010_000160,24,dog (white),emotional hazards,38.0,19.55,21.35,21.0,21.08
05_Schafgasse_1_000010_000170,24,dog (white),emotional hazards,46.0,15.87,18.29,18.06,18.13
05_Schafgasse_1_000010_000180,24,dog (white),emotional hazards,59.0,12.55,14.37,14.27,14.29
05_Schafgasse_1_000010_000190,24,dog (white),emotional hazards,76.0,9.31,11.12,11.01,11.05
05_Schafgasse_1_000011_000120,27,bobby car (red),emotional hazards,29.0,39.08,36.05,35.39,35.57
05_Schafgasse_1_000011_000130,27,bobby car (red),emotional hazards,32.0,33.58,31.73,31.08,31.19
05_Schafgasse_1_000011_000140,27,bobby car (red),emotional hazards,36.0,28.89,27.61,27.03,27.24
05_Schafgasse_1_000011_000150,27,bobby car (red),emotional hazards,41.0,23.8,24.55,24.05,24.28
05_Schafgasse_1_000011_000160,27,bobby car (red),emotional hazards,54.0,19.23,20.59,20.37,20.46
05_Schafgasse_1_000011_000170,27,bobby car (red),emotional hazards,71.0,14.17,16.58,16.45,16.5
05_Schafgasse_1_000011_000180,27,bobby car (red),emotional hazards,105.0,9.75,11.8,11.66,11.71
05_Schafgasse_1_000012_000030,28,bobby car (yellow),emotional hazards,17.0,77.54,66.34,64.23,65.37
05_Schafgasse_1_000012_000040,28,bobby car (yellow),emotional hazards,18.0,74.82,64.5,61.31,62.72
05_Schafgasse_1_000012_000050,28,bobby car (yellow),emotional hazards,17.0,72.79,63.57,59.66,61.21
05_Schafgasse_1_000012_000060,28,bobby car (yellow),emotional hazards,20.0,72.06,58.79,56.45,57.42
05_Schafgasse_1_000012_000070,28,bobby car (yellow),emotional hazards,17.0,65.78,59.08,57.0,58.03
05_Schafgasse_1_000012_000080,28,bobby car (yellow),emotional hazards,18.0,62.62,57.9,55.45,56.64
05_Schafgasse_1_000012_000090,28,bobby car (yellow),emotional hazards,19.0,60.76,54.34,52.77,53.42
05_Schafgasse_1_000012_000100,28,bobby car (yellow),emotional hazards,21.0,57.89,47.79,46.44,47.02
05_Schafgasse_1_000012_000110,28,bobby car (yellow),emotional hazards,23.0,52.41,47.29,45.98,46.64
05_Schafgasse_1_000012_000120,28,bobby car (yellow),emotional hazards,22.0,48.82,44.27,43.09,43.47
05_Schafgasse_1_000012_000130,28,bobby car (yellow),emotional hazards,26.0,43.81,39.8,38.77,39.2
05_Schafgasse_1_000012_000140,28,bobby car (yellow),emotional hazards,28.0,40.13,36.41,35.98,36.07
05_Schafgasse_1_000012_000150,28,bobby car (yellow),emotional hazards,33.0,35.51,35.46,34.96,35.11
05_Schafgasse_1_000012_000160,28,bobby car (yellow),emotional hazards,36.0,30.85,30.75,30.46,30.55
05_Schafgasse_1_000012_000170,28,bobby car (yellow),emotional hazards,41.0,26.2,26.7,26.49,26.57
05_Schafgasse_1_000012_000180,28,bobby car (yellow),emotional hazards,47.0,22.57,23.71,23.54,23.62
05_Schafgasse_1_000012_000190,28,bobby car (yellow),emotional hazards,58.0,18.22,19.63,19.5,19.53
05_Schafgasse_1_000012_000200,28,bobby car (yellow),emotional hazards,75.0,14.25,16.49,16.33,16.39
05_Schafgasse_1_000012_000210,28,bobby car (yellow),emotional hazards,99.0,10.6,13.38,13.2,13.26
05_Schafgasse_1_000012_000220,28,bobby car (yellow),emotional hazards,142.0,7.32,9.64,9.47,9.53
05_Schafgasse_1_000013_000030,26,bobby car (gray),emotional hazards,19.0,67.85,57.25,55.08,55.77
05_Schafgasse_1_000013_000040,26,bobby car (gray),emotional hazards,15.0,65.08,56.95,55.06,55.73
05_Schafgasse_1_000013_000050,26,bobby car (gray),emotional hazards,17.0,64.37,56.07,53.27,54.32
05_Schafgasse_1_000013_000060,26,bobby car (gray),emotional hazards,17.0,61.51,54.97,53.82,54.27
05_Schafgasse_1_000013_000070,26,bobby car (gray),emotional hazards,15.0,58.52,49.53,48.7,48.98
05_Schafgasse_1_000013_000080,26,bobby car (gray),emotional hazards,22.0,54.04,48.26,47.04,47.46
05_Schafgasse_1_000013_000090,26,bobby car (gray),emotional hazards,23.0,51.2,44.39,43.59,43.78
05_Schafgasse_1_000013_000100,26,bobby car (gray),emotional hazards,22.0,45.71,40.55,39.84,40.11
05_Schafgasse_1_000013_000110,26,bobby car (gray),emotional hazards,25.0,41.84,36.74,36.19,36.33
05_Schafgasse_1_000013_000120,26,bobby car (gray),emotional hazards,30.0,36.78,33.48,33.13,33.24
05_Schafgasse_1_000013_000130,26,bobby car (gray),emotional hazards,32.0,32.16,31.43,30.83,30.97
05_Schafgasse_1_000013_000140,26,bobby car (gray),emotional hazards,39.0,28.02,27.88,27.53,27.64
05_Schafgasse_1_000013_000150,26,bobby car (gray),emotional hazards,45.0,23.07,23.51,23.26,23.35
05_Schafgasse_1_000013_000160,26,bobby car (gray),emotional hazards,55.0,18.43,20.35,20.2,20.27
05_Schafgasse_1_000013_000170,26,bobby car (gray),emotional hazards,69.0,14.2,15.87,15.68,15.74
05_Schafgasse_1_000013_000180,26,bobby car (gray),emotional hazards,97.0,10.46,12.45,12.29,12.34
05_Schafgasse_1_000014_000030,24,dog (white),emotional hazards,20.0,47.14,45.68,44.09,44.69
05_Schafgasse_1_000014_000040,24,dog (white),emotional hazards,23.0,45.34,43.51,41.54,42.41
05_Schafgasse_1_000014_000050,24,dog (white),emotional hazards,25.0,43.42,43.04,41.09,41.83
05_Schafgasse_1_000014_000060,24,dog (white),emotional hazards,26.0,41.49,41.53,39.22,40.07
05_Schafgasse_1_000014_000070,24,dog (white),emotional hazards,27.0,39.53,39.25,37.48,38.14
05_Schafgasse_1_000014_000080,24,dog (white),emotional hazards,30.0,36.05,35.96,34.65,35.05
05_Schafgasse_1_000014_000090,24,dog (white),emotional hazards,32.0,32.25,32.87,31.98,32.34
05_Schafgasse_1_000014_000100,24,dog (white),emotional hazards,32.0,28.71,29.65,28.75,29.11
05_Schafgasse_1_000014_000110,24,dog (white),emotional hazards,38.0,25.23,26.54,25.99,26.09
05_Schafgasse_1_000014_000120,24,dog (white),emotional hazards,42.0,21.15,22.81,22.55,22.64
05_Schafgasse_1_000014_000130,24,dog (white),emotional hazards,53.0,17.66,20.06,19.77,19.87
05_Schafgasse_1_000014_000140,24,dog (white),emotional hazards,62.0,14.09,16.61,16.33,16.47
05_Schafgasse_1_000014_000150,24,dog (white),emotional hazards,79.0,11.09,13.22,13.05,13.1
05_Schafgasse_1_000014_000160,24,dog (white),emotional hazards,104.0,8.48,10.55,10.24,10.33
05_Schafgasse_1_000015_000050,27,bobby car (red),emotional hazards,24.0,47.76,43.3,42.3,42.72
05_Schafgasse_1_000015_000060,27,bobby car (red),emotional hazards,25.0,43.62,41.74,40.96,41.27
05_Schafgasse_1_000015_000070,27,bobby car (red),emotional hazards,26.0,41.34,40.43,39.76,39.93
05_Schafgasse_1_000015_000080,27,bobby car (red),emotional hazards,30.0,37.11,35.96,35.42,35.56
05_Schafgasse_1_000015_000090,27,bobby car (red),emotional hazards,33.0,33.46,31.93,31.63,31.71
05_Schafgasse_1_000015_000100,27,bobby car (red),emotional hazards,36.0,29.06,30.03,29.67,29.78
05_Schafgasse_1_000015_000110,27,bobby car (red),emotional hazards,41.0,25.47,25.92,25.78,25.83
05_Schafgasse_1_000015_000120,27,bobby car (red),emotional hazards,46.0,21.62,22.72,22.52,22.58
05_Schafgasse_1_000015_000130,27,bobby car (red),emotional hazards,55.0,18.15,20.26,20.16,20.17
05_Schafgasse_1_000015_000140,27,bobby car (red),emotional hazards,68.0,14.93,16.71,16.64,16.65
05_Schafgasse_1_000015_000150,27,bobby car (red),emotional hazards,82.0,12.05,14.12,14.04,14.07
05_Schafgasse_1_000015_000160,27,bobby car (red),emotional hazards,104.0,9.41,12.35,12.25,12.28
05_Schafgasse_1_000015_000170,27,bobby car (red),emotional hazards,135.0,7.29,10.09,9.97,10.01
05_Schafgasse_1_000016_000030,27,bobby car (red),emotional hazards,20.0,52.31,42.16,41.17,41.66
05_Schafgasse_1_000016_000040,27,bobby car (red),emotional hazards,20.0,52.14,41.79,40.24,40.82
05_Schafgasse_1_000016_000050,27,bobby car (red),emotional hazards,22.0,50.19,43.22,41.91,42.45
05_Schafgasse_1_000016_000060,27,bobby car (red),emotional hazards,23.0,48.51,41.2,40.33,40.72
05_Schafgasse_1_000016_000070,27,bobby car (red),emotional hazards,24.0,45.53,41.72,40.37,40.98
05_Schafgasse_1_000016_000080,27,bobby car (red),emotional hazards,25.0,42.22,40.13,39.09,39.61
05_Schafgasse_1_000016_000090,27,bobby car (red),emotional hazards,27.0,38.5,38.44,37.51,37.91
05_Schafgasse_1_000016_000100,27,bobby car (red),emotional hazards,30.0,35.52,34.8,33.66,34.21
05_Schafgasse_1_000016_000110,27,bobby car (red),emotional hazards,34.0,31.6,31.63,30.81,31.12
05_Schafgasse_1_000016_000120,27,bobby car (red),emotional hazards,40.0,27.84,28.9,28.44,28.55
05_Schafgasse_1_000016_000130,27,bobby car (red),emotional hazards,46.0,23.85,24.55,24.21,24.3
05_Schafgasse_1_000016_000140,27,bobby car (red),emotional hazards,48.0,19.86,19.47,19.28,19.32
05_Schafgasse_1_000016_000150,27,bobby car (red),emotional hazards,63.0,16.08,16.69,16.47,16.54
05_Schafgasse_1_000016_000160,27,bobby car (red),emotional hazards,80.0,12.51,13.51,13.31,13.37
05_Schafgasse_1_000016_000170,27,bobby car (red),emotional hazards,108.0,9.15,10.9,10.7,10.76
05_Schafgasse_1_000017_000030,26,bobby car (gray),emotional hazards,19.0,53.49,47.57,46.26,46.89
05_Schafgasse_1_000017_000040,26,bobby car (gray),emotional hazards,21.0,52.37,48.94,46.94,47.81
05_Schafgasse_1_000017_000050,26,bobby car (gray),emotional hazards,21.0,50.96,45.33,43.87,44.42
05_Schafgasse_1_000017_000060,26,bobby car (gray),emotional hazards,21.0,49.46,44.89,43.88,44.29
05_Schafgasse_1_000017_000070,26,bobby car (gray),emotional hazards,22.0,46.12,43.79,42.31,42.85
05_Schafgasse_1_000017_000080,26,bobby car (gray),emotional hazards,26.0,43.18,41.26,40.22,40.61
05_Schafgasse_1_000017_000090,26,bobby car (gray),emotional hazards,27.0,39.46,38.34,37.5,37.84
05_Schafgasse_1_000017_000100,26,bobby car (gray),emotional hazards,30.0,35.81,35.69,34.92,35.2
05_Schafgasse_1_000017_000110,26,bobby car (gray),emotional hazards,32.0,31.94,31.63,31.07,31.26
05_Schafgasse_1_000017_000120,26,bobby car (gray),emotional hazards,35.0,28.26,29.06,28.56,28.76
05_Schafgasse_1_000017_000130,26,bobby car (gray),emotional hazards,42.0,25.01,25.97,25.76,25.84
05_Schafgasse_1_000017_000140,26,bobby car (gray),emotional hazards,49.0,21.2,21.47,21.17,21.28
05_Schafgasse_1_000017_000150,26,bobby car (gray),emotional hazards,57.0,17.74,18.23,18.02,18.13
05_Schafgasse_1_000017_000160,26,bobby car (gray),emotional hazards,70.0,14.1,15.7,15.55,15.6
05_Schafgasse_1_000017_000170,26,bobby car (gray),emotional hazards,92.0,10.89,12.48,12.3,12.36
05_Schafgasse_1_000017_000180,26,bobby car (gray),emotional hazards,127.0,7.91,9.32,9.22,9.25
05_Schafgasse_1_000018_000030,24,dog (white),emotional hazards,22.0,55.19,45.38,43.46,44.37
05_Schafgasse_1_000018_000040,24,dog (white),emotional hazards,23.0,52.2,46.0,43.97,44.94
05_Schafgasse_1_000018_000050,24,dog (white),emotional hazards,24.0,50.77,45.14,43.28,44.1
05_Schafgasse_1_000018_000060,24,dog (white),emotional hazards,25.0,47.4,43.77,42.38,43.06
05_Schafgasse_1_000018_000070,24,dog (white),emotional hazards,26.0,42.78,40.61,39.52,40.07
05_Schafgasse_1_000018_000080,24,dog (white),emotional hazards,29.0,39.39,37.71,36.25,36.93
05_Schafgasse_1_000018_000090,24,dog (white),emotional hazards,32.0,35.21,33.71,32.43,33.12
05_Schafgasse_1_000018_000100,24,dog (white),emotional hazards,37.0,30.59,30.89,29.53,30.19
05_Schafgasse_1_000018_000110,24,dog (white),emotional hazards,43.0,25.71,27.02,26.3,26.7
05_Schafgasse_1_000018_000120,24,dog (white),emotional hazards,50.0,21.02,21.34,21.13,21.2
05_Schafgasse_1_000018_000130,24,dog (white),emotional hazards,62.0,16.71,17.34,17.17,17.23
05_Schafgasse_1_000018_000140,24,dog (white),emotional hazards,77.0,12.49,13.47,13.35,13.41
05_Schafgasse_1_000018_000150,24,dog (white),emotional hazards,111.0,8.45,9.97,9.86,9.88
05_Schafgasse_1_000019_000070,23,dog (black),emotional hazards,21.0,58.47,48.29,46.27,47.4
05_Schafgasse_1_000019_000080,23,dog (black),emotional hazards,23.0,54.36,47.38,45.02,46.08
05_Schafgasse_1_000019_000090,23,dog (black),emotional hazards,23.0,53.5,44.37,42.89,43.62
05_Schafgasse_1_000019_000100,23,dog (black),emotional hazards,26.0,51.45,43.9,41.24,42.49
05_Schafgasse_1_000019_000110,23,dog (black),emotional hazards,28.0,48.86,42.32,40.39,41.45
05_Schafgasse_1_000019_000120,23,dog (black),emotional hazards,32.0,43.86,40.77,38.04,39.37
05_Schafgasse_1_000019_000130,23,dog (black),emotional hazards,30.0,41.58,40.18,38.7,39.71
05_Schafgasse_1_000019_000140,23,dog (black),emotional hazards,32.0,37.64,37.0,35.54,36.39
05_Schafgasse_1_000019_000150,23,dog (black),emotional hazards,37.0,33.25,31.63,30.71,31.18
05_Schafgasse_1_000019_000160,23,dog (black),emotional hazards,44.0,28.7,29.36,28.57,28.97
05_Schafgasse_1_000019_000170,23,dog (black),emotional hazards,49.0,24.77,23.62,23.2,23.52
05_Schafgasse_1_000019_000180,23,dog (black),emotional hazards,58.0,20.05,20.11,19.84,19.95
05_Schafgasse_1_000019_000190,23,dog (black),emotional hazards,68.0,15.91,16.99,16.65,16.87
05_Schafgasse_1_000019_000200,23,dog (black),emotional hazards,88.0,12.12,13.8,13.63,13.73
05_Schafgasse_1_000019_000210,23,dog (black),emotional hazards,125.0,8.76,10.34,10.15,10.21
07_Festplatz_Flugfeld_000000_000030,04,crate (gray),standard objects,7.0,82.26,61.14,57.72,58.9
07_Festplatz_Flugfeld_000000_000030,05,"crate (gray, 2x stacked)",standard objects,11.0,89.7,72.07,65.39,67.31
07_Festplatz_Flugfeld_000000_000030,06,"crate (gray, upright)",standard objects,14.0,105.56,79.06,70.36,73.77
07_Festplatz_Flugfeld_000000_000040,04,crate (gray),standard objects,8.0,77.52,62.79,59.02,60.53
07_Festplatz_Flugfeld_000000_000040,05,"crate (gray, 2x stacked)",standard objects,11.0,91.55,75.72,67.19,70.05
07_Festplatz_Flugfeld_000000_000040,06,"crate (gray, upright)",standard objects,15.0,106.56,77.95,71.98,74.97
07_Festplatz_Flugfeld_000000_000050,04,crate (gray),standard objects,7.0,77.7,60.13,56.48,57.68
07_Festplatz_Flugfeld_000000_000050,05,"crate (gray, 2x stacked)",standard objects,10.0,91.74,73.79,66.12,68.14
07_Festplatz_Flugfeld_000000_000050,06,"crate (gray, upright)",standard objects,15.0,101.97,74.0,66.19,70.04
07_Festplatz_Flugfeld_000000_000060,04,crate (gray),standard objects,7.0,69.69,58.18,54.62,55.75
07_Festplatz_Flugfeld_000000_000060,05,"crate (gray, 2x stacked)",standard objects,11.0,87.81,70.0,62.41,65.23
07_Festplatz_Flugfeld_000000_000060,06,"crate (gray, upright)",standard objects,15.0,99.22,74.21,65.4,69.62
07_Festplatz_Flugfeld_000000_000070,04,crate (gray),standard objects,6.0,66.01,57.35,54.46,55.43
07_Festplatz_Flugfeld_000000_000070,05,"crate (gray, 2x stacked)",standard objects,9.0,82.16,73.84,67.1,69.01
07_Festplatz_Flugfeld_000000_000070,06,"crate (gray, upright)",standard objects,17.0,93.74,78.8,66.86,71.35
07_Festplatz_Flugfeld_000000_000080,04,crate (gray),standard objects,8.0,64.92,53.3,49.89,51.36
07_Festplatz_Flugfeld_000000_000080,05,"crate (gray, 2x stacked)",standard objects,12.0,76.82,67.44,59.85,62.6
07_Festplatz_Flugfeld_000000_000080,06,"crate (gray, upright)",standard objects,17.0,94.08,73.0,64.08,67.49
07_Festplatz_Flugfeld_000000_000090,04,crate (gray),standard objects,7.0,60.87,53.79,51.14,52.0
07_Festplatz_Flugfeld_000000_000090,05,"crate (gray, 2x stacked)",standard objects,14.0,76.05,70.38,62.43,65.03
07_Festplatz_Flugfeld_000000_000090,06,"crate (gray, upright)",standard objects,17.0,90.26,74.83,65.46,68.7
07_Festplatz_Flugfeld_000000_000100,04,crate (gray),standard objects,7.0,55.91,48.49,46.11,46.95
07_Festplatz_Flugfeld_000000_000100,05,"crate (gray, 2x stacked)",standard objects,13.0,70.64,59.86,55.09,57.12
07_Festplatz_Flugfeld_000000_000100,06,"crate (gray, upright)",standard objects,19.0,88.29,60.27,55.37,56.91
07_Festplatz_Flugfeld_000000_000110,05,"crate (gray, 2x stacked)",standard objects,12.0,66.35,55.58,52.59,53.63
07_Festplatz_Flugfeld_000000_000110,04,crate (gray),standard objects,8.0,52.71,45.11,43.15,43.81
07_Festplatz_Flugfeld_000000_000110,06,"crate (gray, upright)",standard objects,20.0,74.82,63.55,55.43,58.09
07_Festplatz_Flugfeld_000000_000120,04,crate (gray),standard objects,9.0,48.99,44.49,42.13,42.74
07_Festplatz_Flugfeld_000000_000120,05,"crate (gray, 2x stacked)",standard objects,13.0,63.95,57.59,53.4,55.12
07_Festplatz_Flugfeld_000000_000120,06,"crate (gray, upright)",standard objects,21.0,68.72,58.91,53.62,55.52
07_Festplatz_Flugfeld_000000_000130,04,crate (gray),standard objects,10.0,44.62,42.17,40.57,41.22
07_Festplatz_Flugfeld_000000_000130,05,"crate (gray, 2x stacked)",standard objects,12.0,58.39,51.73,49.4,50.3
07_Festplatz_Flugfeld_000000_000130,06,"crate (gray, upright)",standard objects,21.0,67.57,64.09,54.7,57.17
07_Festplatz_Flugfeld_000000_000140,04,crate (gray),standard objects,10.0,41.77,36.76,35.34,35.94
07_Festplatz_Flugfeld_000000_000140,05,"crate (gray, 2x stacked)",standard objects,15.0,54.08,48.94,44.94,46.33
07_Festplatz_Flugfeld_000000_000140,06,"crate (gray, upright)",standard objects,22.0,62.49,49.69,46.79,47.92
07_Festplatz_Flugfeld_000000_000150,04,crate (gray),standard objects,15.0,36.81,31.18,30.29,30.67
07_Festplatz_Flugfeld_000000_000150,05,"crate (gray, 2x stacked)",standard objects,16.0,51.62,41.82,38.92,39.9
07_Festplatz_Flugfeld_000000_000150,06,"crate (gray, upright)",standard objects,27.0,57.15,43.61,40.58,42.09
07_Festplatz_Flugfeld_000000_000160,04,crate (gray),standard objects,14.0,33.12,29.14,28.38,28.71
07_Festplatz_Flugfeld_000000_000160,05,"crate (gray, 2x stacked)",standard objects,19.0,47.21,38.34,36.82,37.44
07_Festplatz_Flugfeld_000000_000160,06,"crate (gray, upright)",standard objects,30.0,52.01,42.14,40.26,41.02
07_Festplatz_Flugfeld_000000_000170,04,crate (gray),standard objects,15.0,29.26,30.41,29.71,30.09
07_Festplatz_Flugfeld_000000_000170,05,"crate (gray, 2x stacked)",standard objects,17.0,42.33,39.43,38.63,39.04
07_Festplatz_Flugfeld_000000_000170,06,"crate (gray, upright)",standard objects,28.0,47.45,43.39,41.85,42.46
07_Festplatz_Flugfeld_000000_000180,04,crate (gray),standard objects,20.0,25.63,27.96,27.53,27.75
07_Festplatz_Flugfeld_000000_000180,05,"crate (gray, 2x stacked)",standard objects,21.0,38.45,38.15,36.92,37.31
07_Festplatz_Flugfeld_000000_000180,06,"crate (gray, upright)",standard objects,36.0,43.36,41.26,39.82,40.18
07_Festplatz_Flugfeld_000000_000190,04,crate (gray),standard objects,21.0,21.62,21.4,20.98,21.22
07_Festplatz_Flugfeld_000000_000190,05,"crate (gray, 2x stacked)",standard objects,25.0,36.12,30.85,30.06,30.4
07_Festplatz_Flugfeld_000000_000190,06,"crate (gray, upright)",standard objects,39.0,41.12,34.37,33.15,33.43
07_Festplatz_Flugfeld_000000_000200,04,crate (gray),standard objects,24.0,18.02,18.62,18.26,18.37
07_Festplatz_Flugfeld_000000_000200,05,"crate (gray, 2x stacked)",standard objects,26.0,31.42,28.75,28.31,28.43
07_Festplatz_Flugfeld_000000_000200,06,"crate (gray, upright)",standard objects,42.0,36.24,32.6,31.72,31.91
07_Festplatz_Flugfeld_000000_000210,04,crate (gray),standard objects,34.0,14.06,15.86,15.71,15.76
07_Festplatz_Flugfeld_000000_000210,05,"crate (gray, 2x stacked)",standard objects,32.0,27.28,26.7,26.37,26.48
07_Festplatz_Flugfeld_000000_000210,06,"crate (gray, upright)",standard objects,46.0,31.82,31.14,30.6,30.73
07_Festplatz_Flugfeld_000000_000220,04,crate (gray),standard objects,43.0,10.2,13.74,13.59,13.65
07_Festplatz_Flugfeld_000000_000220,05,"crate (gray, 2x stacked)",standard objects,35.0,23.19,26.93,26.69,26.77
07_Festplatz_Flugfeld_000000_000220,06,"crate (gray, upright)",standard objects,46.0,28.26,30.75,30.48,30.56
07_Festplatz_Flugfeld_000000_000230,05,"crate (gray, 2x stacked)",standard objects,38.0,19.43,22.98,22.77,22.84
07_Festplatz_Flugfeld_000000_000230,06,"crate (gray, upright)",standard objects,58.0,24.98,27.67,27.45,27.53
07_Festplatz_Flugfeld_000000_000240,05,"crate (gray, 2x stacked)",standard objects,51.0,15.84,16.99,16.86,16.9
07_Festplatz_Flugfeld_000000_000240,06,"crate (gray, upright)",standard objects,64.0,20.94,21.88,21.72,21.8
07_Festplatz_Flugfeld_000000_000250,05,"crate (gray, 2x stacked)",standard objects,70.0,12.57,14.2,14.08,14.12
07_Festplatz_Flugfeld_000000_000250,06,"crate (gray, upright)",standard objects,80.0,17.61,19.93,19.84,19.89
07_Festplatz_Flugfeld_000000_000260,05,"crate (gray, 2x stacked)",standard objects,93.0,9.07,12.03,11.84,11.92
07_Festplatz_Flugfeld_000000_000260,06,"crate (gray, upright)",standard objects,97.0,14.11,18.35,18.24,18.28
07_Festplatz_Flugfeld_000001_000030,03,"crate (black, upright)",standard objects,9.0,85.71,63.34,58.16,59.66
07_Festplatz_Flugfeld_000001_000030,02,"crate (black, 2x stacked)",standard objects,9.0,106.69,74.01,67.46,70.53
07_Festplatz_Flugfeld_000001_000030,01,crate (black),standard objects,9.0,102.7,67.28,61.25,62.98
07_Festplatz_Flugfeld_000001_000040,03,"crate (black, upright)",standard objects,7.0,88.02,66.67,61.27,63.66
07_Festplatz_Flugfeld_000001_000040,02,"crate (black, 2x stacked)",standard objects,10.0,104.11,75.92,68.39,70.85
07_Festplatz_Flugfeld_000001_000040,01,crate (black),standard objects,9.0,99.3,70.89,64.53,66.46
07_Festplatz_Flugfeld_000001_000050,03,"crate (black, upright)",standard objects,9.0,84.87,66.82,61.36,63.14
07_Festplatz_Flugfeld_000001_000050,02,"crate (black, 2x stacked)",standard objects,12.0,99.37,76.19,71.28,73.23
07_Festplatz_Flugfeld_000001_000050,01,crate (black),standard objects,10.0,93.4,71.66,66.12,67.69
07_Festplatz_Flugfeld_000001_000060,03,"crate (black, upright)",standard objects,8.0,81.95,61.99,57.32,59.4
07_Festplatz_Flugfeld_000001_000060,02,"crate (black, 2x stacked)",standard objects,11.0,98.24,67.27,65.17,65.93
07_Festplatz_Flugfeld_000001_000060,01,crate (black),standard objects,8.0,86.4,68.08,62.51,65.19
07_Festplatz_Flugfeld_000001_000070,03,"crate (black, upright)",standard objects,9.0,76.92,60.51,56.16,57.82
07_Festplatz_Flugfeld_000001_000070,02,"crate (black, 2x stacked)",standard objects,11.0,99.53,75.03,67.55,69.92
07_Festplatz_Flugfeld_000001_000070,01,crate (black),standard objects,9.0,86.14,66.8,61.1,62.85
07_Festplatz_Flugfeld_000001_000080,03,"crate (black, upright)",standard objects,11.0,73.41,55.87,51.19,52.98
07_Festplatz_Flugfeld_000001_000080,02,"crate (black, 2x stacked)",standard objects,11.0,93.0,68.86,62.91,64.71
07_Festplatz_Flugfeld_000001_000080,01,crate (black),standard objects,9.0,87.15,61.76,57.19,58.82
07_Festplatz_Flugfeld_000001_000090,03,"crate (black, upright)",standard objects,10.0,66.59,53.23,49.53,50.79
07_Festplatz_Flugfeld_000001_000090,02,"crate (black, 2x stacked)",standard objects,13.0,89.45,62.67,59.02,60.41
07_Festplatz_Flugfeld_000001_000090,01,crate (black),standard objects,10.0,80.12,59.63,55.11,56.76
07_Festplatz_Flugfeld_000001_000100,03,"crate (black, upright)",standard objects,10.0,63.14,50.96,47.68,48.83
07_Festplatz_Flugfeld_000001_000100,02,"crate (black, 2x stacked)",standard objects,13.0,82.74,64.11,57.56,60.06
07_Festplatz_Flugfeld_000001_000100,01,crate (black),standard objects,10.0,74.22,56.92,53.05,54.35
07_Festplatz_Flugfeld_000001_000110,03,"crate (black, upright)",standard objects,12.0,58.42,47.08,44.08,45.14
07_Festplatz_Flugfeld_000001_000110,02,"crate (black, 2x stacked)",standard objects,15.0,77.99,57.73,53.08,55.01
07_Festplatz_Flugfeld_000001_000110,01,crate (black),standard objects,11.0,70.76,51.23,47.43,48.8
07_Festplatz_Flugfeld_000001_000120,03,"crate (black, upright)",standard objects,13.0,52.22,44.07,41.66,42.55
07_Festplatz_Flugfeld_000001_000120,02,"crate (black, 2x stacked)",standard objects,14.0,70.93,57.26,52.33,54.26
07_Festplatz_Flugfeld_000001_000120,01,crate (black),standard objects,11.0,64.13,50.14,46.79,47.94
07_Festplatz_Flugfeld_000001_000130,03,"crate (black, upright)",standard objects,14.0,47.56,39.65,38.47,38.96
07_Festplatz_Flugfeld_000001_000130,02,"crate (black, 2x stacked)",standard objects,16.0,67.85,54.54,49.7,51.4
07_Festplatz_Flugfeld_000001_000130,01,crate (black),standard objects,13.0,61.19,45.98,43.6,44.34
07_Festplatz_Flugfeld_000001_000140,03,"crate (black, upright)",standard objects,16.0,43.2,37.91,36.43,36.94
07_Festplatz_Flugfeld_000001_000140,02,"crate (black, 2x stacked)",standard objects,18.0,61.89,48.3,45.83,46.8
07_Festplatz_Flugfeld_000001_000140,01,crate (black),standard objects,15.0,56.38,44.08,42.35,43.1
07_Festplatz_Flugfeld_000001_000150,03,"crate (black, upright)",standard objects,17.0,38.11,33.09,32.25,32.59
07_Festplatz_Flugfeld_000001_000150,02,"crate (black, 2x stacked)",standard objects,19.0,56.3,45.47,42.49,43.42
07_Festplatz_Flugfeld_000001_000150,01,crate (black),standard objects,15.0,51.97,38.24,37.45,37.73
07_Festplatz_Flugfeld_000001_000160,03,"crate (black, upright)",standard objects,20.0,34.27,29.09,28.6,28.76
07_Festplatz_Flugfeld_000001_000160,02,"crate (black, 2x stacked)",standard objects,21.0,50.39,39.28,37.78,38.15
07_Festplatz_Flugfeld_000001_000160,01,crate (black),standard objects,17.0,47.37,35.69,34.76,35.0
07_Festplatz_Flugfeld_000001_000170,02,"crate (black, 2x stacked)",standard objects,22.0,45.74,38.39,37.68,37.94
07_Festplatz_Flugfeld_000001_000170,03,"crate (black, upright)",standard objects,24.0,28.87,28.43,28.05,28.2
07_Festplatz_Flugfeld_000001_000170,01,crate (black),standard objects,20.0,42.13,34.92,34.12,34.45
07_Festplatz_Flugfeld_000001_000180,03,"crate (black, upright)",standard objects,28.0,24.93,26.05,25.68,25.78
07_Festplatz_Flugfeld_000001_000180,02,"crate (black, 2x stacked)",standard objects,27.0,41.72,36.85,36.17,36.3
07_Festplatz_Flugfeld_000001_000180,01,crate (black),standard objects,21.0,36.97,33.17,32.32,32.68
07_Festplatz_Flugfeld_000001_000190,03,"crate (black, upright)",standard objects,31.0,20.76,20.71,20.46,20.55
07_Festplatz_Flugfeld_000001_000190,02,"crate (black, 2x stacked)",standard objects,29.0,36.92,33.57,32.73,33.09
07_Festplatz_Flugfeld_000001_000190,01,crate (black),standard objects,23.0,33.32,28.99,28.51,28.69
07_Festplatz_Flugfeld_000001_000200,03,"crate (black, upright)",standard objects,42.0,16.73,17.72,17.53,17.62
07_Festplatz_Flugfeld_000001_000200,02,"crate (black, 2x stacked)",standard objects,32.0,32.75,31.77,31.26,31.41
07_Festplatz_Flugfeld_000001_000200,01,crate (black),standard objects,28.0,29.38,27.66,26.91,27.15
07_Festplatz_Flugfeld_000001_000210,03,"crate (black, upright)",standard objects,52.0,13.15,16.07,15.96,16.01
07_Festplatz_Flugfeld_000001_000210,02,"crate (black, 2x stacked)",standard objects,37.0,28.95,31.93,31.65,31.72
07_Festplatz_Flugfeld_000001_000210,01,crate (black),standard objects,32.0,25.53,27.06,26.73,26.84
07_Festplatz_Flugfeld_000001_000220,03,"crate (black, upright)",standard objects,72.0,9.81,13.38,13.26,13.3
07_Festplatz_Flugfeld_000001_000220,02,"crate (black, 2x stacked)",standard objects,40.0,25.64,31.62,31.22,31.34
07_Festplatz_Flugfeld_000001_000220,01,crate (black),standard objects,38.0,22.7,26.83,26.67,26.76
07_Festplatz_Flugfeld_000001_000230,02,"crate (black, 2x stacked)",standard objects,48.0,23.07,26.07,25.78,25.87
07_Festplatz_Flugfeld_000001_000230,01,crate (black),standard objects,41.0,19.47,21.21,20.96,21.08
07_Festplatz_Flugfeld_000001_000230,03,"crate (black, upright)",standard objects,103.0,7.16,9.16,9.04,9.1
07_Festplatz_Flugfeld_000002_000190,08,cardboard box,random hazards,11.0,86.86,63.85,57.74,60.0
07_Festplatz_Flugfeld_000002_000190,07,bumper,random hazards,17.0,99.53,73.62,65.74,69.0
07_Festplatz_Flugfeld_000002_000200,08,cardboard box,random hazards,9.0,84.2,60.74,56.4,58.17
07_Festplatz_Flugfeld_000002_000200,07,bumper,random hazards,19.0,96.91,70.44,63.87,66.79
07_Festplatz_Flugfeld_000002_000210,08,cardboard box,random hazards,10.0,86.45,62.22,57.27,58.67
07_Festplatz_Flugfeld_000002_000210,07,bumper,random hazards,18.0,92.53,71.56,66.22,68.87
07_Festplatz_Flugfeld_000002_000220,08,cardboard box,random hazards,10.0,82.79,62.47,57.11,58.8
07_Festplatz_Flugfeld_000002_000220,07,bumper,random hazards,18.0,91.16,68.52,64.86,66.88
07_Festplatz_Flugfeld_000002_000230,08,cardboard box,random hazards,11.0,76.87,55.99,51.22,52.95
07_Festplatz_Flugfeld_000002_000230,07,bumper,random hazards,18.0,84.86,61.97,58.01,59.72
07_Festplatz_Flugfeld_000002_000240,08,cardboard box,random hazards,12.0,74.52,55.17,50.92,52.63
07_Festplatz_Flugfeld_000002_000240,07,bumper,random hazards,18.0,85.14,63.78,59.8,61.92
07_Festplatz_Flugfeld_000002_000250,08,cardboard box,random hazards,13.0,70.26,50.42,46.24,47.71
07_Festplatz_Flugfeld_000002_000250,07,bumper,random hazards,21.0,81.85,58.59,53.6,55.67
07_Festplatz_Flugfeld_000002_000260,08,cardboard box,random hazards,13.0,66.52,49.87,47.15,48.06
07_Festplatz_Flugfeld_000002_000260,07,bumper,random hazards,22.0,79.18,59.96,56.71,58.56
07_Festplatz_Flugfeld_000002_000270,08,cardboard box,random hazards,14.0,65.08,45.92,43.57,44.43
07_Festplatz_Flugfeld_000002_000270,07,bumper,random hazards,23.0,74.13,55.01,52.06,54.19
07_Festplatz_Flugfeld_000002_000280,08,cardboard box,random hazards,16.0,60.11,43.64,41.91,42.67
07_Festplatz_Flugfeld_000002_000280,07,bumper,random hazards,23.0,67.36,51.92,49.66,50.87
07_Festplatz_Flugfeld_000002_000290,08,cardboard box,random hazards,15.0,55.77,45.72,42.56,43.43
07_Festplatz_Flugfeld_000002_000290,07,bumper,random hazards,23.0,64.3,54.04,52.58,53.32
07_Festplatz_Flugfeld_000002_000300,08,cardboard box,random hazards,17.0,50.66,42.18,40.16,41.0
07_Festplatz_Flugfeld_000002_000300,07,bumper,random hazards,26.0,61.45,48.11,46.97,47.39
07_Festplatz_Flugfeld_000002_000310,08,cardboard box,random hazards,19.0,48.05,35.78,34.06,34.65
07_Festplatz_Flugfeld_000002_000310,07,bumper,random hazards,26.0,57.05,43.56,41.0,42.38
07_Festplatz_Flugfeld_000002_000320,08,cardboard box,random hazards,21.0,42.8,33.62,32.4,32.9
07_Festplatz_Flugfeld_000002_000320,07,bumper,random hazards,27.0,51.62,40.2,39.43,39.64
07_Festplatz_Flugfeld_000002_000330,08,cardboard box,random hazards,22.0,39.31,32.62,31.7,32.02
07_Festplatz_Flugfeld_000002_000330,07,bumper,random hazards,30.0,48.6,40.75,39.12,39.6
07_Festplatz_Flugfeld_000002_000340,08,cardboard box,random hazards,24.0,35.66,31.8,31.19,31.4
07_Festplatz_Flugfeld_000002_000340,07,bumper,random hazards,33.0,43.1,39.17,38.22,38.49
07_Festplatz_Flugfeld_000002_000350,08,cardboard box,random hazards,26.0,31.73,27.18,26.93,26.98
07_Festplatz_Flugfeld_000002_000350,07,bumper,random hazards,35.0,40.65,34.09,33.51,33.67
07_Festplatz_Flugfeld_000002_000360,08,cardboard box,random hazards,30.0,28.34,24.36,24.15,24.23
07_Festplatz_Flugfeld_000002_000360,07,bumper,random hazards,39.0,36.23,31.8,31.23,31.38
07_Festplatz_Flugfeld_000002_000370,08,cardboard box,random hazards,40.0,24.87,21.04,20.81,20.88
07_Festplatz_Flugfeld_000002_000370,07,bumper,random hazards,48.0,32.92,28.68,28.1,28.3
07_Festplatz_Flugfeld_000002_000380,08,cardboard box,random hazards,42.0,21.24,19.55,19.29,19.36
07_Festplatz_Flugfeld_000002_000380,07,bumper,random hazards,49.0,29.28,27.74,27.29,27.4
07_Festplatz_Flugfeld_000002_000390,08,cardboard box,random hazards,49.0,18.09,18.19,17.92,18.02
07_Festplatz_Flugfeld_000002_000390,07,bumper,random hazards,58.0,25.89,26.74,26.17,26.38
07_Festplatz_Flugfeld_000002_000400,08,cardboard box,random hazards,59.0,14.72,15.47,15.36,15.4
07_Festplatz_Flugfeld_000002_000400,07,bumper,random hazards,63.0,22.92,24.32,23.84,24.01
07_Festplatz_Flugfeld_000002_000410,08,cardboard box,random hazards,77.0,11.6,11.85,11.69,11.76
07_Festplatz_Flugfeld_000002_000410,07,bumper,random hazards,70.0,19.75,20.46,20.15,20.23
07_Festplatz_Flugfeld_000002_000420,07,bumper,random hazards,84.0,16.84,17.83,17.52,17.63
07_Festplatz_Flugfeld_000002_000420,08,cardboard box,random hazards,105.0,8.65,8.8,8.7,8.74
07_Festplatz_Flugfeld_000002_000430,07,bumper,random hazards,95.0,14.14,15.67,15.38,15.45
07_Festplatz_Flugfeld_000002_000440,07,bumper,random hazards,121.0,11.59,13.97,13.7,13.78
07_Festplatz_Flugfeld_000003_000080,34,styrofoam,random hazards,7.0,79.13,60.4,56.83,57.99
07_Festplatz_Flugfeld_000003_000080,07,bumper,random hazards,14.0,93.2,74.69,67.85,70.8
07_Festplatz_Flugfeld_000003_000090,34,styrofoam,random hazards,5.0,75.12,60.08,57.56,58.81
07_Festplatz_Flugfeld_000003_000090,07,bumper,random hazards,13.0,92.66,74.4,69.91,71.77
07_Festplatz_Flugfeld_000003_000100,34,styrofoam,random hazards,5.0,76.96,55.55,52.81,53.95
07_Festplatz_Flugfeld_000003_000100,07,bumper,random hazards,16.0,89.7,67.54,61.91,64.22
07_Festplatz_Flugfeld_000003_000110,34,styrofoam,random hazards,6.0,70.26,54.52,51.69,52.69
07_Festplatz_Flugfeld_000003_000110,07,bumper,random hazards,17.0,87.15,67.71,62.52,64.99
07_Festplatz_Flugfeld_000003_000120,34,styrofoam,random hazards,5.0,66.83,52.03,49.8,50.66
07_Festplatz_Flugfeld_000003_000120,07,bumper,random hazards,16.0,82.42,62.85,59.23,60.78
07_Festplatz_Flugfeld_000003_000130,34,styrofoam,random hazards,6.0,64.08,47.27,45.83,46.49
07_Festplatz_Flugfeld_000003_000130,07,bumper,random hazards,17.0,79.18,56.65,53.82,55.13
07_Festplatz_Flugfeld_000003_000140,34,styrofoam,random hazards,6.0,62.07,48.1,46.18,46.86
07_Festplatz_Flugfeld_000003_000140,07,bumper,random hazards,18.0,76.01,61.45,56.58,58.83
07_Festplatz_Flugfeld_000003_000150,34,styrofoam,random hazards,5.0,59.47,45.59,44.18,44.76
07_Festplatz_Flugfeld_000003_000150,07,bumper,random hazards,17.0,72.87,57.25,53.94,55.71
07_Festplatz_Flugfeld_000003_000160,34,styrofoam,random hazards,8.0,52.41,44.88,42.74,43.56
07_Festplatz_Flugfeld_000003_000160,07,bumper,random hazards,20.0,66.45,56.99,53.94,55.26
07_Festplatz_Flugfeld_000003_000170,34,styrofoam,random hazards,8.0,49.88,41.87,40.41,40.97
07_Festplatz_Flugfeld_000003_000170,07,bumper,random hazards,23.0,63.95,50.75,48.71,49.6
07_Festplatz_Flugfeld_000003_000180,34,styrofoam,random hazards,9.0,45.84,37.06,35.5,36.16
07_Festplatz_Flugfeld_000003_000180,07,bumper,random hazards,24.0,60.28,46.19,44.05,45.05
07_Festplatz_Flugfeld_000003_000190,34,styrofoam,random hazards,8.0,43.1,35.08,33.67,34.31
07_Festplatz_Flugfeld_000003_000190,07,bumper,random hazards,23.0,58.16,44.03,42.63,43.4
07_Festplatz_Flugfeld_000003_000200,34,styrofoam,random hazards,11.0,40.1,33.73,32.45,32.77
07_Festplatz_Flugfeld_000003_000200,07,bumper,random hazards,25.0,53.63,42.7,41.41,42.0
07_Festplatz_Flugfeld_000003_000210,34,styrofoam,random hazards,12.0,36.15,30.19,29.24,29.53
07_Festplatz_Flugfeld_000003_000210,07,bumper,random hazards,28.0,51.13,40.88,39.32,40.1
07_Festplatz_Flugfeld_000003_000220,34,styrofoam,random hazards,13.0,32.7,27.76,27.13,27.42
07_Festplatz_Flugfeld_000003_000220,07,bumper,random hazards,29.0,47.44,38.13,37.33,37.65
07_Festplatz_Flugfeld_000003_000230,34,styrofoam,random hazards,17.0,29.19,27.19,26.32,26.64
07_Festplatz_Flugfeld_000003_000230,07,bumper,random hazards,31.0,43.27,37.45,36.31,36.64
07_Festplatz_Flugfeld_000003_000240,34,styrofoam,random hazards,17.0,25.79,26.43,25.69,26.03
07_Festplatz_Flugfeld_000003_000240,07,bumper,random hazards,32.0,41.34,34.65,33.81,34.05
07_Festplatz_Flugfeld_000003_000250,34,styrofoam,random hazards,19.0,22.5,22.65,21.81,22.18
07_Festplatz_Flugfeld_000003_000250,07,bumper,random hazards,35.0,37.0,32.68,31.84,32.11
07_Festplatz_Flugfeld_000003_000260,34,styrofoam,random hazards,25.0,18.93,19.24,18.48,18.8
07_Festplatz_Flugfeld_000003_000260,07,bumper,random hazards,38.0,34.24,28.81,28.06,28.25
07_Festplatz_Flugfeld_000003_000270,34,styrofoam,random hazards,28.0,15.5,16.3,15.84,16.03
07_Festplatz_Flugfeld_000003_000270,07,bumper,random hazards,43.0,30.74,27.25,26.66,26.81
07_Festplatz_Flugfeld_000003_000280,34,styrofoam,random hazards,32.0,11.85,13.8,13.53,13.6
07_Festplatz_Flugfeld_000003_000280,07,bumper,random hazards,51.0,26.76,25.47,24.76,24.9
07_Festplatz_Flugfeld_000003_000290,34,styrofoam,random hazards,53.0,8.0,9.95,9.73,9.8
07_Festplatz_Flugfeld_000003_000290,07,bumper,random hazards,56.0,23.24,23.64,23.33,23.43
07_Festplatz_Flugfeld_000003_000300,07,bumper,random hazards,73.0,19.75,20.5,20.06,20.21
07_Festplatz_Flugfeld_000003_000310,07,bumper,random hazards,88.0,16.45,16.54,15.8,16.09
07_Festplatz_Flugfeld_000003_000320,07,bumper,random hazards,114.0,13.15,14.64,13.98,14.23
07_Festplatz_Flugfeld_000003_000330,07,bumper,random hazards,154.0,10.12,12.71,12.09,12.34
07_Festplatz_Flugfeld_000003_000340,07,bumper,random hazards,215.0,7.54,9.14,8.47,8.76
07_Festplatz_Flugfeld_000004_000030,08,cardboard box,random hazards,11.0,57.07,44.78,41.96,43.06
07_Festplatz_Flugfeld_000004_000030,20,tire,random hazards,14.0,51.41,39.73,38.5,39.13
07_Festplatz_Flugfeld_000004_000040,08,cardboard box,random hazards,10.0,55.79,43.4,40.89,41.77
07_Festplatz_Flugfeld_000004_000040,20,tire,random hazards,15.0,50.01,39.12,37.25,37.93
07_Festplatz_Flugfeld_000004_000050,08,cardboard box,random hazards,10.0,56.5,43.81,41.66,42.44
07_Festplatz_Flugfeld_000004_000050,20,tire,random hazards,16.0,48.47,38.02,36.84,37.45
07_Festplatz_Flugfeld_000004_000060,08,cardboard box,random hazards,10.0,51.6,44.38,42.11,42.98
07_Festplatz_Flugfeld_000004_000060,20,tire,random hazards,15.0,48.55,39.59,38.25,38.88
07_Festplatz_Flugfeld_000004_000070,08,cardboard box,random hazards,10.0,50.41,41.13,39.42,40.08
07_Festplatz_Flugfeld_000004_000070,20,tire,random hazards,17.0,45.61,35.54,34.86,35.19
07_Festplatz_Flugfeld_000004_000080,08,cardboard box,random hazards,11.0,47.77,39.96,38.5,39.09
07_Festplatz_Flugfeld_000004_000080,20,tire,random hazards,17.0,44.14,34.83,34.37,34.59
07_Festplatz_Flugfeld_000004_000090,08,cardboard box,random hazards,12.0,45.95,38.94,37.24,37.95
07_Festplatz_Flugfeld_000004_000090,20,tire,random hazards,18.0,41.41,32.62,32.01,32.38
07_Festplatz_Flugfeld_000004_000100,08,cardboard box,random hazards,12.0,43.65,36.45,35.4,35.82
07_Festplatz_Flugfeld_000004_000100,20,tire,random hazards,20.0,38.09,30.61,30.06,30.29
07_Festplatz_Flugfeld_000004_000110,08,cardboard box,random hazards,11.0,40.75,36.27,35.15,35.7
07_Festplatz_Flugfeld_000004_000110,20,tire,random hazards,22.0,33.82,30.58,30.07,30.31
07_Festplatz_Flugfeld_000004_000120,08,cardboard box,random hazards,14.0,36.31,33.22,32.2,32.73
07_Festplatz_Flugfeld_000004_000120,20,tire,random hazards,24.0,31.38,27.81,27.48,27.59
07_Festplatz_Flugfeld_000004_000130,08,cardboard box,random hazards,18.0,32.94,30.84,29.92,30.41
07_Festplatz_Flugfeld_000004_000130,20,tire,random hazards,29.0,28.1,24.66,24.42,24.49
07_Festplatz_Flugfeld_000004_000140,08,cardboard box,random hazards,18.0,30.37,28.1,27.47,27.73
07_Festplatz_Flugfeld_000004_000140,20,tire,random hazards,34.0,23.81,21.95,21.73,21.79
07_Festplatz_Flugfeld_000004_000150,08,cardboard box,random hazards,20.0,26.66,25.37,24.99,25.12
07_Festplatz_Flugfeld_000004_000150,20,tire,random hazards,38.0,20.29,19.02,18.8,18.88
07_Festplatz_Flugfeld_000004_000160,08,cardboard box,random hazards,21.0,23.61,22.35,22.07,22.18
07_Festplatz_Flugfeld_000004_000160,20,tire,random hazards,48.0,17.03,16.25,16.13,16.17
07_Festplatz_Flugfeld_000004_000170,08,cardboard box,random hazards,24.0,20.48,20.22,20.02,20.08
07_Festplatz_Flugfeld_000004_000170,20,tire,random hazards,56.0,13.72,13.92,13.79,13.83
07_Festplatz_Flugfeld_000004_000180,08,cardboard box,random hazards,28.0,17.31,18.11,17.95,18.02
07_Festplatz_Flugfeld_000004_000180,20,tire,random hazards,71.0,10.66,11.43,11.28,11.33
07_Festplatz_Flugfeld_000004_000190,08,cardboard box,random hazards,37.0,14.72,15.35,15.18,15.24
07_Festplatz_Flugfeld_000004_000190,20,tire,random hazards,100.0,7.87,8.82,8.72,8.75
07_Festplatz_Flugfeld_000004_000200,08,cardboard box,random hazards,44.0,11.83,12.95,12.84,12.88
07_Festplatz_Flugfeld_000004_000210,08,cardboard box,random hazards,61.0,9.21,10.27,10.17,10.21
07_Festplatz_Flugfeld_000004_000220,08,cardboard box,random hazards,80.0,6.89,7.94,7.86,7.88
07_Festplatz_Flugfeld_000005_000020,09,crate (blue),random hazards,12.0,45.74,43.04,40.72,41.74
07_Festplatz_Flugfeld_000005_000020,13,exhaust pipe,random hazards,15.0,49.41,42.85,39.92,41.03
07_Festplatz_Flugfeld_000005_000030,09,crate (blue),random hazards,13.0,45.87,40.22,37.59,38.5
07_Festplatz_Flugfeld_000005_000030,13,exhaust pipe,random hazards,16.0,48.42,41.41,38.65,39.52
07_Festplatz_Flugfeld_000005_000040,09,crate (blue),random hazards,12.0,43.7,42.15,39.97,40.87
07_Festplatz_Flugfeld_000005_000040,13,exhaust pipe,random hazards,12.0,47.9,42.31,40.0,40.89
07_Festplatz_Flugfeld_000005_000050,09,crate (blue),random hazards,13.0,43.17,41.53,39.23,40.05
07_Festplatz_Flugfeld_000005_000050,13,exhaust pipe,random hazards,16.0,48.38,42.71,39.78,40.88
07_Festplatz_Flugfeld_000005_000060,09,crate (blue),random hazards,13.0,42.14,40.06,38.23,38.88
07_Festplatz_Flugfeld_000005_000060,13,exhaust pipe,random hazards,16.0,45.16,40.63,38.43,39.29
07_Festplatz_Flugfeld_000005_000070,09,crate (blue),random hazards,15.0,39.95,36.16,34.74,35.36
07_Festplatz_Flugfeld_000005_000070,13,exhaust pipe,random hazards,15.0,44.99,38.49,36.22,37.06
07_Festplatz_Flugfeld_000005_000080,09,crate (blue),random hazards,14.0,37.31,35.62,33.56,34.24
07_Festplatz_Flugfeld_000005_000080,13,exhaust pipe,random hazards,15.0,41.95,36.34,34.24,34.98
07_Festplatz_Flugfeld_000005_000090,09,crate (blue),random hazards,16.0,35.7,33.42,31.78,32.43
07_Festplatz_Flugfeld_000005_000090,13,exhaust pipe,random hazards,20.0,39.95,34.52,32.48,33.24
07_Festplatz_Flugfeld_000005_000100,09,crate (blue),random hazards,16.0,32.85,32.02,31.14,31.57
07_Festplatz_Flugfeld_000005_000100,13,exhaust pipe,random hazards,20.0,37.78,34.5,32.52,33.24
07_Festplatz_Flugfeld_000005_000110,09,crate (blue),random hazards,19.0,30.38,28.89,28.14,28.46
07_Festplatz_Flugfeld_000005_000110,13,exhaust pipe,random hazards,19.0,34.33,31.45,29.62,30.17
07_Festplatz_Flugfeld_000005_000120,09,crate (blue),random hazards,19.0,27.73,26.0,25.47,25.65
07_Festplatz_Flugfeld_000005_000120,13,exhaust pipe,random hazards,27.0,31.85,28.59,26.54,27.25
07_Festplatz_Flugfeld_000005_000130,09,crate (blue),random hazards,25.0,24.88,24.36,23.87,23.99
07_Festplatz_Flugfeld_000005_000130,13,exhaust pipe,random hazards,29.0,28.88,27.18,25.2,25.77
07_Festplatz_Flugfeld_000005_000140,09,crate (blue),random hazards,26.0,21.7,22.23,21.87,21.96
07_Festplatz_Flugfeld_000005_000140,13,exhaust pipe,random hazards,29.0,25.85,24.39,23.47,23.82
07_Festplatz_Flugfeld_000005_000150,09,crate (blue),random hazards,31.0,18.88,19.01,18.77,18.83
07_Festplatz_Flugfeld_000005_000150,13,exhaust pipe,random hazards,31.0,23.06,21.29,20.27,20.51
07_Festplatz_Flugfeld_000005_000160,09,crate (blue),random hazards,38.0,15.82,16.74,16.58,16.63
07_Festplatz_Flugfeld_000005_000160,13,exhaust pipe,random hazards,37.0,19.94,19.48,18.69,18.95
07_Festplatz_Flugfeld_000005_000170,09,crate (blue),random hazards,44.0,12.9,14.1,14.04,14.06
07_Festplatz_Flugfeld_000005_000170,13,exhaust pipe,random hazards,43.0,17.13,16.94,16.5,16.62
07_Festplatz_Flugfeld_000005_000180,13,exhaust pipe,random hazards,54.0,14.19,14.74,14.41,14.54
07_Festplatz_Flugfeld_000005_000180,09,crate (blue),random hazards,61.0,10.04,11.58,11.51,11.55
07_Festplatz_Flugfeld_000005_000190,09,crate (blue),random hazards,90.0,7.07,8.3,8.21,8.25
07_Festplatz_Flugfeld_000005_000190,13,exhaust pipe,random hazards,73.0,11.34,11.93,11.73,11.77
07_Festplatz_Flugfeld_000005_000200,13,exhaust pipe,random hazards,99.0,8.56,9.45,9.34,9.37
15_Rechbergstr_Deckenpfronn_000000_000040,39,kid (walking),humans,52.0,44.16,47.46,46.28,46.68
15_Rechbergstr_Deckenpfronn_000000_000040,40,kid (on a bobby car),humans,48.0,43.18,47.16,46.23,46.59
15_Rechbergstr_Deckenpfronn_000000_000050,40,kid (on a bobby car),humans,51.0,43.23,46.94,45.82,46.24
15_Rechbergstr_Deckenpfronn_000000_000060,39,kid (walking),humans,28.0,44.4,48.18,47.46,47.79
15_Rechbergstr_Deckenpfronn_000000_000060,40,kid (on a bobby car),humans,48.0,43.39,46.94,45.95,46.29
15_Rechbergstr_Deckenpfronn_000000_000070,39,kid (walking),humans,31.0,45.04,48.66,47.55,48.05
15_Rechbergstr_Deckenpfronn_000000_000070,40,kid (on a bobby car),humans,49.0,43.31,47.31,46.0,46.49
15_Rechbergstr_Deckenpfronn_000000_000080,39,kid (walking),humans,50.0,45.09,46.27,44.85,45.63
15_Rechbergstr_Deckenpfronn_000000_000080,40,kid (on a bobby car),humans,50.0,43.24,47.13,46.08,46.52
15_Rechbergstr_Deckenpfronn_000000_000090,40,kid (on a bobby car),humans,50.0,43.31,45.76,44.51,45.0
15_Rechbergstr_Deckenpfronn_000000_000100,41,kid (on a small bobby car),humans,38.0,44.74,46.37,45.62,45.81
15_Rechbergstr_Deckenpfronn_000000_000100,40,kid (on a bobby car),humans,49.0,43.47,46.48,45.64,45.99
15_Rechbergstr_Deckenpfronn_000000_000110,41,kid (on a small bobby car),humans,38.0,46.37,47.78,46.73,47.08
15_Rechbergstr_Deckenpfronn_000000_000110,40,kid (on a bobby car),humans,46.0,43.64,47.2,46.05,46.41
15_Rechbergstr_Deckenpfronn_000000_000120,40,kid (on a bobby car),humans,45.0,44.11,47.58,46.67,47.02
15_Rechbergstr_Deckenpfronn_000000_000120,41,kid (on a small bobby car),humans,37.0,46.99,47.99,47.08,47.35
15_Rechbergstr_Deckenpfronn_000000_000130,40,kid (on a bobby car),humans,47.0,45.48,48.62,47.73,48.09
15_Rechbergstr_Deckenpfronn_000000_000130,41,kid (on a small bobby car),humans,36.0,47.81,48.59,47.29,47.69
15_Rechbergstr_Deckenpfronn_000000_000140,40,kid (on a bobby car),humans,46.0,47.36,48.52,47.52,47.83
15_Rechbergstr_Deckenpfronn_000000_000140,41,kid (on a small bobby car),humans,37.0,47.34,47.34,46.18,46.54
15_Rechbergstr_Deckenpfronn_000000_000150,40,kid (on a bobby car),humans,47.0,48.08,48.71,48.09,48.29
15_Rechbergstr_Deckenpfronn_000000_000150,41,kid (on a small bobby car),humans,38.0,47.74,47.75,46.34,46.74
15_Rechbergstr_Deckenpfronn_000000_000160,40,kid (on a bobby car),humans,47.0,47.93,48.16,47.44,47.68
15_Rechbergstr_Deckenpfronn_000000_000160,41,kid (on a small bobby car),humans,37.0,47.58,47.09,45.77,46.14
15_Rechbergstr_Deckenpfronn_000000_000170,40,kid (on a bobby car),humans,48.0,48.64,48.54,47.94,48.11
15_Rechbergstr_Deckenpfronn_000000_000170,41,kid (on a small bobby car),humans,37.0,47.76,47.32,46.11,46.48
15_Rechbergstr_Deckenpfronn_000000_000180,40,kid (on a bobby car),humans,48.0,47.81,48.55,48.01,48.18
15_Rechbergstr_Deckenpfronn_000000_000180,41,kid (on a small bobby car),humans,37.0,47.54,47.4,46.23,46.66
15_Rechbergstr_Deckenpfronn_000001_000040,41,kid (on a small bobby car),humans,25.0,62.59,63.99,61.21,62.14
15_Rechbergstr_Deckenpfronn_000001_000040,40,kid (on a bobby car),humans,12.0,67.15,68.86,66.82,67.52
15_Rechbergstr_Deckenpfronn_000001_000040,39,kid (walking),humans,34.0,64.3,67.19,64.92,65.53
15_Rechbergstr_Deckenpfronn_000001_000040,40,kid (on a bobby car),humans,28.0,62.68,64.35,63.64,63.8
15_Rechbergstr_Deckenpfronn_000001_000050,40,kid (on a bobby car),humans,25.0,63.6,66.24,65.02,65.61
15_Rechbergstr_Deckenpfronn_000001_000050,41,kid (on a small bobby car),humans,26.0,62.04,64.38,61.34,62.46
15_Rechbergstr_Deckenpfronn_000001_000050,39,kid (walking),humans,33.0,64.56,66.91,65.47,66.3
15_Rechbergstr_Deckenpfronn_000001_000050,40,kid (on a bobby car),humans,28.0,62.46,64.16,63.25,63.69
15_Rechbergstr_Deckenpfronn_000001_000060,41,kid (on a small bobby car),humans,26.0,61.57,66.41,63.65,64.53
15_Rechbergstr_Deckenpfronn_000001_000060,40,kid (on a bobby car),humans,27.0,63.86,69.56,67.54,68.89
15_Rechbergstr_Deckenpfronn_000001_000060,39,kid (walking),humans,35.0,64.82,69.09,68.35,68.87
15_Rechbergstr_Deckenpfronn_000001_000060,40,kid (on a bobby car),humans,30.0,62.71,66.0,65.36,65.74
15_Rechbergstr_Deckenpfronn_000001_000070,41,kid (on a small bobby car),humans,26.0,61.81,66.14,63.33,64.22
15_Rechbergstr_Deckenpfronn_000001_000070,40,kid (on a bobby car),humans,26.0,63.73,69.01,68.02,68.52
15_Rechbergstr_Deckenpfronn_000001_000070,39,kid (walking),humans,35.0,64.05,68.51,67.82,68.08
15_Rechbergstr_Deckenpfronn_000001_000070,40,kid (on a bobby car),humans,28.0,62.74,66.08,65.24,65.54
15_Rechbergstr_Deckenpfronn_000001_000080,40,kid (on a bobby car),humans,34.0,63.79,66.21,64.94,65.51
15_Rechbergstr_Deckenpfronn_000001_000080,41,kid (on a small bobby car),humans,27.0,62.37,65.02,62.22,63.15
15_Rechbergstr_Deckenpfronn_000001_000080,39,kid (walking),humans,35.0,63.64,66.66,65.69,66.23
15_Rechbergstr_Deckenpfronn_000001_000080,40,kid (on a bobby car),humans,29.0,62.98,64.62,64.05,64.23
15_Rechbergstr_Deckenpfronn_000001_000090,40,kid (on a bobby car),humans,28.0,63.56,65.58,64.31,64.76
15_Rechbergstr_Deckenpfronn_000001_000090,39,kid (walking),humans,34.0,63.76,66.46,65.07,65.6
15_Rechbergstr_Deckenpfronn_000001_000090,40,kid (on a bobby car),humans,27.0,62.13,64.06,63.73,63.77
15_Rechbergstr_Deckenpfronn_000001_000090,41,kid (on a small bobby car),humans,26.0,62.34,64.27,62.15,62.87
15_Rechbergstr_Deckenpfronn_000001_000100,40,kid (on a bobby car),humans,34.0,62.86,67.16,65.9,66.37
15_Rechbergstr_Deckenpfronn_000001_000100,41,kid (on a small bobby car),humans,27.0,62.46,64.59,62.52,63.3
15_Rechbergstr_Deckenpfronn_000001_000100,39,kid (walking),humans,33.0,62.98,66.22,65.6,65.75
15_Rechbergstr_Deckenpfronn_000001_000100,40,kid (on a bobby car),humans,17.0,62.19,65.3,65.18,65.24
15_Rechbergstr_Deckenpfronn_000001_000110,40,kid (on a bobby car),humans,36.0,62.8,66.4,65.14,65.56
15_Rechbergstr_Deckenpfronn_000001_000110,41,kid (on a small bobby car),humans,28.0,63.01,64.13,62.03,62.89
15_Rechbergstr_Deckenpfronn_000001_000110,40,kid (on a bobby car),humans,14.0,61.72,64.73,64.24,64.44
15_Rechbergstr_Deckenpfronn_000001_000120,41,kid (on a small bobby car),humans,26.0,61.54,63.15,60.95,61.89
15_Rechbergstr_Deckenpfronn_000001_000120,40,kid (on a bobby car),humans,18.0,61.81,63.48,63.08,63.24
15_Rechbergstr_Deckenpfronn_000001_000120,40,kid (on a bobby car),humans,36.0,63.86,64.96,63.48,63.92
15_Rechbergstr_Deckenpfronn_000001_000130,41,kid (on a small bobby car),humans,26.0,61.92,63.48,61.18,62.1
15_Rechbergstr_Deckenpfronn_000001_000130,40,kid (on a bobby car),humans,35.0,63.6,64.69,62.88,63.52
15_Rechbergstr_Deckenpfronn_000001_000130,40,kid (on a bobby car),humans,13.0,61.13,62.73,62.26,62.42
15_Rechbergstr_Deckenpfronn_000001_000140,41,kid (on a small bobby car),humans,28.0,61.72,65.33,62.42,63.6
15_Rechbergstr_Deckenpfronn_000001_000140,40,kid (on a bobby car),humans,22.0,60.56,66.28,65.72,66.07
15_Rechbergstr_Deckenpfronn_000001_000140,40,kid (on a bobby car),humans,35.0,63.76,68.62,66.78,67.39
15_Rechbergstr_Deckenpfronn_000001_000150,41,kid (on a small bobby car),humans,27.0,61.75,65.63,62.95,64.01
15_Rechbergstr_Deckenpfronn_000001_000150,40,kid (on a bobby car),humans,39.0,63.51,68.7,66.28,67.05
15_Rechbergstr_Deckenpfronn_000001_000150,40,kid (on a bobby car),humans,20.0,60.87,66.15,65.12,65.75
15_Rechbergstr_Deckenpfronn_000001_000160,41,kid (on a small bobby car),humans,26.0,61.81,65.1,62.66,63.62
15_Rechbergstr_Deckenpfronn_000001_000160,40,kid (on a bobby car),humans,36.0,64.53,68.19,66.06,66.77
15_Rechbergstr_Deckenpfronn_000001_000160,40,kid (on a bobby car),humans,21.0,62.13,65.75,64.87,65.25
15_Rechbergstr_Deckenpfronn_000001_000170,41,kid (on a small bobby car),humans,26.0,61.98,65.17,62.77,63.64
15_Rechbergstr_Deckenpfronn_000001_000170,40,kid (on a bobby car),humans,12.0,64.53,68.65,67.38,67.88
15_Rechbergstr_Deckenpfronn_000001_000170,40,kid (on a bobby car),humans,29.0,64.01,66.74,65.63,65.98
15_Rechbergstr_Deckenpfronn_000001_000170,39,kid (walking),humans,30.0,64.08,67.35,65.89,66.37
15_Rechbergstr_Deckenpfronn_000001_000170,40,kid (on a bobby car),humans,29.0,62.34,64.96,64.16,64.54
15_Rechbergstr_Deckenpfronn_000001_000180,41,kid (on a small bobby car),humans,27.0,62.16,65.17,62.73,63.5
15_Rechbergstr_Deckenpfronn_000001_000180,40,kid (on a bobby car),humans,12.0,65.64,68.6,67.38,67.9
15_Rechbergstr_Deckenpfronn_000001_000180,40,kid (on a bobby car),humans,27.0,63.86,66.55,64.67,65.41
15_Rechbergstr_Deckenpfronn_000001_000180,39,kid (walking),humans,31.0,65.21,67.9,65.98,66.65
15_Rechbergstr_Deckenpfronn_000001_000180,40,kid (on a bobby car),humans,28.0,62.46,63.98,62.7,63.2
15_Rechbergstr_Deckenpfronn_000001_000190,41,kid (on a small bobby car),humans,26.0,61.66,66.05,63.5,64.49
15_Rechbergstr_Deckenpfronn_000001_000190,40,kid (on a bobby car),humans,13.0,64.41,69.74,67.83,68.43
15_Rechbergstr_Deckenpfronn_000001_000190,39,kid (walking),humans,30.0,63.95,68.03,66.9,67.28
15_Rechbergstr_Deckenpfronn_000001_000190,40,kid (on a bobby car),humans,38.0,61.63,64.46,63.25,63.72
15_Rechbergstr_Deckenpfronn_000001_000200,40,kid (on a bobby car),humans,15.0,68.36,69.0,65.49,67.23
15_Rechbergstr_Deckenpfronn_000001_000200,39,kid (walking),humans,22.0,67.5,66.7,63.41,64.49
15_Rechbergstr_Deckenpfronn_000001_000200,41,kid (on a small bobby car),humans,27.0,62.22,64.43,62.09,62.93
15_Rechbergstr_Deckenpfronn_000001_000200,40,kid (on a bobby car),humans,29.0,61.89,61.3,60.82,60.83
15_Rechbergstr_Deckenpfronn_000001_000210,41,kid (on a small bobby car),humans,26.0,61.89,65.5,63.0,63.86
15_Rechbergstr_Deckenpfronn_000001_000210,40,kid (on a bobby car),humans,15.0,63.29,66.29,63.94,65.28
15_Rechbergstr_Deckenpfronn_000001_000210,40,kid (on a bobby car),humans,34.0,61.13,62.0,60.83,61.13
15_Rechbergstr_Deckenpfronn_000001_000220,41,kid (on a small bobby car),humans,26.0,62.07,64.93,62.46,63.34
15_Rechbergstr_Deckenpfronn_000001_000220,40,kid (on a bobby car),humans,21.0,64.59,67.19,66.22,66.77
15_Rechbergstr_Deckenpfronn_000001_000220,40,kid (on a bobby car),humans,34.0,60.93,61.77,60.83,61.09
15_Rechbergstr_Deckenpfronn_000001_000230,40,kid (on a bobby car),humans,18.0,64.33,66.21,65.2,65.72
15_Rechbergstr_Deckenpfronn_000001_000230,41,kid (on a small bobby car),humans,27.0,62.65,65.02,62.41,63.7
15_Rechbergstr_Deckenpfronn_000001_000230,40,kid (on a bobby car),humans,34.0,60.67,60.34,59.44,59.78
15_Rechbergstr_Deckenpfronn_000001_000240,40,kid (on a bobby car),humans,20.0,64.33,66.45,64.8,65.5
15_Rechbergstr_Deckenpfronn_000001_000240,41,kid (on a small bobby car),humans,26.0,61.6,65.25,64.07,64.2
15_Rechbergstr_Deckenpfronn_000001_000240,40,kid (on a bobby car),humans,33.0,61.72,61.01,60.05,60.35
15_Rechbergstr_Deckenpfronn_000001_000250,40,kid (on a bobby car),humans,16.0,63.42,64.67,63.78,64.17
15_Rechbergstr_Deckenpfronn_000001_000250,41,kid (on a small bobby car),humans,26.0,62.8,64.17,63.56,63.69
15_Rechbergstr_Deckenpfronn_000001_000250,40,kid (on a bobby car),humans,34.0,61.81,61.37,60.82,60.94
15_Rechbergstr_Deckenpfronn_000001_000260,40,kid (on a bobby car),humans,21.0,62.43,65.53,64.58,64.98
15_Rechbergstr_Deckenpfronn_000001_000260,41,kid (on a small bobby car),humans,26.0,61.88,63.83,62.71,63.2
15_Rechbergstr_Deckenpfronn_000001_000260,40,kid (on a bobby car),humans,33.0,61.84,61.24,60.33,60.57
15_Rechbergstr_Deckenpfronn_000001_000270,41,kid (on a small bobby car),humans,26.0,61.84,65.01,63.77,64.26
15_Rechbergstr_Deckenpfronn_000001_000270,40,kid (on a bobby car),humans,33.0,61.78,63.5,62.71,62.88
15_Rechbergstr_Deckenpfronn_000001_000270,39,kid (walking),humans,33.0,64.43,67.25,66.69,66.77
15_Rechbergstr_Deckenpfronn_000001_000280,39,kid (walking),humans,33.0,64.46,67.38,67.28,67.29
15_Rechbergstr_Deckenpfronn_000001_000280,39,kid (walking),humans,33.0,63.98,67.27,66.11,67.05
15_Rechbergstr_Deckenpfronn_000001_000280,40,kid (on a bobby car),humans,33.0,61.98,63.15,61.72,62.07
15_Rechbergstr_Deckenpfronn_000001_000290,41,kid (on a small bobby car),humans,26.0,61.87,63.17,61.79,62.21
15_Rechbergstr_Deckenpfronn_000001_000290,40,kid (on a bobby car),humans,34.0,61.63,62.08,61.02,61.29
15_Rechbergstr_Deckenpfronn_000001_000290,39,kid (walking),humans,33.0,63.7,68.4,67.4,67.78
15_Rechbergstr_Deckenpfronn_000001_000290,39,kid (walking),humans,34.0,63.57,67.34,66.92,67.21
15_Rechbergstr_Deckenpfronn_000001_000300,40,kid (on a bobby car),humans,34.0,62.04,62.77,60.54,61.15
15_Rechbergstr_Deckenpfronn_000001_000300,41,kid (on a small bobby car),humans,26.0,62.46,64.66,63.55,64.01
15_Rechbergstr_Deckenpfronn_000001_000300,39,kid (walking),humans,33.0,63.89,68.33,67.56,67.81
15_Rechbergstr_Deckenpfronn_000001_000300,39,kid (walking),humans,34.0,64.21,67.85,66.99,67.29
15_Rechbergstr_Deckenpfronn_000002_000130,40,kid (on a bobby car),humans,57.0,41.8,42.63,41.66,42.18
15_Rechbergstr_Deckenpfronn_000002_000140,40,kid (on a bobby car),humans,55.0,37.5,41.73,40.69,41.06
15_Rechbergstr_Deckenpfronn_000002_000150,40,kid (on a bobby car),humans,60.0,35.88,38.85,38.38,38.55
15_Rechbergstr_Deckenpfronn_000002_000160,40,kid (on a bobby car),humans,63.0,33.36,36.64,36.09,36.33
15_Rechbergstr_Deckenpfronn_000002_000170,40,kid (on a bobby car),humans,66.0,31.83,33.23,32.97,33.08
15_Rechbergstr_Deckenpfronn_000002_000180,40,kid (on a bobby car),humans,71.0,31.04,31.39,31.06,31.24
15_Rechbergstr_Deckenpfronn_000003_000120,40,kid (on a bobby car),humans,59.0,36.89,42.6,41.15,41.67
15_Rechbergstr_Deckenpfronn_000003_000130,40,kid (on a bobby car),humans,62.0,35.36,39.44,38.13,38.64
15_Rechbergstr_Deckenpfronn_000003_000140,40,kid (on a bobby car),humans,67.0,31.98,35.57,34.61,34.97
15_Rechbergstr_Deckenpfronn_000003_000150,40,kid (on a bobby car),humans,70.0,30.42,31.21,30.59,30.82
15_Rechbergstr_Deckenpfronn_000003_000160,40,kid (on a bobby car),humans,76.0,28.11,30.41,29.86,29.99
15_Rechbergstr_Deckenpfronn_000003_000170,40,kid (on a bobby car),humans,83.0,25.69,28.11,27.52,27.65
15_Rechbergstr_Deckenpfronn_000004_000150,41,kid (on a small bobby car),humans,40.0,42.73,44.27,43.39,43.57
15_Rechbergstr_Deckenpfronn_000004_000160,41,kid (on a small bobby car),humans,41.0,40.22,43.2,42.13,42.45
15_Rechbergstr_Deckenpfronn_000004_000170,41,kid (on a small bobby car),humans,44.0,37.22,41.57,40.44,40.76
15_Rechbergstr_Deckenpfronn_000004_000180,41,kid (on a small bobby car),humans,48.0,35.79,39.07,37.87,38.17
15_Rechbergstr_Deckenpfronn_000004_000190,41,kid (on a small bobby car),humans,51.0,32.83,36.69,35.5,35.71
15_Rechbergstr_Deckenpfronn_000004_000200,41,kid (on a small bobby car),humans,56.0,31.3,33.57,32.27,32.59
15_Rechbergstr_Deckenpfronn_000004_000210,41,kid (on a small bobby car),humans,59.0,28.25,30.43,29.81,30.08
15_Rechbergstr_Deckenpfronn_000004_000220,41,kid (on a small bobby car),humans,65.0,25.91,28.53,28.19,28.26
15_Rechbergstr_Deckenpfronn_000004_000230,41,kid (on a small bobby car),humans,71.0,23.51,25.88,25.59,25.68
15_Rechbergstr_Deckenpfronn_000004_000240,41,kid (on a small bobby car),humans,79.0,21.23,23.12,22.93,23.02
15_Rechbergstr_Deckenpfronn_000004_000250,41,kid (on a small bobby car),humans,87.0,19.39,21.46,21.27,21.38
15_Rechbergstr_Deckenpfronn_000004_000260,41,kid (on a small bobby car),humans,95.0,17.54,19.65,19.47,19.54
15_Rechbergstr_Deckenpfronn_000004_000270,41,kid (on a small bobby car),humans,108.0,15.74,17.71,17.46,17.59
15_Rechbergstr_Deckenpfronn_000004_000280,41,kid (on a small bobby car),humans,120.0,14.11,16.16,15.83,15.95
15_Rechbergstr_Deckenpfronn_000004_000290,41,kid (on a small bobby car),humans,132.0,13.19,15.04,14.89,14.96
15_Rechbergstr_Deckenpfronn_000005_000020,42,kid (crawling),humans,85.0,12.41,14.11,13.91,13.98
15_Rechbergstr_Deckenpfronn_000005_000030,42,kid (crawling),humans,82.0,12.47,14.1,13.87,13.97
15_Rechbergstr_Deckenpfronn_000005_000040,42,kid (crawling),humans,84.0,12.54,14.51,14.34,14.4
15_Rechbergstr_Deckenpfronn_000005_000050,42,kid (crawling),humans,82.0,12.6,14.6,14.38,14.44
15_Rechbergstr_Deckenpfronn_000005_000060,42,kid (crawling),humans,74.0,12.66,14.6,14.4,14.46
15_Rechbergstr_Deckenpfronn_000005_000070,42,kid (crawling),humans,67.0,12.69,14.26,14.07,14.14
15_Rechbergstr_Deckenpfronn_000005_000080,42,kid (crawling),humans,68.0,12.68,14.2,14.03,14.08
15_Rechbergstr_Deckenpfronn_000005_000090,42,kid (crawling),humans,69.0,12.71,14.37,14.24,14.28
15_Rechbergstr_Deckenpfronn_000005_000100,42,kid (crawling),humans,76.0,12.71,14.27,14.13,14.16
15_Rechbergstr_Deckenpfronn_000006_000090,39,kid (walking),humans,45.0,48.24,51.3,49.81,50.53
15_Rechbergstr_Deckenpfronn_000006_000100,39,kid (walking),humans,47.0,45.15,50.57,48.77,49.87
15_Rechbergstr_Deckenpfronn_000006_000110,39,kid (walking),humans,49.0,43.56,45.63,44.86,45.25
15_Rechbergstr_Deckenpfronn_000006_000120,39,kid (walking),humans,52.0,42.37,44.74,44.0,44.19
15_Rechbergstr_Deckenpfronn_000006_000130,39,kid (walking),humans,53.0,41.58,41.57,40.93,41.18
15_Rechbergstr_Deckenpfronn_000006_000140,39,kid (walking),humans,55.0,40.46,41.01,40.62,40.77
15_Rechbergstr_Deckenpfronn_000006_000160,39,kid (walking),humans,68.0,36.15,39.41,38.64,38.95
15_Rechbergstr_Deckenpfronn_000006_000170,39,kid (walking),humans,72.0,33.22,41.5,39.89,40.33
15_Rechbergstr_Deckenpfronn_000006_000180,39,kid (walking),humans,75.0,31.62,36.39,34.95,35.63
15_Rechbergstr_Deckenpfronn_000006_000190,39,kid (walking),humans,79.0,29.68,34.38,33.36,33.68
15_Rechbergstr_Deckenpfronn_000006_000200,39,kid (walking),humans,84.0,28.1,30.62,29.55,29.99
15_Rechbergstr_Deckenpfronn_000006_000210,39,kid (walking),humans,89.0,26.16,27.11,26.75,26.87
15_Rechbergstr_Deckenpfronn_000006_000220,39,kid (walking),humans,98.0,25.04,26.02,25.77,25.88
15_Rechbergstr_Deckenpfronn_000006_000230,39,kid (walking),humans,103.0,23.08,24.85,24.61,24.7
15_Rechbergstr_Deckenpfronn_000006_000230,39,kid (walking),humans,95.0,23.73,27.09,26.7,26.85
15_Rechbergstr_Deckenpfronn_000006_000240,39,kid (walking),humans,101.0,22.19,25.38,24.77,24.93
15_Rechbergstr_Deckenpfronn_000006_000250,39,kid (walking),humans,110.0,20.55,23.51,23.1,23.27
15_Rechbergstr_Deckenpfronn_000006_000260,39,kid (walking),humans,118.0,19.23,21.82,21.39,21.58
15_Rechbergstr_Deckenpfronn_000006_000270,39,kid (walking),humans,126.0,18.01,19.77,19.49,19.58
15_Rechbergstr_Deckenpfronn_000006_000280,39,kid (walking),humans,135.0,16.78,18.39,18.22,18.27
15_Rechbergstr_Deckenpfronn_000006_000320,39,kid (walking),humans,198.0,11.95,13.91,13.65,13.76
15_Rechbergstr_Deckenpfronn_000006_000330,39,kid (walking),humans,208.0,11.0,13.04,12.81,12.91
15_Rechbergstr_Deckenpfronn_000006_000340,39,kid (walking),humans,218.0,10.55,12.34,12.15,12.22
15_Rechbergstr_Deckenpfronn_000006_000350,39,kid (walking),humans,233.0,10.21,12.18,11.98,12.02
15_Rechbergstr_Deckenpfronn_000007_000050,39,kid (walking),humans,46.0,50.76,52.15,51.21,51.78
15_Rechbergstr_Deckenpfronn_000007_000060,39,kid (walking),humans,46.0,50.35,51.66,50.59,51.37
15_Rechbergstr_Deckenpfronn_000007_000070,39,kid (walking),humans,45.0,49.94,51.98,50.94,51.58
15_Rechbergstr_Deckenpfronn_000007_000080,39,kid (walking),humans,47.0,49.5,51.37,49.89,51.18
15_Rechbergstr_Deckenpfronn_000007_000090,39,kid (walking),humans,48.0,49.38,50.27,49.29,49.96
15_Rechbergstr_Deckenpfronn_000007_000150,39,kid (walking),humans,64.0,38.21,39.4,38.4,39.06
15_Rechbergstr_Deckenpfronn_000007_000160,39,kid (walking),humans,65.0,36.33,40.87,39.27,39.91
15_Rechbergstr_Deckenpfronn_000007_000170,39,kid (walking),humans,68.0,34.63,37.08,35.24,36.04
15_Rechbergstr_Deckenpfronn_000007_000180,39,kid (walking),humans,74.0,31.96,35.91,34.01,34.84
15_Rechbergstr_Deckenpfronn_000007_000190,39,kid (walking),humans,78.0,29.63,32.89,31.22,32.19
15_Rechbergstr_Deckenpfronn_000007_000200,39,kid (walking),humans,84.0,27.9,30.73,30.07,30.4
15_Rechbergstr_Deckenpfronn_000007_000230,39,kid (walking),humans,98.0,22.7,35.09,26.8,29.29
15_Rechbergstr_Deckenpfronn_000007_000240,39,kid (walking),humans,105.0,21.11,26.26,25.72,25.93
15_Rechbergstr_Deckenpfronn_000007_000250,39,kid (walking),humans,110.0,19.78,25.2,24.7,24.98
15_Rechbergstr_Deckenpfronn_000007_000260,39,kid (walking),humans,117.0,18.57,24.4,24.04,24.24
15_Rechbergstr_Deckenpfronn_000007_000270,39,kid (walking),humans,125.0,17.83,22.5,22.29,22.37
15_Rechbergstr_Deckenpfronn_000007_000280,39,kid (walking),humans,132.0,16.9,21.15,20.63,20.79
15_Rechbergstr_Deckenpfronn_000007_000350,39,kid (walking),humans,150.0,14.55,19.4,19.25,19.28
15_Rechbergstr_Deckenpfronn_000007_000360,39,kid (walking),humans,152.0,14.74,19.28,18.95,19.08
