frame,scene,condition,class,category,predicted_class,visibility,box_height_px,true_centre_m,true_nearest_surface_m,lateral_gap_m,metric3d-v2-large-fp16_median,metric3d-v2-large-fp16_p10,metric3d-v2-large-fp16_p25,in_path
e3d495d4ac534d54b321f50006683844,scene-0061,day,barrier,movable_object.barrier,labelled outline,v80-100,63.5,26.31,25.27,7.37,24.91,22.99,23.74,False
e3d495d4ac534d54b321f50006683844,scene-0061,day,barrier,movable_object.barrier,labelled outline,v80-100,57.6,28.28,27.24,7.51,26.9,24.97,25.68,False
e3d495d4ac534d54b321f50006683844,scene-0061,day,barrier,movable_object.barrier,labelled outline,v80-100,31.3,42.92,41.88,9.07,38.65,34.97,36.73,False
e3d495d4ac534d54b321f50006683844,scene-0061,day,barrier,movable_object.barrier,labelled outline,v80-100,48.8,32.14,31.06,7.6,30.86,28.61,29.33,False
e3d495d4ac534d54b321f50006683844,scene-0061,day,barrier,movable_object.barrier,labelled outline,v80-100,105.8,16.65,15.61,6.64,15.08,13.69,14.16,False
e3d495d4ac534d54b321f50006683844,scene-0061,day,barrier,movable_object.barrier,labelled outline,v80-100,47.1,34.16,33.11,7.74,33.32,30.49,31.58,False
e3d495d4ac534d54b321f50006683844,scene-0061,day,barrier,movable_object.barrier,labelled outline,v40-60,26.2,46.85,45.88,9.15,42.53,37.19,40.5,False
e3d495d4ac534d54b321f50006683844,scene-0061,day,barrier,movable_object.barrier,labelled outline,v80-100,150.6,13.01,11.96,6.63,11.85,11.4,11.58,False
e3d495d4ac534d54b321f50006683844,scene-0061,day,barrier,movable_object.barrier,labelled outline,v80-100,67.0,24.37,23.35,7.25,22.98,21.17,21.77,False
e3d495d4ac534d54b321f50006683844,scene-0061,day,barrier,movable_object.barrier,labelled outline,v80-100,92.8,18.53,17.49,6.72,17.22,15.66,16.18,False
e3d495d4ac534d54b321f50006683844,scene-0061,day,barrier,movable_object.barrier,labelled outline,v80-100,82.2,20.45,19.37,6.85,19.32,17.52,18.06,False
e3d495d4ac534d54b321f50006683844,scene-0061,day,barrier,movable_object.barrier,labelled outline,v80-100,75.4,22.41,21.34,7.02,21.08,19.51,20.07,False
e3d495d4ac534d54b321f50006683844,scene-0061,day,barrier,movable_object.barrier,labelled outline,v80-100,52.2,30.2,29.19,7.55,28.85,26.94,27.66,False
e3d495d4ac534d54b321f50006683844,scene-0061,day,barrier,movable_object.barrier,labelled outline,v80-100,126.7,14.79,13.75,6.66,12.77,11.63,11.97,False
4b6870ae200c4b969b91c50a9737f712,scene-0061,day,barrier,movable_object.barrier,labelled outline,v80-100,79.0,22.04,21.0,7.48,21.22,19.36,20.04,False
4b6870ae200c4b969b91c50a9737f712,scene-0061,day,barrier,movable_object.barrier,labelled outline,v80-100,70.4,23.98,22.94,7.63,23.41,21.46,22.15,False
4b6870ae200c4b969b91c50a9737f712,scene-0061,day,barrier,movable_object.barrier,labelled outline,v80-100,35.5,38.53,37.49,9.27,36.75,32.57,34.5,False
4b6870ae200c4b969b91c50a9737f712,scene-0061,day,barrier,movable_object.barrier,labelled outline,v80-100,57.9,27.8,26.71,7.74,27.29,25.37,25.96,False
4b6870ae200c4b969b91c50a9737f712,scene-0061,day,traffic cone,movable_object.trafficcone,labelled outline,v60-80,15.4,70.5,70.23,27.92,55.51,47.28,51.24,False
4b6870ae200c4b969b91c50a9737f712,scene-0061,day,barrier,movable_object.barrier,labelled outline,v80-100,160.4,12.71,11.69,6.69,12.35,11.55,12.06,False
4b6870ae200c4b969b91c50a9737f712,scene-0061,day,barrier,movable_object.barrier,labelled outline,v80-100,55.2,29.8,28.75,7.89,29.66,27.22,28.08,False
4b6870ae200c4b969b91c50a9737f712,scene-0061,day,barrier,movable_object.barrier,labelled outline,v80-100,85.3,20.14,19.12,7.35,19.1,17.49,18.03,False
4b6870ae200c4b969b91c50a9737f712,scene-0061,day,barrier,movable_object.barrier,labelled outline,v80-100,131.9,14.48,13.44,6.78,13.35,12.36,12.69,False
4b6870ae200c4b969b91c50a9737f712,scene-0061,day,barrier,movable_object.barrier,labelled outline,v80-100,111.7,16.32,15.24,6.92,15.1,13.5,14.05,False
4b6870ae200c4b969b91c50a9737f712,scene-0061,day,barrier,movable_object.barrier,labelled outline,v80-100,98.7,18.22,17.14,7.11,17.08,15.62,16.03,False
4b6870ae200c4b969b91c50a9737f712,scene-0061,day,barrier,movable_object.barrier,labelled outline,v80-100,62.8,25.88,24.86,7.68,25.42,23.59,24.25,False
d0d9ef23e3934ea09d55afdc24db9827,scene-0061,day,barrier,movable_object.barrier,labelled outline,v80-100,106.1,17.65,16.6,7.59,16.18,14.76,15.27,False
d0d9ef23e3934ea09d55afdc24db9827,scene-0061,day,barrier,movable_object.barrier,labelled outline,v80-100,91.6,19.52,18.48,7.75,18.34,16.73,17.16,False
d0d9ef23e3934ea09d55afdc24db9827,scene-0061,day,barrier,movable_object.barrier,labelled outline,v80-100,41.0,33.9,32.86,9.5,34.51,32.24,33.25,False
d0d9ef23e3934ea09d55afdc24db9827,scene-0061,day,barrier,movable_object.barrier,labelled outline,v40-60,20.4,75.55,74.97,24.46,47.87,25.47,27.02,False
d0d9ef23e3934ea09d55afdc24db9827,scene-0061,day,barrier,movable_object.barrier,labelled outline,v80-100,72.0,23.25,22.16,7.9,22.68,20.86,21.42,False
d0d9ef23e3934ea09d55afdc24db9827,scene-0061,day,traffic cone,movable_object.trafficcone,labelled outline,v60-80,16.7,66.12,65.84,28.36,51.76,18.71,47.35,False
d0d9ef23e3934ea09d55afdc24db9827,scene-0061,day,barrier,movable_object.barrier,labelled outline,v80-100,67.3,25.22,24.16,8.06,25.06,22.94,23.61,False
d0d9ef23e3934ea09d55afdc24db9827,scene-0061,day,barrier,movable_object.barrier,labelled outline,v80-100,21.9,74.99,74.41,22.22,65.35,34.93,53.85,False
d0d9ef23e3934ea09d55afdc24db9827,scene-0061,day,barrier,movable_object.barrier,labelled outline,v80-100,119.5,15.82,14.8,7.45,14.46,13.39,13.77,False
d0d9ef23e3934ea09d55afdc24db9827,scene-0061,day,barrier,movable_object.barrier,labelled outline,v80-100,146.1,13.99,12.93,7.19,13.5,12.82,13.27,False
d0d9ef23e3934ea09d55afdc24db9827,scene-0061,day,barrier,movable_object.barrier,labelled outline,v80-100,79.6,21.37,20.35,7.82,20.59,18.92,19.52,False
74e7a9260c5d45b78b831528b62daf41,scene-0061,day,barrier,movable_object.barrier,labelled outline,v80-100,124.2,15.81,14.79,7.92,14.89,14.27,14.54,False
74e7a9260c5d45b78b831528b62daf41,scene-0061,day,barrier,movable_object.barrier,labelled outline,v80-100,47.5,29.91,28.87,9.83,30.28,28.55,29.1,False
74e7a9260c5d45b78b831528b62daf41,scene-0061,day,barrier,movable_object.barrier,labelled outline,v80-100,21.6,71.62,71.02,25.22,57.54,48.62,55.08,False
74e7a9260c5d45b78b831528b62daf41,scene-0061,day,barrier,movable_object.barrier,labelled outline,v80-100,91.3,19.4,18.31,8.11,18.23,16.55,17.06,False
74e7a9260c5d45b78b831528b62daf41,scene-0061,day,traffic cone,movable_object.trafficcone,labelled outline,v60-80,18.0,62.64,62.36,29.01,48.57,17.69,41.39,False
74e7a9260c5d45b78b831528b62daf41,scene-0061,day,barrier,movable_object.barrier,labelled outline,v80-100,83.0,21.32,20.26,8.3,20.64,18.89,19.44,False
74e7a9260c5d45b78b831528b62daf41,scene-0061,day,barrier,movable_object.barrier,labelled outline,v60-80,23.3,71.01,70.42,22.98,39.67,30.14,31.42,False
74e7a9260c5d45b78b831528b62daf41,scene-0061,day,barrier,movable_object.barrier,labelled outline,v80-100,103.8,17.58,16.57,8.02,15.95,14.67,15.09,False
21ca7cbfbde14f088143cf001570d01b,scene-0061,day,barrier,movable_object.barrier,labelled outline,v40-60,24.9,73.98,73.21,32.24,49.62,44.12,47.68,False
21ca7cbfbde14f088143cf001570d01b,scene-0061,day,barrier,movable_object.barrier,labelled outline,v80-100,56.3,26.13,25.09,9.94,26.1,24.6,25.12,False
21ca7cbfbde14f088143cf001570d01b,scene-0061,day,barrier,movable_object.barrier,labelled outline,v60-80,23.1,67.85,67.24,25.5,27.78,25.91,26.51,False
21ca7cbfbde14f088143cf001570d01b,scene-0061,day,barrier,movable_object.barrier,labelled outline,v80-100,123.7,15.86,14.78,8.17,15.45,14.72,15.08,False
21ca7cbfbde14f088143cf001570d01b,scene-0061,day,traffic cone,movable_object.trafficcone,labelled outline,v40-60,19.6,58.81,58.53,29.22,42.65,17.43,30.85,False
21ca7cbfbde14f088143cf001570d01b,scene-0061,day,barrier,movable_object.barrier,labelled outline,v80-100,107.8,17.69,16.64,8.37,16.76,15.34,15.96,False
21ca7cbfbde14f088143cf001570d01b,scene-0061,day,traffic cone,movable_object.trafficcone,labelled outline,v80-100,55.1,20.08,19.78,8.76,19.18,17.96,18.56,False
21ca7cbfbde14f088143cf001570d01b,scene-0061,day,traffic cone,movable_object.trafficcone,labelled outline,v80-100,61.9,19.2,18.88,8.65,17.9,17.0,17.31,False
21ca7cbfbde14f088143cf001570d01b,scene-0061,day,barrier,movable_object.barrier,labelled outline,v80-100,27.5,50.89,50.34,5.2,54.28,51.11,52.83,False
21ca7cbfbde14f088143cf001570d01b,scene-0061,day,barrier,movable_object.barrier,labelled outline,v60-80,28.1,51.76,51.16,9.2,42.88,25.94,27.77,False
21ca7cbfbde14f088143cf001570d01b,scene-0061,day,barrier,movable_object.barrier,labelled outline,v80-100,28.6,51.28,50.75,7.12,52.32,25.96,45.22,False
ddbc1befa70f4b49a0824f63a920676b,scene-0061,day,barrier,movable_object.barrier,labelled outline,v40-60,26.4,70.88,70.14,32.62,42.88,38.07,41.6,False
ddbc1befa70f4b49a0824f63a920676b,scene-0061,day,barrier,movable_object.barrier,labelled outline,v80-100,67.0,22.97,21.93,10.05,23.07,22.14,22.63,False
ddbc1befa70f4b49a0824f63a920676b,scene-0061,day,barrier,movable_object.barrier,labelled outline,v40-60,24.5,64.66,64.02,25.86,35.44,17.76,18.0,False
ddbc1befa70f4b49a0824f63a920676b,scene-0061,day,barrier,movable_object.barrier,labelled outline,v60-80,58.3,24.8,23.74,10.11,23.07,17.72,18.18,False
ddbc1befa70f4b49a0824f63a920676b,scene-0061,day,traffic cone,movable_object.trafficcone,labelled outline,v80-100,69.4,17.04,16.73,8.84,19.76,15.55,15.75,False
ddbc1befa70f4b49a0824f63a920676b,scene-0061,day,barrier,movable_object.barrier,labelled outline,v80-100,29.6,47.43,46.88,4.93,47.33,44.58,46.55,False
ddbc1befa70f4b49a0824f63a920676b,scene-0061,day,barrier,movable_object.barrier,labelled outline,v60-80,30.2,48.35,47.74,8.92,43.34,22.27,22.61,False
ddbc1befa70f4b49a0824f63a920676b,scene-0061,day,barrier,movable_object.barrier,labelled outline,v80-100,30.7,47.85,47.3,6.83,47.09,42.69,45.25,False
33b500c9cc824733a47bfe2c3ea33202,scene-0061,day,barrier,movable_object.barrier,labelled outline,v60-80,24.7,64.12,63.67,19.34,59.35,33.79,34.14,False
33b500c9cc824733a47bfe2c3ea33202,scene-0061,day,barrier,movable_object.barrier,labelled outline,v80-100,84.7,19.72,18.69,10.18,18.05,17.46,17.69,False
33b500c9cc824733a47bfe2c3ea33202,scene-0061,day,barrier,movable_object.barrier,labelled outline,v80-100,71.9,21.47,20.42,10.26,19.17,17.84,18.48,False
33b500c9cc824733a47bfe2c3ea33202,scene-0061,day,barrier,movable_object.barrier,labelled outline,v40-60,61.4,23.3,22.32,10.43,19.41,16.25,16.31,False
33b500c9cc824733a47bfe2c3ea33202,scene-0061,day,barrier,movable_object.barrier,labelled outline,v40-60,32.5,46.13,45.48,12.55,29.44,22.25,22.63,False
33b500c9cc824733a47bfe2c3ea33202,scene-0061,day,barrier,movable_object.barrier,labelled outline,v60-80,32.3,43.73,43.16,4.6,43.37,24.88,26.38,False
33b500c9cc824733a47bfe2c3ea33202,scene-0061,day,barrier,movable_object.barrier,labelled outline,v80-100,32.9,44.69,44.06,8.56,42.98,19.41,31.76,False
33b500c9cc824733a47bfe2c3ea33202,scene-0061,day,traffic cone,movable_object.trafficcone,labelled outline,v80-100,22.7,45.8,45.58,0.5,46.12,44.53,45.56,True
33b500c9cc824733a47bfe2c3ea33202,scene-0061,day,barrier,movable_object.barrier,labelled outline,v60-80,32.0,45.37,44.73,10.59,40.51,19.67,21.43,False
33b500c9cc824733a47bfe2c3ea33202,scene-0061,day,barrier,movable_object.barrier,labelled outline,v80-100,33.5,44.16,43.6,6.48,43.57,39.44,42.98,False
c311678f400e471d84e785652dd87a7a,scene-0061,day,barrier,movable_object.barrier,labelled outline,v60-80,30.9,64.19,63.5,33.39,55.95,44.51,51.66,False
c311678f400e471d84e785652dd87a7a,scene-0061,day,barrier,movable_object.barrier,labelled outline,v40-60,72.0,21.52,20.51,10.62,15.05,14.85,14.89,False
c311678f400e471d84e785652dd87a7a,scene-0061,day,barrier,movable_object.barrier,labelled outline,v80-100,78.8,19.84,18.88,10.52,19.77,17.5,18.1,False
c311678f400e471d84e785652dd87a7a,scene-0061,day,barrier,movable_object.barrier,labelled outline,v40-60,31.8,44.62,43.67,1.23,41.05,37.32,39.17,False
c311678f400e471d84e785652dd87a7a,scene-0061,day,barrier,movable_object.barrier,labelled outline,v40-60,36.0,42.32,41.65,12.33,28.46,17.84,27.72,False
c311678f400e471d84e785652dd87a7a,scene-0061,day,traffic cone,movable_object.trafficcone,labelled outline,v80-100,24.2,40.84,40.57,1.2,39.79,38.14,38.92,True
c311678f400e471d84e785652dd87a7a,scene-0061,day,barrier,movable_object.barrier,labelled outline,v80-100,36.5,40.79,40.15,8.36,38.7,34.99,37.77,False
c311678f400e471d84e785652dd87a7a,scene-0061,day,traffic cone,movable_object.trafficcone,labelled outline,v60-80,24.9,41.79,41.57,0.23,37.06,30.55,34.11,True
c311678f400e471d84e785652dd87a7a,scene-0061,day,barrier,movable_object.barrier,labelled outline,v60-80,31.7,61.22,60.23,21.79,47.3,17.93,18.82,False
c311678f400e471d84e785652dd87a7a,scene-0061,day,barrier,movable_object.barrier,labelled outline,v60-80,35.5,41.51,40.86,10.37,37.15,16.02,16.25,False
c311678f400e471d84e785652dd87a7a,scene-0061,day,barrier,movable_object.barrier,labelled outline,v80-100,37.2,40.21,39.64,6.26,38.7,37.05,38.17,False
885472e412f4499cacf2f4796c309276,scene-0061,day,barrier,movable_object.barrier,labelled outline,v60-80,34.4,41.13,40.17,0.85,41.19,39.14,40.24,True
885472e412f4499cacf2f4796c309276,scene-0061,day,barrier,movable_object.barrier,labelled outline,v60-80,39.1,39.01,38.32,11.98,36.78,12.35,12.4,False
885472e412f4499cacf2f4796c309276,scene-0061,day,traffic cone,movable_object.trafficcone,labelled outline,v80-100,26.5,37.35,37.08,0.87,40.72,39.63,40.26,True
885472e412f4499cacf2f4796c309276,scene-0061,day,barrier,movable_object.barrier,labelled outline,v80-100,27.2,57.99,56.88,19.38,55.47,33.63,52.62,False
885472e412f4499cacf2f4796c309276,scene-0061,day,barrier,movable_object.barrier,labelled outline,v80-100,39.7,37.4,36.75,8.03,37.04,35.43,36.59,False
885472e412f4499cacf2f4796c309276,scene-0061,day,traffic cone,movable_object.trafficcone,labelled outline,v80-100,27.2,38.3,38.07,0.0,41.26,40.22,40.56,True
885472e412f4499cacf2f4796c309276,scene-0061,day,barrier,movable_object.barrier,labelled outline,v80-100,26.4,62.74,61.58,20.11,56.8,55.31,56.03,False
885472e412f4499cacf2f4796c309276,scene-0061,day,barrier,movable_object.barrier,labelled outline,v80-100,38.5,38.16,37.49,10.02,37.43,37.1,37.23,False
885472e412f4499cacf2f4796c309276,scene-0061,day,barrier,movable_object.barrier,labelled outline,v60-80,40.4,36.78,36.2,5.94,36.29,21.78,22.62,False
e41335fbfc1645faa5a532a62df1fe68,scene-0061,day,barrier,movable_object.barrier,labelled outline,v80-100,30.2,53.95,53.43,20.51,49.31,37.14,47.35,False
e41335fbfc1645faa5a532a62df1fe68,scene-0061,day,barrier,movable_object.barrier,labelled outline,v60-80,37.3,37.75,36.79,0.58,39.06,36.23,37.09,True
e41335fbfc1645faa5a532a62df1fe68,scene-0061,day,barrier,movable_object.barrier,labelled outline,v80-100,42.6,35.85,35.14,11.73,35.37,29.71,35.13,False
e41335fbfc1645faa5a532a62df1fe68,scene-0061,day,traffic cone,movable_object.trafficcone,labelled outline,v80-100,29.1,33.97,33.7,0.63,37.01,36.08,36.7,True
e41335fbfc1645faa5a532a62df1fe68,scene-0061,day,barrier,movable_object.barrier,labelled outline,v80-100,29.0,54.83,53.72,19.77,53.03,50.88,51.72,False
e41335fbfc1645faa5a532a62df1fe68,scene-0061,day,barrier,movable_object.barrier,labelled outline,v80-100,43.3,34.14,33.47,7.8,34.92,33.71,34.42,False
e41335fbfc1645faa5a532a62df1fe68,scene-0061,day,traffic cone,movable_object.trafficcone,labelled outline,v80-100,29.8,34.92,34.7,0.0,38.03,37.14,37.47,True
e41335fbfc1645faa5a532a62df1fe68,scene-0061,day,barrier,movable_object.barrier,labelled outline,v80-100,28.0,59.55,58.4,20.52,53.86,52.6,53.32,False
e41335fbfc1645faa5a532a62df1fe68,scene-0061,day,traffic cone,movable_object.trafficcone,labelled outline,v80-100,26.5,35.97,35.71,0.25,40.5,37.67,38.49,True
e41335fbfc1645faa5a532a62df1fe68,scene-0061,day,barrier,movable_object.barrier,labelled outline,v80-100,42.0,34.95,34.25,9.76,35.6,35.26,35.39,False
e41335fbfc1645faa5a532a62df1fe68,scene-0061,day,barrier,movable_object.barrier,labelled outline,v60-80,47.5,32.72,32.28,1.72,31.98,20.19,31.27,False
81b6368f6af9417684cefeb6661a14e7,scene-0061,day,barrier,movable_object.barrier,labelled outline,v80-100,32.2,51.31,50.77,21.01,48.52,47.3,47.83,False
81b6368f6af9417684cefeb6661a14e7,scene-0061,day,barrier,movable_object.barrier,labelled outline,v60-80,40.4,34.85,33.89,0.21,32.13,31.16,31.65,True
81b6368f6af9417684cefeb6661a14e7,scene-0061,day,barrier,movable_object.barrier,labelled outline,v80-100,46.4,33.16,32.42,11.39,29.93,29.7,29.79,False
81b6368f6af9417684cefeb6661a14e7,scene-0061,day,traffic cone,movable_object.trafficcone,labelled outline,v80-100,31.8,31.07,30.8,0.3,32.0,31.51,31.75,True
81b6368f6af9417684cefeb6661a14e7,scene-0061,day,barrier,movable_object.barrier,labelled outline,v80-100,30.9,52.15,51.05,20.29,51.29,49.46,50.15,False
81b6368f6af9417684cefeb6661a14e7,scene-0061,day,barrier,movable_object.barrier,labelled outline,v40-60,47.3,31.35,30.66,7.48,28.61,18.67,19.21,False
81b6368f6af9417684cefeb6661a14e7,scene-0061,day,traffic cone,movable_object.trafficcone,labelled outline,v80-100,32.5,32.02,31.79,0.18,33.71,32.53,32.88,True
81b6368f6af9417684cefeb6661a14e7,scene-0061,day,barrier,movable_object.barrier,labelled outline,v80-100,29.7,56.85,55.69,21.08,53.0,51.77,52.37,False
81b6368f6af9417684cefeb6661a14e7,scene-0061,day,barrier,movable_object.barrier,labelled outline,v40-60,38.1,52.33,51.29,23.16,46.63,16.25,16.66,False
81b6368f6af9417684cefeb6661a14e7,scene-0061,day,traffic cone,movable_object.trafficcone,labelled outline,v80-100,28.8,33.07,32.81,0.61,34.58,32.93,33.28,True
81b6368f6af9417684cefeb6661a14e7,scene-0061,day,barrier,movable_object.barrier,labelled outline,v80-100,45.8,32.19,31.48,9.42,29.59,15.24,29.07,False
81b6368f6af9417684cefeb6661a14e7,scene-0061,day,barrier,movable_object.barrier,labelled outline,v60-80,52.0,29.83,29.4,1.38,27.59,26.03,26.5,False
81b6368f6af9417684cefeb6661a14e7,scene-0061,day,traffic cone,movable_object.trafficcone,labelled outline,v80-100,22.4,44.06,43.85,19.34,34.23,26.85,32.67,False
a61bfbde6877413386a772591617f38d,scene-0061,day,barrier,movable_object.barrier,labelled outline,v80-100,35.3,48.5,47.93,22.01,40.95,39.84,40.33,False
a61bfbde6877413386a772591617f38d,scene-0061,day,barrier,movable_object.barrier,labelled outline,v60-80,44.6,31.68,30.73,0.0,28.94,27.77,28.49,True
a61bfbde6877413386a772591617f38d,scene-0061,day,barrier,movable_object.barrier,labelled outline,v80-100,51.4,30.24,29.48,10.72,26.86,13.32,26.38,False
a61bfbde6877413386a772591617f38d,scene-0061,day,traffic cone,movable_object.trafficcone,labelled outline,v80-100,35.5,27.91,27.65,0.0,28.66,28.3,28.43,True
a61bfbde6877413386a772591617f38d,scene-0061,day,barrier,movable_object.barrier,labelled outline,v80-100,52.6,26.94,26.33,2.82,25.81,16.18,25.18,False
a61bfbde6877413386a772591617f38d,scene-0061,day,barrier,movable_object.barrier,labelled outline,v80-100,33.7,49.28,48.2,21.36,43.28,41.64,42.33,False
a61bfbde6877413386a772591617f38d,scene-0061,day,traffic cone,movable_object.trafficcone,labelled outline,v80-100,36.1,28.85,28.63,0.87,33.46,30.45,31.23,True
a61bfbde6877413386a772591617f38d,scene-0061,day,barrier,movable_object.barrier,labelled outline,v80-100,32.1,53.96,52.8,22.2,46.55,44.12,44.94,False
a61bfbde6877413386a772591617f38d,scene-0061,day,barrier,movable_object.barrier,labelled outline,v40-60,41.7,49.58,48.52,24.17,39.9,38.48,39.13,False
a61bfbde6877413386a772591617f38d,scene-0061,day,traffic cone,movable_object.trafficcone,labelled outline,v80-100,32.0,29.9,29.65,1.31,31.98,31.06,31.32,False
a61bfbde6877413386a772591617f38d,scene-0061,day,barrier,movable_object.barrier,labelled outline,v80-100,51.0,29.2,28.47,8.75,27.07,17.9,25.11,False
a61bfbde6877413386a772591617f38d,scene-0061,day,barrier,movable_object.barrier,labelled outline,v60-80,58.4,26.67,26.25,0.76,23.96,21.99,22.68,True
ad609ca688444331b3218f664d644473,scene-0061,day,barrier,movable_object.barrier,labelled outline,v80-100,39.8,45.93,45.33,23.54,39.15,38.49,39.05,False
ad609ca688444331b3218f664d644473,scene-0061,day,traffic cone,movable_object.trafficcone,labelled outline,v80-100,42.2,23.56,23.32,0.09,25.37,24.94,25.12,True
ad609ca688444331b3218f664d644473,scene-0061,day,barrier,movable_object.barrier,labelled outline,v60-80,50.1,28.68,27.73,0.44,27.49,26.31,26.74,True
ad609ca688444331b3218f664d644473,scene-0061,day,barrier,movable_object.barrier,labelled outline,v60-80,34.4,53.75,52.44,24.42,45.76,44.82,45.32,False
ad609ca688444331b3218f664d644473,scene-0061,day,barrier,movable_object.barrier,labelled outline,v80-100,57.8,27.47,26.68,9.7,25.42,24.81,25.11,False
ad609ca688444331b3218f664d644473,scene-0061,day,barrier,movable_object.barrier,labelled outline,v80-100,34.0,49.2,48.15,23.49,42.08,40.8,41.3,False
ad609ca688444331b3218f664d644473,scene-0061,day,traffic cone,movable_object.trafficcone,labelled outline,v80-100,40.1,24.91,24.64,0.82,27.01,26.15,26.54,True
ad609ca688444331b3218f664d644473,scene-0061,day,barrier,movable_object.barrier,labelled outline,v80-100,60.3,23.96,23.33,1.85,24.26,23.28,23.69,False
ad609ca688444331b3218f664d644473,scene-0061,day,barrier,movable_object.barrier,labelled outline,v80-100,37.7,46.66,45.59,22.98,40.27,39.13,39.45,False
ad609ca688444331b3218f664d644473,scene-0061,day,traffic cone,movable_object.trafficcone,labelled outline,v80-100,40.7,25.86,25.64,1.9,28.13,26.48,26.8,False
ad609ca688444331b3218f664d644473,scene-0061,day,barrier,movable_object.barrier,labelled outline,v80-100,35.4,51.3,50.14,23.91,44.89,42.18,42.9,False
ad609ca688444331b3218f664d644473,scene-0061,day,traffic cone,movable_object.trafficcone,labelled outline,v80-100,35.9,26.92,26.66,2.38,28.68,27.69,28.44,False
ad609ca688444331b3218f664d644473,scene-0061,day,barrier,movable_object.barrier,labelled outline,v40-60,61.7,24.61,23.95,3.81,23.19,14.35,14.46,False
ad609ca688444331b3218f664d644473,scene-0061,day,barrier,movable_object.barrier,labelled outline,v80-100,59.5,25.12,24.2,0.03,26.05,25.17,25.39,True
ad609ca688444331b3218f664d644473,scene-0061,day,barrier,movable_object.barrier,labelled outline,v60-80,67.0,23.67,23.25,0.0,19.92,18.55,19.04,True
ad609ca688444331b3218f664d644473,scene-0061,day,traffic cone,movable_object.trafficcone,labelled outline,v80-100,26.0,38.53,38.33,17.17,38.82,32.37,34.53,False
3ead6ff0cd324d92918112dfcf400343,scene-0061,day,traffic cone,movable_object.trafficcone,labelled outline,v80-100,48.4,20.7,20.46,1.16,21.6,21.08,21.27,True
3ead6ff0cd324d92918112dfcf400343,scene-0061,day,barrier,movable_object.barrier,labelled outline,v60-80,56.7,25.81,24.85,1.83,23.84,22.23,22.87,False
3ead6ff0cd324d92918112dfcf400343,scene-0061,day,traffic cone,movable_object.trafficcone,labelled outline,v80-100,44.2,27.13,26.78,12.94,24.81,22.53,23.01,False
3ead6ff0cd324d92918112dfcf400343,scene-0061,day,barrier,movable_object.barrier,labelled outline,v60-80,38.1,51.3,49.98,26.57,43.14,41.4,42.77,False
3ead6ff0cd324d92918112dfcf400343,scene-0061,day,traffic cone,movable_object.trafficcone,labelled outline,v80-100,45.7,22.05,21.79,1.95,22.89,22.18,22.32,False
3ead6ff0cd324d92918112dfcf400343,scene-0061,day,barrier,movable_object.barrier,labelled outline,v80-100,70.1,21.08,20.45,0.72,21.3,20.63,21.08,True
3ead6ff0cd324d92918112dfcf400343,scene-0061,day,traffic cone,movable_object.trafficcone,labelled outline,v80-100,46.4,23.01,22.79,3.08,24.14,22.73,23.06,False
3ead6ff0cd324d92918112dfcf400343,scene-0061,day,traffic cone,movable_object.trafficcone,labelled outline,v80-100,40.8,24.08,23.82,3.61,23.83,23.49,23.56,False
3ead6ff0cd324d92918112dfcf400343,scene-0061,day,barrier,movable_object.barrier,labelled outline,v80-100,71.2,21.76,21.09,2.66,21.71,21.22,21.42,False
3ead6ff0cd324d92918112dfcf400343,scene-0061,day,barrier,movable_object.barrier,labelled outline,v80-100,68.3,22.24,21.33,1.18,22.6,21.27,21.64,True
3ead6ff0cd324d92918112dfcf400343,scene-0061,day,barrier,movable_object.barrier,labelled outline,v60-80,78.2,20.78,20.37,0.0,16.65,15.66,15.91,True
3ead6ff0cd324d92918112dfcf400343,scene-0061,day,traffic cone,movable_object.trafficcone,labelled outline,v80-100,28.0,35.9,35.71,15.55,33.71,29.95,30.74,False
5941e77ca4bd478e99e17114ca8759ab,scene-0061,day,traffic cone,movable_object.trafficcone,labelled outline,v80-100,57.6,17.68,17.44,2.57,17.73,17.47,17.56,False
5941e77ca4bd478e99e17114ca8759ab,scene-0061,day,barrier,movable_object.barrier,labelled outline,v60-80,65.1,22.81,21.85,3.65,19.27,17.89,18.54,False
5941e77ca4bd478e99e17114ca8759ab,scene-0061,day,traffic cone,movable_object.trafficcone,labelled outline,v80-100,48.7,24.44,24.08,11.27,22.29,20.44,21.01,False
5941e77ca4bd478e99e17114ca8759ab,scene-0061,day,traffic cone,movable_object.trafficcone,labelled outline,v80-100,54.0,19.05,18.78,3.47,18.79,18.29,18.44,False
5941e77ca4bd478e99e17114ca8759ab,scene-0061,day,barrier,movable_object.barrier,labelled outline,v80-100,82.2,18.04,17.4,0.0,17.9,17.31,17.7,True
5941e77ca4bd478e99e17114ca8759ab,scene-0061,day,barrier,movable_object.barrier,labelled outline,v80-100,78.4,19.66,18.88,3.15,19.27,12.56,18.89,False
5941e77ca4bd478e99e17114ca8759ab,scene-0061,day,traffic cone,movable_object.trafficcone,labelled outline,v80-100,54.6,20.04,19.82,4.64,19.73,19.01,19.21,False
5941e77ca4bd478e99e17114ca8759ab,scene-0061,day,traffic cone,movable_object.trafficcone,labelled outline,v80-100,47.8,21.12,20.86,5.23,20.37,19.69,19.99,False
5941e77ca4bd478e99e17114ca8759ab,scene-0061,day,barrier,movable_object.barrier,labelled outline,v80-100,82.6,18.74,18.04,1.18,18.52,17.94,18.24,True
5941e77ca4bd478e99e17114ca8759ab,scene-0061,day,barrier,movable_object.barrier,labelled outline,v80-100,80.5,19.22,18.3,2.64,18.44,17.57,17.81,False
5941e77ca4bd478e99e17114ca8759ab,scene-0061,day,barrier,movable_object.barrier,labelled outline,v60-80,92.5,17.73,17.31,0.57,12.87,12.28,12.62,True
e0bc3ff06fe348fdb56039c640be0ac3,scene-0061,day,traffic cone,movable_object.trafficcone,labelled outline,v80-100,28.6,37.63,37.33,19.27,30.65,26.59,27.56,False
e0bc3ff06fe348fdb56039c640be0ac3,scene-0061,day,traffic cone,movable_object.trafficcone,labelled outline,v80-100,69.5,15.2,14.96,4.08,14.0,13.83,13.9,False
e0bc3ff06fe348fdb56039c640be0ac3,scene-0061,day,barrier,movable_object.barrier,labelled outline,v60-80,75.6,20.34,19.38,5.67,15.48,13.85,14.43,False
e0bc3ff06fe348fdb56039c640be0ac3,scene-0061,day,traffic cone,movable_object.trafficcone,labelled outline,v80-100,30.9,33.96,33.67,15.0,27.87,13.85,14.66,False
e0bc3ff06fe348fdb56039c640be0ac3,scene-0061,day,traffic cone,movable_object.trafficcone,labelled outline,v80-100,64.6,16.59,16.33,5.09,15.33,15.07,15.16,False
e0bc3ff06fe348fdb56039c640be0ac3,scene-0061,day,barrier,movable_object.barrier,labelled outline,v80-100,96.7,15.47,14.84,0.18,14.74,14.06,14.47,True
e0bc3ff06fe348fdb56039c640be0ac3,scene-0061,day,barrier,movable_object.barrier,labelled outline,v80-100,89.0,17.12,16.33,1.48,16.42,16.1,16.21,False
e0bc3ff06fe348fdb56039c640be0ac3,scene-0061,day,traffic cone,movable_object.trafficcone,labelled outline,v80-100,65.2,17.63,17.42,6.33,16.66,16.35,16.43,False
e0bc3ff06fe348fdb56039c640be0ac3,scene-0061,day,traffic cone,movable_object.trafficcone,labelled outline,v80-100,56.6,18.72,18.48,7.0,16.88,16.41,16.53,False
e0bc3ff06fe348fdb56039c640be0ac3,scene-0061,day,barrier,movable_object.barrier,labelled outline,v60-80,83.0,18.18,17.35,3.22,16.97,11.61,11.78,False
e0bc3ff06fe348fdb56039c640be0ac3,scene-0061,day,barrier,movable_object.barrier,labelled outline,v80-100,95.3,16.16,15.46,0.0,15.68,15.23,15.42,True
e0bc3ff06fe348fdb56039c640be0ac3,scene-0061,day,barrier,movable_object.barrier,labelled outline,v60-80,96.1,16.73,15.82,4.22,14.12,10.24,13.89,False
e0bc3ff06fe348fdb56039c640be0ac3,scene-0061,day,barrier,movable_object.barrier,labelled outline,v60-80,110.1,15.2,14.75,2.11,10.07,9.39,9.78,False
0b2eb9c1cd1b45f0b1664a01684c5767,scene-0061,day,traffic cone,movable_object.trafficcone,labelled outline,v80-100,29.4,35.38,35.08,16.07,22.88,13.25,13.39,False
0b2eb9c1cd1b45f0b1664a01684c5767,scene-0061,day,traffic cone,movable_object.trafficcone,labelled outline,v60-80,88.5,12.95,12.72,5.46,6.85,6.72,6.76,False
0b2eb9c1cd1b45f0b1664a01684c5767,scene-0061,day,traffic cone,movable_object.trafficcone,labelled outline,v80-100,46.6,24.38,24.05,12.41,19.33,18.01,18.79,False
0b2eb9c1cd1b45f0b1664a01684c5767,scene-0061,day,barrier,movable_object.barrier,labelled outline,v40-60,92.0,17.01,16.12,3.34,15.01,11.15,11.27,False
0b2eb9c1cd1b45f0b1664a01684c5767,scene-0061,day,traffic cone,movable_object.trafficcone,labelled outline,v80-100,30.7,38.82,38.51,19.55,31.49,26.56,28.79,False
0b2eb9c1cd1b45f0b1664a01684c5767,scene-0061,day,traffic cone,movable_object.trafficcone,labelled outline,v80-100,81.4,14.38,14.13,6.58,12.16,7.02,11.81,False
0b2eb9c1cd1b45f0b1664a01684c5767,scene-0061,day,barrier,movable_object.barrier,labelled outline,v80-100,120.1,13.04,12.44,1.68,12.29,11.68,12.1,False
0b2eb9c1cd1b45f0b1664a01684c5767,scene-0061,day,barrier,movable_object.barrier,labelled outline,v80-100,104.8,14.66,13.86,0.0,14.31,13.86,14.04,True
0b2eb9c1cd1b45f0b1664a01684c5767,scene-0061,day,traffic cone,movable_object.trafficcone,labelled outline,v80-100,82.0,15.49,15.29,7.88,13.32,12.96,13.1,False
0b2eb9c1cd1b45f0b1664a01684c5767,scene-0061,day,barrier,movable_object.barrier,labelled outline,v80-100,96.0,15.7,14.86,1.54,15.34,14.76,14.96,False
0b2eb9c1cd1b45f0b1664a01684c5767,scene-0061,day,barrier,movable_object.barrier,labelled outline,v80-100,115.5,13.66,12.97,0.0,13.3,12.73,12.97,True
0b2eb9c1cd1b45f0b1664a01684c5767,scene-0061,day,barrier,movable_object.barrier,labelled outline,v40-60,120.7,14.47,13.56,5.68,7.3,6.73,6.78,False
0b2eb9c1cd1b45f0b1664a01684c5767,scene-0061,day,barrier,movable_object.barrier,labelled outline,v60-80,139.7,12.85,12.34,3.5,7.46,7.29,7.33,False
357a06d0a5a44506b161c072c7247807,scene-0061,day,traffic cone,movable_object.trafficcone,labelled outline,v40-60,49.6,22.27,21.95,10.31,12.89,12.37,12.54,False
357a06d0a5a44506b161c072c7247807,scene-0061,day,traffic cone,movable_object.trafficcone,labelled outline,v80-100,27.8,39.64,39.29,19.13,31.91,28.5,29.67,False
357a06d0a5a44506b161c072c7247807,scene-0061,day,barrier,movable_object.barrier,labelled outline,v80-100,106.6,14.68,13.78,1.75,13.79,13.27,13.44,False
357a06d0a5a44506b161c072c7247807,scene-0061,day,traffic cone,movable_object.trafficcone,labelled outline,v80-100,26.7,43.29,42.99,22.64,33.97,28.52,29.93,False
357a06d0a5a44506b161c072c7247807,scene-0061,day,barrier,movable_object.barrier,labelled outline,v80-100,157.6,10.84,10.31,2.95,9.64,9.2,9.37,False
357a06d0a5a44506b161c072c7247807,scene-0061,day,traffic cone,movable_object.trafficcone,labelled outline,v80-100,46.0,26.77,26.45,14.36,21.4,20.09,20.43,False
357a06d0a5a44506b161c072c7247807,scene-0061,day,barrier,movable_object.barrier,labelled outline,v80-100,127.6,12.28,11.49,0.0,11.79,11.33,11.49,True
357a06d0a5a44506b161c072c7247807,scene-0061,day,barrier,movable_object.barrier,labelled outline,v80-100,114.2,13.35,12.5,0.07,12.81,12.22,12.43,True
357a06d0a5a44506b161c072c7247807,scene-0061,day,barrier,movable_object.barrier,labelled outline,v80-100,145.5,11.33,10.69,1.19,10.76,10.2,10.42,True
357a06d0a5a44506b161c072c7247807,scene-0061,day,barrier,movable_object.barrier,labelled outline,v60-80,187.9,10.82,10.22,4.65,9.02,6.19,8.68,False
357a06d0a5a44506b161c072c7247807,scene-0061,day,traffic cone,movable_object.trafficcone,labelled outline,v80-100,26.6,44.51,44.21,23.84,38.88,28.76,32.7,False
5aed4c34988b4c18a33c69ddcddb6010,scene-0061,day,barrier,movable_object.barrier,labelled outline,v40-60,124.0,16.66,16.29,8.55,7.35,7.3,7.31,False
5aed4c34988b4c18a33c69ddcddb6010,scene-0061,day,traffic cone,movable_object.trafficcone,labelled outline,v80-100,42.9,29.0,28.68,15.6,25.2,21.49,22.36,False
5aed4c34988b4c18a33c69ddcddb6010,scene-0061,day,traffic cone,movable_object.trafficcone,labelled outline,v80-100,26.0,47.0,46.73,23.98,38.19,31.6,34.4,False
5aed4c34988b4c18a33c69ddcddb6010,scene-0061,day,traffic cone,movable_object.trafficcone,labelled outline,v80-100,26.7,45.5,45.18,22.65,37.74,31.3,33.66,False
5aed4c34988b4c18a33c69ddcddb6010,scene-0061,day,traffic cone,movable_object.trafficcone,labelled outline,v60-80,71.9,15.41,15.05,3.84,12.3,10.29,10.36,False
5aed4c34988b4c18a33c69ddcddb6010,scene-0061,day,barrier,movable_object.barrier,labelled outline,v80-100,126.8,12.42,11.52,0.36,11.64,11.15,11.34,True
5aed4c34988b4c18a33c69ddcddb6010,scene-0061,day,traffic cone,movable_object.trafficcone,labelled outline,v80-100,35.6,27.2,26.91,6.36,24.48,22.95,23.34,False
5aed4c34988b4c18a33c69ddcddb6010,scene-0061,day,traffic cone,movable_object.trafficcone,labelled outline,v60-80,26.9,41.27,40.97,18.98,11.54,11.24,11.37,False
5aed4c34988b4c18a33c69ddcddb6010,scene-0061,day,barrier,movable_object.barrier,labelled outline,v80-100,230.4,8.89,8.48,3.95,7.54,7.12,7.35,False
5aed4c34988b4c18a33c69ddcddb6010,scene-0061,day,traffic cone,movable_object.trafficcone,labelled outline,v80-100,48.1,24.77,24.46,12.11,21.52,19.72,19.94,False
5aed4c34988b4c18a33c69ddcddb6010,scene-0061,day,barrier,movable_object.barrier,labelled outline,v80-100,163.9,10.02,9.26,0.76,9.59,9.08,9.26,True
5aed4c34988b4c18a33c69ddcddb6010,scene-0061,day,barrier,movable_object.barrier,labelled outline,v80-100,140.9,11.06,10.22,0.0,10.64,10.12,10.29,True
5aed4c34988b4c18a33c69ddcddb6010,scene-0061,day,traffic cone,movable_object.trafficcone,labelled outline,v80-100,24.3,48.3,47.99,24.99,38.97,32.77,35.63,False
5aed4c34988b4c18a33c69ddcddb6010,scene-0061,day,barrier,movable_object.barrier,labelled outline,v80-100,197.4,9.19,8.62,2.31,8.37,7.84,8.04,False
5aed4c34988b4c18a33c69ddcddb6010,scene-0061,day,traffic cone,movable_object.trafficcone,labelled outline,v60-80,26.7,42.5,42.2,20.09,12.31,11.93,12.07,False
c8623ea6d2774a3aa81255a117ba2319,scene-0061,day,traffic cone,movable_object.trafficcone,labelled outline,v80-100,44.3,27.07,26.76,13.02,22.04,20.92,21.15,False
c8623ea6d2774a3aa81255a117ba2319,scene-0061,day,traffic cone,movable_object.trafficcone,labelled outline,v80-100,35.5,31.9,31.62,16.83,25.91,23.92,24.23,False
c8623ea6d2774a3aa81255a117ba2319,scene-0061,day,traffic cone,movable_object.trafficcone,labelled outline,v80-100,33.0,28.91,28.61,6.85,27.33,25.77,26.11,False
c8623ea6d2774a3aa81255a117ba2319,scene-0061,day,traffic cone,movable_object.trafficcone,labelled outline,v80-100,82.7,13.29,12.93,2.34,14.13,12.53,12.73,False
c8623ea6d2774a3aa81255a117ba2319,scene-0061,day,barrier,movable_object.barrier,labelled outline,v80-100,157.3,10.32,9.41,0.0,9.88,9.33,9.5,True
c8623ea6d2774a3aa81255a117ba2319,scene-0061,day,traffic cone,movable_object.trafficcone,labelled outline,v80-100,38.1,25.11,24.82,3.66,25.98,23.59,23.81,False
c8623ea6d2774a3aa81255a117ba2319,scene-0061,day,barrier,movable_object.barrier,labelled outline,v80-100,230.4,8.01,7.31,1.81,7.23,6.69,6.88,False
c8623ea6d2774a3aa81255a117ba2319,scene-0061,day,barrier,movable_object.barrier,labelled outline,v80-100,184.9,8.96,8.14,0.46,8.67,8.1,8.3,True
c8623ea6d2774a3aa81255a117ba2319,scene-0061,day,barrier,movable_object.barrier,labelled outline,v80-100,307.5,7.39,6.97,3.23,6.35,5.86,6.2,False
c8623ea6d2774a3aa81255a117ba2319,scene-0061,day,traffic cone,movable_object.trafficcone,labelled outline,v80-100,25.0,48.8,48.5,22.61,11.97,11.68,11.78,False
06c1523315b14aa7a0dfa4afacafb9e6,scene-0061,day,traffic cone,movable_object.trafficcone,labelled outline,v80-100,36.2,29.97,29.69,13.79,25.17,23.4,23.59,False
06c1523315b14aa7a0dfa4afacafb9e6,scene-0061,day,traffic cone,movable_object.trafficcone,labelled outline,v80-100,35.0,26.83,26.53,3.74,27.04,23.46,23.86,False
06c1523315b14aa7a0dfa4afacafb9e6,scene-0061,day,traffic cone,movable_object.trafficcone,labelled outline,v80-100,98.4,11.12,10.77,0.87,12.96,10.98,11.09,True
06c1523315b14aa7a0dfa4afacafb9e6,scene-0061,day,traffic cone,movable_object.trafficcone,labelled outline,v80-100,30.1,33.45,33.1,8.39,9.8,9.73,9.76,False
06c1523315b14aa7a0dfa4afacafb9e6,scene-0061,day,traffic cone,movable_object.trafficcone,labelled outline,v80-100,22.0,56.36,56.06,30.58,41.4,39.02,39.96,False
06c1523315b14aa7a0dfa4afacafb9e6,scene-0061,day,barrier,movable_object.barrier,labelled outline,v80-100,210.5,8.19,7.3,0.29,7.77,7.13,7.32,True
06c1523315b14aa7a0dfa4afacafb9e6,scene-0061,day,traffic cone,movable_object.trafficcone,labelled outline,v80-100,34.8,30.23,29.92,6.17,29.55,26.42,26.98,False
06c1523315b14aa7a0dfa4afacafb9e6,scene-0061,day,traffic cone,movable_object.trafficcone,labelled outline,v80-100,41.2,23.03,22.74,0.93,25.44,20.74,20.94,True
06c1523315b14aa7a0dfa4afacafb9e6,scene-0061,day,barrier,movable_object.barrier,labelled outline,v80-100,333.1,6.17,5.63,2.72,5.49,5.19,5.36,False
06c1523315b14aa7a0dfa4afacafb9e6,scene-0061,day,barrier,movable_object.barrier,labelled outline,v80-100,273.4,6.9,6.15,1.51,6.28,5.69,5.87,False
06c1523315b14aa7a0dfa4afacafb9e6,scene-0061,day,traffic cone,movable_object.trafficcone,labelled outline,v40-60,61.6,16.58,16.29,4.52,10.23,6.74,6.82,False
c9d8cf50e42b47fa9a0bbd923e5e9c30,scene-0061,day,traffic cone,movable_object.trafficcone,labelled outline,v80-100,38.2,24.65,24.35,0.69,24.44,22.2,22.41,True
c9d8cf50e42b47fa9a0bbd923e5e9c30,scene-0061,day,traffic cone,movable_object.trafficcone,labelled outline,v80-100,73.1,13.92,13.62,2.65,13.88,9.1,9.23,False
c9d8cf50e42b47fa9a0bbd923e5e9c30,scene-0061,day,traffic cone,movable_object.trafficcone,labelled outline,v80-100,125.2,8.87,8.51,0.0,10.62,9.13,9.25,True
c9d8cf50e42b47fa9a0bbd923e5e9c30,scene-0061,day,traffic cone,movable_object.trafficcone,labelled outline,v80-100,31.9,31.24,30.9,4.62,31.14,28.61,28.92,False
c9d8cf50e42b47fa9a0bbd923e5e9c30,scene-0061,day,traffic cone,movable_object.trafficcone,labelled outline,v80-100,21.8,54.34,54.05,24.97,46.14,43.57,44.91,False
c9d8cf50e42b47fa9a0bbd923e5e9c30,scene-0061,day,barrier,movable_object.barrier,labelled outline,v80-100,334.5,6.07,5.25,1.32,5.44,4.82,5.03,False
c9d8cf50e42b47fa9a0bbd923e5e9c30,scene-0061,day,traffic cone,movable_object.trafficcone,labelled outline,v80-100,37.2,28.1,27.79,2.77,29.87,25.57,26.06,False
c9d8cf50e42b47fa9a0bbd923e5e9c30,scene-0061,day,traffic cone,movable_object.trafficcone,labelled outline,v80-100,46.1,20.88,20.59,1.12,21.14,19.25,19.33,True
c9d8cf50e42b47fa9a0bbd923e5e9c30,scene-0061,day,traffic cone,movable_object.trafficcone,labelled outline,v80-100,21.7,50.62,50.34,22.84,44.94,40.55,42.51,False
c9d8cf50e42b47fa9a0bbd923e5e9c30,scene-0061,day,traffic cone,movable_object.trafficcone,labelled outline,v80-100,29.1,35.06,34.76,7.0,32.32,31.54,31.93,False
c9d8cf50e42b47fa9a0bbd923e5e9c30,scene-0061,day,barrier,movable_object.barrier,labelled outline,v80-100,301.9,5.05,4.48,2.34,4.74,4.59,4.65,False
c9d8cf50e42b47fa9a0bbd923e5e9c30,scene-0061,day,traffic cone,movable_object.trafficcone,labelled outline,v40-60,76.6,14.55,14.27,6.31,12.0,4.96,5.09,False
c9d8cf50e42b47fa9a0bbd923e5e9c30,scene-0061,day,traffic cone,movable_object.trafficcone,labelled outline,v80-100,28.7,36.3,36.0,7.77,30.3,9.09,11.01,False
c9d8cf50e42b47fa9a0bbd923e5e9c30,scene-0061,day,traffic cone,movable_object.trafficcone,labelled outline,v40-60,55.6,17.31,17.1,3.89,19.01,6.36,6.5,False
c9d8cf50e42b47fa9a0bbd923e5e9c30,scene-0061,day,traffic cone,movable_object.trafficcone,labelled outline,v80-100,24.8,44.86,44.57,19.84,39.44,36.27,37.35,False
addcad764798404b8141c9d40b413e73,scene-0061,day,traffic cone,movable_object.trafficcone,labelled outline,v80-100,27.7,38.96,38.69,6.53,35.79,32.39,34.44,False
addcad764798404b8141c9d40b413e73,scene-0061,day,traffic cone,movable_object.trafficcone,labelled outline,v80-100,41.4,22.79,22.48,1.17,22.8,20.81,21.05,True
addcad764798404b8141c9d40b413e73,scene-0061,day,traffic cone,movable_object.trafficcone,labelled outline,v80-100,84.3,12.0,11.69,1.24,12.98,11.82,11.93,False
addcad764798404b8141c9d40b413e73,scene-0061,day,traffic cone,movable_object.trafficcone,labelled outline,v80-100,165.6,6.95,6.58,0.63,8.26,7.03,7.16,True
addcad764798404b8141c9d40b413e73,scene-0061,day,traffic cone,movable_object.trafficcone,labelled outline,v80-100,33.6,29.32,28.98,1.53,30.42,27.2,27.53,False
addcad764798404b8141c9d40b413e73,scene-0061,day,barrier,movable_object.barrier,labelled outline,v80-100,292.9,4.45,3.81,2.0,3.94,3.76,3.84,False
addcad764798404b8141c9d40b413e73,scene-0061,day,traffic cone,movable_object.trafficcone,labelled outline,v80-100,39.6,26.27,25.95,0.0,27.71,23.69,24.0,True
addcad764798404b8141c9d40b413e73,scene-0061,day,traffic cone,movable_object.trafficcone,labelled outline,v80-100,51.6,19.01,18.72,3.22,18.95,17.57,17.74,False
addcad764798404b8141c9d40b413e73,scene-0061,day,traffic cone,movable_object.trafficcone,labelled outline,v80-100,30.3,33.14,32.85,3.54,29.98,29.49,29.68,False
addcad764798404b8141c9d40b413e73,scene-0061,day,traffic cone,movable_object.trafficcone,labelled outline,v80-100,25.6,40.32,40.01,7.04,36.94,34.86,35.95,False
addcad764798404b8141c9d40b413e73,scene-0061,day,traffic cone,movable_object.trafficcone,labelled outline,v80-100,29.7,34.38,34.08,4.2,29.28,28.63,28.97,False
addcad764798404b8141c9d40b413e73,scene-0061,day,traffic cone,movable_object.trafficcone,labelled outline,v80-100,65.6,15.52,15.32,5.57,14.86,13.78,13.84,False
addcad764798404b8141c9d40b413e73,scene-0061,day,traffic cone,movable_object.trafficcone,labelled outline,v80-100,29.8,31.71,31.4,2.79,30.46,29.68,30.34,False
426b7a257a5a4fcbbf1086a335f9c648,scene-0061,day,traffic cone,movable_object.trafficcone,labelled outline,v80-100,29.0,36.9,36.63,2.57,34.95,29.88,33.0,False
426b7a257a5a4fcbbf1086a335f9c648,scene-0061,day,traffic cone,movable_object.trafficcone,labelled outline,v80-100,46.5,20.81,20.49,3.46,19.82,18.42,18.53,False
426b7a257a5a4fcbbf1086a335f9c648,scene-0061,day,traffic cone,movable_object.trafficcone,labelled outline,v80-100,102.7,9.91,9.61,0.01,10.88,10.04,10.17,True
426b7a257a5a4fcbbf1086a335f9c648,scene-0061,day,traffic cone,movable_object.trafficcone,labelled outline,v80-100,28.2,39.51,39.22,3.54,37.61,35.99,36.93,False
426b7a257a5a4fcbbf1086a335f9c648,scene-0061,day,traffic cone,movable_object.trafficcone,labelled outline,v80-100,235.0,4.97,4.6,1.38,6.01,4.81,4.9,False
426b7a257a5a4fcbbf1086a335f9c648,scene-0061,day,traffic cone,movable_object.trafficcone,labelled outline,v80-100,36.4,27.25,26.91,0.75,26.56,24.28,24.47,True
426b7a257a5a4fcbbf1086a335f9c648,scene-0061,day,traffic cone,movable_object.trafficcone,labelled outline,v80-100,43.5,24.24,23.92,2.06,25.04,21.27,21.59,False
426b7a257a5a4fcbbf1086a335f9c648,scene-0061,day,traffic cone,movable_object.trafficcone,labelled outline,v80-100,60.3,17.06,16.76,5.12,16.59,14.93,15.04,False
426b7a257a5a4fcbbf1086a335f9c648,scene-0061,day,traffic cone,movable_object.trafficcone,labelled outline,v80-100,32.4,31.07,30.77,0.21,27.61,27.4,27.48,True
426b7a257a5a4fcbbf1086a335f9c648,scene-0061,day,traffic cone,movable_object.trafficcone,labelled outline,v60-80,73.1,14.72,14.42,1.8,8.87,7.94,8.0,False
426b7a257a5a4fcbbf1086a335f9c648,scene-0061,day,traffic cone,movable_object.trafficcone,labelled outline,v80-100,26.8,38.25,37.93,3.01,36.69,34.63,35.76,False
426b7a257a5a4fcbbf1086a335f9c648,scene-0061,day,traffic cone,movable_object.trafficcone,labelled outline,v80-100,31.6,32.3,32.0,0.74,26.99,25.54,26.41,True
426b7a257a5a4fcbbf1086a335f9c648,scene-0061,day,traffic cone,movable_object.trafficcone,labelled outline,v80-100,27.0,40.68,40.38,4.0,39.52,37.46,38.3,False
426b7a257a5a4fcbbf1086a335f9c648,scene-0061,day,traffic cone,movable_object.trafficcone,labelled outline,v80-100,32.0,29.57,29.26,0.0,26.86,26.4,26.5,True
8fe9b9f55bd14e25b8fde193d6b6a503,scene-0061,day,traffic cone,movable_object.trafficcone,labelled outline,v80-100,30.8,34.68,34.42,0.55,32.8,27.48,31.77,True
8fe9b9f55bd14e25b8fde193d6b6a503,scene-0061,day,traffic cone,movable_object.trafficcone,labelled outline,v80-100,53.9,18.7,18.39,5.5,17.82,16.87,17.07,False
8fe9b9f55bd14e25b8fde193d6b6a503,scene-0061,day,traffic cone,movable_object.trafficcone,labelled outline,v80-100,25.3,40.33,40.07,0.56,36.76,36.11,36.36,True
8fe9b9f55bd14e25b8fde193d6b6a503,scene-0061,day,traffic cone,movable_object.trafficcone,labelled outline,v80-100,135.5,7.71,7.4,0.38,8.51,7.78,7.96,True
8fe9b9f55bd14e25b8fde193d6b6a503,scene-0061,day,traffic cone,movable_object.trafficcone,labelled outline,v80-100,29.8,37.29,37.0,0.0,35.23,34.16,34.66,True
8fe9b9f55bd14e25b8fde193d6b6a503,scene-0061,day,traffic cone,movable_object.trafficcone,labelled outline,v80-100,25.5,41.25,40.98,0.99,36.66,36.21,36.36,True
8fe9b9f55bd14e25b8fde193d6b6a503,scene-0061,day,traffic cone,movable_object.trafficcone,labelled outline,v80-100,40.2,25.08,24.73,3.46,25.65,22.89,23.05,False
8fe9b9f55bd14e25b8fde193d6b6a503,scene-0061,day,traffic cone,movable_object.trafficcone,labelled outline,v80-100,48.8,22.12,21.8,4.48,24.69,20.47,20.77,False
8fe9b9f55bd14e25b8fde193d6b6a503,scene-0061,day,traffic cone,movable_object.trafficcone,labelled outline,v80-100,73.8,15.09,14.79,6.73,13.64,12.58,12.66,False
8fe9b9f55bd14e25b8fde193d6b6a503,scene-0061,day,traffic cone,movable_object.trafficcone,labelled outline,v80-100,35.1,28.87,28.57,2.28,25.0,24.07,24.33,False
8fe9b9f55bd14e25b8fde193d6b6a503,scene-0061,day,traffic cone,movable_object.trafficcone,labelled outline,v80-100,86.1,12.51,12.21,0.33,13.4,12.39,12.45,True
8fe9b9f55bd14e25b8fde193d6b6a503,scene-0061,day,traffic cone,movable_object.trafficcone,labelled outline,v80-100,28.4,36.03,35.71,0.12,34.13,32.97,33.45,True
8fe9b9f55bd14e25b8fde193d6b6a503,scene-0061,day,traffic cone,movable_object.trafficcone,labelled outline,v80-100,34.1,30.1,29.8,1.87,24.38,22.41,22.74,False
8fe9b9f55bd14e25b8fde193d6b6a503,scene-0061,day,traffic cone,movable_object.trafficcone,labelled outline,v80-100,28.5,38.46,38.16,0.0,36.8,35.02,35.71,True
8fe9b9f55bd14e25b8fde193d6b6a503,scene-0061,day,traffic cone,movable_object.trafficcone,labelled outline,v80-100,35.0,27.32,27.01,2.77,24.38,24.18,24.26,False
4bc3a28622964e9f9ab28a68614189f1,scene-0061,day,traffic cone,movable_object.trafficcone,labelled outline,v80-100,72.8,14.96,14.67,0.27,15.31,6.78,7.01,True
4bc3a28622964e9f9ab28a68614189f1,scene-0061,day,traffic cone,movable_object.trafficcone,labelled outline,v80-100,32.9,32.83,32.56,3.17,32.16,30.51,31.07,False
4bc3a28622964e9f9ab28a68614189f1,scene-0061,day,traffic cone,movable_object.trafficcone,labelled outline,v80-100,63.0,17.01,16.69,6.86,15.72,14.24,14.35,False
4bc3a28622964e9f9ab28a68614189f1,scene-0061,day,traffic cone,movable_object.trafficcone,labelled outline,v80-100,26.7,38.47,38.2,1.88,36.87,35.75,36.35,False
4bc3a28622964e9f9ab28a68614189f1,scene-0061,day,traffic cone,movable_object.trafficcone,labelled outline,v80-100,188.0,5.89,5.57,1.01,6.54,5.73,5.82,True
4bc3a28622964e9f9ab28a68614189f1,scene-0061,day,traffic cone,movable_object.trafficcone,labelled outline,v80-100,31.7,35.43,35.14,2.58,33.63,31.72,32.59,False
4bc3a28622964e9f9ab28a68614189f1,scene-0061,day,traffic cone,movable_object.trafficcone,labelled outline,v80-100,26.9,39.39,39.12,1.59,36.11,35.21,35.65,False
4bc3a28622964e9f9ab28a68614189f1,scene-0061,day,traffic cone,movable_object.trafficcone,labelled outline,v80-100,44.6,23.29,22.94,5.34,26.09,20.8,21.28,False
4bc3a28622964e9f9ab28a68614189f1,scene-0061,day,traffic cone,movable_object.trafficcone,labelled outline,v80-100,54.8,20.48,20.15,6.11,20.52,17.5,17.75,False
4bc3a28622964e9f9ab28a68614189f1,scene-0061,day,traffic cone,movable_object.trafficcone,labelled outline,v80-100,38.2,27.06,26.75,4.46,22.65,22.37,22.48,False
4bc3a28622964e9f9ab28a68614189f1,scene-0061,day,traffic cone,movable_object.trafficcone,labelled outline,v80-100,102.7,10.65,10.34,0.03,11.63,10.57,10.69,True
4bc3a28622964e9f9ab28a68614189f1,scene-0061,day,traffic cone,movable_object.trafficcone,labelled outline,v80-100,30.3,34.17,33.85,2.83,32.76,31.38,32.1,False
4bc3a28622964e9f9ab28a68614189f1,scene-0061,day,traffic cone,movable_object.trafficcone,labelled outline,v80-100,37.0,28.27,27.96,4.15,22.14,21.26,21.46,False
4bc3a28622964e9f9ab28a68614189f1,scene-0061,day,traffic cone,movable_object.trafficcone,labelled outline,v80-100,30.2,36.61,36.3,2.31,34.62,33.64,34.0,False
4bc3a28622964e9f9ab28a68614189f1,scene-0061,day,traffic cone,movable_object.trafficcone,labelled outline,v80-100,38.4,25.51,25.19,4.83,23.08,22.81,22.88,False
6c913201b35146eea7a2ed8c3fe43887,scene-0061,day,traffic cone,movable_object.trafficcone,labelled outline,v80-100,84.4,12.99,12.7,0.13,13.68,12.71,12.78,True
6c913201b35146eea7a2ed8c3fe43887,scene-0061,day,traffic cone,movable_object.trafficcone,labelled outline,v80-100,35.4,30.92,30.65,5.33,29.07,27.53,28.27,False
6c913201b35146eea7a2ed8c3fe43887,scene-0061,day,traffic cone,movable_object.trafficcone,labelled outline,v80-100,75.7,15.33,15.0,7.9,15.82,11.82,12.99,False
6c913201b35146eea7a2ed8c3fe43887,scene-0061,day,traffic cone,movable_object.trafficcone,labelled outline,v60-80,37.8,29.35,29.03,5.45,19.57,19.23,19.31,False
6c913201b35146eea7a2ed8c3fe43887,scene-0061,day,traffic cone,movable_object.trafficcone,labelled outline,v80-100,28.3,36.5,36.23,4.38,33.26,32.25,32.8,False
6c913201b35146eea7a2ed8c3fe43887,scene-0061,day,traffic cone,movable_object.trafficcone,labelled outline,v80-100,165.7,4.06,3.71,1.43,5.39,3.76,4.66,False
6c913201b35146eea7a2ed8c3fe43887,scene-0061,day,traffic cone,movable_object.trafficcone,labelled outline,v80-100,33.8,33.49,33.19,4.88,30.52,29.45,29.98,False
6c913201b35146eea7a2ed8c3fe43887,scene-0061,day,traffic cone,movable_object.trafficcone,labelled outline,v80-100,28.4,37.45,37.18,4.14,32.74,32.49,32.65,False
6c913201b35146eea7a2ed8c3fe43887,scene-0061,day,traffic cone,movable_object.trafficcone,labelled outline,v80-100,50.0,21.45,21.09,6.85,21.11,18.16,18.36,False
6c913201b35146eea7a2ed8c3fe43887,scene-0061,day,traffic cone,movable_object.trafficcone,labelled outline,v80-100,62.4,18.82,18.49,7.45,18.15,15.41,15.56,False
6c913201b35146eea7a2ed8c3fe43887,scene-0061,day,traffic cone,movable_object.trafficcone,labelled outline,v80-100,41.9,25.16,24.85,6.24,19.82,19.43,19.48,False
6c913201b35146eea7a2ed8c3fe43887,scene-0061,day,traffic cone,movable_object.trafficcone,labelled outline,v80-100,128.4,8.69,8.38,0.78,9.9,8.62,8.77,True
6c913201b35146eea7a2ed8c3fe43887,scene-0061,day,traffic cone,movable_object.trafficcone,labelled outline,v80-100,32.4,32.26,31.94,5.06,29.7,28.77,29.39,False
6c913201b35146eea7a2ed8c3fe43887,scene-0061,day,traffic cone,movable_object.trafficcone,labelled outline,v80-100,40.4,26.36,26.05,6.02,20.21,19.33,19.7,False
6c913201b35146eea7a2ed8c3fe43887,scene-0061,day,traffic cone,movable_object.trafficcone,labelled outline,v80-100,32.2,34.64,34.33,4.68,31.85,30.34,30.85,False
6c913201b35146eea7a2ed8c3fe43887,scene-0061,day,traffic cone,movable_object.trafficcone,labelled outline,v80-100,42.3,23.76,23.43,6.49,20.14,19.61,19.92,False
6bd85a6773944798ae0be117d40d4fdc,scene-0061,day,traffic cone,movable_object.trafficcone,labelled outline,v80-100,96.1,11.51,11.21,0.73,13.11,11.68,11.73,True
6bd85a6773944798ae0be117d40d4fdc,scene-0061,day,traffic cone,movable_object.trafficcone,labelled outline,v80-100,60.5,16.45,16.18,0.12,16.27,6.87,6.93,True
6bd85a6773944798ae0be117d40d4fdc,scene-0061,day,traffic cone,movable_object.trafficcone,labelled outline,v80-100,37.6,29.46,29.18,6.68,26.41,25.55,26.08,False
6bd85a6773944798ae0be117d40d4fdc,scene-0061,day,traffic cone,movable_object.trafficcone,labelled outline,v80-100,40.2,27.91,27.58,6.74,24.11,17.81,17.97,False
6bd85a6773944798ae0be117d40d4fdc,scene-0061,day,traffic cone,movable_object.trafficcone,labelled outline,v80-100,29.7,35.03,34.76,5.99,30.52,29.85,30.14,False
6bd85a6773944798ae0be117d40d4fdc,scene-0061,day,traffic cone,movable_object.trafficcone,labelled outline,v80-100,35.6,32.02,31.72,6.33,28.2,27.04,27.44,False
6bd85a6773944798ae0be117d40d4fdc,scene-0061,day,traffic cone,movable_object.trafficcone,labelled outline,v80-100,29.8,35.97,35.7,5.79,30.67,30.04,30.21,False
6bd85a6773944798ae0be117d40d4fdc,scene-0061,day,traffic cone,movable_object.trafficcone,labelled outline,v80-100,55.0,20.09,19.72,7.75,19.81,17.1,17.28,False
6bd85a6773944798ae0be117d40d4fdc,scene-0061,day,traffic cone,movable_object.trafficcone,labelled outline,v80-100,70.4,17.49,17.15,8.24,16.29,13.87,14.08,False
6bd85a6773944798ae0be117d40d4fdc,scene-0061,day,traffic cone,movable_object.trafficcone,labelled outline,v80-100,45.3,23.76,23.44,7.33,18.85,18.6,18.68,False
6bd85a6773944798ae0be117d40d4fdc,scene-0061,day,traffic cone,movable_object.trafficcone,labelled outline,v80-100,159.2,7.22,6.91,1.2,8.29,7.23,7.42,True
6bd85a6773944798ae0be117d40d4fdc,scene-0061,day,traffic cone,movable_object.trafficcone,labelled outline,v80-100,34.4,30.78,30.46,6.45,27.0,26.49,26.83,False
6bd85a6773944798ae0be117d40d4fdc,scene-0061,day,traffic cone,movable_object.trafficcone,labelled outline,v80-100,43.4,24.94,24.62,7.17,18.37,17.95,18.03,False
6bd85a6773944798ae0be117d40d4fdc,scene-0061,day,traffic cone,movable_object.trafficcone,labelled outline,v80-100,33.9,33.18,32.87,6.21,29.02,27.98,28.44,False
6bd85a6773944798ae0be117d40d4fdc,scene-0061,day,traffic cone,movable_object.trafficcone,labelled outline,v80-100,45.9,22.36,22.03,7.51,18.79,18.68,18.72,False
6bd85a6773944798ae0be117d40d4fdc,scene-0061,day,traffic cone,movable_object.trafficcone,labelled outline,v40-60,31.4,37.16,36.89,5.36,31.65,31.37,31.58,False
b81fa956bfd84063b59401acce77dc12,scene-0061,day,traffic cone,movable_object.trafficcone,labelled outline,v80-100,110.8,10.16,9.86,1.18,11.37,10.05,10.14,True
b81fa956bfd84063b59401acce77dc12,scene-0061,day,traffic cone,movable_object.trafficcone,labelled outline,v80-100,66.6,15.09,14.82,0.76,14.6,14.24,14.4,True
b81fa956bfd84063b59401acce77dc12,scene-0061,day,traffic cone,movable_object.trafficcone,labelled outline,v80-100,40.0,28.13,27.86,7.74,27.49,25.45,25.95,False
b81fa956bfd84063b59401acce77dc12,scene-0061,day,traffic cone,movable_object.trafficcone,labelled outline,v80-100,42.9,26.6,26.27,7.76,25.43,16.9,24.21,False
b81fa956bfd84063b59401acce77dc12,scene-0061,day,traffic cone,movable_object.trafficcone,labelled outline,v80-100,31.3,33.7,33.42,7.27,31.57,30.58,30.84,False
b81fa956bfd84063b59401acce77dc12,scene-0061,day,traffic cone,movable_object.trafficcone,labelled outline,v80-100,37.7,30.69,30.39,7.49,29.93,27.5,28.82,False
b81fa956bfd84063b59401acce77dc12,scene-0061,day,traffic cone,movable_object.trafficcone,labelled outline,v80-100,31.2,34.64,34.37,7.11,31.01,30.72,30.85,False
b81fa956bfd84063b59401acce77dc12,scene-0061,day,traffic cone,movable_object.trafficcone,labelled outline,v80-100,26.8,36.79,36.55,6.15,33.44,32.62,33.14,False
b81fa956bfd84063b59401acce77dc12,scene-0061,day,traffic cone,movable_object.trafficcone,labelled outline,v80-100,61.0,18.88,18.51,8.45,18.66,15.75,15.91,False
b81fa956bfd84063b59401acce77dc12,scene-0061,day,traffic cone,movable_object.trafficcone,labelled outline,v80-100,49.1,22.49,22.17,8.17,17.71,17.47,17.56,False
b81fa956bfd84063b59401acce77dc12,scene-0061,day,traffic cone,movable_object.trafficcone,labelled outline,v80-100,204.8,5.91,5.58,1.49,6.66,5.69,5.79,False
b81fa956bfd84063b59401acce77dc12,scene-0061,day,traffic cone,movable_object.trafficcone,labelled outline,v80-100,36.5,29.44,29.11,7.55,28.08,26.47,26.93,False
b81fa956bfd84063b59401acce77dc12,scene-0061,day,traffic cone,movable_object.trafficcone,labelled outline,v40-60,46.9,23.66,23.34,8.07,16.7,16.55,16.6,False
b81fa956bfd84063b59401acce77dc12,scene-0061,day,traffic cone,movable_object.trafficcone,labelled outline,v80-100,35.7,31.85,31.54,7.43,31.24,29.5,29.96,False
b81fa956bfd84063b59401acce77dc12,scene-0061,day,traffic cone,movable_object.trafficcone,labelled outline,v80-100,50.1,21.14,20.81,8.3,17.75,17.61,17.69,False
b81fa956bfd84063b59401acce77dc12,scene-0061,day,traffic cone,movable_object.trafficcone,labelled outline,v40-60,32.9,35.82,35.54,6.72,30.8,30.52,30.64,False
95c58e12ca3d488b8101ff7f15737eb8,scene-0061,day,traffic cone,movable_object.trafficcone,labelled outline,v80-100,125.2,9.14,8.84,1.36,10.26,9.05,9.19,False
95c58e12ca3d488b8101ff7f15737eb8,scene-0061,day,traffic cone,movable_object.trafficcone,labelled outline,v80-100,72.0,14.06,13.78,1.03,14.0,13.48,13.63,True
95c58e12ca3d488b8101ff7f15737eb8,scene-0061,day,traffic cone,movable_object.trafficcone,labelled outline,v80-100,41.9,27.14,26.86,8.19,25.99,24.79,25.06,False
95c58e12ca3d488b8101ff7f15737eb8,scene-0061,day,traffic cone,movable_object.trafficcone,labelled outline,v80-100,45.2,25.63,25.3,8.2,25.1,20.88,24.0,False
95c58e12ca3d488b8101ff7f15737eb8,scene-0061,day,traffic cone,movable_object.trafficcone,labelled outline,v80-100,32.4,32.78,32.51,7.84,30.97,29.87,30.41,False
95c58e12ca3d488b8101ff7f15737eb8,scene-0061,day,traffic cone,movable_object.trafficcone,labelled outline,v80-100,39.4,29.68,29.38,7.98,28.18,26.8,27.46,False
95c58e12ca3d488b8101ff7f15737eb8,scene-0061,day,traffic cone,movable_object.trafficcone,labelled outline,v80-100,32.5,33.61,33.34,7.63,30.85,30.39,30.67,False
95c58e12ca3d488b8101ff7f15737eb8,scene-0061,day,traffic cone,movable_object.trafficcone,labelled outline,v80-100,27.7,35.77,35.52,6.75,34.77,33.14,33.75,False
95c58e12ca3d488b8101ff7f15737eb8,scene-0061,day,traffic cone,movable_object.trafficcone,labelled outline,v80-100,66.0,17.98,17.61,8.76,17.68,14.66,14.84,False
95c58e12ca3d488b8101ff7f15737eb8,scene-0061,day,traffic cone,movable_object.trafficcone,labelled outline,v80-100,52.3,21.54,21.22,8.55,16.55,16.43,16.49,False
95c58e12ca3d488b8101ff7f15737eb8,scene-0061,day,traffic cone,movable_object.trafficcone,labelled outline,v80-100,49.3,20.02,19.76,0.8,17.72,6.88,6.93,True
95c58e12ca3d488b8101ff7f15737eb8,scene-0061,day,traffic cone,movable_object.trafficcone,labelled outline,v80-100,219.6,4.95,4.61,1.61,5.89,4.73,4.82,False
95c58e12ca3d488b8101ff7f15737eb8,scene-0061,day,traffic cone,movable_object.trafficcone,labelled outline,v80-100,38.2,28.44,28.11,8.01,27.12,25.96,26.38,False
95c58e12ca3d488b8101ff7f15737eb8,scene-0061,day,traffic cone,movable_object.trafficcone,labelled outline,v80-100,37.2,30.86,30.55,7.93,29.24,27.69,28.38,False
95c58e12ca3d488b8101ff7f15737eb8,scene-0061,day,traffic cone,movable_object.trafficcone,labelled outline,v80-100,53.6,20.23,19.9,8.63,16.89,16.54,16.63,False
95c58e12ca3d488b8101ff7f15737eb8,scene-0061,day,traffic cone,movable_object.trafficcone,labelled outline,v40-60,34.1,34.81,34.52,7.31,30.88,30.67,30.74,False
5979f20786b745c5b05c21d8badc2ed8,scene-0061,day,traffic cone,movable_object.trafficcone,labelled outline,v80-100,147.0,7.94,7.63,1.42,8.95,7.8,7.95,False
5979f20786b745c5b05c21d8badc2ed8,scene-0061,day,traffic cone,movable_object.trafficcone,labelled outline,v80-100,79.4,12.83,12.55,1.14,13.29,12.47,12.57,True
5979f20786b745c5b05c21d8badc2ed8,scene-0061,day,traffic cone,movable_object.trafficcone,labelled outline,v80-100,44.2,25.96,25.68,8.36,23.97,23.0,23.18,False
5979f20786b745c5b05c21d8badc2ed8,scene-0061,day,traffic cone,movable_object.trafficcone,labelled outline,v80-100,47.8,24.47,24.13,8.38,23.53,21.09,21.44,False
5979f20786b745c5b05c21d8badc2ed8,scene-0061,day,traffic cone,movable_object.trafficcone,labelled outline,v80-100,33.8,31.57,31.29,8.07,27.91,27.18,27.3,False
5979f20786b745c5b05c21d8badc2ed8,scene-0061,day,traffic cone,movable_object.trafficcone,labelled outline,v80-100,41.3,28.51,28.2,8.21,26.06,25.27,25.62,False
5979f20786b745c5b05c21d8badc2ed8,scene-0061,day,traffic cone,movable_object.trafficcone,labelled outline,v80-100,33.8,32.42,32.14,7.87,28.36,27.77,28.15,False
5979f20786b745c5b05c21d8badc2ed8,scene-0061,day,traffic cone,movable_object.trafficcone,labelled outline,v80-100,28.8,34.56,34.31,7.0,32.39,30.42,31.08,False
5979f20786b745c5b05c21d8badc2ed8,scene-0061,day,traffic cone,movable_object.trafficcone,labelled outline,v80-100,56.0,20.42,20.1,8.69,15.79,15.45,15.59,False
5979f20786b745c5b05c21d8badc2ed8,scene-0061,day,traffic cone,movable_object.trafficcone,labelled outline,v80-100,52.7,18.79,18.52,0.95,17.09,14.11,16.94,True
5979f20786b745c5b05c21d8badc2ed8,scene-0061,day,traffic cone,movable_object.trafficcone,labelled outline,v80-100,148.8,3.84,3.49,1.65,5.63,4.16,4.91,False
5979f20786b745c5b05c21d8badc2ed8,scene-0061,day,traffic cone,movable_object.trafficcone,labelled outline,v80-100,40.1,27.3,26.97,8.26,25.91,24.43,24.96,False
5979f20786b745c5b05c21d8badc2ed8,scene-0061,day,traffic cone,movable_object.trafficcone,labelled outline,v80-100,39.0,29.67,29.36,8.15,27.89,25.78,26.33,False
5979f20786b745c5b05c21d8badc2ed8,scene-0061,day,traffic cone,movable_object.trafficcone,labelled outline,v80-100,58.1,19.08,18.75,8.76,15.85,15.59,15.7,False
5979f20786b745c5b05c21d8badc2ed8,scene-0061,day,traffic cone,movable_object.trafficcone,labelled outline,v40-60,35.4,33.6,33.32,7.54,28.86,28.49,28.6,False
64fcc224844b41179faa673670804b54,scene-0061,day,traffic cone,movable_object.trafficcone,labelled outline,v80-100,176.0,6.79,6.47,1.44,7.77,6.72,6.86,False
64fcc224844b41179faa673670804b54,scene-0061,day,traffic cone,movable_object.trafficcone,labelled outline,v80-100,45.0,22.31,22.03,0.93,19.96,19.54,19.69,True
64fcc224844b41179faa673670804b54,scene-0061,day,traffic cone,movable_object.trafficcone,labelled outline,v80-100,87.9,11.65,11.38,1.17,12.15,11.48,11.53,True
64fcc224844b41179faa673670804b54,scene-0061,day,traffic cone,movable_object.trafficcone,labelled outline,v80-100,46.5,24.83,24.55,8.42,22.89,22.0,22.34,False
64fcc224844b41179faa673670804b54,scene-0061,day,traffic cone,movable_object.trafficcone,labelled outline,v80-100,50.5,23.36,23.03,8.44,21.55,19.99,20.18,False
64fcc224844b41179faa673670804b54,scene-0061,day,traffic cone,movable_object.trafficcone,labelled outline,v80-100,35.2,30.41,30.14,8.15,27.44,26.48,26.77,False
64fcc224844b41179faa673670804b54,scene-0061,day,traffic cone,movable_object.trafficcone,labelled outline,v80-100,43.2,27.38,27.08,8.31,25.67,24.32,24.97,False
64fcc224844b41179faa673670804b54,scene-0061,day,traffic cone,movable_object.trafficcone,labelled outline,v80-100,35.1,31.28,31.0,7.96,27.22,26.99,27.1,False
64fcc224844b41179faa673670804b54,scene-0061,day,traffic cone,movable_object.trafficcone,labelled outline,v80-100,29.9,33.41,33.16,7.09,30.24,29.84,29.92,False
64fcc224844b41179faa673670804b54,scene-0061,day,traffic cone,movable_object.trafficcone,labelled outline,v60-80,56.8,21.77,21.47,8.53,13.74,13.49,13.54,False
64fcc224844b41179faa673670804b54,scene-0061,day,traffic cone,movable_object.trafficcone,labelled outline,v80-100,60.2,19.36,19.04,8.74,14.11,13.6,13.79,False
64fcc224844b41179faa673670804b54,scene-0061,day,traffic cone,movable_object.trafficcone,labelled outline,v80-100,56.3,17.61,17.34,1.0,17.13,16.28,16.39,True
64fcc224844b41179faa673670804b54,scene-0061,day,traffic cone,movable_object.trafficcone,labelled outline,v80-100,42.0,26.2,25.87,8.33,24.7,23.29,23.71,False
64fcc224844b41179faa673670804b54,scene-0061,day,traffic cone,movable_object.trafficcone,labelled outline,v80-100,35.2,28.65,28.37,0.72,22.64,7.17,7.25,True
64fcc224844b41179faa673670804b54,scene-0061,day,traffic cone,movable_object.trafficcone,labelled outline,v80-100,40.7,28.54,28.22,8.23,26.56,25.16,25.78,False
64fcc224844b41179faa673670804b54,scene-0061,day,traffic cone,movable_object.trafficcone,labelled outline,v80-100,63.0,18.01,17.67,8.81,14.52,14.35,14.44,False
64fcc224844b41179faa673670804b54,scene-0061,day,traffic cone,movable_object.trafficcone,labelled outline,v40-60,36.8,32.45,32.16,7.61,27.47,27.11,27.25,False
174d78fa966f42f9a9732ff84de02418,scene-0061,day,traffic cone,movable_object.trafficcone,labelled outline,v80-100,217.9,5.67,5.35,1.45,6.74,5.73,5.82,False
174d78fa966f42f9a9732ff84de02418,scene-0061,day,traffic cone,movable_object.trafficcone,labelled outline,v80-100,47.5,21.14,20.87,0.97,19.53,19.1,19.2,True
174d78fa966f42f9a9732ff84de02418,scene-0061,day,traffic cone,movable_object.trafficcone,labelled outline,v80-100,98.4,10.5,10.22,1.19,10.84,10.44,10.49,True
174d78fa966f42f9a9732ff84de02418,scene-0061,day,traffic cone,movable_object.trafficcone,labelled outline,v80-100,49.0,23.73,23.45,8.44,23.63,22.09,22.33,False
174d78fa966f42f9a9732ff84de02418,scene-0061,day,traffic cone,movable_object.trafficcone,labelled outline,v80-100,53.4,22.29,21.95,8.48,24.33,20.42,20.82,False
174d78fa966f42f9a9732ff84de02418,scene-0061,day,traffic cone,movable_object.trafficcone,labelled outline,v80-100,36.5,29.39,29.11,8.2,27.8,27.2,27.5,False
174d78fa966f42f9a9732ff84de02418,scene-0061,day,traffic cone,movable_object.trafficcone,labelled outline,v80-100,45.1,26.35,26.05,8.35,25.41,24.42,24.7,False
174d78fa966f42f9a9732ff84de02418,scene-0061,day,traffic cone,movable_object.trafficcone,labelled outline,v80-100,36.6,30.15,29.88,8.02,27.83,27.49,27.57,False
174d78fa966f42f9a9732ff84de02418,scene-0061,day,traffic cone,movable_object.trafficcone,labelled outline,v80-100,24.2,55.25,54.96,0.0,7.49,7.44,7.46,True
174d78fa966f42f9a9732ff84de02418,scene-0061,day,traffic cone,movable_object.trafficcone,labelled outline,v80-100,31.0,32.27,32.02,7.14,31.19,30.01,30.54,False
174d78fa966f42f9a9732ff84de02418,scene-0061,day,traffic cone,movable_object.trafficcone,labelled outline,v80-100,28.6,37.06,36.77,0.49,32.58,31.32,31.72,True
174d78fa966f42f9a9732ff84de02418,scene-0061,day,traffic cone,movable_object.trafficcone,labelled outline,v80-100,60.5,20.7,20.41,8.56,18.39,12.76,12.92,False
174d78fa966f42f9a9732ff84de02418,scene-0061,day,traffic cone,movable_object.trafficcone,labelled outline,v80-100,29.7,33.32,33.05,0.55,31.4,26.19,29.99,True
174d78fa966f42f9a9732ff84de02418,scene-0061,day,traffic cone,movable_object.trafficcone,labelled outline,v80-100,64.3,18.42,18.1,8.76,13.21,12.85,13.0,False
174d78fa966f42f9a9732ff84de02418,scene-0061,day,traffic cone,movable_object.trafficcone,labelled outline,v80-100,60.4,16.45,16.18,1.02,16.9,15.55,15.63,True
174d78fa966f42f9a9732ff84de02418,scene-0061,day,traffic cone,movable_object.trafficcone,labelled outline,v80-100,43.9,25.22,24.9,8.39,25.76,23.66,24.04,False
174d78fa966f42f9a9732ff84de02418,scene-0061,day,traffic cone,movable_object.trafficcone,labelled outline,v80-100,36.7,27.48,27.2,0.77,25.97,24.26,24.56,True
174d78fa966f42f9a9732ff84de02418,scene-0061,day,traffic cone,movable_object.trafficcone,labelled outline,v80-100,42.4,27.53,27.21,8.27,25.89,25.0,25.33,False
174d78fa966f42f9a9732ff84de02418,scene-0061,day,traffic cone,movable_object.trafficcone,labelled outline,v80-100,68.5,16.97,16.63,8.83,13.82,13.45,13.56,False
174d78fa966f42f9a9732ff84de02418,scene-0061,day,traffic cone,movable_object.trafficcone,labelled outline,v40-60,38.2,31.31,31.03,7.65,28.51,28.24,28.32,False
3789c6c9d01449e7baf981a6f185825d,scene-0061,day,traffic cone,movable_object.trafficcone,labelled outline,v80-100,213.8,4.56,4.23,1.45,6.61,4.97,5.33,False
3789c6c9d01449e7baf981a6f185825d,scene-0061,day,traffic cone,movable_object.trafficcone,labelled outline,v80-100,50.5,19.97,19.69,0.97,20.06,19.28,19.57,True
3789c6c9d01449e7baf981a6f185825d,scene-0061,day,traffic cone,movable_object.trafficcone,labelled outline,v80-100,112.1,9.33,9.05,1.19,10.73,10.48,10.56,True
3789c6c9d01449e7baf981a6f185825d,scene-0061,day,traffic cone,movable_object.trafficcone,labelled outline,v80-100,52.0,22.63,22.34,8.45,24.45,23.4,23.68,False
3789c6c9d01449e7baf981a6f185825d,scene-0061,day,traffic cone,movable_object.trafficcone,labelled outline,v80-100,57.0,21.21,20.87,8.48,23.45,21.53,21.79,False
3789c6c9d01449e7baf981a6f185825d,scene-0061,day,traffic cone,movable_object.trafficcone,labelled outline,v80-100,38.4,28.19,27.91,8.2,30.4,29.45,29.94,False
3789c6c9d01449e7baf981a6f185825d,scene-0061,day,traffic cone,movable_object.trafficcone,labelled outline,v80-100,47.6,25.18,24.87,8.37,28.16,26.11,26.99,False
3789c6c9d01449e7baf981a6f185825d,scene-0061,day,traffic cone,movable_object.trafficcone,labelled outline,v80-100,38.2,29.03,28.75,8.03,30.42,29.75,30.1,False
3789c6c9d01449e7baf981a6f185825d,scene-0061,day,traffic cone,movable_object.trafficcone,labelled outline,v80-100,32.3,31.12,30.88,7.14,32.85,32.13,32.56,False
3789c6c9d01449e7baf981a6f185825d,scene-0061,day,traffic cone,movable_object.trafficcone,labelled outline,v80-100,29.6,35.88,35.59,0.5,31.99,30.05,30.64,True
3789c6c9d01449e7baf981a6f185825d,scene-0061,day,traffic cone,movable_object.trafficcone,labelled outline,v80-100,64.9,19.64,19.34,8.55,20.19,14.32,19.75,False
3789c6c9d01449e7baf981a6f185825d,scene-0061,day,traffic cone,movable_object.trafficcone,labelled outline,v80-100,20.0,58.43,58.16,0.0,48.3,44.13,45.81,True
3789c6c9d01449e7baf981a6f185825d,scene-0061,day,traffic cone,movable_object.trafficcone,labelled outline,v80-100,30.9,32.15,31.87,0.56,30.47,26.98,29.53,True
3789c6c9d01449e7baf981a6f185825d,scene-0061,day,traffic cone,movable_object.trafficcone,labelled outline,v80-100,70.1,17.35,17.03,8.76,15.47,13.6,13.67,False
3789c6c9d01449e7baf981a6f185825d,scene-0061,day,traffic cone,movable_object.trafficcone,labelled outline,v80-100,65.4,15.28,15.01,1.03,16.27,15.84,15.92,True
3789c6c9d01449e7baf981a6f185825d,scene-0061,day,traffic cone,movable_object.trafficcone,labelled outline,v80-100,46.4,24.1,23.77,8.41,26.08,25.04,25.41,False
3789c6c9d01449e7baf981a6f185825d,scene-0061,day,traffic cone,movable_object.trafficcone,labelled outline,v80-100,38.5,26.3,26.02,0.78,25.21,24.08,24.49,True
3789c6c9d01449e7baf981a6f185825d,scene-0061,day,traffic cone,movable_object.trafficcone,labelled outline,v80-100,44.5,26.39,26.08,8.28,28.39,27.12,27.44,False
3789c6c9d01449e7baf981a6f185825d,scene-0061,day,traffic cone,movable_object.trafficcone,labelled outline,v40-60,39.9,30.18,29.9,7.67,30.82,30.31,30.58,False
3789c6c9d01449e7baf981a6f185825d,scene-0061,day,traffic cone,movable_object.trafficcone,labelled outline,v80-100,20.7,49.67,49.36,0.0,45.69,42.04,43.5,True
518c6dcad243448abf03cf28b2b09d60,scene-0061,day,traffic cone,movable_object.trafficcone,labelled outline,v80-100,137.5,3.56,3.21,1.49,6.54,5.03,5.85,False
518c6dcad243448abf03cf28b2b09d60,scene-0061,day,traffic cone,movable_object.trafficcone,labelled outline,v80-100,53.7,18.85,18.58,1.14,20.92,20.01,20.29,True
518c6dcad243448abf03cf28b2b09d60,scene-0061,day,traffic cone,movable_object.trafficcone,labelled outline,v80-100,129.0,8.23,7.95,1.26,10.0,9.8,9.84,False
518c6dcad243448abf03cf28b2b09d60,scene-0061,day,traffic cone,movable_object.trafficcone,labelled outline,v80-100,55.3,21.59,21.31,8.62,24.5,23.47,23.7,False
518c6dcad243448abf03cf28b2b09d60,scene-0061,day,traffic cone,movable_object.trafficcone,labelled outline,v80-100,60.9,20.2,19.86,8.63,23.6,22.01,22.23,False
518c6dcad243448abf03cf28b2b09d60,scene-0061,day,traffic cone,movable_object.trafficcone,labelled outline,v80-100,40.3,27.06,26.78,8.42,29.77,28.78,29.0,False
518c6dcad243448abf03cf28b2b09d60,scene-0061,day,traffic cone,movable_object.trafficcone,labelled outline,v80-100,50.2,24.13,23.83,8.56,27.14,26.25,26.64,False
518c6dcad243448abf03cf28b2b09d60,scene-0061,day,traffic cone,movable_object.trafficcone,labelled outline,v80-100,40.0,27.96,27.69,8.26,30.76,30.12,30.49,False
518c6dcad243448abf03cf28b2b09d60,scene-0061,day,traffic cone,movable_object.trafficcone,labelled outline,v80-100,33.6,30.05,29.8,7.42,33.41,32.47,32.89,False
518c6dcad243448abf03cf28b2b09d60,scene-0061,day,traffic cone,movable_object.trafficcone,labelled outline,v80-100,30.6,34.77,34.47,0.79,33.51,30.42,31.21,True
518c6dcad243448abf03cf28b2b09d60,scene-0061,day,traffic cone,movable_object.trafficcone,labelled outline,v80-100,69.8,18.67,18.36,8.72,20.58,19.31,19.49,False
518c6dcad243448abf03cf28b2b09d60,scene-0061,day,traffic cone,movable_object.trafficcone,labelled outline,v80-100,20.4,57.32,57.04,0.23,56.51,50.61,53.02,True
518c6dcad243448abf03cf28b2b09d60,scene-0061,day,traffic cone,movable_object.trafficcone,labelled outline,v80-100,32.0,31.03,30.76,0.82,30.99,29.54,30.2,True
518c6dcad243448abf03cf28b2b09d60,scene-0061,day,traffic cone,movable_object.trafficcone,labelled outline,v80-100,71.0,14.16,13.89,1.15,16.22,15.87,15.95,True
518c6dcad243448abf03cf28b2b09d60,scene-0061,day,traffic cone,movable_object.trafficcone,labelled outline,v80-100,49.2,23.04,22.71,8.6,26.45,25.14,25.48,False
518c6dcad243448abf03cf28b2b09d60,scene-0061,day,traffic cone,movable_object.trafficcone,labelled outline,v80-100,40.3,25.18,24.89,1.0,27.3,25.97,26.32,True
518c6dcad243448abf03cf28b2b09d60,scene-0061,day,traffic cone,movable_object.trafficcone,labelled outline,v80-100,46.9,25.33,25.01,8.49,27.95,27.15,27.55,False
518c6dcad243448abf03cf28b2b09d60,scene-0061,day,traffic cone,movable_object.trafficcone,labelled outline,v40-60,41.6,29.11,28.83,7.92,30.92,30.53,30.73,False
518c6dcad243448abf03cf28b2b09d60,scene-0061,day,traffic cone,movable_object.trafficcone,labelled outline,v80-100,21.9,60.93,60.62,0.0,61.25,55.76,58.09,True
de48c26fdae74181bf94ee9cd7d5f61f,scene-0061,day,traffic cone,movable_object.trafficcone,labelled outline,v80-100,57.4,17.73,17.45,1.66,19.43,18.18,18.42,False
de48c26fdae74181bf94ee9cd7d5f61f,scene-0061,day,traffic cone,movable_object.trafficcone,labelled outline,v80-100,153.2,7.14,6.85,1.5,8.42,7.99,8.08,False
de48c26fdae74181bf94ee9cd7d5f61f,scene-0061,day,traffic cone,movable_object.trafficcone,labelled outline,v80-100,59.6,20.57,20.29,9.16,22.65,21.52,21.65,False
de48c26fdae74181bf94ee9cd7d5f61f,scene-0061,day,traffic cone,movable_object.trafficcone,labelled outline,v80-100,66.1,19.22,18.88,9.13,22.39,19.56,19.71,False
de48c26fdae74181bf94ee9cd7d5f61f,scene-0061,day,traffic cone,movable_object.trafficcone,labelled outline,v80-100,42.6,26.01,25.72,9.12,28.13,27.08,27.3,False
de48c26fdae74181bf94ee9cd7d5f61f,scene-0061,day,traffic cone,movable_object.trafficcone,labelled outline,v80-100,53.6,23.11,22.8,9.18,25.93,24.55,25.01,False
de48c26fdae74181bf94ee9cd7d5f61f,scene-0061,day,traffic cone,movable_object.trafficcone,labelled outline,v80-100,42.2,26.91,26.63,8.99,28.7,28.22,28.41,False
de48c26fdae74181bf94ee9cd7d5f61f,scene-0061,day,traffic cone,movable_object.trafficcone,labelled outline,v80-100,35.3,28.98,28.72,8.22,30.93,30.51,30.68,False
de48c26fdae74181bf94ee9cd7d5f61f,scene-0061,day,traffic cone,movable_object.trafficcone,labelled outline,v80-100,31.7,33.64,33.35,1.72,33.41,31.26,32.08,False
de48c26fdae74181bf94ee9cd7d5f61f,scene-0061,day,traffic cone,movable_object.trafficcone,labelled outline,v80-100,76.4,17.72,17.42,9.2,23.41,18.62,20.04,False
de48c26fdae74181bf94ee9cd7d5f61f,scene-0061,day,traffic cone,movable_object.trafficcone,labelled outline,v80-100,20.8,56.19,55.91,1.78,52.14,47.96,49.75,False
de48c26fdae74181bf94ee9cd7d5f61f,scene-0061,day,traffic cone,movable_object.trafficcone,labelled outline,v80-100,33.3,29.91,29.63,1.66,32.21,29.26,30.68,False
de48c26fdae74181bf94ee9cd7d5f61f,scene-0061,day,traffic cone,movable_object.trafficcone,labelled outline,v80-100,77.7,13.04,12.77,1.54,15.27,14.28,14.42,False
de48c26fdae74181bf94ee9cd7d5f61f,scene-0061,day,traffic cone,movable_object.trafficcone,labelled outline,v80-100,52.8,22.0,21.67,9.19,25.41,23.61,23.93,False
de48c26fdae74181bf94ee9cd7d5f61f,scene-0061,day,traffic cone,movable_object.trafficcone,labelled outline,v80-100,42.4,24.05,23.76,1.69,25.63,24.1,24.48,False
de48c26fdae74181bf94ee9cd7d5f61f,scene-0061,day,traffic cone,movable_object.trafficcone,labelled outline,v80-100,49.8,24.27,23.95,9.14,26.64,25.55,25.8,False
de48c26fdae74181bf94ee9cd7d5f61f,scene-0061,day,traffic cone,movable_object.trafficcone,labelled outline,v40-60,43.8,28.05,27.76,8.69,29.88,29.19,29.42,False
8efbcbcd8e4848eda3f213f562191f2a,scene-0061,day,traffic cone,movable_object.trafficcone,labelled outline,v80-100,62.5,16.53,16.24,2.55,17.75,17.07,17.15,False
8efbcbcd8e4848eda3f213f562191f2a,scene-0061,day,traffic cone,movable_object.trafficcone,labelled outline,v80-100,195.0,5.99,5.69,1.87,6.73,6.16,6.21,False
8efbcbcd8e4848eda3f213f562191f2a,scene-0061,day,traffic cone,movable_object.trafficcone,labelled outline,v80-100,66.1,19.53,19.24,10.08,27.01,20.19,22.33,False
8efbcbcd8e4848eda3f213f562191f2a,scene-0061,day,traffic cone,movable_object.trafficcone,labelled outline,v80-100,46.0,24.91,24.62,10.33,25.09,24.41,24.7,False
8efbcbcd8e4848eda3f213f562191f2a,scene-0061,day,traffic cone,movable_object.trafficcone,labelled outline,v80-100,58.6,22.05,21.73,10.24,23.29,21.78,21.93,False
8efbcbcd8e4848eda3f213f562191f2a,scene-0061,day,traffic cone,movable_object.trafficcone,labelled outline,v80-100,45.4,25.8,25.52,10.26,25.36,24.95,25.21,False
8efbcbcd8e4848eda3f213f562191f2a,scene-0061,day,traffic cone,movable_object.trafficcone,labelled outline,v80-100,37.6,27.84,27.59,9.59,29.21,28.35,28.71,False
8efbcbcd8e4848eda3f213f562191f2a,scene-0061,day,traffic cone,movable_object.trafficcone,labelled outline,v80-100,33.0,32.42,32.13,3.38,30.37,27.8,28.45,False
8efbcbcd8e4848eda3f213f562191f2a,scene-0061,day,traffic cone,movable_object.trafficcone,labelled outline,v80-100,35.0,28.7,28.41,3.15,28.28,27.05,27.59,False
8efbcbcd8e4848eda3f213f562191f2a,scene-0061,day,traffic cone,movable_object.trafficcone,labelled outline,v80-100,87.5,11.85,11.57,2.2,13.46,12.72,12.8,False
8efbcbcd8e4848eda3f213f562191f2a,scene-0061,day,traffic cone,movable_object.trafficcone,labelled outline,v80-100,58.1,20.94,20.59,10.19,25.02,20.82,21.1,False
8efbcbcd8e4848eda3f213f562191f2a,scene-0061,day,traffic cone,movable_object.trafficcone,labelled outline,v80-100,45.1,22.84,22.55,2.88,22.96,22.33,22.52,False
8efbcbcd8e4848eda3f213f562191f2a,scene-0061,day,traffic cone,movable_object.trafficcone,labelled outline,v80-100,54.2,23.18,22.85,10.26,25.03,22.81,23.07,False
8efbcbcd8e4848eda3f213f562191f2a,scene-0061,day,traffic cone,movable_object.trafficcone,labelled outline,v60-80,46.8,26.93,26.64,10.02,25.91,25.53,25.61,False
8efbcbcd8e4848eda3f213f562191f2a,scene-0061,day,traffic cone,movable_object.trafficcone,labelled outline,v60-80,22.7,63.23,62.88,4.75,68.04,57.26,61.57,False
6c8111f474b943f589b4da1e3444c1c0,scene-0061,day,traffic cone,movable_object.trafficcone,labelled outline,v80-100,70.3,15.17,14.87,3.76,15.99,14.73,14.84,False
6c8111f474b943f589b4da1e3444c1c0,scene-0061,day,traffic cone,movable_object.trafficcone,labelled outline,v80-100,177.1,4.77,4.44,2.32,5.95,4.91,5.26,False
6c8111f474b943f589b4da1e3444c1c0,scene-0061,day,traffic cone,movable_object.trafficcone,labelled outline,v80-100,27.0,40.56,40.27,6.86,38.45,33.07,34.74,False
6c8111f474b943f589b4da1e3444c1c0,scene-0061,day,traffic cone,movable_object.trafficcone,labelled outline,v80-100,51.5,23.7,23.41,11.97,20.64,20.21,20.4,False
6c8111f474b943f589b4da1e3444c1c0,scene-0061,day,traffic cone,movable_object.trafficcone,labelled outline,v80-100,41.3,26.55,26.29,11.42,24.41,23.68,23.91,False
6c8111f474b943f589b4da1e3444c1c0,scene-0061,day,traffic cone,movable_object.trafficcone,labelled outline,v80-100,35.1,31.02,30.72,5.72,30.32,25.7,26.6,False
6c8111f474b943f589b4da1e3444c1c0,scene-0061,day,traffic cone,movable_object.trafficcone,labelled outline,v80-100,37.4,27.3,27.01,5.24,26.18,25.37,25.58,False
6c8111f474b943f589b4da1e3444c1c0,scene-0061,day,traffic cone,movable_object.trafficcone,labelled outline,v80-100,103.8,10.5,10.21,3.07,10.82,10.19,10.26,False
6c8111f474b943f589b4da1e3444c1c0,scene-0061,day,traffic cone,movable_object.trafficcone,labelled outline,v60-80,51.8,25.69,25.39,11.84,21.52,20.83,20.96,False
6c8111f474b943f589b4da1e3444c1c0,scene-0061,day,traffic cone,movable_object.trafficcone,labelled outline,v80-100,32.0,36.1,35.8,6.31,33.55,31.38,32.1,False
bf8c213cfaad4861907cd2677dc2dbcd,scene-0061,day,traffic cone,movable_object.trafficcone,labelled outline,v80-100,77.4,14.2,13.9,4.75,14.58,13.29,13.36,False
bf8c213cfaad4861907cd2677dc2dbcd,scene-0061,day,traffic cone,movable_object.trafficcone,labelled outline,v80-100,28.0,39.57,39.27,9.49,37.36,35.06,36.09,False
bf8c213cfaad4861907cd2677dc2dbcd,scene-0061,day,traffic cone,movable_object.trafficcone,labelled outline,v80-100,44.6,25.69,25.43,13.01,23.71,23.15,23.32,False
bf8c213cfaad4861907cd2677dc2dbcd,scene-0061,day,traffic cone,movable_object.trafficcone,labelled outline,v80-100,39.4,26.32,26.03,7.02,24.87,23.94,24.23,False
bf8c213cfaad4861907cd2677dc2dbcd,scene-0061,day,traffic cone,movable_object.trafficcone,labelled outline,v80-100,120.0,9.58,9.28,3.77,9.7,8.7,8.8,False
bf8c213cfaad4861907cd2677dc2dbcd,scene-0061,day,traffic cone,movable_object.trafficcone,labelled outline,v60-80,27.0,68.04,67.65,14.72,71.2,58.08,63.1,False
bf8c213cfaad4861907cd2677dc2dbcd,scene-0061,day,traffic cone,movable_object.trafficcone,labelled outline,v80-100,24.1,64.33,63.97,13.93,69.84,58.18,62.88,False
bf8c213cfaad4861907cd2677dc2dbcd,scene-0061,day,traffic cone,movable_object.trafficcone,labelled outline,v80-100,33.2,35.11,34.81,8.65,34.81,29.14,30.78,False
054c2431ba324912bb4799b9217f5b7b,scene-0103,day,traffic cone,movable_object.trafficcone,labelled outline,v80-100,29.7,33.76,33.59,6.65,33.53,32.34,32.84,False
94449679456646028efd31ec73c6ae47,scene-0103,day,traffic cone,movable_object.trafficcone,labelled outline,v80-100,34.2,29.39,29.21,6.16,28.43,27.58,28.1,False
350b563e0523486391eba9d010337e2d,scene-0103,day,traffic cone,movable_object.trafficcone,labelled outline,v80-100,40.5,25.0,24.82,5.99,24.36,23.54,23.97,False
3d1b68481c894b0c84291b7d923e2e23,scene-0103,day,traffic cone,movable_object.trafficcone,labelled outline,v80-100,49.9,20.74,20.55,6.01,19.96,19.62,19.78,False
579c17cec3f94f0cbb84b8b95590841c,scene-0103,day,traffic cone,movable_object.trafficcone,labelled outline,v80-100,62.7,17.0,16.81,6.0,16.23,15.7,15.88,False
f9b9612d1bec41cf974eb41c202759f7,scene-0103,day,traffic cone,movable_object.trafficcone,labelled outline,v80-100,79.7,13.94,13.75,5.93,13.3,12.63,12.8,False
c6de74ea1ed34b1fa6e084304bfdc184,scene-0103,day,traffic cone,movable_object.trafficcone,labelled outline,v80-100,96.7,12.05,11.85,5.89,10.8,10.33,10.41,False
ae6645e8bf474b65b19a69bf71fe90a3,scene-0103,day,traffic cone,movable_object.trafficcone,labelled outline,v80-100,67.4,18.51,18.26,7.37,16.2,15.68,15.85,False
87723668b00f419ba263ab062d14bd13,scene-0103,day,traffic cone,movable_object.trafficcone,labelled outline,v80-100,88.6,15.07,14.82,7.42,12.5,12.0,12.42,False
d5061556971945c2afc03dbfdc3bc1a6,scene-0103,day,traffic cone,movable_object.trafficcone,labelled outline,v80-100,71.4,16.36,16.14,7.3,14.12,13.61,13.81,False
2d3b48e3840244c7b681cb6e63e2c123,scene-0103,day,traffic cone,movable_object.trafficcone,labelled outline,v80-100,93.4,13.56,13.36,7.27,10.99,10.58,10.69,False
7d017f5a0bda42e0968d127852faac11,scene-0655,day,traffic cone,movable_object.trafficcone,labelled outline,v80-100,45.3,30.98,30.68,10.24,30.02,28.43,29.16,False
7689f1f8b5d5419cab590af0ddc27942,scene-0655,day,traffic cone,movable_object.trafficcone,labelled outline,v80-100,52.7,27.26,26.94,10.04,25.25,23.64,24.58,False
3318c79c35d349fbb576dc709b78ade5,scene-0655,day,traffic cone,movable_object.trafficcone,labelled outline,v80-100,63.5,23.51,23.18,10.05,21.35,19.14,20.59,False
23377008bf0e4963b2f250660894e337,scene-0655,day,traffic cone,movable_object.trafficcone,labelled outline,v80-100,79.8,19.78,19.45,10.03,22.06,16.38,17.11,False
1a91b5a0d17840ac98fcd256523bf9ad,scene-0655,day,traffic cone,movable_object.trafficcone,labelled outline,v80-100,19.3,47.53,47.33,8.51,45.63,43.72,44.58,False
1a91b5a0d17840ac98fcd256523bf9ad,scene-0655,day,traffic cone,movable_object.trafficcone,labelled outline,v80-100,18.5,50.16,49.95,5.37,50.69,48.38,50.08,False
e5237a3e9a6c4f7793b6381fd5c6c4e5,scene-0655,day,traffic cone,movable_object.trafficcone,labelled outline,v80-100,21.0,43.94,43.74,7.99,41.19,39.45,40.8,False
e5237a3e9a6c4f7793b6381fd5c6c4e5,scene-0655,day,traffic cone,movable_object.trafficcone,labelled outline,v80-100,20.0,46.53,46.31,4.83,45.66,44.38,45.51,False
7c5a49ef75ba4c0b8b56146112b55b91,scene-0655,day,traffic cone,movable_object.trafficcone,labelled outline,v80-100,22.6,40.74,40.55,7.59,37.5,35.68,36.85,False
7c5a49ef75ba4c0b8b56146112b55b91,scene-0655,day,traffic cone,movable_object.trafficcone,labelled outline,v80-100,21.5,43.28,43.07,4.4,41.0,40.21,40.78,False
7c5a49ef75ba4c0b8b56146112b55b91,scene-0655,day,traffic cone,movable_object.trafficcone,labelled outline,v80-100,27.2,34.59,34.42,8.88,34.07,33.39,33.68,False
7c5a49ef75ba4c0b8b56146112b55b91,scene-0655,day,traffic cone,movable_object.trafficcone,labelled outline,v80-100,21.3,43.17,42.97,4.93,41.42,40.23,40.92,False
7c5a49ef75ba4c0b8b56146112b55b91,scene-0655,day,traffic cone,movable_object.trafficcone,labelled outline,v80-100,22.9,40.32,40.07,6.77,38.01,37.01,37.67,False
0d6e66783980495e8fad51cec76bb44d,scene-0655,day,traffic cone,movable_object.trafficcone,labelled outline,v80-100,24.6,37.71,37.52,7.29,34.58,33.95,34.38,False
0d6e66783980495e8fad51cec76bb44d,scene-0655,day,traffic cone,movable_object.trafficcone,labelled outline,v80-100,23.2,40.2,39.98,4.09,37.71,37.22,37.5,False
0d6e66783980495e8fad51cec76bb44d,scene-0655,day,traffic cone,movable_object.trafficcone,labelled outline,v80-100,30.1,31.62,31.44,8.66,31.07,30.72,30.85,False
0d6e66783980495e8fad51cec76bb44d,scene-0655,day,traffic cone,movable_object.trafficcone,labelled outline,v80-100,23.0,40.11,39.9,4.6,38.8,37.85,38.29,False
0d6e66783980495e8fad51cec76bb44d,scene-0655,day,traffic cone,movable_object.trafficcone,labelled outline,v80-100,24.9,37.27,37.02,6.47,34.88,34.0,34.33,False
f62878a493ea46e3b60bd312dfac2334,scene-0655,day,traffic cone,movable_object.trafficcone,labelled outline,v80-100,27.0,34.56,34.37,7.17,32.29,31.72,31.93,False
f62878a493ea46e3b60bd312dfac2334,scene-0655,day,traffic cone,movable_object.trafficcone,labelled outline,v80-100,25.3,37.01,36.79,3.96,35.39,34.87,35.13,False
f62878a493ea46e3b60bd312dfac2334,scene-0655,day,traffic cone,movable_object.trafficcone,labelled outline,v80-100,33.6,28.08,27.86,7.25,28.45,27.76,28.0,False
f62878a493ea46e3b60bd312dfac2334,scene-0655,day,traffic cone,movable_object.trafficcone,labelled outline,v80-100,33.7,28.57,28.38,8.58,28.43,27.92,28.02,False
f62878a493ea46e3b60bd312dfac2334,scene-0655,day,traffic cone,movable_object.trafficcone,labelled outline,v80-100,25.2,36.93,36.72,4.46,35.84,35.16,35.51,False
f62878a493ea46e3b60bd312dfac2334,scene-0655,day,traffic cone,movable_object.trafficcone,labelled outline,v80-100,27.3,34.13,33.87,6.35,33.02,32.28,32.54,False
db33b7a532744b56b05413a8323a6b87,scene-0655,day,traffic cone,movable_object.trafficcone,labelled outline,v80-100,30.1,31.25,31.07,7.48,29.42,28.99,29.25,False
db33b7a532744b56b05413a8323a6b87,scene-0655,day,traffic cone,movable_object.trafficcone,labelled outline,v80-100,27.9,33.64,33.43,4.29,32.46,32.06,32.26,False
db33b7a532744b56b05413a8323a6b87,scene-0655,day,traffic cone,movable_object.trafficcone,labelled outline,v80-100,38.5,24.84,24.62,7.48,25.19,24.61,24.95,False
db33b7a532744b56b05413a8323a6b87,scene-0655,day,traffic cone,movable_object.trafficcone,labelled outline,v80-100,38.6,25.38,25.18,8.82,25.03,23.47,24.4,False
db33b7a532744b56b05413a8323a6b87,scene-0655,day,traffic cone,movable_object.trafficcone,labelled outline,v80-100,27.8,33.58,33.37,4.78,33.93,32.45,32.94,False
db33b7a532744b56b05413a8323a6b87,scene-0655,day,traffic cone,movable_object.trafficcone,labelled outline,v80-100,30.5,30.81,30.56,6.65,29.9,29.2,29.59,False
3f09ac5ffc0745eca86d75b5e3db3f49,scene-0655,day,traffic cone,movable_object.trafficcone,labelled outline,v80-100,34.8,27.63,27.45,7.84,25.92,25.47,25.64,False
3f09ac5ffc0745eca86d75b5e3db3f49,scene-0655,day,traffic cone,movable_object.trafficcone,labelled outline,v80-100,31.8,29.9,29.69,4.67,29.14,28.62,28.96,False
3f09ac5ffc0745eca86d75b5e3db3f49,scene-0655,day,traffic cone,movable_object.trafficcone,labelled outline,v80-100,46.4,21.29,21.06,7.75,21.58,20.99,21.15,False
3f09ac5ffc0745eca86d75b5e3db3f49,scene-0655,day,traffic cone,movable_object.trafficcone,labelled outline,v80-100,46.5,21.9,21.7,9.1,20.92,16.9,18.19,False
3f09ac5ffc0745eca86d75b5e3db3f49,scene-0655,day,traffic cone,movable_object.trafficcone,labelled outline,v80-100,46.4,21.66,21.42,8.53,21.83,20.69,21.12,False
3f09ac5ffc0745eca86d75b5e3db3f49,scene-0655,day,traffic cone,movable_object.trafficcone,labelled outline,v80-100,31.6,29.85,29.64,5.18,29.72,29.09,29.37,False
3f09ac5ffc0745eca86d75b5e3db3f49,scene-0655,day,traffic cone,movable_object.trafficcone,labelled outline,v80-100,35.1,27.14,26.89,7.01,26.51,25.95,26.14,False
281af8097e0d404f8a1964b0a87e947b,scene-0655,day,traffic cone,movable_object.trafficcone,labelled outline,v80-100,41.3,23.83,23.64,8.24,22.36,22.12,22.24,False
281af8097e0d404f8a1964b0a87e947b,scene-0655,day,traffic cone,movable_object.trafficcone,labelled outline,v80-100,37.0,25.94,25.73,5.11,24.91,24.55,24.66,False
281af8097e0d404f8a1964b0a87e947b,scene-0655,day,traffic cone,movable_object.trafficcone,labelled outline,v80-100,59.3,17.65,17.42,8.11,17.31,16.32,16.96,False
281af8097e0d404f8a1964b0a87e947b,scene-0655,day,traffic cone,movable_object.trafficcone,labelled outline,v80-100,59.2,17.32,17.09,7.42,17.25,16.46,16.92,False
281af8097e0d404f8a1964b0a87e947b,scene-0655,day,traffic cone,movable_object.trafficcone,labelled outline,v80-100,59.3,18.38,18.16,9.47,17.16,16.31,16.79,False
281af8097e0d404f8a1964b0a87e947b,scene-0655,day,traffic cone,movable_object.trafficcone,labelled outline,v80-100,59.5,17.97,17.73,8.83,17.43,16.55,17.09,False
281af8097e0d404f8a1964b0a87e947b,scene-0655,day,traffic cone,movable_object.trafficcone,labelled outline,v80-100,36.9,25.9,25.68,5.63,25.94,25.5,25.58,False
281af8097e0d404f8a1964b0a87e947b,scene-0655,day,traffic cone,movable_object.trafficcone,labelled outline,v80-100,41.9,23.34,23.09,7.41,22.8,22.18,22.35,False
12e63e9ea8e345509b55ec661a911318,scene-0655,day,traffic cone,movable_object.trafficcone,labelled outline,v80-100,51.2,19.95,19.76,8.45,17.86,17.58,17.68,False
12e63e9ea8e345509b55ec661a911318,scene-0655,day,traffic cone,movable_object.trafficcone,labelled outline,v80-100,44.6,21.8,21.61,5.34,21.41,21.13,21.19,False
12e63e9ea8e345509b55ec661a911318,scene-0655,day,traffic cone,movable_object.trafficcone,labelled outline,v80-100,82.4,13.67,13.42,7.56,14.62,12.55,12.72,False
12e63e9ea8e345509b55ec661a911318,scene-0655,day,traffic cone,movable_object.trafficcone,labelled outline,v80-100,44.5,21.81,21.59,5.86,22.05,21.58,21.64,False
12e63e9ea8e345509b55ec661a911318,scene-0655,day,traffic cone,movable_object.trafficcone,labelled outline,v80-100,52.5,19.39,19.14,7.63,18.44,17.76,17.97,False
092cdc4f4b8c41568ad30f0235556538,scene-0655,day,traffic cone,movable_object.trafficcone,labelled outline,v80-100,67.8,16.21,15.99,8.46,13.75,13.57,13.61,False
092cdc4f4b8c41568ad30f0235556538,scene-0655,day,traffic cone,movable_object.trafficcone,labelled outline,v80-100,56.3,17.66,17.48,5.34,17.17,16.74,16.9,False
092cdc4f4b8c41568ad30f0235556538,scene-0655,day,traffic cone,movable_object.trafficcone,labelled outline,v80-100,41.2,22.87,22.67,3.05,23.49,21.55,21.77,False
092cdc4f4b8c41568ad30f0235556538,scene-0655,day,traffic cone,movable_object.trafficcone,labelled outline,v80-100,35.1,26.33,26.09,3.02,26.55,24.88,25.48,False
092cdc4f4b8c41568ad30f0235556538,scene-0655,day,traffic cone,movable_object.trafficcone,labelled outline,v80-100,56.1,17.72,17.49,5.85,17.53,16.88,17.01,False
092cdc4f4b8c41568ad30f0235556538,scene-0655,day,traffic cone,movable_object.trafficcone,labelled outline,v80-100,70.4,15.55,15.31,7.64,13.97,13.62,13.68,False
078b27dc1d57494887cba9e4e511ddeb,scene-0655,day,traffic cone,movable_object.trafficcone,labelled outline,v80-100,27.1,34.14,33.89,5.72,30.43,21.34,23.03,False
078b27dc1d57494887cba9e4e511ddeb,scene-0655,day,traffic cone,movable_object.trafficcone,labelled outline,v80-100,77.1,13.69,13.52,5.39,13.06,12.74,12.84,False
078b27dc1d57494887cba9e4e511ddeb,scene-0655,day,traffic cone,movable_object.trafficcone,labelled outline,v80-100,50.8,18.68,18.47,3.11,19.1,17.99,18.18,False
078b27dc1d57494887cba9e4e511ddeb,scene-0655,day,traffic cone,movable_object.trafficcone,labelled outline,v80-100,42.0,22.11,21.87,3.06,23.2,20.95,21.32,False
078b27dc1d57494887cba9e4e511ddeb,scene-0655,day,traffic cone,movable_object.trafficcone,labelled outline,v80-100,76.0,13.8,13.56,5.86,13.35,12.63,12.71,False
e4b019462e2f4e39944b5a5a9c349b2d,scene-0655,day,traffic cone,movable_object.trafficcone,labelled outline,v80-100,31.0,30.04,29.79,5.71,29.62,28.34,28.82,False
e4b019462e2f4e39944b5a5a9c349b2d,scene-0655,day,traffic cone,movable_object.trafficcone,labelled outline,v80-100,118.9,10.04,9.84,5.41,8.6,8.41,8.47,False
e4b019462e2f4e39944b5a5a9c349b2d,scene-0655,day,traffic cone,movable_object.trafficcone,labelled outline,v80-100,66.5,14.6,14.39,3.14,15.06,14.08,14.32,False
e4b019462e2f4e39944b5a5a9c349b2d,scene-0655,day,traffic cone,movable_object.trafficcone,labelled outline,v80-100,52.5,17.99,17.75,3.06,18.9,16.97,17.1,False
97a4892cd1bf408f8bd707be081c791c,scene-0655,day,traffic cone,movable_object.trafficcone,labelled outline,v80-100,36.3,25.96,25.71,5.78,28.75,25.45,26.24,False
97a4892cd1bf408f8bd707be081c791c,scene-0655,day,traffic cone,movable_object.trafficcone,labelled outline,v80-100,49.6,18.98,18.73,3.4,21.03,18.07,18.44,False
97a4892cd1bf408f8bd707be081c791c,scene-0655,day,traffic cone,movable_object.trafficcone,labelled outline,v80-100,95.7,10.59,10.36,3.18,11.74,10.16,10.36,False
97a4892cd1bf408f8bd707be081c791c,scene-0655,day,traffic cone,movable_object.trafficcone,labelled outline,v80-100,69.6,13.91,13.66,3.11,15.81,13.49,13.65,False
97a4892cd1bf408f8bd707be081c791c,scene-0655,day,traffic cone,movable_object.trafficcone,labelled outline,v80-100,40.0,23.26,23.01,3.93,23.31,21.32,22.04,False
427ebabc32f24b3f90bc66ea1a13cf01,scene-0655,day,traffic cone,movable_object.trafficcone,labelled outline,v80-100,44.0,21.81,21.56,5.82,22.82,20.68,20.86,False
427ebabc32f24b3f90bc66ea1a13cf01,scene-0655,day,traffic cone,movable_object.trafficcone,labelled outline,v80-100,65.2,14.81,14.57,3.42,15.74,14.15,14.28,False
427ebabc32f24b3f90bc66ea1a13cf01,scene-0655,day,traffic cone,movable_object.trafficcone,labelled outline,v80-100,42.7,22.39,22.19,7.58,23.28,21.84,22.45,False
427ebabc32f24b3f90bc66ea1a13cf01,scene-0655,day,traffic cone,movable_object.trafficcone,labelled outline,v80-100,174.0,6.68,6.44,3.22,6.47,5.67,5.73,False
427ebabc32f24b3f90bc66ea1a13cf01,scene-0655,day,traffic cone,movable_object.trafficcone,labelled outline,v80-100,43.5,22.43,22.24,8.06,23.03,21.69,22.33,False
427ebabc32f24b3f90bc66ea1a13cf01,scene-0655,day,traffic cone,movable_object.trafficcone,labelled outline,v80-100,43.7,22.53,22.33,8.9,23.93,21.85,22.61,False
427ebabc32f24b3f90bc66ea1a13cf01,scene-0655,day,traffic cone,movable_object.trafficcone,labelled outline,v80-100,104.6,9.81,9.56,3.15,10.74,9.22,9.4,False
427ebabc32f24b3f90bc66ea1a13cf01,scene-0655,day,traffic cone,movable_object.trafficcone,labelled outline,v80-100,49.6,19.06,18.82,3.97,19.71,17.85,18.21,False
427ebabc32f24b3f90bc66ea1a13cf01,scene-0655,day,traffic cone,movable_object.trafficcone,labelled outline,v80-100,43.3,22.53,22.34,8.49,24.17,21.84,22.84,False
dd1b722645744b3eb49fdad74b765c4f,scene-0655,day,traffic cone,movable_object.trafficcone,labelled outline,v80-100,56.3,17.57,17.32,5.77,18.16,16.05,16.3,False
dd1b722645744b3eb49fdad74b765c4f,scene-0655,day,traffic cone,movable_object.trafficcone,labelled outline,v80-100,96.7,10.56,10.33,3.4,11.4,10.0,10.14,False
dd1b722645744b3eb49fdad74b765c4f,scene-0655,day,traffic cone,movable_object.trafficcone,labelled outline,v80-100,54.5,18.28,18.07,7.54,18.59,17.41,17.74,False
dd1b722645744b3eb49fdad74b765c4f,scene-0655,day,traffic cone,movable_object.trafficcone,labelled outline,v80-100,55.9,18.38,18.18,8.08,18.1,16.62,17.5,False
dd1b722645744b3eb49fdad74b765c4f,scene-0655,day,traffic cone,movable_object.trafficcone,labelled outline,v80-100,56.2,18.57,18.36,8.91,18.0,16.83,17.38,False
dd1b722645744b3eb49fdad74b765c4f,scene-0655,day,traffic cone,movable_object.trafficcone,labelled outline,v80-100,216.4,5.84,5.59,3.15,6.36,4.93,5.41,False
dd1b722645744b3eb49fdad74b765c4f,scene-0655,day,traffic cone,movable_object.trafficcone,labelled outline,v80-100,66.0,14.76,14.51,3.94,15.37,14.13,14.23,False
dd1b722645744b3eb49fdad74b765c4f,scene-0655,day,traffic cone,movable_object.trafficcone,labelled outline,v80-100,55.4,18.51,18.31,8.47,18.72,17.5,17.85,False
8f4376cb2da3448abf42221512917c4d,scene-0655,day,traffic cone,movable_object.trafficcone,labelled outline,v80-100,75.2,13.9,13.65,5.72,14.46,12.73,12.92,False
8f4376cb2da3448abf42221512917c4d,scene-0655,day,traffic cone,movable_object.trafficcone,labelled outline,v80-100,34.2,32.02,31.81,5.77,31.45,30.19,30.63,False
8f4376cb2da3448abf42221512917c4d,scene-0655,day,traffic cone,movable_object.trafficcone,labelled outline,v80-100,170.8,6.94,6.74,3.42,6.74,6.14,6.18,False
8f4376cb2da3448abf42221512917c4d,scene-0655,day,traffic cone,movable_object.trafficcone,labelled outline,v80-100,72.3,14.78,14.55,7.51,14.61,13.62,13.8,False
8f4376cb2da3448abf42221512917c4d,scene-0655,day,traffic cone,movable_object.trafficcone,labelled outline,v80-100,74.4,14.93,14.71,8.03,13.86,13.34,13.5,False
8f4376cb2da3448abf42221512917c4d,scene-0655,day,traffic cone,movable_object.trafficcone,labelled outline,v80-100,93.7,11.0,10.76,3.89,11.69,10.34,10.49,False
e1a0ecd338d943b790f553972f2c9068,scene-0655,day,traffic cone,movable_object.trafficcone,labelled outline,v80-100,39.9,27.69,27.47,5.64,28.32,27.26,27.66,False
e1a0ecd338d943b790f553972f2c9068,scene-0655,day,traffic cone,movable_object.trafficcone,labelled outline,v80-100,173.4,7.12,6.91,3.9,8.18,6.16,6.87,False
16cd95c28f0642bca8f6f8017c5410d3,scene-0655,day,traffic cone,movable_object.trafficcone,labelled outline,v80-100,48.6,23.01,22.79,5.53,24.25,22.47,22.8,False
16cd95c28f0642bca8f6f8017c5410d3,scene-0655,day,traffic cone,movable_object.trafficcone,labelled outline,v80-100,37.3,25.41,25.18,5.52,25.69,24.61,24.93,False
b79f8bcaf26944f9bbc08c928602a4e0,scene-0655,day,traffic cone,movable_object.trafficcone,labelled outline,v80-100,60.5,18.82,18.59,5.42,19.27,18.19,18.34,False
b79f8bcaf26944f9bbc08c928602a4e0,scene-0655,day,traffic cone,movable_object.trafficcone,labelled outline,v80-100,57.9,16.73,16.5,5.4,16.56,15.83,15.99,False
b79f8bcaf26944f9bbc08c928602a4e0,scene-0655,day,traffic cone,movable_object.trafficcone,labelled outline,v80-100,45.4,21.18,20.94,5.41,21.89,20.55,20.81,False
8140e0d584a448ddac2befd221508790,scene-0655,day,traffic cone,movable_object.trafficcone,labelled outline,v80-100,80.8,14.63,14.39,5.35,15.28,14.04,14.17,False
8140e0d584a448ddac2befd221508790,scene-0655,day,traffic cone,movable_object.trafficcone,labelled outline,v80-100,82.4,12.62,12.4,5.31,12.3,11.57,11.69,False
8140e0d584a448ddac2befd221508790,scene-0655,day,traffic cone,movable_object.trafficcone,labelled outline,v80-100,58.4,16.92,16.67,5.31,17.11,16.18,16.28,False
95a6d6872f9d4d19b7ac55a80943c611,scene-0553,day,barrier,movable_object.barrier,labelled outline,v80-100,23.3,52.66,51.19,2.51,57.15,50.72,53.99,False
ca953b73b68c4855887802390c30d1d2,scene-0553,day,barrier,movable_object.barrier,labelled outline,v80-100,25.0,49.69,48.21,1.91,51.85,45.84,50.19,False
ca953b73b68c4855887802390c30d1d2,scene-0553,day,barrier,movable_object.barrier,labelled outline,v60-80,21.2,67.36,65.9,3.67,62.67,56.56,59.83,False
ca953b73b68c4855887802390c30d1d2,scene-0553,day,barrier,movable_object.barrier,labelled outline,v80-100,23.3,52.66,51.19,2.5,57.66,50.5,53.93,False
03bcdd9ceeb5403880dbea94d82fd645,scene-0553,day,barrier,movable_object.barrier,labelled outline,v80-100,25.0,49.69,48.22,1.91,51.46,46.04,50.09,False
03bcdd9ceeb5403880dbea94d82fd645,scene-0553,day,barrier,movable_object.barrier,labelled outline,v60-80,21.2,67.36,65.9,3.67,61.58,56.3,58.91,False
03bcdd9ceeb5403880dbea94d82fd645,scene-0553,day,barrier,movable_object.barrier,labelled outline,v80-100,23.3,52.66,51.19,2.5,56.46,50.51,53.35,False
03bcdd9ceeb5403880dbea94d82fd645,scene-0553,day,barrier,movable_object.barrier,labelled outline,v80-100,22.7,64.4,62.93,3.48,60.85,53.44,57.88,False
03bcdd9ceeb5403880dbea94d82fd645,scene-0553,day,barrier,movable_object.barrier,labelled outline,v80-100,25.5,61.46,60.0,3.28,59.14,43.63,53.52,False
8c66f270e43e4e49b3636b2ee042f96d,scene-0553,day,barrier,movable_object.barrier,labelled outline,v80-100,25.0,49.69,48.22,1.91,52.7,45.68,50.65,False
8c66f270e43e4e49b3636b2ee042f96d,scene-0553,day,barrier,movable_object.barrier,labelled outline,v60-80,21.2,67.36,65.9,3.67,62.14,56.58,59.53,False
8c66f270e43e4e49b3636b2ee042f96d,scene-0553,day,barrier,movable_object.barrier,labelled outline,v80-100,23.3,52.66,51.19,2.5,57.63,50.75,54.51,False
8c66f270e43e4e49b3636b2ee042f96d,scene-0553,day,barrier,movable_object.barrier,labelled outline,v80-100,22.7,64.4,62.93,3.48,61.38,53.25,58.52,False
8c66f270e43e4e49b3636b2ee042f96d,scene-0553,day,barrier,movable_object.barrier,labelled outline,v80-100,25.5,61.46,60.0,3.28,59.89,43.78,53.47,False
9e3b30e1496741bfa6593673ac3d3b30,scene-0553,day,barrier,movable_object.barrier,labelled outline,v80-100,25.0,49.69,48.22,1.92,52.58,44.53,50.37,False
9e3b30e1496741bfa6593673ac3d3b30,scene-0553,day,barrier,movable_object.barrier,labelled outline,v60-80,21.2,67.36,65.89,3.68,62.99,56.79,60.29,False
9e3b30e1496741bfa6593673ac3d3b30,scene-0553,day,barrier,movable_object.barrier,labelled outline,v80-100,23.3,52.66,51.19,2.51,57.84,49.82,54.52,False
9e3b30e1496741bfa6593673ac3d3b30,scene-0553,day,barrier,movable_object.barrier,labelled outline,v80-100,22.7,64.4,62.93,3.48,62.03,51.68,58.51,False
9e3b30e1496741bfa6593673ac3d3b30,scene-0553,day,barrier,movable_object.barrier,labelled outline,v80-100,25.5,61.46,60.0,3.28,60.27,42.04,52.39,False
9ac08955983e41ea8f4bf16b49bfa79c,scene-0553,day,barrier,movable_object.barrier,labelled outline,v80-100,25.0,49.69,48.22,1.92,53.92,45.09,51.95,False
9ac08955983e41ea8f4bf16b49bfa79c,scene-0553,day,barrier,movable_object.barrier,labelled outline,v60-80,21.2,67.36,65.89,3.67,62.89,57.81,60.36,False
9ac08955983e41ea8f4bf16b49bfa79c,scene-0553,day,barrier,movable_object.barrier,labelled outline,v80-100,23.3,52.66,51.19,2.51,58.46,50.79,55.67,False
9ac08955983e41ea8f4bf16b49bfa79c,scene-0553,day,barrier,movable_object.barrier,labelled outline,v80-100,22.7,64.4,62.93,3.48,62.17,53.0,59.47,False
9ac08955983e41ea8f4bf16b49bfa79c,scene-0553,day,barrier,movable_object.barrier,labelled outline,v80-100,25.5,61.46,60.0,3.28,60.64,41.83,53.68,False
6e76f277e47547bca0e38099ce01da54,scene-0553,day,barrier,movable_object.barrier,labelled outline,v80-100,25.0,49.69,48.22,1.92,50.31,42.26,47.67,False
6e76f277e47547bca0e38099ce01da54,scene-0553,day,barrier,movable_object.barrier,labelled outline,v60-80,21.2,67.36,65.89,3.67,60.24,52.77,57.34,False
6e76f277e47547bca0e38099ce01da54,scene-0553,day,barrier,movable_object.barrier,labelled outline,v80-100,23.3,52.66,51.19,2.51,55.43,45.71,51.76,False
6e76f277e47547bca0e38099ce01da54,scene-0553,day,barrier,movable_object.barrier,labelled outline,v80-100,22.7,64.4,62.93,3.48,59.65,50.14,56.48,False
6e76f277e47547bca0e38099ce01da54,scene-0553,day,barrier,movable_object.barrier,labelled outline,v80-100,25.5,61.46,60.0,3.28,58.05,40.6,50.19,False
85b9d897bc9d4d7094696a5a356b29f0,scene-0553,day,barrier,movable_object.barrier,labelled outline,v80-100,25.0,49.69,48.22,1.92,59.18,38.44,54.68,False
85b9d897bc9d4d7094696a5a356b29f0,scene-0553,day,barrier,movable_object.barrier,labelled outline,v60-80,21.2,67.36,65.89,3.67,69.23,57.5,66.52,False
85b9d897bc9d4d7094696a5a356b29f0,scene-0553,day,barrier,movable_object.barrier,labelled outline,v80-100,23.3,52.66,51.19,2.51,64.54,45.84,60.7,False
85b9d897bc9d4d7094696a5a356b29f0,scene-0553,day,barrier,movable_object.barrier,labelled outline,v80-100,22.7,64.4,62.93,3.48,68.66,45.96,64.69,False
85b9d897bc9d4d7094696a5a356b29f0,scene-0553,day,barrier,movable_object.barrier,labelled outline,v80-100,25.5,61.46,60.0,3.28,67.05,34.39,48.27,False
435543e1321b411ea5c930633e0883d9,scene-0553,day,barrier,movable_object.barrier,labelled outline,v80-100,25.0,49.69,48.22,1.91,15.57,15.5,15.53,False
435543e1321b411ea5c930633e0883d9,scene-0553,day,barrier,movable_object.barrier,labelled outline,v60-80,21.2,67.36,65.89,3.66,15.51,15.47,15.48,False
435543e1321b411ea5c930633e0883d9,scene-0553,day,barrier,movable_object.barrier,labelled outline,v80-100,23.3,52.66,51.19,2.5,15.53,15.48,15.49,False
435543e1321b411ea5c930633e0883d9,scene-0553,day,barrier,movable_object.barrier,labelled outline,v80-100,22.7,64.4,62.93,3.47,15.5,15.47,15.48,False
435543e1321b411ea5c930633e0883d9,scene-0553,day,barrier,movable_object.barrier,labelled outline,v80-100,25.5,61.46,60.0,3.27,15.49,15.47,15.48,False
cf3f00e98842449696a4cb4edb1e1c5e,scene-0553,day,barrier,movable_object.barrier,labelled outline,v80-100,25.0,49.69,48.22,1.92,46.87,32.07,40.81,False
cf3f00e98842449696a4cb4edb1e1c5e,scene-0553,day,barrier,movable_object.barrier,labelled outline,v60-80,21.2,67.36,65.89,3.66,54.32,40.68,50.17,False
cf3f00e98842449696a4cb4edb1e1c5e,scene-0553,day,barrier,movable_object.barrier,labelled outline,v80-100,23.3,52.66,51.19,2.5,50.39,35.25,44.49,False
cf3f00e98842449696a4cb4edb1e1c5e,scene-0553,day,barrier,movable_object.barrier,labelled outline,v80-100,22.7,64.4,62.93,3.47,53.71,35.87,46.29,False
cf3f00e98842449696a4cb4edb1e1c5e,scene-0553,day,barrier,movable_object.barrier,labelled outline,v80-100,25.5,61.46,60.0,3.27,52.43,30.94,39.03,False
c7f783fe8173446383bfbbb7a783517f,scene-0553,day,barrier,movable_object.barrier,labelled outline,v80-100,25.0,49.69,48.22,1.92,18.37,18.34,18.35,False
c7f783fe8173446383bfbbb7a783517f,scene-0553,day,barrier,movable_object.barrier,labelled outline,v60-80,21.2,67.36,65.89,3.67,18.39,18.38,18.38,False
c7f783fe8173446383bfbbb7a783517f,scene-0553,day,barrier,movable_object.barrier,labelled outline,v80-100,23.3,52.66,51.19,2.51,18.39,18.37,18.38,False
c7f783fe8173446383bfbbb7a783517f,scene-0553,day,barrier,movable_object.barrier,labelled outline,v80-100,22.7,64.4,62.93,3.48,18.39,18.38,18.38,False
c7f783fe8173446383bfbbb7a783517f,scene-0553,day,barrier,movable_object.barrier,labelled outline,v80-100,25.5,61.46,60.0,3.28,18.39,18.38,18.38,False
a409449573af464c9cd6775837c45967,scene-0553,day,barrier,movable_object.barrier,labelled outline,v80-100,25.0,49.69,48.22,1.92,15.77,15.74,15.76,False
a409449573af464c9cd6775837c45967,scene-0553,day,barrier,movable_object.barrier,labelled outline,v60-80,21.2,67.36,65.89,3.66,15.73,15.71,15.72,False
a409449573af464c9cd6775837c45967,scene-0553,day,barrier,movable_object.barrier,labelled outline,v80-100,23.3,52.66,51.19,2.5,15.75,15.72,15.73,False
a409449573af464c9cd6775837c45967,scene-0553,day,barrier,movable_object.barrier,labelled outline,v80-100,22.7,64.4,62.93,3.47,15.73,15.71,15.72,False
a409449573af464c9cd6775837c45967,scene-0553,day,barrier,movable_object.barrier,labelled outline,v80-100,25.5,61.46,60.0,3.27,15.74,15.72,15.72,False
45d02c618f34449bb7587ff6caf120ae,scene-0553,day,barrier,movable_object.barrier,labelled outline,v80-100,25.0,49.69,48.22,1.92,15.79,15.77,15.78,False
45d02c618f34449bb7587ff6caf120ae,scene-0553,day,barrier,movable_object.barrier,labelled outline,v60-80,21.2,67.36,65.89,3.67,15.79,15.78,15.79,False
45d02c618f34449bb7587ff6caf120ae,scene-0553,day,barrier,movable_object.barrier,labelled outline,v80-100,23.3,52.66,51.19,2.51,15.79,15.78,15.78,False
45d02c618f34449bb7587ff6caf120ae,scene-0553,day,barrier,movable_object.barrier,labelled outline,v80-100,22.7,64.4,62.93,3.48,15.79,15.78,15.79,False
45d02c618f34449bb7587ff6caf120ae,scene-0553,day,barrier,movable_object.barrier,labelled outline,v80-100,25.5,61.46,60.0,3.28,15.79,15.78,15.79,False
3fb6c2eacb2e4361bb5d5aa092c4ff8f,scene-0553,day,barrier,movable_object.barrier,labelled outline,v80-100,25.0,49.7,48.23,1.92,53.94,44.2,51.85,False
3fb6c2eacb2e4361bb5d5aa092c4ff8f,scene-0553,day,barrier,movable_object.barrier,labelled outline,v60-80,21.2,67.36,65.89,3.67,63.82,57.62,60.88,False
3fb6c2eacb2e4361bb5d5aa092c4ff8f,scene-0553,day,barrier,movable_object.barrier,labelled outline,v80-100,23.3,52.66,51.19,2.51,58.72,50.54,55.51,False
3fb6c2eacb2e4361bb5d5aa092c4ff8f,scene-0553,day,barrier,movable_object.barrier,labelled outline,v80-100,22.7,64.4,62.93,3.48,62.96,52.41,59.65,False
3fb6c2eacb2e4361bb5d5aa092c4ff8f,scene-0553,day,barrier,movable_object.barrier,labelled outline,v80-100,25.5,61.46,60.0,3.28,61.24,40.78,53.27,False
c8fc91d460cb4ef39117982e0a20804d,scene-0553,day,barrier,movable_object.barrier,labelled outline,v80-100,25.0,49.7,48.23,1.92,19.35,19.23,19.3,False
c8fc91d460cb4ef39117982e0a20804d,scene-0553,day,barrier,movable_object.barrier,labelled outline,v60-80,21.2,67.36,65.89,3.67,19.46,19.39,19.42,False
c8fc91d460cb4ef39117982e0a20804d,scene-0553,day,barrier,movable_object.barrier,labelled outline,v80-100,23.3,52.66,51.19,2.51,19.41,19.31,19.34,False
c8fc91d460cb4ef39117982e0a20804d,scene-0553,day,barrier,movable_object.barrier,labelled outline,v80-100,22.7,64.4,62.93,3.48,19.45,19.37,19.41,False
c8fc91d460cb4ef39117982e0a20804d,scene-0553,day,barrier,movable_object.barrier,labelled outline,v80-100,25.5,61.46,60.0,3.28,19.42,19.27,19.37,False
23e08a928077488685ab3138f3e4164f,scene-0553,day,barrier,movable_object.barrier,labelled outline,v80-100,25.0,49.7,48.23,1.92,19.44,19.32,19.36,False
23e08a928077488685ab3138f3e4164f,scene-0553,day,barrier,movable_object.barrier,labelled outline,v60-80,21.2,67.36,65.89,3.66,52.83,24.69,38.69,False
23e08a928077488685ab3138f3e4164f,scene-0553,day,barrier,movable_object.barrier,labelled outline,v80-100,23.3,52.66,51.19,2.5,21.3,19.37,19.5,False
23e08a928077488685ab3138f3e4164f,scene-0553,day,barrier,movable_object.barrier,labelled outline,v80-100,22.7,64.4,62.93,3.47,51.71,22.92,34.39,False
23e08a928077488685ab3138f3e4164f,scene-0553,day,barrier,movable_object.barrier,labelled outline,v80-100,25.5,61.46,60.0,3.27,41.38,19.81,24.89,False
f8ec648a57f24d988bd07305abf8b77f,scene-0553,day,barrier,movable_object.barrier,labelled outline,v80-100,25.0,49.7,48.23,1.92,49.23,41.26,47.62,False
f8ec648a57f24d988bd07305abf8b77f,scene-0553,day,barrier,movable_object.barrier,labelled outline,v60-80,21.2,67.36,65.89,3.67,57.41,51.31,55.19,False
f8ec648a57f24d988bd07305abf8b77f,scene-0553,day,barrier,movable_object.barrier,labelled outline,v80-100,23.3,52.66,51.19,2.51,53.69,46.65,50.83,False
f8ec648a57f24d988bd07305abf8b77f,scene-0553,day,barrier,movable_object.barrier,labelled outline,v80-100,22.7,64.4,62.93,3.48,57.03,48.78,54.69,False
f8ec648a57f24d988bd07305abf8b77f,scene-0553,day,barrier,movable_object.barrier,labelled outline,v80-100,25.5,61.46,60.0,3.28,55.56,37.98,49.12,False
36287d40e88a4ac9bb64cf4e8c166d1f,scene-0553,day,barrier,movable_object.barrier,labelled outline,v80-100,25.0,49.7,48.23,1.93,46.92,39.11,44.83,False
36287d40e88a4ac9bb64cf4e8c166d1f,scene-0553,day,barrier,movable_object.barrier,labelled outline,v60-80,21.2,67.36,65.89,3.67,52.63,47.69,50.52,False
36287d40e88a4ac9bb64cf4e8c166d1f,scene-0553,day,barrier,movable_object.barrier,labelled outline,v80-100,23.3,52.66,51.19,2.51,49.4,42.72,47.25,False
36287d40e88a4ac9bb64cf4e8c166d1f,scene-0553,day,barrier,movable_object.barrier,labelled outline,v80-100,22.7,64.4,62.93,3.48,52.14,44.04,49.59,False
36287d40e88a4ac9bb64cf4e8c166d1f,scene-0553,day,barrier,movable_object.barrier,labelled outline,v80-100,25.5,61.46,60.0,3.28,50.87,37.44,44.44,False
29cfc6babdba4e7ebad782f6d551033f,scene-0553,day,barrier,movable_object.barrier,labelled outline,v80-100,25.0,49.7,48.23,1.92,19.29,19.23,19.26,False
29cfc6babdba4e7ebad782f6d551033f,scene-0553,day,barrier,movable_object.barrier,labelled outline,v60-80,21.2,67.36,65.89,3.67,19.24,19.2,19.21,False
29cfc6babdba4e7ebad782f6d551033f,scene-0553,day,barrier,movable_object.barrier,labelled outline,v80-100,23.3,52.66,51.19,2.51,19.26,19.21,19.23,False
29cfc6babdba4e7ebad782f6d551033f,scene-0553,day,barrier,movable_object.barrier,labelled outline,v80-100,22.7,64.4,62.93,3.48,19.25,19.2,19.21,False
29cfc6babdba4e7ebad782f6d551033f,scene-0553,day,barrier,movable_object.barrier,labelled outline,v80-100,25.5,61.46,60.0,3.28,19.26,19.2,19.22,False
5479effa00bf4d01b96e1ec77065c977,scene-0553,day,barrier,movable_object.barrier,labelled outline,v80-100,25.0,49.7,48.23,1.93,45.38,35.3,42.93,False
5479effa00bf4d01b96e1ec77065c977,scene-0553,day,barrier,movable_object.barrier,labelled outline,v60-80,21.2,67.36,65.89,3.68,53.39,46.65,51.51,False
5479effa00bf4d01b96e1ec77065c977,scene-0553,day,barrier,movable_object.barrier,labelled outline,v80-100,23.3,52.66,51.19,2.51,49.23,39.07,45.67,False
5479effa00bf4d01b96e1ec77065c977,scene-0553,day,barrier,movable_object.barrier,labelled outline,v80-100,22.7,64.4,62.93,3.48,52.82,40.8,49.39,False
5479effa00bf4d01b96e1ec77065c977,scene-0553,day,barrier,movable_object.barrier,labelled outline,v80-100,25.5,61.46,60.0,3.28,51.58,34.56,41.03,False
836281904290463cafe2059d05d2b474,scene-0553,day,barrier,movable_object.barrier,labelled outline,v80-100,25.0,49.7,48.23,1.93,48.92,41.77,47.13,False
836281904290463cafe2059d05d2b474,scene-0553,day,barrier,movable_object.barrier,labelled outline,v60-80,21.2,67.36,65.9,3.67,56.85,51.3,54.63,False
836281904290463cafe2059d05d2b474,scene-0553,day,barrier,movable_object.barrier,labelled outline,v80-100,23.3,52.66,51.19,2.51,53.36,44.84,50.24,False
836281904290463cafe2059d05d2b474,scene-0553,day,barrier,movable_object.barrier,labelled outline,v80-100,22.7,64.4,62.93,3.48,56.49,49.08,54.06,False
836281904290463cafe2059d05d2b474,scene-0553,day,barrier,movable_object.barrier,labelled outline,v80-100,25.5,61.46,60.0,3.28,55.24,39.56,49.21,False
defde01fa5594f18b24be8fe68e6f2c4,scene-0553,day,barrier,movable_object.barrier,labelled outline,v80-100,25.0,49.7,48.23,1.93,6.92,6.79,6.84,False
defde01fa5594f18b24be8fe68e6f2c4,scene-0553,day,barrier,movable_object.barrier,labelled outline,v60-80,21.2,67.36,65.9,3.67,55.88,7.28,30.44,False
defde01fa5594f18b24be8fe68e6f2c4,scene-0553,day,barrier,movable_object.barrier,labelled outline,v80-100,23.3,52.65,51.19,2.51,11.08,6.91,6.98,False
defde01fa5594f18b24be8fe68e6f2c4,scene-0553,day,barrier,movable_object.barrier,labelled outline,v80-100,22.7,64.4,62.93,3.48,54.85,7.17,8.99,False
defde01fa5594f18b24be8fe68e6f2c4,scene-0553,day,barrier,movable_object.barrier,labelled outline,v80-100,25.5,61.46,60.0,3.28,44.21,7.08,7.24,False
6e8383a5f5ba4334b4cb40e0663acdaa,scene-0553,day,barrier,movable_object.barrier,labelled outline,v80-100,25.0,49.7,48.23,1.93,42.67,35.18,41.64,False
6e8383a5f5ba4334b4cb40e0663acdaa,scene-0553,day,barrier,movable_object.barrier,labelled outline,v60-80,21.2,67.36,65.9,3.67,43.06,20.42,37.1,False
6e8383a5f5ba4334b4cb40e0663acdaa,scene-0553,day,barrier,movable_object.barrier,labelled outline,v80-100,23.3,52.65,51.19,2.51,42.72,26.55,41.54,False
6e8383a5f5ba4334b4cb40e0663acdaa,scene-0553,day,barrier,movable_object.barrier,labelled outline,v80-100,22.7,64.4,62.93,3.47,43.01,20.35,35.83,False
6e8383a5f5ba4334b4cb40e0663acdaa,scene-0553,day,barrier,movable_object.barrier,labelled outline,v80-100,25.5,61.46,60.0,3.28,42.7,19.8,22.57,False
7b90568403b64fba883c052427b76f24,scene-0553,day,barrier,movable_object.barrier,labelled outline,v80-100,25.0,49.7,48.23,1.93,8.42,8.27,8.32,False
7b90568403b64fba883c052427b76f24,scene-0553,day,barrier,movable_object.barrier,labelled outline,v60-80,21.2,67.36,65.9,3.67,8.5,8.36,8.4,False
7b90568403b64fba883c052427b76f24,scene-0553,day,barrier,movable_object.barrier,labelled outline,v80-100,23.3,52.65,51.19,2.51,8.46,8.32,8.37,False
7b90568403b64fba883c052427b76f24,scene-0553,day,barrier,movable_object.barrier,labelled outline,v80-100,22.7,64.4,62.93,3.48,8.48,8.35,8.39,False
7b90568403b64fba883c052427b76f24,scene-0553,day,barrier,movable_object.barrier,labelled outline,v80-100,25.5,61.46,60.0,3.28,8.45,8.32,8.36,False
be0d41d37aac4b3c9771e1bafe72ff41,scene-0553,day,barrier,movable_object.barrier,labelled outline,v80-100,25.0,49.71,48.23,1.93,45.32,40.19,43.49,False
be0d41d37aac4b3c9771e1bafe72ff41,scene-0553,day,barrier,movable_object.barrier,labelled outline,v60-80,21.2,67.36,65.9,3.66,53.98,49.18,52.06,False
be0d41d37aac4b3c9771e1bafe72ff41,scene-0553,day,barrier,movable_object.barrier,labelled outline,v80-100,23.3,52.65,51.19,2.51,51.28,44.8,47.58,False
be0d41d37aac4b3c9771e1bafe72ff41,scene-0553,day,barrier,movable_object.barrier,labelled outline,v80-100,22.7,64.4,62.93,3.47,53.77,47.76,51.62,False
be0d41d37aac4b3c9771e1bafe72ff41,scene-0553,day,barrier,movable_object.barrier,labelled outline,v80-100,25.5,61.46,60.0,3.27,52.6,38.65,47.77,False
c218bb82f11c47bc864e72a3e26db2c9,scene-0553,day,barrier,movable_object.barrier,labelled outline,v80-100,25.0,49.71,48.24,1.92,46.41,41.11,44.99,False
c218bb82f11c47bc864e72a3e26db2c9,scene-0553,day,barrier,movable_object.barrier,labelled outline,v60-80,21.2,67.36,65.9,3.66,57.04,49.56,54.38,False
c218bb82f11c47bc864e72a3e26db2c9,scene-0553,day,barrier,movable_object.barrier,labelled outline,v80-100,23.3,52.65,51.19,2.5,51.79,44.41,46.97,False
c218bb82f11c47bc864e72a3e26db2c9,scene-0553,day,barrier,movable_object.barrier,labelled outline,v80-100,25.5,61.46,60.0,3.27,55.13,38.9,47.57,False
706bc4ecedb1483485dd25b2cdb79b1e,scene-0553,day,barrier,movable_object.barrier,labelled outline,v80-100,25.0,49.71,48.24,1.93,49.99,43.86,48.85,False
706bc4ecedb1483485dd25b2cdb79b1e,scene-0553,day,barrier,movable_object.barrier,labelled outline,v60-80,21.2,67.36,65.9,3.66,59.8,51.5,55.29,False
706bc4ecedb1483485dd25b2cdb79b1e,scene-0553,day,barrier,movable_object.barrier,labelled outline,v80-100,23.3,52.66,51.19,2.51,54.38,47.77,50.66,False
706bc4ecedb1483485dd25b2cdb79b1e,scene-0553,day,barrier,movable_object.barrier,labelled outline,v80-100,25.5,61.46,60.0,3.28,56.65,40.87,49.68,False
63f667397e55468ea55cec6ca099d5e8,scene-0553,day,barrier,movable_object.barrier,labelled outline,v80-100,25.0,49.71,48.24,1.93,8.27,8.09,8.18,False
63f667397e55468ea55cec6ca099d5e8,scene-0553,day,barrier,movable_object.barrier,labelled outline,v60-80,21.2,67.36,65.9,3.67,8.32,8.24,8.29,False
63f667397e55468ea55cec6ca099d5e8,scene-0553,day,barrier,movable_object.barrier,labelled outline,v80-100,23.3,52.66,51.19,2.51,8.27,8.14,8.2,False
63f667397e55468ea55cec6ca099d5e8,scene-0553,day,barrier,movable_object.barrier,labelled outline,v80-100,25.5,61.46,60.0,3.28,8.31,8.21,8.28,False
5a997f9d82874cc99e166b81c4cda2ad,scene-0553,day,barrier,movable_object.barrier,labelled outline,v80-100,25.0,49.71,48.24,1.93,17.8,10.18,17.61,False
5a997f9d82874cc99e166b81c4cda2ad,scene-0553,day,barrier,movable_object.barrier,labelled outline,v60-80,21.2,67.36,65.89,3.66,17.9,17.83,17.85,False
5a997f9d82874cc99e166b81c4cda2ad,scene-0553,day,barrier,movable_object.barrier,labelled outline,v80-100,23.3,52.66,51.19,2.51,17.87,17.79,17.83,False
5a997f9d82874cc99e166b81c4cda2ad,scene-0553,day,barrier,movable_object.barrier,labelled outline,v80-100,25.5,61.46,60.0,3.27,17.9,17.83,17.85,False
b379e0c083e349d9b3eda2b1f817535d,scene-0553,day,barrier,movable_object.barrier,labelled outline,v80-100,25.0,49.71,48.24,1.93,45.96,37.63,44.17,False
b379e0c083e349d9b3eda2b1f817535d,scene-0553,day,barrier,movable_object.barrier,labelled outline,v60-80,21.2,67.36,65.89,3.67,53.31,46.46,51.06,False
b379e0c083e349d9b3eda2b1f817535d,scene-0553,day,barrier,movable_object.barrier,labelled outline,v80-100,23.3,52.66,51.19,2.51,50.57,42.03,47.47,False
b379e0c083e349d9b3eda2b1f817535d,scene-0553,day,barrier,movable_object.barrier,labelled outline,v80-100,25.5,61.46,60.0,3.28,51.77,35.31,44.19,False
b71a3ed2e4cc4c3b9add0925bcefe743,scene-0553,day,barrier,movable_object.barrier,labelled outline,v80-100,25.0,49.71,48.24,1.93,6.83,6.81,6.82,False
b71a3ed2e4cc4c3b9add0925bcefe743,scene-0553,day,barrier,movable_object.barrier,labelled outline,v60-80,21.2,67.36,65.89,3.66,6.86,6.84,6.85,False
b71a3ed2e4cc4c3b9add0925bcefe743,scene-0553,day,barrier,movable_object.barrier,labelled outline,v80-100,23.3,52.66,51.19,2.51,6.84,6.83,6.83,False
b71a3ed2e4cc4c3b9add0925bcefe743,scene-0553,day,barrier,movable_object.barrier,labelled outline,v80-100,25.5,61.46,60.0,3.27,6.86,6.84,6.85,False
8b448769529640509f5481de4976963e,scene-0553,day,barrier,movable_object.barrier,labelled outline,v80-100,25.0,49.71,48.24,1.93,43.32,40.41,42.09,False
8b448769529640509f5481de4976963e,scene-0553,day,barrier,movable_object.barrier,labelled outline,v60-80,21.2,67.36,65.89,3.66,49.22,45.62,47.48,False
8b448769529640509f5481de4976963e,scene-0553,day,barrier,movable_object.barrier,labelled outline,v80-100,23.3,52.65,51.19,2.5,46.99,42.78,44.69,False
8b448769529640509f5481de4976963e,scene-0553,day,barrier,movable_object.barrier,labelled outline,v80-100,25.5,61.46,60.0,3.27,47.97,40.1,44.86,False
549a0000f3a545239b5c6142fab2d9f2,scene-0553,day,barrier,movable_object.barrier,labelled outline,v80-100,25.0,49.71,48.24,1.93,38.4,8.88,10.33,False
549a0000f3a545239b5c6142fab2d9f2,scene-0553,day,barrier,movable_object.barrier,labelled outline,v60-80,21.2,67.36,65.89,3.66,57.4,48.83,53.85,False
549a0000f3a545239b5c6142fab2d9f2,scene-0553,day,barrier,movable_object.barrier,labelled outline,v80-100,23.3,52.65,51.19,2.51,54.33,43.14,49.11,False
549a0000f3a545239b5c6142fab2d9f2,scene-0553,day,barrier,movable_object.barrier,labelled outline,v80-100,25.5,61.46,60.0,3.27,55.34,38.42,47.6,False
28e5177a5fc44a4aa8e813306e614927,scene-0553,day,barrier,movable_object.barrier,labelled outline,v80-100,25.0,49.71,48.24,1.93,48.78,42.75,46.9,False
28e5177a5fc44a4aa8e813306e614927,scene-0553,day,barrier,movable_object.barrier,labelled outline,v60-80,21.2,67.36,65.89,3.66,59.66,50.47,56.01,False
28e5177a5fc44a4aa8e813306e614927,scene-0553,day,barrier,movable_object.barrier,labelled outline,v80-100,23.3,52.65,51.19,2.51,55.22,46.38,50.69,False
28e5177a5fc44a4aa8e813306e614927,scene-0553,day,barrier,movable_object.barrier,labelled outline,v80-100,25.5,61.46,60.0,3.27,57.15,39.75,48.56,False
358ec472650f42d4b6c27686ee2e0d39,scene-0553,day,barrier,movable_object.barrier,labelled outline,v80-100,25.0,49.71,48.24,1.94,48.16,42.43,46.3,False
358ec472650f42d4b6c27686ee2e0d39,scene-0553,day,barrier,movable_object.barrier,labelled outline,v60-80,21.2,67.36,65.89,3.67,57.64,49.92,54.46,False
358ec472650f42d4b6c27686ee2e0d39,scene-0553,day,barrier,movable_object.barrier,labelled outline,v80-100,23.3,52.65,51.19,2.51,53.4,45.97,49.72,False
358ec472650f42d4b6c27686ee2e0d39,scene-0553,day,barrier,movable_object.barrier,labelled outline,v80-100,25.5,61.46,60.0,3.28,55.51,40.3,47.97,False
7036599cb4d44e9d98c2cfad3332c4f6,scene-0553,day,barrier,movable_object.barrier,labelled outline,v80-100,25.0,49.71,48.24,1.94,47.1,40.89,45.32,False
7036599cb4d44e9d98c2cfad3332c4f6,scene-0553,day,barrier,movable_object.barrier,labelled outline,v60-80,21.2,67.36,65.89,3.66,57.18,49.58,54.58,False
7036599cb4d44e9d98c2cfad3332c4f6,scene-0553,day,barrier,movable_object.barrier,labelled outline,v80-100,23.3,52.65,51.19,2.51,53.57,45.13,49.57,False
7036599cb4d44e9d98c2cfad3332c4f6,scene-0553,day,barrier,movable_object.barrier,labelled outline,v80-100,25.5,61.46,60.0,3.27,55.4,38.0,47.3,False
cd8a6fbb4c0a42138792b0b3515b363b,scene-0553,day,barrier,movable_object.barrier,labelled outline,v80-100,25.0,49.72,48.24,1.93,46.97,41.29,45.38,False
cd8a6fbb4c0a42138792b0b3515b363b,scene-0553,day,barrier,movable_object.barrier,labelled outline,v60-80,21.2,67.36,65.89,3.66,57.62,49.34,54.7,False
cd8a6fbb4c0a42138792b0b3515b363b,scene-0553,day,barrier,movable_object.barrier,labelled outline,v80-100,23.3,52.65,51.19,2.5,53.9,45.32,49.61,False
cd8a6fbb4c0a42138792b0b3515b363b,scene-0553,day,barrier,movable_object.barrier,labelled outline,v80-100,25.5,61.46,60.0,3.27,55.6,38.72,47.16,False
0839e821f0794b05a0f0dc6cce034265,scene-0553,day,barrier,movable_object.barrier,labelled outline,v80-100,25.0,49.72,48.25,1.93,47.66,41.05,46.1,False
0839e821f0794b05a0f0dc6cce034265,scene-0553,day,barrier,movable_object.barrier,labelled outline,v60-80,21.2,67.36,65.89,3.65,56.81,47.66,53.42,False
0839e821f0794b05a0f0dc6cce034265,scene-0553,day,barrier,movable_object.barrier,labelled outline,v80-100,23.3,52.65,51.19,2.5,52.61,44.92,49.13,False
0839e821f0794b05a0f0dc6cce034265,scene-0553,day,barrier,movable_object.barrier,labelled outline,v80-100,25.5,61.46,60.0,3.27,54.62,37.49,46.31,False
1f9771d7882744aba57113fd8b40e294,scene-0553,day,barrier,movable_object.barrier,labelled outline,v80-100,25.0,49.72,48.25,1.93,48.73,43.46,47.49,False
1f9771d7882744aba57113fd8b40e294,scene-0553,day,barrier,movable_object.barrier,labelled outline,v60-80,21.2,67.36,65.89,3.66,57.78,51.29,55.0,False
1f9771d7882744aba57113fd8b40e294,scene-0553,day,barrier,movable_object.barrier,labelled outline,v80-100,23.3,52.65,51.19,2.5,53.72,47.44,50.45,False
1f9771d7882744aba57113fd8b40e294,scene-0553,day,barrier,movable_object.barrier,labelled outline,v80-100,25.5,61.46,60.0,3.27,55.66,40.77,49.61,False
aeae6f7b9b154cae9dfbd64705a4e540,scene-0553,day,barrier,movable_object.barrier,labelled outline,v80-100,25.0,49.72,48.25,1.94,49.85,43.04,48.29,False
aeae6f7b9b154cae9dfbd64705a4e540,scene-0553,day,barrier,movable_object.barrier,labelled outline,v60-80,21.2,67.36,65.89,3.66,60.41,52.88,57.43,False
aeae6f7b9b154cae9dfbd64705a4e540,scene-0553,day,barrier,movable_object.barrier,labelled outline,v80-100,23.3,52.65,51.19,2.5,55.88,48.21,51.98,False
aeae6f7b9b154cae9dfbd64705a4e540,scene-0553,day,barrier,movable_object.barrier,labelled outline,v80-100,25.5,61.46,60.0,3.27,58.18,40.54,50.55,False
bd0ce9c48550446fa13676c7703a70c1,scene-0553,day,barrier,movable_object.barrier,labelled outline,v80-100,25.0,49.72,48.25,1.94,51.12,43.87,49.67,False
bd0ce9c48550446fa13676c7703a70c1,scene-0553,day,barrier,movable_object.barrier,labelled outline,v60-80,21.2,67.36,65.89,3.66,60.81,53.49,57.87,False
bd0ce9c48550446fa13676c7703a70c1,scene-0553,day,barrier,movable_object.barrier,labelled outline,v80-100,23.3,52.65,51.19,2.51,56.62,49.19,53.15,False
bd0ce9c48550446fa13676c7703a70c1,scene-0553,day,barrier,movable_object.barrier,labelled outline,v80-100,25.5,61.46,60.0,3.27,58.61,41.05,51.34,False
b04ad7e3c86d47fc98dba25595b2327e,scene-0757,day,traffic cone,movable_object.trafficcone,labelled outline,v80-100,153.9,10.43,10.09,2.35,10.05,9.7,9.77,False
9ce08dbf60bb4b22a952e11f56504292,scene-0757,day,traffic cone,movable_object.trafficcone,labelled outline,v80-100,210.9,7.94,7.62,2.03,7.67,7.37,7.43,False
f921ab741862402aa867b4cd7ceb3d40,scene-0757,day,traffic cone,movable_object.trafficcone,labelled outline,v80-100,330.9,5.52,5.16,1.84,5.36,5.03,5.13,False
941df6343d944a659e16b892e023931c,scene-1077,night,barrier,movable_object.barrier,labelled outline,v80-100,21.5,56.01,54.86,2.67,64.76,58.53,60.87,False
a534bc510aba4393bc620e7c8121b69c,scene-1077,night,barrier,movable_object.barrier,labelled outline,v80-100,24.5,49.69,48.55,2.55,63.8,61.43,62.25,False
e37de16d519e4af6beaba685eae05a57,scene-1077,night,barrier,movable_object.barrier,labelled outline,v80-100,28.2,43.34,42.2,2.79,47.32,42.59,43.93,False
f9c324a0d723415e92f7503ced9a7389,scene-1077,night,barrier,movable_object.barrier,labelled outline,v80-100,33.2,36.91,35.76,2.88,42.7,38.98,41.18,False
54e94f89fb124c32940a224c196a49c0,scene-1077,night,barrier,movable_object.barrier,labelled outline,v80-100,40.0,31.1,29.96,2.95,36.48,35.12,36.05,False
7d10c94f6a104fc0882fe126533d31e3,scene-1077,night,barrier,movable_object.barrier,labelled outline,v80-100,51.5,24.61,23.46,2.94,28.84,27.48,27.91,False
1636a50b7f3b403e899910eea8ce2e23,scene-1077,night,barrier,movable_object.barrier,labelled outline,v80-100,73.3,17.96,16.8,2.98,20.64,19.21,19.59,False
efc0530010574686a81ea923e2a77955,scene-1077,night,barrier,movable_object.barrier,labelled outline,v80-100,128.4,11.26,10.12,2.95,13.0,11.91,12.14,False
d80d00fe8aa444b7b04ae588b5e55ea0,scene-1077,night,barrier,movable_object.barrier,labelled outline,v80-100,345.5,5.08,4.19,2.9,8.18,5.97,6.88,False
2edd8a4e2b484a22b0ec566f2f2e9b95,scene-1077,night,barrier,movable_object.barrier,labelled outline,v80-100,55.4,26.12,25.11,8.39,28.16,24.46,27.85,False
341e20164fcb47cbb22332a47013bdb6,scene-1077,night,barrier,movable_object.barrier,labelled outline,v40-60,63.2,23.77,22.7,9.25,22.51,20.53,21.09,False
341e20164fcb47cbb22332a47013bdb6,scene-1077,night,barrier,movable_object.barrier,labelled outline,v80-100,80.6,19.26,18.29,8.27,19.28,18.49,18.84,False
1a73ab0790a0423bbd317c10bebf7f23,scene-1077,night,barrier,movable_object.barrier,labelled outline,v60-80,96.5,17.31,16.27,9.13,17.05,16.77,16.95,False
1a73ab0790a0423bbd317c10bebf7f23,scene-1077,night,barrier,movable_object.barrier,labelled outline,v80-100,25.8,49.86,49.44,8.34,50.22,45.64,48.79,False
2e63eb8c6e91493292396908c1257f31,scene-1077,night,barrier,movable_object.barrier,labelled outline,v80-100,30.6,42.62,42.24,8.24,42.36,41.07,42.08,False
9c46f52aa0674d528647cd892968f78b,scene-1077,night,barrier,movable_object.barrier,labelled outline,v80-100,36.7,35.4,35.08,8.06,37.64,37.32,37.55,False
f0a02178f2f5410f91c903bf632ee296,scene-1077,night,barrier,movable_object.barrier,labelled outline,v80-100,46.3,28.37,28.11,8.04,29.49,29.27,29.33,False
1402826678e143fdbe22da3080dd36d8,scene-1077,night,barrier,movable_object.barrier,labelled outline,v80-100,67.5,20.88,20.53,8.05,20.28,19.99,20.12,False
2d35f62a9daf41a18c15c7a946b0d141,scene-1077,night,barrier,movable_object.barrier,labelled outline,v80-100,108.4,15.4,14.43,8.19,14.12,13.61,13.81,False
