frame,scene,condition,class,category,predicted_class,visibility,box_height_px,true_centre_m,true_nearest_surface_m,lateral_gap_m,unidepth-v2-base-nocam_median,unidepth-v2-base-nocam_p10,unidepth-v2-base-nocam_p25,in_path
e3d495d4ac534d54b321f50006683844,scene-0061,day,car,vehicle.car,car,v80-100,52.9,40.04,37.99,2.14,40.67,39.85,40.0,False
e3d495d4ac534d54b321f50006683844,scene-0061,day,car,vehicle.car,car,v80-100,65.0,35.09,33.02,4.9,35.19,34.75,34.84,False
e3d495d4ac534d54b321f50006683844,scene-0061,day,car,vehicle.car,bus,v80-100,71.8,37.65,35.27,1.17,36.56,36.2,36.31,True
e3d495d4ac534d54b321f50006683844,scene-0061,day,truck,vehicle.truck,car,v60-80,61.8,45.84,43.53,5.51,53.64,48.75,50.73,False
e3d495d4ac534d54b321f50006683844,scene-0061,day,truck,vehicle.truck,truck,v80-100,475.7,15.49,10.22,2.99,11.15,10.89,10.94,False
e3d495d4ac534d54b321f50006683844,scene-0061,day,car,vehicle.car,car,v60-80,37.2,71.01,69.25,26.91,47.24,44.74,45.64,False
e3d495d4ac534d54b321f50006683844,scene-0061,day,pedestrian,human.pedestrian.adult,person,v80-100,138.3,16.6,16.26,2.18,17.44,17.23,17.29,False
4b6870ae200c4b969b91c50a9737f712,scene-0061,day,car,vehicle.car,car,v80-100,73.7,31.5,29.42,5.19,32.16,31.65,31.76,False
4b6870ae200c4b969b91c50a9737f712,scene-0061,day,truck,vehicle.truck,truck,v60-80,66.5,42.99,40.68,5.88,49.58,47.32,48.07,False
4b6870ae200c4b969b91c50a9737f712,scene-0061,day,car,vehicle.car,bus,v80-100,76.2,35.73,33.35,1.02,37.94,37.52,37.64,True
4b6870ae200c4b969b91c50a9737f712,scene-0061,day,car,vehicle.car,car,v80-100,51.6,41.17,39.11,2.63,45.53,44.75,44.97,False
4b6870ae200c4b969b91c50a9737f712,scene-0061,day,truck,vehicle.truck,truck,v80-100,844.8,11.26,6.07,2.98,8.68,6.39,6.62,False
4b6870ae200c4b969b91c50a9737f712,scene-0061,day,car,vehicle.car,car,v60-80,40.7,66.93,65.12,27.23,46.73,44.6,45.28,False
4b6870ae200c4b969b91c50a9737f712,scene-0061,day,pedestrian,human.pedestrian.adult,person,v80-100,192.3,12.15,11.83,2.12,13.15,13.0,13.05,False
4b6870ae200c4b969b91c50a9737f712,scene-0061,day,pedestrian,human.pedestrian.adult,person,v80-100,42.8,57.72,57.26,0.0,67.17,65.22,65.96,True
d0d9ef23e3934ea09d55afdc24db9827,scene-0061,day,car,vehicle.car,car,v80-100,81.2,33.58,31.23,0.69,32.53,32.19,32.31,True
d0d9ef23e3934ea09d55afdc24db9827,scene-0061,day,car,vehicle.car,car,v80-100,49.7,42.59,40.53,3.32,43.03,42.12,42.35,False
d0d9ef23e3934ea09d55afdc24db9827,scene-0061,day,car,vehicle.car,car,v80-100,87.5,27.05,24.94,5.4,25.34,24.7,24.85,False
d0d9ef23e3934ea09d55afdc24db9827,scene-0061,day,truck,vehicle.truck,truck,v80-100,71.3,40.36,38.03,6.36,41.84,40.07,40.5,False
d0d9ef23e3934ea09d55afdc24db9827,scene-0061,day,pedestrian,human.pedestrian.adult,person,v80-100,329.1,7.48,7.16,2.06,7.61,7.56,7.58,False
d0d9ef23e3934ea09d55afdc24db9827,scene-0061,day,pedestrian,human.pedestrian.adult,person,v80-100,47.1,54.69,54.24,0.4,56.23,53.68,54.7,True
d0d9ef23e3934ea09d55afdc24db9827,scene-0061,day,pedestrian,human.pedestrian.adult,person,v80-100,46.1,53.55,53.1,0.0,59.88,56.47,57.44,True
d0d9ef23e3934ea09d55afdc24db9827,scene-0061,day,car,vehicle.car,car,v80-100,44.2,62.69,60.82,27.63,43.12,40.73,41.94,False
74e7a9260c5d45b78b831528b62daf41,scene-0061,day,car,vehicle.car,car,v80-100,101.0,23.89,21.78,5.52,23.34,22.84,22.98,False
74e7a9260c5d45b78b831528b62daf41,scene-0061,day,car,vehicle.car,car,v80-100,85.9,31.73,29.36,0.53,31.44,31.08,31.18,True
74e7a9260c5d45b78b831528b62daf41,scene-0061,day,truck,vehicle.truck,truck,v80-100,75.3,38.41,36.07,6.86,42.92,41.54,41.79,False
74e7a9260c5d45b78b831528b62daf41,scene-0061,day,car,vehicle.car,car,v80-100,47.8,43.82,41.76,4.03,48.24,47.21,47.44,False
74e7a9260c5d45b78b831528b62daf41,scene-0061,day,pedestrian,human.pedestrian.adult,person,v40-60,41.9,54.12,53.63,0.33,53.12,52.08,52.48,True
74e7a9260c5d45b78b831528b62daf41,scene-0061,day,pedestrian,human.pedestrian.adult,person,v80-100,50.3,51.16,50.72,0.0,54.58,51.85,52.39,True
74e7a9260c5d45b78b831528b62daf41,scene-0061,day,pedestrian,human.pedestrian.adult,person,v80-100,49.4,49.99,49.56,0.35,57.27,55.09,55.71,True
74e7a9260c5d45b78b831528b62daf41,scene-0061,day,car,vehicle.car,car,v80-100,47.6,59.08,57.15,28.21,43.79,41.25,42.17,False
21ca7cbfbde14f088143cf001570d01b,scene-0061,day,car,vehicle.car,car,v80-100,46.3,45.26,43.19,4.73,50.97,50.06,50.31,False
21ca7cbfbde14f088143cf001570d01b,scene-0061,day,car,vehicle.car,car,v80-100,91.2,29.99,27.6,0.59,30.38,30.02,30.13,True
21ca7cbfbde14f088143cf001570d01b,scene-0061,day,car,vehicle.car,car,v80-100,116.2,21.35,19.21,5.73,20.76,20.23,20.33,False
21ca7cbfbde14f088143cf001570d01b,scene-0061,day,truck,vehicle.truck,truck,v80-100,79.6,36.67,34.35,7.22,41.13,40.05,40.44,False
21ca7cbfbde14f088143cf001570d01b,scene-0061,day,pedestrian,human.pedestrian.adult,person,v80-100,53.0,46.57,46.15,0.66,57.01,55.15,55.7,True
ddbc1befa70f4b49a0824f63a920676b,scene-0061,day,car,vehicle.car,car,v80-100,127.6,19.92,17.77,5.96,19.36,18.75,18.87,False
ddbc1befa70f4b49a0824f63a920676b,scene-0061,day,car,vehicle.car,car,v80-100,96.6,28.44,26.03,0.65,28.86,28.53,28.61,True
ddbc1befa70f4b49a0824f63a920676b,scene-0061,day,truck,vehicle.truck,truck,v80-100,83.1,35.46,33.16,7.76,40.67,40.09,40.3,False
ddbc1befa70f4b49a0824f63a920676b,scene-0061,day,pedestrian,human.pedestrian.adult,person,v80-100,56.6,43.66,43.24,0.93,50.9,49.15,49.51,True
ddbc1befa70f4b49a0824f63a920676b,scene-0061,day,pedestrian,human.pedestrian.adult,person,v80-100,57.6,44.71,44.27,0.08,65.12,60.53,62.38,True
33b500c9cc824733a47bfe2c3ea33202,scene-0061,day,car,vehicle.car,car,v80-100,142.1,18.52,16.35,6.25,17.56,17.01,17.1,False
33b500c9cc824733a47bfe2c3ea33202,scene-0061,day,car,vehicle.car,car,v80-100,103.9,26.62,24.17,0.73,27.22,26.73,26.84,True
33b500c9cc824733a47bfe2c3ea33202,scene-0061,day,truck,vehicle.truck,truck,v80-100,86.9,34.42,32.14,8.51,40.22,39.36,39.61,False
33b500c9cc824733a47bfe2c3ea33202,scene-0061,day,pedestrian,human.pedestrian.adult,person,v80-100,61.2,40.49,40.08,1.28,49.77,48.04,48.78,False
33b500c9cc824733a47bfe2c3ea33202,scene-0061,day,pedestrian,human.pedestrian.adult,person,v80-100,62.2,41.52,41.08,0.47,53.06,51.29,51.96,True
33b500c9cc824733a47bfe2c3ea33202,scene-0061,day,pedestrian,human.pedestrian.adult,person,v80-100,57.0,41.67,41.15,0.0,52.69,46.81,48.82,True
33b500c9cc824733a47bfe2c3ea33202,scene-0061,day,pedestrian,human.pedestrian.adult,person,v80-100,58.6,35.42,35.1,0.54,42.26,39.32,40.94,True
c311678f400e471d84e785652dd87a7a,scene-0061,day,car,vehicle.car,car,v80-100,112.7,24.78,22.31,1.09,24.7,24.11,24.27,True
c311678f400e471d84e785652dd87a7a,scene-0061,day,car,vehicle.car,car,v80-100,153.7,17.73,15.55,6.65,16.52,16.0,16.11,False
c311678f400e471d84e785652dd87a7a,scene-0061,day,truck,vehicle.truck,truck,v80-100,90.8,33.63,31.35,9.52,34.72,34.2,34.44,False
c311678f400e471d84e785652dd87a7a,scene-0061,day,pedestrian,human.pedestrian.adult,person,v40-60,54.9,42.64,42.18,1.22,45.48,44.51,44.77,False
c311678f400e471d84e785652dd87a7a,scene-0061,day,truck,vehicle.truck,car,v80-100,52.9,69.53,66.4,17.47,62.92,61.3,61.93,False
c311678f400e471d84e785652dd87a7a,scene-0061,day,pedestrian,human.pedestrian.adult,person,v80-100,67.1,37.07,36.65,1.5,42.99,41.93,42.36,False
c311678f400e471d84e785652dd87a7a,scene-0061,day,bus,vehicle.bus.rigid,car,v80-100,60.0,80.39,74.66,17.92,72.01,66.79,68.78,False
c311678f400e471d84e785652dd87a7a,scene-0061,day,pedestrian,human.pedestrian.adult,person,v80-100,75.4,31.36,30.92,9.81,37.12,36.05,36.32,False
c311678f400e471d84e785652dd87a7a,scene-0061,day,pedestrian,human.pedestrian.adult,person,v80-100,62.3,38.25,37.73,0.0,42.54,40.03,41.27,True
885472e412f4499cacf2f4796c309276,scene-0061,day,car,vehicle.car,car,v80-100,159.7,17.39,15.21,7.02,15.45,14.81,14.95,False
885472e412f4499cacf2f4796c309276,scene-0061,day,car,vehicle.car,car,v80-100,121.5,23.11,20.62,1.42,22.1,21.59,21.72,False
885472e412f4499cacf2f4796c309276,scene-0061,day,truck,vehicle.truck,truck,v80-100,93.6,33.2,30.85,10.91,34.68,33.61,33.82,False
885472e412f4499cacf2f4796c309276,scene-0061,day,pedestrian,human.pedestrian.adult,person,v80-100,74.8,27.85,27.53,0.09,34.3,30.46,31.69,True
885472e412f4499cacf2f4796c309276,scene-0061,day,truck,vehicle.truck,car,v80-100,55.9,66.18,63.03,18.01,59.51,58.21,59.01,False
885472e412f4499cacf2f4796c309276,scene-0061,day,pedestrian,human.pedestrian.adult,person,v80-100,73.7,35.13,34.69,1.14,39.08,38.55,38.74,True
885472e412f4499cacf2f4796c309276,scene-0061,day,pedestrian,human.pedestrian.adult,person,v80-100,72.8,34.15,33.74,1.84,39.98,38.94,39.28,False
885472e412f4499cacf2f4796c309276,scene-0061,day,pedestrian,human.pedestrian.adult,person,v80-100,56.3,42.61,42.15,0.1,50.51,43.91,45.61,True
885472e412f4499cacf2f4796c309276,scene-0061,day,parked two-wheeler,vehicle.motorcycle,motorcycle,v80-100,62.7,33.18,32.01,16.58,35.14,34.29,34.62,False
885472e412f4499cacf2f4796c309276,scene-0061,day,pedestrian,human.pedestrian.adult,person,v60-80,58.9,39.72,39.27,1.68,39.99,38.86,39.3,False
e41335fbfc1645faa5a532a62df1fe68,scene-0061,day,car,vehicle.car,car,v80-100,162.7,17.36,15.18,7.51,15.67,14.49,14.91,False
e41335fbfc1645faa5a532a62df1fe68,scene-0061,day,car,vehicle.car,car,v80-100,132.4,21.56,19.06,1.94,21.1,20.52,20.72,False
e41335fbfc1645faa5a532a62df1fe68,scene-0061,day,truck,vehicle.truck,car,v80-100,59.1,62.95,59.79,18.42,53.1,51.89,52.38,False
e41335fbfc1645faa5a532a62df1fe68,scene-0061,day,pedestrian,human.pedestrian.adult,person,v80-100,79.3,31.36,30.94,2.1,35.54,34.48,34.82,False
e41335fbfc1645faa5a532a62df1fe68,scene-0061,day,pedestrian,human.pedestrian.adult,person,v80-100,62.2,38.58,38.12,0.34,45.7,44.12,44.52,True
e41335fbfc1645faa5a532a62df1fe68,scene-0061,day,pedestrian,human.pedestrian.adult,person,v80-100,80.2,32.3,31.86,1.45,36.04,35.46,35.65,False
e41335fbfc1645faa5a532a62df1fe68,scene-0061,day,bus,vehicle.bus.rigid,car,v80-100,66.0,73.77,68.02,19.05,59.85,55.99,57.34,False
e41335fbfc1645faa5a532a62df1fe68,scene-0061,day,pedestrian,human.pedestrian.construction_worker,person,v80-100,80.7,28.11,27.68,2.02,36.52,36.08,36.26,False
e41335fbfc1645faa5a532a62df1fe68,scene-0061,day,pedestrian,human.pedestrian.adult,person,v80-100,97.5,24.93,24.46,9.41,26.25,23.34,26.02,False
81b6368f6af9417684cefeb6661a14e7,scene-0061,day,car,vehicle.car,car,v80-100,143.8,20.2,17.69,2.39,19.46,18.8,19.07,False
81b6368f6af9417684cefeb6661a14e7,scene-0061,day,car,vehicle.car,car,v80-100,164.0,17.57,15.4,8.1,15.99,14.89,15.27,False
81b6368f6af9417684cefeb6661a14e7,scene-0061,day,truck,vehicle.truck,car,v80-100,62.5,60.2,57.03,18.97,52.99,51.79,52.35,False
81b6368f6af9417684cefeb6661a14e7,scene-0061,day,pedestrian,human.pedestrian.adult,person,v60-80,65.9,35.51,35.13,1.32,46.94,44.25,45.02,False
81b6368f6af9417684cefeb6661a14e7,scene-0061,day,bus,vehicle.bus.rigid,car,v80-100,69.3,71.0,65.24,19.72,58.65,55.36,56.68,False
81b6368f6af9417684cefeb6661a14e7,scene-0061,day,pedestrian,human.pedestrian.construction_worker,person,v80-100,90.1,25.21,24.77,1.74,31.26,30.63,30.9,False
81b6368f6af9417684cefeb6661a14e7,scene-0061,day,pedestrian,human.pedestrian.adult,person,v80-100,85.9,29.04,28.62,2.5,31.71,30.64,30.96,False
81b6368f6af9417684cefeb6661a14e7,scene-0061,day,pedestrian,human.pedestrian.adult,person,v80-100,68.2,35.18,34.72,0.76,43.49,41.99,42.5,True
81b6368f6af9417684cefeb6661a14e7,scene-0061,day,pedestrian,human.pedestrian.adult,person,v80-100,96.5,21.67,21.33,1.32,23.09,22.84,22.96,False
81b6368f6af9417684cefeb6661a14e7,scene-0061,day,pedestrian,human.pedestrian.adult,person,v80-100,111.3,22.27,21.8,9.19,22.71,22.26,22.45,False
a61bfbde6877413386a772591617f38d,scene-0061,day,car,vehicle.car,car,v80-100,158.0,18.79,16.28,2.79,18.08,17.48,17.7,False
a61bfbde6877413386a772591617f38d,scene-0061,day,truck,vehicle.truck,car,v80-100,67.2,57.25,54.08,20.13,53.78,52.47,53.05,False
a61bfbde6877413386a772591617f38d,scene-0061,day,pedestrian,human.pedestrian.adult,person,v80-100,77.2,31.22,30.76,1.47,39.38,37.61,37.96,False
a61bfbde6877413386a772591617f38d,scene-0061,day,car,vehicle.car,car,v40-60,30.3,79.22,76.84,15.82,64.03,60.22,61.83,False
a61bfbde6877413386a772591617f38d,scene-0061,day,bus,vehicle.bus.rigid,car,v80-100,73.8,68.01,62.25,21.08,59.76,56.76,57.98,False
a61bfbde6877413386a772591617f38d,scene-0061,day,truck,vehicle.truck,truck,v60-80,120.3,43.39,40.07,9.09,42.88,28.04,42.34,False
a61bfbde6877413386a772591617f38d,scene-0061,day,pedestrian,human.pedestrian.adult,person,v80-100,74.1,31.69,31.31,2.02,38.75,38.0,38.34,False
a61bfbde6877413386a772591617f38d,scene-0061,day,pedestrian,human.pedestrian.adult,person,v80-100,114.0,18.52,18.17,2.0,19.82,19.45,19.59,False
a61bfbde6877413386a772591617f38d,scene-0061,day,pedestrian,human.pedestrian.construction_worker,person,v80-100,103.3,22.05,21.61,1.2,30.39,29.65,29.95,True
a61bfbde6877413386a772591617f38d,scene-0061,day,pedestrian,human.pedestrian.adult,person,v80-100,95.0,27.48,27.0,2.58,27.21,26.47,26.73,False
a61bfbde6877413386a772591617f38d,scene-0061,day,pedestrian,human.pedestrian.adult,person,v80-100,131.0,19.43,18.95,8.75,20.35,20.03,20.11,False
a61bfbde6877413386a772591617f38d,scene-0061,day,pedestrian,human.pedestrian.adult,person,v60-80,94.9,26.47,26.07,3.22,19.89,19.47,19.61,False
ad609ca688444331b3218f664d644473,scene-0061,day,car,vehicle.car,car,v80-100,174.1,17.44,14.93,2.99,15.62,15.03,15.24,False
ad609ca688444331b3218f664d644473,scene-0061,day,truck,vehicle.truck,truck,v60-80,108.5,47.12,44.12,20.54,38.64,37.21,37.82,False
ad609ca688444331b3218f664d644473,scene-0061,day,pedestrian,human.pedestrian.adult,person,v40-60,81.3,28.55,28.09,3.78,29.15,28.4,28.66,False
ad609ca688444331b3218f664d644473,scene-0061,day,truck,vehicle.truck,car,v80-100,73.5,54.53,51.34,21.91,45.61,44.47,44.91,False
ad609ca688444331b3218f664d644473,scene-0061,day,car,vehicle.car,car,v60-80,30.6,80.32,77.93,19.33,58.8,55.33,56.83,False
ad609ca688444331b3218f664d644473,scene-0061,day,bus,vehicle.bus.rigid,truck,v80-100,80.0,65.25,59.47,23.18,50.4,47.83,48.87,False
ad609ca688444331b3218f664d644473,scene-0061,day,pedestrian,human.pedestrian.adult,person,v80-100,84.7,28.05,27.67,3.11,31.57,31.09,31.23,False
ad609ca688444331b3218f664d644473,scene-0061,day,pedestrian,human.pedestrian.adult,person,v80-100,88.2,27.62,27.16,2.53,31.58,30.62,30.89,False
ad609ca688444331b3218f664d644473,scene-0061,day,pedestrian,human.pedestrian.adult,person,v80-100,106.0,24.1,23.68,4.26,24.89,24.28,24.52,False
ad609ca688444331b3218f664d644473,scene-0061,day,pedestrian,human.pedestrian.construction_worker,person,v80-100,120.3,19.04,18.61,0.39,22.75,22.38,22.51,True
ad609ca688444331b3218f664d644473,scene-0061,day,truck,vehicle.truck,truck,v60-80,131.4,40.54,37.14,7.56,38.38,22.81,38.11,False
ad609ca688444331b3218f664d644473,scene-0061,day,pedestrian,human.pedestrian.adult,person,v80-100,156.6,16.77,16.29,8.13,15.66,15.37,15.47,False
ad609ca688444331b3218f664d644473,scene-0061,day,pedestrian,human.pedestrian.adult,person,v60-80,105.4,25.1,24.62,3.79,24.57,19.35,23.65,False
3ead6ff0cd324d92918112dfcf400343,scene-0061,day,truck,vehicle.truck,truck,v60-80,116.6,44.54,41.52,18.56,37.84,37.06,37.24,False
3ead6ff0cd324d92918112dfcf400343,scene-0061,day,car,vehicle.car,car,v80-100,192.6,16.15,13.65,3.09,14.08,13.56,13.75,False
3ead6ff0cd324d92918112dfcf400343,scene-0061,day,truck,vehicle.truck,car,v80-100,81.5,52.01,48.81,24.04,40.59,40.13,40.29,False
3ead6ff0cd324d92918112dfcf400343,scene-0061,day,pedestrian,human.pedestrian.adult,person,v80-100,102.6,24.16,23.7,3.73,25.91,25.18,25.36,False
3ead6ff0cd324d92918112dfcf400343,scene-0061,day,truck,vehicle.truck,truck,v40-60,143.9,37.74,34.29,5.71,35.93,25.26,26.35,False
3ead6ff0cd324d92918112dfcf400343,scene-0061,day,pedestrian,human.pedestrian.adult,person,v80-100,118.5,22.88,22.42,5.2,24.22,23.36,23.65,False
3ead6ff0cd324d92918112dfcf400343,scene-0061,day,pedestrian,human.pedestrian.adult,person,v80-100,108.6,22.83,22.33,4.4,25.66,25.15,25.35,False
3ead6ff0cd324d92918112dfcf400343,scene-0061,day,pedestrian,human.pedestrian.construction_worker,person,v80-100,143.2,16.15,15.72,0.0,18.91,18.52,18.66,True
3ead6ff0cd324d92918112dfcf400343,scene-0061,day,pedestrian,human.pedestrian.adult,person,v80-100,98.6,24.55,24.16,4.34,26.07,25.53,25.71,False
3ead6ff0cd324d92918112dfcf400343,scene-0061,day,pedestrian,human.pedestrian.adult,person,v40-60,119.2,22.0,21.59,5.51,25.35,9.5,9.6,False
5941e77ca4bd478e99e17114ca8759ab,scene-0061,day,car,vehicle.car,car,v80-100,211.6,15.09,12.57,3.18,12.6,12.01,12.24,False
5941e77ca4bd478e99e17114ca8759ab,scene-0061,day,truck,vehicle.truck,truck,v80-100,120.2,41.88,38.78,15.81,36.84,36.57,36.68,False
5941e77ca4bd478e99e17114ca8759ab,scene-0061,day,pedestrian,human.pedestrian.adult,person,v80-100,123.8,20.61,20.12,5.21,22.84,22.44,22.55,False
5941e77ca4bd478e99e17114ca8759ab,scene-0061,day,pedestrian,human.pedestrian.adult,person,v80-100,125.2,20.53,20.03,6.15,23.0,22.57,22.68,False
5941e77ca4bd478e99e17114ca8759ab,scene-0061,day,pedestrian,human.pedestrian.adult,person,v80-100,244.6,10.32,9.86,4.88,8.75,8.55,8.63,False
5941e77ca4bd478e99e17114ca8759ab,scene-0061,day,pedestrian,human.pedestrian.adult,person,v80-100,137.9,19.95,19.52,7.29,20.02,19.61,19.74,False
5941e77ca4bd478e99e17114ca8759ab,scene-0061,day,pedestrian,human.pedestrian.adult,person,v80-100,137.2,20.61,20.15,6.99,21.03,20.51,20.72,False
5941e77ca4bd478e99e17114ca8759ab,scene-0061,day,truck,vehicle.truck,truck,v40-60,152.6,34.83,31.27,3.19,23.79,22.25,22.66,False
5941e77ca4bd478e99e17114ca8759ab,scene-0061,day,pedestrian,human.pedestrian.construction_worker,person,v80-100,178.2,13.12,12.68,0.75,14.34,13.94,14.05,True
5941e77ca4bd478e99e17114ca8759ab,scene-0061,day,pedestrian,human.pedestrian.adult,person,v80-100,119.2,20.97,20.55,5.84,22.27,21.99,22.08,False
e0bc3ff06fe348fdb56039c640be0ac3,scene-0061,day,car,vehicle.car,car,v80-100,226.2,14.34,11.82,3.06,12.08,11.49,11.72,False
e0bc3ff06fe348fdb56039c640be0ac3,scene-0061,day,pedestrian,human.pedestrian.adult,person,v80-100,153.5,17.62,17.12,6.72,18.09,17.79,17.88,False
e0bc3ff06fe348fdb56039c640be0ac3,scene-0061,day,pedestrian,human.pedestrian.adult,person,v80-100,161.2,18.94,18.46,8.96,19.11,18.63,18.81,False
e0bc3ff06fe348fdb56039c640be0ac3,scene-0061,day,pedestrian,human.pedestrian.adult,person,v80-100,146.0,18.82,18.33,8.12,19.68,19.18,19.29,False
e0bc3ff06fe348fdb56039c640be0ac3,scene-0061,day,pedestrian,human.pedestrian.construction_worker,person,v80-100,227.5,10.59,10.16,1.86,10.46,10.26,10.32,False
e0bc3ff06fe348fdb56039c640be0ac3,scene-0061,day,truck,vehicle.truck,truck,v60-80,121.9,39.51,36.37,12.47,36.06,35.25,35.57,False
0b2eb9c1cd1b45f0b1664a01684c5767,scene-0061,day,car,vehicle.car,truck,v80-100,239.7,13.72,11.19,2.95,11.86,11.24,11.47,False
0b2eb9c1cd1b45f0b1664a01684c5767,scene-0061,day,pedestrian,human.pedestrian.construction_worker,person,v80-100,316.7,8.29,7.84,2.84,7.7,7.5,7.56,False
357a06d0a5a44506b161c072c7247807,scene-0061,day,car,vehicle.car,car,v80-100,253.3,13.2,10.67,2.92,11.57,10.99,11.2,False
357a06d0a5a44506b161c072c7247807,scene-0061,day,truck,vehicle.truck,truck,v60-80,132.4,34.88,31.68,5.58,35.91,35.37,35.61,False
5aed4c34988b4c18a33c69ddcddb6010,scene-0061,day,car,vehicle.car,truck,v80-100,265.5,12.81,10.3,2.94,11.07,10.53,10.74,False
5aed4c34988b4c18a33c69ddcddb6010,scene-0061,day,truck,vehicle.truck,truck,v80-100,140.3,32.65,29.44,2.34,33.72,32.52,32.89,False
c8623ea6d2774a3aa81255a117ba2319,scene-0061,day,car,vehicle.car,truck,v80-100,276.2,12.42,9.93,2.81,10.55,10.01,10.23,False
c8623ea6d2774a3aa81255a117ba2319,scene-0061,day,truck,vehicle.truck,truck,v80-100,150.2,30.56,27.33,0.0,32.73,31.64,31.99,True
06c1523315b14aa7a0dfa4afacafb9e6,scene-0061,day,car,vehicle.car,truck,v80-100,291.4,11.86,9.4,2.47,9.81,9.34,9.52,False
06c1523315b14aa7a0dfa4afacafb9e6,scene-0061,day,truck,vehicle.truck,truck,v80-100,163.6,28.42,25.19,0.0,28.84,27.64,28.01,True
c9d8cf50e42b47fa9a0bbd923e5e9c30,scene-0061,day,car,vehicle.car,truck,v80-100,310.4,11.17,8.75,1.99,9.35,8.96,9.13,False
c9d8cf50e42b47fa9a0bbd923e5e9c30,scene-0061,day,truck,vehicle.truck,truck,v80-100,184.3,26.23,23.02,1.51,26.62,25.31,25.77,False
c9d8cf50e42b47fa9a0bbd923e5e9c30,scene-0061,day,car,vehicle.car,car,v80-100,187.6,15.53,13.83,6.24,14.06,13.09,13.5,False
c9d8cf50e42b47fa9a0bbd923e5e9c30,scene-0061,day,truck,vehicle.truck,truck,v60-80,407.2,19.39,16.52,6.45,19.31,17.24,17.99,False
addcad764798404b8141c9d40b413e73,scene-0061,day,truck,vehicle.truck,truck,v80-100,207.8,24.4,21.21,4.31,23.97,22.73,23.15,False
addcad764798404b8141c9d40b413e73,scene-0061,day,car,vehicle.car,truck,v80-100,329.3,10.56,8.16,1.5,8.68,8.32,8.48,False
426b7a257a5a4fcbbf1086a335f9c648,scene-0061,day,truck,vehicle.truck,truck,v80-100,244.5,22.52,19.38,6.9,20.91,19.41,19.91,False
426b7a257a5a4fcbbf1086a335f9c648,scene-0061,day,car,vehicle.car,truck,v80-100,353.7,9.9,7.51,1.02,8.01,7.72,7.85,True
8fe9b9f55bd14e25b8fde193d6b6a503,scene-0061,day,car,vehicle.car,truck,v80-100,387.7,9.16,6.79,0.58,7.24,6.96,7.07,True
8fe9b9f55bd14e25b8fde193d6b6a503,scene-0061,day,truck,vehicle.truck,truck,v80-100,302.8,20.66,17.62,9.16,20.54,19.43,19.91,False
4bc3a28622964e9f9ab28a68614189f1,scene-0061,day,car,vehicle.car,truck,v80-100,417.8,8.66,6.3,0.26,6.86,6.64,6.72,True
6c913201b35146eea7a2ed8c3fe43887,scene-0061,day,car,vehicle.car,truck,v80-100,432.5,8.42,6.06,0.02,6.68,6.49,6.56,True
6bd85a6773944798ae0be117d40d4fdc,scene-0061,day,car,vehicle.car,truck,v80-100,431.7,8.4,6.05,0.0,6.79,6.6,6.68,True
6bd85a6773944798ae0be117d40d4fdc,scene-0061,day,parked two-wheeler,vehicle.bicycle,bicycle,v80-100,59.7,26.06,25.62,6.01,32.68,31.74,32.16,False
b81fa956bfd84063b59401acce77dc12,scene-0061,day,car,vehicle.car,truck,v80-100,423.5,8.51,6.15,0.0,6.82,6.61,6.7,True
b81fa956bfd84063b59401acce77dc12,scene-0061,day,parked two-wheeler,vehicle.bicycle,bicycle,v80-100,62.4,24.72,24.27,5.07,28.46,28.1,28.19,False
95c58e12ca3d488b8101ff7f15737eb8,scene-0061,day,car,vehicle.car,truck,v80-100,414.4,8.62,6.26,0.0,6.96,6.77,6.85,True
95c58e12ca3d488b8101ff7f15737eb8,scene-0061,day,parked two-wheeler,vehicle.bicycle,bicycle,v80-100,64.8,23.71,23.25,4.65,26.95,26.35,26.61,False
5979f20786b745c5b05c21d8badc2ed8,scene-0061,day,car,vehicle.car,truck,v80-100,404.8,8.73,6.36,0.0,6.93,6.75,6.83,True
5979f20786b745c5b05c21d8badc2ed8,scene-0061,day,parked two-wheeler,vehicle.bicycle,bicycle,v80-100,67.9,22.51,22.04,4.49,24.74,24.38,24.56,False
64fcc224844b41179faa673670804b54,scene-0061,day,car,vehicle.car,car,v80-100,400.2,8.78,6.35,0.0,7.05,6.82,6.93,True
174d78fa966f42f9a9732ff84de02418,scene-0061,day,car,vehicle.car,car,v80-100,400.0,8.84,6.41,0.0,7.0,6.77,6.88,True
3789c6c9d01449e7baf981a6f185825d,scene-0061,day,car,vehicle.car,truck,v80-100,406.4,8.86,6.37,0.22,7.23,6.9,7.07,True
518c6dcad243448abf03cf28b2b09d60,scene-0061,day,car,vehicle.car,car,v80-100,419.2,8.78,6.27,0.61,7.09,6.69,6.87,True
de48c26fdae74181bf94ee9cd7d5f61f,scene-0061,day,car,vehicle.car,car,v80-100,444.1,8.54,6.03,1.0,6.9,6.4,6.59,True
8efbcbcd8e4848eda3f213f562191f2a,scene-0061,day,car,vehicle.car,car,v80-100,480.5,8.21,5.7,1.33,6.6,6.1,6.28,False
6c8111f474b943f589b4da1e3444c1c0,scene-0061,day,car,vehicle.car,truck,v80-100,547.9,7.67,5.18,1.59,5.9,5.59,5.72,False
6c8111f474b943f589b4da1e3444c1c0,scene-0061,day,parked two-wheeler,vehicle.bicycle,bicycle,v80-100,108.0,14.31,13.62,1.76,16.77,15.93,16.21,False
bf8c213cfaad4861907cd2677dc2dbcd,scene-0061,day,car,vehicle.car,car,v80-100,600.6,7.42,4.92,1.83,5.62,5.21,5.34,False
bf8c213cfaad4861907cd2677dc2dbcd,scene-0061,day,parked two-wheeler,vehicle.bicycle,bicycle,v80-100,113.8,13.26,12.66,0.73,15.36,14.85,15.04,True
4f5e35aa6c6a426ca945e206fb2f4921,scene-0103,day,car,vehicle.car,car,v80-100,29.5,73.06,70.75,7.28,79.56,77.66,78.17,False
4f5e35aa6c6a426ca945e206fb2f4921,scene-0103,day,pedestrian,human.pedestrian.adult,person,v80-100,40.7,53.88,53.55,4.45,61.13,59.6,60.01,False
4f5e35aa6c6a426ca945e206fb2f4921,scene-0103,day,car,vehicle.car,car,v80-100,50.3,43.03,40.52,4.86,45.98,45.02,45.41,False
4f5e35aa6c6a426ca945e206fb2f4921,scene-0103,day,pedestrian,human.pedestrian.adult,person,v80-100,145.6,18.55,18.04,6.98,22.05,13.92,21.69,False
4f5e35aa6c6a426ca945e206fb2f4921,scene-0103,day,pedestrian,human.pedestrian.adult,person,v80-100,120.7,20.89,20.53,9.03,27.55,26.74,27.08,False
4f5e35aa6c6a426ca945e206fb2f4921,scene-0103,day,pedestrian,human.pedestrian.adult,person,v80-100,76.4,32.0,31.54,5.5,37.72,36.92,37.15,False
4f5e35aa6c6a426ca945e206fb2f4921,scene-0103,day,pedestrian,human.pedestrian.adult,person,v80-100,87.0,30.98,30.44,9.47,31.0,30.11,30.39,False
4f5e35aa6c6a426ca945e206fb2f4921,scene-0103,day,pedestrian,human.pedestrian.adult,person,v80-100,57.0,38.67,38.39,12.73,37.78,36.13,36.59,False
ba01f58b926a472b9d146cb5a54e9a2e,scene-0103,day,pedestrian,human.pedestrian.adult,person,v80-100,43.7,50.24,49.91,5.46,54.24,53.75,54.05,False
ba01f58b926a472b9d146cb5a54e9a2e,scene-0103,day,car,vehicle.car,car,v80-100,51.7,41.6,39.21,5.17,44.17,43.3,43.59,False
ba01f58b926a472b9d146cb5a54e9a2e,scene-0103,day,car,vehicle.car,car,v80-100,64.2,39.35,36.76,0.0,40.82,39.41,39.72,True
ba01f58b926a472b9d146cb5a54e9a2e,scene-0103,day,car,vehicle.car,car,v80-100,33.2,64.74,62.43,5.21,67.03,65.53,66.08,False
ba01f58b926a472b9d146cb5a54e9a2e,scene-0103,day,pedestrian,human.pedestrian.adult,person,v80-100,94.0,27.43,27.06,10.19,25.87,25.45,25.55,False
ba01f58b926a472b9d146cb5a54e9a2e,scene-0103,day,pedestrian,human.pedestrian.adult,person,v80-100,207.0,13.98,13.44,6.52,12.3,11.83,11.99,False
ba01f58b926a472b9d146cb5a54e9a2e,scene-0103,day,car,vehicle.car,car,v60-80,28.8,76.83,74.38,1.42,77.34,72.4,74.68,False
ba01f58b926a472b9d146cb5a54e9a2e,scene-0103,day,pedestrian,human.pedestrian.adult,person,v80-100,105.3,26.02,25.45,8.83,26.46,25.14,25.55,False
ba01f58b926a472b9d146cb5a54e9a2e,scene-0103,day,pedestrian,human.pedestrian.adult,person,v80-100,89.4,27.62,27.16,5.9,31.64,30.74,31.08,False
a4f0ea2892094f4586a0e2c84f456d8e,scene-0103,day,car,vehicle.car,car,v80-100,83.1,31.51,28.92,0.13,31.5,30.37,30.58,True
a4f0ea2892094f4586a0e2c84f456d8e,scene-0103,day,car,vehicle.car,car,v80-100,38.7,56.47,54.15,2.81,60.75,59.77,59.95,False
a4f0ea2892094f4586a0e2c84f456d8e,scene-0103,day,car,vehicle.car,car,v80-100,53.7,40.68,38.33,4.69,43.25,42.54,42.75,False
a4f0ea2892094f4586a0e2c84f456d8e,scene-0103,day,pedestrian,human.pedestrian.adult,person,v80-100,74.9,29.11,28.78,9.41,31.41,30.48,30.74,False
a4f0ea2892094f4586a0e2c84f456d8e,scene-0103,day,pedestrian,human.pedestrian.adult,person,v80-100,47.5,46.67,46.32,6.93,50.45,49.25,49.67,False
a4f0ea2892094f4586a0e2c84f456d8e,scene-0103,day,car,vehicle.car,car,v60-80,31.1,72.63,70.18,0.0,76.63,70.32,72.99,True
a4f0ea2892094f4586a0e2c84f456d8e,scene-0103,day,pedestrian,human.pedestrian.adult,person,v80-100,108.3,24.24,23.85,9.67,21.83,21.41,21.51,False
a4f0ea2892094f4586a0e2c84f456d8e,scene-0103,day,pedestrian,human.pedestrian.adult,person,v80-100,74.9,29.88,29.64,10.67,28.34,27.74,27.96,False
a4f0ea2892094f4586a0e2c84f456d8e,scene-0103,day,pedestrian,human.pedestrian.adult,person,v80-100,131.8,21.32,20.74,8.1,21.94,21.04,21.55,False
a4f0ea2892094f4586a0e2c84f456d8e,scene-0103,day,pedestrian,human.pedestrian.adult,person,v80-100,86.1,28.2,27.78,9.21,29.37,28.92,29.01,False
78c6783107c4461e830783480eeda657,scene-0103,day,car,vehicle.car,car,v80-100,53.8,40.2,37.85,4.0,43.01,42.35,42.51,False
78c6783107c4461e830783480eeda657,scene-0103,day,car,vehicle.car,car,v80-100,45.5,48.22,45.9,0.66,50.34,49.34,49.63,True
78c6783107c4461e830783480eeda657,scene-0103,day,car,vehicle.car,car,v80-100,119.2,22.86,20.28,1.68,22.95,21.74,21.96,False
78c6783107c4461e830783480eeda657,scene-0103,day,pedestrian,human.pedestrian.adult,person,v80-100,88.9,24.75,24.4,8.51,26.38,25.85,26.04,False
78c6783107c4461e830783480eeda657,scene-0103,day,car,vehicle.car,car,v60-80,42.5,54.71,53.57,1.02,60.83,59.38,59.62,True
78c6783107c4461e830783480eeda657,scene-0103,day,car,vehicle.car,car,v60-80,32.8,68.44,66.0,0.14,72.56,65.59,69.43,True
78c6783107c4461e830783480eeda657,scene-0103,day,pedestrian,human.pedestrian.adult,person,v80-100,136.2,19.29,18.83,7.02,20.39,19.63,19.76,False
78c6783107c4461e830783480eeda657,scene-0103,day,pedestrian,human.pedestrian.child,person,v80-100,40.9,42.89,42.58,7.76,46.12,45.03,45.51,False
78c6783107c4461e830783480eeda657,scene-0103,day,pedestrian,human.pedestrian.adult,person,v80-100,106.2,23.89,23.47,10.03,23.43,23.11,23.22,False
78c6783107c4461e830783480eeda657,scene-0103,day,pedestrian,human.pedestrian.adult,person,v80-100,175.6,16.71,16.12,7.42,16.42,16.15,16.24,False
78c6783107c4461e830783480eeda657,scene-0103,day,pedestrian,human.pedestrian.adult,person,v80-100,94.0,27.01,26.61,10.71,26.28,16.92,25.19,False
fa18edcec56e4a87a5cbd9e04a2f3a09,scene-0103,day,car,vehicle.car,car,v80-100,52.1,40.79,38.46,3.51,40.63,40.1,40.26,False
fa18edcec56e4a87a5cbd9e04a2f3a09,scene-0103,day,car,vehicle.car,car,v80-100,55.5,39.65,37.34,0.0,40.62,39.73,39.94,True
fa18edcec56e4a87a5cbd9e04a2f3a09,scene-0103,day,car,vehicle.car,car,v80-100,43.9,49.12,46.69,7.53,47.79,47.01,47.2,False
fa18edcec56e4a87a5cbd9e04a2f3a09,scene-0103,day,car,vehicle.car,car,v60-80,45.8,50.55,49.44,2.42,51.91,50.74,51.06,False
fa18edcec56e4a87a5cbd9e04a2f3a09,scene-0103,day,pedestrian,human.pedestrian.adult,person,v80-100,108.3,21.28,21.06,8.8,18.89,18.5,18.61,False
fa18edcec56e4a87a5cbd9e04a2f3a09,scene-0103,day,car,vehicle.car,car,v80-100,64.5,34.77,32.22,3.49,35.95,34.89,35.02,False
fa18edcec56e4a87a5cbd9e04a2f3a09,scene-0103,day,pedestrian,human.pedestrian.adult,person,v80-100,109.9,20.44,20.08,7.73,19.87,19.5,19.62,False
fa18edcec56e4a87a5cbd9e04a2f3a09,scene-0103,day,car,vehicle.car,car,v80-100,208.1,14.32,11.71,2.59,12.6,11.82,11.96,False
fa18edcec56e4a87a5cbd9e04a2f3a09,scene-0103,day,pedestrian,human.pedestrian.adult,person,v80-100,96.1,23.04,22.76,8.38,23.44,20.94,21.32,False
fa18edcec56e4a87a5cbd9e04a2f3a09,scene-0103,day,car,vehicle.car,car,v60-80,34.7,64.23,61.8,2.06,64.87,57.89,60.83,False
fa18edcec56e4a87a5cbd9e04a2f3a09,scene-0103,day,pedestrian,human.pedestrian.adult,person,v80-100,180.9,15.62,15.17,7.61,14.92,14.49,14.59,False
fa18edcec56e4a87a5cbd9e04a2f3a09,scene-0103,day,pedestrian,human.pedestrian.adult,person,v80-100,148.8,17.74,17.31,7.7,18.22,12.23,17.92,False
42563f19747741318b4983bbc61a47b1,scene-0103,day,car,vehicle.car,car,v80-100,52.1,39.96,37.63,2.76,40.32,39.88,40.03,False
42563f19747741318b4983bbc61a47b1,scene-0103,day,car,vehicle.car,car,v80-100,30.8,66.39,64.02,0.0,76.44,74.18,74.78,True
42563f19747741318b4983bbc61a47b1,scene-0103,day,pedestrian,human.pedestrian.adult,person,v80-100,122.3,18.64,18.35,7.73,17.83,17.45,17.57,False
42563f19747741318b4983bbc61a47b1,scene-0103,day,car,vehicle.car,car,v80-100,47.8,44.83,42.42,6.38,43.76,43.04,43.21,False
42563f19747741318b4983bbc61a47b1,scene-0103,day,car,vehicle.car,car,v80-100,73.4,30.41,27.87,4.36,32.03,30.67,30.87,False
42563f19747741318b4983bbc61a47b1,scene-0103,day,car,vehicle.car,car,v80-100,71.1,30.99,28.68,0.12,32.95,32.08,32.24,True
42563f19747741318b4983bbc61a47b1,scene-0103,day,car,vehicle.car,car,v80-100,49.3,46.3,45.23,3.54,49.8,49.08,49.4,False
42563f19747741318b4983bbc61a47b1,scene-0103,day,pedestrian,human.pedestrian.adult,person,v80-100,41.8,56.27,55.91,12.63,62.2,58.75,59.58,False
42563f19747741318b4983bbc61a47b1,scene-0103,day,pedestrian,human.pedestrian.adult,person,v80-100,142.2,16.95,16.7,8.19,15.82,15.47,15.61,False
42563f19747741318b4983bbc61a47b1,scene-0103,day,pedestrian,human.pedestrian.adult,person,v80-100,63.1,36.06,35.68,10.34,36.36,35.7,35.93,False
42563f19747741318b4983bbc61a47b1,scene-0103,day,pedestrian,human.pedestrian.adult,person,v80-100,145.1,16.15,15.77,7.21,16.08,15.88,15.94,False
42563f19747741318b4983bbc61a47b1,scene-0103,day,pedestrian,human.pedestrian.child,person,v80-100,50.2,35.58,35.28,9.75,37.84,36.69,37.24,False
42563f19747741318b4983bbc61a47b1,scene-0103,day,car,vehicle.car,car,v40-60,36.9,59.93,57.51,3.64,64.52,54.15,58.01,False
42563f19747741318b4983bbc61a47b1,scene-0103,day,pedestrian,human.pedestrian.adult,person,v40-60,143.9,18.49,18.15,8.71,17.43,16.47,16.69,False
42563f19747741318b4983bbc61a47b1,scene-0103,day,pedestrian,human.pedestrian.adult,person,v80-100,63.8,38.44,38.01,11.09,39.28,37.11,38.26,False
a1e3e016cc5442b7b9c84652615b24f7,scene-0103,day,car,vehicle.car,car,v80-100,34.6,59.9,57.5,0.37,70.83,68.48,69.16,True
a1e3e016cc5442b7b9c84652615b24f7,scene-0103,day,car,vehicle.car,car,v80-100,51.5,40.27,37.92,1.85,41.17,40.68,40.84,False
a1e3e016cc5442b7b9c84652615b24f7,scene-0103,day,car,vehicle.car,car,v80-100,53.0,40.64,38.19,5.06,40.77,40.26,40.38,False
a1e3e016cc5442b7b9c84652615b24f7,scene-0103,day,car,vehicle.car,car,v80-100,89.8,26.08,23.52,5.36,27.37,26.21,26.44,False
a1e3e016cc5442b7b9c84652615b24f7,scene-0103,day,car,vehicle.car,car,v80-100,103.9,22.35,20.0,1.44,23.11,22.26,22.39,False
a1e3e016cc5442b7b9c84652615b24f7,scene-0103,day,pedestrian,human.pedestrian.adult,car,v80-100,168.0,14.33,14.0,7.05,14.46,13.67,13.95,False
a1e3e016cc5442b7b9c84652615b24f7,scene-0103,day,pedestrian,human.pedestrian.adult,person,v80-100,70.5,34.96,34.5,9.96,36.22,35.47,35.82,False
a1e3e016cc5442b7b9c84652615b24f7,scene-0103,day,pedestrian,human.pedestrian.adult,person,v80-100,43.4,52.43,52.06,11.09,54.75,53.75,54.01,False
a1e3e016cc5442b7b9c84652615b24f7,scene-0103,day,car,vehicle.car,car,v40-60,56.5,42.08,41.02,4.77,44.82,43.89,44.16,False
a1e3e016cc5442b7b9c84652615b24f7,scene-0103,day,pedestrian,human.pedestrian.child,person,v80-100,57.2,32.11,31.79,10.8,32.21,31.59,31.82,False
054c2431ba324912bb4799b9217f5b7b,scene-0103,day,car,vehicle.car,car,v80-100,51.0,40.38,38.03,1.09,41.57,41.11,41.21,True
054c2431ba324912bb4799b9217f5b7b,scene-0103,day,car,vehicle.car,car,v80-100,39.3,53.25,50.84,1.75,58.13,56.71,57.09,False
054c2431ba324912bb4799b9217f5b7b,scene-0103,day,car,vehicle.car,car,v80-100,59.2,36.3,33.83,4.25,36.79,36.22,36.35,False
054c2431ba324912bb4799b9217f5b7b,scene-0103,day,car,vehicle.car,car,v80-100,30.9,67.86,66.12,6.54,69.2,68.57,68.64,False
054c2431ba324912bb4799b9217f5b7b,scene-0103,day,pedestrian,human.pedestrian.adult,person,v80-100,46.6,48.83,48.46,9.97,48.62,44.58,45.38,False
054c2431ba324912bb4799b9217f5b7b,scene-0103,day,car,vehicle.car,car,v80-100,198.5,13.08,10.68,2.31,12.52,11.62,11.8,False
054c2431ba324912bb4799b9217f5b7b,scene-0103,day,pedestrian,human.pedestrian.adult,person,v80-100,79.2,31.35,30.88,9.26,32.21,31.55,31.75,False
054c2431ba324912bb4799b9217f5b7b,scene-0103,day,car,vehicle.car,car,v40-60,44.2,51.27,48.82,6.8,53.43,50.0,51.63,False
94449679456646028efd31ec73c6ae47,scene-0103,day,car,vehicle.car,car,v80-100,49.4,40.89,38.52,0.57,40.18,39.61,39.8,True
94449679456646028efd31ec73c6ae47,scene-0103,day,car,vehicle.car,car,v80-100,71.2,33.42,32.27,5.41,33.51,33.05,33.28,False
94449679456646028efd31ec73c6ae47,scene-0103,day,car,vehicle.car,car,v80-100,44.6,46.61,44.17,2.58,48.26,47.28,47.51,False
94449679456646028efd31ec73c6ae47,scene-0103,day,car,vehicle.car,car,v80-100,67.7,31.87,29.38,3.69,30.68,30.19,30.26,False
94449679456646028efd31ec73c6ae47,scene-0103,day,car,vehicle.car,car,v80-100,147.9,17.73,15.14,6.32,16.91,15.49,15.74,False
94449679456646028efd31ec73c6ae47,scene-0103,day,car,vehicle.car,car,v80-100,32.7,63.52,61.76,5.6,63.93,63.0,63.28,False
94449679456646028efd31ec73c6ae47,scene-0103,day,pedestrian,human.pedestrian.adult,person,v80-100,90.0,27.76,27.26,8.82,26.72,26.25,26.39,False
350b563e0523486391eba9d010337e2d,scene-0103,day,car,vehicle.car,car,v80-100,48.1,41.35,38.98,0.46,41.64,41.15,41.28,True
350b563e0523486391eba9d010337e2d,scene-0103,day,car,vehicle.car,car,v80-100,81.5,29.12,27.85,5.05,29.42,28.88,29.16,False
350b563e0523486391eba9d010337e2d,scene-0103,day,car,vehicle.car,car,v80-100,35.0,59.14,57.36,5.29,59.17,58.6,58.74,False
350b563e0523486391eba9d010337e2d,scene-0103,day,car,vehicle.car,car,v80-100,52.0,39.93,37.48,2.86,41.78,40.41,40.74,False
350b563e0523486391eba9d010337e2d,scene-0103,day,car,vehicle.car,car,v80-100,79.6,27.42,24.91,3.51,25.85,25.28,25.41,False
350b563e0523486391eba9d010337e2d,scene-0103,day,car,vehicle.car,car,v80-100,216.5,13.8,11.28,6.44,12.97,11.78,12.24,False
350b563e0523486391eba9d010337e2d,scene-0103,day,pedestrian,human.pedestrian.adult,person,v80-100,54.6,41.6,41.2,8.96,47.64,45.77,46.36,False
350b563e0523486391eba9d010337e2d,scene-0103,day,pedestrian,human.pedestrian.adult,person,v80-100,105.2,24.18,23.66,8.67,22.98,22.53,22.68,False
3d1b68481c894b0c84291b7d923e2e23,scene-0103,day,car,vehicle.car,car,v80-100,48.3,41.55,39.18,0.63,44.27,43.64,43.82,True
3d1b68481c894b0c84291b7d923e2e23,scene-0103,day,car,vehicle.car,car,v80-100,107.8,26.45,24.81,12.35,22.18,21.73,21.85,False
3d1b68481c894b0c84291b7d923e2e23,scene-0103,day,car,vehicle.car,car,v80-100,96.9,23.06,20.55,3.56,21.97,21.52,21.57,False
3d1b68481c894b0c84291b7d923e2e23,scene-0103,day,car,vehicle.car,car,v80-100,98.5,24.92,23.92,4.66,25.35,24.93,25.14,False
3d1b68481c894b0c84291b7d923e2e23,scene-0103,day,car,vehicle.car,car,v80-100,60.2,35.1,32.65,2.81,35.8,34.66,34.83,False
3d1b68481c894b0c84291b7d923e2e23,scene-0103,day,car,vehicle.car,car,v80-100,38.2,54.74,52.96,5.41,56.98,56.02,56.39,False
3d1b68481c894b0c84291b7d923e2e23,scene-0103,day,pedestrian,human.pedestrian.adult,person,v80-100,127.4,20.73,20.21,8.68,19.95,19.69,19.76,False
3d1b68481c894b0c84291b7d923e2e23,scene-0103,day,pedestrian,human.pedestrian.adult,person,v80-100,60.2,38.05,37.65,8.99,49.1,22.2,47.63,False
579c17cec3f94f0cbb84b8b95590841c,scene-0103,day,car,vehicle.car,car,v80-100,70.3,30.75,28.29,2.83,31.47,30.4,30.59,False
579c17cec3f94f0cbb84b8b95590841c,scene-0103,day,car,vehicle.car,car,v80-100,46.3,43.64,41.28,0.78,46.59,45.94,46.17,True
579c17cec3f94f0cbb84b8b95590841c,scene-0103,day,car,vehicle.car,car,v80-100,120.8,21.18,20.18,4.31,21.28,20.86,21.06,False
579c17cec3f94f0cbb84b8b95590841c,scene-0103,day,pedestrian,human.pedestrian.adult,person,v80-100,156.2,17.81,17.29,8.67,16.93,16.52,16.61,False
579c17cec3f94f0cbb84b8b95590841c,scene-0103,day,car,vehicle.car,car,v80-100,121.1,19.25,16.73,3.55,18.68,18.2,18.26,False
579c17cec3f94f0cbb84b8b95590841c,scene-0103,day,car,vehicle.car,car,v80-100,41.6,50.8,49.03,5.44,53.2,52.28,52.46,False
579c17cec3f94f0cbb84b8b95590841c,scene-0103,day,car,vehicle.car,car,v80-100,40.5,57.89,55.86,15.74,51.64,50.23,50.47,False
579c17cec3f94f0cbb84b8b95590841c,scene-0103,day,pedestrian,human.pedestrian.adult,person,v80-100,90.5,26.97,26.52,8.22,30.43,28.03,28.4,False
f9b9612d1bec41cf974eb41c202759f7,scene-0103,day,truck,vehicle.truck,truck,v40-60,64.0,63.78,60.39,5.99,64.17,58.9,61.09,False
f9b9612d1bec41cf974eb41c202759f7,scene-0103,day,car,vehicle.car,car,v80-100,80.9,27.04,24.57,2.95,28.22,26.98,27.2,False
f9b9612d1bec41cf974eb41c202759f7,scene-0103,day,car,vehicle.car,car,v80-100,144.9,18.14,17.14,4.07,17.87,17.43,17.58,False
f9b9612d1bec41cf974eb41c202759f7,scene-0103,day,car,vehicle.car,car,v80-100,150.9,16.09,13.55,3.48,15.01,14.63,14.67,False
f9b9612d1bec41cf974eb41c202759f7,scene-0103,day,car,vehicle.car,car,v80-100,44.5,47.52,45.74,5.32,50.02,48.86,49.06,False
f9b9612d1bec41cf974eb41c202759f7,scene-0103,day,car,vehicle.car,car,v80-100,43.0,54.72,52.68,15.6,48.39,44.79,46.19,False
c6de74ea1ed34b1fa6e084304bfdc184,scene-0103,day,car,vehicle.car,car,v80-100,46.7,45.41,43.62,5.22,47.31,46.86,46.99,False
c6de74ea1ed34b1fa6e084304bfdc184,scene-0103,day,car,vehicle.car,car,v80-100,88.4,24.95,22.48,3.05,25.7,24.68,24.88,False
c6de74ea1ed34b1fa6e084304bfdc184,scene-0103,day,car,vehicle.car,car,v80-100,166.5,16.24,15.24,3.82,15.78,15.33,15.48,False
c6de74ea1ed34b1fa6e084304bfdc184,scene-0103,day,car,vehicle.car,car,v80-100,179.6,14.09,11.54,3.43,12.81,12.33,12.39,False
c6de74ea1ed34b1fa6e084304bfdc184,scene-0103,day,truck,vehicle.truck,car,v60-80,66.3,61.67,58.28,6.13,58.52,54.88,56.23,False
c6de74ea1ed34b1fa6e084304bfdc184,scene-0103,day,car,vehicle.car,car,v80-100,44.9,52.68,50.64,15.48,46.18,43.14,44.39,False
c6de74ea1ed34b1fa6e084304bfdc184,scene-0103,day,car,vehicle.car,car,v60-80,78.2,35.32,32.76,7.43,37.5,35.06,35.5,False
562a992ab3724ba1873439cb5aa79c5f,scene-0103,day,car,vehicle.car,car,v80-100,49.3,43.35,41.56,5.21,44.98,44.61,44.69,False
562a992ab3724ba1873439cb5aa79c5f,scene-0103,day,car,vehicle.car,car,v80-100,97.7,22.93,20.45,3.09,23.45,22.41,22.65,False
562a992ab3724ba1873439cb5aa79c5f,scene-0103,day,car,vehicle.car,car,v80-100,192.9,14.37,13.4,2.99,13.56,13.11,13.27,False
562a992ab3724ba1873439cb5aa79c5f,scene-0103,day,car,vehicle.car,car,v80-100,221.4,12.18,9.63,3.41,10.43,9.93,10.01,False
562a992ab3724ba1873439cb5aa79c5f,scene-0103,day,car,vehicle.car,car,v80-100,47.1,50.71,48.67,15.48,45.19,42.57,43.55,False
562a992ab3724ba1873439cb5aa79c5f,scene-0103,day,truck,vehicle.truck,car,v60-80,69.0,59.62,56.22,6.15,54.54,52.12,52.96,False
562a992ab3724ba1873439cb5aa79c5f,scene-0103,day,car,vehicle.car,car,v40-60,84.0,33.29,30.73,7.44,34.52,32.58,33.05,False
a1c59120cae444969fe633dce315bfaf,scene-0103,day,car,vehicle.car,car,v80-100,51.1,41.91,40.11,5.22,42.95,42.43,42.59,False
a1c59120cae444969fe633dce315bfaf,scene-0103,day,car,vehicle.car,car,v80-100,211.4,13.1,12.12,2.18,12.68,12.2,12.41,False
a1c59120cae444969fe633dce315bfaf,scene-0103,day,car,vehicle.car,car,v80-100,264.9,10.82,8.27,3.42,8.99,8.26,8.39,False
a1c59120cae444969fe633dce315bfaf,scene-0103,day,car,vehicle.car,car,v80-100,105.0,21.52,19.03,3.11,22.45,20.66,21.11,False
a1c59120cae444969fe633dce315bfaf,scene-0103,day,pedestrian,human.pedestrian.adult,person,v80-100,118.0,22.03,21.49,11.89,20.05,19.68,19.78,False
a1c59120cae444969fe633dce315bfaf,scene-0103,day,truck,vehicle.truck,car,v60-80,70.8,58.19,54.78,6.15,54.86,52.61,53.26,False
a1c59120cae444969fe633dce315bfaf,scene-0103,day,car,vehicle.car,car,v60-80,48.6,49.33,47.29,15.49,45.57,43.93,44.67,False
46424bca0dce47e4b112431ecf260696,scene-0103,day,truck,vehicle.truck,truck,v60-80,72.1,57.27,53.85,6.14,53.94,50.78,51.65,False
46424bca0dce47e4b112431ecf260696,scene-0103,day,car,vehicle.car,car,v80-100,52.4,40.98,39.18,5.22,42.78,42.16,42.29,False
46424bca0dce47e4b112431ecf260696,scene-0103,day,car,vehicle.car,car,v80-100,213.6,12.7,11.19,0.75,12.32,11.64,11.9,True
46424bca0dce47e4b112431ecf260696,scene-0103,day,car,vehicle.car,car,v80-100,305.8,9.92,7.38,3.42,8.03,7.1,7.41,False
46424bca0dce47e4b112431ecf260696,scene-0103,day,pedestrian,human.pedestrian.adult,person,v80-100,80.3,29.3,28.89,8.73,31.68,30.36,30.79,False
46424bca0dce47e4b112431ecf260696,scene-0103,day,pedestrian,human.pedestrian.adult,person,v80-100,130.1,21.0,20.57,11.46,18.3,18.11,18.17,False
d05e01e43df24e35a7b4f11647e250f6,scene-0103,day,car,vehicle.car,car,v80-100,53.4,40.24,38.44,5.19,41.21,40.82,40.94,False
d05e01e43df24e35a7b4f11647e250f6,scene-0103,day,car,vehicle.car,car,v80-100,205.0,12.91,10.8,0.0,12.16,11.31,11.62,True
d05e01e43df24e35a7b4f11647e250f6,scene-0103,day,car,vehicle.car,car,v80-100,348.8,9.2,6.67,3.41,7.46,6.43,6.81,False
d05e01e43df24e35a7b4f11647e250f6,scene-0103,day,car,vehicle.car,car,v40-60,56.9,44.96,42.37,5.22,46.25,41.04,43.09,False
d05e01e43df24e35a7b4f11647e250f6,scene-0103,day,car,vehicle.car,car,v40-60,109.9,23.82,21.3,7.95,22.34,21.69,21.86,False
d05e01e43df24e35a7b4f11647e250f6,scene-0103,day,pedestrian,human.pedestrian.adult,person,v80-100,80.4,29.26,28.85,8.75,28.02,26.73,27.27,False
c78c89d264e64b1f9f8542e5817fc6f1,scene-0103,day,car,vehicle.car,car,v80-100,54.8,39.22,37.41,5.11,40.67,40.17,40.28,False
c78c89d264e64b1f9f8542e5817fc6f1,scene-0103,day,car,vehicle.car,car,v60-80,93.9,28.08,25.83,11.77,29.58,27.46,27.92,False
c78c89d264e64b1f9f8542e5817fc6f1,scene-0103,day,car,vehicle.car,car,v80-100,115.6,22.95,20.43,7.99,22.42,20.93,21.36,False
c78c89d264e64b1f9f8542e5817fc6f1,scene-0103,day,car,vehicle.car,car,v80-100,194.6,13.4,10.9,0.0,13.12,12.44,12.68,True
c78c89d264e64b1f9f8542e5817fc6f1,scene-0103,day,car,vehicle.car,car,v80-100,413.0,8.42,5.91,3.39,7.19,6.27,6.59,False
c78c89d264e64b1f9f8542e5817fc6f1,scene-0103,day,car,vehicle.car,car,v80-100,51.5,46.95,44.9,15.35,46.12,44.76,45.22,False
c78c89d264e64b1f9f8542e5817fc6f1,scene-0103,day,car,vehicle.car,car,v40-60,133.3,17.96,15.44,3.36,17.39,16.78,16.98,False
c78c89d264e64b1f9f8542e5817fc6f1,scene-0103,day,car,vehicle.car,car,v40-60,58.0,44.13,41.53,5.11,46.57,43.53,44.8,False
c78c89d264e64b1f9f8542e5817fc6f1,scene-0103,day,pedestrian,human.pedestrian.adult,person,v80-100,80.7,29.13,28.72,8.71,27.16,26.65,26.89,False
d9a8ad39503a411a8eb7501846d8dfc9,scene-0103,day,car,vehicle.car,car,v80-100,56.2,38.32,36.51,5.02,39.68,39.17,39.33,False
d9a8ad39503a411a8eb7501846d8dfc9,scene-0103,day,car,vehicle.car,car,v80-100,52.6,46.1,44.04,15.27,45.13,44.09,44.44,False
d9a8ad39503a411a8eb7501846d8dfc9,scene-0103,day,car,vehicle.car,car,v80-100,148.6,16.55,14.08,3.37,15.93,14.43,14.77,False
d9a8ad39503a411a8eb7501846d8dfc9,scene-0103,day,car,vehicle.car,car,v80-100,165.4,15.36,12.67,0.0,14.1,13.52,13.73,True
d9a8ad39503a411a8eb7501846d8dfc9,scene-0103,day,truck,vehicle.truck,truck,v80-100,75.7,54.8,51.37,6.45,53.49,51.48,52.17,False
d9a8ad39503a411a8eb7501846d8dfc9,scene-0103,day,car,vehicle.car,car,v40-60,59.3,43.22,40.62,5.0,45.1,40.34,42.7,False
d9a8ad39503a411a8eb7501846d8dfc9,scene-0103,day,car,vehicle.car,car,v40-60,121.7,22.15,19.63,8.05,20.89,19.89,20.16,False
d9a8ad39503a411a8eb7501846d8dfc9,scene-0103,day,car,vehicle.car,car,v80-100,426.4,7.64,5.18,3.36,6.93,6.19,6.47,False
30f3278766a040469851546a499aeddd,scene-0103,day,car,vehicle.car,car,v80-100,58.0,37.3,35.49,5.08,38.1,37.48,37.63,False
30f3278766a040469851546a499aeddd,scene-0103,day,car,vehicle.car,car,v80-100,54.1,45.13,43.08,15.35,44.46,43.56,43.81,False
30f3278766a040469851546a499aeddd,scene-0103,day,car,vehicle.car,car,v80-100,170.6,15.11,12.75,3.38,14.09,12.62,13.05,False
30f3278766a040469851546a499aeddd,scene-0103,day,car,vehicle.car,car,v80-100,142.6,17.42,14.74,0.0,15.53,15.15,15.23,True
30f3278766a040469851546a499aeddd,scene-0103,day,car,vehicle.car,car,v60-80,102.9,26.35,24.11,11.74,22.77,21.99,22.08,False
45b3945365d04b589a4e3d9d9588b934,scene-0103,day,car,vehicle.car,car,v80-100,128.9,19.23,16.65,0.0,17.67,17.4,17.47,True
45b3945365d04b589a4e3d9d9588b934,scene-0103,day,car,vehicle.car,car,v80-100,60.5,35.96,34.14,5.12,36.69,36.17,36.3,False
45b3945365d04b589a4e3d9d9588b934,scene-0103,day,truck,vehicle.truck,truck,v80-100,79.6,52.42,48.97,6.28,48.99,46.64,47.5,False
45b3945365d04b589a4e3d9d9588b934,scene-0103,day,car,vehicle.car,car,v80-100,56.1,43.86,41.81,15.39,43.26,42.55,42.74,False
45b3945365d04b589a4e3d9d9588b934,scene-0103,day,car,vehicle.car,car,v80-100,200.6,13.62,11.38,3.45,12.07,10.79,11.2,False
45b3945365d04b589a4e3d9d9588b934,scene-0103,day,car,vehicle.car,car,v80-100,110.3,25.16,22.92,11.76,20.95,20.22,20.53,False
45b3945365d04b589a4e3d9d9588b934,scene-0103,day,car,vehicle.car,car,v40-60,63.4,40.86,38.25,5.13,42.72,38.89,40.41,False
45b3945365d04b589a4e3d9d9588b934,scene-0103,day,car,vehicle.car,car,v40-60,39.7,73.36,71.32,6.69,70.23,66.26,68.22,False
aaeca9b158db49e697a4fc155f783dfa,scene-0103,day,car,vehicle.car,car,v80-100,63.3,34.59,32.77,5.12,34.75,34.33,34.41,False
aaeca9b158db49e697a4fc155f783dfa,scene-0103,day,car,vehicle.car,car,v80-100,116.8,21.15,18.63,0.34,20.42,20.17,20.23,True
aaeca9b158db49e697a4fc155f783dfa,scene-0103,day,car,vehicle.car,car,v80-100,58.4,42.57,40.52,15.4,41.76,40.54,41.04,False
aaeca9b158db49e697a4fc155f783dfa,scene-0103,day,truck,vehicle.truck,truck,v80-100,82.2,51.03,47.58,6.27,47.94,46.05,46.75,False
aaeca9b158db49e697a4fc155f783dfa,scene-0103,day,car,vehicle.car,car,v80-100,243.9,12.18,10.1,3.55,10.54,9.36,9.84,False
aaeca9b158db49e697a4fc155f783dfa,scene-0103,day,car,vehicle.car,car,v80-100,119.2,23.96,21.74,11.76,21.65,21.0,21.26,False
aaeca9b158db49e697a4fc155f783dfa,scene-0103,day,car,vehicle.car,car,v40-60,66.0,39.49,36.88,5.13,40.42,37.41,38.57,False
aaeca9b158db49e697a4fc155f783dfa,scene-0103,day,car,vehicle.car,car,v40-60,120.1,24.89,22.3,7.55,25.21,23.96,24.5,False
4d56d35168514019a3f2f6f39b1b54d5,scene-0103,day,truck,vehicle.truck,truck,v80-100,85.5,49.4,45.95,6.26,47.52,44.16,45.86,False
4d56d35168514019a3f2f6f39b1b54d5,scene-0103,day,car,vehicle.car,car,v80-100,67.0,32.96,31.13,5.12,33.8,33.31,33.45,False
4d56d35168514019a3f2f6f39b1b54d5,scene-0103,day,car,vehicle.car,car,v80-100,103.2,23.72,21.2,0.67,23.15,22.85,22.93,True
4d56d35168514019a3f2f6f39b1b54d5,scene-0103,day,car,vehicle.car,car,v60-80,61.3,41.04,38.99,15.4,41.35,39.93,40.48,False
4d56d35168514019a3f2f6f39b1b54d5,scene-0103,day,cyclist,vehicle.bicycle,person,v80-100,37.7,66.07,65.09,4.52,87.81,75.67,84.58,False
4d56d35168514019a3f2f6f39b1b54d5,scene-0103,day,car,vehicle.car,car,v60-80,69.4,37.85,35.24,5.14,40.11,36.86,38.11,False
4d56d35168514019a3f2f6f39b1b54d5,scene-0103,day,car,vehicle.car,car,v80-100,71.3,42.91,40.55,20.23,41.17,37.38,39.01,False
4d56d35168514019a3f2f6f39b1b54d5,scene-0103,day,car,vehicle.car,car,v80-100,322.0,10.59,8.79,3.68,9.27,8.46,8.77,False
4d56d35168514019a3f2f6f39b1b54d5,scene-0103,day,pedestrian,human.pedestrian.adult,person,v80-100,88.7,26.85,26.43,8.58,29.41,28.33,28.73,False
4d56d35168514019a3f2f6f39b1b54d5,scene-0103,day,car,vehicle.car,car,v80-100,131.7,22.56,20.36,11.75,19.79,19.27,19.55,False
47bac577996844c78919b53fa36cf1ed,scene-0103,day,car,vehicle.car,car,v80-100,93.1,26.08,23.56,0.99,26.15,25.9,25.97,True
47bac577996844c78919b53fa36cf1ed,scene-0103,day,truck,vehicle.truck,truck,v80-100,89.2,47.56,44.1,6.28,46.9,43.81,45.38,False
47bac577996844c78919b53fa36cf1ed,scene-0103,day,car,vehicle.car,car,v80-100,71.4,31.12,29.29,5.1,31.77,31.36,31.44,False
47bac577996844c78919b53fa36cf1ed,scene-0103,day,car,vehicle.car,car,v40-60,61.0,41.78,39.41,5.3,39.7,35.31,36.61,False
47bac577996844c78919b53fa36cf1ed,scene-0103,day,car,vehicle.car,car,v80-100,145.4,21.61,19.02,7.62,20.57,19.16,19.58,False
47bac577996844c78919b53fa36cf1ed,scene-0103,day,pedestrian,human.pedestrian.adult,person,v80-100,92.7,25.84,25.43,8.57,27.54,26.97,27.2,False
47bac577996844c78919b53fa36cf1ed,scene-0103,day,car,vehicle.car,car,v80-100,75.4,41.28,38.94,20.2,39.93,37.81,38.69,False
47bac577996844c78919b53fa36cf1ed,scene-0103,day,car,vehicle.car,car,v60-80,73.5,36.01,33.39,5.12,37.65,34.9,35.73,False
47bac577996844c78919b53fa36cf1ed,scene-0103,day,car,vehicle.car,car,v60-80,64.8,39.32,37.27,15.38,38.59,37.04,37.32,False
47bac577996844c78919b53fa36cf1ed,scene-0103,day,car,vehicle.car,car,v80-100,380.0,9.0,7.64,3.84,8.06,7.57,7.77,False
3152f3fe99a545b3a7af4019965f4973,scene-0103,day,car,vehicle.car,car,v80-100,84.9,28.43,25.87,1.19,29.52,29.23,29.33,True
3152f3fe99a545b3a7af4019965f4973,scene-0103,day,car,vehicle.car,car,v80-100,77.1,29.07,27.23,5.05,30.66,30.28,30.34,False
3152f3fe99a545b3a7af4019965f4973,scene-0103,day,truck,vehicle.truck,truck,v80-100,94.0,45.44,41.98,6.36,45.35,42.78,43.87,False
3152f3fe99a545b3a7af4019965f4973,scene-0103,day,car,vehicle.car,car,v80-100,165.8,19.72,17.14,7.71,18.52,16.96,17.33,False
3152f3fe99a545b3a7af4019965f4973,scene-0103,day,car,vehicle.car,car,v60-80,78.6,33.95,31.33,5.06,36.87,34.5,35.25,False
3152f3fe99a545b3a7af4019965f4973,scene-0103,day,car,vehicle.car,car,v60-80,69.1,37.41,35.37,15.31,36.22,30.66,34.32,False
3152f3fe99a545b3a7af4019965f4973,scene-0103,day,pedestrian,human.pedestrian.adult,person,v80-100,98.0,24.64,24.22,8.54,26.64,25.84,26.09,False
2548b0212b9b4356b3754f9aff505fba,scene-0103,day,car,vehicle.car,car,v80-100,77.5,30.85,28.3,1.2,31.96,31.57,31.68,True
2548b0212b9b4356b3754f9aff505fba,scene-0103,day,car,vehicle.car,car,v80-100,84.5,26.75,24.9,4.96,27.73,27.24,27.36,False
2548b0212b9b4356b3754f9aff505fba,scene-0103,day,truck,vehicle.truck,truck,v80-100,99.7,43.08,39.6,6.5,42.95,40.91,41.58,False
2548b0212b9b4356b3754f9aff505fba,scene-0103,day,car,vehicle.car,car,v80-100,195.3,17.68,15.12,7.74,15.97,14.33,14.99,False
2548b0212b9b4356b3754f9aff505fba,scene-0103,day,cyclist,vehicle.bicycle,person,v80-100,48.5,51.82,50.84,5.11,63.14,56.44,61.24,False
2548b0212b9b4356b3754f9aff505fba,scene-0103,day,car,vehicle.car,car,v60-80,84.9,31.64,29.01,4.95,34.17,31.69,32.6,False
2548b0212b9b4356b3754f9aff505fba,scene-0103,day,car,vehicle.car,car,v80-100,73.6,39.46,36.78,12.03,37.36,33.3,36.13,False
2548b0212b9b4356b3754f9aff505fba,scene-0103,day,pedestrian,human.pedestrian.adult,person,v80-100,105.6,23.11,22.68,8.48,24.91,24.28,24.48,False
2548b0212b9b4356b3754f9aff505fba,scene-0103,day,car,vehicle.car,car,v40-60,60.1,43.56,41.06,5.25,40.66,38.59,39.38,False
2548b0212b9b4356b3754f9aff505fba,scene-0103,day,car,vehicle.car,car,v40-60,46.1,64.11,62.05,6.94,70.01,61.69,62.24,False
8464c748ca5f460dba24b50a233692e4,scene-0103,day,car,vehicle.car,car,v80-100,94.6,24.22,22.36,4.85,24.53,23.98,24.14,False
8464c748ca5f460dba24b50a233692e4,scene-0103,day,truck,vehicle.truck,truck,v80-100,106.9,40.56,37.07,6.68,40.19,38.09,39.02,False
8464c748ca5f460dba24b50a233692e4,scene-0103,day,car,vehicle.car,car,v60-80,93.4,29.09,26.46,4.81,30.12,28.25,28.77,False
8464c748ca5f460dba24b50a233692e4,scene-0103,day,car,vehicle.car,car,v80-100,79.6,36.98,34.3,11.87,34.47,32.55,33.36,False
8464c748ca5f460dba24b50a233692e4,scene-0103,day,cyclist,vehicle.bicycle,person,v80-100,54.2,46.53,45.55,5.34,54.78,50.0,51.21,False
8464c748ca5f460dba24b50a233692e4,scene-0103,day,pedestrian,human.pedestrian.adult,person,v80-100,115.9,21.35,20.92,8.39,22.95,22.36,22.5,False
8464c748ca5f460dba24b50a233692e4,scene-0103,day,car,vehicle.car,car,v40-60,64.2,40.99,38.48,5.09,36.91,35.32,35.9,False
8464c748ca5f460dba24b50a233692e4,scene-0103,day,car,vehicle.car,car,v80-100,244.0,15.51,13.03,7.78,14.16,13.28,13.62,False
8464c748ca5f460dba24b50a233692e4,scene-0103,day,car,vehicle.car,car,v80-100,81.5,32.99,30.96,15.07,31.74,31.16,31.3,False
43690f8cf9e8472eae04d06de838217a,scene-0103,day,car,vehicle.car,car,v80-100,106.8,21.77,19.89,4.77,21.64,21.05,21.23,False
43690f8cf9e8472eae04d06de838217a,scene-0103,day,truck,vehicle.truck,truck,v80-100,114.8,38.11,34.61,6.83,37.62,35.46,36.52,False
43690f8cf9e8472eae04d06de838217a,scene-0103,day,car,vehicle.car,car,v60-80,103.4,26.61,23.96,4.69,27.43,25.65,26.18,False
43690f8cf9e8472eae04d06de838217a,scene-0103,day,cyclist,vehicle.bicycle,person,v80-100,61.4,41.29,40.3,5.45,52.01,47.47,49.37,False
43690f8cf9e8472eae04d06de838217a,scene-0103,day,car,vehicle.car,car,v80-100,86.2,34.62,31.93,11.74,31.99,30.7,30.95,False
43690f8cf9e8472eae04d06de838217a,scene-0103,day,car,vehicle.car,car,v40-60,52.7,44.11,41.94,5.16,39.11,35.0,37.06,False
43690f8cf9e8472eae04d06de838217a,scene-0103,day,car,vehicle.car,car,v40-60,68.7,38.49,35.97,4.95,34.3,32.56,33.17,False
43690f8cf9e8472eae04d06de838217a,scene-0103,day,pedestrian,human.pedestrian.adult,person,v80-100,128.0,19.69,19.25,8.32,20.52,19.97,20.15,False
883020ef0286455bbb4b91bc12f642ac,scene-0103,day,car,vehicle.car,car,v80-100,127.8,18.61,16.71,4.65,18.25,17.66,17.83,False
883020ef0286455bbb4b91bc12f642ac,scene-0103,day,truck,vehicle.truck,truck,v80-100,126.5,34.93,31.42,7.02,33.32,31.31,32.25,False
883020ef0286455bbb4b91bc12f642ac,scene-0103,day,car,vehicle.car,car,v40-60,54.3,60.42,58.11,7.35,61.41,54.17,57.18,False
883020ef0286455bbb4b91bc12f642ac,scene-0103,day,car,vehicle.car,car,v80-100,96.2,31.58,28.9,11.55,28.95,27.37,27.95,False
883020ef0286455bbb4b91bc12f642ac,scene-0103,day,car,vehicle.car,car,v60-80,119.4,23.4,20.74,4.54,23.76,22.4,22.82,False
883020ef0286455bbb4b91bc12f642ac,scene-0103,day,car,vehicle.car,car,v40-60,56.9,40.86,38.68,4.94,36.49,33.53,35.31,False
883020ef0286455bbb4b91bc12f642ac,scene-0103,day,car,vehicle.car,car,v40-60,75.3,35.22,32.68,4.76,30.46,28.99,29.45,False
883020ef0286455bbb4b91bc12f642ac,scene-0103,day,pedestrian,human.pedestrian.adult,person,v80-100,149.8,17.4,16.95,8.22,17.92,17.34,17.5,False
883020ef0286455bbb4b91bc12f642ac,scene-0103,day,car,vehicle.car,car,v40-60,45.0,58.14,56.12,5.08,55.62,54.68,54.9,False
6d2aceca30d140c2ada255c5289f2589,scene-0103,day,car,vehicle.car,car,v80-100,159.4,15.57,13.67,4.56,14.49,13.91,14.06,False
6d2aceca30d140c2ada255c5289f2589,scene-0103,day,truck,vehicle.truck,truck,v80-100,141.3,31.84,28.33,7.17,30.49,28.46,29.2,False
6d2aceca30d140c2ada255c5289f2589,scene-0103,day,car,vehicle.car,car,v80-100,109.2,28.67,26.0,11.41,25.66,23.93,24.85,False
6d2aceca30d140c2ada255c5289f2589,scene-0103,day,car,vehicle.car,car,v60-80,141.8,20.3,17.64,4.42,19.63,18.46,18.87,False
6d2aceca30d140c2ada255c5289f2589,scene-0103,day,cyclist,vehicle.bicycle,person,v80-100,87.7,29.43,28.43,5.54,40.59,34.92,38.52,False
6d2aceca30d140c2ada255c5289f2589,scene-0103,day,car,vehicle.car,car,v40-60,56.5,52.67,50.59,7.89,56.33,52.17,53.12,False
6d2aceca30d140c2ada255c5289f2589,scene-0103,day,car,vehicle.car,car,v60-80,102.4,25.98,23.57,4.57,26.12,24.82,25.24,False
6d2aceca30d140c2ada255c5289f2589,scene-0103,day,car,vehicle.car,car,v40-60,62.0,37.7,35.52,4.77,31.81,30.86,31.18,False
6d2aceca30d140c2ada255c5289f2589,scene-0103,day,car,vehicle.car,car,v60-80,47.7,54.96,52.95,4.84,59.5,56.5,57.65,False
6d2aceca30d140c2ada255c5289f2589,scene-0103,day,car,vehicle.car,car,v40-60,57.5,57.27,54.96,7.59,59.3,54.8,57.01,False
16c0e0687dda444285817f7ccd3387b5,scene-0103,day,car,vehicle.car,car,v80-100,216.0,12.43,10.51,4.5,10.82,10.18,10.31,False
16c0e0687dda444285817f7ccd3387b5,scene-0103,day,truck,vehicle.truck,truck,v80-100,161.1,28.57,25.05,7.27,26.12,24.0,24.43,False
16c0e0687dda444285817f7ccd3387b5,scene-0103,day,car,vehicle.car,car,v60-80,127.4,25.63,22.99,11.32,20.86,16.92,19.87,False
16c0e0687dda444285817f7ccd3387b5,scene-0103,day,car,vehicle.car,car,v80-100,176.3,17.06,14.39,4.34,15.51,14.65,14.95,False
16c0e0687dda444285817f7ccd3387b5,scene-0103,day,car,vehicle.car,car,v80-100,60.5,49.34,47.25,8.03,49.65,46.3,46.98,False
16c0e0687dda444285817f7ccd3387b5,scene-0103,day,car,vehicle.car,car,v60-80,119.7,22.66,20.24,4.49,21.79,20.9,21.19,False
16c0e0687dda444285817f7ccd3387b5,scene-0103,day,car,vehicle.car,car,v60-80,50.9,51.58,49.56,4.7,52.87,50.59,51.67,False
16c0e0687dda444285817f7ccd3387b5,scene-0103,day,car,vehicle.car,car,v40-60,61.2,53.92,51.6,7.73,54.42,51.14,52.63,False
16c0e0687dda444285817f7ccd3387b5,scene-0103,day,car,vehicle.car,car,v60-80,94.2,28.7,26.16,4.51,27.24,26.05,26.44,False
16c0e0687dda444285817f7ccd3387b5,scene-0103,day,cyclist,vehicle.bicycle,person,v80-100,112.9,23.35,22.33,5.65,24.41,24.0,24.14,False
059ffc35578745c3b625011b0479a4fa,scene-0103,day,truck,vehicle.truck,truck,v80-100,189.4,25.19,21.68,7.31,22.77,20.5,22.04,False
059ffc35578745c3b625011b0479a4fa,scene-0103,day,car,vehicle.car,car,v80-100,238.0,13.77,11.11,4.31,11.42,10.8,11.04,False
059ffc35578745c3b625011b0479a4fa,scene-0103,day,car,vehicle.car,car,v60-80,146.2,19.23,16.79,4.45,17.7,16.74,17.08,False
059ffc35578745c3b625011b0479a4fa,scene-0103,day,car,vehicle.car,car,v80-100,52.4,42.15,39.69,4.89,41.85,36.06,40.87,False
059ffc35578745c3b625011b0479a4fa,scene-0103,day,car,vehicle.car,car,v80-100,109.2,25.25,22.69,4.48,23.66,22.75,23.05,False
059ffc35578745c3b625011b0479a4fa,scene-0103,day,car,vehicle.car,car,v60-80,87.0,33.24,30.46,7.5,32.55,30.02,31.05,False
059ffc35578745c3b625011b0479a4fa,scene-0103,day,car,vehicle.car,car,v60-80,54.8,48.06,46.04,4.65,49.78,43.02,47.99,False
059ffc35578745c3b625011b0479a4fa,scene-0103,day,car,vehicle.car,car,v80-100,65.6,45.87,43.77,8.08,43.52,42.41,42.79,False
059ffc35578745c3b625011b0479a4fa,scene-0103,day,car,vehicle.car,car,v40-60,65.8,50.44,48.11,7.78,51.17,47.13,49.0,False
ae6645e8bf474b65b19a69bf71fe90a3,scene-0103,day,truck,vehicle.truck,truck,v80-100,232.5,21.7,18.2,7.4,18.19,16.54,17.26,False
ae6645e8bf474b65b19a69bf71fe90a3,scene-0103,day,car,vehicle.car,car,v80-100,71.9,42.21,40.1,8.21,43.05,39.08,39.61,False
ae6645e8bf474b65b19a69bf71fe90a3,scene-0103,day,car,vehicle.car,car,v80-100,190.3,15.64,13.2,4.37,13.99,13.31,13.51,False
ae6645e8bf474b65b19a69bf71fe90a3,scene-0103,day,car,vehicle.car,car,v80-100,376.4,10.42,7.84,4.24,9.08,8.07,8.42,False
ae6645e8bf474b65b19a69bf71fe90a3,scene-0103,day,car,vehicle.car,car,v80-100,57.9,38.45,35.99,4.75,38.27,33.55,37.72,False
ae6645e8bf474b65b19a69bf71fe90a3,scene-0103,day,car,vehicle.car,car,v60-80,59.7,44.34,42.31,4.5,48.6,45.82,46.67,False
ae6645e8bf474b65b19a69bf71fe90a3,scene-0103,day,car,vehicle.car,car,v80-100,131.2,21.61,19.04,4.38,20.32,19.58,19.79,False
ae6645e8bf474b65b19a69bf71fe90a3,scene-0103,day,car,vehicle.car,car,v40-60,40.5,63.64,61.52,4.57,64.89,62.17,63.17,False
ae6645e8bf474b65b19a69bf71fe90a3,scene-0103,day,car,vehicle.car,car,v60-80,99.6,29.64,26.86,7.61,28.5,26.44,27.11,False
ae6645e8bf474b65b19a69bf71fe90a3,scene-0103,day,car,vehicle.car,car,v60-80,88.8,27.16,24.96,4.51,27.97,25.86,26.37,False
87723668b00f419ba263ab062d14bd13,scene-0103,day,car,vehicle.car,car,v40-60,30.8,78.06,75.98,4.1,74.31,67.52,70.57,False
87723668b00f419ba263ab062d14bd13,scene-0103,day,truck,vehicle.truck,truck,v80-100,301.8,18.27,14.81,7.45,14.84,12.98,14.13,False
87723668b00f419ba263ab062d14bd13,scene-0103,day,car,vehicle.car,car,v60-80,65.7,40.48,38.45,4.44,43.67,41.32,42.18,False
87723668b00f419ba263ab062d14bd13,scene-0103,day,car,vehicle.car,car,v80-100,277.1,12.03,9.59,4.32,9.99,9.4,9.56,False
87723668b00f419ba263ab062d14bd13,scene-0103,day,car,vehicle.car,car,v80-100,58.8,34.58,32.39,2.6,35.96,35.18,35.39,False
87723668b00f419ba263ab062d14bd13,scene-0103,day,car,vehicle.car,car,v80-100,64.8,34.64,32.17,4.69,34.71,33.58,33.9,False
87723668b00f419ba263ab062d14bd13,scene-0103,day,car,vehicle.car,car,v80-100,165.6,17.88,15.29,4.33,16.42,15.69,15.82,False
87723668b00f419ba263ab062d14bd13,scene-0103,day,car,vehicle.car,car,v80-100,117.0,25.97,23.19,7.66,24.55,22.37,22.98,False
87723668b00f419ba263ab062d14bd13,scene-0103,day,car,vehicle.car,car,v40-60,43.2,59.77,57.65,4.55,58.47,54.07,56.04,False
87723668b00f419ba263ab062d14bd13,scene-0103,day,car,vehicle.car,car,v80-100,79.6,38.45,36.33,8.27,35.22,34.49,34.77,False
87723668b00f419ba263ab062d14bd13,scene-0103,day,car,vehicle.car,car,v60-80,105.3,23.35,21.14,4.46,23.63,22.21,22.66,False
d5061556971945c2afc03dbfdc3bc1a6,scene-0103,day,car,vehicle.car,car,v80-100,79.4,26.32,24.12,2.39,26.5,25.76,25.92,False
d5061556971945c2afc03dbfdc3bc1a6,scene-0103,day,car,vehicle.car,car,v80-100,149.3,21.58,18.81,7.61,19.82,18.18,18.48,False
d5061556971945c2afc03dbfdc3bc1a6,scene-0103,day,car,vehicle.car,car,v80-100,92.1,33.88,31.74,8.18,33.5,32.21,32.4,False
d5061556971945c2afc03dbfdc3bc1a6,scene-0103,day,car,vehicle.car,car,v80-100,246.3,13.41,10.82,4.35,11.31,10.82,10.98,False
d5061556971945c2afc03dbfdc3bc1a6,scene-0103,day,car,vehicle.car,car,v40-60,33.0,73.27,71.18,4.3,71.77,65.21,67.57,False
d5061556971945c2afc03dbfdc3bc1a6,scene-0103,day,car,vehicle.car,car,v60-80,75.3,35.78,33.74,4.55,39.05,37.27,37.81,False
d5061556971945c2afc03dbfdc3bc1a6,scene-0103,day,car,vehicle.car,car,v80-100,76.5,29.96,27.48,4.78,29.83,29.22,29.31,False
d5061556971945c2afc03dbfdc3bc1a6,scene-0103,day,car,vehicle.car,car,v60-80,137.3,18.76,16.53,4.5,18.89,17.82,18.19,False
d5061556971945c2afc03dbfdc3bc1a6,scene-0103,day,car,vehicle.car,car,v40-60,89.0,38.36,36.0,7.89,39.27,37.01,38.0,False
d5061556971945c2afc03dbfdc3bc1a6,scene-0103,day,car,vehicle.car,car,v40-60,47.3,55.05,52.93,4.75,48.21,43.83,45.41,False
d5061556971945c2afc03dbfdc3bc1a6,scene-0103,day,truck,vehicle.truck,truck,v80-100,475.8,14.34,11.06,7.43,13.07,12.15,12.49,False
2d3b48e3840244c7b681cb6e63e2c123,scene-0103,day,car,vehicle.car,car,v80-100,183.2,18.67,15.93,7.64,16.08,14.32,14.63,False
2d3b48e3840244c7b681cb6e63e2c123,scene-0103,day,car,vehicle.car,car,v80-100,110.5,19.57,17.36,2.29,19.7,19.03,19.21,False
2d3b48e3840244c7b681cb6e63e2c123,scene-0103,day,car,vehicle.car,car,v80-100,102.7,30.78,28.63,8.21,30.69,28.9,29.16,False
2d3b48e3840244c7b681cb6e63e2c123,scene-0103,day,car,vehicle.car,car,v80-100,86.6,26.77,24.29,4.75,26.3,25.65,25.81,False
2d3b48e3840244c7b681cb6e63e2c123,scene-0103,day,car,vehicle.car,car,v80-100,83.1,32.59,30.55,4.52,34.14,32.97,33.45,False
2d3b48e3840244c7b681cb6e63e2c123,scene-0103,day,car,vehicle.car,car,v60-80,50.2,51.82,49.7,4.77,57.75,51.72,53.68,False
2d3b48e3840244c7b681cb6e63e2c123,scene-0103,day,car,vehicle.car,car,v80-100,172.2,15.66,13.42,4.46,14.59,14.02,14.17,False
2d3b48e3840244c7b681cb6e63e2c123,scene-0103,day,car,vehicle.car,car,v80-100,366.2,10.48,7.94,4.31,9.01,7.88,8.25,False
2d3b48e3840244c7b681cb6e63e2c123,scene-0103,day,car,vehicle.car,car,v40-60,34.6,69.75,67.67,4.32,74.65,67.75,70.38,False
2d3b48e3840244c7b681cb6e63e2c123,scene-0103,day,car,vehicle.car,car,v40-60,97.8,35.22,32.85,7.92,35.55,33.82,34.5,False
0f4c0e7301424f2996d87a86902aafe9,scene-0103,day,car,vehicle.car,car,v80-100,119.6,26.93,24.76,8.19,25.35,23.9,24.1,False
0f4c0e7301424f2996d87a86902aafe9,scene-0103,day,car,vehicle.car,car,v80-100,252.9,11.9,9.66,4.47,10.0,9.31,9.46,False
0f4c0e7301424f2996d87a86902aafe9,scene-0103,day,car,vehicle.car,car,v80-100,192.5,12.39,10.12,2.34,11.66,10.79,10.99,False
0f4c0e7301424f2996d87a86902aafe9,scene-0103,day,car,vehicle.car,car,v80-100,103.7,22.8,20.29,4.77,22.27,21.68,21.8,False
0f4c0e7301424f2996d87a86902aafe9,scene-0103,day,car,vehicle.car,car,v80-100,95.4,28.6,26.54,4.55,29.29,28.25,28.62,False
0f4c0e7301424f2996d87a86902aafe9,scene-0103,day,car,vehicle.car,car,v60-80,54.3,47.77,45.64,4.88,43.46,40.1,41.75,False
0f4c0e7301424f2996d87a86902aafe9,scene-0103,day,car,vehicle.car,car,v80-100,255.9,15.18,12.53,7.63,13.62,12.59,12.96,False
0f4c0e7301424f2996d87a86902aafe9,scene-0103,day,car,vehicle.car,car,v60-80,36.4,60.33,58.14,4.69,56.02,54.18,54.78,False
0f4c0e7301424f2996d87a86902aafe9,scene-0103,day,parked two-wheeler,vehicle.bicycle,bicycle,v80-100,81.0,19.88,19.21,6.8,26.5,24.98,25.69,False
aeffd15cbe594a9a81b26d8bb8d15f3d,scene-0103,day,car,vehicle.car,car,v80-100,385.8,5.69,3.54,2.45,5.32,4.63,4.88,False
aeffd15cbe594a9a81b26d8bb8d15f3d,scene-0103,day,car,vehicle.car,car,v80-100,114.4,24.56,22.5,4.44,25.1,24.52,24.72,False
aeffd15cbe594a9a81b26d8bb8d15f3d,scene-0103,day,car,vehicle.car,car,v80-100,133.1,18.81,16.3,4.66,18.18,17.5,17.56,False
aeffd15cbe594a9a81b26d8bb8d15f3d,scene-0103,day,parked two-wheeler,vehicle.bicycle,bicycle,v80-100,105.0,16.08,15.43,6.7,19.14,16.06,17.03,False
aeffd15cbe594a9a81b26d8bb8d15f3d,scene-0103,day,car,vehicle.car,car,v40-60,39.4,61.93,59.87,4.41,63.84,56.5,61.09,False
aeffd15cbe594a9a81b26d8bb8d15f3d,scene-0103,day,car,vehicle.car,car,v80-100,147.2,23.14,20.95,8.3,23.37,20.95,21.56,False
aeffd15cbe594a9a81b26d8bb8d15f3d,scene-0103,day,car,vehicle.car,car,v60-80,60.6,43.68,41.54,4.74,40.14,36.05,38.84,False
aeffd15cbe594a9a81b26d8bb8d15f3d,scene-0103,day,car,vehicle.car,car,v40-60,70.3,35.69,33.48,4.55,32.0,29.99,30.83,False
1afba7064f794174a68582db8e099c80,scene-0103,day,car,vehicle.car,car,v80-100,186.1,19.42,17.22,8.26,16.85,15.28,15.59,False
1afba7064f794174a68582db8e099c80,scene-0103,day,car,vehicle.car,car,v80-100,140.4,20.53,18.44,4.51,20.08,19.48,19.63,False
1afba7064f794174a68582db8e099c80,scene-0103,day,car,vehicle.car,car,v80-100,180.7,14.88,12.36,4.69,13.31,12.55,12.69,False
1afba7064f794174a68582db8e099c80,scene-0103,day,car,vehicle.car,car,v60-80,99.9,26.62,24.38,4.74,26.64,25.08,25.53,False
1afba7064f794174a68582db8e099c80,scene-0103,day,car,vehicle.car,car,v80-100,159.4,23.53,21.09,7.95,22.14,20.19,21.0,False
1afba7064f794174a68582db8e099c80,scene-0103,day,car,vehicle.car,car,v40-60,84.1,28.68,26.22,8.03,28.57,26.65,27.56,False
be95ce80ec624f81ba6737eb67241215,scene-0655,day,car,vehicle.car,car,v80-100,19.1,101.66,99.22,5.78,97.62,93.92,95.16,False
be95ce80ec624f81ba6737eb67241215,scene-0655,day,car,vehicle.car,car,v80-100,71.9,33.07,31.15,3.39,35.57,34.65,35.03,False
be95ce80ec624f81ba6737eb67241215,scene-0655,day,car,vehicle.car,car,v40-60,53.7,57.9,54.93,6.91,58.82,53.53,55.51,False
be95ce80ec624f81ba6737eb67241215,scene-0655,day,car,vehicle.car,car,v60-80,53.3,39.28,36.7,7.39,39.92,35.25,38.75,False
be95ce80ec624f81ba6737eb67241215,scene-0655,day,car,vehicle.car,car,v40-60,52.0,44.76,42.24,7.46,47.18,44.07,45.86,False
be95ce80ec624f81ba6737eb67241215,scene-0655,day,car,vehicle.car,car,v40-60,201.4,14.57,12.62,5.69,13.21,12.45,12.71,False
be95ce80ec624f81ba6737eb67241215,scene-0655,day,car,vehicle.car,car,v80-100,276.6,13.55,11.07,7.02,12.52,11.54,11.9,False
be95ce80ec624f81ba6737eb67241215,scene-0655,day,truck,vehicle.truck,truck,v80-100,169.3,24.27,20.36,6.78,22.45,20.58,20.81,False
be95ce80ec624f81ba6737eb67241215,scene-0655,day,car,vehicle.car,car,v40-60,49.0,50.66,48.07,7.05,54.04,49.61,52.99,False
d35f5f1183da4cd9a744d9e265a6e40a,scene-0655,day,car,vehicle.car,car,v80-100,19.9,97.53,95.08,5.63,107.37,100.39,103.67,False
d35f5f1183da4cd9a744d9e265a6e40a,scene-0655,day,truck,vehicle.truck,truck,v80-100,216.2,20.36,16.46,6.72,17.69,15.83,16.14,False
d35f5f1183da4cd9a744d9e265a6e40a,scene-0655,day,car,vehicle.car,car,v40-60,58.1,53.74,50.76,6.83,58.89,54.96,55.66,False
d35f5f1183da4cd9a744d9e265a6e40a,scene-0655,day,car,vehicle.car,car,v60-80,60.3,35.19,32.59,7.36,35.54,30.51,34.13,False
d35f5f1183da4cd9a744d9e265a6e40a,scene-0655,day,car,vehicle.car,car,v40-60,57.8,40.63,38.1,7.33,43.38,39.02,41.8,False
d35f5f1183da4cd9a744d9e265a6e40a,scene-0655,day,car,vehicle.car,car,v60-80,81.2,29.85,27.87,5.06,31.4,30.85,30.97,False
d35f5f1183da4cd9a744d9e265a6e40a,scene-0655,day,car,vehicle.car,car,v40-60,53.7,46.52,43.92,7.0,49.88,46.46,48.43,False
d35f5f1183da4cd9a744d9e265a6e40a,scene-0655,day,car,vehicle.car,car,v40-60,127.4,17.9,16.17,5.13,19.25,18.52,18.75,False
8ba2ea656c09414c90b1a5d4b6f4130b,scene-0655,day,car,vehicle.car,car,v80-100,20.9,93.46,91.01,5.58,97.15,92.73,94.25,False
8ba2ea656c09414c90b1a5d4b6f4130b,scene-0655,day,car,vehicle.car,truck,v60-80,185.6,16.92,14.93,5.55,17.42,16.91,17.15,False
8ba2ea656c09414c90b1a5d4b6f4130b,scene-0655,day,car,vehicle.car,car,v60-80,69.6,31.22,28.6,7.35,30.55,29.12,29.46,False
8ba2ea656c09414c90b1a5d4b6f4130b,scene-0655,day,car,vehicle.car,car,v40-60,176.1,14.24,12.35,5.09,13.77,12.93,13.22,False
8ba2ea656c09414c90b1a5d4b6f4130b,scene-0655,day,car,vehicle.car,car,v40-60,63.4,49.71,46.73,6.86,51.77,44.86,47.96,False
8ba2ea656c09414c90b1a5d4b6f4130b,scene-0655,day,truck,vehicle.truck,truck,v80-100,297.7,16.7,12.88,6.73,14.26,12.01,12.94,False
8ba2ea656c09414c90b1a5d4b6f4130b,scene-0655,day,car,vehicle.car,car,v60-80,65.1,36.64,34.1,7.31,38.16,36.35,36.9,False
8ba2ea656c09414c90b1a5d4b6f4130b,scene-0655,day,car,vehicle.car,car,v60-80,59.6,42.51,39.9,7.05,45.19,43.16,43.62,False
8ba2ea656c09414c90b1a5d4b6f4130b,scene-0655,day,car,vehicle.car,car,v40-60,92.1,24.13,21.6,7.35,23.42,21.69,22.45,False
92f4ee9bea444cfba6ddde21cbb47f06,scene-0655,day,car,vehicle.car,car,v80-100,21.8,89.65,87.2,5.43,96.74,91.58,92.76,False
92f4ee9bea444cfba6ddde21cbb47f06,scene-0655,day,car,vehicle.car,truck,v60-80,256.1,13.66,11.47,5.54,11.8,11.19,11.38,False
92f4ee9bea444cfba6ddde21cbb47f06,scene-0655,day,car,vehicle.car,car,v80-100,80.6,27.53,24.9,7.3,26.96,25.51,25.76,False
92f4ee9bea444cfba6ddde21cbb47f06,scene-0655,day,car,vehicle.car,car,v60-80,69.0,45.95,42.96,6.81,50.14,46.97,47.51,False
92f4ee9bea444cfba6ddde21cbb47f06,scene-0655,day,car,vehicle.car,car,v60-80,73.4,32.93,30.39,7.28,34.11,32.38,33.02,False
92f4ee9bea444cfba6ddde21cbb47f06,scene-0655,day,car,vehicle.car,car,v60-80,65.8,38.76,36.15,6.96,41.02,38.89,39.38,False
92f4ee9bea444cfba6ddde21cbb47f06,scene-0655,day,car,vehicle.car,car,v60-80,113.1,20.6,18.08,7.34,19.54,17.46,18.59,False
92f4ee9bea444cfba6ddde21cbb47f06,scene-0655,day,truck,vehicle.truck,truck,v80-100,455.2,13.49,9.89,6.71,12.72,11.47,11.9,False
d30a9add52b347b281114af3fe6b2578,scene-0655,day,car,vehicle.car,car,v80-100,153.3,16.76,14.28,7.3,15.13,13.52,14.14,False
d30a9add52b347b281114af3fe6b2578,scene-0655,day,car,vehicle.car,car,v80-100,98.4,23.44,20.79,7.29,22.89,21.47,21.67,False
d30a9add52b347b281114af3fe6b2578,scene-0655,day,car,vehicle.car,car,v80-100,22.9,85.35,82.9,5.19,87.09,83.33,84.08,False
d30a9add52b347b281114af3fe6b2578,scene-0655,day,car,vehicle.car,car,v60-80,76.7,41.72,38.72,6.74,45.22,42.29,42.74,False
d30a9add52b347b281114af3fe6b2578,scene-0655,day,car,vehicle.car,car,v80-100,85.8,28.79,26.24,7.23,29.68,28.2,28.76,False
d30a9add52b347b281114af3fe6b2578,scene-0655,day,car,vehicle.car,car,v60-80,54.9,49.75,47.8,17.87,40.6,40.15,40.38,False
d30a9add52b347b281114af3fe6b2578,scene-0655,day,car,vehicle.car,car,v80-100,74.8,34.56,31.94,6.9,35.9,34.22,34.58,False
d30a9add52b347b281114af3fe6b2578,scene-0655,day,car,vehicle.car,car,v40-60,42.9,55.13,52.53,7.35,55.57,50.9,54.2,False
d30a9add52b347b281114af3fe6b2578,scene-0655,day,car,vehicle.car,car,v60-80,46.4,51.41,50.04,5.37,54.48,51.03,53.37,False
ef8ebee2c9b54a79a58c65c4bed11502,scene-0655,day,car,vehicle.car,car,v60-80,110.7,24.05,22.28,5.72,25.36,24.35,24.77,False
ef8ebee2c9b54a79a58c65c4bed11502,scene-0655,day,car,vehicle.car,car,v80-100,119.6,20.25,17.59,7.24,18.95,17.74,17.95,False
ef8ebee2c9b54a79a58c65c4bed11502,scene-0655,day,car,vehicle.car,car,v60-80,58.1,41.78,39.67,18.34,33.62,32.32,32.84,False
ef8ebee2c9b54a79a58c65c4bed11502,scene-0655,day,car,vehicle.car,car,v60-80,84.3,38.36,35.35,6.62,41.09,39.16,39.53,False
ef8ebee2c9b54a79a58c65c4bed11502,scene-0655,day,car,vehicle.car,car,v80-100,99.2,25.53,22.97,7.14,26.36,24.62,25.24,False
ef8ebee2c9b54a79a58c65c4bed11502,scene-0655,day,car,vehicle.car,car,v40-60,24.0,81.94,79.48,4.86,94.82,82.24,84.96,False
ef8ebee2c9b54a79a58c65c4bed11502,scene-0655,day,car,vehicle.car,car,v80-100,84.0,31.23,28.6,6.78,32.71,31.18,31.49,False
ef8ebee2c9b54a79a58c65c4bed11502,scene-0655,day,car,vehicle.car,car,v40-60,45.9,51.75,49.15,7.15,52.91,47.57,50.79,False
ef8ebee2c9b54a79a58c65c4bed11502,scene-0655,day,car,vehicle.car,car,v80-100,212.4,13.9,11.52,7.26,13.25,12.51,12.79,False
ef8ebee2c9b54a79a58c65c4bed11502,scene-0655,day,car,vehicle.car,car,v40-60,56.1,34.89,33.6,5.91,35.94,34.59,35.33,False
ef8ebee2c9b54a79a58c65c4bed11502,scene-0655,day,car,vehicle.car,car,v60-80,50.0,48.03,46.64,5.55,49.21,46.23,48.2,False
709c0afde9fa407ca2d077e4eb1c95c2,scene-0655,day,car,vehicle.car,car,v60-80,131.2,20.82,18.95,5.72,21.25,20.21,20.63,False
709c0afde9fa407ca2d077e4eb1c95c2,scene-0655,day,car,vehicle.car,car,v80-100,151.6,17.17,14.53,7.23,15.59,14.02,14.44,False
709c0afde9fa407ca2d077e4eb1c95c2,scene-0655,day,bus,vehicle.bus.bendy,bus,v80-100,44.7,100.75,96.01,3.5,101.02,92.06,94.61,False
709c0afde9fa407ca2d077e4eb1c95c2,scene-0655,day,car,vehicle.car,car,v60-80,53.8,44.67,43.25,5.64,44.55,41.43,43.51,False
709c0afde9fa407ca2d077e4eb1c95c2,scene-0655,day,car,vehicle.car,car,v80-100,117.2,22.33,19.76,7.1,22.34,20.66,21.15,False
709c0afde9fa407ca2d077e4eb1c95c2,scene-0655,day,car,vehicle.car,car,v80-100,93.3,35.03,32.01,6.53,36.77,34.52,35.07,False
709c0afde9fa407ca2d077e4eb1c95c2,scene-0655,day,car,vehicle.car,car,v80-100,95.5,27.94,25.29,6.7,28.39,27.06,27.31,False
709c0afde9fa407ca2d077e4eb1c95c2,scene-0655,day,car,vehicle.car,car,v40-60,49.3,48.4,45.79,7.02,48.77,43.09,46.75,False
709c0afde9fa407ca2d077e4eb1c95c2,scene-0655,day,car,vehicle.car,car,v60-80,62.2,31.6,30.27,5.99,32.92,31.95,32.28,False
709c0afde9fa407ca2d077e4eb1c95c2,scene-0655,day,truck,vehicle.construction,car,v60-80,24.1,113.93,110.28,3.51,103.61,94.28,96.14,False
709c0afde9fa407ca2d077e4eb1c95c2,scene-0655,day,car,vehicle.car,car,v40-60,33.7,60.37,57.9,6.68,61.33,58.15,59.4,False
94d08cc4745c4568a1e454c42ba46a6f,scene-0655,day,car,vehicle.car,car,v60-80,170.5,16.82,14.79,5.69,16.03,15.22,15.64,False
94d08cc4745c4568a1e454c42ba46a6f,scene-0655,day,bus,vehicle.bus.bendy,bus,v80-100,46.6,96.41,91.66,3.79,91.8,89.52,90.4,False
94d08cc4745c4568a1e454c42ba46a6f,scene-0655,day,car,vehicle.car,car,v60-80,58.8,40.4,38.95,5.72,39.82,35.08,38.29,False
94d08cc4745c4568a1e454c42ba46a6f,scene-0655,day,car,vehicle.car,car,v60-80,71.4,27.44,26.04,6.06,26.67,25.82,26.25,False
94d08cc4745c4568a1e454c42ba46a6f,scene-0655,day,car,vehicle.car,car,v80-100,151.9,18.36,15.81,7.1,17.43,16.05,16.46,False
94d08cc4745c4568a1e454c42ba46a6f,scene-0655,day,truck,vehicle.construction,car,v80-100,24.8,109.63,105.97,3.19,97.24,94.59,95.54,False
94d08cc4745c4568a1e454c42ba46a6f,scene-0655,day,car,vehicle.car,truck,v80-100,107.5,30.8,27.76,6.45,31.2,29.21,29.82,False
94d08cc4745c4568a1e454c42ba46a6f,scene-0655,day,car,vehicle.car,car,v80-100,115.1,23.81,21.15,6.68,23.71,22.12,22.48,False
94d08cc4745c4568a1e454c42ba46a6f,scene-0655,day,car,vehicle.car,car,v40-60,54.0,44.13,41.5,6.9,44.7,39.32,42.33,False
94d08cc4745c4568a1e454c42ba46a6f,scene-0655,day,car,vehicle.car,car,v80-100,231.4,13.52,10.98,7.23,12.85,12.09,12.38,False
94d08cc4745c4568a1e454c42ba46a6f,scene-0655,day,car,vehicle.car,car,v40-60,36.2,56.05,53.58,6.51,57.47,53.64,55.21,False
60ade2dececb46c69b114ce4c8a0bd3e,scene-0655,day,bus,vehicle.bus.bendy,bus,v80-100,48.9,92.2,87.45,4.09,91.99,89.29,90.19,False
60ade2dececb46c69b114ce4c8a0bd3e,scene-0655,day,car,vehicle.car,car,v80-100,66.3,36.28,34.78,5.85,37.53,34.54,36.47,False
60ade2dececb46c69b114ce4c8a0bd3e,scene-0655,day,car,vehicle.car,car,v80-100,86.1,23.48,21.99,6.16,23.62,22.64,22.97,False
60ade2dececb46c69b114ce4c8a0bd3e,scene-0655,day,truck,vehicle.construction,car,v80-100,25.9,105.45,101.8,2.72,99.24,95.58,96.48,False
60ade2dececb46c69b114ce4c8a0bd3e,scene-0655,day,car,vehicle.car,car,v80-100,215.9,14.71,12.22,7.08,13.28,12.05,12.49,False
60ade2dececb46c69b114ce4c8a0bd3e,scene-0655,day,car,vehicle.car,car,v80-100,145.6,19.88,17.22,6.64,18.68,17.31,17.55,False
60ade2dececb46c69b114ce4c8a0bd3e,scene-0655,day,car,vehicle.car,car,v80-100,127.3,26.74,23.69,6.4,26.32,24.76,25.11,False
60ade2dececb46c69b114ce4c8a0bd3e,scene-0655,day,car,vehicle.car,car,v60-80,60.2,40.0,37.36,6.68,40.37,34.61,39.31,False
60ade2dececb46c69b114ce4c8a0bd3e,scene-0655,day,car,vehicle.car,truck,v80-100,249.2,13.2,10.96,5.67,12.61,11.63,11.93,False
60ade2dececb46c69b114ce4c8a0bd3e,scene-0655,day,car,vehicle.car,car,v80-100,58.4,37.12,34.69,2.35,38.14,36.8,37.12,False
9fbe4358464342a6a4bc929412b3b358,scene-0655,day,car,vehicle.car,car,v80-100,104.8,20.05,18.46,6.22,19.75,18.72,19.35,False
9fbe4358464342a6a4bc929412b3b358,scene-0655,day,bus,vehicle.bus.bendy,bus,v80-100,51.1,88.47,83.72,4.29,88.69,86.98,87.62,False
9fbe4358464342a6a4bc929412b3b358,scene-0655,day,car,vehicle.car,car,v80-100,189.6,16.51,13.87,6.62,14.92,13.53,13.79,False
9fbe4358464342a6a4bc929412b3b358,scene-0655,day,car,vehicle.car,car,v80-100,29.5,66.28,63.81,3.99,72.05,70.45,70.92,False
9fbe4358464342a6a4bc929412b3b358,scene-0655,day,car,vehicle.car,car,v60-80,74.3,32.65,31.12,5.93,35.92,31.24,35.33,False
9fbe4358464342a6a4bc929412b3b358,scene-0655,day,pedestrian,human.pedestrian.adult,person,v80-100,38.9,54.27,53.95,0.41,84.41,67.01,71.79,True
9fbe4358464342a6a4bc929412b3b358,scene-0655,day,car,vehicle.car,car,v80-100,151.9,23.18,20.13,6.35,22.66,21.3,21.54,False
9fbe4358464342a6a4bc929412b3b358,scene-0655,day,car,vehicle.car,car,v80-100,78.5,28.25,25.8,2.37,29.74,28.8,28.96,False
9fbe4358464342a6a4bc929412b3b358,scene-0655,day,car,vehicle.car,car,v60-80,66.9,36.34,33.7,6.58,37.34,35.98,36.28,False
9fbe4358464342a6a4bc929412b3b358,scene-0655,day,truck,vehicle.construction,car,v80-100,26.8,101.73,98.07,2.46,97.58,95.15,95.86,False
9fbe4358464342a6a4bc929412b3b358,scene-0655,day,car,vehicle.car,car,v40-60,124.2,22.44,20.54,6.23,27.67,25.35,26.34,False
acd8c59c4b564ebb8e7f52086c9b7ec7,scene-0655,day,bus,vehicle.bus.bendy,bus,v80-100,54.1,84.22,79.47,4.62,82.5,80.02,81.04,False
acd8c59c4b564ebb8e7f52086c9b7ec7,scene-0655,day,car,vehicle.car,car,v80-100,31.9,62.03,59.56,3.72,68.54,66.16,66.71,False
acd8c59c4b564ebb8e7f52086c9b7ec7,scene-0655,day,car,vehicle.car,car,v80-100,87.8,28.55,26.95,6.06,28.91,28.13,28.66,False
acd8c59c4b564ebb8e7f52086c9b7ec7,scene-0655,day,car,vehicle.car,truck,v80-100,196.0,19.19,16.14,6.29,17.7,16.28,16.49,False
acd8c59c4b564ebb8e7f52086c9b7ec7,scene-0655,day,car,vehicle.car,car,v80-100,128.7,18.34,15.86,2.43,17.99,17.06,17.31,False
acd8c59c4b564ebb8e7f52086c9b7ec7,scene-0655,day,car,vehicle.car,car,v80-100,146.4,15.94,14.19,5.96,14.29,13.85,14.05,False
acd8c59c4b564ebb8e7f52086c9b7ec7,scene-0655,day,truck,vehicle.construction,car,v80-100,28.2,97.47,93.81,1.98,94.62,91.39,92.24,False
acd8c59c4b564ebb8e7f52086c9b7ec7,scene-0655,day,car,vehicle.car,car,v40-60,162.2,18.59,16.53,6.27,18.88,16.37,17.28,False
acd8c59c4b564ebb8e7f52086c9b7ec7,scene-0655,day,car,vehicle.car,car,v80-100,291.8,12.9,10.35,6.58,12.44,11.55,11.87,False
39f56d2899ee4d43b18c28382c9e4400,scene-0655,day,car,vehicle.car,car,v80-100,105.1,24.44,22.76,6.1,24.85,24.43,24.6,False
39f56d2899ee4d43b18c28382c9e4400,scene-0655,day,car,vehicle.car,car,v80-100,34.3,57.71,55.25,3.59,63.58,61.8,62.23,False
39f56d2899ee4d43b18c28382c9e4400,scene-0655,day,bus,vehicle.bus.bendy,bus,v80-100,57.2,79.9,75.15,4.85,79.3,77.77,78.48,False
39f56d2899ee4d43b18c28382c9e4400,scene-0655,day,car,vehicle.car,car,v80-100,355.5,8.67,6.15,2.57,7.26,6.24,6.43,False
39f56d2899ee4d43b18c28382c9e4400,scene-0655,day,truck,vehicle.construction,car,v80-100,29.6,93.13,89.48,1.71,92.68,89.97,90.57,False
39f56d2899ee4d43b18c28382c9e4400,scene-0655,day,car,vehicle.car,car,v60-80,90.8,27.99,25.33,6.34,27.83,26.03,26.48,False
39f56d2899ee4d43b18c28382c9e4400,scene-0655,day,car,vehicle.car,car,v40-60,52.8,39.73,37.25,5.92,39.86,38.09,38.73,False
39f56d2899ee4d43b18c28382c9e4400,scene-0655,day,car,vehicle.car,car,v80-100,275.5,15.26,12.27,6.24,12.91,11.38,12.0,False
39f56d2899ee4d43b18c28382c9e4400,scene-0655,day,truck,vehicle.truck,car,v40-60,77.2,33.75,30.76,6.25,33.58,31.64,32.15,False
5c430f75813e4eeb8375623c95d3a615,scene-0655,day,car,vehicle.car,car,v80-100,127.0,20.47,18.68,5.92,20.08,19.83,19.92,False
5c430f75813e4eeb8375623c95d3a615,scene-0655,day,bus,vehicle.bus.bendy,bus,v80-100,60.2,75.66,70.91,4.41,75.01,72.62,73.74,False
5c430f75813e4eeb8375623c95d3a615,scene-0655,day,car,vehicle.car,car,v80-100,36.8,53.48,51.0,3.94,58.62,56.86,57.39,False
5c430f75813e4eeb8375623c95d3a615,scene-0655,day,pedestrian,human.pedestrian.adult,person,v80-100,50.9,41.51,41.21,0.69,69.07,52.92,55.44,True
5c430f75813e4eeb8375623c95d3a615,scene-0655,day,car,vehicle.car,car,v80-100,108.9,23.92,21.25,6.53,23.44,22.01,22.29,False
5c430f75813e4eeb8375623c95d3a615,scene-0655,day,car,vehicle.car,car,v60-80,59.5,35.51,33.01,6.04,36.77,34.39,35.22,False
5c430f75813e4eeb8375623c95d3a615,scene-0655,day,car,vehicle.car,car,v80-100,136.9,18.56,16.06,6.84,17.21,16.06,16.36,False
5c430f75813e4eeb8375623c95d3a615,scene-0655,day,truck,vehicle.construction,car,v80-100,30.7,88.88,85.23,2.3,85.93,84.16,84.52,False
5c430f75813e4eeb8375623c95d3a615,scene-0655,day,truck,vehicle.truck,car,v40-60,89.1,29.62,26.61,6.45,29.55,27.83,28.28,False
9107e849634e4f23854b83f40aeb9c6f,scene-0655,day,car,vehicle.car,car,v80-100,39.9,49.23,46.76,4.4,53.21,51.67,52.04,False
9107e849634e4f23854b83f40aeb9c6f,scene-0655,day,car,vehicle.car,car,v80-100,164.9,16.62,14.68,5.7,15.79,15.38,15.57,False
9107e849634e4f23854b83f40aeb9c6f,scene-0655,day,car,vehicle.car,car,v80-100,196.3,14.84,12.41,7.03,13.41,12.23,12.64,False
9107e849634e4f23854b83f40aeb9c6f,scene-0655,day,bus,vehicle.bus.bendy,bus,v80-100,63.7,71.41,66.66,4.01,73.54,71.74,72.64,False
9107e849634e4f23854b83f40aeb9c6f,scene-0655,day,pedestrian,human.pedestrian.adult,person,v80-100,56.6,37.25,36.95,1.65,48.19,42.63,43.84,False
9107e849634e4f23854b83f40aeb9c6f,scene-0655,day,car,vehicle.car,car,v80-100,137.6,19.95,17.28,6.79,18.78,17.3,17.57,False
9107e849634e4f23854b83f40aeb9c6f,scene-0655,day,car,vehicle.car,car,v60-80,68.5,31.35,28.84,6.35,30.78,29.0,29.6,False
9107e849634e4f23854b83f40aeb9c6f,scene-0655,day,truck,vehicle.construction,car,v60-80,32.1,84.62,80.97,3.08,81.39,75.91,78.69,False
9107e849634e4f23854b83f40aeb9c6f,scene-0655,day,truck,vehicle.truck,car,v60-80,106.3,25.52,22.51,6.66,25.31,23.49,23.96,False
ade3d836ced34b1ab037f0b2f15b9615,scene-0655,day,pedestrian,human.pedestrian.adult,person,v80-100,64.0,33.09,32.79,2.6,50.95,40.41,42.51,False
ade3d836ced34b1ab037f0b2f15b9615,scene-0655,day,car,vehicle.car,car,v80-100,43.9,45.08,42.6,4.82,50.64,48.81,49.22,False
ade3d836ced34b1ab037f0b2f15b9615,scene-0655,day,car,vehicle.car,car,v80-100,187.3,16.23,13.59,7.0,14.61,13.12,13.52,False
ade3d836ced34b1ab037f0b2f15b9615,scene-0655,day,bus,vehicle.bus.bendy,bus,v80-100,68.0,67.24,62.48,3.38,71.89,70.03,70.54,False
ade3d836ced34b1ab037f0b2f15b9615,scene-0655,day,truck,vehicle.construction,car,v80-100,33.9,80.44,76.79,3.88,82.59,78.82,79.84,False
ade3d836ced34b1ab037f0b2f15b9615,scene-0655,day,car,vehicle.car,car,v60-80,80.9,27.32,24.79,6.64,27.69,25.95,26.33,False
ade3d836ced34b1ab037f0b2f15b9615,scene-0655,day,truck,vehicle.truck,car,v60-80,132.3,21.6,18.58,6.9,20.89,19.17,19.62,False
7d017f5a0bda42e0968d127852faac11,scene-0655,day,car,vehicle.car,car,v80-100,48.9,41.14,38.64,5.24,44.29,41.99,43.52,False
7d017f5a0bda42e0968d127852faac11,scene-0655,day,bus,vehicle.bus.bendy,bus,v80-100,72.8,63.26,58.49,2.81,66.54,64.91,65.43,False
7d017f5a0bda42e0968d127852faac11,scene-0655,day,truck,vehicle.construction,car,v80-100,36.0,76.46,72.8,4.59,78.09,76.82,77.29,False
7d017f5a0bda42e0968d127852faac11,scene-0655,day,pedestrian,human.pedestrian.adult,person,v80-100,73.3,29.15,28.83,3.54,36.73,34.11,35.08,False
7d017f5a0bda42e0968d127852faac11,scene-0655,day,truck,vehicle.truck,truck,v80-100,174.2,17.97,14.97,7.07,16.62,15.01,15.42,False
7d017f5a0bda42e0968d127852faac11,scene-0655,day,car,vehicle.car,car,v80-100,98.7,23.52,20.99,6.91,23.52,21.88,22.25,False
7689f1f8b5d5419cab590af0ddc27942,scene-0655,day,bus,vehicle.bus.bendy,bus,v80-100,78.0,59.32,54.52,2.45,58.47,57.46,57.72,False
7689f1f8b5d5419cab590af0ddc27942,scene-0655,day,truck,vehicle.construction,car,v80-100,38.0,72.52,68.84,5.05,72.88,70.93,71.55,False
7689f1f8b5d5419cab590af0ddc27942,scene-0655,day,pedestrian,human.pedestrian.adult,person,v80-100,85.2,25.3,24.95,4.36,37.66,32.66,36.67,False
7689f1f8b5d5419cab590af0ddc27942,scene-0655,day,car,vehicle.car,car,v80-100,123.2,19.85,17.31,7.07,18.74,16.99,17.45,False
7689f1f8b5d5419cab590af0ddc27942,scene-0655,day,car,vehicle.car,car,v80-100,54.6,37.24,34.72,5.5,40.85,39.04,39.54,False
7689f1f8b5d5419cab590af0ddc27942,scene-0655,day,truck,vehicle.truck,truck,v80-100,249.3,14.57,11.65,7.18,13.63,12.46,12.85,False
3318c79c35d349fbb576dc709b78ade5,scene-0655,day,pedestrian,human.pedestrian.adult,person,v80-100,102.8,21.39,21.03,5.09,25.91,22.12,22.58,False
3318c79c35d349fbb576dc709b78ade5,scene-0655,day,car,vehicle.car,car,v80-100,166.4,16.19,13.7,7.08,14.77,13.0,13.6,False
3318c79c35d349fbb576dc709b78ade5,scene-0655,day,car,vehicle.car,car,v80-100,62.3,33.2,30.68,5.47,34.57,33.23,33.46,False
3318c79c35d349fbb576dc709b78ade5,scene-0655,day,bus,vehicle.bus.bendy,truck,v80-100,84.9,55.21,50.43,2.5,54.52,53.99,54.18,False
3318c79c35d349fbb576dc709b78ade5,scene-0655,day,truck,vehicle.construction,truck,v80-100,40.9,68.29,64.62,5.01,68.82,66.45,67.72,False
3318c79c35d349fbb576dc709b78ade5,scene-0655,day,car,vehicle.car,car,v60-80,76.8,34.06,32.14,12.27,34.51,30.84,32.69,False
23377008bf0e4963b2f250660894e337,scene-0655,day,pedestrian,human.pedestrian.adult,person,v80-100,129.8,17.51,17.11,5.74,19.44,18.66,19.06,False
23377008bf0e4963b2f250660894e337,scene-0655,day,car,vehicle.car,car,v80-100,72.2,29.06,26.52,5.43,31.18,29.57,29.81,False
23377008bf0e4963b2f250660894e337,scene-0655,day,car,vehicle.car,car,v80-100,88.9,30.28,28.27,12.24,28.24,27.93,28.02,False
23377008bf0e4963b2f250660894e337,scene-0655,day,bus,vehicle.bus.bendy,bus,v80-100,92.5,51.0,46.2,2.45,50.79,50.32,50.54,False
23377008bf0e4963b2f250660894e337,scene-0655,day,truck,vehicle.construction,car,v80-100,43.7,63.94,60.26,5.01,65.63,63.19,64.72,False
e338ac946fcd4e9eb46097083b5682e9,scene-0655,day,car,vehicle.car,car,v80-100,86.8,24.79,22.24,5.42,26.17,24.82,25.04,False
e338ac946fcd4e9eb46097083b5682e9,scene-0655,day,truck,vehicle.construction,truck,v80-100,47.2,59.43,55.74,4.92,60.93,59.55,59.87,False
e338ac946fcd4e9eb46097083b5682e9,scene-0655,day,bus,vehicle.bus.bendy,bus,v80-100,102.2,46.61,41.81,2.49,46.21,45.6,45.85,False
e338ac946fcd4e9eb46097083b5682e9,scene-0655,day,pedestrian,human.pedestrian.adult,person,v80-100,178.8,13.75,13.31,6.37,13.92,13.4,13.53,False
e338ac946fcd4e9eb46097083b5682e9,scene-0655,day,car,vehicle.car,car,v80-100,107.4,26.49,24.38,12.25,24.95,24.63,24.78,False
e338ac946fcd4e9eb46097083b5682e9,scene-0655,day,car,vehicle.car,car,v40-60,35.9,61.72,60.19,11.21,61.88,56.77,58.88,False
1a91b5a0d17840ac98fcd256523bf9ad,scene-0655,day,bus,vehicle.bus.bendy,bus,v80-100,115.5,41.99,37.19,2.99,40.3,39.9,40.01,False
1a91b5a0d17840ac98fcd256523bf9ad,scene-0655,day,car,vehicle.car,car,v80-100,110.4,20.34,17.79,5.15,21.14,19.75,19.97,False
1a91b5a0d17840ac98fcd256523bf9ad,scene-0655,day,truck,vehicle.construction,truck,v80-100,51.7,54.8,51.12,4.11,56.41,55.28,55.65,False
1a91b5a0d17840ac98fcd256523bf9ad,scene-0655,day,truck,vehicle.construction,truck,v60-80,62.5,49.38,47.45,7.59,47.49,45.33,46.26,False
1a91b5a0d17840ac98fcd256523bf9ad,scene-0655,day,car,vehicle.car,car,v40-60,51.0,44.69,42.92,11.57,46.81,44.15,45.31,False
1a91b5a0d17840ac98fcd256523bf9ad,scene-0655,day,car,vehicle.car,car,v40-60,39.4,57.22,55.66,12.01,63.04,59.63,60.86,False
e5237a3e9a6c4f7793b6381fd5c6c4e5,scene-0655,day,bus,vehicle.bus.bendy,bus,v80-100,128.3,38.37,33.55,3.4,35.98,35.64,35.71,False
e5237a3e9a6c4f7793b6381fd5c6c4e5,scene-0655,day,car,vehicle.car,car,v40-60,67.9,36.7,34.76,12.55,34.94,33.02,33.85,False
e5237a3e9a6c4f7793b6381fd5c6c4e5,scene-0655,day,truck,vehicle.construction,truck,v80-100,55.6,51.16,47.47,3.45,52.68,51.25,51.55,False
e5237a3e9a6c4f7793b6381fd5c6c4e5,scene-0655,day,car,vehicle.car,car,v80-100,140.0,16.89,14.32,4.91,16.59,15.25,15.48,False
e5237a3e9a6c4f7793b6381fd5c6c4e5,scene-0655,day,car,vehicle.car,car,v60-80,110.9,25.42,23.1,11.77,24.91,23.03,23.6,False
e5237a3e9a6c4f7793b6381fd5c6c4e5,scene-0655,day,car,vehicle.car,car,v60-80,56.3,41.24,39.42,12.06,40.46,38.39,39.17,False
e5237a3e9a6c4f7793b6381fd5c6c4e5,scene-0655,day,car,vehicle.car,car,v40-60,42.5,53.66,52.07,12.51,55.05,51.2,52.28,False
e5237a3e9a6c4f7793b6381fd5c6c4e5,scene-0655,day,car,vehicle.car,car,v40-60,67.7,34.87,32.97,13.21,29.53,27.53,28.4,False
7c5a49ef75ba4c0b8b56146112b55b91,scene-0655,day,car,vehicle.car,car,v40-60,75.2,33.73,31.75,12.85,31.45,29.16,29.98,False
7c5a49ef75ba4c0b8b56146112b55b91,scene-0655,day,bus,vehicle.bus.bendy,bus,v80-100,142.1,35.13,30.32,3.69,33.18,32.81,32.92,False
7c5a49ef75ba4c0b8b56146112b55b91,scene-0655,day,truck,vehicle.construction,car,v80-100,72.0,42.68,40.65,6.61,41.32,40.58,41.08,False
7c5a49ef75ba4c0b8b56146112b55b91,scene-0655,day,car,vehicle.car,car,v80-100,183.0,13.89,11.33,4.75,12.92,11.67,11.88,False
7c5a49ef75ba4c0b8b56146112b55b91,scene-0655,day,car,vehicle.car,car,v60-80,61.2,38.21,36.34,12.44,38.05,35.88,36.95,False
7c5a49ef75ba4c0b8b56146112b55b91,scene-0655,day,car,vehicle.car,car,v40-60,75.5,31.99,30.02,13.51,29.35,28.41,28.84,False
7c5a49ef75ba4c0b8b56146112b55b91,scene-0655,day,truck,vehicle.construction,truck,v80-100,59.4,47.9,44.21,2.92,48.49,47.51,47.73,False
7c5a49ef75ba4c0b8b56146112b55b91,scene-0655,day,car,vehicle.car,car,v40-60,81.7,29.92,27.83,13.32,26.84,25.45,26.05,False
0d6e66783980495e8fad51cec76bb44d,scene-0655,day,car,vehicle.car,car,v40-60,85.9,30.99,28.93,13.05,31.45,29.24,30.08,False
0d6e66783980495e8fad51cec76bb44d,scene-0655,day,bus,vehicle.bus.bendy,bus,v80-100,159.5,32.09,27.24,3.9,30.21,29.94,30.0,False
0d6e66783980495e8fad51cec76bb44d,scene-0655,day,car,vehicle.car,car,v80-100,263.3,11.15,8.65,4.64,10.07,8.72,9.29,False
0d6e66783980495e8fad51cec76bb44d,scene-0655,day,truck,vehicle.construction,truck,v80-100,79.4,39.71,37.61,6.27,38.05,37.15,37.6,False
0d6e66783980495e8fad51cec76bb44d,scene-0655,day,truck,vehicle.construction,truck,v80-100,64.4,44.82,41.11,2.51,47.13,45.85,46.04,False
0d6e66783980495e8fad51cec76bb44d,scene-0655,day,car,vehicle.car,car,v60-80,68.9,35.38,33.45,12.72,37.18,34.84,35.94,False
0d6e66783980495e8fad51cec76bb44d,scene-0655,day,car,vehicle.car,car,v40-60,88.0,29.34,27.29,13.73,27.71,26.75,27.08,False
0d6e66783980495e8fad51cec76bb44d,scene-0655,day,car,vehicle.car,car,v40-60,49.3,47.59,45.93,13.36,53.43,48.54,50.24,False
f62878a493ea46e3b60bd312dfac2334,scene-0655,day,bus,vehicle.bus.bendy,bus,v80-100,181.9,28.97,24.07,3.97,25.68,25.44,25.51,False
f62878a493ea46e3b60bd312dfac2334,scene-0655,day,car,vehicle.car,car,v60-80,78.2,32.52,30.51,12.84,31.18,30.13,30.42,False
f62878a493ea46e3b60bd312dfac2334,scene-0655,day,truck,vehicle.construction,truck,v80-100,70.2,41.64,37.92,2.33,41.24,39.89,40.13,False
f62878a493ea46e3b60bd312dfac2334,scene-0655,day,truck,vehicle.construction,truck,v80-100,88.2,36.64,34.47,6.13,33.9,33.29,33.62,False
f62878a493ea46e3b60bd312dfac2334,scene-0655,day,car,vehicle.car,car,v60-80,99.7,28.24,26.1,13.12,26.97,26.25,26.43,False
db33b7a532744b56b05413a8323a6b87,scene-0655,day,bus,vehicle.bus.bendy,bus,v80-100,211.9,25.62,20.73,3.77,21.87,21.61,21.68,False
db33b7a532744b56b05413a8323a6b87,scene-0655,day,truck,vehicle.construction,truck,v80-100,97.8,33.4,31.16,6.43,31.18,30.5,30.73,False
db33b7a532744b56b05413a8323a6b87,scene-0655,day,car,vehicle.car,car,v60-80,88.4,29.54,27.46,12.59,29.21,27.18,27.9,False
db33b7a532744b56b05413a8323a6b87,scene-0655,day,truck,vehicle.construction,truck,v80-100,77.1,38.26,34.55,2.71,38.01,36.8,37.04,False
db33b7a532744b56b05413a8323a6b87,scene-0655,day,car,vehicle.car,car,v40-60,58.5,41.39,39.64,13.12,42.37,39.02,40.16,False
3f09ac5ffc0745eca86d75b5e3db3f49,scene-0655,day,bus,vehicle.bus.bendy,bus,v80-100,262.1,21.94,17.01,3.52,17.56,17.37,17.44,False
3f09ac5ffc0745eca86d75b5e3db3f49,scene-0655,day,truck,vehicle.construction,truck,v80-100,87.9,34.51,30.78,3.18,33.82,32.59,32.82,False
3f09ac5ffc0745eca86d75b5e3db3f49,scene-0655,day,truck,vehicle.construction,truck,v80-100,115.8,29.85,27.49,6.81,27.98,27.36,27.58,False
3f09ac5ffc0745eca86d75b5e3db3f49,scene-0655,day,car,vehicle.car,car,v60-80,107.8,26.31,24.12,12.27,29.97,27.55,27.99,False
3f09ac5ffc0745eca86d75b5e3db3f49,scene-0655,day,car,vehicle.car,car,v40-60,66.8,37.86,36.05,12.63,43.43,37.6,39.22,False
281af8097e0d404f8a1964b0a87e947b,scene-0655,day,truck,vehicle.construction,truck,v80-100,138.0,26.13,23.62,7.23,24.06,23.49,23.69,False
281af8097e0d404f8a1964b0a87e947b,scene-0655,day,bus,vehicle.bus.bendy,bus,v80-100,345.6,18.01,13.06,3.27,13.66,13.49,13.57,False
281af8097e0d404f8a1964b0a87e947b,scene-0655,day,truck,vehicle.construction,truck,v80-100,101.7,30.52,26.78,3.74,29.91,28.7,28.92,False
281af8097e0d404f8a1964b0a87e947b,scene-0655,day,car,vehicle.car,car,v80-100,25.2,98.14,96.9,6.37,99.74,95.09,96.14,False
281af8097e0d404f8a1964b0a87e947b,scene-0655,day,car,vehicle.car,car,v40-60,105.0,27.6,25.42,12.5,27.87,26.62,27.11,False
12e63e9ea8e345509b55ec661a911318,scene-0655,day,car,vehicle.car,car,v80-100,26.0,93.91,92.67,5.54,98.03,93.37,94.18,False
12e63e9ea8e345509b55ec661a911318,scene-0655,day,bus,vehicle.bus.bendy,bus,v80-100,517.0,13.96,9.01,3.16,9.47,9.16,9.22,False
12e63e9ea8e345509b55ec661a911318,scene-0655,day,truck,vehicle.construction,truck,v80-100,120.3,26.36,22.61,4.03,25.72,24.1,24.26,False
12e63e9ea8e345509b55ec661a911318,scene-0655,day,truck,vehicle.construction,truck,v80-100,167.3,22.39,19.66,7.43,19.91,19.4,19.54,False
092cdc4f4b8c41568ad30f0235556538,scene-0655,day,truck,vehicle.construction,truck,v80-100,147.7,22.17,18.41,4.0,21.51,19.86,20.07,False
092cdc4f4b8c41568ad30f0235556538,scene-0655,day,car,vehicle.car,car,v80-100,26.8,89.62,88.37,5.64,87.66,83.98,84.75,False
092cdc4f4b8c41568ad30f0235556538,scene-0655,day,truck,vehicle.construction,truck,v80-100,213.9,18.8,15.78,7.42,16.61,14.81,15.67,False
092cdc4f4b8c41568ad30f0235556538,scene-0655,day,bus,vehicle.bus.bendy,bus,v80-100,899.0,10.02,5.21,3.16,8.44,6.44,7.0,False
078b27dc1d57494887cba9e4e511ddeb,scene-0655,day,pedestrian,human.pedestrian.police_officer,person,v40-60,112.4,24.2,23.94,12.68,25.66,24.81,25.33,False
078b27dc1d57494887cba9e4e511ddeb,scene-0655,day,car,vehicle.car,car,v80-100,27.4,85.37,84.12,5.49,86.4,83.52,84.26,False
078b27dc1d57494887cba9e4e511ddeb,scene-0655,day,truck,vehicle.construction,truck,v80-100,190.8,18.09,14.32,4.07,16.08,15.03,15.14,False
078b27dc1d57494887cba9e4e511ddeb,scene-0655,day,bus,vehicle.bus.bendy,bus,v80-100,420.2,14.97,10.34,3.49,8.81,6.67,7.29,False
e4b019462e2f4e39944b5a5a9c349b2d,scene-0655,day,car,vehicle.car,car,v80-100,23.4,95.63,93.35,2.82,104.92,97.1,98.3,False
e4b019462e2f4e39944b5a5a9c349b2d,scene-0655,day,truck,vehicle.construction,truck,v80-100,275.9,14.19,10.43,4.09,11.62,10.7,10.77,False
e4b019462e2f4e39944b5a5a9c349b2d,scene-0655,day,bus,vehicle.bus.bendy,bus,v80-100,742.1,11.13,6.57,3.49,8.55,6.79,7.32,False
e4b019462e2f4e39944b5a5a9c349b2d,scene-0655,day,car,vehicle.car,car,v80-100,29.2,81.22,79.96,5.49,87.3,83.41,84.31,False
e4b019462e2f4e39944b5a5a9c349b2d,scene-0655,day,car,vehicle.car,car,v40-60,96.0,34.45,31.48,16.68,26.41,19.32,24.49,False
97a4892cd1bf408f8bd707be081c791c,scene-0655,day,car,vehicle.car,car,v80-100,26.7,84.24,81.97,2.77,90.3,87.62,88.03,False
97a4892cd1bf408f8bd707be081c791c,scene-0655,day,truck,vehicle.construction,truck,v80-100,491.3,10.47,6.86,4.11,9.25,7.8,8.25,False
97a4892cd1bf408f8bd707be081c791c,scene-0655,day,bus,vehicle.bus.bendy,bus,v80-100,899.0,7.63,3.74,3.44,7.83,6.71,7.09,False
427ebabc32f24b3f90bc66ea1a13cf01,scene-0655,day,car,vehicle.car,car,v80-100,31.0,72.77,70.47,2.75,81.12,79.48,80.0,False
427ebabc32f24b3f90bc66ea1a13cf01,scene-0655,day,car,vehicle.car,car,v80-100,32.6,72.78,71.5,5.22,81.12,79.07,79.68,False
dd1b722645744b3eb49fdad74b765c4f,scene-0655,day,car,vehicle.car,car,v80-100,36.6,61.92,59.62,2.53,69.27,67.74,67.98,False
dd1b722645744b3eb49fdad74b765c4f,scene-0655,day,car,vehicle.car,car,v60-80,34.9,68.34,67.06,5.4,77.78,76.42,76.67,False
8f4376cb2da3448abf42221512917c4d,scene-0655,day,car,vehicle.car,car,v80-100,43.7,52.19,49.89,2.31,57.3,55.78,56.18,False
8f4376cb2da3448abf42221512917c4d,scene-0655,day,car,vehicle.car,car,v60-80,37.0,64.39,63.09,5.64,75.88,73.42,74.02,False
e1a0ecd338d943b790f553972f2c9068,scene-0655,day,car,vehicle.car,car,v80-100,54.4,42.93,40.62,2.18,47.42,46.13,46.44,False
e1a0ecd338d943b790f553972f2c9068,scene-0655,day,car,vehicle.car,car,v60-80,40.8,60.01,58.69,5.85,68.89,67.37,68.02,False
16cd95c28f0642bca8f6f8017c5410d3,scene-0655,day,car,vehicle.car,truck,v80-100,72.6,32.82,30.5,2.12,35.11,34.01,34.15,False
16cd95c28f0642bca8f6f8017c5410d3,scene-0655,day,car,vehicle.car,car,v60-80,44.6,55.26,53.92,6.02,61.57,60.63,60.98,False
b79f8bcaf26944f9bbc08c928602a4e0,scene-0655,day,car,vehicle.car,car,v80-100,103.6,23.63,21.27,1.89,24.71,23.97,24.09,False
b79f8bcaf26944f9bbc08c928602a4e0,scene-0655,day,car,vehicle.car,car,v60-80,48.1,50.94,49.57,6.52,61.7,59.16,59.9,False
8140e0d584a448ddac2befd221508790,scene-0655,day,car,vehicle.car,car,v80-100,172.7,15.15,12.75,1.85,14.5,13.94,14.04,False
8140e0d584a448ddac2befd221508790,scene-0655,day,car,vehicle.car,car,v60-80,52.1,46.56,45.16,6.74,50.65,49.43,49.61,False
5a00ce5d429a48038aec0e2f252db7e3,scene-0655,day,car,vehicle.car,car,v60-80,57.2,42.17,40.74,6.5,46.79,44.67,45.07,False
5a00ce5d429a48038aec0e2f252db7e3,scene-0655,day,car,vehicle.car,car,v80-100,454.1,7.64,5.19,2.01,6.08,5.29,5.39,False
ca953b73b68c4855887802390c30d1d2,scene-0553,day,car,vehicle.car,car,v40-60,17.4,147.94,145.56,25.51,138.41,133.96,135.59,False
ca953b73b68c4855887802390c30d1d2,scene-0553,day,car,vehicle.car,car,v80-100,14.9,152.53,150.1,25.02,139.25,134.23,136.27,False
03bcdd9ceeb5403880dbea94d82fd645,scene-0553,day,car,vehicle.car,car,v40-60,18.1,142.47,140.09,24.76,142.65,137.29,139.29,False
8c66f270e43e4e49b3636b2ee042f96d,scene-0553,day,car,vehicle.car,car,v40-60,19.0,136.02,133.62,23.83,125.47,122.39,123.33,False
9e3b30e1496741bfa6593673ac3d3b30,scene-0553,day,car,vehicle.car,car,v40-60,19.9,130.1,127.72,23.19,120.07,116.85,118.1,False
9ac08955983e41ea8f4bf16b49bfa79c,scene-0553,day,car,vehicle.car,car,v40-60,20.8,124.37,122.0,22.44,115.2,109.66,111.69,False
9ac08955983e41ea8f4bf16b49bfa79c,scene-0553,day,car,vehicle.car,car,v80-100,73.9,30.81,29.36,14.87,28.58,28.27,28.35,False
6e76f277e47547bca0e38099ce01da54,scene-0553,day,car,vehicle.car,car,v40-60,21.8,118.64,116.25,21.75,111.34,104.27,106.55,False
6e76f277e47547bca0e38099ce01da54,scene-0553,day,car,vehicle.car,car,v80-100,128.0,19.63,17.47,7.82,17.98,17.68,17.76,False
85b9d897bc9d4d7094696a5a356b29f0,scene-0553,day,car,vehicle.car,car,v80-100,129.4,17.55,15.73,3.52,17.83,17.65,17.71,False
85b9d897bc9d4d7094696a5a356b29f0,scene-0553,day,truck,vehicle.truck,car,v80-100,150.0,25.16,22.28,11.56,20.04,19.39,19.53,False
435543e1321b411ea5c930633e0883d9,scene-0553,day,car,vehicle.car,car,v80-100,130.9,16.37,15.11,0.0,17.65,17.54,17.57,True
435543e1321b411ea5c930633e0883d9,scene-0553,day,truck,vehicle.truck,car,v80-100,153.2,22.71,20.08,7.53,20.84,20.61,20.68,False
435543e1321b411ea5c930633e0883d9,scene-0553,day,car,vehicle.car,car,v80-100,61.5,32.02,29.59,6.94,33.12,31.72,32.33,False
cf3f00e98842449696a4cb4edb1e1c5e,scene-0553,day,car,vehicle.car,car,v80-100,132.0,16.56,15.28,1.24,17.71,17.61,17.65,False
cf3f00e98842449696a4cb4edb1e1c5e,scene-0553,day,bus,vehicle.bus.rigid,truck,v80-100,230.1,21.04,17.84,9.18,16.64,16.27,16.36,False
cf3f00e98842449696a4cb4edb1e1c5e,scene-0553,day,truck,vehicle.truck,truck,v80-100,153.5,21.06,18.86,3.25,20.46,20.28,20.34,False
c7f783fe8173446383bfbbb7a783517f,scene-0553,day,bus,vehicle.bus.rigid,bus,v80-100,234.3,18.36,15.72,4.58,16.89,16.78,16.82,False
c7f783fe8173446383bfbbb7a783517f,scene-0553,day,car,vehicle.car,car,v80-100,131.2,18.4,16.44,6.22,17.52,17.25,17.37,False
c7f783fe8173446383bfbbb7a783517f,scene-0553,day,truck,vehicle.truck,truck,v80-100,155.6,19.96,18.32,0.0,20.38,20.15,20.22,True
a409449573af464c9cd6775837c45967,scene-0553,day,bus,vehicle.bus.rigid,bus,v80-100,238.8,16.56,14.78,0.0,16.38,16.29,16.32,True
a409449573af464c9cd6775837c45967,scene-0553,day,truck,vehicle.truck,truck,v80-100,157.1,19.88,18.4,0.0,20.77,20.43,20.6,True
a409449573af464c9cd6775837c45967,scene-0553,day,bus,vehicle.bus.rigid,truck,v80-100,170.5,31.95,28.9,14.44,25.21,24.11,24.44,False
45d02c618f34449bb7587ff6caf120ae,scene-0553,day,bus,vehicle.bus.rigid,bus,v80-100,242.4,16.03,14.73,0.0,17.0,16.89,16.94,True
45d02c618f34449bb7587ff6caf120ae,scene-0553,day,car,vehicle.car,car,v80-100,98.3,23.68,21.56,9.75,22.3,21.93,22.02,False
45d02c618f34449bb7587ff6caf120ae,scene-0553,day,bus,vehicle.bus.rigid,truck,v80-100,168.2,30.99,28.7,11.74,26.28,25.77,25.88,False
45d02c618f34449bb7587ff6caf120ae,scene-0553,day,car,vehicle.car,car,v80-100,30.1,86.86,84.47,16.69,79.64,53.87,59.52,False
45d02c618f34449bb7587ff6caf120ae,scene-0553,day,truck,vehicle.truck,truck,v80-100,158.1,20.89,18.82,4.11,21.1,20.77,20.95,False
3fb6c2eacb2e4361bb5d5aa092c4ff8f,scene-0553,day,bus,vehicle.bus.rigid,bus,v80-100,247.5,16.87,14.77,2.28,16.91,16.61,16.79,False
3fb6c2eacb2e4361bb5d5aa092c4ff8f,scene-0553,day,car,vehicle.car,car,v80-100,99.6,21.36,19.57,4.96,22.13,21.81,21.92,False
3fb6c2eacb2e4361bb5d5aa092c4ff8f,scene-0553,day,car,vehicle.car,car,v80-100,35.5,51.93,49.56,5.95,54.15,53.12,53.54,False
3fb6c2eacb2e4361bb5d5aa092c4ff8f,scene-0553,day,car,vehicle.car,car,v80-100,32.0,81.98,79.57,15.93,71.96,60.15,62.37,False
3fb6c2eacb2e4361bb5d5aa092c4ff8f,scene-0553,day,bus,vehicle.bus.rigid,bus,v80-100,164.2,30.71,29.28,9.33,29.25,28.28,28.48,False
c8fc91d460cb4ef39117982e0a20804d,scene-0553,day,car,vehicle.car,car,v80-100,101.1,19.92,18.62,0.07,22.11,21.86,21.96,True
c8fc91d460cb4ef39117982e0a20804d,scene-0553,day,bus,vehicle.bus.rigid,truck,v80-100,249.1,19.02,16.03,7.08,17.41,16.78,17.27,False
c8fc91d460cb4ef39117982e0a20804d,scene-0553,day,bus,vehicle.bus.rigid,bus,v80-100,159.0,31.04,29.21,7.34,30.47,28.7,29.3,False
c8fc91d460cb4ef39117982e0a20804d,scene-0553,day,pedestrian,human.pedestrian.adult,person,v80-100,244.0,9.88,9.4,4.92,9.21,8.9,8.98,False
23e08a928077488685ab3138f3e4164f,scene-0553,day,car,vehicle.car,car,v80-100,102.3,19.59,18.57,0.0,21.68,21.5,21.57,True
23e08a928077488685ab3138f3e4164f,scene-0553,day,bus,vehicle.bus.rigid,bus,v80-100,150.6,32.03,29.28,5.65,30.51,27.83,28.9,False
23e08a928077488685ab3138f3e4164f,scene-0553,day,car,vehicle.car,car,v80-100,31.7,57.93,55.55,6.62,63.07,61.21,61.54,False
23e08a928077488685ab3138f3e4164f,scene-0553,day,pedestrian,human.pedestrian.adult,person,v80-100,354.6,7.83,7.33,3.91,6.99,6.84,6.92,False
23e08a928077488685ab3138f3e4164f,scene-0553,day,pedestrian,human.pedestrian.adult,person,v80-100,244.5,9.62,9.15,4.44,8.61,8.25,8.42,False
f8ec648a57f24d988bd07305abf8b77f,scene-0553,day,car,vehicle.car,car,v80-100,103.7,20.16,18.72,3.44,21.47,21.28,21.36,False
f8ec648a57f24d988bd07305abf8b77f,scene-0553,day,bus,vehicle.bus.rigid,truck,v80-100,141.4,33.59,29.85,4.22,31.41,28.84,29.65,False
f8ec648a57f24d988bd07305abf8b77f,scene-0553,day,pedestrian,human.pedestrian.adult,person,v80-100,296.0,8.51,8.01,4.06,7.51,7.36,7.42,False
f8ec648a57f24d988bd07305abf8b77f,scene-0553,day,pedestrian,human.pedestrian.adult,person,v80-100,247.2,9.32,8.85,3.98,7.21,7.07,7.13,False
36287d40e88a4ac9bb64cf4e8c166d1f,scene-0553,day,car,vehicle.car,car,v80-100,105.5,20.68,19.04,3.13,21.93,21.6,21.73,False
36287d40e88a4ac9bb64cf4e8c166d1f,scene-0553,day,car,vehicle.car,car,v80-100,105.0,21.67,19.71,7.87,22.06,21.52,21.78,False
36287d40e88a4ac9bb64cf4e8c166d1f,scene-0553,day,bus,vehicle.bus.rigid,bus,v80-100,131.4,35.66,31.23,3.33,34.11,30.58,31.91,False
36287d40e88a4ac9bb64cf4e8c166d1f,scene-0553,day,pedestrian,human.pedestrian.adult,person,v80-100,297.8,8.07,7.59,3.25,7.83,7.71,7.76,False
29cfc6babdba4e7ebad782f6d551033f,scene-0553,day,car,vehicle.car,car,v80-100,106.5,19.78,18.62,0.0,21.55,21.37,21.42,True
29cfc6babdba4e7ebad782f6d551033f,scene-0553,day,bus,vehicle.bus.rigid,truck,v80-100,120.9,38.24,33.37,3.09,35.36,34.68,34.85,False
29cfc6babdba4e7ebad782f6d551033f,scene-0553,day,pedestrian,human.pedestrian.adult,person,v80-100,251.0,8.73,8.27,2.75,7.83,7.71,7.77,False
5479effa00bf4d01b96e1ec77065c977,scene-0553,day,car,vehicle.car,car,v80-100,107.3,19.97,18.74,1.59,22.31,22.17,22.23,False
5479effa00bf4d01b96e1ec77065c977,scene-0553,day,pedestrian,human.pedestrian.adult,person,v80-100,302.9,10.15,9.47,5.17,8.8,8.57,8.68,False
5479effa00bf4d01b96e1ec77065c977,scene-0553,day,pedestrian,human.pedestrian.adult,person,v80-100,304.6,7.3,6.88,1.55,7.89,7.5,7.68,False
5479effa00bf4d01b96e1ec77065c977,scene-0553,day,pedestrian,human.pedestrian.adult,person,v80-100,252.9,8.53,8.08,2.28,8.37,8.18,8.26,False
5479effa00bf4d01b96e1ec77065c977,scene-0553,day,pedestrian,human.pedestrian.adult,person,v80-100,370.5,6.45,6.0,0.93,6.89,6.77,6.81,True
836281904290463cafe2059d05d2b474,scene-0553,day,car,vehicle.car,car,v80-100,109.1,21.02,19.32,6.03,21.23,20.95,21.14,False
836281904290463cafe2059d05d2b474,scene-0553,day,pedestrian,human.pedestrian.adult,person,v80-100,305.3,9.73,9.05,4.49,8.82,8.59,8.68,False
836281904290463cafe2059d05d2b474,scene-0553,day,pedestrian,human.pedestrian.adult,person,v80-100,371.5,6.34,5.92,0.31,6.76,6.66,6.71,True
defde01fa5594f18b24be8fe68e6f2c4,scene-0553,day,car,vehicle.car,car,v80-100,109.8,22.96,20.91,10.27,23.17,22.72,22.9,False
defde01fa5594f18b24be8fe68e6f2c4,scene-0553,day,car,vehicle.car,car,v80-100,52.2,51.57,49.09,11.53,53.33,51.54,51.95,False
defde01fa5594f18b24be8fe68e6f2c4,scene-0553,day,bus,vehicle.bus.rigid,truck,v80-100,93.0,47.91,43.1,3.25,45.83,45.01,45.42,False
defde01fa5594f18b24be8fe68e6f2c4,scene-0553,day,car,vehicle.car,car,v80-100,96.7,22.26,20.32,6.37,22.15,21.5,21.8,False
defde01fa5594f18b24be8fe68e6f2c4,scene-0553,day,pedestrian,human.pedestrian.adult,person,v80-100,375.5,6.24,5.86,0.0,6.91,6.8,6.85,True
defde01fa5594f18b24be8fe68e6f2c4,scene-0553,day,pedestrian,human.pedestrian.adult,person,v80-100,257.0,8.12,7.7,1.13,8.64,8.44,8.49,True
defde01fa5594f18b24be8fe68e6f2c4,scene-0553,day,pedestrian,human.pedestrian.adult,person,v80-100,307.8,9.35,8.68,3.81,8.9,8.77,8.81,False
6e8383a5f5ba4334b4cb40e0663acdaa,scene-0553,day,car,vehicle.car,car,v80-100,98.9,20.31,18.87,0.9,21.26,21.09,21.16,True
6e8383a5f5ba4334b4cb40e0663acdaa,scene-0553,day,pedestrian,human.pedestrian.adult,person,v80-100,379.7,6.21,5.85,0.1,6.68,6.45,6.55,True
6e8383a5f5ba4334b4cb40e0663acdaa,scene-0553,day,pedestrian,human.pedestrian.adult,person,v80-100,259.9,7.95,7.55,0.56,8.3,8.19,8.25,True
6e8383a5f5ba4334b4cb40e0663acdaa,scene-0553,day,car,vehicle.car,car,v80-100,53.6,50.32,47.84,11.35,61.81,56.32,59.06,False
6e8383a5f5ba4334b4cb40e0663acdaa,scene-0553,day,pedestrian,human.pedestrian.adult,person,v80-100,283.5,9.54,8.95,4.91,8.29,8.1,8.17,False
7b90568403b64fba883c052427b76f24,scene-0553,day,car,vehicle.car,car,v80-100,55.1,49.08,46.59,11.17,48.24,46.18,46.61,False
7b90568403b64fba883c052427b76f24,scene-0553,day,pedestrian,human.pedestrian.adult,person,v80-100,384.0,6.23,5.86,0.71,6.71,6.54,6.61,True
7b90568403b64fba883c052427b76f24,scene-0553,day,bus,vehicle.bus.rigid,truck,v80-100,78.7,55.72,50.9,3.9,46.94,46.29,46.52,False
7b90568403b64fba883c052427b76f24,scene-0553,day,pedestrian,human.pedestrian.adult,person,v80-100,286.2,9.15,8.57,4.31,7.98,7.78,7.84,False
7b90568403b64fba883c052427b76f24,scene-0553,day,car,vehicle.car,car,v80-100,100.9,19.74,18.68,0.0,21.55,21.15,21.4,True
7b90568403b64fba883c052427b76f24,scene-0553,day,pedestrian,human.pedestrian.adult,person,v80-100,261.8,7.85,7.47,0.07,8.16,8.05,8.11,True
be0d41d37aac4b3c9771e1bafe72ff41,scene-0553,day,pedestrian,human.pedestrian.adult,person,v80-100,346.6,7.47,6.94,3.48,6.83,6.66,6.72,False
be0d41d37aac4b3c9771e1bafe72ff41,scene-0553,day,pedestrian,human.pedestrian.adult,person,v80-100,389.1,6.33,5.91,1.4,6.54,6.38,6.45,False
be0d41d37aac4b3c9771e1bafe72ff41,scene-0553,day,bus,vehicle.bus.rigid,truck,v80-100,72.8,59.81,55.0,4.05,50.94,50.38,50.52,False
be0d41d37aac4b3c9771e1bafe72ff41,scene-0553,day,car,vehicle.car,car,v80-100,102.9,20.41,18.88,4.23,21.6,21.23,21.44,False
be0d41d37aac4b3c9771e1bafe72ff41,scene-0553,day,pedestrian,human.pedestrian.adult,person,v80-100,267.1,7.7,7.34,0.0,8.19,8.0,8.07,True
be0d41d37aac4b3c9771e1bafe72ff41,scene-0553,day,car,vehicle.car,car,v80-100,55.1,49.09,46.6,11.18,45.67,43.61,44.28,False
c218bb82f11c47bc864e72a3e26db2c9,scene-0553,day,car,vehicle.car,car,v80-100,104.6,21.79,19.88,8.25,22.52,21.61,22.09,False
c218bb82f11c47bc864e72a3e26db2c9,scene-0553,day,pedestrian,human.pedestrian.adult,person,v80-100,269.3,7.66,7.33,0.07,8.41,8.19,8.31,True
c218bb82f11c47bc864e72a3e26db2c9,scene-0553,day,pedestrian,human.pedestrian.adult,person,v80-100,393.6,6.48,6.03,2.02,6.55,6.35,6.42,False
c218bb82f11c47bc864e72a3e26db2c9,scene-0553,day,bus,vehicle.bus.rigid,truck,v80-100,68.0,63.69,58.87,4.39,57.52,56.97,57.13,False
c218bb82f11c47bc864e72a3e26db2c9,scene-0553,day,car,vehicle.car,car,v80-100,40.6,58.88,56.38,15.68,53.67,51.84,52.62,False
c218bb82f11c47bc864e72a3e26db2c9,scene-0553,day,car,vehicle.car,car,v80-100,55.2,48.99,46.5,11.17,49.04,47.56,47.81,False
c218bb82f11c47bc864e72a3e26db2c9,scene-0553,day,pedestrian,human.pedestrian.adult,person,v80-100,315.7,8.32,7.71,1.34,8.83,8.69,8.73,False
c218bb82f11c47bc864e72a3e26db2c9,scene-0553,day,car,vehicle.car,car,v80-100,112.5,24.12,21.78,12.16,22.58,21.88,22.16,False
c218bb82f11c47bc864e72a3e26db2c9,scene-0553,day,pedestrian,human.pedestrian.adult,person,v80-100,347.4,7.19,6.68,2.94,6.93,6.76,6.81,False
706bc4ecedb1483485dd25b2cdb79b1e,scene-0553,day,pedestrian,human.pedestrian.adult,person,v80-100,398.9,6.71,6.24,2.7,6.25,6.12,6.16,False
706bc4ecedb1483485dd25b2cdb79b1e,scene-0553,day,pedestrian,human.pedestrian.adult,person,v80-100,271.5,7.68,7.36,0.63,8.34,8.09,8.21,True
706bc4ecedb1483485dd25b2cdb79b1e,scene-0553,day,car,vehicle.car,car,v80-100,114.0,21.05,19.01,6.87,20.02,19.79,19.91,False
706bc4ecedb1483485dd25b2cdb79b1e,scene-0553,day,car,vehicle.car,car,v80-100,55.4,48.86,46.37,11.15,51.59,49.11,49.54,False
706bc4ecedb1483485dd25b2cdb79b1e,scene-0553,day,car,vehicle.car,car,v80-100,42.9,56.01,53.5,15.27,52.72,51.68,51.93,False
706bc4ecedb1483485dd25b2cdb79b1e,scene-0553,day,pedestrian,human.pedestrian.adult,person,v80-100,317.7,8.14,7.56,0.61,8.78,8.54,8.64,True
706bc4ecedb1483485dd25b2cdb79b1e,scene-0553,day,pedestrian,human.pedestrian.adult,person,v80-100,304.2,7.92,7.37,2.44,6.78,6.68,6.72,False
63f667397e55468ea55cec6ca099d5e8,scene-0553,day,pedestrian,human.pedestrian.adult,person,v80-100,274.2,7.72,7.4,1.18,8.25,8.06,8.16,True
63f667397e55468ea55cec6ca099d5e8,scene-0553,day,pedestrian,human.pedestrian.adult,person,v80-100,318.7,8.06,7.51,0.04,8.6,8.47,8.5,True
63f667397e55468ea55cec6ca099d5e8,scene-0553,day,pedestrian,human.pedestrian.adult,person,v80-100,404.1,7.0,6.51,3.39,7.41,6.72,7.06,False
63f667397e55468ea55cec6ca099d5e8,scene-0553,day,pedestrian,human.pedestrian.adult,person,v80-100,303.0,8.54,8.06,3.67,7.92,7.73,7.82,False
63f667397e55468ea55cec6ca099d5e8,scene-0553,day,car,vehicle.car,car,v80-100,115.7,19.17,17.56,2.21,20.58,20.33,20.44,False
5a997f9d82874cc99e166b81c4cda2ad,scene-0553,day,car,vehicle.car,car,v80-100,45.5,53.05,50.54,14.9,49.76,47.98,48.33,False
5a997f9d82874cc99e166b81c4cda2ad,scene-0553,day,pedestrian,human.pedestrian.adult,person,v80-100,277.1,7.8,7.46,1.73,8.22,8.07,8.12,False
5a997f9d82874cc99e166b81c4cda2ad,scene-0553,day,car,vehicle.car,car,v80-100,118.1,18.28,17.23,0.0,20.38,19.95,20.13,True
5a997f9d82874cc99e166b81c4cda2ad,scene-0553,day,pedestrian,human.pedestrian.adult,person,v80-100,301.7,8.17,7.74,2.81,7.97,7.83,7.88,False
b379e0c083e349d9b3eda2b1f817535d,scene-0553,day,car,vehicle.car,car,v80-100,121.3,18.72,17.35,3.15,19.78,19.54,19.63,False
b379e0c083e349d9b3eda2b1f817535d,scene-0553,day,pedestrian,human.pedestrian.adult,person,v80-100,280.7,7.9,7.55,2.28,8.06,7.91,7.95,False
b379e0c083e349d9b3eda2b1f817535d,scene-0553,day,car,vehicle.car,car,v80-100,55.4,48.87,46.38,11.19,48.53,46.16,46.78,False
b379e0c083e349d9b3eda2b1f817535d,scene-0553,day,pedestrian,human.pedestrian.adult,person,v80-100,299.3,7.94,7.57,1.93,8.08,7.93,7.99,False
b379e0c083e349d9b3eda2b1f817535d,scene-0553,day,pedestrian,human.pedestrian.adult,person,v80-100,351.3,6.39,5.95,0.58,6.83,6.75,6.77,True
b379e0c083e349d9b3eda2b1f817535d,scene-0553,day,pedestrian,human.pedestrian.adult,person,v80-100,309.6,7.3,6.82,0.29,7.8,7.34,7.6,True
b71a3ed2e4cc4c3b9add0925bcefe743,scene-0553,day,car,vehicle.car,car,v80-100,46.3,52.27,49.76,14.79,50.89,48.65,49.26,False
b71a3ed2e4cc4c3b9add0925bcefe743,scene-0553,day,pedestrian,human.pedestrian.adult,person,v80-100,295.1,7.85,7.55,0.97,8.42,8.23,8.32,True
b71a3ed2e4cc4c3b9add0925bcefe743,scene-0553,day,car,vehicle.car,car,v80-100,55.4,48.87,46.38,11.19,48.72,47.33,47.65,False
b71a3ed2e4cc4c3b9add0925bcefe743,scene-0553,day,pedestrian,human.pedestrian.adult,person,v80-100,285.4,8.04,7.67,2.88,8.35,8.22,8.27,False
b71a3ed2e4cc4c3b9add0925bcefe743,scene-0553,day,car,vehicle.car,car,v80-100,124.6,20.72,18.7,8.79,20.75,20.33,20.46,False
b71a3ed2e4cc4c3b9add0925bcefe743,scene-0553,day,pedestrian,human.pedestrian.adult,person,v80-100,320.1,8.05,7.57,0.12,8.68,8.59,8.63,True
b71a3ed2e4cc4c3b9add0925bcefe743,scene-0553,day,pedestrian,human.pedestrian.adult,person,v80-100,344.2,6.43,6.04,0.0,7.12,6.98,7.03,True
8b448769529640509f5481de4976963e,scene-0553,day,pedestrian,human.pedestrian.adult,person,v80-100,337.7,6.53,6.18,0.0,7.2,7.12,7.15,True
8b448769529640509f5481de4976963e,scene-0553,day,car,vehicle.car,car,v80-100,46.6,51.94,49.42,14.74,52.47,50.31,50.99,False
8b448769529640509f5481de4976963e,scene-0553,day,car,vehicle.car,car,v80-100,55.4,48.87,46.38,11.18,51.56,49.68,50.06,False
8b448769529640509f5481de4976963e,scene-0553,day,pedestrian,human.pedestrian.adult,person,v80-100,289.8,8.17,7.79,3.36,8.3,8.11,8.18,False
8b448769529640509f5481de4976963e,scene-0553,day,pedestrian,human.pedestrian.adult,person,v80-100,290.8,7.89,7.59,0.33,8.43,8.28,8.34,True
8b448769529640509f5481de4976963e,scene-0553,day,pedestrian,human.pedestrian.adult,person,v80-100,323.4,8.08,7.6,0.85,8.54,8.43,8.46,True
549a0000f3a545239b5c6142fab2d9f2,scene-0553,day,car,vehicle.car,car,v80-100,46.5,52.06,49.54,14.77,51.8,49.68,50.28,False
549a0000f3a545239b5c6142fab2d9f2,scene-0553,day,car,vehicle.car,car,v80-100,55.4,48.87,46.38,11.19,50.2,48.61,48.9,False
549a0000f3a545239b5c6142fab2d9f2,scene-0553,day,pedestrian,human.pedestrian.adult,person,v80-100,339.9,6.53,6.17,0.2,7.22,7.06,7.11,True
549a0000f3a545239b5c6142fab2d9f2,scene-0553,day,bus,vehicle.bus.rigid,truck,v80-100,42.7,98.58,93.76,7.85,78.02,76.73,77.16,False
549a0000f3a545239b5c6142fab2d9f2,scene-0553,day,pedestrian,human.pedestrian.adult,person,v80-100,286.1,7.98,7.63,0.0,8.59,8.44,8.47,True
549a0000f3a545239b5c6142fab2d9f2,scene-0553,day,pedestrian,human.pedestrian.adult,person,v80-100,339.5,7.86,7.34,1.36,8.35,8.16,8.24,False
549a0000f3a545239b5c6142fab2d9f2,scene-0553,day,pedestrian,human.pedestrian.adult,person,v80-100,295.6,8.34,7.94,3.9,8.42,8.27,8.31,False
28e5177a5fc44a4aa8e813306e614927,scene-0553,day,car,vehicle.car,car,v80-100,46.4,52.18,49.67,14.8,51.14,49.22,49.69,False
28e5177a5fc44a4aa8e813306e614927,scene-0553,day,car,vehicle.car,car,v80-100,55.4,48.87,46.38,11.19,50.41,48.6,48.96,False
28e5177a5fc44a4aa8e813306e614927,scene-0553,day,bus,vehicle.bus.rigid,truck,v80-100,40.4,104.04,99.21,8.34,79.14,77.94,78.47,False
28e5177a5fc44a4aa8e813306e614927,scene-0553,day,pedestrian,human.pedestrian.adult,person,v80-100,279.2,8.21,7.82,0.26,8.82,8.66,8.7,True
28e5177a5fc44a4aa8e813306e614927,scene-0553,day,pedestrian,human.pedestrian.adult,person,v80-100,342.1,6.57,6.18,0.74,7.13,7.03,7.05,True
358ec472650f42d4b6c27686ee2e0d39,scene-0553,day,car,vehicle.car,car,v80-100,55.4,48.87,46.38,11.19,49.88,48.09,48.43,False
358ec472650f42d4b6c27686ee2e0d39,scene-0553,day,car,vehicle.car,car,v80-100,46.3,52.31,49.79,14.83,51.48,49.24,49.85,False
358ec472650f42d4b6c27686ee2e0d39,scene-0553,day,bus,vehicle.bus.rigid,car,v80-100,38.3,109.3,104.47,8.84,84.98,81.66,82.69,False
358ec472650f42d4b6c27686ee2e0d39,scene-0553,day,pedestrian,human.pedestrian.adult,person,v80-100,347.6,6.6,6.18,1.26,7.2,7.1,7.12,False
358ec472650f42d4b6c27686ee2e0d39,scene-0553,day,pedestrian,human.pedestrian.adult,person,v80-100,272.7,8.51,8.09,1.03,8.8,8.66,8.71,True
7036599cb4d44e9d98c2cfad3332c4f6,scene-0553,day,car,vehicle.car,car,v80-100,46.3,52.27,49.75,14.83,50.54,48.59,49.13,False
7036599cb4d44e9d98c2cfad3332c4f6,scene-0553,day,car,vehicle.car,car,v80-100,55.4,48.87,46.38,11.19,50.06,48.41,48.77,False
7036599cb4d44e9d98c2cfad3332c4f6,scene-0553,day,bus,vehicle.bus.rigid,car,v80-100,36.5,114.69,109.86,9.35,91.0,87.45,88.42,False
7036599cb4d44e9d98c2cfad3332c4f6,scene-0553,day,pedestrian,human.pedestrian.adult,person,v80-100,266.4,8.87,8.41,1.78,9.25,9.07,9.12,False
7036599cb4d44e9d98c2cfad3332c4f6,scene-0553,day,pedestrian,human.pedestrian.adult,person,v80-100,349.2,6.75,6.3,1.83,6.96,6.83,6.85,False
cd8a6fbb4c0a42138792b0b3515b363b,scene-0553,day,car,vehicle.car,car,v80-100,46.3,52.23,49.71,14.83,50.79,48.8,49.34,False
cd8a6fbb4c0a42138792b0b3515b363b,scene-0553,day,pedestrian,human.pedestrian.adult,person,v80-100,354.2,8.58,7.94,3.86,7.9,7.62,7.76,False
cd8a6fbb4c0a42138792b0b3515b363b,scene-0553,day,car,vehicle.car,car,v80-100,55.4,48.87,46.38,11.18,49.69,48.09,48.42,False
cd8a6fbb4c0a42138792b0b3515b363b,scene-0553,day,pedestrian,human.pedestrian.adult,person,v80-100,350.8,6.94,6.46,2.39,6.89,6.77,6.8,False
cd8a6fbb4c0a42138792b0b3515b363b,scene-0553,day,bus,vehicle.bus.rigid,car,v80-100,35.2,118.65,113.79,9.42,102.02,94.32,95.91,False
0839e821f0794b05a0f0dc6cce034265,scene-0553,day,car,vehicle.car,car,v80-100,46.4,52.19,49.67,14.83,51.59,49.49,50.09,False
0839e821f0794b05a0f0dc6cce034265,scene-0553,day,pedestrian,human.pedestrian.adult,person,v80-100,352.5,7.17,6.67,2.96,7.06,6.91,6.98,False
0839e821f0794b05a0f0dc6cce034265,scene-0553,day,car,vehicle.car,car,v80-100,55.4,48.87,46.38,11.18,51.76,49.85,50.21,False
0839e821f0794b05a0f0dc6cce034265,scene-0553,day,pedestrian,human.pedestrian.adult,person,v80-100,260.8,9.46,8.97,3.09,10.25,10.01,10.07,False
0839e821f0794b05a0f0dc6cce034265,scene-0553,day,bus,vehicle.bus.rigid,car,v80-100,34.0,122.58,117.73,10.04,106.23,99.92,101.36,False
1f9771d7882744aba57113fd8b40e294,scene-0553,day,car,vehicle.car,car,v80-100,46.4,52.15,49.63,14.84,52.07,49.92,50.53,False
1f9771d7882744aba57113fd8b40e294,scene-0553,day,car,vehicle.car,car,v80-100,55.4,48.87,46.38,11.18,50.51,48.9,49.19,False
1f9771d7882744aba57113fd8b40e294,scene-0553,day,pedestrian,human.pedestrian.adult,person,v80-100,354.1,7.43,6.92,3.52,7.1,6.72,6.77,False
1f9771d7882744aba57113fd8b40e294,scene-0553,day,pedestrian,human.pedestrian.adult,person,v80-100,254.8,9.81,9.34,3.64,10.63,10.38,10.49,False
aeae6f7b9b154cae9dfbd64705a4e540,scene-0553,day,car,vehicle.car,car,v80-100,46.5,52.11,49.59,14.84,52.14,49.8,50.52,False
aeae6f7b9b154cae9dfbd64705a4e540,scene-0553,day,car,vehicle.car,car,v80-100,55.4,48.87,46.38,11.18,50.84,49.14,49.47,False
bd0ce9c48550446fa13676c7703a70c1,scene-0553,day,pedestrian,human.pedestrian.adult,person,v80-100,255.2,10.4,9.99,4.74,10.73,10.56,10.63,False
bd0ce9c48550446fa13676c7703a70c1,scene-0553,day,car,vehicle.car,car,v80-100,46.5,52.07,49.55,14.84,52.31,50.11,50.71,False
bd0ce9c48550446fa13676c7703a70c1,scene-0553,day,car,vehicle.car,car,v80-100,55.4,48.87,46.38,11.18,51.75,50.05,50.42,False
b04ad7e3c86d47fc98dba25595b2327e,scene-0757,day,truck,vehicle.construction,truck,v80-100,259.4,14.97,12.62,4.03,11.54,6.69,9.43,False
9ce08dbf60bb4b22a952e11f56504292,scene-0757,day,truck,vehicle.construction,truck,v80-100,329.1,12.59,10.18,3.67,9.72,8.75,9.22,False
f921ab741862402aa867b4cd7ceb3d40,scene-0757,day,truck,vehicle.construction,truck,v80-100,452.4,10.28,7.82,3.44,9.08,8.18,8.4,False
5e862f5aad0444f199824efc78edfff0,scene-0757,day,car,vehicle.car,car,v80-100,68.3,38.55,36.34,2.5,39.03,38.24,38.66,False
85640ff86e61419993ae9a3f9ac456eb,scene-0757,day,bus,vehicle.bus.rigid,bus,v80-100,156.3,36.32,34.62,8.35,13.91,6.78,7.57,False
85640ff86e61419993ae9a3f9ac456eb,scene-0757,day,car,vehicle.car,car,v80-100,73.8,35.67,33.56,0.69,35.57,34.6,35.01,True
bf4b00d2af9344c3b3f444206f75cf14,scene-0757,day,car,vehicle.car,car,v80-100,80.9,32.65,30.62,0.0,32.19,31.26,31.61,True
bf4b00d2af9344c3b3f444206f75cf14,scene-0757,day,bus,vehicle.bus.rigid,bus,v80-100,164.0,34.24,32.61,6.46,29.23,11.04,12.38,False
5cfd339fb1cc4c84881d9bf2a48e1f46,scene-0757,day,bus,vehicle.bus.rigid,bus,v80-100,175.0,32.1,30.56,3.81,28.64,10.05,12.68,False
5cfd339fb1cc4c84881d9bf2a48e1f46,scene-0757,day,car,vehicle.car,car,v80-100,92.2,29.42,27.66,0.0,28.45,27.82,28.01,True
b732ab7ce371484b93ba0c2d2b2f9ae7,scene-0757,day,car,vehicle.car,car,v80-100,100.5,26.72,25.3,0.24,25.51,25.04,25.19,True
b732ab7ce371484b93ba0c2d2b2f9ae7,scene-0757,day,bus,vehicle.bus.rigid,bus,v80-100,177.8,30.26,28.67,0.86,27.41,10.73,26.54,True
b4f9181a80034d22972433e4d1dd9f9e,scene-0757,day,car,vehicle.car,car,v80-100,112.1,24.72,23.55,3.18,23.54,23.12,23.25,False
b4f9181a80034d22972433e4d1dd9f9e,scene-0757,day,bus,vehicle.bus.rigid,bus,v80-100,185.9,28.78,26.91,0.0,27.14,25.59,26.04,True
b7b3ad2c218c4192ab958334ea15303f,scene-0757,day,bus,vehicle.bus.rigid,bus,v80-100,192.9,27.97,25.34,0.0,26.7,24.83,25.51,True
b7b3ad2c218c4192ab958334ea15303f,scene-0757,day,car,vehicle.car,car,v80-100,127.3,23.43,21.91,6.79,21.03,20.59,20.74,False
b7b3ad2c218c4192ab958334ea15303f,scene-0757,day,car,vehicle.car,car,v60-80,80.5,29.28,26.94,8.68,27.01,25.55,26.69,False
c33b84588ead4a609f195d2c4fb56801,scene-0757,day,car,vehicle.car,car,v80-100,88.5,26.07,23.81,6.03,24.3,23.76,24.08,False
c33b84588ead4a609f195d2c4fb56801,scene-0757,day,bus,vehicle.bus.rigid,bus,v80-100,201.8,27.44,23.58,0.0,25.43,23.19,24.01,True
c33b84588ead4a609f195d2c4fb56801,scene-0757,day,car,vehicle.car,car,v60-80,145.9,23.15,21.18,10.41,18.99,17.73,18.23,False
f331f492972540ab8e843d484ac6919e,scene-0757,day,car,vehicle.car,car,v80-100,99.1,23.14,21.0,3.33,21.96,21.21,21.57,False
f331f492972540ab8e843d484ac6919e,scene-0757,day,bus,vehicle.bus.rigid,bus,v80-100,207.6,27.33,22.4,0.0,24.85,22.48,23.14,True
6830e208ec3b444f878c8f5c11135dc6,scene-0757,day,car,vehicle.car,car,v80-100,110.4,20.55,18.58,0.58,19.28,18.57,18.85,True
6830e208ec3b444f878c8f5c11135dc6,scene-0757,day,bus,vehicle.bus.rigid,bus,v80-100,207.1,27.99,22.06,0.0,23.99,22.27,22.74,True
35480f511677406fa35386f153291792,scene-0757,day,car,vehicle.car,car,v80-100,124.8,18.35,16.79,0.0,17.36,16.77,16.98,True
35480f511677406fa35386f153291792,scene-0757,day,bus,vehicle.bus.rigid,bus,v80-100,203.2,28.86,22.3,0.0,25.39,23.95,24.33,True
35480f511677406fa35386f153291792,scene-0757,day,car,vehicle.car,car,v80-100,113.2,23.18,21.48,9.88,18.72,18.41,18.51,False
f1680ea9126e468ca407f7284efc980c,scene-0757,day,car,vehicle.car,car,v80-100,116.5,21.72,20.22,7.23,18.75,18.06,18.35,False
f1680ea9126e468ca407f7284efc980c,scene-0757,day,car,vehicle.car,car,v80-100,141.8,16.86,15.79,0.0,15.8,15.28,15.5,True
f1680ea9126e468ca407f7284efc980c,scene-0757,day,bus,vehicle.bus.rigid,bus,v80-100,195.2,30.14,23.23,0.0,25.27,24.32,24.5,True
731b03604b4849f0aa646d0b46571451,scene-0757,day,car,vehicle.car,car,v80-100,160.2,16.37,15.04,3.37,14.35,14.02,14.11,False
731b03604b4849f0aa646d0b46571451,scene-0757,day,bus,vehicle.bus.rigid,bus,v80-100,188.4,31.67,24.63,0.0,26.78,26.44,26.55,True
19f4244aa37b42a49a005b8ea6d53953,scene-0757,day,car,vehicle.car,car,v80-100,117.5,19.96,18.74,0.23,19.39,18.76,18.97,True
19f4244aa37b42a49a005b8ea6d53953,scene-0757,day,bus,vehicle.bus.rigid,bus,v80-100,178.2,33.43,26.46,1.21,29.17,28.96,29.06,False
19f4244aa37b42a49a005b8ea6d53953,scene-0757,day,car,vehicle.car,car,v80-100,175.1,17.08,15.22,7.0,13.86,13.54,13.63,False
e30d5ecf0fd6418089112b4e4811737c,scene-0757,day,car,vehicle.car,car,v80-100,115.6,20.19,18.58,0.0,19.06,18.56,18.75,True
e30d5ecf0fd6418089112b4e4811737c,scene-0757,day,bus,vehicle.bus.rigid,bus,v80-100,163.7,35.99,29.11,2.24,31.03,30.66,30.94,False
3cd43f6baa4e444999eef6cb1c89416a,scene-0757,day,car,vehicle.car,car,v80-100,111.4,21.33,19.34,1.55,19.9,19.49,19.63,False
3cd43f6baa4e444999eef6cb1c89416a,scene-0757,day,bus,vehicle.bus.rigid,bus,v80-100,149.9,38.71,31.83,2.99,40.92,39.88,40.33,False
3cd43f6baa4e444999eef6cb1c89416a,scene-0757,day,truck,vehicle.truck,car,v80-100,224.6,21.11,18.75,8.49,16.38,16.07,16.24,False
76542abab799469cbfb7b293c83192aa,scene-0757,day,truck,vehicle.truck,truck,v80-100,214.6,19.98,18.11,5.24,16.95,16.75,16.8,False
76542abab799469cbfb7b293c83192aa,scene-0757,day,car,vehicle.car,car,v80-100,182.3,21.86,18.99,9.29,16.81,16.37,16.5,False
76542abab799469cbfb7b293c83192aa,scene-0757,day,bus,vehicle.bus.rigid,bus,v80-100,136.5,41.81,34.92,3.28,36.53,36.1,36.28,False
76542abab799469cbfb7b293c83192aa,scene-0757,day,car,vehicle.car,car,v80-100,107.0,23.08,20.81,5.1,21.06,20.59,20.74,False
0a7aef80edbc4854bcd781a3becb943c,scene-0757,day,car,vehicle.car,truck,v80-100,191.2,19.33,16.67,5.54,15.66,15.26,15.41,False
0a7aef80edbc4854bcd781a3becb943c,scene-0757,day,truck,vehicle.truck,truck,v80-100,204.8,19.41,18.04,1.97,17.37,16.98,17.13,False
0a7aef80edbc4854bcd781a3becb943c,scene-0757,day,bus,vehicle.bus.rigid,bus,v80-100,123.9,45.35,38.46,3.67,41.32,40.73,41.01,False
deb67484315f4ba8b56ea8f03ef3d444,scene-0757,day,car,vehicle.car,truck,v80-100,201.1,17.29,15.01,1.78,15.39,15.03,15.2,False
deb67484315f4ba8b56ea8f03ef3d444,scene-0757,day,truck,vehicle.truck,truck,v80-100,196.0,19.34,17.99,0.0,17.94,17.42,17.63,True
deb67484315f4ba8b56ea8f03ef3d444,scene-0757,day,bus,vehicle.bus.rigid,bus,v80-100,113.4,48.87,41.98,4.06,41.57,40.72,41.12,False
deb67484315f4ba8b56ea8f03ef3d444,scene-0757,day,car,vehicle.car,car,v80-100,98.9,27.93,25.36,12.41,24.14,23.71,23.88,False
73fffafd944c4c42a32cfcaeeafc4944,scene-0757,day,car,vehicle.car,truck,v80-100,212.1,15.93,14.22,0.0,14.23,13.8,13.98,True
f225d67c5e1e4f2e8f86fd9b7d2cb9e1,scene-0757,day,car,vehicle.car,truck,v80-100,224.2,15.43,14.19,0.0,13.76,13.38,13.54,True
f225d67c5e1e4f2e8f86fd9b7d2cb9e1,scene-0757,day,truck,vehicle.truck,truck,v80-100,181.0,21.12,18.68,0.92,19.74,19.21,19.4,True
f225d67c5e1e4f2e8f86fd9b7d2cb9e1,scene-0757,day,car,vehicle.car,car,v80-100,173.1,20.38,18.79,8.74,16.2,15.92,16.0,False
d507acb08ec94f00b54bd650bb4b1c52,scene-0757,day,car,vehicle.car,truck,v80-100,237.1,15.91,14.26,3.57,13.29,13.07,13.17,False
d507acb08ec94f00b54bd650bb4b1c52,scene-0757,day,truck,vehicle.truck,truck,v80-100,172.5,22.98,20.07,4.5,20.63,20.06,20.25,False
d507acb08ec94f00b54bd650bb4b1c52,scene-0757,day,bus,vehicle.bus.rigid,bus,v80-100,88.4,60.67,53.81,5.26,55.1,54.16,54.51,False
d507acb08ec94f00b54bd650bb4b1c52,scene-0757,day,car,vehicle.car,car,v80-100,126.6,22.21,19.96,10.26,18.02,17.59,17.67,False
17b8884e21844ad9bf5df19a141a1156,scene-0757,day,car,vehicle.car,car,v80-100,155.5,19.11,18.17,1.34,18.2,17.63,17.81,False
17b8884e21844ad9bf5df19a141a1156,scene-0757,day,car,vehicle.car,car,v80-100,133.0,19.6,17.49,6.62,16.98,16.47,16.72,False
17b8884e21844ad9bf5df19a141a1156,scene-0757,day,bus,vehicle.bus.rigid,bus,v80-100,81.6,65.15,58.29,5.72,58.26,57.24,57.57,False
17b8884e21844ad9bf5df19a141a1156,scene-0757,day,car,vehicle.car,bus,v80-100,251.7,17.28,15.07,7.39,13.89,13.47,13.58,False
eeed80879b3d4580804a0da6bf9c84e2,scene-0757,day,truck,vehicle.truck,truck,v80-100,156.3,27.96,24.49,11.8,23.63,23.22,23.38,False
eeed80879b3d4580804a0da6bf9c84e2,scene-0757,day,car,vehicle.car,car,v80-100,148.0,19.58,18.32,0.0,18.46,17.88,18.06,True
eeed80879b3d4580804a0da6bf9c84e2,scene-0757,day,car,vehicle.car,car,v80-100,140.3,17.32,15.52,2.7,15.71,15.33,15.48,False
eeed80879b3d4580804a0da6bf9c84e2,scene-0757,day,bus,vehicle.bus.rigid,bus,v80-100,76.1,69.36,62.5,6.22,60.8,59.09,59.68,False
881817a81bab4d8488464ac42db89f5f,scene-0757,day,car,vehicle.car,car,v80-100,146.5,15.94,14.55,0.0,15.1,14.79,14.9,True
881817a81bab4d8488464ac42db89f5f,scene-0757,day,car,vehicle.car,car,v80-100,128.5,19.94,18.44,6.98,17.07,16.64,16.83,False
881817a81bab4d8488464ac42db89f5f,scene-0757,day,car,vehicle.car,car,v80-100,141.8,20.66,19.07,0.99,20.63,20.08,20.21,True
7b6c123b090340358e642a70c6fda96d,scene-0757,day,car,vehicle.car,car,v80-100,153.2,15.38,14.41,0.05,14.4,14.1,14.19,True
7b6c123b090340358e642a70c6fda96d,scene-0757,day,bus,vehicle.bus.rigid,bus,v80-100,66.3,78.61,71.74,7.34,72.53,70.3,71.23,False
7b6c123b090340358e642a70c6fda96d,scene-0757,day,car,vehicle.car,car,v80-100,136.1,22.28,20.39,4.5,20.76,20.39,20.52,False
7b6c123b090340358e642a70c6fda96d,scene-0757,day,car,vehicle.car,car,v80-100,123.3,19.19,18.11,3.24,18.1,17.74,17.85,False
fc4cba53bd2c4923b17da19b2e6e44fa,scene-0757,day,car,vehicle.car,car,v80-100,160.9,15.71,14.43,3.73,13.95,13.7,13.79,False
fc4cba53bd2c4923b17da19b2e6e44fa,scene-0757,day,car,vehicle.car,car,v80-100,118.2,19.19,18.11,0.0,18.79,18.22,18.41,True
fc4cba53bd2c4923b17da19b2e6e44fa,scene-0757,day,car,vehicle.car,car,v80-100,139.6,18.36,16.33,6.25,16.24,15.85,16.01,False
fc4cba53bd2c4923b17da19b2e6e44fa,scene-0757,day,bus,vehicle.bus.rigid,bus,v80-100,62.1,83.48,76.6,8.08,72.82,71.15,71.77,False
e26810c28df44cefa069778865bd832c,scene-0757,day,car,vehicle.car,car,v80-100,144.7,16.27,14.57,2.19,15.08,14.8,14.89,False
e26810c28df44cefa069778865bd832c,scene-0757,day,bus,vehicle.bus.rigid,truck,v80-100,58.4,88.34,81.47,8.84,70.3,65.17,67.29,False
e26810c28df44cefa069778865bd832c,scene-0757,day,car,vehicle.car,car,v80-100,113.4,19.94,18.44,0.0,19.21,18.88,18.99,True
e26810c28df44cefa069778865bd832c,scene-0757,day,car,vehicle.car,car,v80-100,170.3,16.92,15.22,7.47,13.62,13.23,13.34,False
df1863e3fe614f288a9974d619343050,scene-0757,day,car,vehicle.car,car,v80-100,150.1,15.03,13.84,0.0,13.97,13.52,13.67,True
df1863e3fe614f288a9974d619343050,scene-0757,day,car,vehicle.car,car,v80-100,136.9,19.71,18.25,6.01,16.58,16.07,16.28,False
df1863e3fe614f288a9974d619343050,scene-0757,day,car,vehicle.car,car,v80-100,109.0,21.34,19.49,2.89,20.51,19.91,20.09,False
df1863e3fe614f288a9974d619343050,scene-0757,day,bus,vehicle.bus.rigid,truck,v80-100,54.9,93.42,86.51,9.53,84.36,79.3,81.62,False
9b6ce88572b947b3b8e141c8bfe96f5b,scene-0757,day,car,vehicle.car,car,v80-100,156.1,14.85,13.89,1.03,13.72,13.4,13.52,True
9b6ce88572b947b3b8e141c8bfe96f5b,scene-0757,day,car,vehicle.car,car,v80-100,105.0,23.26,21.16,6.55,21.49,21.09,21.19,False
9b6ce88572b947b3b8e141c8bfe96f5b,scene-0757,day,bus,vehicle.bus.rigid,truck,v80-100,51.9,98.49,91.56,10.32,87.04,82.54,84.34,False
beea8d83b337481799c36c6561ec3de6,scene-0757,day,car,vehicle.car,car,v80-100,163.3,15.67,14.19,4.91,12.81,12.57,12.68,False
beea8d83b337481799c36c6561ec3de6,scene-0757,day,car,vehicle.car,car,v80-100,124.0,19.53,18.16,0.0,18.56,18.13,18.26,True
beea8d83b337481799c36c6561ec3de6,scene-0757,day,car,vehicle.car,car,v60-80,101.3,25.59,23.32,10.22,22.22,21.75,21.87,False
beea8d83b337481799c36c6561ec3de6,scene-0757,day,bus,vehicle.bus.rigid,truck,v80-100,49.2,103.56,96.61,11.29,94.24,86.64,90.47,False
452cb8aa72de4124907764018407b8d8,scene-0757,day,car,vehicle.car,car,v80-100,119.1,20.75,18.98,1.49,19.32,18.84,18.98,False
452cb8aa72de4124907764018407b8d8,scene-0757,day,bus,vehicle.bus.rigid,truck,v80-100,46.7,108.63,101.66,12.26,113.33,108.02,110.28,False
834ce773cfa04be8b56d9614ed1dcf7f,scene-0757,day,car,vehicle.car,car,v80-100,114.6,22.59,20.48,5.47,20.38,19.96,20.09,False
50e02dd80f9444a194abe8acae4bb211,scene-0757,day,car,vehicle.car,car,v80-100,110.6,24.91,22.61,9.29,21.74,21.21,21.39,False
029dc949763249ddbeb3f756cb7b259f,scene-0757,day,truck,vehicle.truck,car,v80-100,178.3,20.19,18.59,6.24,16.97,16.52,16.76,False
f059772e809443b787af4bb7c60c094a,scene-0757,day,truck,vehicle.truck,car,v80-100,170.6,19.55,18.4,2.79,17.85,17.22,17.45,False
f059772e809443b787af4bb7c60c094a,scene-0757,day,car,vehicle.car,car,v80-100,190.3,18.93,16.76,5.5,16.43,16.01,16.2,False
d209059d97174d28a279f467e9cf89f0,scene-0757,day,truck,vehicle.truck,car,v80-100,163.5,19.53,18.43,0.0,18.39,17.63,17.88,True
d209059d97174d28a279f467e9cf89f0,scene-0757,day,car,vehicle.car,car,v80-100,201.1,16.8,15.0,1.38,15.42,15.08,15.21,False
9d8d518a34ff462d8d6a8fb665d5edd4,scene-0757,day,car,vehicle.car,truck,v80-100,213.3,15.52,14.29,0.0,14.63,14.31,14.43,True
98bea7c1f83340119051b7b7a0185033,scene-0796,day,car,vehicle.car,car,v80-100,66.9,35.28,32.93,11.04,32.41,30.9,31.37,False
98bea7c1f83340119051b7b7a0185033,scene-0796,day,pedestrian,human.pedestrian.adult,person,v80-100,250.2,10.17,9.67,4.78,9.49,9.17,9.39,False
98bea7c1f83340119051b7b7a0185033,scene-0796,day,pedestrian,human.pedestrian.adult,person,v80-100,141.6,16.4,15.93,5.38,15.1,14.76,14.95,False
5f413725e3d84fbc987d7f6b521bcf95,scene-0796,day,car,vehicle.car,car,v80-100,46.8,49.77,47.48,2.58,47.64,47.05,47.25,False
5f413725e3d84fbc987d7f6b521bcf95,scene-0796,day,car,vehicle.car,car,v60-80,32.9,74.58,72.33,2.85,81.63,77.92,79.13,False
5f413725e3d84fbc987d7f6b521bcf95,scene-0796,day,car,vehicle.car,car,v80-100,32.2,89.58,86.98,0.66,93.49,90.0,91.16,True
0113899528c54aa5b573e083ea4086b2,scene-0796,day,car,vehicle.car,car,v80-100,47.4,49.09,46.8,2.19,47.39,46.72,46.95,False
0113899528c54aa5b573e083ea4086b2,scene-0796,day,car,vehicle.car,car,v80-100,32.7,88.27,85.68,0.0,87.85,85.15,85.89,True
0113899528c54aa5b573e083ea4086b2,scene-0796,day,truck,vehicle.truck,truck,v80-100,94.5,34.05,31.05,13.02,33.6,31.3,31.87,False
0113899528c54aa5b573e083ea4086b2,scene-0796,day,car,vehicle.car,car,v60-80,34.7,70.99,68.73,2.2,82.38,76.92,78.34,False
30621e2ae07a4e3abbe450e3b7787625,scene-0796,day,car,vehicle.car,car,v80-100,47.3,48.37,46.07,2.13,47.26,46.49,46.75,False
30621e2ae07a4e3abbe450e3b7787625,scene-0796,day,car,vehicle.car,car,v40-60,34.0,71.12,68.86,2.26,87.29,80.62,82.34,False
30621e2ae07a4e3abbe450e3b7787625,scene-0796,day,car,vehicle.car,car,v80-100,32.8,86.93,84.33,0.0,88.55,85.89,86.65,True
30621e2ae07a4e3abbe450e3b7787625,scene-0796,day,car,vehicle.car,car,v40-60,31.7,77.54,75.11,6.17,78.43,71.59,73.57,False
b97cc09ac5cc44e38469e1561b7c773d,scene-0796,day,car,vehicle.car,car,v80-100,47.1,48.24,45.95,1.94,49.61,48.96,49.17,False
b97cc09ac5cc44e38469e1561b7c773d,scene-0796,day,car,vehicle.car,car,v40-60,33.5,72.0,69.74,2.34,91.36,83.77,86.24,False
b97cc09ac5cc44e38469e1561b7c773d,scene-0796,day,car,vehicle.car,car,v80-100,33.0,85.99,83.4,0.0,86.63,84.2,85.02,True
b97cc09ac5cc44e38469e1561b7c773d,scene-0796,day,car,vehicle.car,car,v80-100,27.3,80.43,77.97,12.23,87.03,83.17,84.25,False
a3e361c213684133a4c73f432928f4a0,scene-0796,day,car,vehicle.car,car,v40-60,38.0,64.79,62.36,5.89,64.48,60.79,61.33,False
a3e361c213684133a4c73f432928f4a0,scene-0796,day,car,vehicle.car,car,v80-100,46.8,48.19,45.9,1.88,50.9,50.14,50.41,False
a3e361c213684133a4c73f432928f4a0,scene-0796,day,car,vehicle.car,car,v80-100,33.2,85.17,82.58,0.0,88.05,83.28,84.62,True
a3e361c213684133a4c73f432928f4a0,scene-0796,day,car,vehicle.car,car,v80-100,32.3,68.68,66.2,11.72,72.66,70.59,71.07,False
1a04b117101e47b0b1e4531f338413a1,scene-0796,day,car,vehicle.car,car,v80-100,46.8,48.39,46.1,1.91,48.88,48.34,48.49,False
1a04b117101e47b0b1e4531f338413a1,scene-0796,day,car,vehicle.car,car,v80-100,33.6,84.44,81.84,0.0,82.92,79.37,80.64,True
1a04b117101e47b0b1e4531f338413a1,scene-0796,day,car,vehicle.car,car,v40-60,42.0,58.57,56.13,5.76,59.13,55.93,57.32,False
1a04b117101e47b0b1e4531f338413a1,scene-0796,day,car,vehicle.car,car,v80-100,39.6,57.5,54.99,11.84,65.23,63.0,63.55,False
627b4021d6974514931e82a01e6471a9,scene-0796,day,car,vehicle.car,car,v80-100,46.2,48.73,46.44,2.09,47.87,47.24,47.37,False
627b4021d6974514931e82a01e6471a9,scene-0796,day,car,vehicle.car,car,v80-100,34.0,83.03,80.43,0.14,83.21,80.93,81.5,True
627b4021d6974514931e82a01e6471a9,scene-0796,day,car,vehicle.car,car,v40-60,47.0,52.49,50.05,5.81,55.47,53.41,53.99,False
627b4021d6974514931e82a01e6471a9,scene-0796,day,car,vehicle.car,car,v80-100,48.3,48.17,45.65,12.19,51.55,49.96,50.3,False
627b4021d6974514931e82a01e6471a9,scene-0796,day,car,vehicle.car,car,v80-100,39.6,58.77,56.25,10.8,59.93,58.9,59.26,False
6a153bf7ebf845198322a0ecdaaea525,scene-0796,day,car,vehicle.car,car,v80-100,46.5,49.06,46.76,2.33,47.98,47.33,47.53,False
6a153bf7ebf845198322a0ecdaaea525,scene-0796,day,car,vehicle.car,car,v80-100,34.7,82.11,79.51,0.44,83.68,77.66,79.25,True
6a153bf7ebf845198322a0ecdaaea525,scene-0796,day,car,vehicle.car,car,v40-60,53.9,46.42,43.96,5.87,48.08,47.09,47.45,False
6a153bf7ebf845198322a0ecdaaea525,scene-0796,day,car,vehicle.car,car,v80-100,63.7,39.02,36.47,12.54,38.68,37.2,37.51,False
6a153bf7ebf845198322a0ecdaaea525,scene-0796,day,car,vehicle.car,car,v80-100,53.5,45.88,43.32,10.84,48.38,46.69,47.08,False
5e5aeedb64cd42ca97a20e94dab8a263,scene-0796,day,car,vehicle.car,car,v80-100,97.3,28.17,25.63,12.11,26.87,25.71,26.0,False
5e5aeedb64cd42ca97a20e94dab8a263,scene-0796,day,car,vehicle.car,car,v80-100,35.0,81.31,78.71,0.25,82.22,77.1,78.69,True
5e5aeedb64cd42ca97a20e94dab8a263,scene-0796,day,car,vehicle.car,car,v40-60,62.5,40.49,38.04,5.73,41.56,40.5,40.84,False
5e5aeedb64cd42ca97a20e94dab8a263,scene-0796,day,car,vehicle.car,car,v80-100,76.4,33.66,31.09,10.1,33.64,32.19,32.65,False
5e5aeedb64cd42ca97a20e94dab8a263,scene-0796,day,car,vehicle.car,car,v80-100,46.3,49.18,46.89,2.15,48.84,48.27,48.5,False
5e5aeedb64cd42ca97a20e94dab8a263,scene-0796,day,cyclist,vehicle.motorcycle,person,v80-100,93.5,24.01,22.97,6.09,30.72,29.9,30.16,False
67eddb8ae05b430396df053609015702,scene-0796,day,car,vehicle.car,car,v80-100,35.9,80.55,77.93,0.52,85.72,82.97,83.83,True
67eddb8ae05b430396df053609015702,scene-0796,day,car,vehicle.car,car,v80-100,47.2,49.34,47.03,2.24,51.81,51.14,51.31,False
67eddb8ae05b430396df053609015702,scene-0796,day,car,vehicle.car,car,v40-60,75.7,34.64,32.16,5.8,34.78,33.83,34.24,False
67eddb8ae05b430396df053609015702,scene-0796,day,car,vehicle.car,car,v80-100,147.4,21.34,18.77,9.77,20.13,17.74,18.33,False
6882c2a00a884227bf5eeb9d818061aa,scene-0796,day,car,vehicle.car,car,v80-100,35.1,79.83,77.18,0.75,79.95,76.96,77.75,True
6882c2a00a884227bf5eeb9d818061aa,scene-0796,day,car,vehicle.car,car,v40-60,91.2,28.89,26.4,5.86,28.45,27.08,27.49,False
6882c2a00a884227bf5eeb9d818061aa,scene-0796,day,car,vehicle.car,car,v80-100,78.7,30.52,27.95,10.65,30.99,29.92,30.19,False
6882c2a00a884227bf5eeb9d818061aa,scene-0796,day,car,vehicle.car,car,v80-100,45.0,49.55,47.2,2.32,52.65,49.95,50.31,False
da6036375a984bbdaca70ffc9966337e,scene-0796,day,car,vehicle.car,car,v80-100,29.4,73.26,70.94,6.41,75.27,72.9,73.12,False
da6036375a984bbdaca70ffc9966337e,scene-0796,day,car,vehicle.car,car,v40-60,120.0,23.22,20.77,5.59,23.03,21.96,22.29,False
da6036375a984bbdaca70ffc9966337e,scene-0796,day,car,vehicle.car,car,v80-100,44.3,51.29,48.98,1.99,53.49,52.6,52.85,False
da6036375a984bbdaca70ffc9966337e,scene-0796,day,car,vehicle.car,car,v80-100,36.3,79.12,76.51,0.09,78.59,76.95,77.25,True
5a030cc9599c4c7dbf334ac0dacbfd4e,scene-0796,day,car,vehicle.car,car,v80-100,42.1,53.04,50.73,1.63,55.45,54.34,54.56,False
5a030cc9599c4c7dbf334ac0dacbfd4e,scene-0796,day,car,vehicle.car,car,v40-60,168.5,17.72,15.32,5.39,16.3,15.42,15.69,False
5a030cc9599c4c7dbf334ac0dacbfd4e,scene-0796,day,car,vehicle.car,car,v80-100,36.0,78.67,76.05,0.0,80.47,78.03,78.77,True
5a030cc9599c4c7dbf334ac0dacbfd4e,scene-0796,day,car,vehicle.car,car,v80-100,31.5,67.61,65.29,5.76,70.27,67.72,68.19,False
5a030cc9599c4c7dbf334ac0dacbfd4e,scene-0796,day,pedestrian,human.pedestrian.adult,person,v80-100,69.5,31.93,31.53,6.68,33.57,33.2,33.39,False
5a030cc9599c4c7dbf334ac0dacbfd4e,scene-0796,day,car,vehicle.car,car,v80-100,144.8,21.01,18.51,10.08,20.16,19.37,19.72,False
a96757f814f343b2aab3b8749ad555f1,scene-0796,day,car,vehicle.car,car,v80-100,34.3,61.86,59.54,5.94,61.93,60.74,60.98,False
a96757f814f343b2aab3b8749ad555f1,scene-0796,day,car,vehicle.car,car,v80-100,36.0,78.1,75.48,0.0,84.81,82.45,83.13,True
a96757f814f343b2aab3b8749ad555f1,scene-0796,day,car,vehicle.car,car,v80-100,40.5,54.68,52.39,1.88,55.69,54.25,54.5,False
a96757f814f343b2aab3b8749ad555f1,scene-0796,day,pedestrian,human.pedestrian.adult,person,v80-100,87.7,25.6,25.2,6.68,25.68,24.99,25.2,False
521746029ebd45b497a658cecbb41f70,scene-0796,day,car,vehicle.car,car,v80-100,38.3,56.62,54.31,2.39,52.88,52.21,52.4,False
521746029ebd45b497a658cecbb41f70,scene-0796,day,car,vehicle.car,car,v80-100,36.3,76.9,74.25,0.03,78.16,76.41,77.01,True
521746029ebd45b497a658cecbb41f70,scene-0796,day,car,vehicle.car,car,v80-100,37.4,56.2,53.86,6.26,55.91,54.32,54.71,False
521746029ebd45b497a658cecbb41f70,scene-0796,day,car,vehicle.car,car,v60-80,27.9,72.86,70.64,9.52,77.36,70.39,72.5,False
8f9f8e2c223d4c22bd8966b158190c34,scene-0796,day,car,vehicle.car,car,v80-100,37.8,58.48,56.18,2.52,56.4,55.71,55.8,False
8f9f8e2c223d4c22bd8966b158190c34,scene-0796,day,car,vehicle.car,car,v80-100,34.9,60.41,58.19,9.39,65.21,63.18,63.87,False
8f9f8e2c223d4c22bd8966b158190c34,scene-0796,day,car,vehicle.car,car,v80-100,37.5,76.02,73.37,0.09,79.32,78.15,78.19,True
8f9f8e2c223d4c22bd8966b158190c34,scene-0796,day,car,vehicle.car,car,v80-100,43.0,50.48,48.12,6.16,51.01,50.17,50.38,False
8f9f8e2c223d4c22bd8966b158190c34,scene-0796,day,pedestrian,human.pedestrian.adult,person,v80-100,192.8,13.4,12.96,6.72,11.86,11.62,11.7,False
36653d8ce5bc4abc81ada795c6b33031,scene-0796,day,car,vehicle.car,car,v80-100,44.9,48.81,46.5,9.48,53.99,51.53,52.29,False
36653d8ce5bc4abc81ada795c6b33031,scene-0796,day,car,vehicle.car,car,v80-100,37.1,60.38,58.08,2.69,62.46,61.64,61.82,False
36653d8ce5bc4abc81ada795c6b33031,scene-0796,day,car,vehicle.car,car,v80-100,49.6,44.83,42.46,6.11,46.21,45.32,45.59,False
36653d8ce5bc4abc81ada795c6b33031,scene-0796,day,car,vehicle.car,truck,v80-100,38.4,75.18,72.54,0.21,84.87,83.3,83.78,True
c278024f52af4a949779af5f4e8d2372,scene-0796,day,car,vehicle.car,car,v80-100,35.7,62.25,59.95,2.41,69.1,67.76,67.93,False
c278024f52af4a949779af5f4e8d2372,scene-0796,day,car,vehicle.car,car,v80-100,60.2,37.51,35.14,9.46,39.33,37.86,38.26,False
c278024f52af4a949779af5f4e8d2372,scene-0796,day,car,vehicle.car,car,v80-100,38.7,74.32,71.67,0.0,86.35,84.64,85.2,True
c278024f52af4a949779af5f4e8d2372,scene-0796,day,car,vehicle.car,car,v80-100,56.9,39.15,36.75,5.78,40.2,39.58,39.75,False
63a7934bc99e49c284f7971b2b6c3971,scene-0796,day,car,vehicle.car,car,v80-100,35.8,62.21,59.9,2.27,71.55,70.08,70.56,False
63a7934bc99e49c284f7971b2b6c3971,scene-0796,day,car,vehicle.car,car,v80-100,96.3,25.59,23.2,9.28,26.71,25.39,25.74,False
63a7934bc99e49c284f7971b2b6c3971,scene-0796,day,car,vehicle.car,car,v80-100,39.2,73.34,70.7,0.0,87.04,83.99,85.14,True
63a7934bc99e49c284f7971b2b6c3971,scene-0796,day,car,vehicle.car,car,v80-100,67.7,33.44,31.02,5.6,34.06,33.49,33.64,False
949ef7d0557f4165a27eaf71616d14f2,scene-0796,day,car,vehicle.car,car,v80-100,36.4,62.22,59.91,2.18,74.91,73.38,73.96,False
949ef7d0557f4165a27eaf71616d14f2,scene-0796,day,car,vehicle.car,car,v80-100,85.3,27.82,25.36,5.46,27.67,27.05,27.19,False
949ef7d0557f4165a27eaf71616d14f2,scene-0796,day,car,vehicle.car,car,v80-100,40.3,72.42,69.78,0.0,85.99,83.82,84.28,True
949ef7d0557f4165a27eaf71616d14f2,scene-0796,day,car,vehicle.car,car,v80-100,67.7,34.79,32.42,5.88,35.21,33.56,34.02,False
fb4c4b4725b542a39bd4e165ebb60950,scene-0796,day,car,vehicle.car,car,v80-100,36.6,62.2,59.89,2.28,76.05,74.71,75.11,False
fb4c4b4725b542a39bd4e165ebb60950,scene-0796,day,car,vehicle.car,car,v80-100,40.9,71.68,69.02,0.0,81.2,78.96,79.85,True
fb4c4b4725b542a39bd4e165ebb60950,scene-0796,day,car,vehicle.car,car,v80-100,81.0,29.94,27.59,5.83,30.63,29.45,29.71,False
fb4c4b4725b542a39bd4e165ebb60950,scene-0796,day,car,vehicle.car,car,v80-100,113.2,22.19,19.7,5.42,21.15,20.62,20.73,False
24373c08d1e64e6ebdad1af9542f1438,scene-0796,day,car,vehicle.car,car,v80-100,35.3,64.19,61.89,2.74,77.12,75.8,76.23,False
24373c08d1e64e6ebdad1af9542f1438,scene-0796,day,car,vehicle.car,car,v80-100,99.5,25.14,22.83,5.93,25.54,25.24,25.34,False
24373c08d1e64e6ebdad1af9542f1438,scene-0796,day,car,vehicle.car,car,v80-100,163.3,16.69,14.19,5.42,15.7,15.08,15.16,False
24373c08d1e64e6ebdad1af9542f1438,scene-0796,day,car,vehicle.car,car,v80-100,41.3,70.9,68.25,0.0,80.26,78.19,78.79,True
af075ef815d0452db2614113413fb8a1,scene-0796,day,car,vehicle.car,car,v80-100,126.3,21.07,18.81,6.27,19.26,18.95,19.03,False
af075ef815d0452db2614113413fb8a1,scene-0796,day,car,vehicle.car,car,v80-100,34.3,66.27,63.95,3.22,75.95,74.42,74.51,False
af075ef815d0452db2614113413fb8a1,scene-0796,day,car,vehicle.car,car,v80-100,42.0,69.86,67.2,0.0,76.27,74.03,74.58,True
3299ffab259345fdaa4928d665a2c59d,scene-0796,day,car,vehicle.car,car,v80-100,32.8,68.0,65.67,3.88,79.21,77.37,77.79,False
3299ffab259345fdaa4928d665a2c59d,scene-0796,day,car,vehicle.car,car,v80-100,169.3,17.33,15.08,6.95,14.58,14.14,14.27,False
3299ffab259345fdaa4928d665a2c59d,scene-0796,day,car,vehicle.car,car,v80-100,42.1,68.83,66.17,0.48,73.75,72.04,72.79,True
89dfcc203bab4c6a84f2f044618bcbfc,scene-0796,day,car,vehicle.car,car,v80-100,31.5,69.85,67.5,3.87,77.9,75.7,76.22,False
89dfcc203bab4c6a84f2f044618bcbfc,scene-0796,day,car,vehicle.car,car,v80-100,42.3,67.89,65.23,0.31,70.93,68.98,69.38,True
adfdfa7db76a429e91d96d92978e26ee,scene-0796,day,car,vehicle.car,car,v80-100,31.1,71.59,69.25,3.77,78.57,76.23,76.73,False
adfdfa7db76a429e91d96d92978e26ee,scene-0796,day,car,vehicle.car,truck,v80-100,43.3,67.01,64.34,0.1,69.94,67.71,68.43,True
fe288794c9ce476b8401936c15891c42,scene-0796,day,car,vehicle.car,car,v80-100,30.5,73.35,71.02,3.59,78.6,77.43,77.67,False
fe288794c9ce476b8401936c15891c42,scene-0796,day,car,vehicle.car,car,v80-100,44.1,66.16,63.51,0.0,72.54,70.16,70.95,True
4118ce9345274dd2a344391bfbd42b8c,scene-0796,day,car,vehicle.car,car,v80-100,29.5,75.08,72.76,3.3,79.1,77.5,78.07,False
4118ce9345274dd2a344391bfbd42b8c,scene-0796,day,car,vehicle.car,car,v80-100,44.4,65.3,62.66,0.0,71.98,70.1,70.72,True
134565593253490b9df7fb084466111a,scene-0796,day,car,vehicle.car,car,v80-100,28.9,76.82,74.51,3.05,81.88,78.7,79.36,False
134565593253490b9df7fb084466111a,scene-0796,day,car,vehicle.car,truck,v80-100,45.1,64.45,61.81,0.0,69.24,68.21,68.48,True
b076d37011b64c70bd5a42d369c8f74a,scene-0796,day,car,vehicle.car,car,v80-100,28.5,78.45,76.13,2.87,83.17,80.09,80.72,False
b076d37011b64c70bd5a42d369c8f74a,scene-0796,day,car,vehicle.car,car,v80-100,46.1,63.49,60.85,0.0,63.84,63.08,63.33,True
3b93a3389fad40a4867a46b29a7595cf,scene-0796,day,car,vehicle.car,truck,v80-100,46.7,62.66,60.03,0.0,67.34,65.56,66.23,True
3b93a3389fad40a4867a46b29a7595cf,scene-0796,day,car,vehicle.car,car,v80-100,28.0,80.03,77.71,2.93,87.21,81.92,83.02,False
3396c8a22c8243d9b033f25d9cdf6ea4,scene-0796,day,car,vehicle.car,truck,v80-100,47.5,61.7,59.06,0.0,64.35,62.33,63.02,True
3396c8a22c8243d9b033f25d9cdf6ea4,scene-0796,day,car,vehicle.car,car,v80-100,27.4,81.47,79.15,2.74,87.13,81.88,82.91,False
9403a41ce7944d8f9d5966165f82c806,scene-0796,day,car,vehicle.car,car,v80-100,26.8,82.98,80.65,3.23,83.09,80.2,80.97,False
9403a41ce7944d8f9d5966165f82c806,scene-0796,day,car,vehicle.car,car,v80-100,48.1,60.8,58.16,0.0,61.14,60.22,60.52,True
55b484d8b9ce410abb64e18066ff8114,scene-0796,day,car,vehicle.car,car,v80-100,26.3,84.48,82.15,3.45,89.46,85.94,86.86,False
55b484d8b9ce410abb64e18066ff8114,scene-0796,day,car,vehicle.car,car,v80-100,48.8,59.89,57.25,0.0,58.35,57.64,57.66,True
938f54d1fad648dcbd3c94e398aae967,scene-0796,day,car,vehicle.car,car,v80-100,26.0,86.0,83.67,3.58,98.54,95.68,96.02,False
938f54d1fad648dcbd3c94e398aae967,scene-0796,day,car,vehicle.car,truck,v80-100,49.8,59.0,56.36,0.0,60.26,58.81,59.34,True
3e579ea5868a4f4180b863e3ee4eb63c,scene-0796,day,car,vehicle.car,car,v80-100,25.6,87.51,85.17,3.33,89.51,86.35,87.07,False
3e579ea5868a4f4180b863e3ee4eb63c,scene-0796,day,car,vehicle.car,car,v80-100,50.9,57.99,55.35,0.0,57.51,56.31,56.47,True
edd9247d5f8243b2a40b24ed7030525e,scene-0796,day,car,vehicle.car,car,v80-100,25.7,86.49,84.15,3.53,97.76,93.47,94.27,False
edd9247d5f8243b2a40b24ed7030525e,scene-0796,day,car,vehicle.car,car,v80-100,51.3,57.04,54.4,0.0,58.59,56.99,57.22,True
edd9247d5f8243b2a40b24ed7030525e,scene-0796,day,car,vehicle.car,car,v80-100,499.0,5.35,3.07,2.28,5.35,4.68,4.93,False
926d02b69e2d44ac97b091ce3295bdf5,scene-0796,day,car,vehicle.car,car,v80-100,26.1,85.44,83.11,3.43,95.82,91.38,92.26,False
926d02b69e2d44ac97b091ce3295bdf5,scene-0796,day,car,vehicle.car,car,v80-100,456.8,6.34,3.96,2.32,5.73,4.84,5.17,False
926d02b69e2d44ac97b091ce3295bdf5,scene-0796,day,car,vehicle.car,truck,v80-100,52.4,56.07,53.43,0.0,62.25,59.47,60.1,True
926d02b69e2d44ac97b091ce3295bdf5,scene-0796,day,bus,vehicle.bus.rigid,bus,v40-60,114.3,43.39,38.34,12.71,43.25,19.64,41.46,False
16a5fb2fe7dd44db92a77ac3a333f277,scene-0796,day,car,vehicle.car,car,v80-100,26.5,84.47,82.13,3.16,88.43,85.12,85.95,False
16a5fb2fe7dd44db92a77ac3a333f277,scene-0796,day,car,vehicle.car,car,v80-100,434.8,7.42,5.01,2.3,6.17,5.33,5.57,False
16a5fb2fe7dd44db92a77ac3a333f277,scene-0796,day,car,vehicle.car,truck,v80-100,53.5,55.17,52.53,0.0,58.11,56.32,56.77,True
524d443c501a4f98a14508c3fb6f6de3,scene-0916,day,pedestrian,human.pedestrian.adult,person,v80-100,114.2,19.29,18.87,3.99,21.3,20.81,20.9,False
524d443c501a4f98a14508c3fb6f6de3,scene-0916,day,pedestrian,human.pedestrian.adult,person,v80-100,145.0,16.39,15.86,2.65,17.62,17.23,17.35,False
524d443c501a4f98a14508c3fb6f6de3,scene-0916,day,pedestrian,human.pedestrian.adult,person,v60-80,107.8,24.66,24.24,10.94,25.79,25.18,25.43,False
524d443c501a4f98a14508c3fb6f6de3,scene-0916,day,pedestrian,human.pedestrian.adult,person,v60-80,100.2,24.96,24.54,11.52,25.65,24.98,25.22,False
bee06d622b78488eaf54f876f4912797,scene-0916,day,pedestrian,human.pedestrian.adult,person,v80-100,134.2,17.62,17.15,6.7,18.76,18.4,18.45,False
bee06d622b78488eaf54f876f4912797,scene-0916,day,pedestrian,human.pedestrian.adult,person,v40-60,151.3,15.77,15.38,0.34,15.81,15.62,15.7,True
bee06d622b78488eaf54f876f4912797,scene-0916,day,pedestrian,human.pedestrian.adult,person,v80-100,103.7,23.06,22.64,5.72,23.91,23.27,23.43,False
bee06d622b78488eaf54f876f4912797,scene-0916,day,pedestrian,human.pedestrian.adult,person,v80-100,95.3,25.5,25.13,11.15,25.28,23.89,24.22,False
bee06d622b78488eaf54f876f4912797,scene-0916,day,pedestrian,human.pedestrian.adult,person,v80-100,100.6,23.39,22.97,7.99,24.84,24.41,24.63,False
bee06d622b78488eaf54f876f4912797,scene-0916,day,pedestrian,human.pedestrian.adult,person,v60-80,109.6,22.67,22.25,6.66,24.04,23.63,23.79,False
332299caf93f4f37874d93def6c7bf46,scene-0916,day,pedestrian,human.pedestrian.adult,person,v40-60,169.4,14.22,13.82,1.04,13.79,13.59,13.68,True
332299caf93f4f37874d93def6c7bf46,scene-0916,day,pedestrian,human.pedestrian.adult,person,v60-80,95.3,24.72,24.34,7.1,24.93,23.62,23.94,False
332299caf93f4f37874d93def6c7bf46,scene-0916,day,pedestrian,human.pedestrian.adult,person,v80-100,105.3,21.31,20.9,3.93,22.97,22.73,22.85,False
332299caf93f4f37874d93def6c7bf46,scene-0916,day,pedestrian,human.pedestrian.adult,person,v60-80,116.1,20.58,20.16,2.67,22.13,21.66,21.85,False
332299caf93f4f37874d93def6c7bf46,scene-0916,day,pedestrian,human.pedestrian.adult,person,v80-100,100.7,22.47,22.05,5.03,24.59,24.26,24.36,False
1d1306dc17764f38b6b662d2350acac2,scene-0916,day,pedestrian,human.pedestrian.adult,person,v60-80,90.3,29.71,29.25,13.93,28.41,27.2,27.8,False
1d1306dc17764f38b6b662d2350acac2,scene-0916,day,pedestrian,human.pedestrian.adult,person,v40-60,191.2,13.07,12.68,2.75,12.05,11.86,11.93,False
1d1306dc17764f38b6b662d2350acac2,scene-0916,day,pedestrian,human.pedestrian.adult,person,v80-100,101.2,21.8,21.44,3.64,23.59,22.56,22.82,False
1d1306dc17764f38b6b662d2350acac2,scene-0916,day,pedestrian,human.pedestrian.adult,person,v80-100,111.9,19.66,19.25,0.86,21.36,21.15,21.24,True
1d1306dc17764f38b6b662d2350acac2,scene-0916,day,pedestrian,human.pedestrian.adult,person,v80-100,106.2,20.8,20.39,1.85,22.92,22.63,22.77,False
1d1306dc17764f38b6b662d2350acac2,scene-0916,day,pedestrian,human.pedestrian.adult,person,v60-80,124.9,18.94,18.52,0.0,19.84,19.49,19.62,True
1d1306dc17764f38b6b662d2350acac2,scene-0916,day,pedestrian,human.pedestrian.adult,person,v40-60,123.7,18.8,18.38,1.71,19.69,18.9,19.35,False
1d1306dc17764f38b6b662d2350acac2,scene-0916,day,pedestrian,human.pedestrian.adult,person,v60-80,113.7,19.35,18.93,0.27,19.6,19.4,19.46,True
b08a2deaf871433fad9a4c03e6f53d32,scene-0916,day,pedestrian,human.pedestrian.adult,person,v60-80,90.3,27.56,27.07,9.02,28.06,27.04,27.55,False
b08a2deaf871433fad9a4c03e6f53d32,scene-0916,day,pedestrian,human.pedestrian.adult,person,v40-60,230.3,11.69,11.31,4.5,10.38,10.23,10.29,False
b08a2deaf871433fad9a4c03e6f53d32,scene-0916,day,pedestrian,human.pedestrian.adult,person,v80-100,125.2,17.66,17.24,1.41,19.36,19.06,19.17,False
b08a2deaf871433fad9a4c03e6f53d32,scene-0916,day,car,vehicle.car,car,v80-100,75.4,33.79,31.57,15.26,28.08,27.35,27.6,False
b08a2deaf871433fad9a4c03e6f53d32,scene-0916,day,pedestrian,human.pedestrian.adult,person,v80-100,109.8,19.76,19.39,0.24,21.93,21.51,21.65,True
b08a2deaf871433fad9a4c03e6f53d32,scene-0916,day,pedestrian,human.pedestrian.adult,person,v60-80,104.8,16.36,15.93,3.31,17.03,16.8,16.87,False
b08a2deaf871433fad9a4c03e6f53d32,scene-0916,day,pedestrian,human.pedestrian.adult,person,v60-80,107.3,20.89,20.5,0.0,23.67,23.11,23.28,True
b08a2deaf871433fad9a4c03e6f53d32,scene-0916,day,pedestrian,human.pedestrian.adult,person,v80-100,117.0,18.81,18.38,0.6,20.7,20.34,20.47,True
b08a2deaf871433fad9a4c03e6f53d32,scene-0916,day,pedestrian,human.pedestrian.adult,person,v80-100,246.9,10.68,10.13,4.13,10.69,10.46,10.58,False
b08a2deaf871433fad9a4c03e6f53d32,scene-0916,day,pedestrian,human.pedestrian.adult,person,v60-80,147.8,16.43,15.9,1.91,17.86,17.67,17.77,False
790bc648874d4664811b364dcbab1bc8,scene-0916,day,pedestrian,human.pedestrian.adult,person,v60-80,94.8,25.23,24.73,4.8,29.57,28.73,29.11,False
790bc648874d4664811b364dcbab1bc8,scene-0916,day,pedestrian,human.pedestrian.adult,person,v60-80,176.5,14.42,13.9,4.06,15.37,15.21,15.26,False
790bc648874d4664811b364dcbab1bc8,scene-0916,day,pedestrian,human.pedestrian.adult,person,v60-80,126.6,18.2,17.79,4.25,17.21,16.86,17.0,False
790bc648874d4664811b364dcbab1bc8,scene-0916,day,car,vehicle.car,car,v60-80,79.7,32.53,30.42,13.89,30.44,29.32,29.65,False
790bc648874d4664811b364dcbab1bc8,scene-0916,day,car,vehicle.car,car,v80-100,76.5,31.85,29.62,11.52,30.53,29.73,30.02,False
790bc648874d4664811b364dcbab1bc8,scene-0916,day,car,vehicle.car,car,v60-80,77.1,33.31,31.12,16.22,29.78,29.48,29.6,False
790bc648874d4664811b364dcbab1bc8,scene-0916,day,pedestrian,human.pedestrian.adult,person,v80-100,123.8,17.64,17.28,1.65,21.05,20.72,20.85,False
790bc648874d4664811b364dcbab1bc8,scene-0916,day,pedestrian,human.pedestrian.adult,person,v60-80,126.6,14.41,14.0,5.41,14.58,14.41,14.5,False
790bc648874d4664811b364dcbab1bc8,scene-0916,day,pedestrian,human.pedestrian.adult,person,v60-80,120.3,18.79,18.41,2.05,21.89,21.49,21.57,False
790bc648874d4664811b364dcbab1bc8,scene-0916,day,pedestrian,human.pedestrian.adult,person,v80-100,134.4,16.75,16.33,3.09,19.15,18.86,18.98,False
790bc648874d4664811b364dcbab1bc8,scene-0916,day,pedestrian,human.pedestrian.adult,person,v80-100,139.1,16.55,16.13,4.44,16.29,16.05,16.13,False
fb91724c05c84935a6e066b293046e9e,scene-0916,day,car,vehicle.car,car,v80-100,79.5,29.81,27.57,8.79,29.89,29.12,29.37,False
fb91724c05c84935a6e066b293046e9e,scene-0916,day,car,vehicle.car,car,v80-100,82.6,30.51,28.39,11.16,29.9,28.77,29.07,False
fb91724c05c84935a6e066b293046e9e,scene-0916,day,car,vehicle.car,car,v60-80,79.2,31.41,29.2,13.6,30.35,29.31,29.52,False
fb91724c05c84935a6e066b293046e9e,scene-0916,day,pedestrian,human.pedestrian.adult,person,v60-80,103.4,22.79,22.28,1.65,27.46,26.41,26.73,False
fb91724c05c84935a6e066b293046e9e,scene-0916,day,pedestrian,human.pedestrian.adult,person,v60-80,139.0,16.72,16.32,3.97,18.2,17.88,17.97,False
fb91724c05c84935a6e066b293046e9e,scene-0916,day,pedestrian,human.pedestrian.adult,person,v60-80,221.1,12.48,11.97,5.43,12.38,12.18,12.27,False
fb91724c05c84935a6e066b293046e9e,scene-0916,day,pedestrian,human.pedestrian.adult,person,v80-100,159.9,14.73,14.3,4.72,15.95,15.73,15.8,False
fb91724c05c84935a6e066b293046e9e,scene-0916,day,pedestrian,human.pedestrian.adult,person,v80-100,144.2,15.52,15.14,3.37,17.71,17.57,17.61,False
fb91724c05c84935a6e066b293046e9e,scene-0916,day,pedestrian,human.pedestrian.adult,person,v80-100,168.4,14.59,14.16,5.99,13.19,13.04,13.11,False
fb91724c05c84935a6e066b293046e9e,scene-0916,day,pedestrian,human.pedestrian.adult,person,v80-100,178.0,13.62,13.19,5.22,13.98,13.61,13.79,False
fb91724c05c84935a6e066b293046e9e,scene-0916,day,pedestrian,human.pedestrian.adult,person,v60-80,149.8,16.19,15.77,5.99,15.04,14.6,14.74,False
aa78b9cc380b48c5be14f99540359ccf,scene-0916,day,pedestrian,human.pedestrian.adult,person,v80-100,225.8,11.66,11.23,5.88,10.68,10.51,10.58,False
aa78b9cc380b48c5be14f99540359ccf,scene-0916,day,car,vehicle.car,car,v80-100,85.5,27.69,25.44,7.42,26.67,26.17,26.32,False
aa78b9cc380b48c5be14f99540359ccf,scene-0916,day,car,vehicle.car,car,v60-80,84.3,29.43,27.21,12.28,28.06,27.41,27.68,False
aa78b9cc380b48c5be14f99540359ccf,scene-0916,day,car,vehicle.car,car,v80-100,88.2,28.41,26.27,9.77,27.04,26.11,26.29,False
aa78b9cc380b48c5be14f99540359ccf,scene-0916,day,pedestrian,human.pedestrian.adult,person,v60-80,116.2,20.24,19.73,0.0,23.09,22.56,22.74,True
aa78b9cc380b48c5be14f99540359ccf,scene-0916,day,pedestrian,human.pedestrian.adult,person,v60-80,182.4,14.19,13.77,6.78,12.22,11.99,12.07,False
aa78b9cc380b48c5be14f99540359ccf,scene-0916,day,pedestrian,human.pedestrian.adult,person,v80-100,173.3,13.35,12.98,4.16,13.89,13.74,13.8,False
aa78b9cc380b48c5be14f99540359ccf,scene-0916,day,pedestrian,human.pedestrian.adult,person,v80-100,196.8,12.7,12.27,5.47,12.55,12.16,12.37,False
aa78b9cc380b48c5be14f99540359ccf,scene-0916,day,pedestrian,human.pedestrian.adult,person,v60-80,165.0,14.61,14.21,4.89,14.55,14.28,14.38,False
aa78b9cc380b48c5be14f99540359ccf,scene-0916,day,car,vehicle.car,car,v60-80,100.6,29.96,27.32,14.44,28.94,27.93,28.33,False
aa78b9cc380b48c5be14f99540359ccf,scene-0916,day,parked two-wheeler,vehicle.motorcycle,car,v60-80,91.1,23.68,22.33,3.94,24.5,19.08,19.86,False
6f8a88c0de0b42d89e66197403822d30,scene-0916,day,car,vehicle.car,car,v80-100,93.8,25.47,23.22,6.73,25.38,24.84,24.99,False
6f8a88c0de0b42d89e66197403822d30,scene-0916,day,car,vehicle.car,car,v80-100,96.1,26.21,24.08,9.06,25.42,24.65,24.82,False
6f8a88c0de0b42d89e66197403822d30,scene-0916,day,parked two-wheeler,vehicle.motorcycle,motorcycle,v80-100,63.7,26.17,25.25,2.23,28.18,27.8,27.95,False
6f8a88c0de0b42d89e66197403822d30,scene-0916,day,car,vehicle.car,car,v60-80,91.1,27.35,25.14,11.58,26.62,25.99,26.19,False
6f8a88c0de0b42d89e66197403822d30,scene-0916,day,pedestrian,human.pedestrian.adult,person,v60-80,134.4,17.58,17.08,0.34,20.24,19.85,20.0,True
6f8a88c0de0b42d89e66197403822d30,scene-0916,day,parked two-wheeler,vehicle.motorcycle,motorcycle,v60-80,84.7,20.23,19.26,1.68,23.41,22.48,22.89,False
6f8a88c0de0b42d89e66197403822d30,scene-0916,day,parked two-wheeler,vehicle.motorcycle,motorcycle,v60-80,120.4,15.12,14.11,3.49,15.81,15.17,15.29,False
6f8a88c0de0b42d89e66197403822d30,scene-0916,day,pedestrian,human.pedestrian.adult,person,v60-80,203.4,12.48,12.08,5.36,11.67,11.49,11.54,False
6f8a88c0de0b42d89e66197403822d30,scene-0916,day,pedestrian,human.pedestrian.adult,person,v80-100,217.0,11.19,10.83,4.53,11.5,11.34,11.4,False
a9b15094d9f44d2c89faf05252547046,scene-0916,day,parked two-wheeler,vehicle.motorcycle,motorcycle,v80-100,70.1,23.86,22.94,1.54,26.88,26.05,26.33,False
a9b15094d9f44d2c89faf05252547046,scene-0916,day,car,vehicle.car,car,v80-100,104.3,23.26,21.01,6.1,23.89,23.35,23.51,False
a9b15094d9f44d2c89faf05252547046,scene-0916,day,car,vehicle.car,car,v80-100,106.2,24.04,21.9,8.4,24.39,23.29,23.5,False
a9b15094d9f44d2c89faf05252547046,scene-0916,day,car,vehicle.car,car,v60-80,99.6,25.29,23.08,10.94,25.04,24.23,24.45,False
a9b15094d9f44d2c89faf05252547046,scene-0916,day,pedestrian,human.pedestrian.adult,person,v60-80,160.0,14.95,14.46,1.43,17.15,16.7,16.82,False
13450209d238498bb7ad63928f2d6878,scene-0916,day,parked two-wheeler,vehicle.motorcycle,motorcycle,v80-100,77.9,21.57,20.65,0.81,24.61,23.91,24.14,True
13450209d238498bb7ad63928f2d6878,scene-0916,day,car,vehicle.car,car,v80-100,115.4,21.07,18.81,5.46,21.26,20.68,20.83,False
13450209d238498bb7ad63928f2d6878,scene-0916,day,car,vehicle.car,car,v60-80,117.2,21.91,19.78,7.79,21.64,20.76,20.91,False
13450209d238498bb7ad63928f2d6878,scene-0916,day,car,vehicle.car,car,v60-80,108.9,23.26,21.05,10.26,22.58,21.76,21.96,False
13450209d238498bb7ad63928f2d6878,scene-0916,day,parked two-wheeler,vehicle.motorcycle,motorcycle,v60-80,138.7,16.99,15.67,5.86,18.08,16.36,17.25,False
69c59330a61e4f078b81b475b480912e,scene-0916,day,parked two-wheeler,vehicle.motorcycle,motorcycle,v80-100,87.9,19.28,18.36,0.0,21.49,20.83,21.02,True
69c59330a61e4f078b81b475b480912e,scene-0916,day,car,vehicle.car,car,v80-100,129.3,18.87,16.61,4.6,18.8,18.27,18.39,False
69c59330a61e4f078b81b475b480912e,scene-0916,day,car,vehicle.car,car,v60-80,130.8,19.78,17.66,6.95,19.51,18.63,18.81,False
69c59330a61e4f078b81b475b480912e,scene-0916,day,parked two-wheeler,vehicle.motorcycle,motorcycle,v60-80,136.5,13.55,12.6,3.66,15.41,14.52,14.85,False
69c59330a61e4f078b81b475b480912e,scene-0916,day,car,vehicle.car,car,v60-80,119.6,21.22,19.02,9.34,20.8,19.65,19.97,False
69c59330a61e4f078b81b475b480912e,scene-0916,day,parked two-wheeler,vehicle.motorcycle,motorcycle,v60-80,169.2,14.93,13.64,6.68,15.46,15.05,15.19,False
b81d7ac6a39242999018827cf77ade26,scene-0916,day,car,vehicle.car,car,v80-100,146.5,16.68,14.42,3.06,16.89,16.32,16.45,False
b81d7ac6a39242999018827cf77ade26,scene-0916,day,car,vehicle.car,car,v60-80,146.4,17.67,15.56,5.5,17.57,16.81,16.95,False
b81d7ac6a39242999018827cf77ade26,scene-0916,day,car,vehicle.car,car,v60-80,131.7,19.19,17.01,7.92,18.47,17.55,17.79,False
b81d7ac6a39242999018827cf77ade26,scene-0916,day,parked two-wheeler,vehicle.motorcycle,motorcycle,v80-100,101.1,17.06,16.14,0.92,18.97,18.41,18.57,True
b81d7ac6a39242999018827cf77ade26,scene-0916,day,parked two-wheeler,vehicle.motorcycle,motorcycle,v60-80,174.3,11.53,10.59,4.65,12.2,11.78,11.9,False
6e98b1d0e18a428b869961943f871a83,scene-0916,day,car,vehicle.car,car,v80-100,168.3,14.57,12.31,1.18,14.23,13.8,13.91,True
6e98b1d0e18a428b869961943f871a83,scene-0916,day,parked two-wheeler,vehicle.motorcycle,motorcycle,v80-100,118.2,14.97,14.06,2.52,15.69,15.2,15.35,False
6e98b1d0e18a428b869961943f871a83,scene-0916,day,car,vehicle.car,car,v60-80,164.1,15.62,13.5,3.68,15.08,14.38,14.54,False
6e98b1d0e18a428b869961943f871a83,scene-0916,day,car,vehicle.car,car,v40-60,145.3,17.17,15.0,5.97,16.08,15.44,15.61,False
6e98b1d0e18a428b869961943f871a83,scene-0916,day,car,vehicle.car,car,v60-80,165.0,18.37,15.96,8.27,17.61,16.74,16.99,False
919ee11e9920472280b9ee1247298cf2,scene-0916,day,parked two-wheeler,vehicle.motorcycle,motorcycle,v80-100,145.8,13.06,12.13,4.59,12.46,12.28,12.35,False
919ee11e9920472280b9ee1247298cf2,scene-0916,day,car,vehicle.car,car,v80-100,197.4,12.47,10.22,0.0,12.0,11.62,11.7,True
919ee11e9920472280b9ee1247298cf2,scene-0916,day,car,vehicle.car,car,v60-80,177.2,16.43,14.07,5.49,15.45,14.37,14.69,False
919ee11e9920472280b9ee1247298cf2,scene-0916,day,car,vehicle.car,car,v60-80,185.5,13.55,11.44,1.15,13.01,12.48,12.64,True
919ee11e9920472280b9ee1247298cf2,scene-0916,day,car,vehicle.car,car,v40-60,159.8,15.11,12.97,3.26,14.48,13.91,14.06,False
d008df699f0e431db7664b16ee57de2f,scene-0916,day,car,vehicle.car,car,v80-100,127.5,21.09,19.4,10.07,19.4,18.69,18.99,False
d008df699f0e431db7664b16ee57de2f,scene-0916,day,car,vehicle.car,car,v80-100,246.7,10.52,8.27,0.53,9.67,9.21,9.33,True
d008df699f0e431db7664b16ee57de2f,scene-0916,day,car,vehicle.car,car,v60-80,217.7,11.55,9.43,0.0,11.53,10.66,10.86,True
d008df699f0e431db7664b16ee57de2f,scene-0916,day,car,vehicle.car,car,v60-80,190.4,14.46,12.13,2.16,14.21,13.39,13.6,False
d008df699f0e431db7664b16ee57de2f,scene-0916,day,car,vehicle.car,car,v40-60,179.1,13.07,10.93,0.11,12.69,11.08,12.38,True
93c6187bdede4f16ad577f8d02086c7c,scene-0916,day,car,vehicle.car,car,v80-100,125.7,19.33,17.67,5.98,18.09,17.18,17.45,False
93c6187bdede4f16ad577f8d02086c7c,scene-0916,day,car,vehicle.car,car,v60-80,277.1,9.73,7.6,0.79,9.33,8.47,8.68,True
93c6187bdede4f16ad577f8d02086c7c,scene-0916,day,car,vehicle.car,car,v60-80,214.1,12.54,10.2,0.0,12.29,11.55,11.87,True
93c6187bdede4f16ad577f8d02086c7c,scene-0916,day,car,vehicle.car,car,v80-100,349.0,8.86,6.64,2.36,7.02,6.68,6.78,False
93c6187bdede4f16ad577f8d02086c7c,scene-0916,day,car,vehicle.car,car,v40-60,212.4,11.13,8.98,0.0,10.89,10.32,10.49,True
93c6187bdede4f16ad577f8d02086c7c,scene-0916,day,car,vehicle.car,car,v60-80,114.6,24.6,23.2,10.69,20.94,20.3,20.48,False
18a34926d51e46a9b9f47aa2011b83d7,scene-0916,day,car,vehicle.car,car,v80-100,128.0,17.45,15.81,1.15,17.67,16.9,17.16,True
18a34926d51e46a9b9f47aa2011b83d7,scene-0916,day,car,vehicle.car,car,v60-80,259.0,10.67,8.27,0.0,10.26,9.63,9.81,True
18a34926d51e46a9b9f47aa2011b83d7,scene-0916,day,car,vehicle.car,car,v60-80,110.6,22.68,21.31,4.98,22.03,21.33,21.57,False
18a34926d51e46a9b9f47aa2011b83d7,scene-0916,day,car,vehicle.car,car,v40-60,279.2,9.34,7.15,1.45,8.56,7.98,8.15,False
18a34926d51e46a9b9f47aa2011b83d7,scene-0916,day,car,vehicle.car,car,v80-100,425.4,8.13,6.02,2.79,6.43,5.89,6.08,False
18a34926d51e46a9b9f47aa2011b83d7,scene-0916,day,truck,vehicle.truck,truck,v60-80,94.7,36.48,35.11,12.48,31.46,30.47,30.92,False
17194bb665bf45c3af0284287c1f3b4b,scene-0916,day,car,vehicle.car,car,v80-100,142.0,15.32,13.66,0.0,15.75,15.25,15.43,True
17194bb665bf45c3af0284287c1f3b4b,scene-0916,day,car,vehicle.car,car,v80-100,40.0,57.3,55.2,22.2,48.43,47.94,48.07,False
17194bb665bf45c3af0284287c1f3b4b,scene-0916,day,car,vehicle.car,car,v40-60,54.3,44.9,43.82,19.84,37.21,34.71,35.54,False
17194bb665bf45c3af0284287c1f3b4b,scene-0916,day,car,vehicle.car,car,v60-80,371.2,8.91,6.39,2.1,7.26,6.92,7.02,False
17194bb665bf45c3af0284287c1f3b4b,scene-0916,day,car,vehicle.car,car,v60-80,113.8,20.59,19.21,0.0,20.82,20.29,20.48,True
17194bb665bf45c3af0284287c1f3b4b,scene-0916,day,car,vehicle.car,car,v40-60,37.8,68.39,66.23,28.88,52.74,50.58,51.08,False
17194bb665bf45c3af0284287c1f3b4b,scene-0916,day,truck,vehicle.truck,truck,v40-60,91.1,34.37,33.01,3.35,31.35,29.23,29.98,False
207924ae382b416b8f4fb04b68e61bd7,scene-0916,day,car,vehicle.car,car,v80-100,173.2,13.2,11.47,2.24,13.15,13.01,13.06,False
207924ae382b416b8f4fb04b68e61bd7,scene-0916,day,car,vehicle.car,car,v80-100,38.7,55.21,53.09,10.25,53.86,53.06,53.24,False
207924ae382b416b8f4fb04b68e61bd7,scene-0916,day,car,vehicle.car,car,v60-80,178.5,14.63,13.27,5.38,13.32,12.89,13.09,False
207924ae382b416b8f4fb04b68e61bd7,scene-0916,day,car,vehicle.car,car,v60-80,127.3,18.43,17.0,1.17,19.34,18.84,19.03,True
207924ae382b416b8f4fb04b68e61bd7,scene-0916,day,car,vehicle.car,car,v60-80,99.8,23.78,22.67,7.47,22.12,20.32,21.13,False
207924ae382b416b8f4fb04b68e61bd7,scene-0916,day,car,vehicle.car,car,v40-60,51.4,42.76,41.64,10.8,37.91,34.84,35.97,False
207924ae382b416b8f4fb04b68e61bd7,scene-0916,day,car,vehicle.car,car,v40-60,36.2,66.24,64.06,14.62,60.65,55.6,56.77,False
207924ae382b416b8f4fb04b68e61bd7,scene-0916,day,truck,vehicle.truck,truck,v40-60,94.4,32.13,30.76,0.0,34.56,33.77,34.03,True
bae2946bd7c04bf190538513ec180ecc,scene-0916,day,car,vehicle.car,car,v80-100,227.9,11.25,9.39,3.84,9.61,9.37,9.41,False
bae2946bd7c04bf190538513ec180ecc,scene-0916,day,car,vehicle.car,car,v60-80,201.5,12.57,11.08,3.86,10.97,10.48,10.73,False
bae2946bd7c04bf190538513ec180ecc,scene-0916,day,car,vehicle.car,car,v80-100,39.6,53.01,50.87,3.85,55.66,54.61,54.93,False
bae2946bd7c04bf190538513ec180ecc,scene-0916,day,car,vehicle.car,car,v60-80,150.6,16.29,14.78,3.45,15.66,15.47,15.52,False
bae2946bd7c04bf190538513ec180ecc,scene-0916,day,car,vehicle.car,car,v60-80,105.6,21.59,20.43,4.88,20.17,18.25,18.95,False
bae2946bd7c04bf190538513ec180ecc,scene-0916,day,car,vehicle.car,car,v80-100,36.8,55.77,53.34,2.48,61.29,60.76,60.82,False
bae2946bd7c04bf190538513ec180ecc,scene-0916,day,car,vehicle.car,car,v40-60,36.8,63.97,61.78,6.84,69.42,65.3,66.34,False
bae2946bd7c04bf190538513ec180ecc,scene-0916,day,car,vehicle.car,car,v40-60,52.7,40.5,39.35,5.99,38.97,34.59,36.32,False
bae2946bd7c04bf190538513ec180ecc,scene-0916,day,truck,vehicle.truck,truck,v60-80,102.7,29.85,28.45,2.23,32.27,31.32,31.94,False
65ca09683fc74f8891762c2f072d260a,scene-0916,day,car,vehicle.car,car,v60-80,182.8,14.09,12.47,4.03,12.57,12.28,12.41,False
65ca09683fc74f8891762c2f072d260a,scene-0916,day,car,vehicle.car,car,v80-100,41.3,50.46,48.32,1.94,52.56,51.67,51.84,False
65ca09683fc74f8891762c2f072d260a,scene-0916,day,car,vehicle.car,car,v40-60,55.6,38.1,36.92,4.8,39.9,34.32,35.87,False
65ca09683fc74f8891762c2f072d260a,scene-0916,day,car,vehicle.car,car,v60-80,257.1,10.48,8.78,3.47,8.59,8.47,8.52,False
65ca09683fc74f8891762c2f072d260a,scene-0916,day,car,vehicle.car,car,v60-80,118.5,19.25,18.02,4.13,18.04,17.42,17.64,False
65ca09683fc74f8891762c2f072d260a,scene-0916,day,car,vehicle.car,car,v40-60,38.0,61.54,59.34,4.73,68.5,61.95,63.2,False
65ca09683fc74f8891762c2f072d260a,scene-0916,day,car,vehicle.car,car,v80-100,38.5,53.36,50.93,4.54,62.31,61.65,62.0,False
65ca09683fc74f8891762c2f072d260a,scene-0916,day,truck,vehicle.truck,truck,v60-80,112.5,27.43,26.01,3.08,28.48,27.37,27.7,False
b474724af63f4a108be0900675dbab6f,scene-0916,day,car,vehicle.car,car,v40-60,59.7,35.59,34.39,4.66,38.22,35.32,36.54,False
b474724af63f4a108be0900675dbab6f,scene-0916,day,car,vehicle.car,car,v60-80,232.9,11.85,10.1,4.05,10.16,9.98,10.06,False
b474724af63f4a108be0900675dbab6f,scene-0916,day,car,vehicle.car,car,v80-100,43.6,47.88,45.74,1.76,50.89,50.29,50.44,False
b474724af63f4a108be0900675dbab6f,scene-0916,day,car,vehicle.car,car,v60-80,138.9,16.85,15.53,4.06,16.2,15.56,15.8,False
b474724af63f4a108be0900675dbab6f,scene-0916,day,truck,vehicle.truck,truck,v60-80,124.7,24.96,23.46,3.19,25.49,24.74,24.94,False
b474724af63f4a108be0900675dbab6f,scene-0916,day,car,vehicle.car,car,v80-100,40.5,50.83,48.4,4.71,60.41,59.48,59.69,False
b474724af63f4a108be0900675dbab6f,scene-0916,day,car,vehicle.car,car,v40-60,39.7,59.0,56.8,4.69,67.49,61.36,62.64,False
ab7e9c8335034420a1012fd5d165c099,scene-0916,day,car,vehicle.car,car,v60-80,169.8,14.44,13.01,3.99,13.64,13.07,13.27,False
ab7e9c8335034420a1012fd5d165c099,scene-0916,day,car,vehicle.car,car,v40-60,65.2,33.03,31.81,4.53,35.64,33.41,34.38,False
ab7e9c8335034420a1012fd5d165c099,scene-0916,day,car,vehicle.car,car,v80-100,46.2,45.26,43.11,1.73,48.56,48.08,48.21,False
ab7e9c8335034420a1012fd5d165c099,scene-0916,day,car,vehicle.car,car,v80-100,42.8,48.26,45.8,4.74,55.7,54.96,55.18,False
ab7e9c8335034420a1012fd5d165c099,scene-0916,day,car,vehicle.car,car,v40-60,104.5,20.99,19.69,4.02,21.27,20.61,21.0,False
ab7e9c8335034420a1012fd5d165c099,scene-0916,day,truck,vehicle.truck,truck,v80-100,141.4,22.48,20.87,3.3,22.8,22.19,22.41,False
ab7e9c8335034420a1012fd5d165c099,scene-0916,day,car,vehicle.car,car,v40-60,41.7,56.41,54.2,4.68,61.2,57.2,59.01,False
ab7e9c8335034420a1012fd5d165c099,scene-0916,day,car,vehicle.car,car,v60-80,325.8,9.75,7.81,4.08,7.69,7.21,7.39,False
b45600798b1f46658b708b65fef08c1e,scene-0916,day,car,vehicle.car,car,v60-80,217.5,12.07,10.48,4.03,10.82,10.5,10.66,False
b45600798b1f46658b708b65fef08c1e,scene-0916,day,car,vehicle.car,car,v40-60,121.0,18.43,17.06,4.03,18.67,18.06,18.38,False
b45600798b1f46658b708b65fef08c1e,scene-0916,day,car,vehicle.car,car,v80-100,49.4,42.55,40.4,1.84,46.91,46.33,46.53,False
b45600798b1f46658b708b65fef08c1e,scene-0916,day,car,vehicle.car,car,v80-100,44.9,45.61,43.15,4.58,54.77,53.94,54.18,False
b45600798b1f46658b708b65fef08c1e,scene-0916,day,car,vehicle.car,car,v40-60,70.9,30.39,29.15,4.51,33.49,31.68,32.55,False
b45600798b1f46658b708b65fef08c1e,scene-0916,day,truck,vehicle.truck,truck,v80-100,161.7,19.92,18.21,3.32,20.0,19.52,19.66,False
b45600798b1f46658b708b65fef08c1e,scene-0916,day,car,vehicle.car,car,v40-60,43.8,53.73,51.52,4.86,63.89,61.3,61.91,False
b45600798b1f46658b708b65fef08c1e,scene-0916,day,car,vehicle.car,car,v40-60,40.8,55.67,53.5,0.26,63.77,59.54,60.77,True
d78259c8cb0d4cfc9a0ccd43b1ebd994,scene-0916,day,car,vehicle.car,car,v40-60,147.1,15.82,14.35,4.03,15.18,14.71,14.96,False
d78259c8cb0d4cfc9a0ccd43b1ebd994,scene-0916,day,car,vehicle.car,car,v80-100,53.1,39.72,37.56,1.9,42.35,41.84,42.0,False
d78259c8cb0d4cfc9a0ccd43b1ebd994,scene-0916,day,car,vehicle.car,car,v80-100,48.0,42.88,40.42,4.44,49.78,48.77,49.03,False
d78259c8cb0d4cfc9a0ccd43b1ebd994,scene-0916,day,truck,vehicle.truck,truck,v80-100,191.9,17.31,15.46,3.36,16.87,16.5,16.64,False
d78259c8cb0d4cfc9a0ccd43b1ebd994,scene-0916,day,car,vehicle.car,car,v40-60,78.9,27.67,26.39,4.59,31.36,29.68,30.16,False
d78259c8cb0d4cfc9a0ccd43b1ebd994,scene-0916,day,car,vehicle.car,car,v40-60,46.4,50.95,48.73,5.01,61.85,58.82,59.74,False
d78259c8cb0d4cfc9a0ccd43b1ebd994,scene-0916,day,car,vehicle.car,car,v40-60,43.1,52.85,50.69,0.14,55.96,52.88,53.66,True
d78259c8cb0d4cfc9a0ccd43b1ebd994,scene-0916,day,car,vehicle.car,car,v40-60,98.2,23.02,21.61,4.63,25.75,25.07,25.44,False
e8349613902547b5b0911759fa79efaa,scene-0916,day,car,vehicle.car,car,v40-60,186.3,13.26,11.64,3.89,12.24,12.01,12.1,False
e8349613902547b5b0911759fa79efaa,scene-0916,day,car,vehicle.car,car,v80-100,57.4,36.88,34.72,1.52,38.37,37.95,38.06,False
e8349613902547b5b0911759fa79efaa,scene-0916,day,car,vehicle.car,car,v80-100,51.6,40.06,37.59,4.88,44.92,43.94,44.23,False
e8349613902547b5b0911759fa79efaa,scene-0916,day,truck,vehicle.truck,truck,v80-100,238.2,14.73,12.72,3.63,13.78,13.28,13.41,False
e8349613902547b5b0911759fa79efaa,scene-0916,day,car,vehicle.car,car,v40-60,88.9,24.92,23.6,4.32,27.76,26.49,26.77,False
e8349613902547b5b0911759fa79efaa,scene-0916,day,car,vehicle.car,car,v40-60,49.3,48.13,45.9,4.52,57.17,54.75,55.53,False
e8349613902547b5b0911759fa79efaa,scene-0916,day,car,vehicle.car,car,v40-60,45.8,49.97,47.81,0.63,53.7,49.9,51.46,True
e8349613902547b5b0911759fa79efaa,scene-0916,day,car,vehicle.car,car,v60-80,113.8,20.33,18.82,4.39,22.8,22.44,22.55,False
2d7914ad33d64062806d96e7c1fd3476,scene-0916,day,car,vehicle.car,car,v80-100,55.5,37.22,34.75,5.38,41.05,40.27,40.46,False
2d7914ad33d64062806d96e7c1fd3476,scene-0916,day,car,vehicle.car,car,v80-100,62.6,33.99,31.82,1.06,34.85,34.47,34.55,True
2d7914ad33d64062806d96e7c1fd3476,scene-0916,day,truck,vehicle.truck,truck,v80-100,311.9,12.24,10.02,3.78,10.63,10.47,10.54,False
2d7914ad33d64062806d96e7c1fd3476,scene-0916,day,car,vehicle.car,car,v40-60,250.2,10.78,8.96,3.75,9.02,8.74,8.79,False
2d7914ad33d64062806d96e7c1fd3476,scene-0916,day,car,vehicle.car,car,v40-60,100.5,22.16,20.78,4.04,23.27,22.86,23.07,False
2d7914ad33d64062806d96e7c1fd3476,scene-0916,day,car,vehicle.car,car,v40-60,52.4,45.27,43.03,3.96,52.06,49.94,50.64,False
2d7914ad33d64062806d96e7c1fd3476,scene-0916,day,car,vehicle.car,car,v60-80,133.3,17.63,16.01,4.13,18.62,18.25,18.46,False
2d7914ad33d64062806d96e7c1fd3476,scene-0916,day,car,vehicle.car,car,v40-60,48.7,47.1,44.94,1.21,45.64,43.66,44.2,False
2d7914ad33d64062806d96e7c1fd3476,scene-0916,day,car,vehicle.car,car,v60-80,60.3,39.92,37.54,8.54,49.26,46.66,47.85,False
b886a7f74e7c4b78ae3b626c2e0b67f4,scene-0916,day,car,vehicle.car,car,v80-100,165.7,14.83,13.07,3.98,14.95,14.66,14.77,False
b886a7f74e7c4b78ae3b626c2e0b67f4,scene-0916,day,car,vehicle.car,car,v80-100,60.5,34.22,31.74,5.61,39.98,38.81,39.03,False
b886a7f74e7c4b78ae3b626c2e0b67f4,scene-0916,day,car,vehicle.car,car,v80-100,69.3,30.93,28.75,0.83,33.42,32.92,33.1,True
b886a7f74e7c4b78ae3b626c2e0b67f4,scene-0916,day,car,vehicle.car,car,v60-80,118.2,19.25,17.8,3.9,21.06,20.75,20.9,False
b886a7f74e7c4b78ae3b626c2e0b67f4,scene-0916,day,car,vehicle.car,car,v60-80,65.7,37.01,34.61,8.34,45.44,43.06,44.18,False
b886a7f74e7c4b78ae3b626c2e0b67f4,scene-0916,day,car,vehicle.car,car,v40-60,56.2,42.24,39.99,3.69,49.42,47.66,48.34,False
b886a7f74e7c4b78ae3b626c2e0b67f4,scene-0916,day,car,vehicle.car,car,v40-60,52.4,44.05,41.88,1.5,47.21,43.52,44.35,False
b886a7f74e7c4b78ae3b626c2e0b67f4,scene-0916,day,car,vehicle.car,car,v80-100,57.7,42.68,40.39,12.89,52.82,52.23,52.44,False
b886a7f74e7c4b78ae3b626c2e0b67f4,scene-0916,day,truck,vehicle.truck,car,v80-100,464.4,9.82,7.32,3.83,7.5,6.88,7.1,False
60c424c157b54829ba532e11fe66363c,scene-0916,day,car,vehicle.car,car,v80-100,67.1,31.24,28.75,5.83,34.29,33.38,33.6,False
60c424c157b54829ba532e11fe66363c,scene-0916,day,car,vehicle.car,car,v80-100,217.8,12.16,10.22,3.9,11.33,11.12,11.23,False
60c424c157b54829ba532e11fe66363c,scene-0916,day,car,vehicle.car,car,v80-100,77.5,27.92,25.72,0.67,29.2,28.7,28.91,True
60c424c157b54829ba532e11fe66363c,scene-0916,day,car,vehicle.car,car,v60-80,142.7,16.39,14.86,3.78,16.81,16.36,16.56,False
60c424c157b54829ba532e11fe66363c,scene-0916,day,car,vehicle.car,car,v80-100,71.8,34.12,31.7,8.15,39.84,37.51,38.34,False
60c424c157b54829ba532e11fe66363c,scene-0916,day,car,vehicle.car,car,v40-60,56.6,40.95,38.79,1.74,41.16,37.34,37.73,False
60c424c157b54829ba532e11fe66363c,scene-0916,day,car,vehicle.car,car,v40-60,60.6,39.22,36.96,3.44,43.33,41.83,42.6,False
60c424c157b54829ba532e11fe66363c,scene-0916,day,car,vehicle.car,car,v80-100,62.9,39.83,37.53,13.18,48.31,47.7,47.9,False
e2eb142fa3cf467a8ec42faa6a051bb0,scene-0916,day,car,vehicle.car,car,v60-80,178.4,13.63,11.98,3.7,12.98,12.57,12.74,False
e2eb142fa3cf467a8ec42faa6a051bb0,scene-0916,day,car,vehicle.car,car,v80-100,78.9,31.29,28.85,8.0,34.9,33.36,33.81,False
e2eb142fa3cf467a8ec42faa6a051bb0,scene-0916,day,car,vehicle.car,car,v80-100,74.8,28.37,25.87,5.91,31.65,30.61,30.82,False
e2eb142fa3cf467a8ec42faa6a051bb0,scene-0916,day,car,vehicle.car,car,v80-100,87.8,24.91,22.7,0.52,26.82,26.17,26.39,True
e2eb142fa3cf467a8ec42faa6a051bb0,scene-0916,day,car,vehicle.car,car,v40-60,65.4,36.25,33.98,3.28,37.95,36.98,37.26,False
e2eb142fa3cf467a8ec42faa6a051bb0,scene-0916,day,car,vehicle.car,car,v40-60,61.3,37.98,35.83,1.92,38.64,34.75,35.48,False
e2eb142fa3cf467a8ec42faa6a051bb0,scene-0916,day,car,vehicle.car,car,v80-100,68.7,37.07,34.75,13.4,43.54,43.01,43.17,False
aa8b56c5feb442dab1d95a62b8509e13,scene-0916,day,car,vehicle.car,car,v80-100,88.7,28.42,25.96,7.87,30.9,29.62,30.11,False
aa8b56c5feb442dab1d95a62b8509e13,scene-0916,day,car,vehicle.car,car,v80-100,84.8,25.5,23.0,5.98,27.95,26.92,27.19,False
aa8b56c5feb442dab1d95a62b8509e13,scene-0916,day,car,vehicle.car,car,v80-100,241.7,11.0,9.18,3.65,10.11,9.9,9.98,False
aa8b56c5feb442dab1d95a62b8509e13,scene-0916,day,car,vehicle.car,car,v80-100,101.2,21.93,19.71,0.46,24.14,23.42,23.67,True
aa8b56c5feb442dab1d95a62b8509e13,scene-0916,day,car,vehicle.car,car,v40-60,71.5,33.29,31.0,3.19,33.89,32.88,33.28,False
aa8b56c5feb442dab1d95a62b8509e13,scene-0916,day,car,vehicle.car,car,v40-60,66.9,35.01,32.85,1.98,35.78,31.71,32.02,False
11693aefd68c4f70ac76775f4a31026d,scene-0916,day,car,vehicle.car,car,v80-100,97.3,22.76,20.25,5.79,24.71,23.7,23.98,False
11693aefd68c4f70ac76775f4a31026d,scene-0916,day,car,vehicle.car,car,v80-100,101.0,25.75,23.27,8.06,25.93,25.04,25.37,False
11693aefd68c4f70ac76775f4a31026d,scene-0916,day,car,vehicle.car,car,v80-100,118.7,19.07,16.83,0.61,21.02,20.06,20.39,True
11693aefd68c4f70ac76775f4a31026d,scene-0916,day,car,vehicle.car,car,v40-60,72.9,32.16,30.01,1.71,33.57,27.76,28.07,False
11693aefd68c4f70ac76775f4a31026d,scene-0916,day,car,vehicle.car,car,v40-60,78.9,30.45,28.14,3.43,30.61,29.62,29.98,False
11693aefd68c4f70ac76775f4a31026d,scene-0916,day,car,vehicle.car,car,v80-100,84.9,31.75,29.37,13.12,36.59,35.99,36.12,False
f2b6c088d189439aa7bb2460d1db05da,scene-0916,day,car,vehicle.car,car,v80-100,117.4,23.36,20.86,8.76,24.04,23.18,23.48,False
f2b6c088d189439aa7bb2460d1db05da,scene-0916,day,car,vehicle.car,car,v80-100,112.0,20.13,17.62,5.08,22.45,21.3,21.61,False
f2b6c088d189439aa7bb2460d1db05da,scene-0916,day,car,vehicle.car,car,v80-100,142.4,16.41,14.14,1.14,18.08,17.17,17.45,True
f2b6c088d189439aa7bb2460d1db05da,scene-0916,day,car,vehicle.car,car,v40-60,54.1,37.36,35.23,13.06,32.16,30.23,31.07,False
f2b6c088d189439aa7bb2460d1db05da,scene-0916,day,car,vehicle.car,car,v80-100,93.1,29.3,26.91,12.25,33.6,33.05,33.21,False
f2b6c088d189439aa7bb2460d1db05da,scene-0916,day,car,vehicle.car,car,v40-60,79.8,29.45,27.3,0.82,30.26,25.06,25.35,True
f2b6c088d189439aa7bb2460d1db05da,scene-0916,day,car,vehicle.car,car,v40-60,87.7,27.8,25.48,4.3,29.64,28.64,28.84,False
7d31b274752d4b96a4e2fcb3eda3e1e1,scene-0916,day,car,vehicle.car,car,v80-100,60.5,35.21,33.07,15.22,33.8,32.29,32.82,False
7d31b274752d4b96a4e2fcb3eda3e1e1,scene-0916,day,car,vehicle.car,car,v80-100,174.8,14.08,11.78,2.15,14.02,13.29,13.52,False
7d31b274752d4b96a4e2fcb3eda3e1e1,scene-0916,day,car,vehicle.car,car,v80-100,128.5,17.72,15.21,3.65,19.71,18.67,18.9,False
7d31b274752d4b96a4e2fcb3eda3e1e1,scene-0916,day,car,vehicle.car,car,v80-100,100.4,27.06,24.65,10.65,29.92,29.31,29.51,False
7d31b274752d4b96a4e2fcb3eda3e1e1,scene-0916,day,car,vehicle.car,car,v40-60,87.6,27.03,24.89,0.0,27.76,21.47,21.89,True
4cb2e5f01be94ffeb22cabde23ba5b46,scene-0916,day,car,vehicle.car,car,v80-100,149.1,15.4,12.89,1.61,16.54,15.65,15.85,False
4cb2e5f01be94ffeb22cabde23ba5b46,scene-0916,day,car,vehicle.car,car,v80-100,228.6,12.06,9.68,3.5,10.27,9.91,10.04,False
4cb2e5f01be94ffeb22cabde23ba5b46,scene-0916,day,car,vehicle.car,car,v40-60,114.9,23.46,21.06,8.45,21.99,21.51,21.72,False
4cb2e5f01be94ffeb22cabde23ba5b46,scene-0916,day,car,vehicle.car,car,v40-60,96.3,24.76,22.6,1.71,18.13,17.41,17.58,False
13b3848fba3442f58870664d973fcb3f,scene-0916,day,car,vehicle.car,car,v80-100,174.0,13.36,10.83,0.0,14.02,13.17,13.4,True
71f5065f435c47f5b208831524ae6a2a,scene-0916,day,car,vehicle.car,car,v80-100,214.9,11.39,8.84,0.0,11.43,10.6,10.85,True
71f5065f435c47f5b208831524ae6a2a,scene-0916,day,car,vehicle.car,car,v80-100,112.9,20.98,18.53,0.59,24.61,23.76,24.21,True
468dcee93e6049d8873706be7f9f3f89,scene-0916,day,car,vehicle.car,car,v80-100,294.4,9.67,7.14,1.79,8.43,7.72,7.93,False
4c5917e14f224fa2a0bd3bd182f8a3d8,scene-0916,day,car,vehicle.car,car,v80-100,144.0,17.42,14.98,4.39,18.42,17.57,17.88,False
fc5171d2a56e46a593f7d3e90e5de0ea,scene-1077,night,car,vehicle.car,car,v80-100,195.5,15.0,12.49,5.09,11.54,11.02,11.2,False
16575dd8d5f744bd88e65b2fc28f9cd1,scene-1077,night,car,vehicle.car,car,v80-100,35.5,69.11,66.55,16.6,65.91,61.87,63.16,False
16575dd8d5f744bd88e65b2fc28f9cd1,scene-1077,night,car,vehicle.car,car,v80-100,173.4,16.12,13.7,4.45,13.51,12.99,13.15,False
16575dd8d5f744bd88e65b2fc28f9cd1,scene-1077,night,car,vehicle.car,car,v80-100,58.9,38.6,36.02,0.0,42.21,40.39,40.89,True
018a53cd2bd24f8085c57f286f83440d,scene-1077,night,car,vehicle.car,car,v80-100,152.9,17.16,14.83,3.05,16.59,16.22,16.38,False
018a53cd2bd24f8085c57f286f83440d,scene-1077,night,car,vehicle.car,car,v80-100,50.9,43.26,40.83,6.29,42.75,40.48,40.94,False
018a53cd2bd24f8085c57f286f83440d,scene-1077,night,car,vehicle.car,car,v80-100,41.1,57.8,55.22,0.0,66.37,63.83,64.34,True
c976f61a80744991951456098cfde3c5,scene-1077,night,car,vehicle.car,car,v80-100,134.1,18.45,16.16,1.19,19.05,18.81,18.85,True
c976f61a80744991951456098cfde3c5,scene-1077,night,car,vehicle.car,car,v80-100,47.0,45.89,43.48,0.0,47.38,45.99,46.36,True
73b2d06d6b324d4db30ae507cb0385f7,scene-1077,night,car,vehicle.car,car,v80-100,126.6,19.45,17.17,0.0,14.22,14.09,14.12,True
73b2d06d6b324d4db30ae507cb0385f7,scene-1077,night,car,vehicle.car,car,v80-100,45.2,48.6,46.21,2.8,39.16,37.89,38.23,False
3a308cf9cf9a4e60a103da1b9edb4850,scene-1077,night,car,vehicle.car,car,v80-100,42.1,51.47,49.05,4.78,41.28,39.99,40.37,False
3a308cf9cf9a4e60a103da1b9edb4850,scene-1077,night,car,vehicle.car,car,v80-100,51.5,44.19,41.53,10.83,40.66,38.66,39.16,False
3a308cf9cf9a4e60a103da1b9edb4850,scene-1077,night,car,vehicle.car,car,v80-100,120.7,20.38,18.1,0.0,14.77,14.55,14.62,True
6f9c54f157b347619b5259cc8002fa11,scene-1077,night,car,vehicle.car,car,v80-100,39.8,54.07,51.76,5.24,44.69,41.61,42.06,False
6f9c54f157b347619b5259cc8002fa11,scene-1077,night,car,vehicle.car,car,v80-100,34.3,65.36,62.8,12.05,49.26,47.39,48.25,False
6f9c54f157b347619b5259cc8002fa11,scene-1077,night,car,vehicle.car,car,v80-100,26.7,80.45,78.16,12.65,52.32,50.48,50.92,False
6f9c54f157b347619b5259cc8002fa11,scene-1077,night,car,vehicle.car,car,v80-100,122.6,22.95,20.32,10.72,21.15,16.08,17.16,False
6f9c54f157b347619b5259cc8002fa11,scene-1077,night,car,vehicle.car,car,v80-100,48.0,48.69,46.07,10.38,40.19,38.35,38.78,False
6f9c54f157b347619b5259cc8002fa11,scene-1077,night,car,vehicle.car,car,v80-100,117.3,20.86,18.58,0.0,15.34,15.19,15.25,True
03ff7abc0df34efa8e6e61138af392e0,scene-1077,night,car,vehicle.car,car,v80-100,38.4,56.43,54.11,5.54,51.02,45.52,45.85,False
03ff7abc0df34efa8e6e61138af392e0,scene-1077,night,car,vehicle.car,car,v80-100,91.8,28.05,25.38,11.38,23.2,21.43,21.72,False
03ff7abc0df34efa8e6e61138af392e0,scene-1077,night,car,vehicle.car,car,v80-100,114.1,21.36,19.08,0.0,16.01,15.78,15.85,True
03ff7abc0df34efa8e6e61138af392e0,scene-1077,night,car,vehicle.car,car,v80-100,50.8,55.78,53.22,20.66,50.56,46.77,48.43,False
03ff7abc0df34efa8e6e61138af392e0,scene-1077,night,car,vehicle.car,car,v80-100,60.9,39.76,37.11,10.43,35.04,32.65,33.53,False
03ff7abc0df34efa8e6e61138af392e0,scene-1077,night,car,vehicle.car,car,v80-100,30.1,72.55,70.25,12.88,49.62,46.98,48.62,False
a4fd7545ff374e7697358dcac68180f0,scene-1077,night,car,vehicle.car,car,v80-100,64.7,46.4,43.83,20.78,32.12,30.53,30.89,False
a4fd7545ff374e7697358dcac68180f0,scene-1077,night,car,vehicle.car,car,v80-100,37.0,58.6,56.29,5.71,60.69,47.43,48.26,False
a4fd7545ff374e7697358dcac68180f0,scene-1077,night,car,vehicle.car,car,v80-100,34.3,74.78,72.28,22.0,45.05,37.03,42.73,False
a4fd7545ff374e7697358dcac68180f0,scene-1077,night,car,vehicle.car,car,v80-100,110.1,21.83,19.55,0.0,15.58,15.31,15.39,True
a4fd7545ff374e7697358dcac68180f0,scene-1077,night,car,vehicle.car,car,v80-100,48.1,48.55,45.96,12.15,35.94,34.27,34.79,False
ff63efe960494c74b5c77a1324af336d,scene-1077,night,car,vehicle.car,car,v80-100,39.7,66.0,63.49,23.59,56.97,53.52,54.96,False
ff63efe960494c74b5c77a1324af336d,scene-1077,night,car,vehicle.car,car,v80-100,58.4,40.74,38.13,12.09,44.47,41.57,42.36,False
ff63efe960494c74b5c77a1324af336d,scene-1077,night,car,vehicle.car,car,v80-100,108.5,22.13,19.85,0.0,22.3,22.05,22.13,True
ff63efe960494c74b5c77a1324af336d,scene-1077,night,car,vehicle.car,car,v80-100,121.8,23.34,20.65,10.49,23.06,21.63,22.3,False
ff63efe960494c74b5c77a1324af336d,scene-1077,night,car,vehicle.car,car,v80-100,35.3,60.42,58.12,5.46,68.29,66.32,66.74,False
7fc914ee8d9743fcb7cea856d89ed3c9,scene-1077,night,car,vehicle.car,car,v80-100,67.2,38.54,35.93,17.43,36.78,32.05,35.95,False
7fc914ee8d9743fcb7cea856d89ed3c9,scene-1077,night,car,vehicle.car,car,v80-100,47.2,47.77,45.41,12.28,49.98,48.35,48.88,False
7fc914ee8d9743fcb7cea856d89ed3c9,scene-1077,night,car,vehicle.car,car,v80-100,82.1,30.83,28.19,11.71,32.68,31.07,31.39,False
7fc914ee8d9743fcb7cea856d89ed3c9,scene-1077,night,car,vehicle.car,car,v80-100,32.8,64.82,62.52,5.67,70.86,68.35,69.01,False
7fc914ee8d9743fcb7cea856d89ed3c9,scene-1077,night,car,vehicle.car,car,v80-100,106.2,22.53,20.25,0.0,23.34,23.17,23.2,True
7fc914ee8d9743fcb7cea856d89ed3c9,scene-1077,night,car,vehicle.car,car,v60-80,42.9,56.42,53.85,17.24,56.17,53.47,54.57,False
ff2ac4c5789941c5b3f57e337ac4ee9b,scene-1077,night,car,vehicle.car,car,v80-100,106.5,22.78,20.5,0.0,19.67,19.46,19.53,True
ff2ac4c5789941c5b3f57e337ac4ee9b,scene-1077,night,car,vehicle.car,car,v80-100,46.8,57.62,55.13,22.38,52.23,44.51,45.89,False
777b4a848cb44aad8cff5729011469d4,scene-1077,night,car,vehicle.car,car,v80-100,109.0,22.78,20.49,0.0,19.76,19.65,19.68,True
777b4a848cb44aad8cff5729011469d4,scene-1077,night,car,vehicle.car,car,v80-100,31.5,70.18,67.88,5.54,64.44,62.81,63.14,False
777b4a848cb44aad8cff5729011469d4,scene-1077,night,car,vehicle.car,car,v80-100,34.2,69.77,67.05,13.26,57.14,55.35,56.07,False
a427ed5bd5c94af1b88ba5bba662f837,scene-1077,night,car,vehicle.car,car,v60-80,80.3,34.21,31.57,12.34,25.4,19.0,19.4,False
a427ed5bd5c94af1b88ba5bba662f837,scene-1077,night,car,vehicle.car,car,v80-100,109.1,22.69,20.4,0.0,17.15,16.92,17.01,True
f4b30e3cdfca497c87a6640276e1b573,scene-1077,night,car,vehicle.car,car,v80-100,63.5,41.63,38.98,16.56,40.86,36.01,37.76,False
f4b30e3cdfca497c87a6640276e1b573,scene-1077,night,car,vehicle.car,car,v80-100,108.2,22.85,20.57,0.0,21.8,21.52,21.61,True
53bf4f9f335b4180bf3ffa998853d6c2,scene-1077,night,car,vehicle.car,car,v80-100,108.4,22.88,20.6,0.0,22.96,22.74,22.76,True
53bf4f9f335b4180bf3ffa998853d6c2,scene-1077,night,car,vehicle.car,car,v80-100,29.3,75.38,73.09,5.29,88.74,85.19,86.05,False
941df6343d944a659e16b892e023931c,scene-1077,night,car,vehicle.car,car,v80-100,105.0,23.19,20.9,0.0,22.43,22.05,22.17,True
a534bc510aba4393bc620e7c8121b69c,scene-1077,night,car,vehicle.car,car,v80-100,105.1,23.45,21.17,0.0,22.64,22.37,22.44,True
a534bc510aba4393bc620e7c8121b69c,scene-1077,night,car,vehicle.car,car,v80-100,27.4,79.93,77.64,4.61,89.21,84.67,86.7,False
e37de16d519e4af6beaba685eae05a57,scene-1077,night,car,vehicle.car,car,v80-100,103.9,23.68,21.39,0.0,23.75,23.48,23.57,True
f9c324a0d723415e92f7503ced9a7389,scene-1077,night,car,vehicle.car,car,v80-100,101.7,23.81,21.52,0.0,16.98,16.72,16.8,True
54e94f89fb124c32940a224c196a49c0,scene-1077,night,car,vehicle.car,car,v80-100,90.5,30.56,27.84,11.92,29.57,25.42,26.29,False
54e94f89fb124c32940a224c196a49c0,scene-1077,night,car,vehicle.car,car,v80-100,102.3,23.91,21.63,0.0,19.73,19.37,19.46,True
7d10c94f6a104fc0882fe126533d31e3,scene-1077,night,car,vehicle.car,car,v80-100,34.7,69.55,67.08,11.9,71.1,68.45,68.81,False
7d10c94f6a104fc0882fe126533d31e3,scene-1077,night,car,vehicle.car,car,v80-100,100.8,24.13,21.84,0.0,23.82,23.54,23.63,True
1636a50b7f3b403e899910eea8ce2e23,scene-1077,night,car,vehicle.car,car,v80-100,100.9,24.14,21.84,0.0,25.44,25.11,25.22,True
1636a50b7f3b403e899910eea8ce2e23,scene-1077,night,car,vehicle.car,car,v80-100,43.3,56.95,54.43,11.81,64.03,62.71,62.95,False
1636a50b7f3b403e899910eea8ce2e23,scene-1077,night,bus,vehicle.bus.rigid,car,v80-100,151.9,50.1,44.08,20.33,35.25,20.18,27.46,False
efc0530010574686a81ea923e2a77955,scene-1077,night,car,vehicle.car,car,v80-100,57.7,44.37,41.8,11.94,47.46,40.29,41.97,False
efc0530010574686a81ea923e2a77955,scene-1077,night,car,vehicle.car,car,v80-100,101.9,23.99,21.69,0.0,20.74,20.47,20.55,True
d80d00fe8aa444b7b04ae588b5e55ea0,scene-1077,night,car,vehicle.car,car,v80-100,85.0,32.65,30.01,12.32,40.55,34.3,35.91,False
d80d00fe8aa444b7b04ae588b5e55ea0,scene-1077,night,car,vehicle.car,car,v80-100,103.1,23.75,21.44,0.0,24.74,24.29,24.39,True
d80d00fe8aa444b7b04ae588b5e55ea0,scene-1077,night,car,vehicle.car,car,v80-100,52.2,48.44,45.99,8.96,46.49,43.34,44.68,False
da25480e018a40f5b86e16e5432e4fc8,scene-1077,night,car,vehicle.car,car,v80-100,70.6,36.63,34.14,9.46,38.03,35.24,35.85,False
da25480e018a40f5b86e16e5432e4fc8,scene-1077,night,car,vehicle.car,car,v80-100,101.8,23.65,21.33,0.0,25.89,25.46,25.58,True
b2e2c08229454e5587d05d2616877139,scene-1077,night,car,vehicle.car,car,v80-100,120.4,24.21,21.69,10.03,22.69,19.58,20.88,False
b2e2c08229454e5587d05d2616877139,scene-1077,night,car,vehicle.car,car,v80-100,102.2,23.52,21.19,0.0,26.55,26.17,26.27,True
8f2f799ccddb430aa6caa323d134014a,scene-1077,night,car,vehicle.car,car,v80-100,105.2,23.24,20.9,0.0,27.34,27.02,27.12,True
2edd8a4e2b484a22b0ec566f2f2e9b95,scene-1077,night,car,vehicle.car,car,v80-100,106.0,22.99,20.66,0.0,27.58,27.16,27.29,True
341e20164fcb47cbb22332a47013bdb6,scene-1077,night,car,vehicle.car,car,v80-100,32.4,65.24,62.85,11.67,68.52,63.09,65.07,False
341e20164fcb47cbb22332a47013bdb6,scene-1077,night,car,vehicle.car,car,v80-100,106.4,22.69,20.35,0.0,26.22,25.97,25.98,True
1a73ab0790a0423bbd317c10bebf7f23,scene-1077,night,car,vehicle.car,car,v80-100,40.5,52.75,50.33,11.93,48.51,46.29,47.01,False
1a73ab0790a0423bbd317c10bebf7f23,scene-1077,night,car,vehicle.car,car,v80-100,19.7,106.27,103.89,4.49,90.0,87.86,88.7,False
1a73ab0790a0423bbd317c10bebf7f23,scene-1077,night,car,vehicle.car,car,v80-100,106.3,22.53,20.18,0.0,24.38,24.02,24.12,True
2e63eb8c6e91493292396908c1257f31,scene-1077,night,car,vehicle.car,car,v80-100,55.5,40.44,37.98,11.88,42.95,40.24,41.9,False
2e63eb8c6e91493292396908c1257f31,scene-1077,night,car,vehicle.car,car,v80-100,66.7,39.54,36.97,17.99,39.19,36.55,37.43,False
2e63eb8c6e91493292396908c1257f31,scene-1077,night,car,vehicle.car,car,v80-100,36.2,61.58,59.12,13.04,53.42,50.45,52.22,False
2e63eb8c6e91493292396908c1257f31,scene-1077,night,car,vehicle.car,car,v80-100,19.5,108.02,105.66,5.6,84.06,82.5,83.1,False
2e63eb8c6e91493292396908c1257f31,scene-1077,night,car,vehicle.car,car,v80-100,107.2,22.45,20.11,0.0,23.98,23.6,23.74,True
9c46f52aa0674d528647cd892968f78b,scene-1077,night,car,vehicle.car,car,v80-100,46.7,48.72,46.23,12.8,47.17,45.72,46.49,False
9c46f52aa0674d528647cd892968f78b,scene-1077,night,car,vehicle.car,car,v80-100,107.1,22.34,19.99,0.0,25.77,25.57,25.58,True
f0a02178f2f5410f91c903bf632ee296,scene-1077,night,car,vehicle.car,car,v80-100,68.2,35.34,32.79,12.37,35.72,33.63,34.47,False
f0a02178f2f5410f91c903bf632ee296,scene-1077,night,car,vehicle.car,car,v80-100,106.9,22.3,19.94,0.0,25.88,25.64,25.69,True
1402826678e143fdbe22da3080dd36d8,scene-1077,night,car,vehicle.car,car,v60-80,35.9,66.38,63.8,19.2,52.48,50.77,51.88,False
1402826678e143fdbe22da3080dd36d8,scene-1077,night,car,vehicle.car,car,v80-100,104.5,22.43,20.09,0.0,25.7,25.46,25.54,True
2d35f62a9daf41a18c15c7a946b0d141,scene-1077,night,car,vehicle.car,car,v60-80,48.3,52.5,49.9,18.12,42.45,41.23,41.65,False
2d35f62a9daf41a18c15c7a946b0d141,scene-1077,night,car,vehicle.car,car,v80-100,105.5,22.54,20.22,0.0,25.34,24.97,25.08,True
6c501bdb8b9d47179d033f033a354e71,scene-1077,night,car,vehicle.car,car,v80-100,87.9,32.65,29.98,13.75,27.37,25.62,26.17,False
6c501bdb8b9d47179d033f033a354e71,scene-1077,night,car,vehicle.car,car,v80-100,104.8,22.59,20.27,0.0,22.46,22.13,22.22,True
6c501bdb8b9d47179d033f033a354e71,scene-1077,night,car,vehicle.car,car,v80-100,18.6,117.04,114.71,11.9,72.46,70.13,70.81,False
4108995c5ea14883bb275041f72eff2c,scene-1077,night,car,vehicle.car,car,v80-100,18.4,118.61,116.29,11.8,70.31,69.2,69.62,False
4108995c5ea14883bb275041f72eff2c,scene-1077,night,car,vehicle.car,car,v80-100,105.0,22.68,20.38,0.0,23.71,23.48,23.56,True
3a69d1b97c33405cae8b45e49de12e0e,scene-1077,night,car,vehicle.car,car,v80-100,18.2,120.3,117.99,11.74,65.15,62.96,63.74,False
3a69d1b97c33405cae8b45e49de12e0e,scene-1077,night,car,vehicle.car,car,v80-100,103.9,22.75,20.46,0.0,23.08,22.82,22.88,True
3a69d1b97c33405cae8b45e49de12e0e,scene-1077,night,car,vehicle.car,car,v80-100,26.3,87.3,84.96,22.19,53.28,50.81,52.07,False
99acf4933a5d4c5ca5690f308f64bd93,scene-1077,night,car,vehicle.car,car,v80-100,18.1,121.92,119.62,11.32,68.07,66.55,66.89,False
99acf4933a5d4c5ca5690f308f64bd93,scene-1077,night,car,vehicle.car,car,v80-100,104.7,22.77,20.48,0.0,24.12,23.88,23.95,True
06d2b0ce23224a5db6d8851ff8cfbb27,scene-1077,night,car,vehicle.car,car,v80-100,17.9,123.52,121.24,10.65,70.72,68.72,69.31,False
06d2b0ce23224a5db6d8851ff8cfbb27,scene-1077,night,car,vehicle.car,car,v80-100,42.4,56.49,54.09,17.26,52.15,51.01,51.65,False
06d2b0ce23224a5db6d8851ff8cfbb27,scene-1077,night,car,vehicle.car,car,v80-100,106.7,22.76,20.48,0.0,24.61,24.34,24.43,True
629da0cec6e84c159fed48f7c3ccafac,scene-1094,night,car,vehicle.car,truck,v80-100,130.3,24.95,22.44,8.17,25.12,24.48,24.7,False
629da0cec6e84c159fed48f7c3ccafac,scene-1094,night,car,vehicle.car,truck,v80-100,147.2,30.67,27.83,6.57,30.25,28.28,29.74,False
629da0cec6e84c159fed48f7c3ccafac,scene-1094,night,pedestrian,human.pedestrian.adult,person,v80-100,64.7,38.37,37.91,6.82,39.39,39.07,39.22,False
629da0cec6e84c159fed48f7c3ccafac,scene-1094,night,car,vehicle.car,car,v80-100,457.6,7.41,5.14,0.0,6.1,6.01,6.03,True
629da0cec6e84c159fed48f7c3ccafac,scene-1094,night,pedestrian,human.pedestrian.adult,person,v80-100,91.9,25.48,25.01,5.87,24.26,23.85,23.95,False
52b308c06f834367a99f05dbe93f9ade,scene-1094,night,car,vehicle.car,truck,v80-100,147.6,30.6,27.75,6.58,30.7,29.76,30.14,False
52b308c06f834367a99f05dbe93f9ade,scene-1094,night,pedestrian,human.pedestrian.adult,person,v80-100,65.8,37.79,37.33,6.8,39.14,38.79,38.92,False
52b308c06f834367a99f05dbe93f9ade,scene-1094,night,pedestrian,human.pedestrian.adult,person,v80-100,67.7,36.79,36.31,18.08,35.36,34.85,35.03,False
52b308c06f834367a99f05dbe93f9ade,scene-1094,night,car,vehicle.car,car,v80-100,430.2,7.76,5.47,0.0,6.36,6.27,6.3,True
52b308c06f834367a99f05dbe93f9ade,scene-1094,night,pedestrian,human.pedestrian.personal_mobility,person,v80-100,289.5,10.21,9.46,4.64,9.74,9.58,9.63,False
91bb1897f021417c9006dd8c0604340c,scene-1094,night,car,vehicle.car,truck,v80-100,148.1,30.52,27.68,6.61,30.06,28.81,29.1,False
91bb1897f021417c9006dd8c0604340c,scene-1094,night,car,vehicle.car,car,v80-100,405.9,8.11,5.8,0.0,6.73,6.62,6.66,True
91bb1897f021417c9006dd8c0604340c,scene-1094,night,pedestrian,human.pedestrian.adult,person,v80-100,68.6,36.14,35.71,17.39,35.26,34.96,35.06,False
91bb1897f021417c9006dd8c0604340c,scene-1094,night,pedestrian,human.pedestrian.adult,person,v80-100,66.8,37.16,36.69,6.44,37.14,36.88,36.99,False
91bb1897f021417c9006dd8c0604340c,scene-1094,night,pedestrian,human.pedestrian.adult,person,v80-100,62.9,37.33,36.89,17.64,35.95,35.39,35.54,False
91bb1897f021417c9006dd8c0604340c,scene-1094,night,car,vehicle.car,car,v80-100,131.7,24.8,22.29,8.17,24.39,23.08,23.76,False
91bb1897f021417c9006dd8c0604340c,scene-1094,night,pedestrian,human.pedestrian.adult,person,v80-100,197.1,13.32,12.88,6.59,11.35,11.02,11.2,False
2f308b453f8641aeb38db15c17f0ed6d,scene-1094,night,car,vehicle.car,truck,v80-100,149.2,30.34,27.49,6.67,30.07,29.11,29.53,False
2f308b453f8641aeb38db15c17f0ed6d,scene-1094,night,pedestrian,human.pedestrian.adult,person,v80-100,69.7,35.48,35.15,16.87,37.07,36.78,36.88,False
2f308b453f8641aeb38db15c17f0ed6d,scene-1094,night,pedestrian,human.pedestrian.adult,person,v80-100,63.3,36.83,36.38,16.95,37.61,37.23,37.35,False
2f308b453f8641aeb38db15c17f0ed6d,scene-1094,night,pedestrian,human.pedestrian.adult,person,v80-100,83.4,26.32,25.85,2.62,28.26,12.56,27.32,False
2f308b453f8641aeb38db15c17f0ed6d,scene-1094,night,car,vehicle.car,car,v80-100,392.1,8.33,6.01,0.0,7.09,6.95,6.97,True
2f308b453f8641aeb38db15c17f0ed6d,scene-1094,night,pedestrian,human.pedestrian.adult,person,v80-100,67.8,36.54,36.01,6.05,37.96,37.26,37.48,False
2f308b453f8641aeb38db15c17f0ed6d,scene-1094,night,pedestrian,human.pedestrian.adult,person,v80-100,96.7,23.83,23.29,3.18,24.49,24.08,24.29,False
d1233582dc804f17ba879d0cf751111a,scene-1094,night,car,vehicle.car,truck,v80-100,151.5,29.92,27.06,6.75,29.1,27.91,28.55,False
d1233582dc804f17ba879d0cf751111a,scene-1094,night,pedestrian,human.pedestrian.adult,person,v80-100,83.4,26.38,25.93,3.18,28.22,27.69,27.86,False
d1233582dc804f17ba879d0cf751111a,scene-1094,night,car,vehicle.car,car,v80-100,381.9,8.52,6.19,0.0,7.47,7.27,7.32,True
d1233582dc804f17ba879d0cf751111a,scene-1094,night,pedestrian,human.pedestrian.adult,person,v80-100,71.4,34.45,34.09,16.06,36.15,35.87,35.92,False
d1233582dc804f17ba879d0cf751111a,scene-1094,night,pedestrian,human.pedestrian.adult,person,v80-100,69.1,35.78,35.2,5.26,38.15,37.88,37.95,False
d1233582dc804f17ba879d0cf751111a,scene-1094,night,car,vehicle.car,car,v80-100,353.8,8.5,6.34,3.56,9.39,8.71,9.04,False
d1233582dc804f17ba879d0cf751111a,scene-1094,night,pedestrian,human.pedestrian.adult,person,v80-100,97.0,23.85,23.31,3.72,25.81,25.41,25.52,False
d1233582dc804f17ba879d0cf751111a,scene-1094,night,pedestrian,human.pedestrian.adult,person,v80-100,91.4,26.4,25.93,8.45,27.78,27.22,27.36,False
d1233582dc804f17ba879d0cf751111a,scene-1094,night,car,vehicle.car,car,v80-100,136.2,24.22,21.7,8.25,23.65,22.82,23.1,False
d1233582dc804f17ba879d0cf751111a,scene-1094,night,pedestrian,human.pedestrian.adult,person,v80-100,63.9,36.2,35.76,16.2,37.69,37.32,37.45,False
cd7cd1aa05d04862a0b8c346f291167e,scene-1094,night,car,vehicle.car,truck,v80-100,154.9,29.22,26.34,6.86,29.87,29.03,29.53,False
cd7cd1aa05d04862a0b8c346f291167e,scene-1094,night,pedestrian,human.pedestrian.adult,person,v80-100,73.3,33.31,32.91,15.24,35.75,35.2,35.35,False
cd7cd1aa05d04862a0b8c346f291167e,scene-1094,night,car,vehicle.car,truck,v80-100,141.0,23.55,21.03,8.32,22.07,21.32,21.61,False
cd7cd1aa05d04862a0b8c346f291167e,scene-1094,night,car,vehicle.car,car,v80-100,385.0,8.52,6.19,0.0,7.51,7.26,7.32,True
cd7cd1aa05d04862a0b8c346f291167e,scene-1094,night,pedestrian,human.pedestrian.adult,person,v80-100,70.6,34.88,34.41,4.51,36.19,35.77,35.86,False
cd7cd1aa05d04862a0b8c346f291167e,scene-1094,night,pedestrian,human.pedestrian.adult,person,v80-100,84.4,26.03,25.57,3.32,28.34,27.58,27.79,False
cd7cd1aa05d04862a0b8c346f291167e,scene-1094,night,pedestrian,human.pedestrian.adult,person,v80-100,99.0,23.45,22.91,4.04,24.9,24.55,24.67,False
cd7cd1aa05d04862a0b8c346f291167e,scene-1094,night,pedestrian,human.pedestrian.adult,person,v80-100,93.3,26.15,25.68,9.09,26.07,25.17,25.37,False
cd7cd1aa05d04862a0b8c346f291167e,scene-1094,night,pedestrian,human.pedestrian.personal_mobility,person,v80-100,359.1,8.47,7.72,3.96,7.99,7.7,7.81,False
c1a7b405ddce4180bdc32190642cda91,scene-1094,night,pedestrian,human.pedestrian.adult,person,v80-100,72.1,34.04,33.6,3.84,36.6,35.81,35.97,False
c1a7b405ddce4180bdc32190642cda91,scene-1094,night,car,vehicle.car,truck,v80-100,149.3,22.66,20.14,8.44,21.26,20.21,20.64,False
c1a7b405ddce4180bdc32190642cda91,scene-1094,night,car,vehicle.car,car,v80-100,402.0,8.33,5.98,0.0,7.18,6.85,6.95,True
c1a7b405ddce4180bdc32190642cda91,scene-1094,night,car,vehicle.car,truck,v80-100,161.4,28.29,25.39,7.04,27.46,26.9,27.21,False
c1a7b405ddce4180bdc32190642cda91,scene-1094,night,pedestrian,human.pedestrian.adult,person,v80-100,76.1,31.9,31.48,14.36,34.84,34.38,34.55,False
c1a7b405ddce4180bdc32190642cda91,scene-1094,night,pedestrian,human.pedestrian.adult,person,v80-100,86.6,25.43,24.98,3.65,25.93,25.09,25.23,False
4533b16ea9124957960f9ccd5eeb2429,scene-1094,night,car,vehicle.car,truck,v80-100,161.0,21.54,19.01,8.49,19.15,18.53,18.75,False
4533b16ea9124957960f9ccd5eeb2429,scene-1094,night,car,vehicle.car,car,v80-100,431.4,8.06,5.73,0.4,6.63,6.24,6.37,True
4533b16ea9124957960f9ccd5eeb2429,scene-1094,night,pedestrian,human.pedestrian.adult,person,v80-100,79.5,30.44,30.0,13.53,33.16,32.22,32.77,False
4533b16ea9124957960f9ccd5eeb2429,scene-1094,night,pedestrian,human.pedestrian.adult,person,v80-100,100.2,25.05,24.6,10.23,25.2,23.75,24.0,False
4533b16ea9124957960f9ccd5eeb2429,scene-1094,night,pedestrian,human.pedestrian.adult,person,v80-100,105.5,22.33,21.81,5.1,22.43,21.99,22.15,False
4533b16ea9124957960f9ccd5eeb2429,scene-1094,night,pedestrian,human.pedestrian.adult,person,v80-100,90.1,24.55,24.1,4.11,26.53,25.58,25.82,False
4533b16ea9124957960f9ccd5eeb2429,scene-1094,night,pedestrian,human.pedestrian.adult,person,v80-100,74.2,32.94,32.5,2.85,34.7,34.01,34.19,False
4533b16ea9124957960f9ccd5eeb2429,scene-1094,night,pedestrian,human.pedestrian.adult,person,v80-100,104.8,20.88,20.52,1.55,28.08,25.63,27.2,False
886031e85e7a43a49fe3cc374cfd9719,scene-1094,night,parked two-wheeler,vehicle.bicycle,bicycle,v80-100,58.3,25.42,25.07,3.58,30.23,29.02,29.47,False
886031e85e7a43a49fe3cc374cfd9719,scene-1094,night,car,vehicle.car,car,v80-100,446.5,7.94,5.61,1.05,6.2,5.78,5.93,True
886031e85e7a43a49fe3cc374cfd9719,scene-1094,night,pedestrian,human.pedestrian.adult,person,v80-100,72.1,31.44,31.03,13.24,34.48,34.2,34.3,False
886031e85e7a43a49fe3cc374cfd9719,scene-1094,night,pedestrian,human.pedestrian.adult,person,v80-100,108.6,20.15,19.8,1.53,20.77,19.99,20.28,False
886031e85e7a43a49fe3cc374cfd9719,scene-1094,night,car,vehicle.car,car,v80-100,174.7,20.43,17.91,8.49,13.41,12.58,12.93,False
3f63e450629640d58fd6b27fcfcbf0c2,scene-1094,night,pedestrian,human.pedestrian.adult,person,v80-100,75.7,30.06,29.67,12.89,31.62,31.32,31.42,False
3f63e450629640d58fd6b27fcfcbf0c2,scene-1094,night,pedestrian,human.pedestrian.adult,person,v60-80,113.0,19.37,19.04,1.15,16.77,15.89,16.62,True
3f63e450629640d58fd6b27fcfcbf0c2,scene-1094,night,car,vehicle.car,car,v80-100,474.3,8.15,5.83,2.11,5.97,5.61,5.76,False
be6fb7ba760d4c94834582f6ad761252,scene-1094,night,car,vehicle.car,truck,v80-100,201.5,23.27,20.31,5.75,23.26,22.46,22.72,False
be6fb7ba760d4c94834582f6ad761252,scene-1094,night,pedestrian,human.pedestrian.adult,person,v80-100,123.0,18.75,18.43,0.65,21.86,21.25,21.41,True
be6fb7ba760d4c94834582f6ad761252,scene-1094,night,pedestrian,human.pedestrian.adult,person,v80-100,81.1,28.8,28.42,13.67,29.7,29.36,29.45,False
be6fb7ba760d4c94834582f6ad761252,scene-1094,night,car,vehicle.car,car,v80-100,77.8,26.43,24.87,0.0,32.31,31.42,31.96,True
be6fb7ba760d4c94834582f6ad761252,scene-1094,night,car,vehicle.car,car,v80-100,202.7,18.2,15.68,7.54,6.46,6.07,6.22,False
be6fb7ba760d4c94834582f6ad761252,scene-1094,night,pedestrian,human.pedestrian.adult,person,v80-100,127.2,19.85,19.37,8.01,23.48,21.91,23.14,False
41377f1b5cb34525885b97cf94f55f35,scene-1094,night,car,vehicle.car,truck,v80-100,209.6,17.04,14.52,5.85,15.27,14.49,14.75,False
41377f1b5cb34525885b97cf94f55f35,scene-1094,night,car,vehicle.car,truck,v80-100,209.8,21.99,19.0,3.35,22.23,21.25,21.58,False
41377f1b5cb34525885b97cf94f55f35,scene-1094,night,car,vehicle.car,car,v80-100,82.6,25.12,23.56,0.0,29.23,27.92,28.5,True
41377f1b5cb34525885b97cf94f55f35,scene-1094,night,pedestrian,human.pedestrian.adult,person,v80-100,121.8,20.66,20.26,10.08,23.61,22.7,23.34,False
eed2863fa9f74b1b89b6f60ded77d9a9,scene-1094,night,car,vehicle.car,truck,v80-100,219.8,20.7,17.72,0.0,20.26,19.49,19.65,True
eed2863fa9f74b1b89b6f60ded77d9a9,scene-1094,night,car,vehicle.car,truck,v80-100,214.2,15.85,13.33,3.37,14.12,13.44,13.64,False
eed2863fa9f74b1b89b6f60ded77d9a9,scene-1094,night,pedestrian,human.pedestrian.adult,person,v80-100,139.1,17.26,16.96,4.08,18.49,17.82,17.96,False
eed2863fa9f74b1b89b6f60ded77d9a9,scene-1094,night,car,vehicle.car,car,v80-100,90.4,23.9,22.38,2.62,27.35,26.23,26.61,False
eed2863fa9f74b1b89b6f60ded77d9a9,scene-1094,night,pedestrian,human.pedestrian.adult,person,v80-100,133.8,17.14,16.83,4.73,17.88,17.45,17.56,False
6b624130797744aaa0d2103ee47080d0,scene-1094,night,car,vehicle.car,truck,v80-100,297.8,12.03,9.81,4.56,8.63,8.15,8.35,False
6b624130797744aaa0d2103ee47080d0,scene-1094,night,car,vehicle.car,truck,v80-100,240.5,19.33,16.4,0.0,18.52,13.02,16.97,True
6b624130797744aaa0d2103ee47080d0,scene-1094,night,car,vehicle.car,truck,v80-100,227.8,14.42,11.91,0.41,13.5,12.72,12.9,True
6b624130797744aaa0d2103ee47080d0,scene-1094,night,car,vehicle.car,car,v80-100,105.9,22.72,21.28,7.51,22.37,20.99,21.57,False
720a7aa4cb6c49c7ae26c748323af4ab,scene-1094,night,car,vehicle.car,car,v80-100,235.9,13.38,11.19,3.58,11.46,10.97,11.12,False
720a7aa4cb6c49c7ae26c748323af4ab,scene-1094,night,car,vehicle.car,bus,v80-100,288.8,17.85,14.99,3.03,18.86,16.3,16.92,False
720a7aa4cb6c49c7ae26c748323af4ab,scene-1094,night,car,vehicle.car,bus,v80-100,262.2,12.77,10.26,0.0,12.46,11.7,11.82,True
a05d0c1ad7d541d9a6f7c4e963555fb0,scene-1094,night,car,vehicle.car,car,v80-100,195.9,14.7,12.5,1.69,14.14,13.77,13.87,False
8233dc33889341648a3b873aca8df7c6,scene-1094,night,car,vehicle.car,car,v80-100,149.5,17.49,15.16,7.05,17.34,15.67,16.38,False
8233dc33889341648a3b873aca8df7c6,scene-1094,night,car,vehicle.car,car,v80-100,172.5,15.9,13.67,0.0,15.18,14.92,15.0,True
dbfa650384564594906313c18c49c9e6,scene-1094,night,car,vehicle.car,car,v80-100,127.8,21.64,19.01,6.95,19.03,13.77,15.59,False
dbfa650384564594906313c18c49c9e6,scene-1094,night,car,vehicle.car,car,v80-100,157.0,17.14,14.97,0.0,16.38,16.16,16.23,True
dbfa650384564594906313c18c49c9e6,scene-1094,night,car,vehicle.car,car,v80-100,86.2,29.1,26.78,6.47,26.99,17.49,19.11,False
dbfa650384564594906313c18c49c9e6,scene-1094,night,car,vehicle.car,car,v80-100,61.5,37.02,34.68,5.61,38.13,22.64,30.11,False
4e4858e6e8cf442aa77238755f7a4d4a,scene-1094,night,car,vehicle.car,car,v80-100,148.1,18.15,15.99,0.0,16.8,16.57,16.66,True
4e4858e6e8cf442aa77238755f7a4d4a,scene-1094,night,car,vehicle.car,car,v80-100,156.1,19.11,16.5,7.65,16.98,14.14,14.96,False
4e4858e6e8cf442aa77238755f7a4d4a,scene-1094,night,car,vehicle.car,car,v80-100,69.0,34.0,31.64,6.84,35.19,18.97,20.35,False
4e4858e6e8cf442aa77238755f7a4d4a,scene-1094,night,car,vehicle.car,car,v80-100,98.6,26.44,24.1,7.45,24.29,15.33,17.52,False
d7330cd5962148fc916a277e8fa8a0e8,scene-1094,night,car,vehicle.car,car,v80-100,140.0,19.16,17.0,0.0,17.93,17.65,17.76,True
d7330cd5962148fc916a277e8fa8a0e8,scene-1094,night,car,vehicle.car,car,v40-60,152.0,26.34,23.47,10.69,21.54,12.65,18.06,False
d7330cd5962148fc916a277e8fa8a0e8,scene-1094,night,car,vehicle.car,car,v80-100,78.4,30.7,28.33,7.57,23.66,17.47,20.25,False
d7330cd5962148fc916a277e8fa8a0e8,scene-1094,night,car,vehicle.car,car,v80-100,203.4,16.44,13.89,8.04,16.58,10.98,15.17,False
75eda5e473a64573a978b923da722bc4,scene-1094,night,car,vehicle.car,car,v80-100,133.5,20.01,17.86,0.0,18.13,17.83,17.93,True
75eda5e473a64573a978b923da722bc4,scene-1094,night,car,vehicle.car,car,v40-60,178.8,23.84,20.99,11.16,16.43,13.97,15.02,False
5cd71932637b4529939203433c8a26d2,scene-1094,night,car,vehicle.car,bus,v80-100,126.8,20.97,18.8,0.0,18.56,18.33,18.38,True
0ed3f1797f7440a39f93be12b852adee,scene-1094,night,car,vehicle.car,car,v80-100,120.6,21.84,19.67,0.0,19.87,19.64,19.69,True
5142afdaddc24595b44a210fc39b52ab,scene-1094,night,car,vehicle.car,car,v80-100,113.7,22.88,20.71,0.0,21.91,21.51,21.62,True
5142afdaddc24595b44a210fc39b52ab,scene-1094,night,pedestrian,human.pedestrian.adult,person,v80-100,115.0,20.39,20.03,4.51,22.19,21.96,22.06,False
ffa9bd002e7f47ec93caaa9f45fa03e6,scene-1094,night,car,vehicle.car,car,v80-100,110.1,23.53,21.37,0.03,21.77,21.48,21.6,True
ffa9bd002e7f47ec93caaa9f45fa03e6,scene-1094,night,pedestrian,human.pedestrian.adult,person,v80-100,151.0,15.87,15.5,4.48,16.12,15.84,15.9,False
f427799486934c7f98a66790d9b52332,scene-1094,night,car,vehicle.car,car,v80-100,106.0,24.3,22.14,0.0,22.3,22.03,22.12,True
f427799486934c7f98a66790d9b52332,scene-1094,night,pedestrian,human.pedestrian.adult,person,v80-100,224.4,11.32,10.93,4.49,10.39,10.12,10.21,False
f427799486934c7f98a66790d9b52332,scene-1094,night,car,vehicle.car,car,v80-100,37.5,52.63,50.2,7.91,56.52,52.54,54.06,False
dd508289c957487b969d55c879df3781,scene-1094,night,car,vehicle.car,car,v80-100,102.7,25.01,22.84,0.0,23.38,22.99,23.1,True
dd508289c957487b969d55c879df3781,scene-1094,night,pedestrian,human.pedestrian.adult,person,v80-100,117.8,18.02,17.52,2.94,17.22,16.7,16.97,False
dd508289c957487b969d55c879df3781,scene-1094,night,pedestrian,human.pedestrian.adult,person,v80-100,98.0,25.12,24.64,1.92,24.21,23.99,24.06,False
f74877ed3166478abb14d1373ecaf917,scene-1094,night,car,vehicle.car,car,v80-100,101.8,25.78,23.61,0.0,26.09,25.77,25.88,True
f74877ed3166478abb14d1373ecaf917,scene-1094,night,car,vehicle.car,car,v80-100,62.1,34.12,31.65,7.51,36.03,34.78,35.0,False
f74877ed3166478abb14d1373ecaf917,scene-1094,night,pedestrian,human.pedestrian.adult,person,v80-100,167.9,12.99,12.53,2.8,13.99,13.63,13.78,False
f74877ed3166478abb14d1373ecaf917,scene-1094,night,car,vehicle.car,car,v80-100,66.2,34.69,32.24,10.86,33.7,32.87,33.09,False
f567ac89901f4f81b4f65fed6aa1f93c,scene-1094,night,car,vehicle.car,car,v80-100,98.2,26.62,24.44,0.0,27.05,26.59,26.71,True
f567ac89901f4f81b4f65fed6aa1f93c,scene-1094,night,bus,vehicle.bus.rigid,car,v80-100,83.1,58.1,51.81,9.97,59.18,52.77,55.94,False
f567ac89901f4f81b4f65fed6aa1f93c,scene-1094,night,pedestrian,human.pedestrian.adult,person,v80-100,295.0,7.97,7.47,2.65,8.95,8.64,8.78,False
f567ac89901f4f81b4f65fed6aa1f93c,scene-1094,night,car,vehicle.car,car,v80-100,89.7,27.35,24.9,10.89,25.16,23.9,24.58,False
f567ac89901f4f81b4f65fed6aa1f93c,scene-1094,night,car,vehicle.car,car,v80-100,88.8,25.24,22.76,7.51,25.99,23.92,24.6,False
f567ac89901f4f81b4f65fed6aa1f93c,scene-1094,night,pedestrian,human.pedestrian.adult,person,v80-100,147.7,17.04,16.57,2.75,18.05,17.87,17.94,False
90e01def881c48e4876ee016315103ae,scene-1094,night,car,vehicle.car,car,v80-100,152.0,17.01,14.57,7.53,16.52,14.71,15.58,False
90e01def881c48e4876ee016315103ae,scene-1094,night,car,vehicle.car,car,v80-100,94.7,27.34,25.16,0.0,27.9,27.38,27.51,True
f2100c6bab3d413fb61c6a2da29bddd0,scene-1094,night,car,vehicle.car,car,v80-100,91.5,28.21,26.02,0.0,28.51,28.07,28.2,True
e39d8498f61e4053b47b41fb297d66ea,scene-1094,night,car,vehicle.car,car,v80-100,89.1,28.73,26.54,0.0,28.87,28.58,28.64,True
f598d2c67f5b4b91afd4d96f0a8f1e4e,scene-1094,night,car,vehicle.car,car,v80-100,87.6,29.25,27.06,0.0,28.95,28.53,28.7,True
f598d2c67f5b4b91afd4d96f0a8f1e4e,scene-1094,night,bus,vehicle.bus.rigid,bus,v80-100,238.0,26.23,20.11,9.75,21.59,18.56,19.33,False
adf5fff3a1634f1a9b472495f3a54fd3,scene-1094,night,car,vehicle.car,car,v80-100,86.6,29.69,27.5,0.0,29.98,29.51,29.65,True
cb4de282449d47259956e27cbaacbbab,scene-1094,night,car,vehicle.car,car,v80-100,85.8,30.0,27.8,0.0,30.19,29.67,29.79,True
d77a138a272b4ebcbbe509afa6ef241a,scene-1094,night,car,vehicle.car,car,v80-100,85.9,30.0,27.8,0.0,28.55,28.09,28.22,True
d77a138a272b4ebcbbe509afa6ef241a,scene-1094,night,car,vehicle.car,car,v80-100,42.2,53.84,51.53,7.64,68.88,44.25,63.56,False
552b0ec30c78436e8ea464cff1c604a3,scene-1094,night,car,vehicle.car,car,v80-100,54.8,42.05,39.73,7.35,45.25,28.95,42.96,False
552b0ec30c78436e8ea464cff1c604a3,scene-1094,night,car,vehicle.car,car,v80-100,85.3,30.02,27.83,0.0,29.68,29.16,29.31,True
3c7f6d4b49ce40e58f3b3455c7e4362d,scene-1094,night,car,vehicle.car,car,v80-100,85.0,30.02,27.84,0.0,29.71,29.11,29.29,True
4ac688756fe74af8ae12c2454f8b8f28,scene-1094,night,car,vehicle.car,car,v80-100,85.6,29.98,27.81,0.0,30.73,30.14,30.37,True
4ac688756fe74af8ae12c2454f8b8f28,scene-1094,night,pedestrian,human.pedestrian.adult,person,v60-80,99.6,26.35,25.97,5.28,16.2,14.81,15.28,False
243364c317fa40cca58f8ed708a0bf88,scene-1094,night,car,vehicle.car,truck,v80-100,86.1,29.86,27.69,0.0,30.39,29.79,29.94,True
51ceae8a5ecc4730950666723c135bc8,scene-1100,night,bus,vehicle.bus.rigid,bus,v80-100,95.2,73.64,67.56,32.82,52.37,50.53,51.46,False
51ceae8a5ecc4730950666723c135bc8,scene-1100,night,car,vehicle.car,car,v80-100,134.9,19.07,16.92,0.0,19.2,18.44,18.67,True
51ceae8a5ecc4730950666723c135bc8,scene-1100,night,car,vehicle.car,car,v80-100,129.0,20.37,18.27,3.71,19.58,18.94,19.15,False
51ceae8a5ecc4730950666723c135bc8,scene-1100,night,car,vehicle.car,car,v80-100,54.5,53.34,51.23,25.74,46.16,44.42,45.08,False
82fcade9fdcc431a850fdb715502a770,scene-1100,night,bus,vehicle.bus.rigid,bus,v80-100,95.1,73.69,67.61,32.84,56.82,54.86,55.94,False
82fcade9fdcc431a850fdb715502a770,scene-1100,night,car,vehicle.car,car,v80-100,54.4,53.46,51.35,25.81,46.98,45.84,46.27,False
5e556ec52f1b4751a90298d8103510a5,scene-1100,night,bus,vehicle.bus.rigid,bus,v80-100,95.0,73.75,67.67,32.87,53.44,51.42,52.53,False
5e556ec52f1b4751a90298d8103510a5,scene-1100,night,car,vehicle.car,car,v80-100,191.8,14.1,11.99,0.0,14.6,13.67,13.98,True
5e556ec52f1b4751a90298d8103510a5,scene-1100,night,car,vehicle.car,car,v60-80,66.9,35.45,33.31,10.17,33.62,29.16,32.27,False
5e556ec52f1b4751a90298d8103510a5,scene-1100,night,cyclist,vehicle.motorcycle,person,v80-100,147.0,18.19,17.93,8.72,20.78,20.35,20.51,False
5e556ec52f1b4751a90298d8103510a5,scene-1100,night,car,vehicle.car,car,v80-100,54.2,53.59,51.48,25.88,45.97,44.26,44.85,False
5e556ec52f1b4751a90298d8103510a5,scene-1100,night,car,vehicle.car,car,v80-100,246.4,11.27,9.13,0.0,11.89,10.68,11.1,True
dc1a0ca1014f488e833f586f234832e4,scene-1100,night,bus,vehicle.bus.rigid,bus,v80-100,94.9,73.81,67.73,32.9,57.48,55.28,56.43,False
dc1a0ca1014f488e833f586f234832e4,scene-1100,night,car,vehicle.car,car,v80-100,54.1,53.72,51.6,25.96,46.23,44.53,45.14,False
dc1a0ca1014f488e833f586f234832e4,scene-1100,night,cyclist,vehicle.motorcycle,person,v80-100,147.0,18.19,17.93,8.72,21.49,21.16,21.27,False
0130791235774e26b1986c78d11b4d30,scene-1100,night,bus,vehicle.bus.rigid,bus,v80-100,94.8,73.87,67.78,32.93,53.67,51.06,52.55,False
0130791235774e26b1986c78d11b4d30,scene-1100,night,car,vehicle.car,car,v80-100,53.9,53.85,51.73,26.03,45.79,44.01,44.69,False
cec0634dd47c47288a246deeb5f589a2,scene-1100,night,bus,vehicle.bus.rigid,bus,v80-100,94.8,73.92,67.84,32.96,53.28,50.96,52.3,False
cec0634dd47c47288a246deeb5f589a2,scene-1100,night,car,vehicle.car,car,v80-100,114.1,21.59,19.42,3.76,20.9,20.45,20.62,False
cec0634dd47c47288a246deeb5f589a2,scene-1100,night,car,vehicle.car,car,v80-100,53.8,53.98,51.85,26.11,45.2,43.79,44.2,False
fb4f791fc3bf46539c5b913682afad84,scene-1100,night,car,vehicle.car,car,v80-100,50.1,47.57,45.27,12.71,46.3,44.29,44.98,False
fb4f791fc3bf46539c5b913682afad84,scene-1100,night,cyclist,vehicle.motorcycle,person,v80-100,147.2,18.19,17.92,8.75,20.69,20.38,20.48,False
fb4f791fc3bf46539c5b913682afad84,scene-1100,night,bus,vehicle.bus.rigid,bus,v80-100,94.7,73.99,67.9,33.02,53.64,46.32,51.6,False
2a88a6dbc8054e79b75ef478a492209d,scene-1100,night,bus,vehicle.bus.rigid,truck,v80-100,94.7,74.05,67.97,33.1,51.92,49.49,50.81,False
2a88a6dbc8054e79b75ef478a492209d,scene-1100,night,cyclist,vehicle.motorcycle,person,v80-100,147.2,18.19,17.92,8.75,21.19,20.79,20.91,False
2a88a6dbc8054e79b75ef478a492209d,scene-1100,night,car,vehicle.car,car,v80-100,53.7,54.05,51.92,26.14,44.79,42.79,43.54,False
2a88a6dbc8054e79b75ef478a492209d,scene-1100,night,car,vehicle.car,car,v80-100,226.7,11.67,9.45,0.0,11.79,11.13,11.36,True
2a88a6dbc8054e79b75ef478a492209d,scene-1100,night,car,vehicle.car,car,v80-100,56.2,42.4,40.09,10.37,37.7,36.53,37.01,False
5bae7bae1021425d85461c905c4e4257,scene-1100,night,car,vehicle.car,car,v80-100,64.1,37.26,34.93,8.04,38.12,36.45,37.13,False
5bae7bae1021425d85461c905c4e4257,scene-1100,night,car,vehicle.car,car,v80-100,53.6,54.09,51.96,26.16,48.87,46.35,47.33,False
5bae7bae1021425d85461c905c4e4257,scene-1100,night,bus,vehicle.bus.rigid,bus,v80-100,94.6,74.11,68.03,33.17,57.07,55.32,56.07,False
5bae7bae1021425d85461c905c4e4257,scene-1100,night,cyclist,vehicle.motorcycle,person,v80-100,147.3,18.19,17.92,8.76,21.44,21.13,21.23,False
5bae7bae1021425d85461c905c4e4257,scene-1100,night,car,vehicle.car,car,v80-100,40.4,58.25,55.99,17.59,56.81,54.2,55.32,False
5bae7bae1021425d85461c905c4e4257,scene-1100,night,car,vehicle.car,car,v80-100,114.5,27.3,25.19,13.67,24.42,23.12,23.61,False
5bae7bae1021425d85461c905c4e4257,scene-1100,night,car,vehicle.car,car,v80-100,419.4,7.01,4.83,0.0,6.68,5.95,6.13,True
5aba40e3d8ee4846a6031238504ae286,scene-1100,night,car,vehicle.car,car,v80-100,90.5,33.86,31.78,17.09,28.12,27.3,27.68,False
5aba40e3d8ee4846a6031238504ae286,scene-1100,night,bus,vehicle.bus.rigid,bus,v80-100,94.6,74.18,68.09,33.27,57.41,55.94,56.53,False
5aba40e3d8ee4846a6031238504ae286,scene-1100,night,car,vehicle.car,car,v80-100,53.6,54.13,52.0,26.2,45.6,44.0,44.72,False
5aba40e3d8ee4846a6031238504ae286,scene-1100,night,cyclist,vehicle.motorcycle,person,v80-100,147.3,18.19,17.92,8.76,21.99,21.38,21.56,False
5aba40e3d8ee4846a6031238504ae286,scene-1100,night,car,vehicle.car,car,v80-100,44.0,53.65,51.38,15.71,49.93,48.83,49.16,False
8cee078e41ba487195016581ef895eb8,scene-1100,night,bus,vehicle.bus.rigid,bus,v80-100,94.7,74.25,68.16,33.56,59.4,56.9,58.2,False
8cee078e41ba487195016581ef895eb8,scene-1100,night,car,vehicle.car,car,v80-100,87.4,27.59,25.24,3.72,30.08,29.1,29.39,False
8cee078e41ba487195016581ef895eb8,scene-1100,night,car,vehicle.car,car,v80-100,47.8,49.54,47.26,14.04,50.49,49.05,49.4,False
8cee078e41ba487195016581ef895eb8,scene-1100,night,car,vehicle.car,car,v80-100,53.7,54.19,52.05,26.55,47.18,45.68,46.33,False
8cee078e41ba487195016581ef895eb8,scene-1100,night,cyclist,vehicle.motorcycle,person,v80-100,146.9,18.19,17.92,8.7,21.7,21.32,21.42,False
1ccd17b9ef5141099e59eb72127241b2,scene-1100,night,bus,vehicle.bus.rigid,bus,v80-100,94.4,74.72,68.63,34.13,54.23,52.39,53.28,False
1ccd17b9ef5141099e59eb72127241b2,scene-1100,night,car,vehicle.car,car,v80-100,108.5,22.52,20.15,1.53,24.17,23.12,23.46,False
1ccd17b9ef5141099e59eb72127241b2,scene-1100,night,car,vehicle.car,car,v80-100,53.0,44.92,42.64,12.18,45.09,43.31,43.74,False
1ccd17b9ef5141099e59eb72127241b2,scene-1100,night,car,vehicle.car,car,v80-100,53.4,54.71,52.57,27.05,46.81,44.5,45.45,False
649df4f65e0a479baaa2fd35e62f4161,scene-1100,night,bus,vehicle.bus.rigid,bus,v80-100,93.6,75.21,69.12,34.3,54.69,52.6,53.7,False
649df4f65e0a479baaa2fd35e62f4161,scene-1100,night,car,vehicle.car,car,v80-100,59.1,40.35,38.05,10.03,39.04,37.98,38.32,False
649df4f65e0a479baaa2fd35e62f4161,scene-1100,night,car,vehicle.car,car,v80-100,142.4,17.6,15.23,0.0,18.57,17.65,17.97,True
649df4f65e0a479baaa2fd35e62f4161,scene-1100,night,car,vehicle.car,car,v80-100,52.9,55.02,52.88,27.14,45.08,42.34,43.44,False
649df4f65e0a479baaa2fd35e62f4161,scene-1100,night,cyclist,vehicle.motorcycle,person,v80-100,148.7,18.05,17.81,8.72,21.72,21.29,21.4,False
71f45d9cab8f4716aabde882bd8bcc80,scene-1100,night,bus,vehicle.bus.rigid,bus,v80-100,93.0,75.72,69.63,34.56,54.81,47.89,52.98,False
71f45d9cab8f4716aabde882bd8bcc80,scene-1100,night,car,vehicle.car,car,v80-100,65.9,36.24,33.93,8.08,36.67,35.66,36.01,False
71f45d9cab8f4716aabde882bd8bcc80,scene-1100,night,car,vehicle.car,car,v80-100,206.6,12.96,10.62,0.0,13.85,12.81,13.16,True
639ffa5d537147cf8bd37be080d6cfa0,scene-1100,night,bus,vehicle.bus.rigid,bus,v80-100,92.3,76.23,70.15,34.83,53.48,51.75,52.48,False
639ffa5d537147cf8bd37be080d6cfa0,scene-1100,night,car,vehicle.car,car,v80-100,52.3,55.68,53.53,27.47,46.97,45.14,46.01,False
639ffa5d537147cf8bd37be080d6cfa0,scene-1100,night,car,vehicle.car,car,v80-100,379.6,8.85,6.77,1.72,8.78,7.49,7.95,False
639ffa5d537147cf8bd37be080d6cfa0,scene-1100,night,car,vehicle.car,car,v80-100,74.5,32.16,29.83,6.14,32.16,31.5,31.72,False
93f325d6ad2e47cb951226809c28f7d2,scene-1100,night,bus,vehicle.bus.rigid,bus,v80-100,91.6,76.74,70.66,35.1,54.22,51.65,52.72,False
93f325d6ad2e47cb951226809c28f7d2,scene-1100,night,car,vehicle.car,car,v80-100,85.2,28.18,25.85,4.23,29.99,28.76,29.01,False
93f325d6ad2e47cb951226809c28f7d2,scene-1100,night,car,vehicle.car,car,v80-100,52.0,56.01,53.86,27.64,44.76,42.97,43.72,False
91db399968274b33873d36d9e6ce5965,scene-1100,night,bus,vehicle.bus.rigid,bus,v80-100,91.0,77.26,71.18,35.43,61.4,55.06,59.24,False
91db399968274b33873d36d9e6ce5965,scene-1100,night,car,vehicle.car,car,v80-100,51.7,56.34,54.19,27.85,42.85,41.1,41.71,False
91db399968274b33873d36d9e6ce5965,scene-1100,night,pedestrian,human.pedestrian.adult,person,v80-100,129.9,18.95,18.77,7.28,21.66,21.52,21.59,False
f4cad237e12f4e6ebbc06465ff636017,scene-1100,night,bus,vehicle.bus.rigid,bus,v80-100,90.7,77.83,71.75,36.2,56.51,53.63,54.72,False
f4cad237e12f4e6ebbc06465ff636017,scene-1100,night,car,vehicle.car,car,v80-100,51.4,56.83,54.67,28.51,43.33,42.19,42.44,False
f4cad237e12f4e6ebbc06465ff636017,scene-1100,night,car,vehicle.car,car,v80-100,118.9,20.52,18.18,0.32,20.79,20.0,20.29,True
8a9c799e507647a68bc4b2b122747076,scene-1100,night,car,vehicle.car,car,v80-100,51.5,57.18,55.02,29.35,42.81,41.43,41.7,False
7bd7512987874d0a9a0d7d0a899622ed,scene-1100,night,bus,vehicle.bus.rigid,bus,v80-100,87.4,80.85,74.78,38.19,71.5,59.79,67.27,False
7bd7512987874d0a9a0d7d0a899622ed,scene-1100,night,car,vehicle.car,car,v80-100,167.5,15.15,13.3,0.0,16.85,16.06,16.35,True
7bd7512987874d0a9a0d7d0a899622ed,scene-1100,night,car,vehicle.car,car,v80-100,51.0,57.58,55.41,29.6,44.17,43.75,43.89,False
2e3cd48e3bb2488d934d1b48982ddf8e,scene-1100,night,car,vehicle.car,car,v80-100,192.3,13.98,12.83,2.3,15.0,14.16,14.42,False
2e3cd48e3bb2488d934d1b48982ddf8e,scene-1100,night,bus,vehicle.bus.rigid,bus,v80-100,85.2,82.82,76.74,39.34,75.65,62.58,70.71,False
2e3cd48e3bb2488d934d1b48982ddf8e,scene-1100,night,car,vehicle.car,car,v80-100,50.0,58.75,56.57,30.35,49.01,46.78,47.32,False
c938275052124ba9b3ec7c28f63011af,scene-1100,night,bus,vehicle.bus.rigid,bus,v80-100,83.8,84.59,78.51,40.93,71.74,61.94,68.68,False
c938275052124ba9b3ec7c28f63011af,scene-1100,night,car,vehicle.car,car,v80-100,205.2,14.06,13.09,4.58,13.78,13.39,13.51,False
c938275052124ba9b3ec7c28f63011af,scene-1100,night,car,vehicle.car,car,v80-100,49.3,59.8,57.63,31.42,54.49,49.87,51.86,False
82ea0ffe57654ac6b6a276c4f2e532d6,scene-1100,night,bus,vehicle.bus.rigid,car,v80-100,82.8,87.29,81.18,44.69,62.91,57.07,58.44,False
9ee04d160a514511a093dd35ea6f5604,scene-1100,night,pedestrian,human.pedestrian.adult,person,v80-100,121.6,18.26,18.05,0.2,21.91,21.6,21.67,True
20b9db8f43d6444ea6eba0e0402dc581,scene-1100,night,pedestrian,human.pedestrian.adult,person,v80-100,122.0,18.16,17.96,0.0,21.79,21.47,21.56,True
5bb3f45dfe05468b8aac65464502f883,scene-1100,night,car,vehicle.car,car,v60-80,61.1,42.26,39.83,18.46,34.35,32.78,33.55,False
9a5000ac405c41959f5c51d25af49d00,scene-1100,night,car,vehicle.car,car,v60-80,68.9,37.37,34.94,15.53,32.16,30.91,31.4,False
7bf078cc3e664137b4960898bc5067e9,scene-1100,night,car,vehicle.car,car,v80-100,94.8,27.62,25.18,9.77,25.49,24.75,24.99,False
70897e74c0224d819a92f17d285ee4c8,scene-1100,night,car,vehicle.car,car,v80-100,116.5,22.66,20.2,6.98,21.38,20.54,20.81,False
83be17e597cc4144bb776fe42336caf7,scene-1100,night,car,vehicle.car,car,v80-100,151.1,17.74,15.26,4.19,17.04,16.31,16.53,False
ccf3c969a3c74cd1b34ab6b1045ad0ab,scene-1100,night,car,vehicle.car,car,v80-100,220.3,12.57,10.06,1.34,12.04,11.23,11.49,False
ccf3c969a3c74cd1b34ab6b1045ad0ab,scene-1100,night,car,vehicle.car,car,v60-80,77.3,35.16,32.85,14.16,30.35,29.24,29.72,False
d05e9e109cd7431eb173763f0d2b2727,scene-1100,night,car,vehicle.car,car,v80-100,91.1,29.88,27.57,11.02,26.52,25.84,26.08,False
d05e9e109cd7431eb173763f0d2b2727,scene-1100,night,car,vehicle.car,car,v80-100,408.2,7.62,5.13,0.0,6.93,6.26,6.45,True
02525bc381f14e45936356c339a23922,scene-1100,night,car,vehicle.car,car,v80-100,110.9,24.64,22.3,7.87,22.65,21.81,22.09,False
02525bc381f14e45936356c339a23922,scene-1100,night,car,vehicle.car,car,v40-60,44.4,49.87,47.48,22.64,44.97,39.35,43.0,False
c76cfc72a390467b8a12f87df95f394b,scene-1100,night,car,vehicle.car,car,v80-100,142.0,19.31,16.95,4.78,17.84,17.02,17.33,False
c76cfc72a390467b8a12f87df95f394b,scene-1100,night,car,vehicle.car,car,v60-80,51.4,43.34,40.96,19.02,35.9,33.83,34.6,False
445dcd95cebc4c21b3e6a929fd2297bc,scene-1100,night,car,vehicle.car,car,v80-100,197.4,14.08,11.7,1.69,13.6,12.86,13.13,False
445dcd95cebc4c21b3e6a929fd2297bc,scene-1100,night,car,vehicle.car,car,v80-100,61.2,36.79,34.42,15.54,32.57,30.92,31.51,False
