sequence,frame,track_id,class,true_centre_m,true_nearest_surface_m,lateral_gap_m,ground_plane,known_size,combined,in_path
0000,0,0,van,14.162,11.808,2.624,11.21,9.651,9.651,False
0000,0,2,pedestrian,10.546,9.956,5.781,10.637,10.838,10.838,False
0000,1,0,van,14.355,11.999,2.714,11.699,9.796,9.796,False
0000,1,2,pedestrian,10.338,9.75,5.836,11.166,10.967,10.967,False
0000,2,0,van,14.549,12.191,2.804,12.742,9.952,9.952,False
0000,2,2,pedestrian,10.141,9.555,5.898,11.269,10.502,10.502,False
0000,3,0,van,14.742,12.383,2.894,13.694,10.092,10.092,False
0000,4,0,van,14.937,12.576,2.972,13.998,10.207,10.207,False
0000,5,0,van,15.132,12.769,3.05,13.992,10.376,10.376,False
0000,6,0,van,15.32,12.957,3.146,13.857,10.45,10.45,False
0000,7,0,van,15.507,13.144,3.24,13.718,10.598,10.598,False
0000,8,0,van,15.694,13.331,3.334,13.725,10.729,10.729,False
0000,8,3,van,40.826,37.991,7.521,40.926,29.366,29.366,False
0000,9,0,van,15.882,13.519,3.429,13.888,10.884,10.884,False
0000,10,0,van,16.068,13.706,3.523,13.472,10.797,10.797,False
0000,10,3,van,40.252,37.418,6.45,39.47,70.585,70.585,False
0000,11,0,van,16.23,13.867,3.6,13.797,23.707,23.707,False
0000,11,3,van,39.926,37.094,5.993,37.187,67.469,67.469,False
0000,12,0,van,16.391,14.028,3.677,13.926,11.015,11.015,False
0000,12,3,van,39.604,36.773,5.537,40.641,31.583,31.583,False
0000,13,0,van,16.553,14.189,3.755,14.712,24.202,24.202,False
0000,13,3,van,39.285,36.456,5.081,41.908,32.059,32.059,False
0000,14,0,van,16.715,14.351,3.832,14.739,24.441,24.441,False
0000,14,3,van,38.97,36.143,4.625,41.758,31.485,31.485,False
0000,15,0,van,16.877,14.512,3.909,14.739,24.505,24.505,False
0000,15,3,van,38.659,35.833,4.17,40.424,31.403,31.403,False
0000,16,0,van,17.021,14.66,3.991,15.23,24.339,24.339,False
0000,16,3,van,38.348,35.524,3.703,43.061,62.543,62.543,False
0000,17,0,van,17.163,14.804,4.069,14.891,24.893,24.893,False
0000,17,3,van,38.043,35.219,3.236,40.283,30.461,30.461,False
0000,18,0,van,17.31,14.954,4.126,14.128,24.596,24.596,False
0000,18,3,van,37.733,34.91,2.771,33.694,30.005,30.005,False
0000,19,0,van,17.456,15.104,4.183,13.254,24.946,24.946,False
0000,19,3,van,37.427,34.605,2.305,25.874,56.408,56.408,False
0000,20,0,van,17.603,15.254,4.24,12.734,24.906,24.906,False
0000,20,3,van,37.126,34.305,1.84,23.372,25.814,25.814,False
0000,21,0,van,17.734,15.393,4.256,12.855,26.35,26.35,False
0000,21,3,van,36.863,34.042,1.321,25.252,27.346,27.346,False
0000,22,0,van,17.866,15.534,4.273,13.503,12.436,12.436,False
0000,22,3,van,36.607,33.785,0.802,26.891,26.043,26.043,True
0000,23,0,van,17.998,15.676,4.291,14.19,27.295,27.295,False
0000,23,3,van,36.357,33.534,0.284,28.727,56.161,56.161,True
0000,24,0,van,18.129,15.818,4.308,14.207,12.71,12.71,False
0000,24,3,van,36.114,33.29,0.0,28.03,55.139,55.139,True
0000,25,0,van,18.26,15.96,4.327,14.483,27.518,27.518,False
0000,25,3,van,35.725,32.903,0.0,28.035,54.469,54.469,True
0000,26,0,van,18.392,16.109,4.309,15.689,27.17,27.17,False
0000,26,3,van,35.125,32.307,0.0,32.444,25.664,25.664,True
0000,27,0,van,18.523,16.259,4.291,16.646,13.058,13.058,False
0000,27,3,van,34.961,32.14,0.0,38.551,52.903,52.903,True
0000,28,0,van,18.653,16.408,4.273,16.819,13.183,13.183,False
0000,28,3,van,34.586,31.765,0.0,38.526,24.792,24.792,True
0000,29,0,van,18.791,16.563,4.233,16.17,27.675,27.675,False
0000,29,3,van,34.215,31.395,0.0,37.343,53.475,53.475,True
0000,30,0,van,18.93,16.711,4.193,16.159,13.128,13.128,False
0000,30,3,van,33.849,31.029,0.0,33.29,23.238,23.238,True
0000,31,0,van,19.039,16.817,4.095,16.299,27.646,27.646,False
0000,31,3,van,33.482,30.663,0.0,36.241,25.793,25.793,True
0000,32,0,van,19.145,16.904,3.99,16.471,13.216,13.216,False
0000,32,3,van,33.121,30.301,0.0,32.424,23.251,23.251,True
0000,33,0,van,19.247,16.983,3.85,16.621,13.472,13.472,False
0000,33,3,van,32.766,29.946,0.0,31.609,23.266,23.266,True
0000,34,0,van,19.325,17.043,3.716,16.522,13.353,13.353,False
0000,34,3,van,32.417,29.596,0.0,38.545,26.139,26.139,True
0000,35,0,van,19.368,17.055,3.598,17.158,28.892,28.892,False
0000,36,0,van,19.429,17.098,3.403,18.01,13.649,13.649,False
0000,36,3,van,31.604,28.782,0.648,37.528,43.536,43.536,True
0000,37,0,van,19.495,17.147,3.211,18.205,28.506,28.506,False
0000,37,3,van,31.143,28.32,1.127,35.412,21.792,21.792,True
0000,38,0,van,19.496,17.14,2.851,17.903,28.737,28.737,False
0000,38,3,van,30.691,27.867,1.607,32.651,44.849,44.849,False
0000,39,0,van,19.504,17.14,2.422,17.556,28.562,28.562,False
0000,40,0,van,19.519,17.147,1.995,17.476,23.999,23.999,False
0000,40,3,van,29.821,26.993,2.569,31.184,44.302,44.302,False
0000,41,0,van,19.477,17.1,1.483,17.163,27.872,27.872,False
0000,41,3,van,29.403,26.573,3.051,31.235,41.317,41.317,False
0000,42,0,van,19.444,17.063,0.972,16.419,12.625,12.625,True
0000,42,3,van,28.997,26.164,3.533,27.924,43.403,43.403,False
0000,43,0,van,19.421,17.036,0.463,16.134,13.421,13.421,True
0000,43,3,van,28.604,25.767,4.017,25.47,19.415,19.415,False
0000,44,0,van,19.402,17.015,0.0,16.311,13.397,13.397,True
0000,44,3,van,28.223,25.383,4.501,25.081,19.122,19.122,False
0000,45,3,van,27.856,25.013,4.986,25.182,19.17,19.17,False
0000,45,0,van,19.396,17.008,0.0,16.704,13.79,13.79,True
0000,46,3,van,27.427,24.58,5.468,25.881,18.476,18.476,False
0000,46,0,van,19.34,16.952,0.0,16.884,13.816,13.816,True
0000,47,0,van,19.301,16.913,0.0,17.088,13.944,13.944,True
0000,47,3,van,27.013,24.162,5.952,26.202,18.557,18.557,False
0000,48,3,van,26.615,23.761,6.436,25.657,18.155,18.155,False
0000,48,0,van,19.279,16.889,0.0,19.214,14.987,14.987,True
0000,49,3,van,26.236,23.377,6.922,25.878,38.231,38.231,False
0000,49,0,van,19.273,16.883,0.0,19.942,15.01,15.01,True
0000,50,0,van,19.283,16.892,0.28,18.507,13.924,13.924,True
0000,50,3,van,25.874,23.011,7.409,25.583,36.986,36.986,False
0000,51,0,van,19.27,16.879,0.806,17.995,28.738,28.738,True
0000,51,3,van,25.445,22.577,7.766,25.362,36.104,36.104,False
0000,52,0,van,19.275,16.884,1.335,17.783,27.491,27.491,False
0000,52,3,van,25.03,22.158,8.124,24.847,35.34,35.34,False
0000,53,0,van,19.299,16.906,1.866,21.135,13.513,13.513,False
0000,53,3,van,24.63,21.753,8.483,24.291,16.777,16.777,False
0000,54,0,van,19.34,16.947,2.399,18.361,13.072,13.072,False
0000,54,3,van,24.245,21.364,8.842,23.762,34.734,34.734,False
0000,55,0,van,19.399,17.005,2.934,19.293,28.667,28.667,False
0000,55,3,van,23.877,20.991,9.202,23.266,31.575,31.575,False
0000,56,0,van,19.441,17.046,3.463,18.588,12.493,12.493,False
0000,56,3,van,23.515,20.624,9.429,22.867,33.286,33.286,False
0000,57,0,van,19.501,17.106,3.994,18.984,26.065,26.065,False
0000,57,3,van,23.162,20.267,9.655,22.838,32.719,32.719,False
0000,58,0,van,19.579,17.183,4.529,19.275,28.066,28.066,False
0000,58,3,van,22.821,19.921,9.882,23.187,30.505,30.505,False
0000,59,0,van,19.675,17.278,5.068,19.317,13.812,13.812,False
0000,59,3,van,22.491,19.587,10.11,22.839,32.645,32.645,False
0000,60,0,van,19.788,17.391,5.61,19.472,13.929,13.929,False
0000,60,3,van,22.173,19.264,10.338,22.03,33.015,33.015,False
0000,61,0,van,19.919,17.522,6.108,19.674,14.199,14.199,False
0000,61,3,van,21.836,18.924,10.377,21.872,14.912,14.912,False
0000,62,0,van,20.064,17.667,6.608,19.881,14.296,14.296,False
0000,62,3,van,21.503,18.588,10.417,21.858,14.413,14.413,False
0000,63,0,van,20.221,17.825,7.111,20.121,14.282,14.282,False
0000,63,3,van,21.175,18.258,10.457,21.162,15.037,15.037,False
0000,64,0,van,20.392,17.996,7.617,20.669,14.765,14.765,False
0000,64,3,van,20.852,17.932,10.496,20.604,14.235,14.235,False
0000,65,0,van,20.575,18.18,8.125,21.051,14.878,14.878,False
0000,65,3,van,20.533,17.612,10.536,20.444,14.054,14.054,False
0000,66,0,van,20.781,18.386,8.594,19.93,14.945,14.945,False
0000,66,3,van,20.207,17.285,10.423,19.854,14.466,14.466,False
0000,67,0,van,20.996,18.602,9.064,19.902,15.372,15.372,False
0000,67,3,van,19.882,16.959,10.311,18.323,13.931,13.931,False
0000,68,0,van,21.209,18.814,9.464,19.306,15.384,15.384,False
0000,68,3,van,19.558,16.635,10.198,18.573,14.055,14.055,False
0000,69,0,van,21.428,19.032,9.864,19.886,15.554,15.554,False
0000,69,3,van,19.234,16.312,10.086,17.796,14.057,14.057,False
0000,70,0,van,21.651,19.255,10.264,20.259,15.773,15.773,False
0000,70,3,van,18.912,15.991,9.974,17.287,13.686,13.686,False
0000,71,0,van,21.903,19.506,10.595,21.317,15.757,15.757,False
0000,71,3,van,18.611,15.692,9.786,17.321,13.607,13.607,False
0000,72,0,van,22.156,19.76,10.927,21.602,15.904,15.904,False
0000,72,3,van,18.31,15.394,9.598,17.049,13.553,13.553,False
0000,73,0,van,22.412,20.016,11.258,22.142,16.078,16.078,False
0000,73,3,van,18.008,15.097,9.411,16.959,13.183,13.183,False
0000,74,0,van,22.701,20.304,11.553,21.645,16.501,16.501,False
0000,74,3,van,17.707,14.802,9.225,16.662,13.064,13.064,False
0000,75,0,van,22.99,20.593,11.847,21.844,16.964,16.964,False
0000,75,3,van,17.406,14.507,9.039,16.119,12.468,12.468,False
0000,76,3,van,17.093,14.201,8.774,15.425,12.425,12.425,False
0000,76,0,van,23.345,20.948,12.069,21.538,17.015,17.015,False
0000,77,3,van,16.781,13.896,8.51,14.646,11.872,11.872,False
0000,77,0,van,23.699,21.303,12.293,20.965,17.353,17.353,False
0000,78,3,van,16.469,13.594,8.247,14.181,11.745,11.745,False
0000,78,0,van,24.054,21.659,12.517,20.77,17.494,17.494,False
0000,78,1,cyclist,9.942,9.041,4.038,10.502,10.738,10.738,False
0000,79,3,van,16.157,13.292,7.985,14.195,11.762,11.762,False
0000,80,3,van,15.847,12.992,7.725,13.38,11.073,11.073,False
0000,80,1,cyclist,10.222,9.322,4.117,10.71,10.984,10.984,False
0000,81,3,van,15.51,12.668,7.436,13.668,11.13,11.13,False
0000,81,1,cyclist,10.362,9.463,4.125,11.081,11.735,11.735,False
0000,82,3,van,15.174,12.345,7.149,13.236,10.591,10.591,False
0000,83,3,van,14.84,12.025,6.864,12.878,10.022,10.022,False
0000,83,1,cyclist,10.645,9.746,4.142,11.01,11.8,11.8,False
0000,84,3,van,14.506,11.706,6.58,12.369,9.589,9.589,False
0000,84,1,cyclist,10.788,9.889,4.15,10.891,11.586,11.586,False
0000,85,3,van,14.174,11.388,6.297,12.353,9.336,9.336,False
0000,85,1,cyclist,10.92,10.023,4.124,11.354,12.132,12.132,False
0000,86,3,van,13.823,11.05,6.044,11.694,9.037,9.037,False
0000,87,3,van,13.473,10.706,5.792,11.982,8.984,8.984,False
0000,88,3,van,13.124,10.359,5.542,11.484,8.859,8.859,False
0000,89,3,van,12.775,10.008,5.294,11.218,8.618,8.618,False
0000,89,1,cyclist,11.457,10.564,4.023,11.505,12.432,12.432,False
0000,90,3,van,12.427,9.654,5.047,11.452,8.682,8.682,False
0000,91,3,van,12.051,9.259,4.848,10.819,8.23,8.23,False
0000,92,3,van,11.674,8.857,4.652,9.135,7.273,7.273,False
0000,92,1,cyclist,11.8,10.905,3.89,12.503,13.893,13.893,False
0000,92,0,van,29.556,27.267,12.896,24.227,21.668,21.668,False
0000,93,3,van,11.297,8.457,4.458,9.87,7.283,7.283,False
0000,93,0,van,29.94,27.666,12.708,24.911,21.808,21.808,False
0000,93,1,cyclist,11.917,11.02,3.845,12.223,14.316,14.316,False
0000,94,0,van,30.332,28.074,12.522,25.149,22.037,22.037,False
0000,94,3,van,10.921,8.06,4.266,9.174,7.155,7.155,False
0000,94,1,cyclist,12.034,11.135,3.801,12.307,14.114,14.114,False
0000,95,0,van,30.731,28.491,12.339,24.493,21.986,21.986,False
0000,95,3,van,10.545,7.666,4.077,9.403,7.023,7.023,False
0000,95,1,cyclist,12.151,11.247,3.751,13.267,15.047,15.047,False
0000,96,0,van,31.127,28.896,12.069,24.01,21.7,21.7,False
0000,96,3,van,10.129,7.236,3.904,8.024,6.562,6.562,False
0000,97,0,van,31.532,29.309,11.8,23.216,22.081,22.081,False
0000,97,3,van,9.713,6.808,3.732,7.337,12.379,12.379,False
0000,98,0,van,31.808,29.589,11.374,23.973,22.286,22.286,False
0000,98,3,van,9.297,6.383,3.562,7.208,12.043,12.043,False
0000,99,0,van,32.097,29.88,10.95,24.212,22.92,22.92,False
0000,99,3,van,8.881,5.961,3.393,7.234,11.861,11.861,False
0000,100,0,van,32.399,30.182,10.527,24.407,22.324,22.324,False
0000,100,3,van,8.465,5.543,3.224,7.207,11.688,11.688,False
0000,101,0,van,32.698,30.47,10.063,25.595,23.473,23.473,False
0000,101,3,van,8.036,5.115,3.121,7.225,11.571,11.571,False
0000,102,0,van,33.013,30.763,9.602,25.399,22.621,22.621,False
0000,102,3,van,7.608,4.696,3.018,7.259,11.233,11.233,False
0000,103,3,van,7.183,4.289,2.916,7.597,10.975,10.975,False
0000,103,0,van,33.341,31.072,9.144,25.787,22.867,22.867,False
0000,103,1,cyclist,12.913,11.977,3.376,13.02,14.432,14.432,False
0000,104,3,van,6.759,3.896,2.815,7.231,11.089,11.089,False
0000,104,0,van,33.594,31.338,8.534,26.14,23.966,23.966,False
0000,104,1,cyclist,12.986,12.046,3.333,13.698,15.023,15.023,False
0000,105,3,van,6.339,3.522,2.716,7.2,10.638,10.638,False
0000,105,0,van,33.864,31.62,7.924,26.529,24.179,24.179,False
0000,106,0,van,34.074,31.816,7.363,26.385,24.172,24.172,False
0000,106,3,van,5.924,3.193,2.676,6.938,11.61,11.61,False
0000,107,0,van,34.299,32.027,6.804,26.525,24.167,24.167,False
0000,107,3,van,5.521,2.915,2.637,6.994,11.562,11.562,False
0000,108,3,van,5.13,2.703,2.599,7.449,11.431,11.431,False
0000,108,0,van,34.539,32.254,6.246,25.857,23.92,23.92,False
0000,109,3,van,4.755,2.573,2.562,7.48,11.173,11.173,False
0000,109,5,car,23.852,21.665,7.637,18.799,22.773,22.773,False
0000,109,0,van,34.793,32.495,5.691,26.275,23.936,23.936,False
0000,110,3,van,4.401,2.537,2.525,7.194,11.159,11.159,False
0000,110,0,van,34.953,32.661,4.994,27.279,24.618,24.618,False
0000,110,5,car,23.288,21.102,7.173,18.733,22.54,22.54,False
0000,111,3,van,4.107,2.573,2.537,7.061,11.118,11.118,False
0000,111,0,van,35.129,32.843,4.298,29.058,24.935,24.935,False
0000,111,5,car,22.727,20.542,6.71,18.85,21.907,21.907,False
0000,111,1,cyclist,13.26,12.338,3.041,12.926,14.228,14.228,False
0000,112,5,car,22.17,19.987,6.248,18.289,20.949,20.949,False
0000,112,0,van,35.322,33.042,3.602,28.962,24.453,24.453,False
0000,112,3,van,3.855,2.587,2.55,7.198,11.097,11.097,False
0000,112,1,cyclist,13.28,12.369,2.98,13.153,14.192,14.192,False
0000,113,5,car,21.648,19.467,5.875,17.948,20.575,20.575,False
0000,113,0,van,35.53,33.257,2.906,30.276,24.933,24.933,False
0000,113,3,van,3.655,2.578,2.563,7.468,11.191,11.191,False
0000,113,4,car,14.431,12.414,6.211,13.856,13.54,13.54,False
0000,114,4,car,13.767,11.745,6.099,13.12,12.478,12.478,False
0000,114,5,car,21.129,18.95,5.502,17.846,19.986,19.986,False
0000,114,0,van,35.755,33.488,2.21,30.203,25.164,25.164,False
0000,114,1,cyclist,13.32,12.428,2.86,14.544,15.931,15.931,False
0000,115,4,car,13.112,11.082,5.989,12.276,11.916,11.916,False
0000,115,0,van,35.996,33.735,1.514,30.908,25.412,25.412,False
0000,115,5,car,20.556,18.38,5.157,17.117,19.583,19.583,False
0000,115,1,cyclist,13.346,12.45,2.726,13.433,14.252,14.252,False
0000,116,0,van,36.252,33.997,0.781,30.105,25.381,25.381,True
0000,116,5,car,19.985,17.811,4.812,16.403,18.821,18.821,False
0000,116,4,car,12.467,10.426,5.865,11.795,11.355,11.355,False
0000,116,1,cyclist,13.375,12.47,2.592,13.403,14.129,14.129,False
0000,117,0,van,36.523,34.273,0.027,29.349,25.217,25.217,True
0000,117,5,car,19.415,17.244,4.468,15.756,18.173,18.173,False
0000,117,4,car,11.834,9.777,5.725,10.816,10.843,10.843,False
0000,117,6,car,23.277,21.168,4.186,20.55,24.073,24.073,False
0000,118,0,van,36.698,34.444,0.0,29.326,25.643,25.643,True
0000,118,5,car,18.848,16.679,4.125,15.138,17.645,17.645,False
0000,118,6,car,22.687,20.577,3.747,20.138,22.802,22.802,False
0000,118,4,car,11.215,9.139,5.585,10.31,14.531,14.531,False
0000,118,1,cyclist,13.438,12.518,2.328,13.816,15.887,15.887,False
0000,119,0,van,36.89,34.63,0.0,29.315,25.644,25.644,True
0000,119,5,car,18.282,16.116,3.782,14.574,16.898,16.898,False
0000,119,6,car,22.1,19.989,3.309,19.466,22.299,22.299,False
0000,119,1,cyclist,13.473,12.545,2.196,12.656,14.42,14.42,False
0000,120,0,van,37.098,34.833,0.204,30.033,26.106,26.106,True
0000,120,5,car,17.722,15.56,3.499,14.042,16.088,16.088,False
0000,120,9,car,28.285,26.365,1.94,23.773,26.552,26.552,False
0000,120,6,car,21.518,19.406,2.872,19.666,22.926,22.926,False
0000,120,1,cyclist,13.479,12.546,1.939,12.612,14.486,14.486,False
0000,121,7,car,23.563,21.465,4.05,20.864,21.973,21.973,False
0000,121,0,van,37.323,35.051,0.922,30.045,26.285,26.285,True
0000,121,5,car,17.163,15.005,3.217,14.214,15.879,15.879,False
0000,121,9,car,27.684,25.763,1.406,22.889,25.453,25.453,False
0000,121,6,car,20.939,18.827,2.434,18.452,21.56,21.56,False
0000,121,1,cyclist,13.493,12.554,1.682,12.205,14.159,14.159,False
0000,122,0,van,37.562,35.286,1.641,31.673,27.283,27.283,False
0000,122,7,car,23.014,20.914,4.41,20.957,21.672,21.672,False
0000,122,5,car,16.606,14.452,2.936,13.243,15.062,15.062,False
0000,122,9,car,27.09,25.169,0.872,22.865,25.417,25.417,True
0000,122,6,car,20.366,18.252,1.997,18.191,21.518,21.518,False
0000,122,1,cyclist,13.512,12.569,1.387,12.662,14.513,14.513,False
0000,123,5,car,16.05,13.9,2.655,12.814,14.278,14.278,False
0000,123,0,van,37.817,35.535,2.362,30.869,26.369,26.369,False
0000,123,7,car,22.479,20.376,4.769,20.168,20.915,20.915,False
0000,123,9,car,26.505,24.583,0.338,22.389,25.103,25.103,True
0000,123,6,car,19.776,17.662,1.624,16.916,19.647,19.647,False
0000,123,1,cyclist,13.539,12.591,1.062,14.594,14.801,14.801,True
0000,124,7,car,21.893,19.785,5.121,19.054,19.761,19.761,False
0000,124,5,car,15.496,13.35,2.375,12.836,14.076,14.076,False
0000,124,0,van,38.0,35.724,3.153,31.737,26.913,26.913,False
0000,124,9,car,25.927,24.006,0.0,21.97,24.002,24.002,True
0000,124,6,car,19.189,17.074,1.25,16.656,19.099,19.099,False
0000,124,10,car,30.983,28.895,0.0,26.761,31.425,31.425,True
0000,124,1,cyclist,13.572,12.619,0.738,17.125,14.549,14.549,True
0000,125,7,car,21.321,19.209,5.473,18.229,19.124,19.124,False
0000,125,5,car,14.911,12.769,2.143,12.52,13.541,13.541,False
0000,125,0,van,38.2,35.929,3.946,31.909,26.827,26.827,False
0000,125,9,car,25.359,23.438,0.0,21.966,23.735,23.735,True
0000,125,6,car,18.606,16.491,0.877,16.195,18.284,18.284,True
0000,125,1,cyclist,13.552,12.6,0.37,15.232,14.948,14.948,True
0000,125,10,car,30.313,28.225,0.0,26.773,31.002,31.002,True
0000,126,7,car,20.846,18.729,5.825,17.787,19.071,19.071,False
0000,126,5,car,14.327,12.188,1.912,12.002,12.87,12.87,False
0000,126,0,van,38.417,36.152,4.738,31.915,27.238,27.238,False
0000,126,6,car,18.028,15.912,0.504,15.609,17.4,17.4,True
0000,126,9,car,24.74,22.821,0.0,21.966,23.238,23.238,True
0000,126,14,car,34.932,33.087,1.489,30.119,33.391,33.391,False
0000,126,8,van,26.052,23.806,6.757,23.344,22.716,22.716,False
0000,126,1,cyclist,13.542,12.59,0.001,15.565,15.15,15.15,True
0000,127,7,car,20.229,18.102,6.143,17.191,18.41,18.41,False
0000,127,5,car,13.744,11.608,1.681,11.625,12.264,12.264,False
0000,127,0,van,38.649,36.39,5.53,32.132,27.008,27.008,False
0000,127,6,car,17.454,15.338,0.132,15.027,16.475,16.475,True
0000,127,9,car,24.126,22.209,0.0,21.585,22.313,22.313,True
0000,127,14,car,34.296,32.456,1.954,29.443,33.709,33.709,False
0000,127,8,van,25.522,23.279,7.082,23.481,22.899,22.899,False
0000,127,1,cyclist,13.541,12.588,0.0,12.538,14.047,14.047,True
0000,128,0,van,38.898,36.645,6.323,31.289,27.413,27.413,False
0000,128,5,car,13.2,11.073,1.571,11.316,11.756,11.756,False
0000,128,9,car,23.519,21.604,0.0,21.605,22.315,22.315,True
0000,128,6,car,16.858,14.742,0.026,14.71,15.929,15.929,True
0000,128,7,car,19.679,17.545,6.323,16.546,18.576,18.576,False
0000,128,14,car,33.667,31.833,2.418,26.307,30.085,30.085,False
0000,128,8,van,25.006,22.765,7.409,20.654,20.698,20.698,False
0000,128,1,cyclist,13.548,12.596,0.0,12.938,14.658,14.658,True
0000,129,0,van,39.135,36.891,6.73,30.598,27.818,27.818,False
0000,129,5,car,12.657,10.539,1.461,10.631,10.934,10.934,False
0000,129,7,car,19.138,16.997,6.503,15.266,17.424,17.424,False
0000,129,6,car,16.262,14.146,0.0,13.986,15.269,15.269,True
0000,129,9,car,22.942,21.026,0.0,22.829,24.396,24.396,True
0000,129,8,van,24.462,22.254,7.521,19.238,19.438,19.438,False
0000,129,14,car,33.086,31.254,2.6,27.527,32.79,32.79,False
0000,129,1,cyclist,13.564,12.612,0.0,12.811,14.333,14.333,True
0000,130,5,car,12.043,9.931,1.423,10.199,10.531,10.531,False
0000,130,6,car,15.667,13.55,0.0,13.524,14.714,14.714,True
0000,130,0,van,39.375,37.142,7.137,29.929,28.225,28.225,False
0000,130,7,car,18.579,16.435,6.564,14.383,17.131,17.131,False
0000,130,14,car,32.507,30.677,2.781,25.816,31.656,31.656,False
0000,130,9,car,22.367,20.449,0.0,22.785,24.535,24.535,True
0000,130,11,car,28.895,26.973,9.057,18.521,21.084,21.084,False
0000,130,8,van,23.942,21.692,7.725,18.271,19.887,19.887,False
0000,130,1,cyclist,13.57,12.621,0.125,12.186,13.612,13.612,True
0000,131,7,car,18.028,15.879,6.625,13.378,16.037,16.037,False
0000,131,5,car,11.43,9.325,1.385,9.744,9.993,9.993,False
0000,131,6,car,15.072,12.955,0.0,12.81,14.022,14.022,True
0000,131,0,van,39.618,37.395,7.544,27.965,27.752,27.752,False
0000,131,14,car,31.93,30.102,2.963,24.318,30.828,30.828,False
0000,131,8,van,23.401,21.15,7.781,17.003,18.92,18.92,False
0000,131,9,car,21.765,19.849,0.0,20.509,21.494,21.494,True
0000,131,1,cyclist,13.58,12.634,0.354,13.827,14.159,14.159,True
0000,132,7,car,17.509,15.354,6.609,13.32,15.569,15.569,False
0000,132,5,car,10.818,8.722,1.347,9.109,9.4,9.4,False
0000,132,6,car,14.477,12.36,0.0,12.176,13.316,13.316,True
0000,132,14,car,31.387,29.558,2.915,24.325,31.71,31.71,False
0000,132,0,van,39.888,37.668,7.7,26.902,27.614,27.614,False
0000,132,8,van,22.865,20.611,7.837,16.037,18.148,18.148,False
0000,132,9,car,21.163,19.249,0.0,19.535,20.293,20.293,True
0000,132,1,cyclist,13.605,12.661,0.513,12.964,14.794,14.794,True
0000,133,7,car,16.993,14.832,6.593,12.028,14.932,14.932,False
0000,133,6,car,13.841,11.725,0.0,11.503,12.54,12.54,True
0000,133,5,car,10.251,8.171,1.386,8.571,8.759,8.759,False
0000,133,9,car,20.561,18.649,0.0,17.353,18.838,18.838,True
0000,133,0,van,39.998,37.78,7.922,27.028,27.295,27.295,False
0000,133,8,van,22.318,20.054,7.814,15.701,18.348,18.348,False
0000,133,14,car,30.845,29.014,2.866,44.346,31.27,31.27,False
0000,133,1,cyclist,13.632,12.689,0.672,13.546,14.269,14.269,True
0000,134,7,car,16.457,14.291,6.49,11.677,14.309,14.309,False
0000,134,6,car,13.207,11.09,0.0,11.192,11.808,11.808,True
0000,134,5,car,9.688,7.627,1.424,8.429,8.344,8.344,False
0000,134,9,car,19.935,18.022,0.0,17.351,17.858,17.858,True
0000,134,0,van,40.189,37.97,7.801,28.097,28.291,28.291,False
0000,134,8,van,21.751,19.482,7.672,15.525,17.792,17.792,False
0000,134,14,car,30.303,28.47,2.818,23.427,29.058,29.058,False
0000,134,1,cyclist,13.661,12.72,0.832,14.343,16.139,16.139,True
0000,135,7,car,15.922,13.753,6.386,11.548,13.656,13.656,False
0000,135,6,car,12.598,10.481,0.0,10.996,11.392,11.392,True
0000,135,5,car,9.087,7.043,1.496,8.225,7.654,7.654,False
0000,135,9,car,19.309,17.396,0.0,17.339,17.301,17.301,True
0000,135,0,van,40.382,38.16,7.681,30.816,28.799,28.799,False
0000,135,8,van,21.155,18.88,7.496,15.59,17.017,17.017,False
0000,135,1,cyclist,13.643,12.707,0.875,13.302,15.045,15.045,True
0000,136,0,van,40.574,38.349,7.56,33.082,28.052,28.052,False
0000,136,7,car,15.389,13.216,6.283,11.269,13.116,13.116,False
0000,136,9,car,18.687,16.775,0.0,17.588,16.776,16.776,True
0000,136,6,car,11.993,9.875,0.029,10.727,10.761,10.761,True
0000,136,5,car,8.496,6.466,1.568,7.863,7.044,7.044,False
0000,136,14,car,28.951,27.122,2.162,25.843,26.409,26.409,False
0000,136,8,van,20.558,18.278,7.32,15.629,16.456,16.456,False
0000,136,1,cyclist,13.626,12.694,0.918,13.162,14.287,14.287,True
0000,137,0,van,40.747,38.523,7.227,35.144,28.878,28.878,False
0000,137,6,car,11.391,9.272,0.173,10.393,10.112,10.112,True
0000,137,7,car,14.842,12.665,6.123,11.62,12.583,12.583,False
0000,137,9,car,18.067,16.156,0.0,17.578,16.284,16.284,True
0000,137,5,car,7.918,5.896,1.64,7.558,6.503,6.503,False
0000,137,8,van,19.962,17.677,7.144,15.265,15.716,15.716,False
0000,137,1,cyclist,13.617,12.688,0.891,14.22,14.96,14.96,True
0000,138,0,van,40.923,38.7,6.893,37.963,29.563,29.563,False
0000,138,5,car,7.357,5.335,1.712,6.86,6.292,6.292,False
0000,138,7,car,14.295,12.116,5.963,11.278,11.993,11.993,False
0000,138,6,car,10.758,8.638,0.358,9.768,9.439,9.439,True
0000,138,9,car,17.458,15.546,0.0,17.081,15.439,15.439,True
0000,138,13,car,30.152,28.232,9.561,24.671,29.06,29.06,False
0000,138,8,van,19.415,17.125,6.916,15.231,15.341,15.341,False
0000,138,1,cyclist,13.608,12.683,0.865,15.269,15.745,15.745,True
0000,139,5,car,6.815,4.781,1.785,7.207,6.637,6.637,False
0000,139,9,car,16.853,14.941,0.0,16.613,14.878,14.878,True
0000,139,6,car,10.132,8.011,0.544,9.085,8.864,8.864,True
0000,139,0,van,41.103,38.881,6.56,37.893,28.932,28.932,False
0000,139,7,car,13.749,11.569,5.803,10.959,11.572,11.572,False
0000,139,8,van,18.869,16.573,6.688,14.911,14.928,14.928,False
0000,139,13,car,29.537,27.61,9.186,24.598,29.142,29.142,False
0000,140,0,van,41.29,39.067,6.05,37.823,29.243,29.243,False
0000,140,5,car,6.269,4.207,1.835,7.356,6.831,6.831,False
0000,140,9,car,16.253,14.339,0.0,15.76,14.453,14.453,True
0000,140,6,car,9.512,7.392,0.729,8.395,8.248,8.248,True
0000,140,7,car,13.204,11.024,5.644,9.842,11.095,11.095,False
0000,140,13,car,28.924,26.99,8.813,24.071,27.737,27.737,False
0000,140,8,van,18.259,15.958,6.448,14.3,14.136,14.136,False
0000,140,1,cyclist,13.585,12.663,0.765,14.678,15.632,15.632,True
0000,141,0,van,41.485,39.261,5.541,36.628,30.147,30.147,False
0000,141,5,car,5.754,3.648,1.885,7.026,6.952,6.952,False
0000,141,9,car,15.585,13.67,0.0,14.994,13.755,13.755,True
0000,141,7,car,12.66,10.481,5.485,9.994,10.395,10.395,False
0000,141,6,car,8.901,6.781,0.915,7.734,7.649,7.649,True
0000,141,13,car,28.312,26.371,8.439,22.732,27.494,27.494,False
0000,141,8,van,17.649,15.344,6.208,13.628,13.74,13.74,False
0000,141,1,cyclist,13.571,12.649,0.692,14.497,15.624,15.624,True
0000,141,14,car,25.82,23.994,0.315,23.24,23.77,23.77,True
0000,142,0,van,41.678,39.455,5.077,35.609,30.093,30.093,False
0000,142,5,car,5.281,3.128,1.936,7.225,7.406,7.406,False
0000,142,9,car,14.922,13.006,0.0,13.979,13.013,13.013,True
0000,142,7,car,12.097,9.92,5.358,9.628,9.948,9.948,False
0000,142,6,car,8.301,6.182,1.102,7.067,7.007,7.007,True
0000,142,13,car,27.702,25.755,8.066,21.946,26.813,26.813,False
0000,142,8,van,17.039,14.73,5.969,13.099,13.358,13.358,False
0000,142,10,car,19.937,17.864,0.0,18.081,18.438,18.438,True
0000,142,1,cyclist,13.557,12.635,0.619,15.025,16.641,16.641,True
0000,143,0,van,41.877,39.655,4.614,36.514,65.831,65.831,False
0000,143,7,car,11.536,9.365,5.231,9.179,9.424,9.424,False
0000,143,6,car,7.66,5.545,1.231,6.416,6.453,6.453,False
0000,143,9,car,14.263,12.346,0.157,13.238,12.423,12.423,True
0000,143,13,car,27.093,25.141,7.694,21.17,25.163,25.163,False
0000,143,8,van,16.464,14.152,5.788,12.79,12.736,12.736,False
0000,143,5,car,4.861,2.675,1.987,7.789,10.294,10.294,False
0000,143,14,car,24.518,22.691,0.0,21.98,24.259,24.259,True
0000,143,10,car,19.32,17.247,0.0,17.822,18.361,18.361,True
0000,144,0,van,42.083,39.862,4.151,36.532,65.268,65.268,False
0000,144,6,car,7.032,4.923,1.361,6.792,6.554,6.554,False
0000,144,9,car,13.611,11.69,0.407,12.575,11.926,11.926,True
0000,144,7,car,10.977,8.815,5.105,8.73,8.989,8.989,False
0000,144,13,car,26.444,24.492,7.342,21.138,24.964,24.964,False
0000,144,8,van,15.89,13.575,5.607,12.404,12.384,12.384,False
0000,144,14,car,23.873,22.045,0.0,21.593,23.862,23.862,True
0000,144,10,car,18.662,16.588,0.0,17.079,17.709,17.709,True
0000,144,1,cyclist,13.531,12.609,0.472,13.856,15.316,15.316,True
0000,145,0,van,42.242,40.021,3.704,38.69,31.621,31.621,False
0000,145,6,car,6.42,4.325,1.491,6.458,6.855,6.855,False
0000,145,9,car,12.964,11.04,0.657,12.107,11.389,11.389,True
0000,145,7,car,10.422,8.271,4.979,7.754,8.37,8.37,False
0000,145,13,car,25.796,23.843,6.99,21.05,24.519,24.519,False
0000,145,8,van,15.292,12.974,5.423,11.794,11.484,11.484,False
0000,145,14,car,23.233,21.404,0.0,20.848,22.088,22.088,True
0000,145,1,cyclist,13.513,12.593,0.377,14.004,15.17,15.17,True
0000,145,10,car,18.008,15.933,0.0,17.079,17.173,17.173,True
0000,146,0,van,42.406,40.185,3.257,41.395,30.72,30.72,False
0000,146,6,car,5.829,3.761,1.621,6.493,7.042,7.042,False
0000,146,7,car,9.871,7.735,4.853,7.477,7.926,7.926,False
0000,146,9,car,12.305,10.377,0.845,11.454,10.601,10.601,True
0000,146,13,car,25.137,23.179,6.687,20.698,23.479,23.479,False
0000,146,8,van,14.693,12.373,5.24,11.377,10.97,10.97,False
0000,146,14,car,22.598,20.767,0.0,20.846,20.755,20.755,True
0000,146,10,car,17.358,15.282,0.002,15.782,15.733,15.733,True
0000,146,1,cyclist,13.495,12.577,0.282,15.025,15.394,15.394,True
0000,147,7,car,9.343,7.231,4.789,7.545,7.834,7.834,False
0000,147,6,car,5.266,3.247,1.752,7.065,7.227,7.227,False
0000,147,0,van,42.575,40.354,2.815,44.316,30.684,30.684,False
0000,147,9,car,11.652,9.719,1.033,11.087,10.059,10.059,True
0000,147,8,van,14.095,11.774,5.056,11.142,10.497,10.497,False
0000,147,13,car,24.48,22.516,6.384,21.339,22.873,22.873,False
0000,147,14,car,21.93,20.099,0.0,21.58,20.476,20.476,True
0000,147,10,car,16.713,14.636,0.277,15.998,15.321,15.321,True
0000,148,7,car,8.824,6.744,4.725,7.786,7.865,7.865,False
0000,148,9,car,11.006,9.069,1.225,10.556,9.487,9.487,False
0000,148,6,car,4.683,2.749,1.807,6.454,7.774,7.774,False
0000,148,0,van,42.75,40.528,2.373,49.599,31.972,31.972,False
0000,148,8,van,13.476,11.155,4.925,10.759,9.916,9.916,False
0000,148,13,car,23.824,21.854,6.081,21.316,21.986,21.986,False
0000,148,12,pedestrian,11.715,11.13,4.87,16.358,13.939,13.939,False
0000,148,14,car,21.267,19.435,0.0,21.588,19.762,19.762,True
0000,148,10,car,16.074,13.994,0.552,15.612,14.408,14.408,True
0000,148,1,cyclist,13.463,12.548,0.092,14.995,15.153,15.153,True
0000,149,7,car,8.316,6.279,4.662,7.765,8.138,8.138,False
0000,149,9,car,10.335,8.393,1.362,9.627,8.72,8.72,False
0000,149,12,pedestrian,11.021,10.433,4.962,12.984,11.383,11.383,False
0000,149,0,van,42.93,40.708,1.931,51.609,32.884,32.884,False
0000,149,6,car,4.144,2.365,1.863,7.198,8.044,8.044,False
0000,149,8,van,12.858,10.538,4.793,10.243,9.319,9.319,False
0000,149,14,car,20.593,18.761,0.217,20.187,19.1,19.1,True
0000,149,13,car,23.196,21.228,5.888,20.989,21.85,21.85,False
0000,149,10,car,15.386,13.304,0.733,15.067,14.293,14.293,True
0000,149,1,cyclist,13.449,12.534,0.0,14.993,15.286,15.286,True
0000,149,11,car,17.533,15.503,5.114,15.072,16.606,16.606,False
0001,0,3,car,24.469,22.541,5.231,17.58,23.036,23.036,False
0001,0,4,car,46.913,45.081,5.524,31.826,48.944,48.944,False
0001,0,1,car,13.506,11.494,2.188,12.288,12.391,12.391,False
0001,0,0,car,6.988,4.366,1.996,7.474,6.728,6.728,False
0001,0,2,car,19.517,17.885,2.033,17.945,18.644,18.644,False
0001,0,6,car,52.445,50.356,5.503,34.442,54.75,54.75,False
0001,1,4,car,45.821,43.988,5.542,30.278,45.964,45.964,False
0001,1,3,car,23.388,21.457,5.234,16.519,21.599,21.599,False
0001,1,1,car,12.426,10.406,2.192,11.238,11.39,11.39,False
0001,1,5,car,48.967,47.037,1.914,39.805,47.043,47.043,False
0001,1,0,car,6.003,3.419,1.98,6.677,6.893,6.893,False
0001,1,2,car,18.41,16.776,2.033,16.757,17.308,17.308,False
0001,2,1,car,11.352,9.324,2.196,10.299,10.343,10.343,False
0001,2,3,car,22.313,20.378,5.238,16.231,20.436,20.436,False
0001,2,4,car,44.729,42.893,5.537,31.046,46.952,46.952,False
0001,2,5,car,47.855,45.925,1.928,38.546,45.608,45.608,False
0001,2,0,car,5.063,2.592,1.963,6.441,7.673,7.673,False
0001,2,2,car,17.306,15.668,2.032,16.122,16.281,16.281,False
0001,2,6,car,50.253,48.162,5.511,34.447,49.918,49.918,False
0001,3,3,car,21.24,19.302,5.242,15.874,19.249,19.249,False
0001,3,4,car,43.637,41.799,5.533,32.715,45.542,45.542,False
0001,3,1,car,10.286,8.25,2.199,9.364,9.221,9.221,False
0001,3,2,car,16.203,14.561,2.032,15.54,15.231,15.231,False
0001,3,0,car,4.198,2.035,1.946,6.568,8.312,8.312,False
0001,3,6,car,49.157,47.064,5.488,36.499,52.26,52.26,False
0001,4,3,car,20.173,18.231,5.246,15.268,17.936,17.936,False
0001,4,1,car,9.231,7.187,2.203,8.296,8.177,8.177,False
0001,4,4,car,42.538,40.699,5.536,33.596,44.233,44.233,False
0001,4,2,car,15.104,13.456,2.032,14.653,14.138,14.138,False
0001,4,5,car,45.632,43.699,1.956,45.732,42.576,42.576,False
0001,4,6,car,48.054,45.961,5.479,36.526,49.954,49.954,False
0001,5,3,car,19.111,17.166,5.249,14.573,16.937,16.937,False
0001,5,4,car,41.44,39.598,5.538,32.706,42.584,42.584,False
0001,5,1,car,8.19,6.14,2.207,7.262,7.181,7.181,False
0001,5,2,car,14.007,12.353,2.032,13.705,13.204,13.204,False
0001,5,5,car,44.52,42.587,1.97,47.502,47.06,47.06,False
0001,5,6,car,46.952,44.856,5.469,37.641,49.971,49.971,False
0001,6,3,car,18.083,16.136,5.243,13.631,15.86,15.86,False
0001,6,5,car,43.418,41.483,1.979,44.106,42.587,42.587,False
0001,6,4,car,40.34,38.497,5.533,31.099,41.066,41.066,False
0001,6,2,car,12.928,11.26,2.035,12.397,11.957,11.957,False
0001,6,1,car,7.139,5.089,2.192,6.879,6.646,6.646,False
0001,6,6,car,45.848,43.751,5.459,36.523,51.124,51.124,False
0001,7,1,car,6.119,4.085,2.178,7.315,7.017,7.017,False
0001,7,3,car,17.063,15.114,5.238,13.008,15.105,15.105,False
0001,7,2,car,11.853,10.171,2.039,11.327,10.944,10.944,False
0001,7,4,car,39.242,37.396,5.528,30.358,39.646,39.646,False
0001,7,5,car,42.315,40.379,1.987,39.818,39.576,39.576,False
0001,7,95,car,50.259,47.858,19.97,28.773,51.259,51.259,False
0001,7,6,car,44.745,42.647,5.448,33.576,46.888,46.888,False
0001,8,3,car,16.05,14.1,5.232,12.054,13.744,13.744,False
0001,8,2,car,10.784,9.086,2.042,10.052,9.832,9.832,False
0001,8,1,car,5.147,3.171,2.163,6.662,7.353,7.353,False
0001,8,4,car,38.144,36.296,5.524,28.968,39.671,39.671,False
0001,8,5,car,41.213,39.276,1.995,39.822,37.906,37.906,False
0001,8,95,car,49.259,46.859,19.971,27.388,48.024,48.024,False
0001,8,6,car,43.642,41.542,5.437,32.712,45.947,45.947,False
0001,9,3,car,15.048,13.099,5.226,11.194,12.604,12.604,False
0001,9,2,car,9.715,8.004,2.049,8.922,8.902,8.902,False
0001,9,5,car,40.108,38.169,2.011,38.558,37.278,37.278,False
0001,9,4,car,36.969,35.118,5.496,27.682,37.712,37.712,False
0001,9,1,car,4.259,2.452,2.148,7.274,8.225,8.225,False
0001,9,95,car,48.262,45.864,19.971,27.133,48.223,48.223,False
0001,9,6,car,42.519,40.418,5.461,31.085,44.177,44.177,False
0001,10,3,car,14.059,12.111,5.22,10.529,11.499,11.499,False
0001,10,4,car,35.795,33.942,5.469,27.711,36.838,36.838,False
0001,10,2,car,8.659,6.932,2.056,7.858,7.764,7.764,False
0001,10,5,car,39.035,37.095,2.011,37.386,36.079,36.079,False
0001,10,6,car,41.393,39.29,5.459,31.912,43.335,43.335,False
0001,10,94,car,48.976,46.851,22.658,23.171,39.997,39.997,False
0001,11,3,car,13.069,11.127,5.214,9.967,11.007,11.007,False
0001,11,5,car,37.896,35.955,2.005,36.3,35.797,35.797,False
0001,11,2,car,7.634,5.892,2.041,6.819,6.801,6.801,False
0001,11,4,car,34.718,32.863,5.466,27.145,34.347,34.347,False
0001,11,6,car,40.268,38.163,5.457,31.102,42.547,42.547,False
0001,11,97,car,45.35,43.0,17.491,28.406,53.037,53.037,False
0001,12,3,car,12.098,10.166,5.207,9.13,9.919,9.919,False
0001,12,2,car,6.631,4.875,2.027,6.95,6.876,6.876,False
0001,12,4,car,33.642,31.784,5.463,26.016,34.131,34.131,False
0001,12,5,car,36.757,34.814,2.0,35.26,34.419,34.419,False
0001,12,93,car,48.387,46.233,25.041,24.712,44.367,44.367,False
0001,12,6,car,39.143,37.036,5.455,30.373,41.029,41.029,False
0001,12,97,car,44.338,41.989,17.498,26.893,47.672,47.672,False
0001,13,4,car,32.568,30.707,5.46,24.512,32.694,32.694,False
0001,13,2,car,5.663,3.9,2.012,6.714,7.294,7.294,False
0001,13,5,car,35.618,33.674,1.994,33.337,33.156,33.156,False
0001,13,3,car,11.151,9.237,5.201,7.956,9.297,9.297,False
0001,13,6,car,38.02,35.911,5.453,28.327,38.266,38.266,False
0001,13,97,car,43.374,41.028,17.515,26.332,45.797,45.797,False
0001,14,5,car,34.529,32.583,1.975,33.357,32.681,32.681,False
0001,14,3,car,10.236,8.351,5.194,7.504,8.543,8.543,False
0001,14,4,car,31.495,29.631,5.458,24.066,31.827,31.827,False
0001,14,2,car,4.749,3.007,1.997,7.258,7.738,7.738,False
0001,14,7,car,45.07,42.927,5.296,35.521,39.834,39.834,False
0001,14,95,car,43.395,41.014,19.979,25.493,44.141,44.141,False
0001,14,6,car,36.897,34.786,5.45,28.358,38.954,38.954,False
0001,14,97,car,42.415,40.072,17.532,25.483,42.181,42.181,False
0001,15,5,car,33.439,31.493,1.956,33.361,31.763,31.763,False
0001,15,3,car,9.361,7.521,5.187,7.806,8.963,8.963,False
0001,15,4,car,30.424,28.557,5.457,24.083,31.21,31.21,False
0001,15,7,car,43.998,41.854,5.294,36.577,40.218,40.218,False
0001,15,2,car,3.929,2.294,1.983,7.39,9.058,9.058,False
0001,15,95,car,42.45,40.074,19.981,24.783,40.879,40.879,False
0001,15,6,car,35.774,33.661,5.439,28.392,37.068,37.068,False
0001,15,97,car,41.462,39.122,17.549,25.329,40.652,40.652,False
0001,16,4,car,29.382,27.513,5.437,23.218,29.643,29.643,False
0001,16,5,car,32.391,30.443,1.957,32.503,32.461,32.461,False
0001,16,3,car,8.541,6.767,5.147,7.981,9.799,9.799,False
0001,16,7,car,42.927,40.781,5.293,35.527,38.845,38.845,False
0001,16,95,car,41.512,39.141,19.983,24.216,38.836,38.836,False
0001,16,97,car,40.514,38.178,17.566,24.73,39.901,39.901,False
0001,16,6,car,34.697,32.583,5.42,27.151,35.365,35.365,False
0001,16,93,car,44.723,42.589,25.005,25.04,47.981,47.981,False
0001,17,4,car,28.342,26.469,5.417,22.051,27.885,27.885,False
0001,17,5,car,31.344,29.393,1.958,31.654,29.478,29.478,False
0001,17,7,car,41.857,39.709,5.292,34.546,37.572,37.572,False
0001,17,95,car,40.583,38.219,19.991,23.519,38.538,38.538,False
0001,17,93,car,43.837,41.71,24.989,22.764,40.487,40.487,False
0001,17,97,car,39.572,37.241,17.583,23.218,38.385,38.385,False
0001,17,6,car,33.622,31.505,5.4,26.608,34.317,34.317,False
0001,17,3,car,7.781,6.106,5.106,7.602,12.138,12.138,False
0001,18,5,car,30.297,28.344,1.959,30.115,28.552,28.552,False
0001,18,4,car,27.303,25.428,5.398,20.974,26.948,26.948,False
0001,18,7,car,40.786,38.636,5.29,32.748,35.519,35.519,False
0001,18,92,van,46.802,44.3,23.403,,68.409,68.409,False
0001,18,95,car,39.672,37.314,19.983,22.75,36.277,36.277,False
0001,18,93,car,42.968,40.847,24.984,22.653,40.957,40.957,False
0001,18,6,car,32.548,30.429,5.38,25.01,33.095,33.095,False
0001,19,4,car,26.274,24.395,5.416,19.401,25.795,25.795,False
0001,19,5,car,29.266,27.311,1.979,27.435,27.512,27.512,False
0001,19,7,car,39.716,37.563,5.287,29.622,34.196,34.196,False
0001,19,92,van,45.923,43.429,23.409,,31.831,31.831,False
0001,19,95,car,38.767,36.416,19.975,21.657,36.124,36.124,False
0001,19,93,car,42.108,39.995,24.98,21.582,40.181,40.181,False
0001,19,6,car,31.475,29.354,5.366,23.616,32.897,32.897,False
0001,20,5,car,28.236,26.278,1.999,26.271,26.704,26.704,False
0001,20,4,car,25.248,23.365,5.435,18.323,25.009,25.009,False
0001,20,92,van,45.05,42.564,23.415,,30.985,30.985,False
0001,20,7,car,38.867,36.713,5.272,28.422,33.7,33.7,False
0001,20,95,car,37.87,35.528,19.967,20.756,34.425,34.425,False
0001,20,6,car,30.403,28.281,5.352,21.973,31.129,31.129,False
0001,20,93,car,41.302,39.198,24.99,20.878,41.293,41.293,False
0001,21,5,car,27.175,25.214,1.998,26.287,25.503,25.503,False
0001,21,4,car,24.212,22.326,5.429,18.081,23.913,23.913,False
0001,21,92,van,44.172,41.693,23.433,,30.563,30.563,False
0001,21,93,car,40.507,38.413,25.0,21.37,40.452,40.452,False
0001,21,7,car,37.81,35.653,5.278,28.287,32.752,32.752,False
0001,21,95,car,36.979,34.647,19.961,20.976,33.942,33.942,False
0001,21,6,car,29.394,27.269,5.348,22.41,30.753,30.753,False
0001,22,5,car,26.114,24.151,1.997,25.734,24.81,24.81,False
0001,22,4,car,23.179,21.289,5.423,17.654,22.702,22.702,False
0001,22,92,van,43.302,40.83,23.452,,29.778,29.778,False
0001,22,7,car,36.753,34.595,5.284,28.351,31.629,31.629,False
0001,22,95,car,36.099,33.777,19.955,21.249,32.579,32.579,False
0001,22,6,car,28.386,26.259,5.343,22.057,29.604,29.604,False
0001,23,5,car,25.054,23.088,2.008,24.235,23.522,23.522,False
0001,23,4,car,22.15,20.256,5.417,16.762,21.136,21.136,False
0001,23,92,van,42.44,39.976,23.47,,62.243,62.243,False
0001,23,7,car,35.698,33.537,5.29,28.339,30.389,30.389,False
0001,23,94,car,37.49,35.447,22.716,21.02,31.643,31.643,False
0001,23,6,car,27.38,25.251,5.339,21.331,27.676,27.676,False
0001,24,4,car,21.124,19.226,5.411,16.333,19.621,19.621,False
0001,24,5,car,23.993,22.024,1.996,23.803,22.936,22.936,False
0001,24,92,van,41.587,39.132,23.489,,29.032,29.032,False
0001,24,7,car,34.638,32.474,5.264,27.738,29.62,29.62,False
0001,24,94,car,36.748,34.717,22.737,20.795,30.462,30.462,False
0001,24,6,car,26.379,24.247,5.348,20.665,26.453,26.453,False
0001,25,4,car,20.103,18.202,5.405,15.271,18.624,18.624,False
0001,25,5,car,22.934,20.962,2.009,22.089,21.429,21.429,False
0001,25,7,car,33.579,31.413,5.243,26.673,28.006,28.006,False
0001,25,92,van,40.745,38.299,23.508,,60.034,60.034,False
0001,25,6,car,25.38,23.245,5.356,19.723,25.329,25.329,False
0001,26,4,car,19.103,17.198,5.393,14.385,17.478,17.478,False
0001,26,5,car,21.889,19.912,2.026,20.289,20.276,20.276,False
0001,26,92,van,39.901,37.469,23.534,113.531,27.724,27.724,False
0001,26,7,car,32.52,30.352,5.222,24.992,27.685,27.685,False
0001,26,6,car,24.384,22.248,5.339,18.582,23.933,23.933,False
0001,27,4,car,18.108,16.2,5.381,13.641,16.497,16.497,False
0001,27,5,car,20.846,18.864,2.044,19.038,19.012,19.012,False
0001,27,92,van,39.069,36.653,23.559,92.899,57.803,57.803,False
0001,27,7,car,31.463,29.292,5.201,24.666,26.578,26.578,False
0001,27,6,car,23.391,21.253,5.323,17.636,22.813,22.813,False
0001,28,4,car,17.12,15.21,5.369,13.281,15.528,15.528,False
0001,28,5,car,19.802,17.816,2.047,18.507,17.904,17.904,False
0001,28,92,van,38.25,35.851,23.585,92.565,27.145,27.145,False
0001,28,7,car,30.424,28.25,5.172,24.626,26.007,26.007,False
0001,28,6,car,22.397,20.256,5.288,17.164,21.802,21.802,False
0001,29,4,car,16.14,14.228,5.357,12.775,14.658,14.658,False
0001,29,92,van,37.445,35.064,23.611,95.192,55.134,55.134,False
0001,29,5,car,18.759,16.768,2.051,17.728,17.382,17.382,False
0001,29,6,car,21.404,19.262,5.252,16.791,20.719,20.719,False
0001,29,7,car,29.386,27.209,5.142,24.092,24.761,24.761,False
0001,29,9,car,36.059,33.946,5.325,30.433,32.759,32.759,False
0001,30,4,car,15.17,13.256,5.344,12.094,13.83,13.83,False
0001,30,5,car,17.718,15.722,2.054,16.562,16.23,16.23,False
0001,30,92,van,36.654,34.293,23.637,85.35,54.875,54.875,False
0001,30,11,car,66.863,64.765,2.312,61.833,67.675,67.675,False
0001,30,6,car,20.415,18.272,5.217,16.218,19.654,19.654,False
0001,30,7,car,28.349,26.17,5.112,23.782,23.52,23.52,False
0001,31,4,car,14.188,12.274,5.327,11.107,12.656,12.656,False
0001,31,5,car,16.634,14.631,2.077,15.179,15.033,15.033,False
0001,31,11,car,65.731,63.63,2.424,61.871,64.741,64.741,False
0001,31,7,car,27.328,25.146,5.104,22.633,22.843,22.843,False
0001,31,6,car,19.401,17.256,5.205,14.943,18.294,18.294,False
0001,32,4,car,13.22,11.31,5.309,9.993,11.73,11.73,False
0001,32,5,car,15.552,13.542,2.1,14.324,14.104,14.104,False
0001,32,11,car,64.658,62.556,2.464,58.915,63.823,63.823,False
0001,32,6,car,18.393,16.247,5.193,14.222,17.205,17.205,False
0001,32,7,car,26.308,24.123,5.097,21.603,21.596,21.596,False
0001,33,5,car,14.475,12.456,2.123,13.279,12.961,12.961,False
0001,33,4,car,12.27,10.366,5.292,9.283,10.713,10.713,False
0001,33,7,car,25.291,23.102,5.089,20.777,20.683,20.683,False
0001,33,11,car,63.585,61.482,2.505,61.868,63.83,63.83,False
0001,33,6,car,17.391,15.245,5.181,13.315,16.271,16.271,False
0001,33,9,car,31.779,29.656,5.206,26.614,29.069,29.069,False
0001,34,4,car,11.342,9.451,5.274,8.478,9.728,9.728,False
0001,34,5,car,13.401,11.373,2.145,12.165,12.031,12.031,False
0001,34,6,car,16.396,14.25,5.169,12.524,15.075,15.075,False
0001,34,11,car,62.512,60.407,2.545,58.906,62.059,62.059,False
0001,34,7,car,24.275,22.084,5.081,19.967,19.825,19.825,False
0001,34,13,car,55.968,54.838,6.525,69.301,51.355,51.355,False
0001,34,10,car,41.215,39.237,5.276,33.59,43.337,43.337,False
0001,35,6,car,15.409,13.265,5.157,11.763,14.085,14.085,False
0001,35,8,car,53.178,50.921,2.193,45.799,51.37,51.37,False
0001,35,4,car,10.441,8.571,5.257,7.738,8.549,8.549,False
0001,35,5,car,12.333,10.295,2.169,11.123,10.852,10.852,False
0001,35,11,car,61.44,59.333,2.586,58.906,60.386,60.386,False
0001,35,7,car,23.262,21.068,5.073,19.038,18.986,18.986,False
0001,35,13,car,54.834,53.689,6.482,73.331,44.292,44.292,False
0001,35,10,car,40.154,38.175,5.295,31.946,39.556,39.556,False
0001,35,9,car,29.616,27.488,5.215,24.587,26.738,26.738,False
0001,36,6,car,14.402,12.264,5.192,10.96,12.981,12.981,False
0001,36,8,car,51.344,49.085,2.261,45.801,50.228,50.228,False
0001,36,4,car,9.577,7.744,5.264,7.722,8.458,8.458,False
0001,36,5,car,11.259,9.213,2.157,10.131,9.882,9.882,False
0001,36,7,car,22.174,19.975,5.099,18.144,17.883,17.883,False
0001,36,13,car,53.769,52.608,6.482,69.35,47.126,47.126,False
0001,36,11,car,60.341,58.234,2.521,58.91,58.795,58.795,False
0001,36,10,car,39.094,37.113,5.313,30.47,32.279,32.279,False
0001,36,9,car,28.523,26.392,5.253,24.151,25.876,25.876,False
0001,37,6,car,13.412,11.284,5.226,10.177,11.89,11.89,False
0001,37,8,car,49.511,47.25,2.33,45.801,47.566,47.566,False
0001,37,11,car,59.217,57.11,2.398,61.858,57.287,57.287,False
0001,37,7,car,21.089,18.887,5.126,17.473,16.816,16.816,False
0001,37,5,car,10.193,8.137,2.146,9.165,8.879,8.879,False
0001,37,13,car,52.683,51.512,6.35,73.399,46.164,46.164,False
0001,37,4,car,8.763,6.989,5.271,8.056,9.382,9.382,False
0001,37,10,car,38.035,36.051,5.332,31.963,37.338,37.338,False
0001,37,9,car,27.433,25.299,5.291,23.739,24.81,24.81,False
0001,38,6,car,12.443,10.33,5.26,9.402,10.856,10.856,False
0001,38,8,car,47.682,45.417,2.439,44.196,48.093,48.093,False
0001,38,11,car,58.201,56.095,2.277,61.875,58.029,58.029,False
0001,38,7,car,20.011,17.805,5.152,16.619,15.982,15.982,False
0001,38,5,car,9.137,7.07,2.135,7.988,7.774,7.774,False
0001,38,13,car,51.599,50.416,6.225,69.343,49.169,49.169,False
0001,38,10,car,36.945,34.959,5.412,31.959,37.07,37.07,False
0001,38,9,car,26.329,24.192,5.329,22.912,23.346,23.346,False
0001,38,4,car,8.016,6.332,5.279,7.748,10.882,10.882,False
0001,39,6,car,11.5,9.412,5.294,8.551,9.819,9.819,False
0001,39,8,car,45.853,43.585,2.548,41.267,43.025,43.025,False
0001,39,7,car,18.939,16.73,5.178,15.507,15.116,15.116,False
0001,39,11,car,57.111,55.006,2.146,56.2,55.849,55.849,False
0001,39,13,car,50.514,49.32,6.098,65.666,49.202,49.202,False
0001,39,5,car,8.095,6.02,2.124,7.008,6.777,6.777,False
0001,39,10,car,35.857,33.869,5.489,27.873,32.358,32.358,False
0001,39,9,car,25.229,23.089,5.366,21.433,22.068,22.068,False
0001,40,8,car,44.026,41.755,2.657,39.88,42.234,42.234,False
0001,40,6,car,10.59,8.54,5.328,7.727,8.575,8.575,False
0001,40,7,car,17.876,15.663,5.205,14.433,14.235,14.235,False
0001,40,11,car,56.022,53.917,2.014,53.715,55.156,55.156,False
0001,40,5,car,7.073,4.993,2.113,6.837,6.543,6.543,False
0001,40,13,car,49.416,48.22,5.985,65.708,48.171,48.171,False
0001,40,10,car,34.771,32.78,5.56,25.087,29.09,29.09,False
0001,40,9,car,24.133,21.989,5.404,20.132,20.93,20.93,False
0001,41,5,car,6.065,3.995,2.085,7.984,6.708,6.708,False
0001,41,6,car,9.691,7.696,5.311,7.871,8.719,8.719,False
0001,41,11,car,54.932,52.829,1.882,53.739,53.184,53.184,False
0001,41,7,car,16.81,14.596,5.229,13.546,13.347,13.347,False
0001,41,8,car,42.284,40.009,2.75,38.735,41.47,41.47,False
0001,41,13,car,48.317,47.119,5.872,65.708,47.675,47.675,False
0001,41,10,car,33.688,31.694,5.631,26.19,30.091,30.091,False
0001,41,9,car,23.043,20.895,5.454,19.281,20.191,20.191,False
0001,42,5,car,5.104,3.079,2.056,6.54,7.097,7.097,False
0001,42,7,car,15.755,13.542,5.252,12.532,12.281,12.281,False
0001,42,8,car,40.544,38.265,2.844,37.607,40.009,40.009,False
0001,42,11,car,53.731,51.628,1.764,56.18,53.18,53.18,False
0001,42,6,car,8.842,6.929,5.294,8.051,9.733,9.733,False
0001,42,13,car,47.219,46.018,5.759,65.72,46.258,46.258,False
0001,42,10,car,32.607,30.61,5.702,27.432,32.504,32.504,False
0001,42,9,car,21.958,19.807,5.503,18.491,19.353,19.353,False
0001,43,7,car,14.714,12.503,5.276,11.599,11.229,11.229,False
0001,43,5,car,4.219,2.344,2.028,6.571,7.456,7.456,False
0001,43,8,car,38.805,36.522,2.937,35.452,36.753,36.753,False
0001,43,11,car,52.637,50.534,1.649,53.713,50.76,50.76,False
0001,43,13,car,46.122,44.918,5.652,65.714,46.258,46.258,False
0001,43,9,car,20.881,18.726,5.553,17.626,18.245,18.245,False
0001,43,6,car,8.057,6.266,5.278,7.773,11.649,11.649,False
0001,43,10,car,31.529,29.528,5.773,28.501,33.518,33.518,False
0001,44,8,car,37.064,34.776,3.002,33.485,36.185,36.185,False
0001,44,7,car,13.69,11.485,5.3,10.634,10.457,10.457,False
0001,44,11,car,51.488,49.386,1.54,51.456,49.628,49.628,False
0001,44,13,car,45.024,43.817,5.547,59.476,44.039,44.039,False
0001,44,9,car,19.806,17.649,5.589,16.367,17.153,17.153,False
0001,44,10,car,30.453,28.449,5.845,27.318,33.587,33.587,False
0001,44,5,car,3.47,2.0,1.999,7.346,11.443,11.443,False
0001,45,8,car,35.323,33.032,3.057,31.085,33.261,33.261,False
0001,45,7,car,12.686,10.493,5.323,10.037,9.565,9.565,False
0001,45,11,car,50.405,48.303,1.467,49.382,49.628,49.628,False
0001,45,13,car,43.934,42.72,5.528,56.755,42.418,42.418,False
0001,45,14,car,47.009,45.815,5.687,69.242,34.226,34.226,False
0001,45,9,car,18.739,16.58,5.625,15.125,16.229,16.229,False
0001,45,10,car,29.381,27.373,5.916,25.62,33.177,33.177,False
0001,46,8,car,33.663,31.37,3.043,29.633,32.329,32.329,False
0001,46,7,car,11.748,9.573,5.334,8.911,8.696,8.696,False
0001,46,11,car,49.247,47.146,1.393,49.381,48.547,48.547,False
0001,46,13,car,42.815,41.593,5.466,56.727,41.251,41.251,False
0001,46,14,car,45.861,44.662,5.609,77.968,34.266,34.266,False
0001,46,9,car,17.707,15.547,5.652,14.265,15.284,15.284,False
0001,46,10,car,28.263,26.251,5.941,25.15,32.099,32.099,False
0001,47,11,car,48.09,45.988,1.319,49.379,45.114,45.114,False
0001,47,8,car,32.011,29.713,3.069,27.699,29.791,29.791,False
0001,47,14,car,44.713,43.509,5.53,69.343,33.325,33.325,False
0001,47,7,car,10.839,8.694,5.345,8.06,7.636,7.636,False
0001,47,13,car,41.698,40.467,5.404,56.794,39.141,39.141,False
0001,47,9,car,16.686,14.527,5.68,13.257,14.074,14.074,False
0001,47,10,car,27.148,25.13,5.965,24.234,30.692,30.692,False
0001,48,7,car,9.966,7.868,5.356,7.868,7.302,7.302,False
0001,48,8,car,30.36,28.058,3.095,26.002,28.862,28.862,False
0001,48,13,car,40.589,39.347,5.39,56.914,39.531,39.531,False
0001,48,11,car,46.874,44.772,1.279,47.48,46.525,46.525,False
0001,48,9,car,15.674,13.516,5.698,12.217,13.069,13.069,False
0001,48,14,car,43.566,42.356,5.451,73.437,34.327,34.327,False
0001,48,10,car,26.036,24.014,5.99,22.972,29.795,29.795,False
0001,49,8,car,28.709,26.403,3.119,23.155,27.156,27.156,False
0001,49,13,car,39.443,38.19,5.365,48.073,37.306,37.306,False
0001,49,7,car,9.141,7.115,5.367,8.231,8.08,8.08,False
0001,49,9,car,14.676,12.524,5.716,11.016,12.21,12.21,False
0001,49,14,car,42.433,41.212,5.472,51.947,31.511,31.511,False
0001,49,11,car,45.86,43.758,1.245,41.17,45.58,45.58,False
0001,49,10,car,24.926,22.899,6.013,19.892,26.637,26.637,False
0001,50,8,car,27.061,24.75,3.144,20.867,25.643,25.643,False
0001,50,13,car,38.298,37.032,5.341,41.651,35.59,35.59,False
0001,50,9,car,13.696,11.553,5.734,9.954,11.152,11.152,False
0001,50,11,car,44.598,42.495,1.228,38.554,44.668,44.668,False
0001,50,7,car,8.378,6.46,5.378,7.707,8.29,8.29,False
0001,50,10,car,23.822,21.791,6.037,19.041,27.214,27.214,False
0001,50,14,car,41.3,40.069,5.475,51.962,36.585,36.585,False
0001,51,8,car,25.509,23.194,3.135,20.257,24.304,24.304,False
0001,51,9,car,12.715,10.588,5.722,9.306,10.336,10.336,False
0001,51,13,car,37.156,35.889,5.288,41.687,34.033,34.033,False
0001,51,11,car,43.429,41.325,1.191,38.579,43.795,43.795,True
0001,51,14,car,40.167,38.926,5.461,47.942,31.979,31.979,False
0001,51,10,car,22.755,20.719,6.046,18.847,26.279,26.279,False
0001,52,9,car,11.76,9.657,5.71,8.669,9.137,9.137,False
0001,52,13,car,36.015,34.746,5.235,44.655,34.577,34.577,False
0001,52,8,car,23.959,21.641,3.127,19.677,22.309,22.309,False
0001,52,11,car,42.261,40.155,1.152,39.784,42.953,42.953,True
0001,52,10,car,21.692,19.652,6.054,18.55,25.017,25.017,False
0001,53,8,car,22.409,20.088,3.117,18.816,21.205,21.205,False
0001,53,9,car,10.835,8.769,5.696,7.888,7.99,7.99,False
0001,53,13,car,34.89,33.614,5.252,43.166,33.139,33.139,False
0001,53,11,car,41.137,39.03,1.154,38.587,40.986,40.986,True
0001,53,10,car,20.636,18.592,6.062,18.083,24.772,24.772,False
0001,54,8,car,20.863,18.537,3.107,16.897,18.804,18.804,False
0001,54,13,car,33.767,32.483,5.269,41.749,32.051,32.051,False
0001,54,10,car,19.586,17.537,6.07,14.676,18.468,18.468,False
0001,54,9,car,9.952,7.941,5.683,8.654,9.171,9.171,False
0001,54,11,car,40.014,37.905,1.156,38.595,40.616,40.616,True
0001,55,8,car,19.322,16.99,3.097,15.736,17.754,17.754,False
0001,55,10,car,18.544,16.493,6.078,13.995,37.401,37.401,False
0001,55,11,car,38.891,36.78,1.158,36.314,38.523,38.523,True
0001,55,9,car,9.122,7.195,5.669,7.919,9.024,9.024,False
0001,55,13,car,32.646,31.354,5.281,40.524,31.877,31.877,False
0001,55,12,car,28.717,26.941,3.459,23.866,28.169,28.169,False
0001,56,8,car,17.967,15.631,3.073,14.39,16.011,16.011,False
0001,56,12,car,27.031,25.251,3.428,22.577,25.375,25.375,False
0001,56,11,car,37.76,35.647,1.213,36.32,37.244,37.244,False
0001,56,10,car,17.504,15.45,6.053,13.163,16.847,16.847,False
0001,56,13,car,31.586,30.278,5.291,40.664,30.314,30.314,False
0001,57,8,car,16.616,14.276,3.05,13.312,14.459,14.459,False
0001,57,11,car,36.63,34.515,1.267,36.334,36.052,36.052,False
0001,57,10,car,16.472,14.417,6.028,12.323,33.373,33.373,False
0001,57,12,car,25.348,23.562,3.396,21.434,25.391,25.391,False
0001,57,13,car,30.529,29.204,5.301,40.762,30.051,30.051,False
0001,58,8,car,15.271,12.925,3.015,12.162,13.138,13.138,False
0001,58,13,car,29.418,28.071,5.361,39.564,28.865,28.865,False
0001,58,10,car,15.453,13.399,6.003,11.479,14.414,14.414,False
0001,58,11,car,35.499,33.382,1.325,33.392,35.21,35.21,False
0001,58,12,car,23.667,21.875,3.365,19.445,22.739,22.739,False
0001,58,89,van,43.578,41.434,19.18,,77.894,77.894,False
0001,59,13,car,28.309,26.939,5.41,40.125,28.471,28.471,False
0001,59,11,car,34.369,32.249,1.382,31.69,32.878,32.878,False
0001,59,8,car,13.933,11.581,2.975,10.89,11.899,11.899,False
0001,59,10,car,14.449,12.397,5.978,10.624,13.381,13.381,False
0001,59,12,car,21.989,20.191,3.334,18.103,22.014,22.014,False
0001,60,8,car,12.603,10.245,2.935,10.159,10.686,10.686,False
0001,60,13,car,27.204,25.809,5.459,34.212,25.895,25.895,False
0001,60,10,car,13.461,11.416,5.952,9.963,12.16,12.16,False
0001,60,11,car,33.24,31.118,1.444,30.897,32.406,32.406,False
0001,60,12,car,20.315,18.51,3.303,17.099,20.48,20.48,False
0001,61,13,car,26.114,24.692,5.508,33.433,23.985,23.985,False
0001,61,12,car,18.832,17.021,3.259,16.262,18.663,18.663,False
0001,61,8,car,11.323,8.96,2.927,9.516,9.363,9.363,False
0001,61,10,car,12.471,10.438,5.922,9.262,11.116,11.116,False
0001,61,11,car,31.991,29.866,1.484,30.923,31.509,31.509,False
0001,61,89,van,40.65,38.433,19.385,,73.535,73.535,False
0001,62,13,car,25.03,23.579,5.557,31.991,23.911,23.911,False
0001,62,8,car,10.099,7.732,2.876,8.365,8.087,8.087,False
0001,62,10,car,11.508,9.497,5.891,8.56,9.756,9.756,False
0001,62,11,car,30.742,28.614,1.523,30.834,30.241,30.241,False
0001,62,12,car,17.353,15.535,3.216,14.957,16.593,16.593,False
0001,63,8,car,8.789,6.424,2.817,7.308,7.27,7.27,False
0001,63,13,car,23.953,22.471,5.606,29.151,23.691,23.691,False
0001,63,12,car,15.878,14.052,3.171,13.397,15.258,15.258,False
0001,63,11,car,29.697,27.566,1.604,26.339,26.973,26.973,False
0001,63,10,car,10.582,8.605,5.86,8.19,9.197,9.197,False
0001,63,14,car,26.839,25.402,5.776,35.236,21.342,21.342,False
0001,64,8,car,7.566,5.217,2.762,6.743,7.661,7.661,False
0001,64,11,car,28.654,26.519,1.685,26.811,26.512,26.512,False
0001,64,12,car,14.412,12.577,3.127,11.97,13.4,13.4,False
0001,64,14,car,25.733,24.269,5.828,32.652,20.561,20.561,False
0001,64,13,car,22.883,21.367,5.655,26.917,22.359,22.359,False
0001,64,19,car,44.533,42.506,5.909,33.618,44.237,44.237,False
0001,65,8,car,6.396,4.1,2.707,6.799,8.173,8.173,False
0001,65,13,car,21.823,20.269,5.703,25.0,21.119,21.119,False
0001,65,11,car,27.533,25.393,1.777,24.305,25.761,25.761,False
0001,65,12,car,12.954,11.109,3.082,10.9,11.762,11.762,False
0001,65,14,car,24.634,23.141,5.881,29.726,19.481,19.481,False
0001,65,19,car,43.422,41.393,5.832,33.593,43.386,43.386,False
0001,65,16,car,32.063,30.035,5.726,22.439,25.651,25.651,False
0001,65,18,car,30.454,29.172,5.644,37.113,27.378,27.378,False
0001,66,12,car,11.629,9.774,3.067,9.664,10.206,10.206,False
0001,66,13,car,20.771,19.174,5.782,23.397,20.523,20.523,False
0001,66,8,car,5.343,3.181,2.637,7.276,9.012,9.012,False
0001,66,14,car,23.574,22.053,5.918,29.146,19.13,19.13,False
0001,66,11,car,26.301,24.159,1.787,23.872,26.074,26.074,False
0001,66,16,car,30.971,28.941,5.659,21.724,25.537,25.537,False
0001,66,18,car,29.385,28.082,5.692,34.212,26.985,26.985,False
0001,66,19,car,42.311,40.28,5.755,32.748,44.25,44.25,False
0001,67,12,car,10.323,8.458,3.053,8.264,8.659,8.659,False
0001,67,13,car,19.71,18.071,5.806,22.015,19.593,19.593,False
0001,67,16,car,29.88,27.848,5.591,22.564,27.849,27.849,False
0001,67,11,car,25.07,22.925,1.797,22.847,25.363,25.363,False
0001,67,14,car,22.523,20.97,5.955,27.47,18.59,18.59,False
0001,67,89,van,35.238,32.857,19.846,144.948,64.62,64.62,False
0001,67,19,car,41.148,39.114,5.678,30.379,41.055,41.055,False
0001,67,18,car,28.284,26.96,5.734,33.354,25.577,25.577,False
0001,67,8,car,4.43,2.612,2.568,7.468,12.624,12.624,False
0001,68,12,car,9.042,7.171,3.039,7.413,7.667,7.667,False
0001,68,13,car,18.663,16.977,5.83,20.86,18.305,18.305,False
0001,68,14,car,21.48,19.894,5.992,26.418,17.984,17.984,False
0001,68,19,car,39.985,37.949,5.602,30.398,39.625,39.625,False
0001,68,89,van,34.347,31.941,19.879,133.776,61.264,61.264,False
0001,68,11,car,23.84,21.691,1.807,22.45,24.409,24.409,False
0001,68,18,car,27.189,25.842,5.777,32.609,25.276,25.276,False
0001,68,27,car,42.197,40.208,20.111,105.827,35.814,35.814,False
0001,68,16,car,28.79,26.756,5.523,19.687,22.497,22.497,False
0001,68,17,car,18.263,16.359,5.527,15.688,20.739,20.739,False
0001,69,12,car,7.799,5.933,3.025,6.76,7.88,7.88,False
0001,69,13,car,17.63,15.893,5.853,19.89,17.097,17.097,False
0001,69,11,car,22.79,20.637,1.865,21.3,22.709,22.709,False
0001,69,14,car,20.448,18.824,6.03,26.118,16.901,16.901,False
0001,69,19,car,38.822,36.784,5.525,30.358,38.629,38.629,False
0001,69,18,car,26.099,24.727,5.819,31.952,24.099,24.099,False
0001,69,89,van,33.475,31.042,19.913,135.063,62.143,62.143,False
0001,69,17,car,17.166,15.259,5.48,13.912,17.397,17.397,False
0001,69,16,car,27.701,25.664,5.455,19.189,45.873,45.873,False
0001,69,27,car,41.174,39.19,20.152,149.926,41.356,41.356,False
0001,70,12,car,6.615,4.778,3.011,7.32,8.355,8.355,False
0001,70,13,car,16.616,14.823,5.876,18.828,15.964,15.964,False
0001,70,16,car,26.613,24.574,5.388,21.427,24.427,24.427,False
0001,70,11,car,21.742,19.584,1.922,21.047,21.853,21.853,False
0001,70,14,car,19.427,17.763,6.067,25.246,15.992,15.992,False
0001,70,19,car,37.66,35.62,5.449,30.417,37.066,37.066,False
0001,70,18,car,25.015,23.616,5.861,31.309,22.61,22.61,False
0001,70,17,car,16.077,14.168,5.422,12.505,14.989,14.989,False
0001,70,89,van,32.623,30.164,19.947,146.725,61.831,61.831,False
0001,71,12,car,5.62,3.865,2.996,7.295,9.252,9.252,False
0001,71,17,car,15.025,13.116,5.395,11.564,13.896,13.896,False
0001,71,13,car,15.594,13.74,5.881,17.66,15.142,15.142,False
0001,71,16,car,25.5,23.456,5.353,20.051,22.883,22.883,False
0001,71,19,car,36.497,34.455,5.356,29.004,35.353,35.353,False
0001,71,14,car,18.373,16.666,6.08,21.893,14.26,14.26,False
0001,71,18,car,23.93,22.5,5.912,29.931,21.716,21.716,False
0001,71,11,car,20.602,18.44,1.95,19.329,20.213,20.213,False
0001,72,13,car,14.597,12.676,5.885,16.514,13.946,13.946,False
0001,72,16,car,24.389,22.341,5.317,19.185,21.761,21.761,False
0001,72,17,car,13.987,12.079,5.368,10.733,12.762,12.762,False
0001,72,18,car,22.853,21.39,5.963,28.091,20.745,20.745,False
0001,72,19,car,35.334,33.291,5.264,28.361,35.109,35.109,False
0001,72,14,car,17.335,15.581,6.093,20.525,13.344,13.344,False
0001,72,11,car,19.464,17.296,1.978,18.208,18.969,18.969,False
0001,72,12,car,4.759,3.205,2.983,7.341,12.355,12.355,False
0001,73,13,car,13.632,11.637,5.89,15.619,12.676,12.676,False
0001,73,17,car,12.966,11.061,5.34,9.878,11.567,11.567,False
0001,73,18,car,21.785,20.287,6.014,27.749,19.574,19.574,False
0001,73,19,car,34.244,32.199,5.216,28.373,34.339,34.339,False
0001,73,16,car,23.28,21.228,5.282,18.797,20.523,20.523,False
0001,73,11,car,18.327,16.154,2.005,17.225,17.738,17.738,False
0001,73,14,car,16.316,14.51,6.107,19.738,12.327,12.327,False
0001,74,16,car,22.176,20.119,5.247,18.195,19.674,19.674,False
0001,74,13,car,12.705,10.629,5.894,14.872,11.468,11.468,False
0001,74,17,car,11.964,10.068,5.313,9.13,10.564,10.564,False
0001,74,18,car,20.728,19.192,6.065,27.522,18.852,18.852,False
0001,74,19,car,33.155,31.108,5.168,28.392,32.867,32.867,False
0001,74,14,car,15.32,13.457,6.12,18.976,11.755,11.755,False
0001,74,11,car,17.193,15.014,2.033,16.554,16.667,16.667,False
0001,75,16,car,21.074,19.014,5.212,17.255,18.504,18.504,False
0001,75,14,car,14.352,12.427,6.133,18.313,10.874,10.874,False
0001,75,17,car,10.988,9.108,5.286,8.325,9.373,9.373,False
0001,75,18,car,19.676,18.095,6.135,27.141,17.718,17.718,False
0001,75,19,car,32.067,30.017,5.12,27.781,31.754,31.754,False
0001,75,11,car,16.062,13.877,2.06,15.876,15.571,15.571,False
0001,75,13,car,11.826,9.664,5.898,13.865,10.978,10.978,False
0001,76,18,car,18.616,16.988,6.182,25.851,16.521,16.521,False
0001,76,16,car,19.963,17.9,5.172,16.254,17.485,17.485,False
0001,76,17,car,10.052,8.199,5.269,7.778,8.317,8.317,False
0001,76,19,car,30.899,28.847,5.058,27.221,30.106,30.106,False
0001,76,14,car,13.4,11.405,6.154,17.224,10.041,10.041,False
0001,76,11,car,14.911,12.719,2.084,14.325,13.999,13.999,False
0001,77,19,car,29.732,27.677,4.996,25.525,28.628,28.628,False
0001,77,16,car,18.857,16.791,5.132,15.177,16.128,16.128,False
0001,77,18,car,17.574,15.895,6.228,24.559,15.961,15.961,False
0001,77,17,car,9.16,7.353,5.252,7.965,9.042,9.042,False
0001,77,14,car,12.492,10.423,6.175,15.354,9.53,9.53,False
0001,77,11,car,13.765,11.565,2.107,13.308,12.918,12.918,False
0001,78,16,car,17.756,15.688,5.091,13.967,14.806,14.806,False
0001,78,19,car,28.566,26.509,4.934,24.092,27.96,27.96,False
0001,78,18,car,16.553,14.818,6.275,22.027,14.721,14.721,False
0001,78,11,car,12.624,10.416,2.131,12.022,11.864,11.864,False
0001,78,17,car,8.327,6.594,5.235,7.511,9.769,9.769,False
0001,78,14,car,11.637,9.493,6.195,15.916,11.269,11.269,False
0001,79,16,car,16.662,14.593,5.051,12.935,13.817,13.817,False
0001,79,19,car,27.401,25.341,4.872,23.292,26.535,26.535,False
0001,79,18,car,15.558,13.761,6.322,22.103,14.169,14.169,False
0001,79,11,car,11.491,9.274,2.154,10.699,10.666,10.666,False
0001,79,20,car,32.939,30.91,4.942,29.013,35.901,35.901,False
0001,80,16,car,15.577,13.508,5.011,12.108,12.784,12.784,False
0001,80,19,car,26.238,24.175,4.81,22.024,25.258,25.258,False
0001,80,18,car,14.595,12.731,6.369,19.656,13.268,13.268,False
0001,80,11,car,10.367,8.142,2.178,9.507,9.35,9.35,False
0001,80,20,car,31.791,29.761,4.822,27.722,32.565,32.565,False
0001,80,21,car,36.377,34.431,4.809,31.912,37.87,37.87,False
0001,81,19,car,25.099,23.032,4.806,20.963,24.111,24.111,False
0001,81,16,car,14.502,12.435,5.006,11.248,11.881,11.881,False
0001,81,18,car,13.661,11.729,6.374,18.051,11.914,11.914,False
0001,81,28,car,42.251,40.33,21.036,,40.176,40.176,False
0001,81,11,car,9.225,6.993,2.183,8.364,8.296,8.296,False
0001,81,20,car,30.582,28.546,4.804,26.611,31.681,31.681,False
0001,81,21,car,35.209,33.262,4.802,30.338,36.364,36.364,False
0001,82,28,car,41.291,39.351,21.032,,38.518,38.518,False
0001,82,16,car,13.443,11.381,5.001,10.221,10.841,10.841,False
0001,82,19,car,23.964,21.893,4.802,19.804,22.965,22.965,False
0001,82,18,car,12.767,10.764,6.379,16.537,11.311,11.311,False
0001,82,11,car,8.101,5.867,2.188,7.229,7.206,7.206,False
0001,82,20,car,29.374,27.333,4.787,25.013,30.239,30.239,False
0001,82,21,car,34.041,32.093,4.795,29.66,36.397,36.397,False
0001,83,28,car,40.341,38.38,21.029,,37.332,37.332,False
0001,83,16,car,12.402,10.349,4.995,9.334,9.897,9.897,False
0001,83,11,car,7.002,4.777,2.194,7.498,6.716,6.716,False
0001,83,19,car,22.832,20.756,4.799,18.958,21.73,21.73,False
0001,83,20,car,28.168,26.122,4.769,24.068,27.868,27.868,False
0001,83,21,car,32.875,30.926,4.782,28.345,34.218,34.218,False
0001,83,18,car,11.923,9.844,6.384,13.695,11.269,11.269,False
0001,84,11,car,5.945,3.757,2.199,6.696,6.897,6.897,False
0001,84,19,car,21.703,19.623,4.795,18.162,20.642,20.642,False
0001,84,16,car,11.385,9.349,4.99,8.452,8.938,8.938,False
0001,84,28,car,39.401,37.42,21.025,,35.904,35.904,False
0001,84,21,car,31.709,29.759,4.765,27.713,32.311,32.311,False
0001,84,20,car,26.964,24.913,4.752,23.657,27.748,27.748,False
0001,85,16,car,10.399,8.391,4.985,7.547,7.816,7.816,False
0001,85,28,car,38.473,36.471,21.021,,35.391,35.391,False
0001,85,19,car,20.578,18.493,4.791,16.932,19.674,19.674,False
0001,85,11,car,4.954,2.881,2.204,6.67,7.271,7.271,False
0001,85,23,car,32.958,31.674,7.516,60.831,31.931,31.931,False
0001,85,21,car,30.545,28.593,4.748,26.742,26.381,26.381,False
0001,85,22,car,36.378,34.272,4.604,31.927,38.849,38.849,False
0001,85,20,car,25.763,23.707,4.734,22.815,26.661,26.661,False
0001,85,25,car,37.517,36.292,7.334,60.912,31.21,31.21,False
0001,85,34,car,37.959,35.965,3.02,42.667,37.963,37.963,False
0001,86,16,car,9.482,7.516,4.987,7.649,7.927,7.927,False
0001,86,19,car,19.477,17.387,4.83,16.358,18.311,18.311,False
0001,86,28,car,37.558,35.534,21.018,,34.992,34.992,False
0001,86,11,car,4.115,2.335,2.21,7.302,7.909,7.909,False
0001,86,33,car,42.869,40.704,4.3,37.641,42.377,42.377,False
0001,86,34,car,36.809,34.813,2.934,41.233,36.139,36.139,False
0001,86,20,car,24.65,22.592,4.785,20.615,24.565,24.565,False
0001,86,22,car,35.251,33.141,4.685,31.135,37.276,37.276,False
0001,86,25,car,36.423,35.189,7.301,64.178,31.514,31.514,False
0001,86,21,car,29.43,27.474,4.812,25.614,29.822,29.822,False
0001,87,28,car,36.66,34.617,20.959,,34.373,34.373,False
0001,87,19,car,18.383,16.288,4.87,15.008,16.909,16.909,False
0001,87,16,car,8.616,6.718,4.989,7.652,8.57,8.57,False
0001,87,33,car,41.708,39.542,4.39,36.544,40.865,40.865,False
0001,87,23,car,30.757,29.446,7.387,58.285,29.231,29.231,False
0001,87,20,car,23.541,21.48,4.836,19.697,23.385,23.385,False
0001,87,22,car,34.125,32.011,4.765,29.672,35.28,35.28,False
0001,87,25,car,35.33,34.087,7.267,64.361,29.57,29.57,False
0001,87,21,car,28.317,26.357,4.875,24.077,28.027,28.027,False
0001,87,34,car,35.658,33.661,2.847,42.662,36.137,36.137,False
0001,88,23,car,29.661,28.335,7.323,56.047,27.993,27.993,False
0001,88,19,car,17.298,15.198,4.909,14.133,15.903,15.903,False
0001,88,28,car,35.773,33.71,20.9,,33.008,33.008,False
0001,88,33,car,40.578,38.41,4.477,34.483,39.457,39.457,False
0001,88,34,car,34.509,32.51,2.782,41.233,34.485,34.485,False
0001,88,20,car,22.436,20.373,4.887,18.616,22.012,22.012,False
0001,88,31,car,42.584,40.451,21.293,,36.581,36.581,False
0001,88,22,car,33.001,30.883,4.846,28.351,34.25,34.25,False
0001,88,21,car,27.208,25.244,4.938,23.317,27.404,27.404,False
0001,88,16,car,7.817,6.028,4.991,7.657,12.797,12.797,False
0001,89,19,car,16.223,14.119,4.948,12.914,14.599,14.599,False
0001,89,23,car,28.567,27.225,7.259,53.541,27.455,27.455,False
0001,89,28,car,34.899,32.815,20.841,,36.158,36.158,False
0001,89,34,car,33.36,31.359,2.711,37.488,33.987,33.987,False
0001,89,33,car,39.402,37.232,4.568,31.834,39.148,39.148,False
0001,89,22,car,31.88,29.758,4.927,26.554,32.815,32.815,False
0001,89,21,car,26.101,24.134,5.002,21.091,25.92,25.92,False
0001,89,20,car,21.309,19.242,4.942,17.175,20.995,20.995,False
0001,90,23,car,27.477,26.118,7.194,46.013,26.045,26.045,False
0001,90,19,car,15.16,13.054,4.988,11.933,13.487,13.487,False
0001,90,28,car,34.038,31.934,20.783,,32.175,32.175,False
0001,90,34,car,32.212,30.208,2.638,34.342,32.043,32.043,False
0001,90,33,car,38.227,36.056,4.659,30.395,38.181,38.181,False
0001,90,22,car,30.761,28.635,5.007,24.984,30.644,30.644,False
0001,90,24,car,29.88,28.645,7.793,67.511,27.213,27.213,False
0001,90,21,car,24.999,23.027,5.065,19.72,24.716,24.716,False
0001,90,20,car,20.19,18.118,4.996,15.941,20.006,20.006,False
0001,91,19,car,14.101,11.996,4.989,10.807,12.26,12.26,False
0001,91,23,car,26.414,25.035,7.151,41.795,25.601,25.601,False
0001,91,33,car,37.055,34.881,4.75,27.719,36.972,36.972,False
0001,91,34,car,31.008,29.005,2.554,30.9,31.82,31.82,False
0001,91,24,car,28.807,27.563,7.715,53.484,26.974,26.974,False
0001,91,22,car,29.648,27.517,5.058,22.842,31.121,31.121,False
0001,91,21,car,23.909,21.933,5.096,18.332,23.892,23.892,False
0001,91,20,car,19.117,17.043,5.014,14.597,18.531,18.531,False
0001,92,23,car,25.355,23.956,7.106,39.243,24.398,24.398,False
0001,92,19,car,13.059,10.956,4.989,10.08,11.337,11.337,False
0001,92,34,car,29.805,27.801,2.47,28.748,29.913,29.913,False
0001,92,33,car,35.884,33.708,4.84,27.059,37.624,37.624,False
0001,92,29,car,34.415,32.259,20.649,,34.482,34.482,False
0001,92,22,car,28.538,26.403,5.109,21.287,29.186,29.186,False
0001,92,20,car,18.051,15.975,5.032,13.462,17.161,17.161,False
0001,92,21,car,22.823,20.844,5.126,17.178,22.795,22.795,False
0001,93,23,car,24.302,22.881,7.062,39.572,22.902,22.902,False
0001,93,19,car,12.037,9.943,4.99,9.3,10.102,10.102,False
0001,93,34,car,28.673,26.669,2.404,28.746,29.149,29.149,False
0001,93,33,car,34.753,32.575,4.905,26.514,35.874,35.874,False
0001,93,20,car,17.001,14.925,5.07,12.762,15.843,15.843,False
0001,93,22,car,27.43,25.291,5.155,20.926,27.822,27.822,False
0001,93,21,car,21.675,19.692,5.162,16.561,21.21,21.21,False
0001,93,29,car,33.571,31.391,20.599,,36.907,36.907,False
0001,93,24,car,26.671,25.405,7.598,51.653,25.557,25.557,False
0001,93,30,car,36.041,33.753,20.951,,39.598,39.598,False
0001,94,23,car,23.254,21.81,7.017,39.732,22.203,22.203,False
0001,94,19,car,11.042,8.963,4.991,8.412,9.106,9.106,False
0001,94,34,car,27.541,25.536,2.338,29.457,27.365,27.365,False
0001,94,33,car,33.623,31.444,4.969,27.13,34.827,34.827,False
0001,94,20,car,15.962,13.887,5.108,12.187,14.822,14.822,False
0001,94,22,car,26.325,24.182,5.201,21.104,26.592,26.592,False
0001,94,24,car,25.609,24.331,7.558,46.296,23.747,23.747,False
0001,94,21,car,20.533,18.546,5.197,16.057,20.024,20.024,False
0001,94,30,car,35.206,32.892,20.943,,38.111,38.111,False
0001,94,31,car,37.346,35.079,21.183,,34.015,34.015,False
0001,95,19,car,10.08,8.03,4.992,7.629,8.302,8.302,False
0001,95,25,car,26.618,25.281,6.878,45.87,21.917,21.917,False
0001,95,23,car,22.214,20.743,6.972,38.832,21.407,21.407,False
0001,95,33,car,32.496,30.315,5.034,26.013,32.842,32.842,False
0001,95,34,car,26.47,24.464,2.287,28.103,25.657,25.657,False
0001,95,31,car,36.665,34.313,21.226,,32.943,32.943,False
0001,95,20,car,14.935,12.864,5.145,11.299,13.652,13.652,False
0001,95,22,car,25.224,23.076,5.247,20.019,25.622,25.622,False
0001,95,32,car,29.162,27.903,6.103,45.493,28.518,28.518,False
0001,95,24,car,24.553,23.261,7.519,59.169,22.844,22.844,False
0001,95,21,car,19.393,17.403,5.219,15.122,18.538,18.538,False
0001,95,30,car,34.386,32.045,20.936,,39.137,39.137,False
0001,96,19,car,9.195,7.193,5.002,7.622,8.79,8.79,False
0001,96,23,car,21.165,19.661,6.983,36.097,20.202,20.202,False
0001,96,35,car,30.9,28.816,2.311,27.487,25.5,25.5,False
0001,96,34,car,25.331,23.316,2.275,26.9,25.416,25.416,False
0001,96,20,car,13.893,11.828,5.136,10.327,12.608,12.608,False
0001,96,33,car,31.38,29.194,5.025,24.652,31.522,31.522,False
0001,96,31,car,35.7,33.338,21.161,,32.523,32.523,False
0001,96,22,car,24.128,21.976,5.237,18.67,23.712,23.712,False
0001,96,24,car,23.478,22.17,7.481,40.901,21.456,21.456,False
0001,96,21,car,18.336,16.343,5.212,14.251,17.351,17.351,False
0001,96,32,car,28.05,26.775,6.102,43.881,27.585,27.585,False
0001,97,23,car,20.129,18.589,6.992,34.594,19.491,19.491,False
0001,97,19,car,8.367,6.442,5.012,7.614,9.485,9.485,False
0001,97,34,car,24.192,22.169,2.264,24.747,24.088,24.088,False
0001,97,20,car,12.868,10.813,5.127,9.469,11.404,11.404,False
0001,97,33,car,30.266,28.075,5.017,23.622,30.929,30.929,False
0001,97,35,car,29.741,27.654,2.311,28.061,26.692,26.692,False
0001,97,22,car,23.035,20.88,5.228,17.625,22.513,22.513,False
0001,97,21,car,17.286,15.29,5.206,13.191,16.226,16.226,False
0001,97,24,car,22.428,21.102,7.487,39.863,20.187,20.187,False
0001,97,32,car,26.943,25.65,6.102,42.544,26.738,26.738,False
0001,97,31,car,34.75,32.378,21.096,,32.804,32.804,False
0001,97,25,car,24.467,23.092,6.886,43.169,23.301,23.301,False
0001,98,20,car,11.864,9.826,5.118,8.611,10.284,10.284,False
0001,98,23,car,19.106,17.527,7.002,32.65,18.305,18.305,False
0001,98,34,car,23.055,21.024,2.252,23.827,23.004,23.004,False
0001,98,35,car,28.582,26.493,2.311,26.874,25.206,25.206,False
0001,98,33,car,29.15,26.955,4.995,22.922,30.349,30.349,False
0001,98,22,car,21.945,19.786,5.218,17.076,21.647,21.647,False
0001,98,32,car,25.839,24.528,6.102,40.082,25.399,25.399,False
0001,98,21,car,16.244,14.247,5.199,12.181,15.222,15.222,False
0001,98,24,car,21.387,20.042,7.493,40.225,20.377,20.377,False
0001,98,19,car,7.614,5.812,5.022,7.612,11.156,11.156,False
0001,98,25,car,23.402,22.005,6.89,39.353,22.246,22.246,False
0001,99,20,car,10.887,8.876,5.108,7.847,9.16,9.16,False
0001,99,23,car,18.099,16.478,7.011,30.655,17.344,17.344,False
0001,99,34,car,21.919,19.88,2.241,22.524,21.583,21.583,False
0001,99,33,car,28.036,25.838,4.973,21.791,28.49,28.49,False
0001,99,35,car,27.423,25.332,2.311,26.882,24.94,24.94,False
0001,99,21,car,15.212,13.215,5.192,11.388,13.718,13.718,False
0001,99,22,car,20.861,18.698,5.209,16.41,20.673,20.673,False
0001,99,24,car,20.357,18.991,7.499,36.184,18.47,18.47,False
0001,99,32,car,24.741,23.409,6.102,39.026,24.703,24.703,False
0001,99,25,car,22.345,20.924,6.893,37.469,22.006,22.006,False
0001,100,20,car,9.945,7.976,5.099,7.793,8.674,8.674,False
0001,100,23,car,17.112,15.444,7.021,28.219,16.431,16.431,False
0001,100,34,car,20.784,18.737,2.23,21.015,20.073,20.073,False
0001,100,33,car,26.924,24.722,4.951,20.954,26.866,26.866,False
0001,100,21,car,14.192,12.197,5.186,10.636,12.285,12.285,False
0001,100,22,car,19.635,17.468,5.199,15.262,19.326,19.326,False
0001,100,35,car,26.265,24.171,2.311,26.294,24.285,24.285,False
0001,100,24,car,19.34,17.951,7.505,32.992,17.415,17.415,False
0001,100,32,car,23.648,22.294,6.101,35.953,23.035,23.035,False
0001,100,25,car,21.296,19.85,6.898,34.675,20.69,20.69,False
0001,101,20,car,9.071,7.163,5.1,7.753,9.283,9.283,False
0001,101,23,car,16.145,14.428,7.025,26.218,15.414,15.414,False
0001,101,34,car,19.654,17.605,2.257,19.707,18.929,18.929,False
0001,101,33,car,25.818,23.613,4.937,20.319,26.012,26.012,False
0001,101,22,car,18.571,16.401,5.186,14.496,17.892,17.892,False
0001,101,21,car,13.147,11.158,5.179,9.765,11.689,11.689,False
0001,101,35,car,25.139,23.042,2.326,25.23,23.537,23.537,False
0001,101,24,car,18.344,16.929,7.553,31.103,16.639,16.639,False
0001,101,32,car,22.609,21.225,6.196,35.218,22.606,22.606,False
0001,101,25,car,20.254,18.78,6.915,32.319,20.136,20.136,False
0001,102,23,car,15.204,13.434,7.03,23.951,14.359,14.359,False
0001,102,34,car,18.526,16.474,2.284,18.555,17.846,17.846,False
0001,102,20,car,8.255,6.44,5.102,7.657,9.948,9.948,False
0001,102,33,car,24.715,22.507,4.924,19.421,24.808,24.808,False
0001,102,22,car,17.514,15.342,5.174,13.533,16.704,16.704,False
0001,102,21,car,12.123,10.145,5.171,9.003,10.527,10.527,False
0001,102,35,car,24.013,21.912,2.34,23.789,22.73,22.73,False
0001,102,24,car,17.368,15.926,7.601,28.915,15.726,15.726,False
0001,102,32,car,21.581,20.165,6.291,34.659,22.582,22.582,False
0001,102,25,car,19.225,17.72,6.933,30.073,18.227,18.227,False
0001,103,21,car,11.125,9.165,5.164,8.222,9.43,9.43,False
0001,103,34,car,17.401,15.345,2.312,17.281,16.893,16.893,False
0001,103,33,car,23.614,21.404,4.91,18.335,23.12,23.12,False
0001,103,23,car,14.294,12.467,7.034,21.864,13.341,13.341,False
0001,103,22,car,16.465,14.291,5.162,12.722,15.762,15.762,False
0001,103,35,car,22.888,20.784,2.354,21.758,21.047,21.047,False
0001,103,24,car,16.416,14.945,7.649,26.609,14.868,14.868,False
0001,103,32,car,20.566,19.116,6.386,36.149,22.843,22.843,False
0001,103,25,car,18.211,16.673,6.95,28.534,17.781,17.781,False
0001,104,21,car,10.161,8.232,5.157,7.667,8.506,8.506,False
0001,104,34,car,16.278,14.219,2.339,16.217,15.728,15.728,False
0001,104,33,car,22.515,20.304,4.897,17.757,21.882,21.882,False
0001,104,22,car,15.425,13.251,5.149,12.196,14.444,14.444,False
0001,104,23,car,13.423,11.535,7.039,20.396,13.01,13.01,False
0001,104,24,car,15.492,13.992,7.697,23.725,13.782,13.782,False
0001,104,35,car,21.765,19.657,2.369,21.003,20.128,20.128,False
0001,104,25,car,17.215,15.641,6.968,26.079,16.708,16.708,False
0001,104,32,car,19.565,18.077,6.481,35.633,22.851,22.851,False
0001,105,22,car,14.397,12.224,5.137,11.092,13.243,13.243,False
0001,105,33,car,21.421,19.208,4.884,16.756,20.425,20.425,False
0001,105,21,car,9.24,7.361,5.15,7.858,8.899,8.899,False
0001,105,34,car,15.16,13.096,2.366,14.89,14.573,14.573,False
0001,105,24,car,14.601,13.072,7.745,22.268,12.859,12.859,False
0001,105,35,car,20.643,18.531,2.383,20.34,19.459,19.459,False
0001,105,36,car,26.962,25.047,4.939,22.03,27.123,27.123,False
0001,105,25,car,16.24,14.627,6.985,24.602,15.566,15.566,False
0001,105,37,car,30.314,28.401,2.454,29.459,31.601,31.601,False
0001,106,22,car,13.381,11.213,5.132,10.875,12.074,12.074,False
0001,106,33,car,20.321,18.107,4.874,16.169,19.573,19.573,False
0001,106,34,car,14.054,11.986,2.381,13.79,13.57,13.57,False
0001,106,24,car,13.688,12.132,7.695,20.437,12.022,12.022,False
0001,106,21,car,8.397,6.594,5.13,7.962,9.659,9.659,False
0001,106,35,car,19.52,17.404,2.394,18.811,17.811,17.811,False
0001,106,25,car,15.3,13.649,6.987,23.015,14.614,14.614,False
0001,106,36,car,25.863,23.948,4.938,20.934,25.354,25.354,False
0001,106,32,car,17.539,15.979,6.517,28.153,19.05,19.05,False
0001,106,37,car,29.191,27.278,2.477,28.768,29.928,29.928,False
0001,107,33,car,19.227,17.012,4.864,15.096,18.242,18.242,False
0001,107,22,car,12.384,10.226,5.128,9.723,10.787,10.787,False
0001,107,34,car,12.954,10.88,2.395,12.347,12.219,12.219,False
0001,107,35,car,18.4,16.279,2.405,17.798,17.033,17.033,False
0001,107,25,car,14.388,12.695,6.988,23.384,15.008,15.008,False
0001,107,36,car,24.767,22.85,4.938,19.984,23.825,23.825,False
0001,107,37,car,28.069,26.155,2.5,27.496,28.43,28.43,False
0001,107,32,car,16.512,14.915,6.457,30.44,20.002,20.002,False
0001,108,33,car,18.138,15.923,4.854,14.415,16.857,16.857,False
0001,108,34,car,11.86,9.781,2.409,11.037,11.04,11.04,False
0001,108,22,car,11.411,9.269,5.123,9.015,9.817,9.817,False
0001,108,35,car,17.282,15.155,2.416,16.613,16.28,16.28,False
0001,108,37,car,26.948,25.032,2.523,25.27,26.915,26.915,False
0001,108,36,car,23.673,21.755,4.937,18.832,22.473,22.473,False
0001,108,32,car,15.501,13.865,6.398,23.17,17.513,17.513,False
0001,108,25,car,13.508,11.772,6.989,19.506,13.431,13.431,False
0001,109,33,car,17.056,14.842,4.845,13.601,15.748,15.748,False
0001,109,22,car,10.467,8.354,5.119,7.778,8.471,8.471,False
0001,109,34,car,10.775,8.69,2.423,9.854,9.964,9.964,False
0001,109,41,car,40.01,38.149,2.204,34.284,37.291,37.291,False
0001,109,35,car,16.167,14.035,2.426,15.199,15.033,15.033,False
0001,109,96,car,69.256,66.983,0.304,56.213,58.743,58.743,True
0001,109,40,car,46.44,44.553,4.817,37.556,45.854,45.854,False
0001,109,37,car,25.828,23.911,2.546,23.819,25.702,25.702,False
0001,109,36,car,22.583,20.663,4.936,18.086,22.543,22.543,False
0001,109,32,car,14.511,12.831,6.339,20.1,15.363,15.363,False
0001,110,22,car,9.562,7.495,5.115,7.677,8.441,8.441,False
0001,110,33,car,15.982,13.77,4.835,12.284,14.635,14.635,False
0001,110,34,car,9.702,7.613,2.437,8.621,8.896,8.896,False
0001,110,32,car,13.546,11.818,6.279,17.246,13.217,13.217,False
0001,110,41,car,38.888,37.026,2.21,35.283,37.929,37.929,False
0001,110,35,car,15.055,12.917,2.437,13.902,13.858,13.858,False
0001,110,40,car,45.323,43.435,4.829,37.616,44.521,44.521,False
0001,110,38,car,30.488,28.314,4.642,24.026,30.218,30.218,False
0001,110,96,car,68.436,66.183,0.636,53.741,57.245,57.245,True
0001,110,37,car,24.709,22.79,2.569,22.536,24.734,24.734,False
0001,110,36,car,21.495,19.573,4.933,17.187,20.973,20.973,False
0001,111,33,car,14.97,12.762,4.832,11.442,13.65,13.65,False
0001,111,22,car,8.718,6.721,5.091,8.054,9.368,9.368,False
0001,111,34,car,8.636,6.545,2.445,7.561,7.8,7.8,False
0001,111,32,car,12.692,10.908,6.331,16.095,12.433,12.433,False
0001,111,40,car,44.207,42.317,4.841,36.485,42.428,42.428,False
0001,111,35,car,13.95,11.806,2.436,12.787,12.731,12.731,False
0001,111,41,car,37.766,35.903,2.217,34.28,37.297,37.297,False
0001,111,36,car,20.432,18.506,4.943,16.337,19.473,19.473,False
0001,111,38,car,29.381,27.204,4.629,23.566,29.274,29.274,False
0001,111,37,car,23.581,21.658,2.553,21.751,23.721,23.721,False
0001,111,96,car,67.618,65.389,0.971,53.806,55.835,55.835,True
0001,112,33,car,13.969,11.769,4.829,10.696,12.57,12.57,False
0001,112,34,car,7.593,5.507,2.454,6.716,7.002,7.002,False
0001,112,22,car,7.934,6.045,5.068,7.743,9.52,9.52,False
0001,112,35,car,12.85,10.699,2.435,12.004,11.686,11.686,False
0001,112,32,car,11.886,10.043,6.382,12.06,9.997,9.997,False
0001,112,41,car,36.646,34.781,2.225,34.298,36.697,36.697,False
0001,112,38,car,28.275,26.095,4.615,23.161,27.716,27.716,False
0001,112,96,car,66.802,64.6,1.309,56.232,55.163,55.163,False
0001,112,36,car,19.374,17.445,4.951,15.604,18.616,18.616,False
0001,112,37,car,22.454,20.527,2.538,21.791,23.259,23.259,False
0001,112,40,car,43.092,41.199,4.854,36.485,40.878,40.878,False
0001,112,39,car,28.157,26.101,2.352,26.877,28.782,28.782,False
0001,113,33,car,12.983,10.795,4.826,9.889,11.231,11.231,False
0001,113,34,car,6.582,4.518,2.462,6.867,7.265,7.265,False
0001,113,35,car,11.756,9.598,2.434,10.824,10.535,10.535,False
0001,113,38,car,27.17,24.988,4.602,22.381,26.313,26.313,False
0001,113,41,car,35.526,33.659,2.234,34.314,36.407,36.407,False
0001,113,40,car,41.977,40.082,4.866,36.514,39.823,39.823,False
0001,113,36,car,18.322,16.389,4.959,14.763,17.533,17.533,False
0001,113,37,car,21.328,19.398,2.522,20.712,22.368,22.368,False
0001,113,96,car,65.853,63.733,1.764,56.334,48.598,48.598,False
0001,113,39,car,27.061,25.002,2.362,25.261,27.064,27.064,False
0001,114,33,car,12.015,9.846,4.823,8.995,10.173,10.173,False
0001,114,34,car,5.621,3.619,2.47,7.126,7.799,7.799,False
0001,114,35,car,10.67,8.507,2.433,9.592,9.444,9.444,False
0001,114,37,car,20.203,18.269,2.506,18.829,20.027,20.027,False
0001,114,38,car,26.067,23.883,4.589,21.658,25.768,25.768,False
0001,114,40,car,40.872,38.976,4.86,35.508,40.196,40.196,False
0001,114,36,car,17.277,15.341,4.967,13.771,16.146,16.146,False
0001,114,41,car,34.399,32.532,2.194,33.378,35.277,35.277,False
0001,114,39,car,25.964,23.902,2.364,23.351,25.248,25.248,False
0001,114,96,car,64.91,62.888,2.241,56.301,55.906,55.906,False
0001,115,33,car,11.07,8.93,4.82,8.143,9.018,9.018,False
0001,115,35,car,9.595,7.427,2.431,8.498,8.393,8.393,False
0001,115,34,car,4.742,2.894,2.478,6.631,8.485,8.485,False
0001,115,38,car,24.967,22.781,4.575,20.632,24.581,24.581,False
0001,115,37,car,19.08,17.142,2.49,17.543,18.893,18.893,False
0001,115,36,car,16.24,14.302,4.975,12.803,15.151,15.151,False
0001,115,96,car,63.972,62.066,2.74,53.84,54.555,54.555,False
0001,115,40,car,39.769,37.87,4.854,34.524,39.498,39.498,False
0001,115,41,car,33.313,31.443,2.245,30.872,33.949,33.949,False
0001,115,39,car,24.867,22.803,2.367,22.133,24.052,24.052,False
0001,116,33,car,10.159,8.056,4.822,7.627,8.016,8.016,False
0001,116,40,car,38.665,36.765,4.849,33.606,36.956,36.956,False
0001,116,37,car,18.018,16.076,2.497,16.613,17.754,17.754,False
0001,116,35,car,8.559,6.391,2.424,7.496,7.36,7.36,False
0001,116,38,car,23.911,21.723,4.585,19.717,23.147,23.147,False
0001,116,36,car,15.225,13.285,4.971,12.105,13.988,13.988,False
0001,116,41,car,32.221,30.349,2.24,30.877,32.947,32.947,False
0001,116,96,car,63.041,61.266,3.262,53.832,55.263,55.263,False
0001,116,39,car,23.771,21.704,2.365,21.719,23.446,23.446,False
0001,117,33,car,9.284,7.236,4.825,7.773,8.297,8.297,False
0001,117,35,car,7.543,5.381,2.417,7.089,6.638,6.638,False
0001,117,40,car,37.563,35.66,4.843,33.612,36.389,36.389,False
0001,117,37,car,16.958,15.012,2.504,15.6,16.516,16.516,False
0001,117,38,car,22.858,20.669,4.595,19.194,21.383,21.383,False
0001,117,36,car,14.221,12.282,4.967,11.315,12.849,12.849,False
0001,117,41,car,31.129,29.255,2.235,30.118,30.696,30.696,False
0001,117,39,car,22.676,20.605,2.363,21.013,22.085,22.085,False
0001,117,96,car,62.106,60.382,3.781,56.276,53.313,53.313,False
0001,118,35,car,6.556,4.418,2.41,7.333,6.783,6.783,False
0001,118,33,car,8.456,6.491,4.827,7.791,8.76,8.76,False
0001,118,37,car,15.9,13.951,2.511,14.891,15.402,15.402,False
0001,118,36,car,13.23,11.296,4.964,10.536,11.813,11.813,False
0001,118,38,car,21.809,19.619,4.605,18.628,20.142,20.142,False
0001,118,40,car,36.461,34.556,4.837,33.621,33.195,33.195,False
0001,118,41,car,30.035,28.16,2.213,30.121,30.722,30.722,False
0001,118,39,car,21.586,19.512,2.354,20.372,20.688,20.688,False
0001,118,96,car,61.177,59.505,4.304,59.08,53.358,53.358,False
0001,119,35,car,5.612,3.538,2.403,6.753,7.062,7.062,False
0001,119,36,car,12.258,10.331,4.96,9.637,10.883,10.883,False
0001,119,37,car,14.846,12.893,2.517,14.114,14.22,14.22,False
0001,119,33,car,7.69,5.85,4.829,7.664,9.322,9.322,False
0001,119,38,car,20.764,18.574,4.616,17.951,18.75,18.75,False
0001,119,41,car,28.941,27.064,2.192,30.141,28.767,28.767,False
0001,119,39,car,20.497,18.42,2.346,19.728,19.211,19.211,False
0001,119,40,car,35.36,33.452,4.831,34.633,32.946,32.946,False
0001,120,36,car,11.306,9.396,4.957,8.664,9.763,9.763,False
0001,120,37,car,13.797,11.839,2.524,12.867,12.966,12.966,False
0001,120,35,car,4.74,2.822,2.395,6.684,7.455,7.455,False
0001,120,38,car,19.723,17.535,4.626,16.826,17.9,17.9,False
0001,120,41,car,27.859,25.98,2.19,28.741,28.058,28.058,False
0001,120,39,car,19.409,17.328,2.337,18.558,18.529,18.529,False
0001,120,40,car,34.26,32.35,4.825,32.824,31.371,31.371,False
0001,120,42,car,33.446,31.664,2.268,35.302,32.457,32.457,False
0001,121,38,car,18.683,16.496,4.636,15.32,16.849,16.849,False
0001,121,36,car,10.4,8.51,4.955,8.229,8.519,8.519,False
0001,121,37,car,12.753,10.789,2.514,11.716,11.884,11.884,False
0001,121,42,car,32.357,30.574,2.259,31.673,30.485,30.485,False
0001,121,40,car,33.189,31.273,4.842,31.224,31.394,31.394,False
0001,121,39,car,18.341,16.257,2.336,17.27,17.555,17.555,False
0001,121,41,car,26.778,24.897,2.187,27.491,27.905,27.905,False
0001,121,35,car,4.01,2.436,2.401,7.409,10.12,10.12,False
0001,121,43,car,38.182,36.346,4.883,37.65,34.125,34.125,False
0001,122,38,car,17.648,15.462,4.645,14.41,15.997,15.997,False
0001,122,36,car,9.526,7.67,4.954,7.717,8.271,8.271,False
0001,122,37,car,11.715,9.746,2.504,10.611,10.795,10.795,False
0001,122,40,car,32.12,30.197,4.859,29.058,30.218,30.218,False
0001,122,42,car,31.268,29.484,2.25,33.39,32.499,32.499,False
0001,122,41,car,25.697,23.814,2.184,25.781,25.83,25.83,False
0001,122,43,car,37.108,35.271,4.882,34.568,34.157,34.157,False
0001,122,39,car,17.274,15.187,2.334,16.383,16.744,16.744,False
0001,123,38,car,16.62,14.436,4.655,13.429,14.622,14.622,False
0001,123,37,car,10.686,8.711,2.494,9.73,9.745,9.745,False
0001,123,36,car,8.695,6.89,4.952,7.812,9.037,9.037,False
0001,123,42,car,30.18,28.394,2.242,33.419,31.153,31.153,False
0001,123,40,car,31.052,29.122,4.851,29.098,27.626,27.626,False
0001,123,41,car,24.616,22.73,2.17,24.771,23.81,23.81,False
0001,123,39,car,16.21,14.119,2.332,15.413,15.36,15.36,False
0001,124,38,car,15.6,13.419,4.665,12.685,13.584,13.584,False
0001,124,37,car,9.667,7.69,2.484,8.742,8.656,8.656,False
0001,124,41,car,23.535,21.647,2.156,24.286,22.732,22.732,False
0001,124,36,car,7.919,6.194,4.951,7.657,9.489,9.489,False
0001,124,40,car,29.986,28.049,4.842,28.432,26.682,26.682,False
0001,124,39,car,15.149,13.054,2.331,14.541,14.261,14.261,False
0001,124,42,car,29.092,27.304,2.233,33.401,31.364,31.364,False
0001,125,38,car,14.589,12.413,4.675,11.952,12.898,12.898,False
0001,125,43,car,33.888,32.045,4.851,33.722,31.859,31.859,False
0001,125,40,car,28.92,26.977,4.834,27.279,26.16,26.16,False
0001,125,41,car,22.455,20.564,2.142,22.935,21.354,21.354,False
0001,125,37,car,8.663,6.687,2.474,7.723,7.641,7.641,False
0001,125,39,car,14.092,11.992,2.329,13.645,13.316,13.316,False
0001,125,42,car,28.015,26.226,2.234,32.535,29.524,29.524,False
0001,126,38,car,13.622,11.456,4.675,10.718,11.849,11.849,False
0001,126,40,car,27.898,25.952,4.837,25.61,24.64,24.64,False
0001,126,37,car,7.703,5.736,2.471,6.815,6.781,6.781,False
0001,126,41,car,21.41,19.517,2.143,21.73,20.504,20.504,False
0001,126,39,car,13.069,10.965,2.331,12.342,12.283,12.283,False
0001,126,42,car,26.939,25.148,2.235,29.424,27.703,27.703,False
0001,126,43,car,32.849,31.004,4.855,31.943,33.714,33.714,False
0001,127,37,car,6.771,4.827,2.467,6.914,6.923,6.923,False
0001,127,38,car,12.669,10.517,4.674,9.958,10.979,10.979,False
0001,127,40,car,26.878,24.929,4.84,25.133,23.539,23.539,False
0001,127,41,car,20.367,18.47,2.145,21.386,19.811,19.811,False
0001,127,39,car,12.051,9.943,2.333,11.315,11.098,11.098,False
0001,127,42,car,25.864,24.071,2.236,30.16,27.399,27.399,False
0001,127,43,car,31.811,29.963,4.859,32.003,33.261,33.261,False
0001,128,37,car,5.879,3.989,2.464,6.964,7.079,7.079,False
0001,128,38,car,11.733,9.602,4.674,9.152,10.073,10.073,False
0001,128,40,car,25.86,23.907,4.843,24.187,22.879,22.879,False
0001,128,41,car,19.325,17.425,2.146,20.678,18.846,18.846,False
0001,128,39,car,11.04,8.928,2.335,10.375,10.1,10.1,False
0001,128,42,car,24.789,22.994,2.237,28.764,25.836,25.836,False
0001,128,43,car,30.774,28.923,4.862,30.484,30.81,30.81,False
0001,129,43,car,29.738,27.885,4.866,30.46,28.752,28.752,False
0001,129,38,car,10.819,8.718,4.673,8.439,8.877,8.877,False
0001,129,40,car,24.844,22.888,4.846,23.772,22.483,22.483,False
0001,129,41,car,18.284,16.381,2.148,19.417,17.428,17.428,False
0001,129,37,car,5.05,3.277,2.46,6.751,7.305,7.305,False
0001,129,39,car,10.037,7.922,2.337,9.268,9.051,9.051,False
0001,129,42,car,23.715,21.918,2.238,29.461,25.551,25.551,False
0001,130,38,car,9.933,7.875,4.673,7.652,7.805,7.805,False
0001,130,43,car,28.703,26.847,4.869,29.102,27.41,27.41,False
0001,130,40,car,23.83,21.87,4.849,22.996,21.689,21.689,False
0001,130,41,car,17.245,15.338,2.15,18.303,16.453,16.453,False
0001,130,39,car,9.046,6.931,2.339,8.317,8.126,8.126,False
0001,130,37,car,4.319,2.79,2.457,7.464,7.854,7.854,False
0001,130,42,car,22.642,20.843,2.239,27.504,24.333,24.333,False
0001,131,38,car,9.126,7.129,4.662,7.712,7.926,7.926,False
0001,131,43,car,27.704,25.845,4.881,27.234,25.314,25.314,False
0001,131,41,car,16.225,14.316,2.155,17.262,15.428,15.428,False
0001,131,40,car,22.825,20.862,4.857,21.091,21.056,21.056,False
0001,131,39,car,8.098,5.986,2.334,7.286,7.113,7.113,False
0001,131,42,car,21.621,19.82,2.222,25.791,22.982,22.982,False
0001,132,39,car,7.17,5.071,2.329,7.035,6.742,6.742,False
0001,132,40,car,21.823,19.856,4.866,19.294,19.685,19.685,False
0001,132,38,car,8.36,6.448,4.652,7.697,8.742,8.742,False
0001,132,41,car,15.207,13.296,2.16,15.606,14.538,14.538,False
0001,132,43,car,26.705,24.843,4.886,24.224,26.32,26.32,False
0001,132,42,car,20.603,18.801,2.216,23.821,21.47,21.47,False
0001,133,39,car,6.271,4.205,2.324,6.91,6.946,6.946,False
0001,133,41,car,14.191,12.278,2.165,14.054,13.316,13.316,False
0001,133,40,car,20.825,18.854,4.874,17.437,18.805,18.805,False
0001,133,38,car,7.644,5.856,4.641,7.753,9.497,9.497,False
0001,133,42,car,19.587,17.782,2.21,22.12,20.918,20.918,False
0001,133,43,car,25.707,23.842,4.891,22.47,25.775,25.775,False
0001,134,39,car,5.416,3.427,2.32,6.612,7.359,7.359,False
0001,134,41,car,13.179,11.262,2.171,12.688,12.366,12.366,False
0001,134,40,car,19.831,17.856,4.883,16.195,17.95,17.95,False
0001,134,42,car,18.571,16.764,2.204,19.989,19.414,19.414,False
0001,134,43,car,24.712,22.844,4.897,20.296,24.445,24.445,False
0001,135,41,car,12.171,10.251,2.176,11.282,11.174,11.174,False
0001,135,40,car,18.841,16.864,4.891,14.964,16.749,16.749,False
0001,135,39,car,4.63,2.808,2.315,6.723,7.989,7.989,False
0001,135,42,car,17.557,15.748,2.197,18.041,18.129,18.129,False
0001,135,43,car,23.719,21.848,4.902,19.115,23.498,23.498,False
0001,136,40,car,17.912,15.931,4.899,13.992,15.523,15.523,False
0001,136,41,car,11.223,9.296,2.168,10.32,10.224,10.224,False
0001,136,42,car,16.561,14.749,2.193,15.787,15.933,15.933,False
0001,136,43,car,22.736,20.861,4.916,18.338,22.521,22.521,False
0001,136,46,car,21.954,20.146,2.579,22.962,25.039,25.039,False
0001,136,39,car,3.972,2.488,2.318,6.944,12.865,12.865,False
0001,137,40,car,16.989,15.005,4.907,13.536,14.667,14.667,False
0001,137,41,car,10.282,8.348,2.16,9.455,9.35,9.35,False
0001,137,42,car,15.567,13.752,2.188,15.079,14.981,14.981,False
0001,137,43,car,21.757,19.878,4.93,17.686,21.427,21.427,False
0001,137,46,car,20.987,19.175,2.562,22.968,24.272,24.272,False
0001,138,40,car,16.072,14.087,4.915,12.867,13.979,13.979,False
0001,138,41,car,9.348,7.409,2.151,8.531,8.395,8.395,False
0001,138,42,car,14.576,12.757,2.183,14.091,13.593,13.593,False
0001,138,43,car,20.781,18.899,4.945,17.429,20.555,20.555,False
0001,138,46,car,20.021,18.204,2.546,21.397,21.943,21.943,False
0001,139,40,car,15.163,13.176,4.923,12.659,13.065,13.065,False
0001,139,41,car,8.424,6.481,2.143,7.512,7.409,7.409,False
0001,139,42,car,13.579,11.757,2.153,12.857,12.521,12.521,False
0001,139,46,car,19.05,17.229,2.5,20.376,20.388,20.388,False
0001,139,43,car,19.809,17.924,4.959,16.811,19.118,19.118,False
0001,140,41,car,7.515,5.572,2.134,6.678,6.696,6.696,False
0001,140,40,car,14.228,12.242,4.958,11.629,12.164,12.164,False
0001,140,42,car,12.585,10.761,2.123,11.679,11.483,11.483,False
0001,140,43,car,18.846,16.957,4.992,15.661,17.813,17.813,False
0001,140,46,car,18.08,16.255,2.455,18.307,19.119,19.119,False
0001,140,90,van,44.148,42.408,9.258,43.769,43.968,43.968,False
0001,141,41,car,6.676,4.74,2.125,7.319,7.012,7.012,False
0001,141,40,car,13.35,11.366,4.976,10.751,11.405,11.405,False
0001,141,42,car,11.641,9.814,2.105,10.516,10.486,10.486,False
0001,141,43,car,17.949,16.058,5.019,14.765,17.025,17.025,False
0001,141,46,car,17.126,15.298,2.438,16.622,17.328,17.328,False
0001,142,41,car,5.861,3.948,2.115,6.629,7.316,7.316,False
0001,142,40,car,12.485,10.507,4.993,9.935,10.581,10.581,False
0001,142,42,car,10.701,8.872,2.087,9.394,9.543,9.543,False
0001,142,90,van,42.319,40.602,9.484,33.777,36.255,36.255,False
0001,142,46,car,16.173,14.341,2.422,15.06,16.246,16.246,False
0001,142,43,car,17.058,15.164,5.046,13.664,15.932,15.932,False
0001,143,42,car,9.773,7.943,2.075,8.505,8.63,8.63,False
0001,143,40,car,11.638,9.67,5.01,9.147,9.622,9.622,False
0001,143,41,car,5.083,3.222,2.106,6.527,7.774,7.774,False
0001,143,90,van,41.41,39.703,9.597,33.08,34.468,34.468,False
0001,143,46,car,15.222,13.386,2.405,14.06,15.195,15.195,False
0001,143,43,car,16.175,14.279,5.073,12.949,15.19,15.19,False
0001,144,40,car,10.814,8.863,5.027,8.553,8.705,8.705,False
0001,144,42,car,8.852,7.023,2.062,7.648,7.744,7.744,False
0001,144,41,car,4.36,2.621,2.096,6.631,8.545,8.545,False
0001,144,90,van,40.495,38.799,9.687,30.296,32.873,32.873,False
0001,144,43,car,15.3,13.403,5.1,12.203,14.252,14.252,False
0001,144,46,car,14.268,12.425,2.343,13.202,14.022,14.022,False
0001,145,40,car,10.017,8.093,5.044,7.583,7.814,7.814,False
0001,145,90,van,39.584,37.899,9.776,30.403,31.233,31.233,False
0001,145,42,car,7.943,6.118,2.049,6.774,6.872,6.872,False
0001,145,43,car,14.434,12.538,5.128,11.522,13.038,13.038,False
0001,145,46,car,13.315,11.466,2.281,12.333,12.928,12.928,False
0001,146,90,van,38.757,37.057,9.903,30.5,28.327,28.327,False
0001,146,42,car,7.136,5.319,2.036,6.985,6.743,6.743,False
0001,146,40,car,9.326,7.434,5.066,7.74,7.914,7.914,False
0001,146,46,car,12.452,10.6,2.273,11.689,12.141,12.141,False
0001,146,43,car,13.63,11.736,5.152,11.002,12.383,12.383,False
0001,147,90,van,37.934,36.218,10.029,30.838,28.802,28.802,False
0001,147,42,car,6.345,4.548,2.022,6.761,7.056,7.056,False
0001,147,46,car,11.592,9.737,2.266,11.041,11.276,11.276,False
0001,147,40,car,8.67,6.824,5.088,8.024,8.433,8.433,False
0001,147,43,car,12.838,10.948,5.175,10.711,11.27,11.27,False
0001,148,42,car,5.579,3.821,2.008,6.64,7.299,7.299,False
0001,148,90,van,37.069,35.342,10.038,29.409,27.912,27.912,False
0001,148,46,car,10.737,8.878,2.258,10.01,10.268,10.268,False
0001,148,43,car,12.061,10.179,5.199,10.104,10.466,10.466,False
0001,148,40,car,8.056,6.277,5.109,7.587,8.525,8.525,False
0001,149,42,car,4.849,3.169,1.995,7.167,7.707,7.707,False
0001,149,46,car,9.887,8.025,2.251,9.174,9.394,9.394,False
0001,149,43,car,11.301,9.433,5.223,8.901,9.819,9.819,False
0001,149,90,van,36.248,34.508,10.09,28.824,28.214,28.214,False
0002,0,11,car,30.547,28.34,15.243,28.631,23.696,23.696,False
0002,0,10,car,27.13,25.428,15.942,25.044,26.356,26.356,False
0002,0,12,car,34.67,32.745,14.76,32.789,33.838,33.838,False
0002,1,11,car,29.515,27.323,15.326,27.339,23.274,23.274,False
0002,1,10,car,26.212,24.521,16.077,25.514,27.558,27.558,False
0002,1,12,car,33.681,31.763,14.871,33.345,34.003,34.003,False
0002,2,11,car,28.503,26.329,15.41,26.05,22.118,22.118,False
0002,2,10,car,25.326,23.646,16.209,24.244,26.991,26.991,False
0002,2,12,car,32.704,30.795,14.981,30.025,32.1,32.1,False
0002,3,11,car,27.513,25.36,15.494,24.61,20.845,20.845,False
0002,3,12,car,31.742,29.842,15.092,27.978,30.646,30.646,False
0002,4,12,car,30.674,28.785,15.175,26.383,29.482,29.482,False
0002,4,11,car,26.548,24.42,15.577,22.773,20.513,20.513,False
0002,5,12,car,29.623,27.747,15.259,25.879,28.24,28.24,False
0002,5,11,car,25.611,23.511,15.661,24.181,21.783,21.783,False
0002,6,12,car,28.593,26.732,15.342,26.495,27.218,27.218,False
0002,6,11,car,24.688,22.623,15.777,23.982,20.771,20.771,False
0002,7,12,car,27.586,25.742,15.426,26.125,25.649,25.649,False
0002,8,12,car,26.603,24.779,15.509,25.126,24.862,24.862,False
0002,9,12,car,25.648,23.848,15.593,26.141,26.077,26.077,False
0002,25,1,car,80.673,78.519,10.784,78.183,76.456,76.456,False
0002,26,1,car,79.475,77.323,10.711,65.796,77.79,77.79,False
0002,27,1,car,78.279,76.129,10.636,65.739,76.487,76.487,False
0002,28,1,car,77.087,74.939,10.557,78.339,77.837,77.837,False
0002,29,1,car,75.894,73.748,10.48,89.537,74.024,74.024,False
0002,30,1,car,74.699,72.555,10.406,104.756,80.65,80.65,False
0002,31,1,car,73.503,71.36,10.333,96.7,74.054,74.054,False
0002,32,1,car,72.308,70.167,10.26,96.638,75.304,75.304,False
0002,33,0,car,81.662,79.396,0.0,88.543,81.122,81.122,True
0002,33,1,car,71.111,68.972,10.189,89.684,68.473,68.473,False
0002,34,1,car,69.949,67.813,10.044,78.381,68.487,68.487,False
0002,34,0,car,79.983,77.717,0.0,82.586,87.485,87.485,True
0002,35,1,car,68.788,66.653,9.899,83.719,70.643,70.643,False
0002,35,0,car,78.304,76.038,0.0,82.593,71.965,71.965,True
0002,36,1,car,67.626,65.494,9.753,83.561,65.524,65.524,False
0002,36,0,car,76.325,74.059,0.0,88.562,74.367,74.367,True
0002,37,0,car,74.349,72.082,0.096,95.429,75.633,75.633,True
0002,37,1,car,66.465,64.336,9.608,83.578,66.487,66.487,False
0002,38,0,car,72.386,70.117,0.538,82.632,74.379,74.379,True
0002,38,1,car,65.301,63.174,9.465,78.527,60.295,60.295,False
0002,39,0,car,70.419,68.15,0.953,77.452,79.713,79.713,True
0002,39,1,car,64.131,62.006,9.254,78.406,57.963,57.963,False
0002,40,0,car,68.456,66.186,1.367,82.602,76.981,76.981,False
0002,40,1,car,62.961,60.838,9.044,78.414,61.096,61.096,False
0002,41,0,car,66.496,64.225,1.781,77.515,72.034,72.034,False
0002,41,1,car,61.791,59.671,8.833,78.491,62.793,62.793,False
0002,42,0,car,64.539,62.267,2.197,72.886,65.704,65.704,False
0002,42,1,car,60.621,58.503,8.622,69.544,61.096,61.096,False
0002,43,0,car,62.587,60.313,2.612,68.793,65.734,65.734,False
0002,43,1,car,59.451,57.335,8.412,65.836,59.489,59.489,False
0002,44,1,car,58.183,56.07,8.227,65.925,59.489,59.489,False
0002,44,0,car,60.622,58.348,3.026,65.248,67.768,67.768,False
0002,45,0,car,58.649,56.374,3.396,59.045,60.484,60.484,False
0002,45,1,car,57.058,54.948,8.057,62.716,57.963,57.963,False
0002,46,0,car,56.68,54.404,3.766,51.724,58.17,58.17,False
0002,46,1,car,55.933,53.825,7.887,54.337,55.136,55.136,False
0002,47,0,car,54.722,52.445,4.149,47.762,54.674,54.674,False
0002,47,1,car,54.795,52.688,7.692,54.418,56.514,56.514,False
0002,48,0,car,52.77,50.492,4.532,47.847,52.192,52.192,False
0002,48,1,car,53.657,51.551,7.498,54.315,53.817,53.817,False
0002,49,0,car,50.795,48.515,4.931,46.097,51.073,51.073,False
0002,49,1,car,52.52,50.413,7.304,52.218,53.19,53.19,False
0002,50,0,car,48.828,46.548,5.331,46.122,48.931,48.931,False
0002,50,1,car,51.397,49.289,7.08,52.017,52.56,52.56,False
0002,51,0,car,46.871,44.59,5.731,46.338,46.988,46.988,False
0002,51,1,car,50.274,48.165,6.857,52.017,50.219,50.219,False
0002,52,0,car,44.923,42.641,6.131,43.262,44.334,44.334,False
0002,52,1,car,49.15,47.04,6.633,52.002,49.656,49.656,False
0002,52,5,car,82.307,81.448,29.307,,86.352,86.352,False
0002,53,1,car,48.027,45.914,6.387,50.078,49.111,49.111,False
0002,53,0,car,42.986,40.703,6.53,41.946,43.602,43.602,False
0002,53,5,car,81.272,80.402,28.899,,86.126,86.126,False
0002,54,1,car,46.904,44.789,6.142,47.933,48.047,48.047,False
0002,54,0,car,41.064,38.781,6.87,40.749,43.75,43.75,False
0002,55,1,car,45.776,43.659,5.915,47.938,48.037,48.037,False
0002,55,0,car,39.154,36.872,7.211,38.477,40.779,40.779,False
0002,55,3,pedestrian,62.033,61.589,1.099,65.086,60.215,60.215,True
0002,56,1,car,44.649,42.53,5.689,47.97,47.026,47.026,False
0002,56,0,car,37.259,34.978,7.551,37.282,39.229,39.229,False
0002,56,3,pedestrian,60.816,60.382,1.308,68.736,60.22,60.22,False
0002,57,1,car,43.521,41.4,5.456,46.303,44.694,44.694,False
0002,57,0,car,35.378,33.099,7.885,35.559,36.346,36.346,False
0002,58,1,car,42.393,40.27,5.224,41.485,44.238,44.238,False
0002,58,0,car,33.516,31.24,8.218,30.835,33.673,33.673,False
0002,59,0,car,31.691,29.417,8.501,29.715,31.862,31.862,False
0002,59,1,car,41.265,39.14,4.992,41.633,44.225,44.225,False
0002,59,3,pedestrian,57.266,56.851,1.884,53.726,56.856,56.856,False
0002,60,0,car,29.889,27.618,8.785,28.167,29.197,29.197,False
0002,60,1,car,40.179,38.052,4.778,41.47,42.15,42.15,False
0002,61,1,car,39.092,36.964,4.563,41.455,40.993,40.993,False
0002,61,0,car,28.113,25.847,9.068,26.887,27.194,27.194,False
0002,62,1,car,38.006,35.876,4.348,41.448,39.195,39.195,False
0002,62,0,car,26.373,24.114,9.302,26.283,25.832,25.832,False
0002,62,5,car,71.94,70.976,25.187,148.978,76.448,76.448,False
0002,63,0,car,24.668,22.42,9.537,24.548,24.358,24.358,False
0002,63,1,car,36.928,34.795,4.192,41.434,38.854,38.854,False
0002,63,2,car,70.317,69.477,18.449,118.19,77.801,77.801,False
0002,63,5,car,70.972,69.999,24.91,,86.146,86.146,False
0002,64,0,car,22.977,20.745,9.698,22.475,22.173,22.173,False
0002,64,1,car,35.849,33.714,4.037,40.084,37.562,37.562,False
0002,64,5,car,70.004,69.021,24.634,,80.441,80.441,False
0002,65,0,car,21.333,19.123,9.859,19.859,19.995,19.995,False
0002,65,1,car,34.834,32.694,3.93,36.529,35.78,35.78,False
0002,65,2,car,68.367,67.533,17.305,99.05,70.609,70.609,False
0002,65,7,van,72.045,70.643,37.191,,64.833,64.833,False
0002,65,5,car,69.036,68.042,24.358,,78.07,78.07,False
0002,66,0,car,19.78,17.6,9.964,18.038,18.524,18.524,False
0002,66,1,car,33.818,31.675,3.823,35.49,34.686,34.686,False
0002,66,3,pedestrian,49.638,49.208,2.727,49.457,52.776,52.776,False
0002,66,7,van,71.152,69.738,36.94,,74.111,74.111,False
0002,66,5,car,68.067,67.064,24.083,,84.979,84.979,False
0002,66,2,car,67.396,66.565,16.731,92.211,71.422,71.422,False
0002,67,1,car,32.803,30.656,3.717,34.48,32.917,32.917,False
0002,67,0,car,18.29,16.152,10.068,16.125,16.923,16.923,False
0002,67,3,pedestrian,48.585,48.155,2.804,49.472,53.911,53.911,False
0002,67,5,car,67.101,66.087,23.806,,78.07,78.07,False
0002,67,2,car,66.426,65.598,16.157,92.603,68.369,68.369,False
0002,67,7,van,70.26,68.834,36.689,,78.664,78.664,False
0002,68,1,car,31.795,29.644,3.644,35.493,32.688,32.688,False
0002,68,3,pedestrian,47.533,47.102,2.881,53.804,50.681,50.681,False
0002,68,0,car,16.879,14.8,10.173,17.257,18.528,18.528,False
0002,68,2,car,65.458,64.634,15.582,118.08,70.416,70.416,False
0002,68,5,car,66.189,65.171,23.472,,78.259,78.259,False
0002,68,7,van,69.444,68.013,36.561,,74.571,74.571,False
0002,69,1,car,30.786,28.631,3.571,35.499,31.335,31.335,False
0002,69,5,car,65.277,64.254,23.139,,96.947,96.947,False
0002,70,1,car,29.891,27.731,3.522,34.518,30.5,30.5,False
0002,70,5,car,64.364,63.337,22.807,,80.789,80.789,False
0002,71,1,car,28.995,26.831,3.474,31.97,30.516,30.516,False
0002,71,5,car,63.451,62.419,22.476,149.115,62.968,62.968,False
0002,71,3,pedestrian,44.686,44.239,3.086,51.595,54.538,54.538,False
0002,71,7,van,67.008,65.561,36.178,,73.47,73.47,False
0002,72,1,car,28.096,25.928,3.442,29.7,28.423,28.423,False
0002,72,5,car,62.538,61.501,22.146,,80.867,80.867,False
0002,73,1,car,27.197,25.026,3.41,27.866,27.914,27.914,False
0002,73,3,pedestrian,42.792,42.425,3.319,42.667,47.431,47.431,False
0002,74,1,car,26.298,24.124,3.378,25.886,26.935,26.935,False
0002,74,5,car,60.759,59.723,21.324,103.879,60.562,60.562,False
0002,75,1,car,25.4,23.222,3.346,24.891,25.734,25.734,False
0002,75,5,car,59.87,58.834,20.913,102.868,62.07,62.07,False
0002,75,7,van,63.972,62.481,35.805,,66.766,66.766,False
0002,76,1,car,24.496,22.314,3.292,24.911,24.635,24.635,False
0002,76,7,van,63.235,61.731,35.723,,67.929,67.929,False
0002,76,3,pedestrian,40.521,40.069,3.513,41.277,47.034,47.034,False
0002,77,1,car,23.591,21.406,3.238,24.911,23.882,23.882,False
0002,77,3,pedestrian,39.766,39.356,3.646,42.738,43.436,43.436,False
0002,77,7,van,62.501,60.983,35.64,,129.665,129.665,False
0002,77,2,car,56.698,55.646,9.687,90.955,60.174,60.174,False
0002,78,1,car,22.688,20.499,3.184,23.96,22.375,22.375,False
0002,78,3,pedestrian,39.01,38.615,3.802,42.753,40.998,40.998,False
0002,78,7,van,61.825,60.297,35.488,,59.797,59.797,False
0002,79,1,car,21.799,19.606,3.145,22.393,21.651,21.651,False
0002,79,5,car,56.427,55.406,18.889,94.602,52.864,52.864,False
0002,79,7,van,61.151,59.613,35.335,,65.615,65.615,False
0002,79,3,pedestrian,38.08,37.684,3.858,41.341,40.37,40.37,False
0002,80,1,car,20.91,18.714,3.106,21.293,21.074,21.074,False
0002,80,7,van,60.479,58.93,35.184,,64.375,64.375,False
0002,80,5,car,55.596,54.582,18.291,73.477,52.12,52.12,False
0002,80,14,car,54.097,52.403,14.012,48.211,63.367,63.367,False
0002,81,1,car,20.149,17.948,3.084,19.838,20.534,20.534,False
0002,81,2,car,52.609,51.313,6.709,62.365,54.495,54.495,False
0002,81,14,car,52.96,51.312,13.665,47.645,56.83,56.83,False
0002,81,5,car,54.766,53.761,17.692,69.58,47.0,47.0,False
0002,81,7,van,59.809,58.249,35.032,,66.174,66.174,False
0002,82,1,car,19.388,17.184,3.063,18.936,19.513,19.513,False
0002,82,2,car,51.574,50.221,5.897,59.302,50.725,50.725,False
0002,82,14,car,51.959,50.318,13.275,45.91,55.477,55.477,False
0002,82,17,car,78.731,76.754,2.259,77.459,91.151,91.151,False
0002,82,16,car,77.994,75.877,0.0,77.378,82.624,82.624,True
0002,82,7,van,59.14,57.57,34.88,,59.475,59.475,False
0002,83,1,car,18.628,16.42,3.041,18.144,18.743,18.743,False
0002,83,2,car,50.547,49.14,5.089,56.494,48.989,48.989,False
0002,83,17,car,78.013,76.036,2.375,72.853,85.887,85.887,False
0002,83,14,car,50.959,49.323,12.885,46.258,55.498,55.498,False
0002,83,5,car,53.182,52.197,16.449,60.274,43.667,43.667,False
0002,83,7,van,58.467,56.889,34.615,,62.306,62.306,False
0002,83,16,car,77.262,75.146,0.0,77.376,92.953,92.953,True
0002,84,2,car,49.528,48.069,4.285,56.478,47.873,47.873,False
0002,84,1,car,17.869,15.657,3.02,17.17,17.893,17.893,False
0002,84,5,car,52.428,51.457,15.805,68.836,48.025,48.025,False
0002,84,14,car,49.958,48.329,12.495,43.271,52.951,52.951,False
0002,84,3,pedestrian,33.436,33.034,4.094,33.561,36.688,36.688,False
0002,84,7,van,57.794,56.21,34.35,,58.761,58.761,False
0002,84,16,car,76.53,74.414,0.0,77.375,74.362,74.362,True
0002,84,17,car,77.295,75.319,2.491,72.845,82.692,82.692,False
0002,85,2,car,48.395,46.889,3.491,53.879,45.851,45.851,False
0002,85,1,car,17.111,14.895,2.998,16.506,16.819,16.819,False
0002,85,14,car,48.958,47.336,12.106,43.118,51.721,51.721,False
0002,85,3,pedestrian,32.507,32.104,4.127,32.727,35.932,35.932,False
0002,85,5,car,51.678,50.719,15.16,72.66,49.272,49.272,False
0002,85,17,car,76.578,74.601,2.606,72.894,93.074,93.074,False
0002,85,16,car,75.799,73.683,0.0,77.375,85.803,85.803,True
0002,85,7,van,57.122,55.53,34.085,,60.697,60.697,False
0002,86,2,car,47.27,45.721,2.701,51.563,46.251,46.251,False
0002,86,1,car,16.418,14.197,2.979,16.084,16.324,16.324,False
0002,86,5,car,50.931,49.986,14.516,72.812,49.334,49.334,False
0002,86,3,pedestrian,31.58,31.176,4.16,31.893,37.0,37.0,False
0002,86,17,car,75.861,73.884,2.722,72.922,79.752,79.752,False
0002,86,16,car,75.068,72.952,0.0,77.378,89.237,89.237,True
0002,86,14,car,47.958,46.343,11.716,44.467,55.487,55.487,False
0002,87,2,car,46.155,44.565,1.914,53.825,47.667,47.667,False
0002,87,1,car,15.725,13.501,2.96,15.364,15.433,15.433,False
0002,87,5,car,50.187,49.257,13.871,73.123,48.086,48.086,False
0002,87,17,car,75.144,73.167,2.838,72.905,81.252,81.252,False
0002,87,16,car,74.337,72.221,0.0,72.795,71.963,71.963,True
0002,87,3,pedestrian,30.935,30.53,4.199,31.885,35.981,35.981,False
0002,87,14,car,47.134,45.643,11.291,43.043,52.892,52.892,False
0002,88,1,car,15.035,12.806,2.94,14.717,14.604,14.604,False
0002,88,17,car,74.428,72.451,2.954,72.922,82.75,82.75,False
0002,88,15,car,53.259,51.274,20.03,41.964,54.44,54.44,False
0002,88,5,car,49.429,48.458,13.198,72.675,48.949,48.949,False
0002,88,2,car,45.05,43.421,1.132,49.398,44.751,44.751,True
0002,88,14,car,46.31,44.964,10.888,41.696,51.553,51.553,False
0002,88,16,car,73.607,71.491,0.0,77.375,76.93,76.93,True
0002,88,3,pedestrian,30.29,29.884,4.238,31.135,32.774,32.774,False
0002,88,7,van,55.143,53.532,33.197,,61.505,61.505,False
0002,89,2,car,43.956,42.29,0.354,49.384,43.398,43.398,True
0002,89,1,car,14.345,12.113,2.921,14.17,13.819,13.819,False
0002,89,14,car,45.488,44.304,10.479,41.648,51.485,51.485,False
0002,89,15,car,52.181,50.195,19.79,40.818,50.948,50.948,False
0002,89,3,pedestrian,29.646,29.239,4.276,31.154,32.801,32.801,False
0002,89,17,car,73.711,71.734,3.07,72.922,77.032,77.032,False
0002,89,5,car,48.675,47.664,12.527,52.486,37.881,37.881,False
0002,89,7,van,54.505,52.891,32.838,,56.756,56.756,False
0002,90,2,car,42.874,41.172,0.0,47.453,42.536,42.536,True
0002,90,15,car,51.104,49.118,19.549,39.801,48.158,48.158,False
0002,90,14,car,44.667,43.661,9.946,42.615,48.695,48.695,False
0002,90,1,car,13.752,11.516,2.904,13.37,13.204,13.204,False
0002,90,3,pedestrian,29.003,28.595,4.315,30.411,30.659,30.659,False
0002,90,17,car,72.996,71.019,3.185,72.947,74.465,74.465,False
0002,90,6,car,50.048,48.72,21.668,63.733,43.123,43.123,False
0002,90,7,van,53.867,52.249,32.48,,61.627,61.627,False
0002,91,2,car,41.802,40.065,0.0,45.687,40.578,40.578,True
0002,91,14,car,43.919,42.953,9.434,41.431,46.152,46.152,False
0002,91,1,car,13.16,10.92,2.887,12.823,12.415,12.415,False
0002,91,15,car,50.211,48.224,19.269,40.005,47.825,47.825,False
0002,91,3,pedestrian,28.361,27.952,4.354,29.01,29.447,29.447,False
0002,91,5,car,47.181,46.094,11.191,98.73,61.262,61.262,False
0002,91,6,car,49.377,48.058,21.079,67.206,45.057,45.057,False
0002,91,17,car,72.28,70.303,3.301,68.885,74.47,74.47,False
0002,91,7,van,53.23,51.608,32.121,,59.111,59.111,False
0002,92,17,car,71.565,69.588,3.417,68.901,74.514,74.514,False
0002,92,14,car,43.173,42.248,8.924,41.328,47.012,47.012,False
0002,92,1,car,12.569,10.327,2.87,11.701,11.871,11.871,False
0002,92,5,car,46.442,45.318,10.526,63.698,44.623,44.623,False
0002,92,3,pedestrian,27.719,27.309,4.392,28.37,29.816,29.816,False
0002,92,15,car,49.318,47.331,18.99,38.898,47.494,47.494,False
0002,92,2,car,40.74,38.972,0.0,47.465,39.848,39.848,True
0002,92,7,van,52.592,50.966,31.762,,55.701,55.701,False
0002,92,6,car,48.707,47.398,20.492,108.194,62.303,62.303,False
0002,93,5,car,45.714,44.542,9.888,57.797,41.32,41.32,False
0002,93,2,car,39.69,37.892,0.0,44.06,39.138,39.138,True
0002,93,14,car,42.608,41.726,8.435,40.031,45.078,45.078,False
0002,93,1,car,11.981,9.736,2.853,11.648,11.149,11.149,False
0002,93,17,car,71.044,69.066,3.536,68.888,75.797,75.797,False
0002,93,3,pedestrian,27.176,26.765,4.434,27.781,29.673,29.673,False
0002,93,15,car,48.425,46.439,18.71,39.091,45.789,45.789,False
0002,93,7,van,51.989,50.375,31.315,,55.848,55.848,False
0002,94,5,car,44.99,43.772,9.252,60.439,41.943,41.943,False
0002,94,14,car,42.046,41.208,7.947,39.913,42.885,42.885,False
0002,94,15,car,47.533,45.546,18.431,38.379,44.499,44.499,False
0002,94,2,car,38.653,36.827,0.0,42.577,37.822,37.822,True
0002,94,1,car,11.457,9.209,2.837,11.084,10.625,10.625,False
0002,94,6,car,47.372,46.086,19.318,81.375,52.034,52.034,False
0002,94,17,car,70.523,68.545,3.655,72.978,77.094,77.094,False
0002,94,7,van,51.386,49.784,30.868,,48.434,48.434,False
0002,95,15,car,46.641,44.654,18.151,38.369,44.154,44.154,False
0002,95,2,car,37.513,35.656,0.0,39.895,36.603,36.603,True
0002,95,5,car,44.273,43.009,8.607,57.897,41.048,41.048,False
0002,95,1,car,10.934,8.684,2.822,10.023,10.066,10.066,False
0002,95,14,car,41.487,40.683,7.459,39.819,42.434,42.434,False
0002,95,7,van,50.783,49.193,30.422,,49.353,49.353,False
0002,96,2,car,36.385,34.5,0.226,38.676,36.051,36.051,True
0002,96,5,car,43.561,42.254,7.918,54.874,40.572,40.572,False
0002,96,15,car,45.834,43.858,17.857,37.388,44.206,44.206,False
0002,96,1,car,10.414,8.162,2.806,9.406,9.759,9.759,False
0002,96,14,car,41.115,40.297,6.926,39.729,42.219,42.219,False
0002,97,15,car,45.028,43.064,17.566,36.912,43.786,43.786,False
0002,97,5,car,42.855,41.505,7.231,54.793,39.407,39.407,False
0002,97,2,car,35.27,33.36,0.886,37.543,35.526,35.526,True
0002,97,1,car,9.897,7.644,2.791,9.668,9.182,9.182,False
0002,97,3,pedestrian,25.011,24.595,4.603,25.597,27.267,27.267,False
0002,98,2,car,34.17,32.237,1.551,35.567,33.725,33.725,False
0002,98,15,car,44.221,42.272,17.277,36.511,42.67,42.67,False
0002,98,5,car,42.088,40.7,6.491,52.324,38.632,38.632,False
0002,98,1,car,9.462,7.21,2.781,9.146,8.598,8.598,False
0002,98,14,car,40.517,39.524,5.799,39.493,41.404,41.404,False
0002,99,5,car,41.33,39.905,5.753,50.072,37.267,37.267,False
0002,99,2,car,33.086,31.132,2.219,34.63,32.581,32.581,False
0002,99,15,car,43.415,41.483,16.99,36.283,42.721,42.721,False
0002,99,1,car,9.031,6.779,2.771,7.986,8.151,8.151,False
0002,99,16,car,67.371,65.253,0.868,68.744,76.968,76.968,True
0002,100,5,car,40.579,39.119,5.017,48.023,37.163,37.163,False
0002,100,6,car,43.903,42.665,15.784,59.838,45.467,45.467,False
0002,100,15,car,42.608,40.696,16.706,35.058,40.956,40.956,False
0002,100,1,car,8.603,6.353,2.761,7.519,7.772,7.772,False
0002,100,3,pedestrian,23.519,23.1,4.715,23.713,25.6,25.6,False
0002,100,2,car,31.929,29.957,2.796,32.831,32.166,32.166,False
0002,100,16,car,66.679,64.562,0.999,68.736,72.001,72.001,True
0002,101,6,car,43.377,42.127,15.211,55.49,42.9,42.9,False
0002,101,5,car,39.838,38.344,4.285,46.157,36.473,36.473,False
0002,101,1,car,8.179,5.934,2.752,7.013,7.417,7.417,False
0002,101,3,pedestrian,23.105,22.685,4.744,22.905,24.195,24.195,False
0002,101,15,car,41.934,40.024,16.346,35.076,41.275,41.275,False
0002,101,14,car,39.684,38.455,4.061,32.105,32.694,32.694,False
0002,101,16,car,65.988,63.871,1.131,65.106,66.619,66.619,True
0002,101,17,car,66.885,64.907,4.488,65.251,67.801,67.801,False
0002,102,1,car,7.759,5.521,2.742,7.062,7.145,7.145,False
0002,102,2,car,29.663,27.663,3.958,29.973,30.314,30.314,False
0002,102,15,car,41.259,39.352,15.987,35.254,39.325,39.325,False
0002,102,5,car,39.106,37.579,3.555,44.354,35.808,35.808,False
0002,102,16,car,65.846,63.729,1.214,65.121,69.757,69.757,False
0002,102,17,car,66.523,64.545,4.524,61.991,65.814,65.814,False
0002,102,6,car,42.855,41.592,14.639,55.297,43.217,43.217,False
0002,103,1,car,7.39,5.161,2.733,7.163,7.246,7.246,False
0002,103,2,car,28.559,26.548,4.544,28.826,28.217,28.217,False
0002,103,5,car,38.383,36.826,2.828,42.784,35.734,35.734,False
0002,103,15,car,40.585,38.679,15.627,34.698,38.695,38.695,False
0002,103,6,car,42.336,41.062,14.067,56.373,42.459,42.459,False
0002,103,16,car,65.705,63.587,1.298,65.121,68.684,68.684,False
0002,103,14,car,38.917,37.562,2.958,38.924,41.618,41.618,False
0002,103,17,car,66.162,64.184,4.559,65.251,69.923,69.923,False
0002,104,1,car,7.026,4.809,2.725,7.408,7.351,7.351,False
0002,104,6,car,41.821,40.537,13.495,56.26,41.627,41.627,False
0002,104,2,car,27.371,25.345,4.963,26.225,25.99,25.99,False
0002,104,5,car,37.634,36.038,2.166,42.71,34.301,34.301,False
0002,104,15,car,39.911,38.007,15.268,33.904,38.36,38.36,False
0002,104,14,car,38.82,37.409,2.493,38.916,40.091,40.091,False
0002,104,16,car,65.563,63.445,1.381,65.136,69.771,69.771,False
0002,105,2,car,26.2,24.16,5.386,24.989,25.023,25.023,False
0002,105,1,car,6.667,4.468,2.716,6.858,7.474,7.474,False
0002,105,6,car,41.31,40.016,12.925,53.784,40.74,40.74,False
0002,105,15,car,39.237,37.336,14.909,33.886,37.159,37.159,False
0002,105,5,car,36.893,35.26,1.507,41.203,32.981,32.981,False
0002,105,14,car,38.729,37.264,2.029,38.822,39.68,39.68,False
0002,105,3,pedestrian,21.457,21.032,4.859,21.437,23.859,23.859,False
0002,105,16,car,65.422,63.304,1.465,65.147,69.775,69.775,False
0002,106,1,car,6.315,4.141,2.707,6.828,7.592,7.592,False
0002,106,15,car,38.629,36.76,14.487,33.756,36.837,36.837,False
0002,106,6,car,40.827,39.519,12.388,55.084,42.004,42.004,False
0002,106,14,car,38.724,37.214,1.483,37.622,37.947,37.947,False
0002,106,5,car,36.162,34.493,0.851,41.177,32.69,32.69,True
0002,106,2,car,25.047,22.996,5.811,23.87,23.506,23.506,False
0002,106,3,pedestrian,21.046,20.621,4.888,21.101,22.559,22.559,False
0002,107,2,car,23.915,21.856,6.239,22.864,22.681,22.681,False
0002,107,15,car,38.021,36.19,14.07,33.377,36.761,36.761,False
0002,107,1,car,6.061,3.912,2.711,6.865,7.758,7.758,False
0002,107,5,car,35.42,33.717,0.237,39.791,31.949,31.949,True
0002,107,6,car,40.348,39.026,11.852,50.17,40.453,40.453,False
0002,107,14,car,38.726,37.174,0.937,39.971,39.585,39.585,True
0002,107,3,pedestrian,20.736,20.31,4.884,20.481,22.684,22.684,False
0002,107,16,car,64.867,62.749,1.54,68.727,61.998,61.998,False
0002,108,2,car,22.806,20.741,6.67,21.374,21.128,21.128,False
0002,108,5,car,34.687,32.951,0.0,38.533,31.917,31.917,True
0002,108,1,car,5.813,3.696,2.714,6.865,7.983,7.983,False
0002,108,6,car,39.873,38.538,11.316,50.036,39.638,39.638,False
0002,108,14,car,38.737,37.145,0.393,39.937,38.863,38.863,True
0002,108,15,car,37.414,35.625,13.656,33.756,36.484,36.484,False
0002,108,3,pedestrian,20.426,19.999,4.88,20.814,22.225,22.225,False
0002,108,17,car,64.354,62.376,4.738,62.161,64.03,64.03,False
0002,109,2,car,21.622,19.556,6.935,20.473,20.415,20.415,False
0002,109,5,car,33.892,32.12,0.0,36.24,31.007,31.007,True
0002,109,1,car,5.571,3.494,2.718,6.814,8.194,8.194,False
0002,109,14,car,38.756,37.125,0.0,39.864,37.856,37.856,True
0002,109,17,car,63.992,62.014,4.774,62.083,64.03,64.03,False
0002,109,3,pedestrian,20.116,19.689,4.875,20.535,20.747,20.747,False
0002,109,6,car,39.402,38.054,10.782,47.945,39.409,39.409,False
0002,109,15,car,36.949,35.214,13.282,35.483,38.935,38.935,False
0002,110,2,car,20.461,18.397,7.202,19.109,19.203,19.203,False
0002,110,5,car,33.106,31.3,0.0,35.201,30.566,30.566,True
0002,110,1,car,5.336,3.31,2.721,6.748,8.446,8.446,False
0002,110,6,car,38.935,37.575,10.248,48.757,39.01,39.01,False
0002,110,17,car,63.631,61.653,4.81,59.134,62.228,62.228,False
0002,110,3,pedestrian,19.807,19.379,4.871,19.849,21.11,21.11,False
0002,110,14,car,38.782,37.116,0.0,41.184,37.526,37.526,True
0002,110,4,cyclist,15.502,14.884,6.774,16.985,15.425,15.425,False
0002,111,2,car,19.328,17.268,7.47,17.881,17.458,17.458,False
0002,111,6,car,38.424,37.014,9.699,45.97,37.332,37.332,False
0002,111,5,car,32.328,30.492,0.0,35.215,30.147,30.147,True
0002,111,3,pedestrian,19.498,19.069,4.867,19.859,20.222,20.222,False
0002,111,1,car,5.109,3.146,2.725,6.806,8.912,8.912,False
0002,111,16,car,63.216,61.098,1.504,58.921,55.118,55.118,False
0002,111,17,car,63.27,61.292,4.846,59.138,61.346,61.346,False
0002,111,4,cyclist,15.222,14.596,6.771,17.349,15.525,15.525,False
0002,112,2,car,18.164,16.108,7.647,16.753,16.653,16.653,False
0002,112,6,car,37.919,36.458,9.127,45.837,35.501,35.501,False
0002,112,5,car,31.533,29.672,0.0,34.258,29.551,29.551,True
0002,112,3,pedestrian,19.189,18.76,4.863,19.347,19.282,19.282,False
0002,112,15,car,35.562,34.027,12.192,34.189,37.868,37.868,False
0002,112,1,car,4.928,3.028,2.729,7.369,9.475,9.475,False
0002,112,17,car,62.908,60.93,4.881,59.155,60.524,60.524,False
0002,112,4,cyclist,14.986,14.353,6.767,16.411,15.07,15.07,False
0002,113,2,car,17.032,14.985,7.826,15.454,15.296,15.296,False
0002,113,15,car,35.245,33.811,11.807,32.334,34.069,34.069,False
0002,113,6,car,37.418,35.91,8.525,46.558,35.922,35.922,False
0002,113,3,pedestrian,18.926,18.496,4.863,19.009,19.373,19.373,False
0002,113,5,car,30.749,28.866,0.0,32.503,27.894,27.894,True
0002,113,17,car,62.701,60.723,4.882,59.13,62.228,62.228,False
0002,113,1,car,4.754,2.929,2.734,7.425,11.348,11.348,False
0002,113,4,cyclist,14.806,14.17,6.772,16.79,13.747,13.747,False
0002,114,15,car,34.931,33.607,11.333,31.475,32.805,32.805,False
0002,114,2,car,15.939,13.906,8.006,14.529,14.134,14.134,False
0002,114,5,car,29.976,28.073,0.0,31.668,27.581,27.581,True
0002,114,3,pedestrian,18.664,18.233,4.864,18.751,20.382,20.382,False
0002,114,6,car,36.923,35.368,7.926,45.413,38.319,38.319,False
0002,114,14,car,39.768,37.935,0.0,44.08,42.112,42.112,True
0002,114,4,cyclist,14.626,13.988,6.777,16.514,14.343,14.343,False
0002,115,15,car,34.62,33.414,10.859,31.388,32.91,32.91,False
0002,115,5,car,29.189,27.262,0.121,30.155,26.628,26.628,True
0002,115,2,car,14.848,12.847,8.089,12.794,12.934,12.934,False
0002,115,6,car,36.434,34.833,7.33,43.791,36.748,36.748,False
0002,115,14,car,40.03,38.171,0.0,45.709,42.926,42.926,True
0002,115,3,pedestrian,18.402,17.971,4.864,18.246,19.49,19.49,False
0002,116,15,car,34.39,33.317,10.419,31.239,32.752,32.752,False
0002,116,5,car,28.413,26.465,0.673,29.512,25.756,25.756,True
0002,116,14,car,40.429,38.559,0.102,44.048,42.133,42.133,True
0002,116,6,car,35.919,34.277,6.71,42.133,36.069,36.069,False
0002,116,3,pedestrian,18.22,17.788,4.865,18.318,18.949,18.949,False
0002,116,2,car,13.809,11.852,8.173,13.758,14.924,14.924,False
0002,116,7,van,40.01,38.628,19.383,55.048,33.241,33.241,False
0002,116,4,cyclist,14.27,13.627,6.786,15.882,14.404,14.404,False
0002,117,15,car,34.164,33.23,9.988,31.739,33.081,33.081,False
0002,117,5,car,27.65,25.682,1.228,28.209,24.953,24.953,False
0002,117,6,car,35.41,33.728,6.094,42.032,34.84,34.84,False
0002,117,14,car,40.832,38.953,0.568,45.742,42.965,42.965,True
0002,117,7,van,39.656,38.289,18.813,54.887,31.601,31.601,False
0002,117,3,pedestrian,18.038,17.605,4.865,18.014,18.566,18.566,False
0002,117,2,car,12.835,10.94,8.257,12.777,14.942,14.942,False
0002,117,4,cyclist,14.094,13.447,6.791,16.009,13.594,13.594,False
0002,118,15,car,34.05,33.231,9.606,31.604,32.557,32.557,False
0002,118,5,car,26.815,24.83,1.729,27.734,24.213,24.213,False
0002,118,6,car,34.908,33.188,5.481,40.551,34.44,34.44,False
0002,118,3,pedestrian,17.856,17.423,4.866,17.811,18.195,18.195,False
0002,118,14,car,41.319,39.432,1.05,45.771,43.836,43.836,True
0002,118,7,van,39.306,37.955,18.243,54.412,32.182,32.182,False
0002,118,16,car,60.65,58.533,1.613,61.84,62.03,62.03,False
0002,118,4,cyclist,13.919,13.269,6.796,15.975,13.531,13.531,False
0002,119,5,car,25.993,23.992,2.232,26.746,23.052,23.052,False
0002,119,6,car,34.414,32.657,4.87,39.128,33.583,33.583,False
0002,119,7,van,38.962,37.626,17.672,52.251,31.782,31.782,False
0002,119,3,pedestrian,17.674,17.24,4.867,17.586,17.961,17.961,False
0002,119,14,car,41.811,39.918,1.534,47.597,43.865,43.865,False
0002,119,15,car,33.939,33.096,9.232,32.214,33.423,33.423,False
0002,119,16,car,60.521,58.404,1.613,61.862,63.804,63.804,False
0002,119,4,cyclist,13.745,13.091,6.801,14.909,13.94,13.94,False
0002,120,7,van,38.624,37.304,17.102,51.868,31.008,31.008,False
0002,120,6,car,33.866,32.088,4.21,39.007,33.457,33.457,False
0002,120,3,pedestrian,17.492,17.058,4.868,17.338,17.979,17.979,False
0002,120,5,car,25.185,23.169,2.738,25.627,22.446,22.446,False
0002,120,14,car,42.307,40.409,2.017,47.571,44.776,44.776,False
0002,120,16,car,60.393,58.276,1.614,61.868,62.031,62.031,False
0002,120,17,car,61.246,59.268,4.884,61.998,65.917,65.917,False
0002,120,15,car,33.833,32.863,8.866,32.127,32.902,32.902,False
0002,120,4,cyclist,13.572,12.915,6.806,15.421,13.578,13.578,False
0002,121,6,car,33.328,31.53,3.552,38.906,32.874,32.874,False
0002,121,7,van,38.291,36.988,16.532,51.595,30.794,30.794,False
0002,121,14,car,42.901,40.997,2.36,47.648,43.923,43.923,False
0002,121,3,pedestrian,17.31,16.876,4.869,17.119,17.809,17.809,False
0002,121,5,car,24.388,22.354,3.172,24.724,21.971,21.971,False
0002,121,16,car,60.264,58.147,1.615,61.868,62.033,62.033,False
0002,121,17,car,61.038,59.06,4.885,59.115,60.546,60.546,False
0002,121,15,car,33.883,32.757,8.553,31.904,32.836,32.836,False
0002,121,4,cyclist,13.4,12.74,6.812,15.365,13.55,13.55,False
0002,122,7,van,37.929,36.619,15.89,51.256,30.371,30.371,False
0002,122,17,car,60.831,58.853,4.885,56.456,58.998,58.998,False
0002,122,6,car,32.8,30.982,2.896,37.664,32.783,32.783,False
0002,122,14,car,43.496,41.594,2.707,47.577,42.709,42.709,False
0002,122,5,car,23.604,21.554,3.609,23.859,21.172,21.172,False
0002,122,16,car,60.136,58.018,1.615,61.854,60.353,60.353,False
0002,122,15,car,33.936,32.664,8.253,30.774,31.351,31.351,False
0002,122,3,pedestrian,17.129,16.694,4.869,17.116,17.196,17.196,False
0002,122,4,cyclist,13.294,12.634,6.809,15.158,11.663,11.663,False
0002,123,7,van,37.576,36.259,15.248,50.618,64.333,64.333,False
0002,123,17,car,60.688,58.71,4.886,56.456,59.006,59.006,False
0002,123,6,car,32.282,30.446,2.242,36.422,32.234,32.234,False
0002,123,5,car,22.766,20.705,4.012,23.674,20.813,20.813,False
0002,123,3,pedestrian,16.948,16.513,4.87,17.132,16.941,16.941,False
0002,123,16,car,60.007,57.89,1.616,61.87,60.353,60.353,False
0002,123,14,car,44.25,42.35,3.058,44.201,39.34,39.34,False
0002,123,4,cyclist,13.188,12.53,6.807,14.016,13.16,13.16,False
0002,124,6,car,31.726,29.87,1.61,34.325,30.396,30.396,False
0002,124,5,car,21.942,19.873,4.416,21.316,18.878,18.878,False
0002,124,7,van,37.23,35.906,14.607,48.674,64.245,64.245,False
0002,124,17,car,60.546,58.568,4.886,56.489,59.006,59.006,False
0002,124,3,pedestrian,16.767,16.331,4.871,16.332,16.284,16.284,False
0002,124,16,car,59.878,57.761,1.616,61.862,61.18,61.18,False
0002,124,4,cyclist,13.083,12.425,6.805,15.024,13.877,13.877,False
0002,125,7,van,36.892,35.563,13.967,48.388,62.265,62.265,False
0002,125,6,car,31.181,29.306,0.979,34.301,30.333,30.333,True
0002,125,5,car,21.134,19.058,4.823,20.275,18.011,18.011,False
0002,125,17,car,60.404,58.426,4.887,56.489,59.006,59.006,False
0002,125,3,pedestrian,16.586,16.15,4.872,16.344,16.974,16.974,False
0002,125,16,car,59.75,57.633,1.617,61.866,60.353,60.353,False
0002,125,4,cyclist,12.978,12.321,6.803,14.302,13.361,13.361,False
0002,126,5,car,20.314,18.237,5.164,19.063,16.993,16.993,False
0002,126,7,van,36.563,35.229,13.327,48.05,28.644,28.644,False
0002,126,6,car,30.647,28.754,0.351,33.35,29.486,29.486,True
0002,126,17,car,60.262,58.284,4.887,56.494,59.01,59.01,False
0002,126,16,car,59.621,57.504,1.617,61.868,59.55,59.55,False
0002,126,3,pedestrian,16.485,16.049,4.87,16.316,17.1,17.1,False
0002,126,4,cyclist,12.874,12.217,6.801,14.367,13.246,13.246,False
0002,127,6,car,30.124,28.214,0.0,33.309,28.679,28.679,True
0002,127,7,van,36.247,34.891,12.698,47.646,62.835,62.835,False
0002,127,17,car,60.12,58.142,4.888,56.481,57.493,57.493,False
0002,127,3,pedestrian,16.384,15.947,4.867,16.329,16.907,16.907,False
0002,127,16,car,59.492,57.375,1.618,61.868,59.548,59.548,False
0002,127,5,car,19.511,17.436,5.506,18.038,16.15,16.15,False
0002,127,15,car,34.657,32.864,7.318,34.328,36.544,36.544,False
0002,127,4,cyclist,12.77,12.114,6.799,16.85,15.163,15.163,False
0002,128,6,car,29.613,27.688,0.0,31.584,29.01,29.01,True
0002,128,17,car,59.978,58.0,4.889,56.465,57.497,57.497,False
0002,128,3,pedestrian,16.283,15.845,4.865,16.169,16.529,16.529,False
0002,128,7,van,35.939,34.563,12.071,45.633,28.597,28.597,False
0002,128,14,car,47.77,45.901,4.826,56.7,48.918,48.918,False
0002,128,5,car,18.675,16.596,5.785,17.376,15.938,15.938,False
0002,128,15,car,34.915,33.054,7.237,34.317,34.9,34.9,False
0002,128,16,car,59.364,57.247,1.619,61.864,59.55,59.55,False
0002,129,5,car,17.856,15.778,6.066,16.247,14.914,14.914,False
0002,129,6,car,29.047,27.106,0.0,31.578,28.8,28.8,True
0002,129,7,van,35.64,34.244,11.446,46.676,27.725,27.725,False
0002,129,16,car,59.235,57.118,1.619,58.906,62.899,62.899,False
0002,129,3,pedestrian,16.182,15.744,4.863,15.761,16.484,16.484,False
0002,129,15,car,35.173,33.258,7.164,33.497,34.875,34.875,False
0002,129,14,car,48.625,46.767,5.151,56.674,51.165,51.165,False
0002,129,17,car,59.836,57.857,4.889,56.448,57.463,57.463,False
0002,130,7,van,35.35,33.936,10.822,45.086,27.878,27.878,False
0002,130,5,car,17.016,14.945,6.285,15.456,14.108,14.108,False
0002,130,6,car,28.49,26.536,0.0,30.797,28.604,28.604,True
0002,130,15,car,35.434,33.476,7.099,33.432,35.925,35.925,False
0002,130,3,pedestrian,16.08,15.643,4.861,15.985,16.972,16.972,False
0002,130,14,car,49.481,47.636,5.476,56.594,52.378,52.378,False
0002,130,17,car,59.693,57.715,4.89,54.064,57.517,57.517,False
0002,130,16,car,59.107,56.989,1.62,61.879,58.75,58.75,False
0002,130,4,cyclist,12.462,11.806,6.793,14.36,12.462,12.462,False
0002,131,7,van,35.07,33.637,10.199,45.489,27.691,27.691,False
0002,131,5,car,16.197,14.137,6.506,14.522,13.298,13.298,False
0002,131,6,car,27.945,25.978,0.0,30.069,27.886,27.886,True
0002,131,15,car,35.769,33.776,7.227,34.269,35.871,35.871,False
0002,131,17,car,59.551,57.573,4.891,54.014,57.525,57.525,False
0002,131,14,car,50.337,48.5,5.715,59.47,54.286,54.286,False
0002,131,3,pedestrian,15.98,15.542,4.86,15.767,16.617,16.617,False
0002,131,4,cyclist,12.341,11.686,6.783,13.55,11.318,11.318,False
0002,132,7,van,34.727,33.288,9.548,43.238,26.898,26.898,False
0002,132,5,car,15.277,13.233,6.642,13.623,12.613,12.613,False
0002,132,6,car,27.411,25.433,0.0,28.734,26.89,26.89,True
0002,132,15,car,36.104,34.097,7.367,34.186,36.435,36.435,False
0002,132,17,car,59.409,57.431,4.891,51.794,56.079,56.079,False
0002,132,3,pedestrian,15.878,15.44,4.857,15.592,16.897,16.897,False
0002,132,14,car,51.194,49.365,5.955,59.419,54.297,54.297,False
0002,132,4,cyclist,12.291,11.63,6.793,13.62,12.52,12.52,False
0002,133,7,van,34.392,32.948,8.884,43.02,26.748,26.748,False
0002,133,15,car,36.439,34.439,7.518,34.253,35.838,35.838,False
0002,133,5,car,14.386,12.363,6.779,13.253,11.966,11.966,False
0002,133,6,car,26.889,24.902,0.0,28.134,25.972,25.972,True
0002,133,3,pedestrian,15.788,15.349,4.86,15.637,16.093,16.093,False
0002,133,17,car,59.324,57.345,4.901,54.064,57.501,57.501,False
0002,133,14,car,52.052,50.231,6.195,59.43,54.979,54.979,False
0002,133,4,cyclist,12.222,11.555,6.794,13.502,12.461,12.461,False
0002,134,15,car,36.817,34.834,7.73,34.475,35.292,35.292,False
0002,134,7,van,34.068,32.618,8.22,42.797,26.89,26.89,False
0002,134,6,car,26.282,24.275,0.0,26.893,25.71,25.71,True
0002,134,3,pedestrian,15.698,15.259,4.862,15.422,16.103,16.103,False
0002,134,5,car,13.528,11.533,6.917,11.806,11.096,11.096,False
0002,134,14,car,52.909,51.097,6.435,59.56,54.99,54.99,False
0002,134,4,cyclist,12.154,11.48,6.796,13.546,12.877,12.877,False
0002,135,7,van,33.671,32.195,7.498,41.138,57.073,57.073,False
0002,135,15,car,37.194,35.238,7.801,34.452,35.012,35.012,False
0002,135,3,pedestrian,15.607,15.167,4.863,15.243,16.163,16.163,False
0002,135,6,car,25.686,23.662,0.072,26.443,24.899,24.899,True
0002,135,14,car,53.767,51.964,6.676,59.476,56.381,56.381,False
0002,135,5,car,12.71,10.753,7.055,12.582,11.949,11.949,False
0002,135,4,cyclist,12.085,11.406,6.797,13.384,12.983,12.983,False
0002,136,15,car,37.552,35.626,7.762,33.486,35.833,35.833,False
0002,136,7,van,33.285,31.784,6.779,39.711,55.502,55.502,False
0002,136,6,car,25.102,23.063,0.611,24.881,24.281,24.281,True
0002,136,14,car,54.734,52.946,6.914,56.777,55.701,55.701,False
0002,136,3,pedestrian,15.516,15.077,4.865,15.16,15.929,15.929,False
0002,136,5,car,11.94,10.034,7.194,11.6,11.767,11.767,False
0002,136,4,cyclist,12.017,11.332,6.799,13.122,12.772,12.772,False
0002,137,7,van,32.911,31.385,6.062,37.082,25.899,25.899,False
0002,137,6,car,24.531,22.479,1.153,24.129,23.223,23.223,True
0002,137,15,car,37.936,36.058,7.798,33.454,35.855,35.855,False
0002,137,14,car,55.701,53.93,7.153,56.771,58.607,58.607,False
0002,137,3,pedestrian,15.426,14.986,4.867,14.765,15.855,15.855,False
0002,137,16,car,58.206,56.089,1.624,56.166,60.348,60.348,False
0002,137,8,truck,40.396,36.542,21.112,32.936,28.828,28.828,False
0002,137,4,cyclist,11.95,11.258,6.801,13.034,11.546,11.546,False
0002,138,7,van,32.41,30.851,5.329,35.959,54.964,54.964,False
0002,138,15,car,38.319,36.479,7.842,33.508,35.88,35.88,False
0002,138,6,car,23.974,21.91,1.697,23.233,22.836,22.836,False
0002,138,14,car,56.667,54.915,7.392,56.783,59.378,59.378,False
0002,138,16,car,58.078,55.961,1.624,53.755,58.765,58.765,False
0002,138,3,pedestrian,15.335,14.895,4.869,14.796,15.727,15.727,False
0002,138,8,truck,39.855,36.094,20.198,55.923,39.127,39.127,False
0002,138,4,cyclist,11.882,11.185,6.802,12.873,11.609,11.609,False
0002,139,6,car,23.432,21.358,2.243,22.511,22.046,22.046,False
0002,139,7,van,31.92,30.33,4.6,34.847,53.529,53.529,False
0002,139,14,car,57.634,55.901,7.632,59.402,60.989,60.989,False
0002,139,8,truck,39.327,35.665,19.285,52.255,34.893,34.893,False
0002,139,3,pedestrian,15.251,14.811,4.871,14.638,16.122,16.122,False
0002,139,16,car,57.949,55.832,1.625,56.18,57.241,57.241,False
0002,139,4,cyclist,11.815,11.111,6.804,12.832,11.498,11.498,False
0002,139,15,car,38.789,36.894,7.928,45.691,50.555,50.555,False
0002,140,7,van,31.472,29.853,3.867,33.737,24.716,24.716,False
0002,140,17,car,58.726,56.747,4.967,51.655,60.626,60.626,False
0002,140,16,car,57.821,55.703,1.625,53.737,57.255,57.255,False
0002,140,6,car,22.809,20.725,2.679,21.433,21.496,21.496,False
0002,140,8,truck,38.814,35.254,18.371,51.197,36.383,36.383,False
0002,140,3,pedestrian,15.168,14.727,4.873,14.472,15.352,15.352,False
0002,140,4,cyclist,11.749,11.039,6.805,12.687,11.544,11.544,False
0002,141,8,truck,38.37,34.912,17.521,49.513,35.434,35.434,False
0002,141,7,van,31.037,29.391,3.137,32.746,52.246,52.246,False
0002,141,6,car,22.199,20.106,3.117,21.29,20.67,20.67,False
0002,141,16,car,57.692,55.575,1.626,53.734,57.263,57.263,False
0002,141,17,car,58.64,56.662,4.977,49.71,59.038,59.038,False
0002,141,3,pedestrian,15.084,14.643,4.875,14.322,15.323,15.323,False
0002,142,7,van,30.616,28.944,2.411,32.653,50.689,50.689,False
0002,142,17,car,58.555,56.576,4.986,49.691,56.087,56.087,False
0002,142,8,truck,37.939,34.588,16.671,53.285,36.673,36.673,False
0002,142,16,car,57.563,55.446,1.627,53.754,58.776,58.776,False
0002,142,3,pedestrian,15.001,14.56,4.877,14.519,15.338,15.338,False
0002,142,6,car,21.603,19.503,3.557,20.683,20.281,20.281,False
0002,143,7,van,30.086,28.391,1.723,31.748,23.689,23.689,False
0002,143,16,car,57.514,55.397,1.635,53.761,58.768,58.768,False
0002,143,6,car,21.021,18.916,3.999,19.505,19.578,19.578,False
0002,143,17,car,58.469,56.491,4.996,49.679,56.091,56.091,False
0002,143,8,truck,37.524,34.282,15.821,48.156,33.063,33.063,False
0002,143,3,pedestrian,14.918,14.476,4.879,14.743,15.933,15.933,False
0002,144,7,van,29.569,27.852,1.039,30.88,48.362,48.362,True
0002,144,3,pedestrian,14.834,14.393,4.881,14.347,15.267,15.267,False
0002,144,6,car,20.455,18.347,4.442,19.522,19.437,19.437,False
0002,144,17,car,58.384,56.406,5.005,49.738,54.726,54.726,False
0002,144,16,car,57.465,55.348,1.644,53.77,58.774,58.774,False
0002,144,8,truck,37.123,33.995,14.97,46.283,35.812,35.812,False
0002,145,8,truck,36.738,33.727,14.12,46.131,34.919,34.919,False
0002,145,7,van,29.065,27.327,0.358,30.081,48.26,48.26,True
0002,145,6,car,19.907,17.798,4.888,18.322,18.073,18.073,False
0002,145,3,pedestrian,14.751,14.309,4.883,14.206,14.987,14.987,False
0002,145,17,car,58.298,56.32,5.015,49.746,54.726,54.726,False
0002,145,16,car,57.416,55.299,1.652,56.18,57.269,57.269,False
0002,145,14,car,63.565,61.825,8.854,69.523,64.56,64.56,False
0002,146,6,car,19.312,17.209,5.287,17.59,17.3,17.3,False
0002,146,7,van,28.576,26.819,0.0,29.342,22.584,22.584,True
0002,146,8,truck,36.369,33.479,13.27,51.188,34.869,34.869,False
0002,146,14,car,64.558,62.817,9.05,69.573,66.438,66.438,False
0002,146,3,pedestrian,14.668,14.226,4.885,14.255,14.824,14.824,False
0002,146,17,car,58.213,56.235,5.024,49.746,57.541,57.541,False
0002,146,16,car,57.367,55.25,1.661,56.178,60.364,60.364,False
0002,146,15,car,41.446,39.439,9.81,36.398,41.049,41.049,False
0002,147,7,van,28.101,26.327,0.0,27.981,46.247,46.247,True
0002,147,6,car,18.737,16.641,5.687,16.97,17.029,17.029,False
0002,147,17,car,58.128,56.149,5.034,49.746,57.533,57.533,False
0002,147,3,pedestrian,14.585,14.142,4.886,14.071,14.754,14.754,False
0002,147,14,car,65.626,63.883,9.245,69.566,67.423,67.423,False
0002,147,8,truck,36.017,33.251,12.42,40.216,34.173,34.173,False
0002,147,15,car,41.79,39.793,10.308,36.509,41.944,41.944,False
0002,147,16,car,57.318,55.201,1.669,53.767,60.375,60.375,False
0002,148,14,car,66.695,64.948,9.44,73.708,68.458,68.458,False
0002,148,7,van,27.505,25.713,0.0,27.365,45.55,45.55,True
0002,148,16,car,57.269,55.152,1.678,53.789,58.009,58.009,False
0002,148,3,pedestrian,14.541,14.099,4.891,13.945,14.687,14.687,False
0002,148,8,truck,35.682,33.044,11.57,41.214,33.584,33.584,False
0002,148,6,car,18.125,16.036,6.025,16.158,16.394,16.394,False
0002,148,17,car,58.081,56.102,5.049,49.734,59.86,59.86,False
0002,148,15,car,42.14,40.168,10.823,35.59,42.444,42.444,False
0002,149,7,van,26.924,25.117,0.0,26.77,44.687,44.687,True
0002,149,8,truck,35.364,32.858,10.72,41.853,33.367,33.367,False
0002,149,6,car,17.532,15.455,6.364,15.638,15.738,15.738,False
0002,149,14,car,67.763,66.013,9.636,73.739,66.445,66.445,False
0002,149,3,pedestrian,14.497,14.055,4.893,13.823,14.344,14.344,False
0002,149,17,car,58.034,56.055,5.065,49.702,59.073,59.073,False
0003,0,0,car,5.853,3.791,2.653,6.827,7.904,7.904,False
0003,0,2,car,56.186,54.228,20.59,58.459,38.331,38.331,False
0003,1,0,car,6.08,3.995,2.621,6.797,7.652,7.652,False
0003,1,2,car,55.061,53.102,20.516,58.617,51.211,51.211,False
0003,2,0,car,6.312,4.208,2.589,6.79,7.563,7.563,False
0003,2,2,car,53.937,51.978,20.441,58.719,52.082,52.082,False
0003,3,0,car,6.549,4.43,2.558,6.756,7.527,7.527,False
0003,3,2,car,52.816,50.856,20.365,52.128,36.842,36.842,False
0003,4,0,car,6.79,4.658,2.526,6.75,7.479,7.479,False
0003,4,2,car,51.698,49.737,20.29,51.842,36.202,36.202,False
0003,5,0,car,7.035,4.893,2.495,6.739,7.409,7.409,False
0003,5,2,car,50.583,48.622,20.214,50.188,35.033,35.033,False
0003,6,0,car,7.303,5.15,2.468,6.681,7.334,7.334,False
0003,6,2,car,49.52,47.56,20.214,47.344,36.766,36.766,False
0003,6,3,car,53.393,51.466,20.344,49.691,51.503,51.503,False
0003,7,0,car,7.574,5.413,2.442,7.218,7.308,7.308,False
0003,7,2,car,48.463,46.503,20.215,44.598,49.498,49.498,False
0003,7,3,car,52.298,50.37,20.326,46.464,52.228,52.228,False
0003,8,2,car,47.401,45.442,20.19,43.471,46.925,46.925,False
0003,8,0,car,7.849,5.681,2.416,6.873,7.143,7.143,False
0003,9,2,car,46.345,44.387,20.165,45.017,45.493,45.493,False
0003,9,0,car,8.126,5.953,2.389,6.728,7.09,7.09,False
0003,10,0,car,8.306,6.13,2.357,7.798,7.34,7.34,False
0003,10,2,car,45.294,43.337,20.14,46.655,45.933,45.933,False
0003,11,0,car,8.688,6.509,2.374,8.044,7.639,7.639,False
0003,11,2,car,44.227,42.272,20.038,45.804,46.433,46.433,False
0003,11,3,car,47.954,46.026,20.225,49.109,48.918,48.918,False
0003,12,0,car,8.971,6.79,2.386,8.307,7.89,7.89,False
0003,12,2,car,43.165,41.211,19.936,43.936,44.096,44.096,False
0003,12,3,car,46.896,44.969,20.115,47.458,31.044,31.044,False
0003,13,0,car,9.255,7.072,2.397,8.515,8.233,8.233,False
0003,13,2,car,42.107,40.156,19.835,40.642,42.663,42.663,False
0003,13,3,car,45.842,43.916,20.004,45.967,30.403,30.403,False
0003,14,0,car,9.54,7.356,2.409,8.355,8.608,8.608,False
0003,14,2,car,41.055,39.106,19.733,37.586,41.575,41.575,False
0003,14,3,car,44.792,42.867,19.893,40.869,46.311,46.311,False
0003,15,0,car,9.825,7.64,2.421,8.94,8.905,8.905,False
0003,15,2,car,40.008,38.063,19.632,34.598,39.913,39.913,False
0003,15,3,car,43.745,41.821,19.783,37.647,42.624,42.624,False
0003,16,0,car,10.129,7.944,2.414,9.365,9.274,9.274,False
0003,16,2,car,39.009,37.07,19.572,33.729,38.448,38.448,False
0003,16,3,car,42.702,40.781,19.672,35.99,42.465,42.465,False
0003,17,0,car,10.434,8.248,2.407,9.708,9.483,9.483,False
0003,17,2,car,38.018,36.084,19.513,33.581,37.712,37.712,False
0003,17,3,car,41.622,39.702,19.426,37.216,41.654,41.654,False
0003,18,0,car,10.74,8.555,2.4,9.548,9.885,9.885,False
0003,18,2,car,37.034,35.108,19.453,32.914,36.526,36.526,False
0003,18,3,car,40.629,38.712,19.398,35.533,40.006,40.006,False
0003,19,0,car,11.047,8.862,2.393,9.887,10.277,10.277,False
0003,19,2,car,36.059,34.14,19.394,31.916,35.688,35.688,False
0003,19,3,car,39.643,37.729,19.371,34.919,39.685,39.685,False
0003,20,0,car,11.355,9.171,2.385,10.268,10.563,10.563,False
0003,20,2,car,35.092,33.183,19.328,30.506,34.965,34.965,False
0003,20,3,car,38.664,36.754,19.344,32.753,38.26,38.26,False
0003,21,0,car,11.691,9.508,2.363,10.841,10.973,10.973,False
0003,21,2,car,34.19,32.29,19.3,29.053,34.118,34.118,False
0003,21,3,car,37.693,35.788,19.316,31.666,36.967,36.967,False
0003,22,0,car,12.029,9.845,2.34,11.062,11.366,11.366,False
0003,22,2,car,33.223,31.335,19.292,27.524,33.189,33.189,False
0003,22,3,car,36.735,34.836,19.319,29.394,35.828,35.828,False
0003,23,0,car,12.367,10.185,2.317,11.315,11.673,11.673,False
0003,23,2,car,32.366,30.49,19.289,26.187,31.432,31.432,False
0003,23,3,car,35.774,33.881,19.293,29.203,35.77,35.77,False
0003,24,0,car,12.706,10.525,2.295,11.756,12.002,12.002,False
0003,24,2,car,31.445,29.585,19.313,26.227,30.489,30.489,False
0003,24,3,car,34.822,32.937,19.267,30.234,35.738,35.738,False
0003,25,0,car,13.046,10.866,2.272,12.14,12.287,12.287,False
0003,25,3,car,33.883,32.005,19.241,28.943,30.52,30.52,False
0003,25,1,car,4.705,3.151,2.911,7.577,10.978,10.978,False
0003,25,2,car,30.627,28.782,19.345,28.054,32.5,32.5,False
0003,26,0,car,13.41,11.231,2.251,12.302,12.589,12.589,False
0003,26,3,car,32.955,31.088,19.215,29.962,32.712,32.712,False
0003,26,1,car,4.881,3.25,2.903,7.115,8.95,8.95,False
0003,27,0,car,13.764,11.587,2.191,12.625,13.057,13.057,False
0003,27,3,car,32.058,30.201,19.247,28.424,31.111,31.111,False
0003,27,1,car,5.069,3.372,2.894,7.043,7.877,7.877,False
0003,28,3,car,31.178,29.335,19.279,27.734,32.067,32.067,False
0003,28,0,car,14.125,11.95,2.15,12.848,13.566,13.566,False
0003,28,1,car,5.28,3.529,2.894,7.449,7.396,7.396,False
0003,29,3,car,30.317,28.489,19.31,26.79,32.719,32.719,False
0003,29,0,car,14.487,12.313,2.11,13.181,13.987,13.987,False
0003,29,1,car,5.499,3.704,2.895,6.868,7.181,7.181,False
0003,30,0,car,14.85,12.678,2.069,13.444,14.261,14.261,False
0003,30,1,car,5.727,3.896,2.895,6.799,7.002,7.002,False
0003,31,0,car,15.204,13.033,1.95,13.969,14.689,14.689,False
0003,31,1,car,5.913,4.059,2.817,6.757,6.918,6.918,False
0003,32,0,car,15.56,13.391,1.831,14.388,15.246,15.246,False
0003,32,1,car,6.107,4.235,2.739,6.805,6.831,6.831,False
0003,33,0,car,15.918,13.75,1.711,14.847,15.525,15.525,False
0003,33,1,car,6.309,4.421,2.662,6.885,6.769,6.769,False
0003,34,0,car,16.278,14.111,1.592,15.165,15.767,15.767,False
0003,34,1,car,6.517,4.618,2.584,6.861,6.663,6.663,False
0003,35,0,car,16.639,14.473,1.473,15.477,16.246,16.246,False
0003,35,1,car,6.732,4.823,2.507,6.842,6.566,6.566,False
0003,36,0,car,17.049,14.886,1.319,16.057,16.947,16.947,False
0003,36,1,car,6.918,4.992,2.379,6.823,6.494,6.494,False
0003,37,0,car,17.46,15.302,1.164,16.666,17.179,17.179,True
0003,37,1,car,7.114,5.175,2.251,6.741,6.444,6.444,False
0003,38,0,car,17.875,15.721,1.009,16.743,17.763,17.763,True
0003,38,1,car,7.317,5.369,2.123,6.601,6.334,6.334,False
0003,39,0,car,18.291,16.142,0.855,17.27,18.17,18.17,True
0003,39,1,car,7.528,5.573,1.995,6.679,6.133,6.133,False
0003,40,0,car,18.71,16.565,0.7,17.353,18.677,18.677,True
0003,40,1,car,7.746,5.787,1.867,6.443,6.083,6.083,False
0003,41,0,car,19.115,16.973,0.507,17.59,19.217,19.217,True
0003,41,1,car,8.021,6.06,1.734,6.762,6.274,6.274,False
0003,42,0,car,19.523,17.384,0.314,17.934,19.621,19.621,True
0003,42,1,car,8.303,6.342,1.601,7.208,6.56,6.56,False
0003,43,0,car,19.934,17.797,0.122,18.09,19.867,19.867,True
0003,43,1,car,8.592,6.633,1.469,7.709,6.782,6.782,False
0003,44,0,car,20.346,18.211,0.0,18.356,20.035,20.035,True
0003,44,1,car,8.887,6.932,1.336,7.691,7.017,7.017,False
0003,45,0,car,20.76,18.628,0.0,18.649,20.39,20.39,True
0003,45,1,car,9.188,7.237,1.203,7.766,7.329,7.329,False
0003,46,0,car,21.133,19.003,0.0,18.918,21.257,21.257,True
0003,46,1,car,9.48,7.535,1.059,8.287,7.647,7.647,True
0003,47,0,car,21.508,19.38,0.0,18.919,21.457,21.457,True
0003,47,1,car,9.777,7.837,0.915,8.303,7.892,7.892,True
0003,48,0,car,21.885,19.758,0.0,18.634,21.661,21.661,True
0003,48,1,car,10.078,8.144,0.771,8.506,8.185,8.185,True
0003,49,0,car,22.268,20.142,0.0,19.84,22.309,22.309,True
0003,49,1,car,10.383,8.456,0.627,8.838,8.462,8.462,True
0003,50,0,car,22.652,20.526,0.0,21.212,22.998,22.998,True
0003,50,1,car,10.691,8.771,0.483,9.466,8.774,8.774,True
0003,51,0,car,23.031,20.909,0.0,21.98,23.238,23.238,True
0003,51,1,car,11.034,9.119,0.363,9.871,9.055,9.055,True
0003,52,0,car,23.411,21.293,0.0,23.228,24.119,24.119,True
0003,52,1,car,11.378,9.471,0.244,10.354,9.414,9.414,True
0003,53,0,car,23.793,21.677,0.0,23.685,24.518,24.518,True
0003,53,1,car,11.725,9.824,0.124,10.701,9.702,9.702,True
0003,54,0,car,24.174,22.062,0.0,23.25,25.073,25.073,True
0003,54,1,car,12.074,10.18,0.004,10.984,10.056,10.056,True
0003,55,0,car,24.556,22.447,0.0,22.817,25.077,25.077,True
0003,55,1,car,12.425,10.537,0.0,11.178,10.466,10.466,True
0003,55,4,car,63.914,61.609,26.506,50.563,63.318,63.318,False
0003,56,0,car,24.925,22.82,0.0,22.832,25.956,25.956,True
0003,56,1,car,12.806,10.923,0.0,11.488,10.914,10.914,True
0003,56,4,car,62.912,60.606,26.341,49.175,60.393,60.393,False
0003,57,1,car,13.189,11.31,0.0,11.704,11.124,11.124,True
0003,57,0,car,25.294,23.195,0.07,22.415,25.371,25.371,True
0003,57,4,car,61.911,59.605,26.176,48.966,60.562,60.562,False
0003,58,1,car,13.572,11.698,0.0,12.046,11.401,11.401,True
0003,58,0,car,25.666,23.572,0.169,23.274,25.964,25.964,True
0003,58,4,car,60.915,58.609,26.018,49.672,59.286,59.286,False
0003,59,1,car,13.956,12.087,0.0,12.538,11.818,11.818,True
0003,59,0,car,26.039,23.949,0.269,23.712,26.905,26.905,True
0003,59,4,car,59.92,57.615,25.861,49.005,59.398,59.398,False
0003,60,1,car,14.341,12.476,0.0,12.8,12.136,12.136,True
0003,60,0,car,26.412,24.327,0.369,23.717,27.071,27.071,True
0003,60,4,car,58.927,56.622,25.703,49.057,58.126,58.126,False
0003,61,1,car,14.683,12.822,0.0,13.073,12.542,12.542,True
0003,61,4,car,57.882,55.577,25.513,47.819,55.686,55.686,False
0003,61,0,car,25.274,23.189,0.262,24.182,28.821,28.821,True
0003,62,1,car,15.026,13.169,0.0,13.505,12.901,12.901,True
0003,62,4,car,56.838,54.534,25.323,49.347,54.655,54.655,False
0003,62,0,car,25.701,23.62,0.373,24.193,27.751,27.751,True
0003,63,1,car,15.369,13.517,0.0,13.968,13.204,13.204,True
0003,63,4,car,55.84,53.537,25.246,49.823,52.581,52.581,False
0003,63,0,car,26.128,24.051,0.484,25.174,28.645,28.645,True
0003,64,1,car,15.714,13.866,0.0,14.136,13.44,13.44,True
0003,64,4,car,54.842,52.54,25.161,48.353,53.925,53.925,False
0003,64,5,van,86.33,83.561,25.609,68.706,46.952,46.952,False
0003,64,0,car,26.556,24.482,0.596,25.182,29.025,29.025,True
0003,65,5,van,83.749,80.978,25.256,61.967,47.037,47.037,False
0003,65,1,car,16.059,14.215,0.0,14.297,13.943,13.943,True
0003,65,4,car,53.852,51.551,25.089,42.574,53.086,53.086,False
0003,65,0,car,26.984,24.914,0.707,24.685,29.61,29.61,True
0003,66,1,car,16.382,14.542,0.0,13.975,14.119,14.119,True
0003,66,4,car,52.833,50.534,24.98,38.215,50.678,50.678,False
0003,66,5,van,81.17,78.396,24.917,51.964,51.263,51.263,False
0003,66,0,car,27.606,25.542,0.783,23.287,29.035,29.035,True
0003,67,1,car,16.706,14.869,0.0,14.137,14.581,14.581,True
0003,67,4,car,51.829,49.532,24.895,35.389,50.432,50.432,False
0003,67,5,van,78.584,75.808,24.522,46.832,44.594,44.594,False
0003,67,0,car,28.228,26.17,0.86,22.446,29.616,29.616,True
0003,68,4,car,50.819,48.524,24.778,36.544,47.024,47.024,False
0003,68,1,car,17.032,15.198,0.0,14.65,14.774,14.774,True
0003,68,5,van,76.026,73.247,24.205,52.35,43.431,43.431,False
0003,68,0,car,28.85,26.797,0.936,24.197,30.226,30.226,True
0003,69,1,car,17.358,15.527,0.0,15.783,14.874,14.874,True
0003,69,4,car,49.813,47.521,24.661,41.038,44.102,44.102,False
0003,69,5,van,73.472,70.69,23.888,62.934,42.385,42.385,False
0003,69,0,car,29.474,27.423,1.015,26.841,30.642,30.642,True
0003,70,1,car,17.684,15.857,0.0,17.108,15.549,15.549,True
0003,70,5,van,71.018,68.234,23.572,69.394,41.058,41.058,False
0003,70,4,car,48.815,46.526,24.555,45.307,45.944,45.944,False
0003,71,1,car,17.981,16.156,0.0,17.359,15.826,15.826,True
0003,71,5,van,68.565,65.779,23.26,66.557,41.544,41.544,False
0003,71,4,car,47.811,45.526,24.426,44.141,47.341,47.341,False
0003,72,4,car,46.811,44.531,24.298,42.225,43.133,43.133,False
0003,72,5,van,66.117,63.33,22.949,60.258,76.075,76.075,False
0003,72,1,car,18.279,16.455,0.0,17.106,16.289,16.289,True
0003,73,5,van,63.676,60.887,22.637,55.658,37.282,37.282,False
0003,73,1,car,18.576,16.754,0.0,17.106,16.655,16.655,True
0003,73,4,car,45.816,43.541,24.169,39.737,43.451,43.451,False
0003,74,4,car,44.834,42.565,24.056,38.234,42.709,42.709,False
0003,74,5,van,61.24,58.45,22.326,49.899,34.994,34.994,False
0003,74,1,car,18.874,17.053,0.0,17.359,17.169,17.169,True
0003,75,4,car,43.844,41.581,23.912,38.378,42.696,42.696,False
0003,75,1,car,19.171,17.353,0.0,17.572,17.17,17.17,True
0003,75,5,van,58.844,56.053,21.998,51.893,33.453,33.453,False
0003,76,4,car,42.889,40.634,23.774,38.867,41.109,41.109,False
0003,76,1,car,19.423,17.609,0.0,17.621,16.911,16.911,True
0003,76,5,van,56.454,53.664,21.67,51.778,70.263,70.263,False
0003,77,4,car,41.94,39.693,23.636,38.159,39.96,39.96,False
0003,77,1,car,19.674,17.865,0.0,17.606,17.371,17.371,True
0003,77,5,van,54.073,51.284,21.341,50.749,31.428,31.428,False
0003,78,4,car,40.997,38.759,23.497,37.49,38.913,38.913,False
0003,78,1,car,19.926,18.121,0.0,17.613,17.44,17.44,True
0003,78,5,van,51.702,48.914,21.013,48.622,30.663,30.663,False
0003,79,1,car,20.177,18.377,0.0,18.135,17.787,17.787,True
0003,79,5,van,49.345,46.56,20.694,47.573,28.757,28.757,False
0003,79,4,car,40.06,37.832,23.359,37.782,38.007,38.007,False
0003,80,1,car,20.428,18.634,0.0,18.67,18.149,18.149,True
0003,80,5,van,47.022,44.242,20.419,47.039,26.987,26.987,False
0003,80,4,car,39.131,36.914,23.221,37.338,36.952,36.952,False
0003,81,1,car,20.68,18.888,0.0,19.214,18.917,18.917,True
0003,81,5,van,44.715,41.942,20.145,45.672,54.665,54.665,False
0003,81,4,car,38.195,35.991,23.092,37.944,35.706,35.706,False
0003,82,4,car,37.269,35.079,22.963,37.366,35.241,35.241,False
0003,82,1,car,20.931,19.142,0.0,18.631,18.446,18.446,True
0003,82,5,van,42.437,39.673,19.893,41.408,51.21,51.21,False
0003,83,4,car,36.352,34.178,22.834,37.695,37.261,37.261,False
0003,83,5,van,40.182,37.431,19.641,39.41,48.385,48.385,False
0003,83,1,car,21.183,19.396,0.0,18.389,18.524,18.524,True
0003,84,1,car,21.435,19.649,0.0,18.678,18.914,18.914,True
0003,84,5,van,37.953,35.22,19.39,37.712,45.363,45.363,False
0003,84,4,car,35.444,33.288,22.705,38.044,36.781,36.781,False
0003,85,1,car,21.687,19.903,0.0,19.556,19.157,19.157,True
0003,85,5,van,35.772,33.063,19.251,37.023,42.383,42.383,False
0003,86,1,car,21.932,20.147,0.0,20.885,19.926,19.926,True
0003,86,5,van,33.638,30.962,19.113,36.183,40.166,40.166,False
0003,87,1,car,22.176,20.392,0.0,21.244,20.015,20.015,True
0003,87,5,van,31.562,28.928,18.974,34.979,37.664,37.664,False
0003,88,1,car,22.421,20.636,0.0,21.588,20.381,20.381,True
0003,88,5,van,29.555,26.978,18.835,35.174,37.606,37.606,False
0003,89,1,car,22.666,20.881,0.0,21.966,21.153,21.153,True
0003,90,1,car,22.911,21.125,0.0,22.401,21.458,21.458,True
0003,91,1,car,23.187,21.4,0.0,22.402,21.458,21.458,True
0003,92,1,car,23.462,21.676,0.0,22.0,21.254,21.254,True
0003,93,1,car,23.738,21.951,0.0,22.401,21.666,21.666,True
0003,94,1,car,24.014,22.227,0.0,22.401,21.878,21.878,True
0003,95,1,car,24.289,22.502,0.0,23.245,22.095,22.095,True
0003,96,1,car,24.601,22.817,0.0,23.7,21.772,21.772,True
0003,97,1,car,24.913,23.132,0.0,25.674,22.095,22.095,True
0003,98,1,car,25.224,23.444,0.0,25.638,22.887,22.887,True
0003,98,6,car,60.485,58.368,23.019,90.269,59.27,59.27,False
0003,99,1,car,25.535,23.757,0.0,24.155,22.771,22.771,True
0003,99,6,car,59.388,57.271,22.982,74.9,58.037,58.037,False
0003,99,8,car,65.415,63.238,23.236,83.192,72.742,72.742,False
0003,100,1,car,25.846,24.069,0.0,23.689,24.124,24.124,True
0003,100,6,car,58.292,56.174,22.931,64.99,56.865,56.865,False
0003,101,1,car,26.158,24.381,0.0,23.667,24.255,24.255,True
0003,101,6,car,57.2,55.082,22.887,62.259,54.537,54.537,False
0003,102,1,car,26.469,24.692,0.0,24.154,24.657,24.657,True
0003,102,6,car,56.112,53.994,22.843,59.09,53.536,53.536,False
0003,103,1,car,26.781,25.003,0.0,23.691,24.521,24.521,True
0003,103,6,car,55.028,52.91,22.799,52.437,53.828,53.828,False
0003,103,7,car,67.927,65.514,23.487,63.019,68.235,68.235,False
0003,104,1,car,27.093,25.314,0.0,24.146,25.356,25.356,True
0003,104,6,car,53.948,51.831,22.777,49.161,53.015,53.015,False
0003,104,7,car,66.809,64.395,23.454,57.741,68.389,68.389,False
0003,105,1,car,27.404,25.623,0.0,24.633,25.356,25.356,True
0003,105,7,car,65.693,63.278,23.421,58.163,64.005,64.005,False
0003,105,6,car,52.873,50.757,22.755,49.59,53.791,53.791,False
0003,105,8,car,58.709,56.53,22.922,54.008,58.044,58.044,False
0003,106,1,car,27.749,25.968,0.0,25.66,25.213,25.213,True
0003,106,6,car,51.803,49.688,22.732,51.91,52.798,52.798,False
0003,106,8,car,57.581,55.402,22.886,54.239,53.19,53.19,False
0003,106,7,car,64.581,62.164,23.388,60.622,60.145,60.145,False
0003,107,1,car,28.094,26.313,0.0,25.662,25.647,25.647,True
0003,107,8,car,56.457,54.278,22.849,54.226,52.818,52.818,False
0003,107,7,car,63.471,61.053,23.355,60.636,61.861,61.861,False
0003,108,1,car,28.439,26.658,0.0,26.774,26.883,26.883,True
0003,108,8,car,55.337,53.159,22.813,52.437,51.387,51.387,False
0003,108,7,car,62.363,59.945,23.322,60.926,58.315,58.315,False
0003,108,6,car,49.679,47.566,22.688,49.92,45.914,45.914,False
0003,109,1,car,28.784,27.003,0.0,26.21,26.096,26.096,True
0003,109,6,car,48.568,46.458,22.66,48.614,46.396,46.396,False
0003,109,8,car,54.221,52.043,22.777,52.601,51.616,51.616,False
0003,109,7,car,61.193,58.774,23.264,58.08,60.707,60.707,False
0003,110,1,car,29.128,27.348,0.0,26.207,25.944,25.944,True
0003,110,6,car,47.464,45.356,22.632,48.879,43.915,43.915,False
0003,110,7,car,60.027,57.606,23.206,58.631,49.722,49.722,False
0003,110,8,car,53.099,50.922,22.743,52.964,49.109,49.109,False
0003,111,1,car,29.44,27.66,0.0,26.756,26.721,26.721,True
0003,111,6,car,46.368,44.263,22.604,46.085,44.615,44.615,False
0003,111,8,car,51.982,49.807,22.709,50.937,51.002,51.002,False
0003,111,7,car,58.863,56.442,23.148,54.035,55.558,55.558,False
0003,112,1,car,29.751,27.972,0.0,26.777,26.882,26.882,True
0003,112,8,car,50.87,48.697,22.675,46.293,50.839,50.839,False
0003,112,6,car,45.28,43.178,22.576,44.008,44.99,44.99,False
0003,112,7,car,57.703,55.282,23.09,52.168,54.53,54.53,False
0003,113,1,car,30.062,28.284,0.0,25.638,26.881,26.881,True
0003,113,8,car,49.764,47.593,22.641,42.383,48.215,48.215,False
0003,113,6,car,44.2,42.103,22.547,41.022,44.587,44.587,False
0003,113,7,car,56.547,54.125,23.032,48.672,57.271,57.271,False
0003,114,1,car,30.374,28.595,0.0,25.656,27.889,27.889,True
0003,114,8,car,48.664,46.496,22.607,41.494,48.057,48.057,False
0003,114,6,car,43.092,41.001,22.515,38.903,42.861,42.861,False
0003,114,7,car,55.369,52.948,22.978,44.066,53.223,53.223,False
0003,115,8,car,47.509,45.343,22.568,40.396,45.797,45.797,False
0003,115,1,car,30.685,28.907,0.0,25.64,27.888,27.888,True
0003,115,6,car,41.996,39.91,22.483,38.499,41.958,41.958,False
0003,115,7,car,54.196,51.775,22.924,44.252,42.182,42.182,False
0003,116,8,car,46.361,44.199,22.528,42.014,45.341,45.341,False
0003,116,6,car,40.911,38.832,22.45,39.717,40.537,40.537,False
0003,116,1,car,30.97,29.191,0.0,26.757,27.888,27.888,True
0003,116,7,car,53.028,50.607,22.87,47.496,54.962,54.962,False
0003,117,8,car,45.221,43.064,22.489,43.718,43.445,43.445,False
0003,117,6,car,39.838,37.768,22.418,39.843,40.464,40.464,False
0003,117,1,car,31.254,29.476,0.0,28.633,28.603,28.603,True
0003,117,7,car,51.866,49.445,22.816,51.822,49.481,49.481,False
0003,118,6,car,38.779,36.718,22.385,39.47,38.767,38.767,False
0003,118,8,car,44.094,41.943,22.461,42.734,41.768,41.768,False
0003,118,1,car,31.538,29.76,0.0,28.63,28.788,28.788,True
0003,119,6,car,37.698,35.65,22.361,35.706,38.17,38.17,False
0003,119,8,car,42.978,40.832,22.433,39.06,41.197,41.197,False
0003,119,1,car,31.822,30.044,0.0,27.99,28.974,28.974,True
0003,119,7,car,49.4,46.983,22.685,42.039,56.545,56.545,False
0003,120,1,car,32.106,30.329,0.0,26.758,28.241,28.241,True
0003,120,8,car,41.831,39.693,22.411,35.394,39.663,39.663,False
0003,120,6,car,36.635,34.601,22.337,32.745,36.231,36.231,False
0003,121,1,car,32.321,30.543,0.0,26.203,27.888,27.888,True
0003,121,6,car,35.592,33.572,22.313,31.086,36.067,36.067,False
0003,121,7,car,46.825,44.413,22.556,37.608,48.195,48.195,False
0003,122,1,car,32.536,30.757,0.0,27.354,29.164,29.164,True
0003,122,7,car,45.551,43.144,22.491,37.944,45.758,45.758,False
0003,122,8,car,39.579,37.459,22.365,34.503,41.81,41.81,False
0003,122,6,car,34.569,32.567,22.289,31.835,36.632,36.632,False
0003,123,1,car,32.75,30.972,0.0,28.631,30.149,30.149,True
0003,123,7,car,44.289,41.886,22.427,38.903,45.791,45.791,False
0003,124,1,car,32.965,31.186,0.0,28.629,30.149,30.149,True
0003,124,8,car,37.387,35.292,22.32,33.551,34.038,34.038,False
0003,124,7,car,43.128,40.731,22.401,38.795,43.971,43.971,False
0003,125,1,car,33.179,31.401,0.0,27.976,30.562,30.562,True
0003,125,7,car,41.978,39.588,22.375,36.204,41.452,41.452,False
0003,125,8,car,36.288,34.209,22.286,32.077,31.103,31.103,False
0003,126,1,car,33.333,31.555,0.0,27.988,30.986,30.986,True
0003,126,7,car,40.842,38.46,22.349,34.261,40.131,40.131,False
0003,126,8,car,35.209,33.148,22.253,31.45,31.186,31.186,False
0003,127,1,car,33.487,31.709,0.0,29.315,31.871,31.871,True
0003,127,8,car,34.151,32.111,22.219,32.109,34.677,34.677,False
0003,127,7,car,39.72,37.347,22.323,33.971,38.586,38.586,False
0003,128,1,car,33.641,31.863,0.0,30.798,32.101,32.101,True
0003,128,7,car,38.612,36.251,22.298,33.772,36.539,36.539,False
0003,129,7,car,37.502,35.154,22.269,34.384,35.364,35.364,False
0003,129,1,car,33.795,32.017,0.0,30.798,33.051,33.051,True
0003,130,1,car,33.949,32.171,0.0,30.785,32.1,32.1,True
0003,130,7,car,36.41,34.078,22.24,34.898,37.292,37.292,False
0003,131,1,car,34.089,32.311,0.0,30.794,31.422,31.422,True
0003,131,7,car,35.338,33.025,22.212,34.339,37.347,37.347,False
0003,132,1,car,34.228,32.45,0.0,30.785,32.332,32.332,True
0003,132,7,car,34.289,31.996,22.183,34.222,47.564,47.564,False
0003,133,1,car,34.367,32.59,0.0,30.785,31.421,31.421,True
0003,134,1,car,34.507,32.73,0.0,31.577,31.421,31.421,True
0003,135,1,car,34.647,32.87,0.0,33.292,31.644,31.644,True
0003,136,1,car,34.788,33.011,0.0,35.203,31.643,31.643,True
0003,137,1,car,34.928,33.151,0.0,38.518,31.869,31.869,True
0003,138,1,car,35.069,33.292,0.0,38.521,31.869,31.869,True
0003,139,1,car,35.206,33.429,0.0,34.22,32.331,32.331,True
0003,140,1,car,35.344,33.567,0.0,29.317,31.869,31.869,True
0003,141,1,car,35.437,33.66,0.0,28.635,31.87,31.87,True
0003,142,1,car,35.531,33.754,0.0,30.794,32.807,32.807,True
0003,143,1,car,35.624,33.847,0.0,30.786,32.568,32.568,True
0004,0,1,car,24.052,22.757,1.14,26.704,23.252,23.252,True
0004,0,0,car,21.395,20.199,9.053,19.884,20.272,20.272,False
0004,0,2,car,16.155,14.153,3.877,16.65,13.695,13.695,False
0004,0,40,car,25.042,22.991,14.072,32.617,24.643,24.643,False
0004,0,3,van,30.152,28.288,11.756,47.334,49.738,49.738,False
0004,1,1,car,23.069,21.788,1.836,25.322,22.247,22.247,False
0004,1,0,car,20.499,19.368,9.673,18.844,19.125,19.125,False
0004,1,2,car,16.047,14.045,4.299,16.929,13.599,13.599,False
0004,1,40,car,25.239,23.159,14.958,34.531,25.347,25.347,False
0004,1,3,van,29.232,27.35,11.188,54.49,50.2,50.2,False
0004,2,2,car,15.956,13.954,4.726,16.957,13.173,13.173,False
0004,2,1,car,22.12,20.86,2.535,25.107,21.281,21.281,False
0004,2,0,car,19.687,18.632,10.295,20.067,20.22,20.22,False
0004,2,4,car,36.164,34.137,22.346,73.489,45.035,45.035,False
0004,2,3,van,28.314,26.414,10.622,52.843,48.727,48.727,False
0004,2,40,car,25.475,23.371,15.845,41.863,39.875,39.875,False
0004,3,1,car,21.209,19.978,3.237,24.511,19.868,19.868,False
0004,3,2,car,15.884,13.882,5.155,17.853,13.182,13.182,False
0004,3,0,car,18.969,18.003,10.918,18.918,20.196,20.196,False
0004,3,4,car,35.404,33.396,21.881,81.16,48.052,48.052,False
0004,4,1,car,20.318,19.132,3.999,23.617,18.728,18.728,False
0004,4,2,car,15.829,13.828,5.589,18.494,12.376,12.376,False
0004,4,3,van,26.307,24.387,9.188,47.702,20.619,20.619,False
0004,4,4,car,34.644,32.657,21.418,80.944,39.558,39.558,False
0004,5,1,car,19.485,18.354,4.764,22.274,17.967,17.967,False
0004,5,3,van,25.426,23.512,8.398,41.251,18.93,18.93,False
0004,5,2,car,15.793,13.792,6.026,19.693,14.017,14.017,False
0004,5,4,car,33.866,31.858,20.723,69.903,35.87,35.87,False
0004,6,1,car,18.668,17.59,5.55,21.259,17.122,17.122,False
0004,6,3,van,24.554,22.646,7.608,40.032,18.845,18.845,False
0004,6,4,car,33.09,31.061,20.03,61.467,32.196,32.196,False
0004,6,2,car,15.775,13.775,6.466,18.809,14.027,14.027,False
0004,7,1,car,17.93,16.916,6.34,19.523,16.339,16.339,False
0004,7,3,van,23.691,21.792,6.818,35.544,38.226,38.226,False
0004,7,2,car,15.892,13.892,6.913,18.633,14.315,14.315,False
0004,7,4,car,32.315,30.28,19.263,55.829,31.655,31.655,False
0004,8,1,car,17.193,16.21,7.143,18.239,15.248,15.248,False
0004,8,2,car,16.022,14.022,7.361,17.608,13.765,13.765,False
0004,8,3,van,22.742,20.864,5.863,31.414,37.232,37.232,False
0004,8,4,car,31.544,29.504,18.496,54.103,31.65,31.65,False
0004,9,2,car,16.166,14.165,7.81,17.543,13.527,13.527,False
0004,9,3,van,21.837,19.989,4.853,31.21,35.369,35.369,False
0004,9,1,car,16.562,15.62,7.956,19.021,16.013,16.013,False
0004,10,2,car,16.298,14.296,8.118,17.866,13.395,13.395,False
0004,10,3,van,20.933,19.109,3.779,28.238,34.092,34.092,False
0004,10,1,car,16.05,15.149,8.777,17.531,15.818,15.818,False
0004,11,2,car,16.435,14.433,8.426,17.632,13.473,13.473,False
0004,11,3,van,20.063,18.269,2.707,25.618,32.441,32.441,False
0004,12,2,car,16.576,14.575,8.734,17.126,13.744,13.744,False
0004,12,3,van,19.151,17.406,1.476,22.62,31.037,31.037,False
0004,12,4,car,27.814,25.755,13.996,34.832,26.359,26.359,False
0004,13,2,car,16.872,14.871,9.019,16.728,14.184,14.184,False
0004,13,3,van,18.298,16.613,0.247,19.902,30.044,30.044,True
0004,13,4,car,26.96,24.901,12.759,29.22,25.139,25.139,False
0004,14,4,car,25.955,23.919,11.41,25.793,24.184,24.184,False
0004,14,2,car,17.169,15.17,9.305,16.772,14.888,14.888,False
0004,14,3,van,17.325,15.694,0.0,18.083,13.239,13.239,True
0004,15,4,car,24.916,22.882,9.978,25.033,23.398,23.398,False
0004,15,2,car,17.497,15.502,9.514,16.993,15.317,15.317,False
0004,15,3,van,16.429,14.868,0.0,16.861,26.888,26.888,True
0004,16,4,car,23.924,21.893,8.549,23.233,22.65,22.65,False
0004,16,2,car,17.825,15.836,9.725,16.811,15.619,15.619,False
0004,16,3,van,15.626,14.15,0.0,15.525,25.455,25.455,True
0004,17,2,car,17.982,16.0,9.783,16.761,15.781,15.781,False
0004,17,4,car,22.756,20.724,7.065,21.925,21.548,21.548,False
0004,17,3,van,14.928,13.559,0.045,14.241,23.641,23.641,True
0004,17,5,car,32.031,29.78,16.319,28.288,31.814,31.814,False
0004,18,2,car,18.352,16.377,9.888,16.466,15.706,15.706,False
0004,18,5,car,31.082,28.83,14.769,27.851,31.311,31.311,False
0004,18,4,car,21.645,19.615,5.586,20.107,20.637,20.637,False
0004,18,3,van,14.111,12.853,1.175,13.558,22.149,22.149,True
0004,19,2,car,18.724,16.757,9.996,16.568,15.772,15.772,False
0004,19,4,car,20.738,18.715,4.261,19.228,19.105,19.105,False
0004,19,5,car,30.347,28.094,13.381,26.733,30.191,30.191,False
0004,19,3,van,13.423,12.301,2.297,12.708,20.4,20.4,False
0004,20,2,car,19.098,17.14,10.105,17.182,15.852,15.852,False
0004,20,5,car,29.232,26.979,11.855,26.729,28.851,28.851,False
0004,20,4,car,19.614,17.604,2.902,17.846,17.779,17.779,False
0004,20,3,van,12.881,11.916,3.422,11.971,19.324,19.324,False
0004,20,6,car,39.494,37.116,20.587,35.54,37.66,37.66,False
0004,21,2,car,19.474,17.525,10.217,17.557,16.207,16.207,False
0004,21,3,van,12.225,11.343,4.328,11.081,17.564,17.564,False
0004,21,5,car,28.164,25.91,10.334,25.268,27.313,27.313,False
0004,21,4,car,18.557,16.565,1.546,16.713,16.701,16.701,False
0004,21,6,car,38.844,36.467,19.036,34.874,37.01,37.01,False
0004,22,6,car,38.03,35.654,17.429,32.303,36.211,36.211,False
0004,22,2,car,19.806,17.866,10.176,17.846,16.84,16.84,False
0004,22,4,car,17.423,15.453,0.272,15.803,15.507,15.507,True
0004,22,5,car,27.247,24.994,8.905,24.529,26.784,26.784,False
0004,22,3,van,11.728,10.894,5.241,11.632,19.04,19.04,False
0004,22,7,car,44.904,42.872,23.585,39.998,46.062,46.062,False
0004,23,6,car,37.272,34.897,15.828,30.027,35.625,35.625,False
0004,23,4,car,16.366,14.428,0.0,14.291,14.321,14.321,True
0004,23,2,car,20.195,18.266,10.096,17.651,17.481,17.481,False
0004,23,5,car,26.384,24.132,7.48,22.44,25.71,25.71,False
0004,23,7,car,44.222,42.196,21.782,35.956,44.725,44.725,False
0004,23,3,van,11.412,10.574,6.16,10.212,17.539,17.539,False
0004,24,5,car,25.25,22.996,5.986,20.789,24.232,24.232,False
0004,24,2,car,20.592,18.675,10.018,16.827,17.358,17.358,False
0004,24,4,car,15.186,13.271,0.0,13.096,13.283,13.283,True
0004,24,6,car,36.349,33.975,14.109,28.077,34.604,34.604,False
0004,24,7,car,43.612,41.593,19.986,31.998,44.045,44.045,False
0004,24,40,car,40.691,38.61,24.105,30.143,41.039,41.039,False
0004,25,4,car,14.108,12.231,0.0,12.28,12.235,12.235,True
0004,25,6,car,35.491,33.116,12.394,26.989,33.903,33.903,False
0004,25,5,car,24.167,21.911,4.519,19.68,23.365,23.365,False
0004,25,7,car,43.075,41.063,18.196,30.663,44.176,44.176,False
0004,25,2,car,20.977,19.061,9.832,16.976,18.155,18.155,False
0004,25,40,car,41.495,39.423,23.633,29.414,42.331,42.331,False
0004,25,8,car,50.367,48.175,22.722,35.463,50.787,50.787,False
0004,26,7,car,42.291,40.284,16.148,32.196,42.088,42.088,False
0004,26,5,car,23.152,20.897,3.059,19.436,22.264,22.264,False
0004,26,6,car,34.504,32.131,10.551,27.604,32.768,32.768,False
0004,26,2,car,21.408,19.501,9.521,17.553,18.258,18.258,False
0004,26,4,car,13.064,11.236,0.781,11.642,11.245,11.245,True
0004,26,40,car,42.127,40.062,22.637,31.966,43.672,43.672,False
0004,27,6,car,33.599,31.226,8.713,27.573,32.005,32.005,False
0004,27,4,car,12.157,10.401,1.949,10.728,10.067,10.067,False
0004,27,2,car,21.861,19.964,9.214,18.288,18.737,18.737,False
0004,27,5,car,21.943,19.695,1.499,19.156,21.087,21.087,False
0004,27,7,car,41.6,39.596,14.104,33.168,43.063,43.063,False
0004,27,40,car,42.834,40.777,21.647,33.07,44.153,44.153,False
0004,27,8,car,49.125,46.937,18.238,37.688,48.044,48.044,False
0004,27,9,car,56.623,54.827,22.79,41.451,55.603,55.603,False
0004,28,6,car,32.557,30.185,6.895,26.676,31.29,31.29,False
0004,28,2,car,22.283,20.401,8.75,18.375,19.197,19.197,False
0004,28,4,car,11.05,9.399,2.958,9.794,9.067,9.067,False
0004,28,5,car,20.766,18.519,0.122,17.901,19.642,19.642,True
0004,28,7,car,40.623,38.62,11.941,32.568,41.886,41.886,False
0004,28,8,car,48.564,46.376,15.891,36.809,46.128,46.128,False
0004,28,40,car,43.55,41.497,20.39,32.892,44.462,44.462,False
0004,29,6,car,31.602,29.229,5.082,25.679,30.873,30.873,False
0004,29,5,car,19.676,17.434,0.0,16.847,18.516,18.516,True
0004,29,4,car,10.197,8.684,3.904,9.16,7.985,7.985,False
0004,29,7,car,39.747,37.744,9.782,32.077,41.203,41.203,False
0004,29,2,car,22.735,20.871,8.292,18.506,19.341,19.341,False
0004,29,40,car,44.357,42.31,19.137,33.384,46.93,46.93,False
0004,30,5,car,18.472,16.232,0.0,15.982,16.928,16.928,True
0004,30,6,car,30.618,28.245,3.338,25.496,30.141,30.141,False
0004,30,2,car,23.098,21.233,7.613,18.855,20.246,20.246,False
0004,30,7,car,38.957,36.954,7.712,31.656,40.265,40.265,False
0004,30,4,car,9.572,8.249,4.855,9.965,8.819,8.819,False
0004,30,8,car,46.943,44.757,11.009,35.492,45.032,45.032,False
0004,30,40,car,45.25,43.21,17.889,33.53,45.881,45.881,False
0004,31,6,car,29.727,27.353,1.598,25.282,28.401,28.401,False
0004,31,2,car,23.5,21.636,6.936,19.009,20.074,20.074,False
0004,31,7,car,38.271,36.268,5.646,32.079,39.122,39.122,False
0004,31,5,car,17.204,14.977,0.582,15.89,16.68,16.68,True
0004,31,8,car,46.023,43.837,8.579,36.148,45.732,45.732,False
0004,32,2,car,23.851,22.0,6.124,19.247,20.359,20.359,False
0004,32,5,car,16.049,13.845,1.88,14.147,14.388,14.388,False
0004,32,6,car,28.653,26.28,0.0,25.162,28.82,28.82,True
0004,32,7,car,37.214,35.209,3.559,31.028,38.462,38.462,False
0004,32,8,car,45.227,43.04,6.152,36.795,44.383,44.383,False
0004,33,6,car,27.559,25.182,0.0,24.126,27.043,27.043,True
0004,33,5,car,14.76,12.575,2.996,13.071,13.165,13.165,False
0004,33,7,car,36.269,34.262,1.476,31.692,36.674,36.674,False
0004,33,2,car,24.25,22.414,5.317,20.462,21.079,21.079,False
0004,33,8,car,44.177,41.989,3.678,36.491,42.384,42.384,False
0004,34,5,car,13.612,11.46,4.118,11.824,11.759,11.759,False
0004,34,6,car,26.467,24.09,0.399,23.706,25.712,25.712,True
0004,34,7,car,35.209,33.199,0.0,31.593,35.988,35.988,True
0004,34,2,car,24.704,22.879,4.401,21.176,21.61,21.61,False
0004,34,8,car,43.22,41.03,1.399,37.411,42.58,42.58,False
0004,35,6,car,25.498,23.121,2.007,22.943,24.734,24.734,False
0004,35,5,car,12.415,10.319,4.946,10.867,10.67,10.67,False
0004,35,7,car,34.231,32.22,0.0,31.608,35.432,35.432,True
0004,35,2,car,24.99,23.165,3.463,21.67,21.921,21.921,False
0004,35,9,car,51.414,49.612,0.717,41.113,45.099,45.099,True
0004,35,8,car,42.387,40.195,0.0,36.242,41.314,41.314,True
0004,36,6,car,24.334,21.956,3.364,21.928,23.68,23.68,False
0004,36,7,car,33.212,31.191,1.729,29.479,33.172,33.172,False
0004,36,5,car,11.396,9.391,5.777,9.803,9.111,9.111,False
0004,36,2,car,25.322,23.499,2.526,21.886,22.091,22.091,False
0004,36,8,car,41.519,39.327,0.699,36.263,40.963,40.963,True
0004,37,6,car,23.168,20.79,4.458,20.391,22.024,22.024,False
0004,37,7,car,32.195,30.167,3.136,28.237,32.377,32.377,False
0004,37,2,car,25.758,23.937,1.767,22.551,22.433,22.433,False
0004,37,5,car,10.454,8.562,6.205,10.396,10.757,10.757,False
0004,37,8,car,40.725,38.535,2.51,34.312,39.268,39.268,False
0004,38,6,car,21.99,19.613,5.311,18.84,20.491,20.491,False
0004,38,7,car,31.114,29.086,4.307,27.201,31.238,31.238,False
0004,38,2,car,26.224,24.404,1.009,22.891,23.063,23.063,True
0004,38,9,car,48.851,47.049,3.387,41.24,45.697,45.697,False
0004,38,8,car,39.476,37.281,3.938,32.686,37.15,37.15,False
0004,39,6,car,20.793,18.417,5.951,17.395,19.324,19.324,False
0004,39,7,car,30.022,27.996,5.257,26.434,31.027,31.027,False
0004,39,2,car,26.651,24.83,0.404,22.838,23.633,23.633,True
0004,39,9,car,47.918,46.121,4.808,38.778,44.042,44.042,False
0004,39,8,car,38.219,36.02,5.088,31.976,37.613,37.613,False
0004,40,6,car,19.646,17.273,6.592,16.6,18.302,18.302,False
0004,40,2,car,27.094,25.269,0.0,23.691,24.125,24.125,True
0004,40,7,car,28.925,26.896,6.035,25.111,29.282,29.282,False
0004,40,9,car,46.987,45.199,5.979,38.92,45.074,45.074,False
0004,40,8,car,36.952,34.751,6.008,31.292,35.999,35.999,False
0004,41,6,car,18.434,16.07,6.981,15.647,17.131,17.131,False
0004,41,7,car,27.822,25.792,6.637,24.394,28.623,28.623,False
0004,41,2,car,27.545,25.719,0.0,24.13,24.788,24.788,True
0004,41,9,car,46.053,44.258,6.894,36.82,42.285,42.285,False
0004,41,8,car,36.038,33.835,6.772,30.045,34.807,34.807,False
0004,41,10,car,53.956,51.808,6.786,41.462,53.634,53.634,False
0004,42,6,car,17.221,14.871,7.266,14.259,15.763,15.763,False
0004,42,7,car,26.574,24.537,6.994,22.896,26.72,26.72,False
0004,42,2,car,28.003,26.176,0.0,23.663,24.926,24.926,True
0004,42,8,car,35.08,32.878,7.278,28.795,33.695,33.695,False
0004,43,6,car,15.993,13.664,7.425,12.907,14.662,14.662,False
0004,43,2,car,28.376,26.551,0.0,23.666,25.07,25.07,True
0004,43,7,car,25.313,23.269,7.242,21.571,26.19,26.19,False
0004,43,9,car,43.886,42.088,7.787,33.91,42.146,42.146,False
0004,43,8,car,33.859,31.653,7.503,27.64,33.132,33.132,False
0004,44,6,car,14.815,12.512,7.463,11.864,13.086,13.086,False
0004,44,9,car,42.675,40.876,8.0,33.136,40.027,40.027,False
0004,44,7,car,24.01,21.963,7.278,20.001,24.501,24.501,False
0004,44,2,car,28.749,26.928,0.0,23.661,25.65,25.65,True
0004,44,10,car,51.306,49.14,8.374,35.785,51.52,51.52,False
0004,44,8,car,32.646,30.437,7.727,25.723,31.298,31.298,False
0004,45,6,car,13.684,11.419,7.477,10.666,11.315,11.315,False
0004,45,2,car,29.122,27.303,0.0,24.126,25.95,25.95,True
0004,45,7,car,22.718,20.668,7.313,18.745,22.947,22.947,False
0004,45,9,car,41.469,39.67,8.214,31.734,39.446,39.446,False
0004,45,8,car,31.426,29.216,7.804,24.884,29.793,29.793,False
0004,45,10,car,50.327,48.159,8.44,35.869,49.887,49.887,False
0004,46,2,car,29.483,27.663,0.0,23.661,26.102,26.102,True
0004,46,9,car,40.167,38.364,8.177,30.232,37.253,37.253,False
0004,46,7,car,21.438,19.386,7.349,16.979,20.704,20.704,False
0004,46,8,car,30.212,28.0,7.882,23.876,29.136,29.136,False
0004,46,6,car,12.611,10.403,7.492,11.787,13.553,13.553,False
0004,46,10,car,49.349,47.179,8.505,34.895,47.813,47.813,False
0004,47,2,car,29.843,28.024,0.0,24.126,25.952,25.952,True
0004,47,8,car,29.003,26.791,7.949,22.877,26.894,26.894,False
0004,47,7,car,20.173,18.12,7.385,16.356,19.012,19.012,False
0004,47,9,car,38.868,37.06,8.139,30.228,35.863,35.863,False
0004,47,10,car,48.425,46.255,8.473,34.787,49.406,49.406,False
0004,48,7,car,18.926,16.875,7.42,15.279,18.314,18.314,False
0004,48,2,car,30.204,28.384,0.005,25.128,26.89,26.89,True
0004,48,9,car,37.57,35.757,8.102,30.213,35.615,35.615,False
0004,48,8,car,27.636,25.423,7.899,22.238,25.268,25.268,False
0004,49,7,car,17.7,15.654,7.456,14.431,16.7,16.7,False
0004,49,2,car,30.546,28.727,0.018,25.651,26.89,26.89,True
0004,49,8,car,26.275,24.061,7.85,21.336,24.226,24.226,False
0004,49,9,car,36.274,34.457,8.065,29.674,34.909,34.909,False
0004,49,10,car,46.579,44.409,8.407,34.941,47.415,47.415,False
0004,50,7,car,16.501,14.464,7.491,13.018,15.139,15.139,False
0004,50,2,car,30.889,29.069,0.031,25.672,27.554,27.554,True
0004,50,8,car,24.92,22.707,7.8,19.899,22.872,22.872,False
0004,50,10,car,45.657,43.487,8.362,33.065,48.458,48.458,False
0004,50,9,car,34.98,33.158,8.027,27.587,32.506,32.506,False
0004,51,9,car,33.583,31.757,7.978,25.704,31.47,31.47,False
0004,51,10,car,44.735,42.565,8.317,32.31,46.521,46.521,False
0004,51,8,car,23.574,21.361,7.75,18.464,21.98,21.98,False
0004,51,2,car,31.232,29.412,0.044,25.114,28.251,28.251,True
0004,51,7,car,15.195,13.172,7.461,11.843,13.897,13.897,False
0004,52,7,car,13.931,11.934,7.432,10.843,12.044,12.044,False
0004,52,10,car,43.544,41.375,8.233,31.495,47.036,47.036,False
0004,52,8,car,22.238,20.025,7.701,17.757,20.332,20.332,False
0004,52,9,car,32.19,30.359,7.928,24.11,29.363,29.363,False
0004,52,2,car,31.618,29.799,0.027,24.61,27.553,27.553,True
0004,53,9,car,30.8,28.965,7.878,24.394,28.031,28.031,False
0004,53,2,car,32.005,30.186,0.01,25.639,27.897,27.897,True
0004,53,8,car,20.772,18.562,7.659,16.526,18.562,18.562,False
0004,53,10,car,42.355,40.185,8.149,31.517,45.672,45.672,False
0004,53,7,car,12.725,10.767,7.402,11.221,12.537,12.537,False
0004,54,9,car,29.414,27.574,7.828,23.913,27.16,27.16,False
0004,54,2,car,32.369,30.55,0.002,26.757,28.612,28.612,True
0004,54,8,car,19.324,17.119,7.617,16.344,17.401,17.401,False
0004,54,10,car,41.166,38.996,8.064,31.699,45.268,45.268,False
0004,54,7,car,11.593,9.699,7.372,10.626,12.858,12.858,False
0004,55,9,car,28.032,26.189,7.779,22.625,26.069,26.069,False
0004,55,8,car,17.897,15.703,7.575,14.427,15.823,15.823,False
0004,55,2,car,32.733,30.914,0.0,27.364,29.756,29.756,True
0004,55,10,car,39.978,37.808,7.98,30.816,41.604,41.604,False
0004,56,10,car,38.791,36.621,7.896,28.768,39.848,39.848,False
0004,56,9,car,26.617,24.767,7.736,21.263,24.318,24.318,False
0004,56,8,car,16.498,14.319,7.533,12.945,14.411,14.411,False
0004,56,2,car,33.096,31.277,0.0,26.216,29.364,29.364,True
0004,57,8,car,15.134,12.98,7.491,11.974,12.435,12.435,False
0004,57,9,car,25.209,23.352,7.694,20.082,22.498,22.498,False
0004,57,10,car,37.481,35.307,7.833,26.96,38.893,38.893,False
0004,57,2,car,33.459,31.64,0.0,25.143,29.754,29.754,True
0004,58,9,car,23.809,21.946,7.652,19.189,21.53,21.53,False
0004,58,2,car,33.823,32.003,0.0,25.123,30.361,30.361,True
0004,58,8,car,13.782,11.672,7.466,10.645,11.266,11.266,False
0004,58,10,car,36.173,33.995,7.771,26.601,41.42,41.42,False
0004,59,9,car,22.341,20.476,7.59,18.387,20.026,20.026,False
0004,59,2,car,34.19,32.371,0.0,25.665,31.209,31.209,True
0004,59,10,car,34.866,32.685,7.708,26.368,39.016,39.016,False
0004,59,8,car,12.496,10.454,7.44,11.309,11.92,11.92,False
0004,60,2,car,34.558,32.738,0.0,26.192,29.36,29.36,True
0004,60,9,car,20.886,19.019,7.529,17.133,18.633,18.633,False
0004,60,10,car,33.563,31.378,7.646,27.25,36.05,36.05,False
0004,60,8,car,11.299,9.361,7.414,10.532,11.638,11.638,False
0004,61,10,car,32.261,30.073,7.585,27.723,33.998,33.998,False
0004,61,2,car,34.926,33.106,0.0,27.375,29.75,29.75,True
0004,61,9,car,19.448,17.579,7.467,16.284,17.202,17.202,False
0004,62,10,car,30.987,28.795,7.511,27.453,32.886,32.886,False
0004,62,9,car,17.989,16.12,7.429,15.862,15.475,15.475,False
0004,62,2,car,35.294,33.473,0.0,29.313,31.874,31.874,True
0004,63,9,car,16.557,14.692,7.391,13.945,13.976,13.976,False
0004,63,10,car,29.715,27.52,7.437,25.762,29.069,29.069,False
0004,63,2,car,35.662,33.841,0.0,30.789,31.425,31.425,True
0004,64,9,car,15.161,13.305,7.353,12.476,12.836,12.836,False
0004,64,10,car,28.226,26.028,7.355,24.227,28.458,28.458,False
0004,64,2,car,36.039,34.218,0.0,30.034,31.872,31.872,True
0004,65,9,car,13.81,11.975,7.315,11.093,11.388,11.388,False
0004,65,10,car,26.741,24.54,7.264,22.204,27.572,27.572,False
0004,65,2,car,36.417,34.595,0.0,28.63,31.422,31.422,True
0004,66,10,car,25.262,23.058,7.173,20.583,24.93,24.93,False
0004,66,2,car,36.795,34.972,0.0,29.324,33.298,33.298,True
0004,66,9,car,12.52,10.72,7.277,11.18,11.561,11.561,False
0004,67,10,car,23.73,21.524,7.09,19.399,23.367,23.367,False
0004,67,2,car,37.176,35.351,0.0,30.793,32.807,32.807,True
0004,67,11,tram,149.486,131.819,24.37,70.088,102.099,102.099,False
0004,67,9,car,11.31,9.573,7.239,10.549,24.629,24.629,False
0004,68,10,car,22.207,20.001,7.008,19.914,22.355,22.355,False
0004,68,2,car,37.556,35.731,0.0,35.2,33.05,33.05,True
0004,68,11,tram,147.213,129.546,24.027,97.318,103.304,103.304,False
0004,69,10,car,20.696,18.493,6.925,19.573,20.758,20.758,False
0004,69,2,car,37.944,36.118,0.0,37.345,32.331,32.331,True
0004,69,11,tram,144.941,127.273,23.683,126.936,101.008,101.008,False
0004,70,10,car,19.228,17.03,6.941,17.321,19.022,19.022,False
0004,70,11,tram,142.664,124.995,23.415,115.069,98.825,98.825,False
0004,70,2,car,38.329,36.503,0.0,38.523,33.801,33.801,True
0004,71,2,car,38.712,36.886,0.0,33.295,33.801,33.801,True
0004,71,10,car,17.784,15.595,6.957,14.407,17.487,17.487,False
0004,71,11,tram,140.386,122.717,23.278,70.218,94.756,94.756,False
0004,72,2,car,39.095,37.27,0.0,30.031,34.587,34.587,True
0004,72,10,car,16.368,14.196,6.973,12.88,15.552,15.552,False
0004,72,11,tram,138.109,120.44,23.074,57.36,94.78,94.78,False
0004,73,2,car,39.48,37.655,0.0,30.031,34.857,34.857,True
0004,73,11,tram,135.836,118.167,22.853,57.368,94.805,94.805,False
0004,73,10,car,14.933,12.798,6.942,11.701,13.928,13.928,False
0004,74,2,car,39.866,38.041,0.0,32.417,35.411,35.411,True
0004,74,11,tram,133.583,115.913,22.838,66.441,97.92,97.92,False
0004,74,10,car,13.532,11.424,7.001,10.636,12.107,12.107,False
0004,75,11,tram,131.331,113.661,22.824,70.218,92.992,92.992,False
0004,75,2,car,40.252,38.428,0.0,33.302,35.695,35.695,True
0004,75,10,car,12.203,10.14,7.06,10.976,12.751,12.751,False
0004,76,11,tram,129.073,111.405,22.854,66.642,91.194,91.194,False
0004,76,2,car,40.636,38.813,0.0,34.22,36.573,36.573,True
0004,76,10,car,10.973,8.985,7.03,10.209,15.655,15.655,False
0004,77,11,tram,126.816,109.151,22.884,63.377,86.102,86.102,False
0004,77,2,car,41.021,39.199,0.0,34.22,37.183,37.183,True
0004,78,11,tram,123.924,106.26,22.702,66.68,86.193,86.193,False
0004,78,2,car,41.406,39.584,0.0,34.221,37.814,37.814,True
0004,79,11,tram,121.033,103.371,22.52,66.738,81.651,81.651,False
0004,79,2,car,41.752,39.931,0.0,34.233,37.185,37.185,True
0004,80,11,tram,118.144,100.483,22.338,66.857,83.219,83.219,False
0004,80,2,car,42.098,40.278,0.0,35.2,37.498,37.498,True
0004,81,2,car,42.446,40.626,0.0,38.515,38.469,38.469,True
0004,81,11,tram,115.257,97.599,22.14,70.91,79.032,79.032,False
0004,82,11,tram,112.371,94.717,21.943,91.437,78.374,78.374,False
0004,82,2,car,42.795,40.975,0.0,45.687,38.471,38.471,True
0004,83,11,tram,109.491,91.84,21.794,106.86,78.464,78.464,False
0004,83,2,car,43.143,41.323,0.079,51.463,39.147,39.147,True
0004,84,11,tram,106.613,88.967,21.645,91.757,81.729,81.729,False
0004,84,2,car,43.484,41.664,0.165,51.471,38.81,38.81,True
0004,85,11,tram,103.718,86.076,21.372,75.492,71.906,71.906,False
0004,85,2,car,43.824,42.004,0.25,49.364,40.575,40.575,True
0004,86,11,tram,100.825,83.188,21.099,64.132,89.789,89.789,False
0004,86,2,car,44.165,42.345,0.336,45.69,39.851,39.851,True
0004,87,11,tram,97.934,80.302,20.827,55.872,66.875,66.875,False
0004,87,2,car,44.504,42.684,0.337,42.522,40.21,40.21,True
0004,88,2,car,44.843,43.023,0.338,38.55,40.949,40.949,True
0004,88,11,tram,95.045,77.42,20.554,51.603,66.965,66.965,False
0004,89,11,tram,92.485,74.872,20.391,45.885,63.77,63.77,False
0004,89,2,car,45.07,43.25,0.346,37.372,40.949,40.949,True
0004,90,11,tram,89.927,72.328,20.228,46.142,59.422,59.422,False
0004,90,2,car,45.297,43.476,0.354,37.347,40.212,40.212,True
0004,91,11,tram,87.371,69.79,20.065,46.267,57.431,57.431,False
0004,91,2,car,45.523,43.703,0.362,37.378,40.212,40.212,True
0004,92,11,tram,84.818,67.256,19.903,41.877,55.118,55.118,False
0004,92,2,car,45.75,43.93,0.369,37.372,40.577,40.577,True
0004,93,11,tram,82.202,64.659,19.695,38.259,53.574,53.574,False
0004,93,2,car,45.977,44.157,0.377,36.251,42.509,42.509,True
0004,94,2,car,46.203,44.383,0.36,33.302,41.713,41.713,True
0004,94,11,tram,79.589,62.068,19.487,35.321,51.619,51.619,False
0004,95,2,car,46.43,44.61,0.342,33.292,42.915,42.915,True
0004,95,11,tram,76.979,59.484,19.279,35.434,50.914,50.914,False
0004,96,11,tram,74.373,56.908,19.071,35.622,48.414,48.414,False
0004,96,2,car,46.657,44.838,0.312,35.212,43.757,43.757,True
0004,97,11,tram,71.771,54.34,18.864,36.816,48.08,48.08,False
0004,97,2,car,46.885,45.065,0.282,36.243,42.914,42.914,True
0004,98,11,tram,69.092,51.704,18.681,36.096,44.641,44.641,False
0004,98,2,car,47.113,45.293,0.252,37.353,42.104,42.104,True
0004,99,11,tram,66.42,49.083,18.498,35.27,40.968,40.968,False
0004,99,2,car,47.219,45.4,0.211,37.362,41.709,41.709,True
0004,100,11,tram,63.754,46.476,18.315,36.415,39.493,39.493,False
0004,100,2,car,47.325,45.506,0.171,38.517,42.911,42.911,True
0004,101,11,tram,61.095,43.888,18.133,35.778,37.555,37.555,False
0004,101,2,car,47.432,45.612,0.13,41.115,42.911,42.911,True
0004,102,11,tram,58.373,41.255,17.986,34.269,43.823,43.823,False
0004,102,2,car,47.538,45.719,0.089,41.115,41.321,41.321,True
0004,103,11,tram,55.662,38.652,17.84,32.65,41.542,41.542,False
0004,103,2,car,47.645,45.825,0.048,41.102,41.706,41.706,True
0004,104,11,tram,52.964,36.085,17.694,29.837,30.214,30.214,False
0004,104,2,car,47.751,45.932,0.007,42.535,42.909,42.909,True
0004,104,12,cyclist,31.599,30.75,2.557,36.392,30.951,30.951,False
0004,105,11,tram,50.282,33.564,17.548,28.596,35.455,35.455,False
0004,105,2,car,47.858,46.038,0.0,44.058,42.908,42.908,True
0004,105,12,cyclist,29.602,28.752,2.621,38.665,28.866,28.866,False
0004,106,11,tram,47.618,31.097,17.401,27.452,32.8,32.8,False
0004,106,2,car,47.965,46.145,0.0,45.702,42.907,42.907,True
0004,106,12,cyclist,27.607,26.757,2.684,40.02,29.228,29.228,False
0004,107,11,tram,45.046,28.791,17.366,24.858,29.491,29.491,False
0004,107,2,car,48.071,46.251,0.0,47.47,42.907,42.907,True
0004,107,12,cyclist,25.615,24.764,2.747,40.074,26.523,26.523,False
0004,108,11,tram,42.504,26.583,17.332,25.2,27.756,27.756,False
0004,108,2,car,48.178,46.358,0.0,49.361,42.097,42.097,True
0004,108,12,cyclist,23.626,22.775,2.81,42.817,25.244,25.244,False
0004,109,11,tram,39.996,24.498,17.297,24.97,27.157,27.157,False
0004,109,12,cyclist,21.667,20.815,2.843,41.568,20.277,20.277,False
0004,109,2,car,48.212,46.391,0.0,51.429,42.907,42.907,True
0004,110,11,tram,37.529,22.57,17.262,24.351,27.05,27.05,False
0004,110,2,car,48.245,46.425,0.0,51.45,43.747,43.747,True
0004,110,12,cyclist,19.712,18.86,2.876,48.115,21.525,21.525,False
0004,111,11,tram,35.112,20.843,17.227,23.826,27.168,27.168,False
0004,111,2,car,48.279,46.459,0.0,49.367,43.323,43.323,True
0004,111,12,cyclist,17.763,16.912,2.909,33.729,19.768,19.768,False
0004,112,11,tram,32.757,19.371,17.192,24.056,28.112,28.112,False
0004,112,2,car,48.312,46.492,0.0,47.469,43.323,43.323,True
0004,112,12,cyclist,15.822,14.971,2.942,30.549,15.941,15.941,False
0004,113,11,tram,30.478,18.216,17.158,24.256,28.107,28.107,False
0004,113,2,car,48.345,46.525,0.0,44.051,42.097,42.097,True
0004,113,12,cyclist,13.881,13.031,2.969,24.204,17.221,17.221,False
0004,114,11,tram,28.292,17.44,17.123,21.879,26.997,26.997,False
0004,114,14,van,69.651,67.477,12.801,48.341,47.901,47.901,False
0004,114,13,car,61.495,59.403,8.98,48.022,52.582,52.582,False
0004,114,2,car,48.378,46.558,0.0,44.045,43.323,43.323,True
0004,114,12,cyclist,11.956,11.107,2.996,21.94,15.017,15.017,False
0004,115,11,tram,26.224,17.096,17.088,22.037,27.496,27.496,False
0004,115,13,car,58.691,56.587,8.913,43.185,53.253,53.253,False
0004,115,2,car,48.41,46.59,0.0,39.763,41.704,41.704,True
0004,115,14,van,67.001,64.833,12.618,46.663,49.509,49.509,False
0004,115,12,cyclist,10.057,9.211,3.023,12.541,10.448,10.448,False
0004,116,11,tram,24.303,17.113,17.054,22.173,28.252,28.252,False
0004,116,13,car,55.89,53.775,8.847,39.078,49.798,49.798,False
0004,116,2,car,48.443,46.623,0.0,37.348,42.499,42.499,True
0004,116,12,cyclist,8.201,7.366,3.038,11.635,9.504,9.504,False
0004,117,11,tram,22.566,17.142,17.019,22.676,29.065,29.065,False
0004,117,2,car,48.477,46.657,0.0,39.764,44.182,44.182,True
0004,117,13,car,52.988,50.868,8.763,37.893,45.373,45.373,False
0004,117,14,van,61.713,59.539,12.326,40.845,43.136,43.136,False
0004,118,14,van,59.076,56.89,12.216,39.453,38.17,38.17,False
0004,118,2,car,48.512,46.692,0.0,41.11,43.749,43.749,True
0004,118,13,car,50.089,47.964,8.678,39.169,44.124,44.124,False
0004,119,15,van,79.331,76.336,10.124,54.189,102.453,102.453,False
0004,119,14,van,56.443,54.245,12.106,37.204,38.257,38.257,False
0004,119,13,car,47.195,45.065,8.593,37.03,41.407,41.407,False
0004,119,2,car,48.502,46.682,0.0,41.096,42.909,42.909,True
0004,120,13,car,44.377,42.245,8.47,34.044,38.695,38.695,False
0004,120,14,van,53.814,51.621,11.96,35.192,35.392,35.392,False
0004,120,2,car,48.493,46.673,0.0,39.763,44.182,44.182,True
0004,121,13,car,41.564,39.43,8.346,31.508,35.219,35.219,False
0004,121,15,van,73.845,70.843,9.833,49.856,102.387,102.387,False
0004,121,14,van,51.19,49.001,11.814,33.698,71.854,71.854,False
0004,121,2,car,48.483,46.663,0.0,39.769,43.749,43.749,True
0004,122,13,car,38.765,36.627,8.248,31.126,34.268,34.268,False
0004,122,15,van,70.993,67.988,9.646,50.001,87.677,87.677,False
0004,122,2,car,48.475,46.655,0.0,39.763,42.908,42.908,True
0004,122,14,van,48.558,46.357,11.682,33.764,32.612,32.612,False
0004,123,15,van,68.141,65.133,9.459,54.447,87.704,87.704,False
0004,123,13,car,35.724,33.574,8.161,30.577,31.22,31.22,False
0004,123,2,car,48.468,46.648,0.0,44.045,43.748,43.748,True
0004,123,14,van,45.932,43.719,11.55,30.566,59.802,59.802,False
0004,124,15,van,65.291,62.28,9.273,56.84,80.707,80.707,False
0004,124,13,car,32.697,30.534,8.073,29.4,52.189,52.189,False
0004,124,2,car,48.459,46.639,0.0,47.467,42.907,42.907,True
0004,125,15,van,62.492,59.476,9.121,50.017,84.646,84.646,False
0004,125,13,car,29.856,27.688,7.989,25.142,47.308,47.308,False
0004,125,2,car,48.45,46.629,0.0,44.05,43.322,43.322,True
0004,125,14,van,40.884,38.652,11.389,25.142,21.966,21.966,False
0004,126,13,car,27.038,24.863,7.904,22.111,22.091,22.091,False
0004,126,15,van,59.693,56.674,8.969,48.14,81.863,81.863,False
0004,126,2,car,48.441,46.62,0.0,44.049,44.621,44.621,True
0004,126,14,van,38.467,36.227,11.36,22.111,42.558,42.558,False
0004,127,15,van,56.897,53.874,8.818,46.401,69.71,69.71,False
0004,127,13,car,24.201,22.02,7.841,20.483,20.317,20.317,False
0004,127,2,car,48.432,46.611,0.0,45.697,43.321,43.321,True
0004,128,15,van,54.102,51.075,8.666,43.185,71.16,71.16,False
0004,128,13,car,21.409,19.224,7.778,17.842,17.568,17.568,False
0004,128,14,van,33.344,31.088,11.228,26.691,49.588,49.588,False
0004,128,2,car,48.423,46.602,0.0,45.696,43.746,43.746,True
0004,129,13,car,18.666,16.484,7.731,15.789,15.164,15.164,False
0004,129,15,van,51.31,48.278,8.514,41.991,68.245,68.245,False
0004,129,2,car,48.396,46.575,0.0,45.687,42.904,42.904,True
0004,129,14,van,30.649,28.386,11.124,23.858,20.883,20.883,False
0004,130,15,van,48.523,45.488,8.416,40.779,61.074,61.074,False
0004,130,13,car,16.026,13.862,7.683,13.799,12.738,12.738,False
0004,130,14,van,28.081,25.814,11.05,21.897,18.525,18.525,False
0004,130,2,car,48.37,46.549,0.0,47.462,43.745,43.745,True
0004,131,13,car,13.657,11.545,7.652,10.919,10.127,10.127,False
0004,131,14,van,25.558,23.292,10.977,19.195,15.94,15.94,False
0004,131,15,van,45.741,42.701,8.319,39.551,62.363,62.363,False
0004,131,2,car,48.344,46.523,0.0,47.462,42.903,42.903,True
0004,132,15,van,42.964,39.92,8.221,36.298,57.371,57.371,False
0004,132,14,van,23.053,20.794,10.919,16.884,13.942,13.942,False
0004,132,2,car,48.318,46.496,0.0,47.461,43.744,43.744,True
0004,133,14,van,20.749,18.509,10.864,15.518,12.576,12.576,False
0004,133,15,van,40.193,37.144,8.123,34.452,50.947,50.947,False
0004,133,2,car,48.292,46.47,0.0,49.36,44.619,44.619,True
0004,134,15,van,37.43,34.376,8.025,30.56,48.856,48.856,False
0004,134,14,van,18.532,16.33,10.791,15.358,12.945,12.945,False
0004,134,2,car,48.265,46.443,0.0,49.369,43.744,43.744,True
0004,135,15,van,34.556,31.492,7.973,27.48,46.124,46.124,False
0004,135,2,car,48.237,46.415,0.0,44.051,43.744,43.744,True
0004,135,14,van,16.47,14.341,10.719,13.487,12.575,12.575,False
0004,136,16,car,61.613,59.389,9.192,40.405,60.313,60.313,False
0004,136,15,van,31.701,28.631,7.909,24.136,39.638,39.638,False
0004,136,2,car,48.209,46.386,0.0,39.764,43.743,43.743,True
0004,137,15,van,28.864,25.791,7.844,21.944,35.855,35.855,False
0004,137,16,car,58.889,56.661,9.067,39.048,58.068,58.068,False
0004,137,2,car,48.181,46.359,0.0,37.342,42.902,42.902,True
0004,138,15,van,26.064,22.99,7.819,19.735,33.816,33.816,False
0004,138,16,car,56.167,53.934,8.941,37.95,54.64,54.64,False
0004,138,2,car,48.154,46.332,0.0,37.35,42.903,42.903,True
0004,139,15,van,23.301,20.231,7.793,17.623,29.576,29.576,False
0004,139,16,car,53.455,51.216,8.874,35.815,50.454,50.454,False
0004,139,2,car,48.085,46.263,0.0,37.343,42.903,42.903,True
0004,140,15,van,20.588,17.535,7.767,16.196,25.843,25.843,False
0004,140,16,car,50.584,48.339,8.823,37.015,46.889,46.889,False
0004,140,2,car,48.016,46.194,0.0,38.514,42.903,42.903,True
0004,141,15,van,17.95,14.935,7.741,14.403,22.195,22.195,False
0004,141,16,car,47.719,45.467,8.772,35.003,46.521,46.521,False
0004,141,2,car,47.947,46.125,0.0,38.514,42.094,42.094,True
0004,142,15,van,15.478,12.535,7.71,11.675,18.233,18.233,False
0004,142,16,car,44.889,42.631,8.696,33.248,45.711,45.711,False
0004,142,2,car,47.878,46.056,0.0,37.352,42.095,42.095,True
0004,143,16,car,42.066,39.803,8.621,33.182,41.662,41.662,False
0004,143,15,van,13.181,10.387,7.68,12.42,18.015,18.015,False
0004,143,2,car,47.809,45.987,0.0,39.762,41.315,41.315,True
0004,144,16,car,39.252,36.982,8.547,34.498,42.183,42.183,False
0004,144,2,car,47.742,45.92,0.0,44.044,41.315,41.315,True
0004,145,16,car,36.446,34.17,8.471,33.645,39.157,39.157,False
0004,145,2,car,47.675,45.852,0.0,47.454,42.094,42.094,True
0004,146,16,car,33.652,31.369,8.395,30.738,33.916,33.916,False
0004,146,2,car,47.606,45.783,0.0,47.454,42.904,42.904,True
0004,147,16,car,30.936,28.647,8.346,27.801,31.84,31.84,False
0004,147,2,car,47.537,45.714,0.0,47.463,42.904,42.904,True
0004,148,16,car,28.241,25.946,8.297,24.478,29.148,29.148,False
0004,148,2,car,47.468,45.645,0.0,45.684,42.904,42.904,True
0004,149,17,car,45.828,43.703,8.671,36.976,44.733,44.733,False
0004,149,16,car,25.573,23.273,8.248,21.065,25.886,25.886,False
0004,149,2,car,47.42,45.597,0.0,44.059,43.746,43.746,True
0005,0,1,car,61.449,59.546,20.673,60.001,61.866,61.866,False
0005,0,31,car,34.814,32.564,0.046,32.423,30.363,30.363,True
0005,0,0,car,51.097,49.149,20.32,46.674,44.604,44.604,False
0005,1,1,car,59.801,57.896,20.597,60.19,59.746,59.746,False
0005,1,31,car,34.638,32.388,0.035,34.219,31.432,31.432,True
0005,1,0,car,49.497,47.549,20.295,47.331,43.706,43.706,False
0005,2,31,car,34.462,32.212,0.025,34.254,31.431,31.431,True
0005,2,0,car,47.907,45.96,20.269,47.663,41.456,41.456,False
0005,2,1,car,58.157,56.252,20.521,57.808,57.135,57.135,False
0005,3,0,car,46.329,44.383,20.244,47.977,39.803,39.803,False
0005,3,31,car,34.286,32.036,0.014,35.211,31.431,31.431,True
0005,3,1,car,56.404,54.496,20.466,60.341,56.053,56.053,False
0005,4,0,car,44.763,42.818,20.218,47.039,37.754,37.754,False
0005,4,1,car,54.664,52.756,20.344,60.795,55.015,55.015,False
0005,4,31,car,34.11,31.86,0.004,35.23,30.362,30.362,True
0005,5,0,car,43.211,41.268,20.193,47.49,36.002,36.002,False
0005,5,1,car,53.026,51.118,20.292,61.088,51.793,51.793,False
0005,5,31,car,33.934,31.684,0.0,35.236,30.157,30.157,True
0005,6,0,car,41.673,39.733,20.158,44.56,34.703,34.703,False
0005,6,31,car,33.758,31.507,0.0,35.232,30.362,30.362,True
0005,6,1,car,51.394,49.487,20.24,58.719,49.939,49.939,False
0005,7,0,car,40.154,38.216,20.122,42.811,33.368,33.368,False
0005,7,31,car,33.581,31.331,0.0,33.325,29.954,29.954,True
0005,7,1,car,49.793,47.888,20.186,54.35,47.819,47.819,False
0005,8,0,car,38.654,36.721,20.087,39.579,32.821,32.821,False
0005,8,31,car,33.405,31.154,0.0,32.411,29.557,29.557,True
0005,8,1,car,48.201,46.298,20.133,50.682,46.788,46.788,False
0005,9,31,car,33.228,30.978,0.0,31.608,30.568,30.568,True
0005,9,0,car,37.139,35.213,20.041,36.362,31.627,31.627,False
0005,9,1,car,46.62,44.72,20.079,47.637,44.644,44.644,False
0005,10,31,car,33.051,30.801,0.0,30.031,29.953,29.953,True
0005,10,1,car,45.009,43.111,20.044,43.531,43.485,43.485,False
0005,10,0,car,35.649,33.733,19.996,34.114,30.472,30.472,False
0005,10,2,car,74.028,72.303,20.914,68.177,71.849,71.849,False
0005,11,0,car,34.187,32.283,19.95,32.35,28.695,28.695,False
0005,11,31,car,32.875,30.625,0.0,30.039,29.753,29.753,True
0005,11,1,car,43.412,41.515,20.008,41.294,42.088,42.088,False
0005,11,2,car,72.309,70.583,20.84,64.719,68.817,68.817,False
0005,12,31,car,32.699,30.448,0.0,29.313,29.555,29.555,True
0005,12,1,car,41.83,39.936,19.972,39.428,40.537,40.537,False
0005,12,2,car,70.6,68.872,20.765,64.907,71.069,71.069,False
0005,12,0,car,32.757,30.87,19.905,31.54,28.275,28.275,False
0005,13,2,car,68.895,67.164,20.691,65.035,70.148,70.148,False
0005,13,31,car,32.523,30.272,0.0,29.34,29.555,29.555,True
0005,13,1,car,40.264,38.374,19.932,38.869,38.606,38.606,False
0005,13,0,car,31.363,29.496,19.859,32.209,31.264,31.264,False
0005,14,31,car,32.347,30.097,0.0,30.058,28.245,28.245,True
0005,14,1,car,38.751,36.869,19.921,38.404,37.24,37.24,False
0005,14,2,car,67.192,65.46,20.617,68.72,66.398,66.398,False
0005,15,31,car,32.171,29.921,0.0,30.038,28.607,28.607,True
0005,15,1,car,37.26,35.39,19.906,37.972,36.324,36.324,False
0005,15,2,car,65.751,64.013,20.677,68.992,65.666,65.666,False
0005,16,1,car,35.795,33.94,19.89,36.906,34.245,34.245,False
0005,16,31,car,31.982,29.732,0.0,30.784,28.426,28.426,True
0005,16,2,car,64.313,62.57,20.735,68.891,64.095,64.095,False
0005,17,31,car,31.793,29.542,0.0,30.813,28.246,28.246,True
0005,17,1,car,34.375,32.537,19.865,36.007,33.154,33.154,False
0005,17,2,car,62.882,61.134,20.795,69.501,61.799,61.799,False
0005,18,31,car,31.604,29.353,0.0,30.813,28.246,28.246,True
0005,18,1,car,33.058,31.241,19.838,33.85,30.512,30.512,False
0005,18,2,car,61.455,59.703,20.853,69.139,61.25,61.25,False
0005,19,31,car,31.414,29.163,0.0,30.793,28.246,28.246,True
0005,19,2,car,59.591,57.837,20.765,63.162,60.723,60.723,False
0005,19,1,car,31.737,29.946,19.812,34.864,33.436,33.436,False
0005,20,31,car,31.225,28.974,0.0,29.342,27.72,27.72,True
0005,20,2,car,57.729,55.975,20.675,57.821,60.215,60.215,False
0005,21,31,car,31.036,28.785,0.0,29.344,27.214,27.214,True
0005,21,2,car,55.879,54.123,20.586,58.038,56.294,56.294,False
0005,22,2,car,54.039,52.281,20.5,56.16,54.055,54.055,False
0005,22,31,car,30.847,28.596,0.0,30.039,27.549,27.549,True
0005,23,31,car,30.658,28.406,0.0,30.784,27.214,27.214,True
0005,23,2,car,52.205,50.446,20.412,58.69,52.624,52.624,False
0005,24,2,car,50.784,49.023,20.432,54.49,51.286,51.286,False
0005,24,31,car,30.469,28.217,0.0,30.784,26.886,26.886,True
0005,25,31,car,30.28,28.028,0.0,30.794,26.886,26.886,True
0005,25,2,car,49.371,47.608,20.451,54.803,50.614,50.614,False
0005,26,31,car,30.091,27.839,0.0,30.784,26.566,26.566,True
0005,26,2,car,47.967,46.203,20.469,51.282,48.968,48.968,False
0005,27,31,car,29.902,27.649,0.0,30.066,26.253,26.253,True
0005,27,2,car,46.574,44.809,20.488,49.865,47.482,47.482,False
0005,28,31,car,29.713,27.46,0.0,30.031,26.253,26.253,True
0005,28,2,car,45.194,43.427,20.507,45.711,44.155,44.155,False
0005,28,3,car,74.95,72.82,22.241,86.733,68.904,68.904,False
0005,29,31,car,29.523,27.271,0.0,30.066,25.65,25.65,True
0005,29,2,car,43.717,41.95,20.478,45.725,43.096,43.096,False
0005,29,3,car,73.397,71.266,22.181,93.344,64.305,64.305,False
0005,30,31,car,29.334,27.081,0.0,30.784,25.948,25.948,True
0005,30,2,car,42.254,40.488,20.449,46.413,41.777,41.777,False
0005,30,3,car,71.847,69.715,22.122,101.06,76.114,76.114,False
0005,31,31,car,29.145,26.892,0.0,31.588,25.65,25.65,True
0005,31,2,car,40.892,39.126,20.418,45.527,40.319,40.319,False
0005,31,3,car,70.3,68.167,22.062,100.686,57.508,57.508,False
0005,32,31,car,28.956,26.702,0.0,30.795,25.073,25.073,True
0005,32,2,car,39.546,37.781,20.387,43.205,39.626,39.626,False
0005,33,31,car,28.766,26.513,0.0,29.313,25.073,25.073,True
0005,33,2,car,38.216,36.454,20.356,39.805,37.897,37.897,False
0005,33,3,car,67.21,65.076,21.94,82.236,54.576,54.576,False
0005,34,31,car,28.577,26.323,0.0,29.313,25.073,25.073,True
0005,34,2,car,36.965,35.206,20.322,36.941,36.96,36.96,False
0005,34,3,car,65.792,63.657,21.894,77.746,54.193,54.193,False
0005,35,31,car,28.388,26.133,0.0,29.354,24.795,24.795,True
0005,35,2,car,35.732,33.978,20.288,36.159,35.219,35.219,False
0005,35,3,car,64.376,62.241,21.849,78.008,55.546,55.546,False
0005,36,2,car,34.509,32.761,20.256,34.104,33.374,33.374,False
0005,36,31,car,28.229,25.975,0.0,29.353,24.795,24.795,True
0005,36,4,car,66.601,64.078,27.755,90.977,84.556,84.556,False
0005,36,3,car,63.002,60.866,21.803,73.54,54.133,54.133,False
0005,37,2,car,33.31,31.568,20.224,33.396,31.974,31.974,False
0005,37,31,car,28.07,25.816,0.0,29.313,24.795,24.795,True
0005,37,3,car,61.631,59.495,21.758,73.823,59.423,59.423,False
0005,38,31,car,27.911,25.657,0.0,29.347,24.522,24.522,True
0005,38,2,car,32.137,30.404,20.192,34.714,33.802,33.802,False
0005,38,3,car,60.264,58.128,21.713,74.573,51.319,51.319,False
0005,39,31,car,27.752,25.498,0.0,28.629,24.255,24.255,True
0005,39,3,car,58.904,56.768,21.647,74.097,50.876,50.876,False
0005,40,31,car,27.593,25.34,0.0,27.976,23.866,23.866,True
0005,40,4,car,61.472,58.961,27.565,87.164,78.767,78.767,False
0005,40,3,car,57.548,55.412,21.581,71.051,47.533,47.533,False
0005,41,31,car,27.445,25.192,0.0,28.011,23.994,23.994,True
0005,41,3,car,56.196,54.06,21.516,64.127,52.912,52.912,False
0005,42,31,car,27.296,25.044,0.0,27.36,23.738,23.738,True
0005,42,4,car,58.938,56.434,27.461,77.53,76.635,76.635,False
0005,42,3,car,54.849,52.714,21.45,58.807,59.661,59.661,False
0005,43,31,car,27.148,24.896,0.0,26.786,23.488,23.488,True
0005,43,4,car,57.654,55.153,27.382,78.05,77.637,77.637,False
0005,43,3,car,53.562,51.428,21.39,56.774,58.711,58.711,False
0005,44,31,car,26.999,24.748,0.0,26.784,23.488,23.488,True
0005,44,5,car,56.533,54.491,21.377,58.866,45.416,45.416,False
0005,44,4,car,56.377,53.88,27.304,74.098,73.706,73.706,False
0005,44,3,car,52.281,50.147,21.331,54.504,54.882,54.882,False
0005,45,31,car,26.851,24.6,0.0,26.214,23.737,23.737,True
0005,45,4,car,55.107,52.614,27.225,68.241,70.725,70.725,False
0005,45,5,car,55.538,53.495,21.473,56.146,45.14,45.14,False
0005,45,3,car,51.005,48.872,21.271,52.642,55.077,55.077,False
0005,46,31,car,26.691,24.44,0.0,25.667,23.242,23.242,True
0005,46,3,car,49.734,47.604,21.211,49.031,54.205,54.205,False
0005,46,5,car,54.547,52.504,21.57,54.035,42.941,42.941,False
0005,47,31,car,26.531,24.28,0.0,25.119,23.364,23.364,True
0005,47,3,car,48.47,46.342,21.151,45.992,51.738,51.738,False
0005,47,5,car,53.563,51.519,21.666,50.239,42.373,42.373,False
0005,48,31,car,26.371,24.12,0.0,25.113,23.121,23.121,True
0005,48,3,car,47.196,45.07,21.093,43.495,49.515,49.515,False
0005,48,4,car,51.399,48.923,27.008,60.427,70.454,70.454,False
0005,48,5,car,52.912,50.868,21.757,48.697,41.87,41.87,False
0005,49,31,car,26.211,23.96,0.0,25.118,23.002,23.002,True
0005,49,3,car,45.929,43.807,21.035,45.219,50.872,50.872,False
0005,49,4,car,50.215,47.747,26.947,63.86,69.72,69.72,False
0005,49,5,car,51.472,49.428,21.659,49.031,40.765,40.765,False
0005,50,31,car,26.052,23.801,0.0,25.643,22.767,22.767,True
0005,50,3,car,44.67,42.552,20.976,45.424,50.279,50.279,False
0005,50,4,car,49.042,46.583,26.886,67.36,72.338,72.338,False
0005,50,5,car,50.038,47.995,21.562,49.201,39.588,39.588,False
0005,51,31,car,25.888,23.637,0.0,25.114,22.884,22.884,True
0005,51,3,car,43.502,41.388,20.916,44.704,47.86,47.86,False
0005,51,5,car,48.612,46.569,21.464,49.267,38.326,38.326,False
0005,52,31,car,25.724,23.474,0.0,24.61,22.651,22.651,True
0005,52,4,car,46.729,44.291,26.765,60.796,66.466,66.466,False
0005,52,5,car,47.31,45.268,21.364,46.511,36.624,36.624,False
0005,52,3,car,42.341,40.233,20.856,42.427,48.369,48.369,False
0005,53,31,car,25.56,23.31,0.0,24.614,22.311,22.311,True
0005,53,4,car,45.677,43.25,26.705,57.457,64.489,64.489,False
0005,53,6,car,75.028,72.93,21.813,86.683,70.868,70.868,False
0005,53,5,car,46.015,43.974,21.264,45.619,36.773,36.773,False
0005,53,3,car,41.197,39.093,20.844,40.241,45.639,45.639,False
0005,54,4,car,44.636,42.222,26.646,45.324,55.893,55.893,False
0005,54,31,car,25.397,23.146,0.0,24.61,22.311,22.311,True
0005,54,5,car,44.727,42.687,21.164,43.003,38.849,38.849,False
0005,54,3,car,40.064,37.965,20.833,38.855,42.931,42.931,False
0005,54,6,car,73.762,71.664,21.721,81.075,72.042,72.042,False
0005,55,31,car,25.233,22.982,0.0,24.613,21.981,21.981,True
0005,55,6,car,72.497,70.399,21.63,76.339,70.022,70.022,False
0005,55,5,car,43.448,41.41,21.065,42.051,37.417,37.417,False
0005,55,4,car,43.608,41.208,26.586,53.702,61.939,61.939,False
0005,55,3,car,38.943,36.85,20.821,38.366,46.445,46.445,False
0005,55,7,car,80.342,78.285,21.86,80.982,68.492,68.492,False
0005,56,31,car,25.069,22.819,0.0,24.128,21.452,21.452,True
0005,56,3,car,37.836,35.749,20.81,36.672,40.733,40.733,False
0005,56,6,car,71.233,69.135,21.538,81.621,70.119,70.119,False
0005,56,5,car,42.178,40.142,20.965,41.259,37.255,37.255,False
0005,56,7,car,79.126,77.069,21.811,86.112,66.523,66.523,False
0005,56,8,car,56.961,54.836,27.409,70.567,53.522,53.522,False
0005,57,31,car,24.906,22.655,0.0,24.633,21.349,21.349,True
0005,57,5,car,41.159,39.126,20.963,40.596,35.369,35.369,False
0005,57,6,car,69.971,67.873,21.446,81.296,66.269,66.269,False
0005,57,3,car,36.743,34.665,20.799,35.786,38.525,38.525,False
0005,57,7,car,77.911,75.854,21.763,92.67,72.895,72.895,False
0005,58,5,car,40.15,38.12,20.961,38.771,34.597,34.597,False
0005,58,31,car,24.742,22.492,0.0,24.129,21.247,21.247,True
0005,58,6,car,68.711,66.612,21.355,76.671,65.475,65.475,False
0005,58,3,car,35.765,33.697,20.769,34.637,38.496,38.496,False
0005,58,7,car,76.698,74.64,21.715,81.328,68.705,68.705,False
0005,59,5,car,39.151,37.125,20.957,37.251,34.107,34.107,False
0005,59,6,car,67.692,65.594,21.348,76.779,65.57,65.57,False
0005,59,31,car,24.579,22.328,0.0,24.129,21.247,21.247,True
0005,59,3,car,34.801,32.744,20.739,33.795,37.214,37.214,False
0005,59,7,car,75.486,73.428,21.667,92.462,67.774,67.774,False
0005,60,5,car,38.163,36.142,20.95,36.8,32.67,32.67,False
0005,60,6,car,66.676,64.578,21.341,82.061,63.918,63.918,False
0005,60,31,car,24.415,22.165,0.0,24.631,20.948,20.948,True
0005,60,3,car,33.851,31.807,20.709,32.745,34.976,34.976,False
0005,60,7,car,74.275,72.216,21.618,93.25,66.877,66.877,False
0005,60,8,car,52.463,50.346,27.281,65.956,106.136,106.136,False
0005,61,5,car,37.188,35.172,20.942,36.547,31.734,31.734,False
0005,61,31,car,24.303,22.053,0.0,24.613,20.948,20.948,True
0005,61,6,car,65.661,63.564,21.334,76.984,63.186,63.186,False
0005,61,7,car,73.093,71.033,21.562,99.878,64.229,64.229,False
0005,61,3,car,32.917,30.889,20.679,34.703,41.045,41.045,False
0005,61,8,car,51.434,49.321,27.277,66.537,47.892,47.892,False
0005,62,5,car,36.257,34.247,20.916,36.112,31.135,31.135,False
0005,62,31,car,24.191,21.941,0.0,24.627,20.657,20.657,True
0005,62,6,car,64.631,62.534,21.297,77.129,60.874,60.874,False
0005,62,7,car,71.912,69.852,21.505,93.592,61.767,61.767,False
0005,62,8,car,50.31,48.2,27.159,64.353,46.197,46.197,False
0005,63,5,car,35.339,33.336,20.89,34.91,29.557,29.557,False
0005,63,31,car,24.079,21.829,0.0,24.133,20.656,20.656,True
0005,63,6,car,63.603,61.507,21.261,77.275,59.468,59.468,False
0005,63,7,car,70.811,68.75,21.446,93.42,63.537,63.537,False
0005,63,8,car,49.194,47.088,27.042,64.815,45.805,45.805,False
0005,64,5,car,34.434,32.439,20.863,33.286,28.413,28.413,False
0005,64,31,car,23.967,21.716,0.0,23.668,20.656,20.656,True
0005,64,6,car,62.577,60.481,21.224,72.995,56.062,56.062,False
0005,64,7,car,69.711,67.65,21.387,81.788,61.953,61.953,False
0005,64,8,car,48.085,45.984,26.924,60.565,44.335,44.335,False
0005,65,5,car,33.544,31.558,20.837,34.165,29.486,29.486,False
0005,65,6,car,61.553,59.458,21.188,69.734,58.249,58.249,False
0005,65,31,car,23.855,21.604,0.0,23.665,20.849,20.849,True
0005,65,7,car,68.613,66.551,21.328,81.771,62.029,62.029,False
0005,65,8,car,46.985,44.889,26.806,56.703,42.717,42.717,False
0005,66,6,car,60.531,58.436,21.152,66.267,58.381,58.381,False
0005,66,31,car,23.826,21.575,0.0,23.665,20.849,20.849,True
0005,66,5,car,32.669,30.694,20.811,33.045,30.048,30.048,False
0005,66,7,car,67.589,65.527,21.284,77.194,60.564,60.564,False
0005,66,8,car,45.894,43.804,26.688,55.975,40.358,40.358,False
0005,67,6,car,59.462,57.368,21.08,66.312,55.793,55.793,False
0005,67,31,car,23.798,21.546,0.0,23.219,20.656,20.656,True
0005,67,7,car,66.567,64.504,21.24,77.177,60.653,60.653,False
0005,68,31,car,23.769,21.517,0.0,23.219,20.656,20.656,True
0005,68,6,car,58.395,56.302,21.008,66.48,56.613,56.613,False
0005,68,8,car,44.219,42.137,26.697,54.784,84.256,84.256,False
0005,68,7,car,65.546,63.483,21.196,72.643,57.823,57.823,False
0005,69,31,car,23.741,21.489,0.0,23.225,20.467,20.467,True
0005,69,6,car,57.33,55.238,20.936,63.469,53.6,53.6,False
0005,69,8,car,43.397,41.32,26.701,54.694,84.769,84.769,False
0005,69,7,car,64.526,62.463,21.152,72.995,57.992,57.992,False
0005,70,31,car,23.713,21.46,0.0,23.22,20.656,20.656,True
0005,70,6,car,56.267,54.177,20.864,60.622,50.37,50.37,False
0005,70,8,car,42.51,40.435,26.626,51.897,81.847,81.847,False
0005,70,7,car,63.509,61.444,21.108,73.264,58.056,58.056,False
0005,71,31,car,23.728,21.474,0.0,23.213,20.466,20.466,True
0005,71,6,car,55.207,53.118,20.792,63.893,51.047,51.047,False
0005,71,7,car,62.47,60.405,21.034,73.216,58.126,58.126,False
0005,71,9,car,69.312,67.41,21.454,87.239,68.238,68.238,False
0005,71,8,car,41.637,39.563,26.552,55.366,40.794,40.794,False
0005,72,31,car,23.742,21.488,0.0,23.225,20.28,20.28,True
0005,72,6,car,54.149,52.062,20.72,61.118,52.298,52.298,False
0005,72,7,car,61.433,59.367,20.959,69.609,54.241,54.241,False
0005,72,9,car,68.193,66.29,21.34,87.114,71.391,71.391,False
0005,73,6,car,53.094,51.009,20.648,58.66,51.889,51.889,False
0005,73,31,car,23.757,21.501,0.0,22.79,20.561,20.561,True
0005,73,7,car,60.397,58.331,20.885,69.718,54.302,54.302,False
0005,74,31,car,23.772,21.515,0.0,22.791,20.561,20.561,True
0005,74,6,car,52.141,50.059,20.579,56.847,50.967,50.967,False
0005,74,9,car,66.11,64.206,21.163,77.0,68.507,68.507,False
0005,74,7,car,59.363,57.296,20.811,70.416,53.412,53.412,False
0005,75,31,car,23.787,21.529,0.0,23.221,20.656,20.656,True
0005,75,6,car,51.191,49.112,20.511,56.118,46.317,46.317,False
0005,75,9,car,65.145,63.242,21.101,77.194,66.711,66.711,False
0005,75,7,car,58.331,56.264,20.737,66.557,52.85,52.85,False
0005,76,31,car,23.788,21.531,0.0,23.224,20.656,20.656,True
0005,76,9,car,64.182,62.278,21.04,77.275,65.875,65.875,False
0005,76,7,car,57.427,55.359,20.703,66.634,51.283,51.283,False
0005,76,6,car,50.244,48.167,20.442,56.599,45.048,45.048,False
0005,77,31,car,23.789,21.533,0.0,23.213,20.656,20.656,True
0005,77,6,car,49.3,47.226,20.373,54.731,45.782,45.782,False
0005,77,7,car,56.525,54.456,20.669,66.65,49.307,49.307,False
0005,77,9,car,63.22,61.316,20.978,73.12,60.926,60.926,False
0005,78,31,car,23.789,21.535,0.0,22.792,20.466,20.466,True
0005,78,6,car,48.358,46.287,20.304,52.739,44.709,44.709,False
0005,78,7,car,55.625,53.556,20.635,63.955,49.395,49.395,False
0005,78,9,car,62.26,60.355,20.916,73.28,55.356,55.356,False
0005,79,31,car,23.79,21.536,0.0,22.782,20.466,20.466,True
0005,79,6,car,47.484,45.415,20.287,51.157,45.303,45.303,False
0005,79,7,car,54.727,52.657,20.601,61.014,49.551,49.551,False
0005,79,9,car,61.361,59.457,20.903,69.516,51.831,51.831,False
0005,80,31,car,23.791,21.538,0.0,22.375,20.466,20.466,True
0005,80,6,car,46.614,44.546,20.271,49.508,44.699,44.699,False
0005,80,7,car,53.831,51.761,20.567,58.807,48.197,48.197,False
0005,80,9,car,60.464,58.56,20.89,69.877,59.732,59.732,False
0005,81,6,car,45.747,43.681,20.254,48.15,42.618,42.618,False
0005,81,31,car,23.779,21.526,0.0,22.376,20.466,20.466,True
0005,81,9,car,59.566,57.662,20.877,66.207,59.861,59.861,False
0005,81,7,car,52.838,50.768,20.507,59.075,48.83,48.83,False
0005,82,31,car,23.767,21.515,0.0,22.792,20.466,20.466,True
0005,82,9,car,58.67,56.765,20.865,66.343,55.819,55.819,False
0005,82,6,car,44.884,42.82,20.238,46.563,41.09,41.09,False
0005,82,7,car,51.848,49.777,20.447,56.936,47.563,47.563,False
0005,83,6,car,44.025,41.964,20.221,45.372,40.315,40.315,False
0005,83,31,car,23.755,21.503,0.0,22.792,20.561,20.561,True
0005,83,7,car,50.86,48.79,20.386,56.585,46.37,46.37,False
0005,83,9,car,57.776,55.871,20.852,63.336,50.103,50.103,False
0005,84,31,car,23.743,21.492,0.0,22.79,20.561,20.561,True
0005,84,6,car,43.184,41.128,20.202,44.225,39.303,39.303,False
0005,84,7,car,49.957,47.886,20.352,56.744,45.682,45.682,False
0005,84,9,car,56.873,54.969,20.822,63.529,44.257,44.257,False
0005,85,31,car,23.707,21.457,0.0,23.22,20.656,20.656,True
0005,85,7,car,49.057,46.986,20.318,56.818,44.218,44.218,False
0005,85,6,car,42.347,40.298,20.182,44.508,38.959,38.959,False
0005,85,9,car,55.972,54.068,20.792,66.634,44.346,44.346,False
0005,86,31,car,23.671,21.421,0.0,23.222,20.466,20.466,True
0005,86,9,car,55.074,53.169,20.763,64.19,51.553,51.553,False
0005,86,6,car,41.515,39.474,20.162,44.744,39.822,39.822,False
0005,86,7,car,48.159,46.089,20.284,54.904,43.568,43.568,False
0005,87,31,car,23.595,21.345,0.0,23.224,20.373,20.373,True
0005,87,6,car,40.689,38.655,20.143,43.796,38.328,38.328,False
0005,87,7,car,47.266,45.196,20.25,55.378,42.372,42.372,False
0005,87,9,car,54.177,52.273,20.733,63.986,41.898,41.898,False
0005,88,9,car,53.283,51.379,20.703,61.344,47.325,47.325,False
0005,88,31,car,23.518,21.268,0.0,23.67,20.656,20.656,True
0005,88,7,car,46.465,44.396,20.254,55.139,41.782,41.782,False
0005,88,6,car,39.868,37.843,20.123,43.125,37.541,37.541,False
0005,88,34,cyclist,50.973,50.168,9.304,57.097,55.345,55.345,False
0005,89,31,car,23.442,21.191,0.0,23.67,20.466,20.466,True
0005,89,7,car,45.668,43.6,20.257,51.38,41.636,41.636,False
0005,89,34,cyclist,50.558,49.753,9.296,57.146,54.2,54.2,False
0005,89,6,car,39.04,37.023,20.098,41.965,36.322,36.322,False
0005,89,9,car,52.41,50.507,20.691,61.436,42.936,42.936,False
0005,90,31,car,23.366,21.113,0.0,23.67,20.466,20.466,True
0005,90,7,car,44.875,42.808,20.26,49.823,39.546,39.546,False
0005,90,6,car,38.217,36.209,20.073,41.226,36.168,36.168,False
0005,90,9,car,51.539,49.637,20.68,61.747,41.957,41.957,False
0005,91,31,car,23.289,21.036,0.0,23.67,20.373,20.373,True
0005,91,7,car,44.086,42.02,20.263,50.202,39.458,39.458,False
0005,91,6,car,37.402,35.402,20.048,40.334,34.992,34.992,False
0005,91,9,car,50.672,48.771,20.668,62.162,43.975,43.975,False
0005,92,31,car,23.203,20.95,0.0,23.223,20.098,20.098,True
0005,92,6,car,36.593,34.604,20.022,39.805,34.438,34.438,False
0005,92,7,car,43.301,41.237,20.266,50.287,38.779,38.779,False
0005,92,9,car,49.808,47.907,20.656,59.365,40.842,40.842,False
0005,93,31,car,23.118,20.865,0.0,22.794,19.742,19.742,True
0005,93,7,car,42.453,40.391,20.262,47.352,37.333,37.333,False
0005,93,6,car,35.792,33.813,19.997,38.184,33.539,33.539,False
0005,93,34,cyclist,48.9,48.095,9.264,57.196,55.428,55.428,False
0005,93,9,car,48.946,47.047,20.644,57.16,37.889,37.889,False
0005,94,31,car,23.032,20.779,0.0,22.782,19.742,19.742,True
0005,94,7,car,41.611,39.551,20.258,44.586,36.761,36.761,False
0005,94,6,car,35.068,33.097,20.007,36.736,32.356,32.356,False
0005,94,9,car,48.158,46.26,20.658,55.168,36.637,36.637,False
0005,94,34,cyclist,48.482,47.677,9.266,54.701,62.888,62.888,False
0005,95,31,car,22.946,20.693,0.0,22.789,19.742,19.742,True
0005,95,6,car,34.352,32.389,20.016,36.961,31.397,31.397,False
0005,95,7,car,40.775,38.718,20.253,43.614,36.285,36.285,False
0005,95,9,car,47.373,45.477,20.673,53.221,36.806,36.806,False
0005,95,34,cyclist,48.065,47.26,9.269,57.248,61.39,61.39,False
0005,96,31,car,22.86,20.608,0.0,22.782,19.83,19.83,True
0005,96,6,car,33.644,31.69,20.025,34.418,31.388,31.388,False
0005,96,7,car,39.993,37.939,20.249,42.579,35.587,35.587,False
0005,96,9,car,46.592,44.697,20.687,53.617,36.967,36.967,False
0005,97,31,car,22.774,20.522,0.0,22.782,19.569,19.569,True
0005,97,7,car,39.217,37.167,20.245,40.522,34.438,34.438,False
0005,97,6,car,32.945,31.001,20.035,33.996,31.207,31.207,False
0005,97,9,car,45.814,43.922,20.701,50.06,35.078,35.078,False
0005,98,7,car,38.448,36.401,20.241,39.737,34.061,34.061,False
0005,98,31,car,22.689,20.437,0.0,22.372,19.399,19.399,True
0005,98,6,car,32.256,30.323,20.044,34.109,32.482,32.482,False
0005,98,9,car,45.041,43.15,20.716,48.558,34.76,34.76,False
0005,99,31,car,22.603,20.351,0.0,22.367,19.067,19.067,True
0005,99,7,car,37.777,35.735,20.255,39.109,33.507,33.507,False
0005,99,6,car,31.577,29.656,20.054,33.495,31.671,31.671,False
0005,99,9,car,44.306,42.418,20.727,48.795,35.684,35.684,False
0005,100,31,car,22.517,20.266,0.0,22.367,19.232,19.232,True
0005,100,7,car,37.113,35.075,20.268,38.548,32.802,32.802,False
0005,100,9,car,43.575,41.69,20.739,47.476,42.787,42.787,False
0005,101,9,car,42.849,40.966,20.75,44.77,41.297,41.297,False
0005,101,31,car,22.432,20.18,0.0,21.97,19.232,19.232,True
0005,101,7,car,36.454,34.421,20.282,36.058,32.329,32.329,False
0005,101,10,car,54.459,52.729,25.21,77.767,50.977,50.977,False
0005,102,31,car,22.345,20.094,0.0,21.583,19.233,19.233,True
0005,102,9,car,42.127,40.247,20.762,42.363,40.591,40.591,False
0005,102,7,car,35.802,33.775,20.296,33.971,31.563,31.563,False
0005,102,10,car,53.645,51.922,25.208,70.467,48.466,48.466,False
0005,103,7,car,35.156,33.136,20.31,32.987,30.494,30.494,False
0005,103,31,car,22.259,20.009,0.0,20.85,19.068,19.068,True
0005,103,9,car,41.409,39.533,20.773,38.997,41.179,41.179,False
0005,103,10,car,52.836,51.119,25.206,67.164,53.886,53.886,False
0005,104,7,car,34.502,32.488,20.311,32.031,30.004,30.004,False
0005,104,9,car,40.696,38.824,20.785,38.463,39.864,39.864,False
0005,104,31,car,22.174,19.923,0.0,20.849,19.15,19.15,True
0005,104,10,car,52.031,50.321,25.204,64.515,50.653,50.653,False
0005,105,9,car,39.988,38.121,20.796,38.831,37.85,37.85,False
0005,105,7,car,33.854,31.849,20.312,31.803,29.673,29.673,False
0005,105,31,car,22.088,19.838,0.0,20.848,19.069,19.069,True
0005,105,10,car,51.253,49.551,25.194,64.72,51.525,51.525,False
0005,106,9,car,39.382,37.518,20.842,39.048,38.129,38.129,False
0005,106,7,car,33.215,31.218,20.313,32.088,29.062,29.062,False
0005,106,31,car,22.003,19.753,0.0,20.87,18.907,18.907,True
0005,106,10,car,50.48,48.786,25.184,68.321,47.657,47.657,False
0005,107,31,car,21.917,19.667,0.0,20.85,18.749,18.749,True
0005,107,9,car,38.78,36.922,20.888,38.15,37.884,37.884,False
0005,107,7,car,32.584,30.597,20.314,34.165,30.464,30.464,False
0005,107,10,car,49.711,48.025,25.174,72.102,48.712,48.712,False
0005,108,31,car,21.832,19.582,0.0,20.502,18.593,18.593,True
0005,108,9,car,38.184,36.331,20.933,39.116,35.674,35.674,False
0005,108,10,car,49.074,47.397,25.256,68.747,45.698,45.698,False
0005,108,7,car,31.962,29.985,20.315,32.926,33.12,33.12,False
0005,109,9,car,37.593,35.746,20.979,37.297,35.551,35.551,False
0005,109,31,car,21.746,19.496,0.0,20.162,18.75,18.75,True
0005,109,10,car,48.493,46.825,25.292,69.39,47.651,47.651,False
0005,109,34,cyclist,44.944,44.138,9.567,45.126,51.807,51.807,False
0005,110,31,car,21.661,19.411,0.0,20.194,18.673,18.673,True
0005,110,9,car,36.905,35.065,21.024,36.5,34.761,34.761,False
0005,110,10,car,47.877,46.219,25.38,66.966,45.561,45.561,False
0005,110,34,cyclist,44.74,43.935,9.538,43.55,48.875,48.875,False
0005,111,31,car,21.576,19.326,0.0,20.162,18.596,18.596,True
0005,111,9,car,36.31,34.475,21.042,37.107,34.476,34.476,False
0005,111,10,car,47.266,45.62,25.468,67.423,45.093,45.093,False
0005,111,33,car,56.681,55.037,26.339,78.16,55.276,55.276,False
0005,112,31,car,21.552,19.302,0.0,20.17,18.368,18.368,True
0005,112,9,car,35.721,33.892,21.06,36.154,33.758,33.758,False
0005,112,33,car,56.041,54.397,26.378,78.604,52.092,52.092,False
0005,112,10,car,46.652,45.017,25.5,68.014,45.458,45.458,False
0005,112,34,cyclist,44.332,43.527,9.479,45.075,50.777,50.777,False
0005,113,9,car,35.139,33.315,21.078,35.036,33.939,33.939,False
0005,113,31,car,21.527,19.277,0.0,20.161,18.599,18.599,True
0005,113,33,car,55.404,53.759,26.417,74.822,50.315,50.315,False
0005,113,10,car,46.043,44.419,25.533,62.567,42.377,42.377,False
0005,114,9,car,34.564,32.746,21.096,34.6,32.374,32.374,False
0005,114,31,car,21.503,19.252,0.0,20.161,18.6,18.6,True
0005,114,33,car,54.77,53.124,26.455,75.235,51.504,51.504,False
0005,115,31,car,21.478,19.228,0.0,20.174,18.601,18.601,True
0005,115,10,car,44.841,43.241,25.598,61.76,41.108,41.108,False
0005,115,9,car,33.995,32.184,21.114,36.023,34.029,34.029,False
0005,115,33,car,54.138,52.493,26.494,76.061,51.381,51.381,False
0005,116,31,car,21.454,19.203,0.0,19.836,18.525,18.525,True
0005,116,33,car,53.51,51.864,26.532,72.49,51.001,51.001,False
0005,116,10,car,44.371,42.779,25.624,64.432,43.356,43.356,False
0005,117,31,car,21.434,19.183,0.0,20.211,18.604,18.604,True
0005,117,10,car,43.73,42.147,25.583,60.66,43.502,43.502,False
0005,117,33,car,52.818,51.173,26.533,72.534,50.505,50.505,False
0005,118,31,car,21.415,19.164,0.0,20.213,18.761,18.761,True
0005,118,33,car,52.13,50.484,26.533,73.105,50.513,50.513,False
0005,119,31,car,21.395,19.145,0.0,19.836,18.684,18.684,True
0005,119,33,car,51.622,49.977,26.536,69.558,50.789,50.789,False
0005,120,31,car,21.375,19.125,0.0,19.854,18.606,18.606,True
0005,120,33,car,51.116,49.471,26.538,69.941,50.04,50.04,False
0005,121,31,car,21.356,19.106,0.0,20.163,18.452,18.452,True
0005,121,33,car,50.613,48.968,26.541,70.177,47.951,47.951,False
0005,122,31,car,21.335,19.085,0.0,20.162,18.299,18.299,True
0005,122,33,car,50.007,48.363,26.438,70.415,48.136,48.136,False
0005,123,31,car,21.314,19.064,0.0,20.551,18.449,18.449,True
0005,123,34,cyclist,42.264,41.459,9.335,42.158,48.982,48.982,False
0005,123,33,car,49.403,47.759,26.334,70.437,47.045,47.045,False
0005,124,31,car,21.294,19.044,0.0,20.161,18.223,18.223,True
0005,124,33,car,48.801,47.157,26.23,67.696,48.063,48.063,False
0005,125,31,car,21.273,19.023,0.0,19.836,18.148,18.148,True
0005,125,33,car,48.2,46.557,26.126,65.78,47.41,47.41,False
0005,126,31,car,21.252,19.002,0.0,19.52,18.221,18.221,True
0005,126,33,car,47.601,45.959,26.023,65.531,47.595,47.595,False
0005,127,31,car,21.232,18.982,0.0,19.214,18.221,18.221,True
0005,127,33,car,47.065,45.424,26.013,60.835,46.229,46.229,False
0005,128,31,car,21.212,18.962,0.0,18.918,18.147,18.147,True
0005,128,33,car,46.532,44.892,26.003,56.305,97.463,97.463,False
0005,129,31,car,21.192,18.942,0.0,18.929,18.0,18.0,True
0005,129,33,car,46.002,44.363,25.994,54.51,43.792,43.792,False
0005,130,31,car,21.172,18.922,0.0,18.928,18.0,18.0,True
0005,130,33,car,45.475,43.838,25.984,51.318,42.34,42.34,False
0005,131,31,car,21.151,18.901,0.0,18.959,18.147,18.147,True
0005,131,33,car,44.951,43.315,25.974,55.485,91.745,91.745,False
0005,132,31,car,21.105,18.855,0.0,18.959,18.074,18.074,True
0005,132,33,car,44.43,42.796,25.964,52.004,88.826,88.826,False
0005,133,31,car,21.059,18.808,0.0,18.93,18.147,18.147,True
0005,134,31,car,21.012,18.762,0.0,18.918,18.296,18.296,True
0005,135,31,car,20.966,18.715,0.0,18.964,18.147,18.147,True
0005,136,31,car,20.919,18.669,0.0,18.918,18.074,18.074,True
0005,137,31,car,20.925,18.675,0.0,18.931,18.148,18.148,True
0005,138,31,car,20.931,18.681,0.0,18.963,18.002,18.002,True
0005,139,31,car,20.938,18.687,0.0,18.965,18.002,18.002,True
0005,140,31,car,20.944,18.693,0.0,18.918,18.076,18.076,True
0005,141,31,car,20.95,18.699,0.0,18.918,18.003,18.003,True
0005,141,11,van,73.688,70.255,6.053,65.397,72.34,72.34,False
0005,141,32,car,66.287,64.117,23.052,57.57,64.707,64.707,False
0005,142,31,car,20.978,18.725,0.0,18.919,18.15,18.15,True
0005,142,11,van,71.449,68.013,5.927,62.174,74.772,74.772,False
0005,142,32,car,65.645,63.476,23.052,57.675,65.669,65.669,False
0005,143,31,car,21.005,18.751,0.0,18.919,18.151,18.151,True
0005,143,11,van,69.209,65.771,5.802,62.083,72.516,72.516,False
0005,143,32,car,65.004,62.835,23.051,57.781,64.02,64.02,False
0005,143,34,cyclist,38.307,37.503,9.373,37.359,46.61,46.61,False
0005,144,31,car,21.033,18.777,0.0,18.919,18.152,18.152,True
0005,144,32,car,64.364,62.196,23.05,57.754,64.05,64.05,False
0005,144,11,van,66.97,63.528,5.676,59.248,68.387,68.387,False
0005,145,31,car,21.061,18.802,0.0,19.215,18.301,18.301,True
0005,145,11,van,64.549,61.099,5.552,59.118,67.429,67.429,False
0005,145,32,car,63.725,61.558,23.049,57.754,62.495,62.495,False
0005,145,34,cyclist,38.062,37.258,9.435,39.723,48.82,48.82,False
0005,146,31,car,21.089,18.826,0.0,19.577,18.453,18.453,True
0005,146,11,van,62.129,58.67,5.428,56.421,64.709,64.709,False
0005,146,32,car,63.087,60.921,23.049,57.929,61.803,61.803,False
0005,147,31,car,21.184,18.922,0.0,19.54,18.378,18.378,True
0005,147,11,van,59.708,56.242,5.304,54.081,62.202,62.202,False
0005,147,32,car,62.301,60.136,22.957,58.218,60.35,60.35,False
0005,148,11,van,57.288,53.814,5.18,51.706,60.646,60.646,False
0005,148,31,car,21.28,19.018,0.007,19.216,18.455,18.455,True
0005,148,32,car,61.517,59.353,22.865,58.345,62.791,62.791,False
0005,148,34,cyclist,37.719,36.915,9.569,35.455,44.736,44.736,False
0005,149,31,car,21.376,19.113,0.021,19.216,18.455,18.455,True
0005,149,11,van,54.869,51.386,5.056,49.763,53.496,53.496,False
0005,149,32,car,60.733,58.57,22.774,55.832,61.371,61.371,False
0006,0,0,car,12.233,10.783,1.476,11.078,11.363,11.363,False
0006,1,0,car,11.758,10.331,2.158,10.533,10.672,10.672,False
0006,2,0,car,11.257,9.858,2.844,9.995,10.121,10.121,False
0006,3,0,car,10.796,9.469,3.441,9.508,9.574,9.574,False
0006,4,0,car,10.353,9.087,4.04,9.1,8.848,8.848,False
0006,5,0,car,9.926,8.715,4.583,9.708,9.727,9.727,False
0006,6,1,car,36.712,35.841,21.303,34.854,40.42,40.42,False
0006,6,0,car,9.541,8.399,5.102,9.452,10.23,10.23,False
0006,7,1,car,36.732,35.872,20.425,33.743,35.452,35.452,False
0006,8,1,car,36.838,35.88,19.664,34.24,36.17,36.17,False
0006,9,1,car,36.975,35.879,18.906,35.119,38.433,38.433,False
0006,10,1,car,37.129,35.973,18.032,34.963,37.01,37.01,False
0006,11,1,car,37.421,36.16,17.263,35.089,37.424,37.424,False
0006,12,1,car,37.746,36.384,16.495,35.393,39.316,39.316,False
0006,13,1,car,38.132,36.683,15.787,35.681,38.462,38.462,False
0006,16,1,car,39.564,37.846,13.75,37.717,41.049,41.049,False
0006,17,1,car,40.181,38.38,13.114,39.391,43.42,43.42,False
0006,18,1,car,40.823,38.944,12.479,40.059,41.835,41.835,False
0006,19,1,car,41.495,39.548,11.94,40.225,41.589,41.589,False
0006,20,1,car,42.184,40.175,11.403,41.069,42.024,42.024,False
0006,21,1,car,42.89,40.824,10.868,43.178,44.902,44.902,False
0006,22,1,car,43.696,41.594,10.341,42.891,43.82,43.82,False
0006,23,1,car,44.518,42.381,9.814,44.427,45.773,45.773,False
0006,24,1,car,45.354,43.186,9.288,45.788,46.49,46.49,False
0006,25,1,car,46.274,44.079,8.85,46.936,46.775,46.775,False
0006,26,1,car,47.205,44.986,8.413,47.066,46.625,46.625,False
0006,27,1,car,48.145,45.905,7.976,48.737,48.99,48.99,False
0006,28,1,car,49.141,46.869,7.638,50.268,49.389,49.389,False
0006,29,1,car,50.144,47.846,7.303,52.131,51.527,51.527,False
0006,30,1,car,51.212,48.895,7.01,52.255,51.421,51.421,False
0006,31,1,car,52.286,49.956,6.719,52.255,51.934,51.934,False
0006,32,1,car,53.434,51.099,6.482,54.442,52.458,52.458,False
0006,33,1,car,54.586,52.247,6.245,56.711,53.645,53.645,False
0006,34,1,car,55.741,53.402,6.01,56.529,55.566,55.566,False
0006,35,1,car,56.9,54.563,5.774,59.333,56.213,56.213,False
0006,36,1,car,58.081,55.746,5.632,59.307,57.607,57.607,False
0006,37,1,car,59.263,56.934,5.49,62.289,59.082,59.082,False
0006,37,2,car,5.199,3.67,3.174,7.22,11.021,11.021,False
0006,38,2,car,5.681,4.059,3.153,6.976,8.598,8.598,False
0006,38,1,car,60.447,58.126,5.349,62.258,63.206,63.206,False
0006,39,2,car,6.278,4.599,3.119,7.218,8.003,8.003,False
0006,39,1,car,61.694,59.376,5.204,62.218,63.175,63.175,False
0006,40,2,car,6.917,5.204,3.085,7.165,7.645,7.645,False
0006,40,1,car,62.942,60.627,5.059,65.42,62.272,62.272,False
0006,41,2,car,7.602,5.864,3.066,7.006,7.432,7.432,False
0006,41,1,car,64.191,61.88,4.915,65.402,62.248,62.248,False
0006,42,2,car,8.313,6.562,3.047,7.889,7.469,7.469,False
0006,42,1,car,65.577,63.274,4.849,68.977,65.885,65.885,False
0006,42,7,car,10.616,9.0,6.971,11.468,18.641,18.641,False
0006,43,2,car,9.043,7.287,3.028,7.918,8.25,8.25,False
0006,43,1,car,66.965,64.67,4.783,69.015,67.857,67.857,False
0006,43,7,car,11.131,9.473,6.959,11.981,15.065,15.065,False
0006,44,2,car,9.8,8.043,3.006,9.226,9.113,9.113,False
0006,44,1,car,68.353,66.067,4.717,73.032,69.958,69.958,False
0006,44,7,car,11.671,9.98,6.947,12.982,13.832,13.832,False
0006,45,7,car,12.234,10.517,6.935,11.357,11.037,11.037,False
0006,45,2,car,10.569,8.814,2.984,9.972,9.935,9.935,False
0006,45,1,car,69.741,67.465,4.652,73.004,69.946,69.946,False
0006,46,2,car,11.347,9.596,2.962,10.738,10.752,10.752,False
0006,46,7,car,12.894,11.159,6.912,11.954,12.069,12.069,False
0006,46,1,car,71.13,68.865,4.587,77.624,72.183,72.183,False
0006,47,7,car,13.574,11.826,6.89,13.419,12.843,12.843,False
0006,47,2,car,12.156,10.41,2.946,11.156,11.708,11.708,False
0006,48,7,car,14.327,12.564,6.889,13.844,13.824,13.824,False
0006,48,2,car,12.971,11.229,2.93,12.304,12.621,12.621,False
0006,49,7,car,15.096,13.324,6.888,14.201,14.739,14.739,False
0006,49,2,car,13.876,12.139,2.905,13.164,13.444,13.444,False
0006,50,7,car,15.879,14.1,6.887,15.126,15.716,15.716,False
0006,50,2,car,14.787,13.054,2.879,13.883,14.554,14.554,False
0006,51,7,car,16.698,14.915,6.871,16.222,16.263,16.263,False
0006,51,2,car,15.701,13.974,2.854,14.793,15.517,15.517,False
0006,52,7,car,17.527,15.743,6.855,16.933,17.334,17.334,False
0006,52,2,car,16.684,14.96,2.844,16.005,16.517,16.517,False
0006,53,2,car,17.71,15.991,2.805,17.159,17.542,17.542,False
0006,53,7,car,18.367,16.582,6.839,18.035,18.351,18.351,False
0006,53,8,car,10.104,8.329,6.952,10.991,19.541,19.541,False
0006,54,7,car,19.228,17.443,6.821,18.582,19.173,19.173,False
0006,54,2,car,18.74,17.026,2.766,18.327,18.797,18.797,False
0006,54,8,car,10.562,8.719,6.922,11.633,19.106,19.106,False
0006,55,2,car,19.807,18.097,2.738,19.164,19.902,19.902,False
0006,55,7,car,20.097,18.312,6.803,19.726,20.279,20.279,False
0006,55,8,car,11.048,9.15,6.893,12.136,14.2,14.2,False
0006,56,7,car,20.962,19.178,6.726,20.204,21.198,21.198,False
0006,56,2,car,20.876,19.17,2.709,20.07,20.963,20.963,False
0006,56,8,car,11.592,9.648,6.87,11.974,12.419,12.419,False
0006,57,2,car,22.002,20.301,2.682,21.616,22.16,22.16,False
0006,57,7,car,21.929,20.146,6.742,21.392,22.031,22.031,False
0006,57,8,car,12.173,10.182,6.868,12.467,12.338,12.338,False
0006,57,3,car,4.431,2.902,2.546,6.95,14.367,14.367,False
0006,58,2,car,23.13,21.433,2.656,22.557,23.266,23.266,False
0006,58,7,car,22.874,21.093,6.707,22.38,22.957,22.957,False
0006,58,3,car,4.853,3.202,2.531,6.821,9.878,9.878,False
0006,58,8,car,12.775,10.747,6.866,14.328,15.578,15.578,False
0006,59,7,car,23.826,22.046,6.673,23.517,24.004,24.004,False
0006,59,3,car,5.314,3.588,2.515,7.245,8.669,8.669,False
0006,59,2,car,24.26,22.567,2.629,24.024,25.041,25.041,False
0006,59,8,car,13.485,11.444,6.841,14.922,16.906,16.906,False
0006,60,2,car,25.46,23.771,2.603,25.357,25.879,25.879,False
0006,60,7,car,24.801,23.023,6.635,24.718,25.448,25.448,False
0006,60,3,car,5.893,4.12,2.489,6.952,8.248,8.248,False
0006,60,8,car,14.213,12.161,6.816,18.335,21.636,21.636,False
0006,61,3,car,6.501,4.704,2.462,6.86,7.918,7.918,False
0006,61,2,car,26.662,24.977,2.578,26.343,27.43,27.43,False
0006,61,7,car,25.78,24.005,6.597,25.615,26.186,26.186,False
0006,62,3,car,7.132,5.321,2.435,7.856,7.341,7.341,False
0006,62,7,car,26.764,24.991,6.558,26.991,27.485,27.485,False
0006,62,2,car,27.946,26.262,2.532,27.654,28.444,28.444,False
0006,63,7,car,27.863,26.092,6.528,28.042,28.218,28.218,False
0006,63,3,car,7.83,6.013,2.415,6.721,7.276,7.276,False
0006,63,2,car,29.231,27.548,2.485,28.912,29.543,29.543,False
0006,64,2,car,30.564,28.883,2.435,30.292,31.162,31.162,False
0006,64,7,car,28.966,27.197,6.498,29.227,29.382,29.382,False
0006,64,3,car,8.543,6.724,2.394,8.115,8.147,8.147,False
0006,64,8,car,17.379,15.289,6.559,20.003,19.711,19.711,False
0006,65,2,car,31.899,30.219,2.384,31.813,32.499,32.499,False
0006,65,7,car,30.072,28.306,6.468,30.9,31.078,31.078,False
0006,65,3,car,9.316,7.497,2.369,8.525,9.034,9.034,False
0006,65,8,car,18.242,16.139,6.564,18.437,18.485,18.485,False
0006,66,2,car,33.235,31.556,2.334,33.385,34.478,34.478,False
0006,66,7,car,31.234,29.471,6.401,31.553,31.852,31.852,False
0006,66,3,car,10.098,8.283,2.343,9.043,10.038,10.038,False
0006,66,8,car,19.223,17.111,6.539,18.783,19.133,19.133,False
0006,67,2,car,34.64,32.962,2.281,34.307,35.557,35.557,False
0006,67,3,car,10.924,9.113,2.321,10.379,11.056,11.056,False
0006,67,7,car,32.4,30.639,6.334,33.132,34.138,34.138,False
0006,67,8,car,20.215,18.097,6.515,20.039,20.272,20.272,False
0006,68,2,car,36.046,34.369,2.228,36.341,37.013,37.013,False
0006,68,3,car,11.757,9.952,2.299,11.208,11.925,11.925,False
0006,68,7,car,33.596,31.836,6.255,35.897,35.948,35.948,False
0006,68,8,car,21.217,19.094,6.49,20.926,21.532,21.532,False
0006,69,2,car,37.453,35.777,2.175,36.317,37.941,37.941,False
0006,69,3,car,12.601,10.803,2.272,12.023,12.851,12.851,False
0006,69,7,car,34.814,33.055,6.204,36.821,37.34,37.34,False
0006,69,8,car,22.278,20.153,6.458,21.815,22.461,22.461,False
0006,70,2,car,38.915,37.239,2.114,38.686,39.26,39.26,False
0006,70,3,car,13.499,11.707,2.253,12.875,13.674,13.674,False
0006,70,7,car,36.035,34.275,6.153,39.11,39.205,39.205,False
0006,70,8,car,23.347,21.221,6.425,23.155,23.646,23.646,False
0006,71,2,car,40.377,38.701,2.053,39.922,41.813,41.813,False
0006,71,3,car,14.401,12.616,2.233,13.6,14.756,14.756,False
0006,71,7,car,37.336,35.577,6.077,40.284,40.544,40.544,False
0006,71,4,car,4.914,3.203,2.779,6.94,9.13,9.13,False
0006,71,8,car,24.51,22.383,6.412,24.319,25.134,25.134,False
0006,71,9,truck,9.517,6.632,6.118,14.563,,14.563,False
0006,72,4,car,5.411,3.54,2.77,6.758,7.7,7.7,False
0006,72,2,car,41.884,40.212,2.005,42.66,43.009,43.009,False
0006,72,3,car,15.344,13.564,2.214,14.788,15.995,15.995,False
0006,72,8,car,25.678,23.552,6.398,25.529,26.553,26.553,False
0006,72,9,truck,10.011,6.875,6.105,18.075,,18.075,False
0006,73,4,car,5.955,3.982,2.761,6.964,7.424,7.424,False
0006,73,3,car,16.319,14.544,2.179,15.681,16.961,16.961,False
0006,73,2,car,43.393,41.723,1.956,44.168,44.719,44.719,False
0006,73,8,car,26.971,24.846,6.385,26.744,27.51,27.51,False
0006,73,9,truck,10.541,7.198,6.093,26.741,,26.741,False
0006,74,4,car,6.574,4.539,2.741,6.978,7.138,7.138,False
0006,74,2,car,44.901,43.235,1.908,45.75,45.617,45.617,False
0006,74,3,car,17.296,15.527,2.143,16.817,18.21,18.21,False
0006,74,8,car,28.166,26.041,6.337,28.248,29.29,29.29,False
0006,75,4,car,7.223,5.152,2.721,7.398,6.948,6.948,False
0006,75,3,car,18.326,16.561,2.131,17.955,19.505,19.505,False
0006,75,2,car,46.37,44.706,1.855,47.537,46.56,46.56,False
0006,75,8,car,29.437,27.313,6.281,29.458,30.324,30.324,False
0006,76,2,car,47.839,46.178,1.801,49.419,48.575,48.575,False
0006,76,4,car,7.935,5.843,2.704,6.898,6.964,6.964,False
0006,76,3,car,19.357,17.596,2.119,18.788,20.531,20.531,False
0006,76,8,car,30.713,28.591,6.224,30.968,31.469,31.469,False
0006,77,2,car,49.308,47.65,1.748,51.503,51.357,51.357,False
0006,77,8,car,31.984,29.864,6.191,31.838,31.819,31.819,False
0006,77,3,car,20.419,18.662,2.085,20.171,21.893,21.893,False
0006,77,9,truck,13.161,9.283,6.015,12.439,,12.439,False
0006,77,4,car,8.665,6.563,2.687,7.629,7.616,7.616,False
0006,78,2,car,50.833,49.177,1.694,51.492,51.944,51.944,False
0006,78,3,car,21.482,19.729,2.051,21.174,22.748,22.748,False
0006,78,8,car,33.259,31.141,6.158,33.249,33.856,33.856,False
0006,78,4,car,9.465,7.359,2.663,8.467,8.448,8.448,False
0006,78,9,truck,13.895,9.945,5.992,12.576,9.638,9.638,False
0006,79,2,car,52.358,50.705,1.64,53.719,52.551,52.551,False
0006,79,3,car,22.547,20.798,2.017,22.266,24.061,24.061,False
0006,79,8,car,34.537,32.42,6.126,35.182,34.817,34.817,False
0006,79,4,car,10.278,8.171,2.64,9.314,9.374,9.374,False
0006,79,9,truck,14.648,10.641,5.968,12.949,10.458,10.458,False
0006,80,2,car,53.883,52.233,1.586,56.191,54.467,54.467,False
0006,80,8,car,35.818,33.702,6.093,35.843,35.566,35.566,False
0006,80,3,car,23.638,21.893,1.976,23.059,24.969,24.969,False
0006,80,4,car,11.148,9.043,2.619,10.548,10.122,10.122,False
0006,80,9,truck,15.458,11.406,5.93,14.088,11.572,11.572,False
0006,81,2,car,55.409,53.761,1.532,56.167,55.822,55.822,False
0006,81,8,car,37.135,35.021,6.052,37.964,37.258,37.258,False
0006,81,3,car,24.73,22.988,1.935,24.299,26.419,26.419,False
0006,81,4,car,12.026,9.924,2.598,11.329,11.056,11.056,False
0006,81,9,truck,16.283,12.196,5.893,15.066,12.388,12.388,False
0006,82,3,car,25.823,24.085,1.893,25.376,27.2,27.2,False
0006,82,8,car,38.454,36.341,6.011,40.401,39.127,39.127,False
0006,82,4,car,12.911,10.814,2.576,12.338,12.018,12.018,False
0006,82,9,truck,17.121,13.009,5.864,15.905,13.241,13.241,False
0006,83,3,car,26.951,25.216,1.852,26.982,29.122,29.122,False
0006,83,8,car,39.775,37.664,5.971,41.606,41.576,41.576,False
0006,83,4,car,13.895,11.803,2.559,13.112,12.798,12.798,False
0006,83,9,truck,17.97,13.837,5.836,17.267,14.074,14.074,False
0006,84,3,car,28.08,26.347,1.811,27.569,29.685,29.685,False
0006,84,4,car,14.885,12.798,2.541,14.092,14.012,14.012,False
0006,84,9,truck,18.884,14.736,5.808,17.636,14.847,14.847,False
0006,84,8,car,41.277,39.171,5.913,43.031,43.51,43.51,False
0006,85,3,car,29.21,27.479,1.77,28.837,30.9,30.9,False
0006,85,4,car,15.879,13.797,2.523,15.064,14.859,14.859,False
0006,85,8,car,42.781,40.68,5.855,42.967,43.454,43.454,False
0006,85,9,truck,19.807,15.647,5.781,19.116,15.648,15.648,False
0006,86,3,car,30.34,28.612,1.728,29.503,31.99,31.99,False
0006,86,4,car,16.919,14.843,2.499,16.288,15.945,15.945,False
0006,86,9,truck,20.737,16.569,5.753,20.131,16.584,16.584,False
0006,86,8,car,44.288,42.193,5.798,46.115,44.251,44.251,False
0006,86,12,car,37.986,36.808,17.105,36.106,39.2,39.2,False
0006,87,3,car,31.519,29.794,1.7,31.735,34.437,34.437,False
0006,87,4,car,17.963,15.892,2.475,17.347,17.224,17.224,False
0006,87,9,truck,21.779,17.604,5.727,20.563,17.289,17.289,False
0006,87,8,car,45.796,43.707,5.74,46.066,45.083,45.083,False
0006,87,5,car,4.869,3.14,2.837,6.964,8.135,8.135,False
0006,87,12,car,38.161,36.954,16.748,35.649,39.15,39.15,False
0006,88,3,car,32.699,30.976,1.671,32.563,35.237,35.237,False
0006,88,5,car,5.379,3.493,2.832,6.821,6.719,6.719,False
0006,88,12,car,38.343,37.108,16.391,36.513,38.988,38.988,False
0006,88,4,car,19.1,17.033,2.451,18.531,18.288,18.288,False
0006,88,9,truck,22.827,18.648,5.7,20.73,18.253,18.253,False
0006,88,8,car,47.307,45.224,5.683,47.851,48.967,48.967,False
0006,89,5,car,5.934,3.95,2.828,7.062,6.498,6.498,False
0006,89,3,car,33.879,32.158,1.642,33.386,36.079,36.079,False
0006,89,9,truck,23.881,19.699,5.674,23.021,19.182,19.182,False
0006,89,4,car,20.239,18.177,2.428,19.714,19.679,19.679,False
0006,89,12,car,38.532,37.269,16.034,37.058,39.936,39.936,False
0006,90,5,car,6.57,4.52,2.811,7.084,6.374,6.374,False
0006,90,3,car,35.06,33.34,1.613,34.294,36.963,36.963,False
0006,90,9,truck,24.931,20.747,5.629,23.767,20.151,20.151,False
0006,90,4,car,21.426,19.369,2.397,20.671,20.819,20.819,False
0006,90,12,car,38.728,37.438,15.677,38.869,42.217,42.217,False
0006,91,5,car,7.236,5.149,2.793,7.453,6.286,6.286,False
0006,91,3,car,36.283,34.565,1.571,35.325,38.218,38.218,False
0006,91,9,truck,25.985,21.801,5.584,25.167,21.198,21.198,False
0006,91,4,car,22.616,20.563,2.366,22.337,22.115,22.115,False
0006,92,5,car,7.925,5.817,2.775,7.642,6.249,6.249,False
0006,92,3,car,37.507,35.791,1.529,36.366,37.57,37.57,False
0006,92,4,car,23.808,21.759,2.335,23.363,22.529,22.529,False
0006,92,9,truck,27.044,22.861,5.539,27.033,22.294,22.294,False
0006,93,4,car,25.079,23.035,2.303,24.447,24.194,24.194,False
0006,93,9,truck,28.16,23.977,5.499,27.514,23.316,23.316,False
0006,93,3,car,38.778,37.064,1.487,38.621,40.631,40.631,False
0006,93,5,car,8.684,6.564,2.753,8.092,6.748,6.748,False
0006,94,3,car,40.05,38.338,1.445,39.851,42.158,42.158,False
0006,94,4,car,26.353,24.312,2.272,25.936,25.252,25.252,False
0006,94,9,truck,29.28,25.098,5.459,29.422,24.468,24.468,False
0006,94,5,car,9.459,7.333,2.732,8.823,7.474,7.474,False
0006,95,4,car,27.627,25.59,2.241,27.633,27.222,27.222,False
0006,95,9,truck,30.403,26.223,5.419,30.794,25.659,25.659,False
0006,95,5,car,10.246,8.118,2.71,9.59,8.193,8.193,False
0006,95,3,car,41.322,39.611,1.403,41.146,43.801,43.801,False
0006,96,4,car,29.022,26.988,2.211,28.896,28.409,28.409,False
0006,96,9,truck,31.529,27.351,5.38,32.288,26.494,26.494,False
0006,96,3,car,42.594,40.885,1.361,42.604,45.586,45.586,False
0006,96,5,car,11.071,8.944,2.682,10.381,9.035,9.035,False
0006,97,4,car,30.417,28.386,2.181,29.573,29.126,29.126,False
0006,97,9,truck,32.678,28.502,5.342,32.189,27.097,27.097,False
0006,97,5,car,11.938,9.814,2.674,11.24,9.777,9.777,False
0006,97,3,car,43.924,42.216,1.314,45.743,49.086,49.086,False
0006,97,6,car,4.72,3.16,2.816,7.111,13.856,13.856,False
0006,98,4,car,31.814,29.786,2.151,31.66,30.706,30.706,False
0006,98,5,car,12.812,10.693,2.665,11.85,10.575,10.575,False
0006,98,9,truck,33.829,29.656,5.304,34.784,28.803,28.803,False
0006,98,6,car,5.273,3.594,2.813,6.853,8.9,8.9,False
0006,98,3,car,45.254,43.547,1.267,47.5,49.625,49.625,False
0006,98,12,car,40.32,38.913,13.453,39.419,40.773,40.773,False
0006,99,6,car,5.935,4.191,2.817,7.017,8.066,8.066,False
0006,99,4,car,33.211,31.186,2.121,33.43,32.947,32.947,False
0006,99,5,car,13.738,11.622,2.637,12.911,11.41,11.41,False
0006,99,9,truck,34.983,30.812,5.267,36.779,30.1,30.1,False
0006,99,3,car,46.584,44.879,1.219,49.393,50.75,50.75,False
0006,99,12,car,40.509,39.091,13.234,38.261,39.739,39.739,False
0006,100,6,car,6.645,4.869,2.82,7.033,7.635,7.635,False
0006,100,4,car,34.679,32.657,2.07,35.387,34.451,34.451,False
0006,100,5,car,14.668,12.556,2.609,13.917,12.254,12.254,False
0006,100,9,truck,36.157,31.989,5.22,37.885,31.196,31.196,False
0006,100,3,car,47.914,46.211,1.172,49.404,50.742,50.742,True
0006,100,12,car,40.7,39.272,13.015,38.205,39.611,39.611,False
0006,101,6,car,7.42,5.63,2.817,8.016,7.433,7.433,False
0006,101,4,car,36.149,34.129,2.018,36.327,35.53,35.53,False
0006,101,3,car,49.245,47.542,1.125,51.454,53.798,53.798,True
0006,101,5,car,15.603,13.495,2.58,14.78,13.029,13.029,False
0006,101,9,truck,37.334,33.168,5.173,41.5,32.95,32.95,False
0006,101,12,car,40.883,39.434,12.845,39.001,40.744,40.744,False
0006,102,4,car,37.626,35.609,1.968,37.525,36.681,36.681,False
0006,102,5,car,16.582,14.477,2.549,15.758,14.018,14.018,False
0006,102,12,car,41.067,39.598,12.674,40.096,42.497,42.497,False
0006,102,9,truck,38.512,34.348,5.126,42.911,34.307,34.307,False
0006,102,6,car,8.221,6.428,2.814,7.426,7.401,7.401,False
0006,102,10,car,10.479,8.528,6.673,11.42,16.102,16.102,False
0006,103,4,car,39.172,37.157,1.904,39.911,38.567,38.567,False
0006,103,5,car,17.563,15.462,2.517,16.644,14.985,14.985,False
0006,103,12,car,41.252,39.765,12.504,40.491,42.396,42.396,False
0006,103,9,truck,39.691,35.531,5.079,44.408,35.263,35.263,False
0006,103,6,car,9.042,7.251,2.811,8.53,8.36,8.36,False
0006,103,10,car,11.151,9.123,6.66,12.08,12.619,12.619,False
0006,104,4,car,40.718,38.706,1.84,41.186,39.232,39.232,False
0006,104,10,car,11.86,9.774,6.647,10.747,10.463,10.463,False
0006,104,5,car,18.605,16.507,2.492,18.064,16.056,16.056,False
0006,104,9,truck,40.88,36.721,5.023,44.397,36.283,36.283,False
0006,104,6,car,9.941,8.155,2.798,9.406,9.269,9.269,False
0006,104,12,car,41.439,39.933,12.334,44.596,47.401,47.401,False
0006,105,5,car,19.65,17.555,2.467,18.847,17.174,17.174,False
0006,105,9,truck,42.069,37.914,4.966,46.024,37.232,37.232,False
0006,105,4,car,42.267,40.258,1.783,41.139,39.915,39.915,False
0006,105,6,car,10.853,9.074,2.784,10.294,10.331,10.331,False
0006,105,10,car,12.637,10.506,6.634,11.601,11.606,11.606,False
0006,106,10,car,13.444,11.278,6.621,13.348,12.568,12.568,False
0006,106,5,car,20.66,18.568,2.433,20.277,18.246,18.246,False
0006,106,4,car,43.817,41.81,1.727,45.813,43.396,43.396,False
0006,106,6,car,11.775,10.004,2.771,11.194,11.419,11.419,False
0006,106,9,truck,43.26,39.107,4.91,51.747,39.483,39.483,False
0006,107,5,car,21.747,19.659,2.399,21.616,19.141,19.141,False
0006,107,4,car,45.367,43.362,1.671,45.813,42.97,42.97,False
0006,107,6,car,12.693,10.929,2.755,11.957,12.463,12.463,False
0006,107,9,truck,44.508,40.359,4.867,56.482,41.31,41.31,False
0006,107,10,car,14.264,12.074,6.604,14.113,13.747,13.747,False
0006,107,12,car,41.949,40.392,11.888,44.015,45.453,45.453,False
0006,108,4,car,46.918,44.915,1.614,47.524,95.319,95.319,False
0006,108,6,car,13.682,11.925,2.739,13.005,13.38,13.38,False
0006,108,10,car,15.104,12.895,6.587,14.954,14.552,14.552,False
0006,108,9,truck,45.757,41.612,4.824,56.433,42.741,42.741,False
0006,108,5,car,22.834,20.749,2.373,22.522,20.136,20.136,False
0006,108,12,car,42.08,40.509,11.782,42.446,42.893,42.893,False
0006,109,4,car,48.469,46.467,1.558,49.424,99.276,99.276,False
0006,109,6,car,14.677,12.926,2.722,14.037,14.57,14.57,False
0006,109,10,car,15.961,13.739,6.57,15.691,15.209,15.209,False
0006,109,5,car,23.923,21.84,2.347,23.814,21.047,21.047,False
0006,109,12,car,42.212,40.626,11.676,42.381,42.84,42.84,False
0006,109,9,truck,47.007,42.866,4.781,23.814,28.096,28.096,False
0006,110,5,car,25.068,22.989,2.311,24.751,22.286,22.286,False
0006,110,10,car,16.883,14.65,6.553,16.392,16.122,16.122,False
0006,110,4,car,50.029,48.029,1.483,51.49,47.52,47.52,False
0006,110,6,car,15.662,13.918,2.706,14.937,15.696,15.696,False
0006,110,9,truck,48.281,44.143,4.71,73.109,48.503,48.503,False
0006,110,12,car,42.345,40.745,11.57,42.271,43.545,43.545,False
0006,111,4,car,51.589,49.591,1.408,51.518,49.08,49.08,False
0006,111,12,car,42.453,40.848,11.471,43.484,43.821,43.821,False
0006,111,6,car,16.726,14.988,2.689,16.321,16.854,16.854,False
0006,111,10,car,17.817,15.577,6.536,17.479,17.292,17.292,False
0006,111,5,car,26.17,24.094,2.275,26.317,23.418,23.418,False
0006,111,9,truck,49.557,45.42,4.639,83.719,51.329,51.329,False
0006,112,12,car,42.561,40.952,11.373,43.255,44.208,44.208,False
0006,112,4,car,53.15,51.154,1.333,53.762,51.332,51.332,False
0006,112,10,car,18.763,16.518,6.519,18.37,18.189,18.189,False
0006,112,6,car,17.794,16.061,2.673,17.103,17.855,17.855,False
0006,112,5,car,27.272,25.2,2.238,27.487,24.417,24.417,False
0006,112,9,truck,50.834,46.698,4.567,73.708,49.712,49.712,False
0006,113,10,car,19.741,17.493,6.505,19.42,19.306,19.306,False
0006,113,6,car,18.903,17.175,2.651,18.311,19.246,19.246,False
0006,113,4,car,54.711,52.717,1.258,56.207,52.535,52.535,False
0006,113,5,car,28.412,26.344,2.202,28.744,25.507,25.507,False
0006,113,12,car,42.669,41.056,11.274,42.744,43.644,43.644,False
0006,113,9,truck,52.111,47.977,4.496,29.429,32.828,32.828,False
0006,114,10,car,20.727,18.478,6.49,20.121,20.111,20.111,False
0006,114,6,car,20.014,18.291,2.63,19.446,20.231,20.231,False
0006,114,5,car,29.553,27.488,2.165,30.129,26.703,26.703,False
0006,114,9,truck,53.417,49.283,4.453,30.137,34.217,34.217,False
0006,114,12,car,42.778,41.161,11.175,44.162,45.304,45.304,False
0006,115,6,car,21.128,19.409,2.608,20.926,21.543,21.543,False
0006,115,5,car,30.695,28.633,2.129,30.883,57.977,57.977,False
0006,115,10,car,21.721,19.471,6.476,21.233,21.398,21.398,False
0006,115,12,car,42.797,41.178,11.168,44.124,47.527,47.527,False
0006,116,6,car,22.244,20.529,2.586,21.633,22.582,22.582,False
0006,116,10,car,22.737,20.487,6.452,22.451,22.487,22.487,False
0006,116,5,car,31.839,29.778,2.079,32.498,28.366,28.366,False
0006,116,12,car,42.816,41.195,11.161,44.132,47.492,47.492,False
0006,117,10,car,23.759,21.51,6.429,23.443,23.244,23.244,False
0006,117,6,car,23.378,21.667,2.549,23.156,23.99,23.99,False
0006,117,5,car,32.983,30.923,2.03,33.381,30.065,30.065,False
0006,117,9,truck,57.459,53.328,4.231,,69.349,69.349,False
0006,118,6,car,24.514,22.807,2.513,24.013,25.309,25.309,False
0006,118,10,car,24.787,22.538,6.405,24.399,24.597,24.597,False
0006,118,5,car,34.128,32.069,1.981,33.364,30.254,30.254,False
0006,118,9,truck,58.819,54.688,4.165,,70.35,70.35,False
0006,119,6,car,25.714,24.01,2.481,25.47,26.163,26.163,False
0006,119,10,car,25.836,23.589,6.375,25.961,25.857,25.857,False
0006,119,5,car,35.316,33.257,1.931,35.265,67.25,67.25,False
0006,120,10,car,26.89,24.644,6.345,26.927,26.652,26.652,False
0006,120,6,car,26.915,25.214,2.448,26.973,27.416,27.416,False
0006,120,5,car,36.504,34.446,1.882,36.299,33.147,33.147,False
0006,121,6,car,28.118,26.419,2.416,28.274,28.435,28.435,False
0006,121,10,car,27.947,25.702,6.315,27.791,28.353,28.353,False
0006,121,5,car,37.714,35.658,1.844,37.401,33.383,33.383,False
0006,121,12,car,42.889,41.261,11.131,41.946,43.493,43.493,False
0006,122,10,car,29.084,26.841,6.275,29.173,29.348,29.348,False
0006,122,6,car,29.321,27.625,2.384,28.923,29.535,29.535,False
0006,122,5,car,38.925,36.87,1.806,39.815,35.78,35.78,False
0006,122,12,car,42.887,41.258,11.129,41.762,43.424,43.424,False
0006,123,10,car,30.155,27.913,6.24,30.257,30.437,30.437,False
0006,123,6,car,30.525,28.831,2.352,30.289,30.942,30.942,False
0006,123,5,car,40.136,38.083,1.768,41.153,36.65,36.65,False
0006,123,12,car,42.886,41.256,11.127,41.73,42.983,42.983,False
0006,123,11,van,9.118,7.118,6.164,9.842,10.335,10.335,False
0006,124,6,car,31.743,30.051,2.316,31.043,31.803,31.803,False
0006,124,10,car,31.228,28.989,6.205,31.876,31.402,31.402,False
0006,124,5,car,41.398,39.347,1.711,42.585,38.539,38.539,False
0006,124,11,van,9.723,7.613,6.151,10.9,8.591,8.591,False
0006,124,12,car,42.884,41.253,11.124,41.722,43.586,43.586,False
0006,124,9,truck,67.239,63.122,3.792,,85.297,85.297,False
0006,125,10,car,32.318,30.08,6.162,32.594,32.22,32.22,False
0006,125,6,car,32.961,31.271,2.28,32.633,33.953,33.953,False
0006,125,5,car,42.661,40.612,1.653,44.104,38.532,38.532,False
0006,125,11,van,10.413,8.219,6.141,11.444,7.995,7.995,False
0006,125,12,car,42.883,41.251,11.122,41.73,43.126,43.126,False
0006,125,9,truck,68.672,64.558,3.729,,87.624,87.624,False
0006,126,10,car,33.41,31.175,6.12,33.38,33.574,33.574,False
0006,126,11,van,11.145,8.891,6.131,10.039,7.064,7.064,False
0006,126,6,car,34.18,32.491,2.244,34.358,34.461,34.461,False
0006,126,5,car,43.924,41.876,1.596,45.733,40.628,40.628,False
0006,126,12,car,42.882,41.248,11.119,43.102,43.94,43.94,False
0006,126,9,truck,70.105,65.995,3.665,,90.943,90.943,False
0006,127,10,car,34.527,32.294,6.068,35.009,34.534,34.534,False
0006,127,6,car,35.283,33.596,2.209,35.291,35.829,35.829,False
0006,127,11,van,11.929,9.63,6.121,10.726,7.647,7.647,False
0006,127,5,car,45.188,43.142,1.539,47.502,42.553,42.553,False
0006,127,12,car,42.88,41.246,11.117,43.094,44.35,44.35,False
0006,127,9,truck,71.594,67.487,3.606,,86.0,86.0,False
0006,128,10,car,35.647,33.415,6.017,35.825,35.837,35.837,False
0006,128,6,car,36.509,34.825,2.174,36.429,35.816,35.816,False
0006,128,11,van,12.743,10.411,6.11,12.539,18.032,18.032,False
0006,128,12,car,42.879,41.243,11.115,43.119,43.932,43.932,False
0006,128,5,car,46.477,44.433,1.477,49.413,42.544,42.544,False
0006,128,9,truck,73.083,68.98,3.548,,87.569,87.569,False
0006,129,6,car,37.736,36.053,2.138,37.518,37.931,37.931,False
0006,129,10,car,36.769,34.539,5.965,37.108,37.249,37.249,False
0006,129,12,car,42.877,41.24,11.112,41.787,44.064,44.064,False
0006,129,11,van,13.607,11.253,6.096,13.253,19.586,19.586,False
0006,129,5,car,47.767,45.724,1.415,49.401,43.791,43.791,False
0006,129,9,truck,74.573,70.473,3.489,,88.362,88.362,False
0006,130,10,car,37.923,35.695,5.924,38.189,38.464,38.464,False
0006,130,12,car,42.876,41.238,11.11,41.754,43.66,43.66,False
0006,130,6,car,38.975,37.295,2.089,39.838,39.252,39.252,False
0006,130,11,van,14.494,12.123,6.082,13.816,21.204,21.204,False
0006,130,5,car,49.057,47.016,1.354,51.47,44.663,44.663,False
0006,130,9,truck,76.063,71.966,3.43,,91.735,91.735,False
0006,131,10,car,39.078,36.853,5.883,39.288,39.42,39.42,False
0006,131,12,car,42.893,41.255,11.099,41.754,44.072,44.072,False
0006,131,6,car,40.215,38.537,2.039,39.922,40.667,40.667,False
0006,131,11,van,15.398,13.016,6.068,14.961,22.408,22.408,False
0006,131,5,car,50.426,48.389,1.332,53.713,46.039,46.039,False
0006,131,9,truck,77.566,73.473,3.362,,89.996,89.996,False
0006,132,10,car,40.235,38.013,5.841,40.509,40.429,40.429,False
0006,132,6,car,41.455,39.779,1.989,41.236,43.42,43.42,False
0006,132,11,van,16.341,13.952,6.052,15.767,24.025,24.025,False
0006,132,5,car,51.796,49.762,1.31,58.877,49.617,49.617,False
0006,132,12,car,42.911,41.272,11.088,43.102,44.777,44.777,False
0006,133,10,car,41.426,39.206,5.787,41.809,41.119,41.119,False
0006,133,6,car,42.735,41.061,1.947,42.611,45.166,45.166,False
0006,133,11,van,17.299,14.905,6.036,16.841,25.29,25.29,False
0006,133,5,car,53.166,51.136,1.288,56.183,49.069,49.069,False
0006,133,12,car,42.928,41.289,11.077,43.102,43.981,43.981,False
0006,134,10,car,42.619,40.4,5.733,43.191,42.634,42.634,False
0006,134,11,van,18.301,15.904,6.017,17.681,27.084,27.084,False
0006,134,6,car,44.016,42.343,1.904,45.748,44.703,44.703,False
0006,134,12,car,42.946,41.306,11.065,44.124,44.375,44.375,False
0006,134,5,car,54.536,52.51,1.266,58.862,49.609,49.609,False
0006,134,9,truck,82.078,77.995,3.158,45.795,51.832,51.832,False
0006,135,10,car,43.812,41.596,5.679,44.548,43.409,43.409,False
0006,135,6,car,45.297,43.626,1.862,45.755,47.05,47.05,False
0006,135,11,van,19.314,16.916,5.999,18.568,28.627,28.627,False
0006,135,5,car,55.905,53.884,1.245,61.838,51.916,51.916,False
0006,135,12,car,42.963,41.323,11.054,44.147,46.466,46.466,False
0006,136,10,car,44.989,42.774,5.639,44.685,45.109,45.109,False
0006,136,11,van,20.336,17.938,5.981,19.75,30.075,30.075,False
0006,136,6,car,46.578,44.909,1.819,47.566,47.541,47.541,False
0006,136,9,truck,85.914,81.835,3.08,47.568,53.558,53.558,False
0006,137,10,car,46.167,43.953,5.598,46.268,45.994,45.994,False
0006,137,11,van,21.365,18.968,5.963,21.121,31.926,31.926,False
0006,137,6,car,47.898,46.23,1.789,49.427,49.647,49.647,False
0006,138,10,car,47.345,45.132,5.557,47.924,47.42,47.42,False
0006,138,11,van,22.401,20.006,5.945,21.69,33.429,33.429,False
0006,138,6,car,49.218,47.552,1.76,49.422,49.643,49.643,False
0006,138,9,truck,89.752,85.675,3.002,51.49,56.398,56.398,False
0006,139,10,car,48.555,46.343,5.495,48.008,47.894,47.894,False
0006,139,11,van,23.491,21.098,5.921,22.956,35.126,35.126,False
0006,139,6,car,50.539,48.874,1.73,51.516,51.943,51.943,False
0006,140,10,car,49.765,47.555,5.432,49.776,49.443,49.443,False
0006,140,11,van,24.587,22.197,5.897,24.152,36.774,36.774,False
0006,140,6,car,51.86,50.196,1.701,51.516,51.94,51.94,False
0006,141,10,car,50.976,48.767,5.37,51.918,49.967,49.967,False
0006,141,11,van,25.679,23.291,5.87,25.404,38.936,38.936,False
0006,141,6,car,53.181,51.518,1.671,53.768,57.26,57.26,False
0006,142,10,car,52.223,50.015,5.315,54.146,51.077,51.077,False
0006,142,11,van,26.774,24.39,5.843,26.409,40.727,40.727,False
0006,143,10,car,53.471,51.264,5.26,54.069,51.64,51.64,False
0006,143,11,van,27.873,25.492,5.816,27.87,42.71,42.71,False
0006,144,10,car,54.719,52.513,5.205,56.561,54.763,54.763,False
0006,144,11,van,29.013,26.635,5.794,29.038,44.532,44.532,False
0006,144,12,car,42.899,41.277,11.093,41.738,43.424,43.424,False
0006,145,10,car,55.983,53.779,5.15,56.547,56.107,56.107,False
0006,145,11,van,30.189,27.815,5.763,30.373,46.533,46.533,False
0006,145,12,car,42.892,41.271,11.097,41.787,43.752,43.752,False
0006,146,11,van,31.369,28.997,5.731,31.044,47.797,47.797,False
0006,146,10,car,57.248,55.044,5.095,59.194,57.525,57.525,False
0006,146,12,car,42.907,41.284,11.083,42.624,43.94,43.94,False
0006,147,10,car,58.514,56.311,5.04,62.117,60.614,60.614,False
0006,147,11,van,32.551,30.183,5.7,32.181,49.898,49.898,False
0006,147,12,car,42.922,41.297,11.069,43.111,43.924,43.924,False
0006,148,10,car,59.816,57.616,4.988,62.166,60.593,60.593,False
0006,148,11,van,33.735,31.37,5.668,34.166,52.229,52.229,False
0006,148,12,car,42.937,41.31,11.055,43.086,43.924,43.924,False
0006,149,10,car,61.118,58.921,4.937,65.351,62.256,62.256,False
0006,149,11,van,34.922,32.56,5.637,35.088,53.879,53.879,False
0006,149,12,car,42.952,41.323,11.041,43.094,44.752,44.752,False
0007,0,0,car,13.018,10.972,1.173,10.824,11.199,11.199,True
0007,1,0,car,12.095,10.044,1.199,10.103,10.3,10.3,True
0007,2,0,car,11.175,9.117,1.224,9.338,9.449,9.449,False
0007,3,0,car,10.259,8.193,1.25,8.501,8.475,8.475,False
0007,4,0,car,9.347,7.273,1.276,7.776,7.839,7.839,False
0007,5,0,car,8.441,6.357,1.302,6.863,6.708,6.708,False
0007,6,0,car,7.542,5.449,1.328,6.23,6.484,6.484,False
0007,7,0,car,6.676,4.572,1.343,7.167,6.711,6.711,False
0007,8,0,car,5.825,3.715,1.359,6.831,7.044,7.044,False
0007,9,0,car,4.997,2.893,1.375,6.824,7.263,7.263,False
0007,10,0,car,4.206,2.15,1.391,6.902,7.667,7.667,False
0007,11,0,car,3.476,1.598,1.407,6.976,8.3,8.3,False
0007,12,0,car,2.856,1.452,1.422,7.119,9.16,9.16,False
0007,13,0,car,2.406,1.46,1.431,7.432,11.672,11.672,False
0007,35,61,car,23.804,21.893,13.35,16.189,23.291,23.291,False
0007,36,61,car,23.518,21.609,12.307,16.062,21.316,21.316,False
0007,37,61,car,23.09,21.185,11.193,16.426,20.604,20.604,False
0007,37,3,car,29.27,27.605,16.141,20.295,26.364,26.364,False
0007,38,61,car,22.715,20.814,10.086,17.012,20.667,20.667,False
0007,38,3,car,28.858,27.188,14.765,20.911,25.443,25.443,False
0007,39,61,car,22.395,20.497,8.984,17.317,20.163,20.163,False
0007,39,4,car,33.268,31.401,16.67,23.229,30.716,30.716,False
0007,39,3,car,28.517,26.841,13.391,21.38,25.459,25.459,False
0007,40,61,car,22.135,20.239,7.888,17.024,19.627,19.627,False
0007,40,6,car,45.947,44.069,23.483,30.956,45.934,45.934,False
0007,40,3,car,28.25,26.569,12.02,21.393,24.902,24.902,False
0007,40,4,car,32.826,30.955,15.099,24.034,30.831,30.831,False
0007,41,1,car,12.435,9.944,6.15,9.375,7.977,7.977,False
0007,41,6,car,45.595,43.741,21.273,31.222,46.009,46.009,False
0007,41,61,car,21.656,19.756,6.762,17.067,19.415,19.415,False
0007,41,3,car,27.818,26.147,10.641,21.464,25.026,25.026,False
0007,41,5,truck,40.972,38.241,22.88,27.922,46.324,46.324,False
0007,41,4,car,32.464,30.588,13.531,24.063,31.178,31.178,False
0007,42,6,car,45.117,43.259,19.043,31.612,45.154,45.154,False
0007,42,61,car,21.23,19.326,5.638,16.687,18.966,18.966,False
0007,42,1,car,12.029,9.517,5.677,9.146,16.5,16.5,False
0007,42,5,truck,40.424,37.678,21.106,27.397,44.442,44.442,False
0007,42,4,car,31.951,30.085,11.934,23.928,30.569,30.569,False
0007,42,3,car,27.456,25.795,9.269,21.326,24.65,24.65,False
0007,42,2,car,30.876,28.953,16.357,21.956,28.044,28.044,False
0007,43,61,car,20.817,18.925,4.622,16.423,18.808,18.808,False
0007,43,5,truck,39.969,37.211,19.341,27.667,44.435,44.435,False
0007,43,1,car,11.635,9.105,5.21,8.887,16.057,16.057,False
0007,43,6,car,44.761,42.894,16.816,30.86,44.118,44.118,False
0007,43,3,car,26.986,25.333,7.921,20.888,23.86,23.86,False
0007,43,2,car,30.402,28.475,15.045,21.95,28.257,28.257,False
0007,43,4,car,31.521,29.664,10.345,23.812,29.677,29.677,False
0007,44,61,car,20.453,18.574,3.614,16.163,18.409,18.409,False
0007,44,1,car,11.255,8.71,4.75,8.591,15.646,15.646,False
0007,44,6,car,44.228,42.363,14.731,30.925,43.59,43.59,False
0007,44,5,truck,39.59,36.817,17.719,27.467,43.192,43.192,False
0007,44,3,car,26.581,24.936,6.579,20.845,24.467,24.467,False
0007,44,2,car,29.988,28.057,13.738,21.686,27.211,27.211,False
0007,45,1,car,10.9,8.347,4.342,8.385,13.983,13.983,False
0007,45,61,car,19.925,18.051,2.694,15.79,17.922,17.922,False
0007,45,5,truck,39.295,36.508,16.105,26.758,42.837,42.837,False
0007,45,6,car,43.796,41.934,12.651,30.376,42.839,42.839,False
0007,45,2,car,29.635,27.703,12.434,21.195,27.331,27.331,False
0007,45,3,car,26.1,24.45,5.376,20.556,23.529,23.529,False
0007,46,1,car,10.531,7.963,3.969,7.979,13.323,13.323,False
0007,46,61,car,19.438,17.568,1.777,15.639,17.5,17.5,False
0007,46,5,truck,38.759,35.957,14.49,26.742,42.625,42.625,False
0007,46,2,car,29.103,27.165,11.175,20.623,25.66,25.66,False
0007,46,6,car,43.41,41.547,10.692,30.51,43.799,43.799,False
0007,46,3,car,25.671,24.016,4.175,20.013,22.801,22.801,False
0007,46,4,car,30.196,28.334,5.904,23.53,30.279,30.279,False
0007,47,61,car,18.994,17.127,0.864,15.52,17.063,17.063,True
0007,47,1,car,10.125,7.547,3.594,7.709,12.833,12.833,False
0007,47,5,truck,38.298,35.483,12.882,27.416,42.506,42.506,False
0007,47,2,car,28.623,26.68,9.919,20.593,25.316,25.316,False
0007,47,6,car,42.903,41.036,8.804,31.765,42.475,42.475,False
0007,47,3,car,25.097,23.453,2.992,20.485,22.608,22.608,False
0007,47,4,car,29.804,27.934,4.477,23.732,29.968,29.968,False
0007,48,1,car,9.711,7.124,3.253,7.561,12.464,12.464,False
0007,48,61,car,18.46,16.585,0.096,15.835,16.618,16.618,True
0007,48,2,car,28.198,26.254,8.833,21.201,24.782,24.782,False
0007,48,6,car,42.479,40.608,6.919,33.812,41.322,41.322,False
0007,48,5,truck,37.88,35.098,11.279,28.813,41.132,41.132,False
0007,48,3,car,24.627,22.984,1.876,21.398,22.024,22.024,False
0007,48,4,car,29.264,27.4,3.281,24.431,28.224,28.224,False
0007,49,2,car,27.814,25.869,7.75,22.297,24.589,24.589,False
0007,49,1,car,9.301,6.706,2.964,7.804,12.216,12.216,False
0007,49,61,car,17.958,16.075,0.0,15.786,16.287,16.287,True
0007,49,6,car,41.925,40.054,5.26,35.699,41.796,41.796,False
0007,49,7,van,67.339,65.046,11.328,57.224,49.918,49.918,False
0007,49,5,truck,37.358,34.572,9.869,29.798,39.952,39.952,False
0007,49,3,car,24.209,22.566,0.763,21.67,21.516,21.516,True
0007,49,4,car,28.773,26.915,2.088,26.408,28.808,28.808,False
0007,50,5,truck,36.891,34.102,8.463,30.992,40.215,40.215,False
0007,50,1,car,8.826,6.221,2.707,7.461,11.918,11.918,False
0007,50,61,car,17.43,15.543,0.0,15.366,15.603,15.603,True
0007,50,7,van,66.729,64.454,9.105,56.919,49.088,49.088,False
0007,50,2,car,27.293,25.339,6.898,22.022,24.202,24.202,False
0007,50,6,car,41.416,39.542,3.795,37.564,43.195,43.195,False
0007,50,3,car,23.645,22.002,0.0,21.611,21.265,21.265,True
0007,51,2,car,26.795,24.834,6.048,21.852,23.643,23.643,False
0007,51,5,truck,36.373,33.585,7.469,30.015,38.956,38.956,False
0007,51,1,car,8.334,5.72,2.486,7.317,11.867,11.867,False
0007,51,61,car,16.924,15.032,0.0,14.993,15.196,15.196,True
0007,51,6,car,40.921,39.048,2.536,36.429,42.653,42.653,False
0007,51,3,car,23.108,21.465,0.0,20.852,20.657,20.657,True
0007,52,5,truck,35.881,33.094,6.477,29.181,38.406,38.406,False
0007,52,7,van,65.602,63.327,5.141,56.465,49.266,49.266,False
0007,52,2,car,26.239,24.279,5.394,21.71,23.493,23.493,False
0007,52,61,car,16.371,14.483,0.023,14.309,14.729,14.729,True
0007,52,6,car,40.328,38.454,1.476,36.339,41.382,41.382,False
0007,52,1,car,7.835,5.213,2.309,7.703,11.675,11.675,False
0007,52,3,car,22.536,20.893,0.0,20.161,20.102,20.102,True
0007,52,4,car,27.183,25.332,0.0,24.624,26.254,26.254,True
0007,53,7,van,65.124,62.843,3.499,53.885,49.16,49.16,False
0007,53,61,car,15.831,13.946,0.506,13.854,14.211,14.211,True
0007,53,2,car,25.647,23.686,4.805,20.858,22.795,22.795,False
0007,53,1,car,7.34,4.711,2.168,6.965,11.462,11.462,False
0007,53,5,truck,35.287,32.501,5.765,28.405,37.487,37.487,False
0007,53,3,car,21.98,20.335,0.046,19.527,19.419,19.419,True
0007,53,6,car,39.764,37.879,0.397,35.238,40.219,40.219,True
0007,53,4,car,26.626,24.78,0.0,23.662,25.94,25.94,True
0007,54,7,van,64.583,62.3,2.22,53.796,48.042,48.042,False
0007,54,61,car,15.306,13.422,0.99,13.421,13.655,13.655,True
0007,54,2,car,25.064,23.103,4.217,20.148,21.835,21.835,False
0007,54,6,car,39.194,37.308,0.0,35.211,39.84,39.84,True
0007,54,1,car,6.837,4.205,2.057,6.714,11.315,11.315,False
0007,54,5,truck,34.705,31.922,5.053,28.301,36.927,36.927,False
0007,54,3,car,21.439,19.793,0.66,19.244,19.032,19.032,True
0007,54,4,car,26.087,24.245,0.0,23.215,24.797,24.797,True
0007,55,7,van,64.062,61.777,0.987,53.746,46.992,46.992,True
0007,55,61,car,14.704,12.816,1.231,12.773,13.003,13.003,False
0007,55,2,car,24.518,22.552,3.819,20.057,21.464,21.464,False
0007,55,1,car,6.348,3.718,1.995,6.797,11.18,11.18,False
0007,55,5,truck,34.135,31.355,4.342,28.242,36.821,36.821,False
0007,55,3,car,20.849,19.202,1.006,18.685,18.515,18.515,True
0007,55,6,car,38.642,36.754,0.0,35.2,39.837,39.837,True
0007,55,4,car,25.496,23.647,0.277,22.794,24.405,24.405,True
0007,56,7,van,63.456,61.172,0.042,53.7,47.982,47.982,True
0007,56,2,car,23.978,22.006,3.421,19.39,20.92,20.92,False
0007,56,61,car,14.109,12.215,1.472,12.306,12.557,12.557,False
0007,56,5,truck,33.556,30.79,3.814,28.179,36.601,36.601,False
0007,56,3,car,20.265,18.617,1.351,17.888,17.817,17.817,False
0007,56,1,car,5.844,3.227,1.931,6.777,10.925,10.925,False
0007,56,6,car,37.973,36.089,0.053,33.29,37.821,37.821,True
0007,56,4,car,24.913,23.057,0.722,21.996,23.66,23.66,True
0007,57,6,car,37.412,35.539,0.564,33.3,38.492,38.492,True
0007,57,61,car,13.521,11.622,1.713,11.658,12.051,12.051,False
0007,57,2,car,23.402,21.425,3.171,19.042,20.413,20.413,False
0007,57,7,van,62.865,60.581,0.0,53.679,45.997,45.997,True
0007,57,5,truck,32.983,30.232,3.285,27.519,35.592,35.592,False
0007,57,1,car,5.363,2.781,1.901,6.662,10.669,10.669,False
0007,57,3,car,19.689,18.039,1.697,17.42,17.376,17.376,False
0007,58,7,van,62.246,59.967,0.0,53.679,45.528,45.528,True
0007,58,2,car,22.829,20.845,2.921,18.491,19.68,19.68,False
0007,58,61,car,12.941,11.036,1.955,11.191,11.481,11.481,False
0007,58,5,truck,32.385,29.611,3.062,27.487,35.162,35.162,False
0007,58,6,car,36.769,34.883,1.006,32.424,37.225,37.225,True
0007,58,1,car,4.881,2.38,1.891,6.544,10.356,10.356,False
0007,58,3,car,19.08,17.41,1.86,16.98,16.952,16.952,False
0007,59,2,car,22.252,20.265,2.748,18.469,19.501,19.501,False
0007,59,7,van,61.637,59.364,0.0,56.135,47.47,47.47,True
0007,59,5,truck,31.789,28.994,2.84,27.471,34.506,34.506,False
0007,59,61,car,12.339,10.428,2.014,10.728,10.838,10.838,False
0007,59,6,car,36.178,34.294,1.246,32.44,36.936,36.936,False
0007,59,1,car,4.416,2.064,1.881,6.572,9.862,9.862,False
0007,59,3,car,18.495,16.822,2.021,16.756,16.55,16.55,False
0007,59,4,car,23.08,21.212,1.56,20.93,22.205,22.205,False
0007,60,5,truck,31.145,28.357,2.701,27.467,34.014,34.014,False
0007,60,2,car,21.59,19.598,2.684,18.496,19.008,19.008,False
0007,60,1,car,3.99,1.913,1.897,6.709,9.31,9.31,False
0007,60,61,car,11.74,9.824,2.072,10.261,10.269,10.269,False
0007,60,6,car,35.565,33.677,1.468,33.324,35.483,35.483,False
0007,60,7,van,61.03,58.765,0.168,58.828,98.143,98.143,True
0007,60,3,car,17.893,16.226,2.159,16.341,15.825,15.825,False
0007,60,4,car,22.445,20.576,1.701,21.304,22.221,22.221,False
0007,61,5,truck,30.501,27.72,2.562,28.102,33.076,33.076,False
0007,61,2,car,20.928,18.932,2.62,18.218,18.104,18.104,False
0007,61,61,car,11.145,9.223,2.131,9.842,9.688,9.688,False
0007,61,1,car,3.605,1.933,1.917,6.78,9.247,9.247,False
0007,61,3,car,17.302,15.638,2.253,16.163,15.323,15.323,False
0007,61,7,van,60.365,58.11,0.367,61.791,99.171,99.171,True
0007,61,6,car,34.906,33.019,1.533,34.264,34.397,34.397,False
0007,61,4,car,21.811,19.941,1.842,20.949,20.702,20.702,False
0007,62,2,car,20.266,18.265,2.557,18.235,17.553,17.553,False
0007,62,61,car,10.554,8.625,2.19,9.305,9.105,9.105,False
0007,62,5,truck,29.857,27.084,2.424,28.741,32.637,32.637,False
0007,62,3,car,16.654,14.989,2.292,15.76,14.795,14.795,False
0007,62,1,car,3.271,1.931,1.882,7.008,9.298,9.298,False
0007,62,7,van,59.7,57.456,0.566,65.069,45.542,45.542,True
0007,62,6,car,34.248,32.36,1.597,35.249,34.948,34.948,False
0007,62,4,car,21.152,19.282,1.88,20.617,20.069,20.069,False
0007,63,5,truck,29.195,26.413,2.404,27.476,31.767,31.767,False
0007,63,2,car,19.607,17.604,2.507,17.496,17.036,17.036,False
0007,63,6,car,33.59,31.702,1.662,33.341,33.646,33.646,False
0007,63,61,car,9.968,8.033,2.249,8.605,8.472,8.472,False
0007,63,3,car,16.008,14.341,2.332,15.022,14.047,14.047,False
0007,63,7,van,59.032,56.8,0.75,65.077,44.633,44.633,True
0007,63,4,car,20.493,18.623,1.918,19.955,19.564,19.564,False
0007,64,5,truck,28.533,25.743,2.384,26.872,31.252,31.252,False
0007,64,2,car,18.949,16.943,2.457,16.817,16.55,16.55,False
0007,64,6,car,32.952,31.067,1.71,32.515,33.405,33.405,False
0007,64,3,car,15.364,13.695,2.371,14.37,13.545,13.545,False
0007,64,61,car,9.388,7.447,2.297,7.935,7.839,7.839,False
0007,64,7,van,58.387,56.147,0.853,61.798,97.167,97.167,True
0007,64,4,car,19.834,17.965,1.956,18.76,18.615,18.615,False
0007,65,5,truck,27.871,25.072,2.365,25.241,29.791,29.791,False
0007,65,6,car,32.315,30.432,1.759,30.84,32.45,32.45,False
0007,65,2,car,18.247,16.24,2.425,15.962,15.867,15.867,False
0007,65,3,car,14.667,12.994,2.381,13.472,12.646,12.646,False
0007,65,61,car,8.709,6.761,2.299,7.307,7.24,7.24,False
0007,65,7,van,57.741,55.494,0.956,58.845,45.551,45.551,True
0007,65,4,car,19.176,17.308,1.994,17.96,18.037,18.037,False
0007,66,5,truck,27.274,24.473,2.381,24.707,29.345,29.345,False
0007,66,6,car,31.63,29.749,1.805,30.094,31.994,31.994,False
0007,66,2,car,17.547,15.537,2.393,15.223,14.945,14.945,False
0007,66,61,car,8.038,6.084,2.301,6.67,6.631,6.631,False
0007,66,3,car,13.972,12.294,2.391,12.812,12.179,12.179,False
0007,66,7,van,57.097,54.842,1.059,56.154,91.573,91.573,True
0007,66,4,car,18.52,16.651,2.032,17.236,17.159,17.159,False
0007,67,5,truck,26.677,23.874,2.397,24.745,28.745,28.745,False
0007,67,2,car,16.847,14.835,2.361,14.746,14.263,14.263,False
0007,67,61,car,7.378,5.42,2.303,6.993,6.651,6.651,False
0007,67,3,car,13.278,11.596,2.401,12.343,11.697,11.697,False
0007,67,6,car,30.946,29.067,1.852,30.098,31.109,31.109,False
0007,67,7,van,56.389,54.139,1.071,58.842,89.845,89.845,True
0007,67,4,car,17.799,15.928,2.038,16.829,16.427,16.427,False
0007,68,61,car,6.731,4.774,2.305,7.727,6.795,6.795,False
0007,68,5,truck,26.081,23.275,2.413,24.737,27.935,27.935,False
0007,68,6,car,30.218,28.336,1.846,30.857,30.072,30.072,False
0007,68,2,car,16.147,14.132,2.329,14.455,13.529,13.529,False
0007,68,3,car,12.588,10.9,2.411,11.695,10.842,10.842,False
0007,68,4,car,17.079,15.207,2.043,16.559,15.756,15.756,False
0007,68,7,van,55.681,53.436,1.082,61.799,89.843,89.843,True
0007,69,61,car,6.101,4.154,2.307,6.7,6.876,6.876,False
0007,69,3,car,11.9,10.206,2.421,11.037,10.274,10.274,False
0007,69,5,truck,25.485,22.676,2.429,24.728,27.161,27.161,False
0007,69,6,car,29.49,27.605,1.841,30.86,29.484,29.484,False
0007,69,2,car,15.453,13.434,2.321,13.995,12.938,12.938,False
0007,69,4,car,16.359,14.485,2.048,15.75,14.895,14.895,False
0007,70,5,truck,24.749,21.938,2.425,22.915,26.138,26.138,False
0007,70,3,car,11.215,9.516,2.431,10.174,9.607,9.607,False
0007,70,61,car,5.496,3.575,2.309,6.623,7.18,7.18,False
0007,70,2,car,14.759,12.737,2.312,13.079,12.181,12.181,False
0007,70,6,car,28.761,26.873,1.844,29.388,29.107,29.107,False
0007,70,4,car,15.57,13.692,2.081,14.811,14.261,14.261,False
0007,70,7,van,54.218,51.983,1.05,58.843,89.843,89.843,True
0007,71,2,car,14.068,12.041,2.304,12.031,11.482,11.482,False
0007,71,3,car,10.483,8.776,2.421,9.328,8.996,8.996,False
0007,71,5,truck,24.013,21.199,2.421,20.978,25.331,25.331,False
0007,71,61,car,4.923,3.059,2.311,7.223,7.689,7.689,False
0007,71,6,car,28.032,26.141,1.846,25.702,27.677,27.677,False
0007,71,7,van,53.462,51.234,1.002,51.438,88.181,88.181,True
0007,71,4,car,14.947,13.066,2.113,13.558,13.481,13.481,False
0007,72,2,car,13.336,11.304,2.303,11.162,10.884,10.884,False
0007,72,3,car,9.756,8.042,2.412,8.501,8.298,8.298,False
0007,72,6,car,27.304,25.409,1.849,24.205,26.855,26.855,False
0007,72,7,van,52.694,50.462,0.911,45.697,85.032,85.032,True
0007,72,5,truck,23.277,20.461,2.417,19.642,24.561,24.561,False
0007,72,61,car,4.395,2.642,2.313,6.711,8.658,8.658,False
0007,72,4,car,14.202,12.313,2.093,12.621,12.721,12.721,False
0007,73,2,car,12.608,10.568,2.303,10.601,10.242,10.242,False
0007,73,3,car,9.035,7.315,2.403,7.838,7.602,7.602,False
0007,73,6,car,26.545,24.647,1.857,24.191,26.39,26.39,False
0007,73,5,truck,22.542,19.723,2.412,18.755,23.412,23.412,False
0007,73,7,van,51.925,49.689,0.814,45.696,83.54,83.54,True
0007,73,4,car,13.458,11.562,2.072,11.924,12.016,12.016,False
0007,74,6,car,25.787,23.885,1.864,24.703,25.5,25.5,False
0007,74,2,car,11.881,9.836,2.302,10.308,9.576,9.576,False
0007,74,3,car,8.326,6.602,2.404,7.261,6.917,6.917,False
0007,74,5,truck,21.808,18.986,2.408,19.057,22.719,22.719,False
0007,74,7,van,51.185,48.946,0.854,51.447,83.544,83.544,True
0007,74,4,car,12.717,10.813,2.052,11.518,11.23,11.23,False
0007,75,6,car,25.029,23.123,1.871,25.203,24.402,24.402,False
0007,75,3,car,7.628,5.903,2.405,6.708,6.306,6.306,False
0007,75,5,truck,21.074,18.249,2.404,19.064,21.766,21.766,False
0007,75,2,car,11.159,9.106,2.301,9.646,8.77,8.77,False
0007,75,4,car,11.978,10.067,2.032,11.041,10.554,10.554,False
0007,75,7,van,50.444,48.203,0.893,56.152,82.107,82.107,True
0007,76,5,truck,20.341,17.512,2.4,18.533,20.936,20.936,False
0007,76,6,car,24.271,22.361,1.879,25.2,23.893,23.893,False
0007,76,3,car,6.945,5.223,2.406,6.952,6.318,6.318,False
0007,76,2,car,10.44,8.381,2.3,8.963,8.166,8.166,False
0007,76,4,car,11.241,9.323,2.012,10.463,9.871,9.871,False
0007,76,7,van,49.704,47.46,0.932,58.84,78.716,78.716,True
0007,76,11,car,73.56,71.547,3.568,82.771,70.957,70.957,False
0007,77,5,truck,19.49,16.657,2.375,17.756,20.27,20.27,False
0007,77,3,car,6.235,4.523,2.405,7.395,6.286,6.286,False
0007,77,6,car,23.514,21.6,1.886,25.23,23.653,23.653,False
0007,77,2,car,9.727,7.66,2.3,8.27,7.475,7.475,False
0007,77,4,car,10.467,8.544,2.019,9.701,9.102,9.102,False
0007,77,11,car,72.751,70.738,3.555,77.565,72.101,72.101,False
0007,77,7,van,48.639,46.391,0.969,56.148,76.816,76.816,True
0007,78,5,truck,18.64,15.802,2.351,16.353,19.336,19.336,False
0007,78,3,car,5.552,3.864,2.404,6.866,6.393,6.393,False
0007,78,11,car,71.943,69.928,3.542,68.841,69.843,69.843,False
0007,78,6,car,22.634,20.717,1.89,23.322,22.598,22.598,False
0007,78,2,car,9.019,6.947,2.299,7.518,6.834,6.834,False
0007,78,4,car,9.699,7.771,2.025,8.886,8.352,8.352,False
0007,78,7,van,47.97,45.718,0.985,51.446,74.421,74.421,True
0007,79,2,car,8.32,6.242,2.298,7.079,6.479,6.479,False
0007,79,3,car,4.907,3.271,2.403,7.293,6.732,6.732,False
0007,79,5,truck,17.79,14.948,2.326,14.98,18.452,18.452,False
0007,79,6,car,21.878,19.96,1.903,21.677,21.433,21.433,False
0007,79,11,car,71.127,69.113,3.468,61.91,67.729,67.729,False
0007,79,4,car,8.937,7.006,2.031,7.976,7.601,7.601,False
0007,79,7,van,47.301,45.045,1.002,47.466,72.17,72.17,True
0007,80,5,truck,16.942,14.095,2.302,13.848,17.583,17.583,False
0007,80,6,car,21.124,19.203,1.915,19.63,20.289,20.289,False
0007,80,2,car,7.63,5.549,2.297,7.182,6.728,6.728,False
0007,80,4,car,8.184,6.25,2.038,7.076,6.834,6.834,False
0007,80,7,van,46.465,44.209,1.105,41.114,71.631,71.631,True
0007,80,11,car,70.311,68.297,3.394,53.757,68.771,68.771,False
0007,80,3,car,4.316,2.784,2.402,7.425,7.812,7.812,False
0007,81,4,car,7.441,5.51,2.044,6.537,6.404,6.404,False
0007,81,2,car,6.883,4.805,2.292,7.45,7.08,7.08,False
0007,81,5,truck,16.095,13.243,2.277,12.725,16.304,16.304,False
0007,81,6,car,20.37,18.446,1.928,18.193,19.864,19.864,False
0007,81,7,van,45.63,43.373,1.209,37.361,69.546,69.546,False
0007,81,11,car,69.499,67.485,3.336,47.568,62.973,62.973,False
0007,82,4,car,6.679,4.755,2.046,7.236,6.687,6.687,False
0007,82,5,truck,15.249,12.392,2.253,11.394,14.992,14.992,False
0007,82,6,car,19.571,17.643,1.951,17.436,19.045,19.045,False
0007,82,2,car,6.156,4.093,2.286,6.61,7.355,7.355,False
0007,82,11,car,68.687,66.672,3.278,44.124,65.737,65.737,False
0007,82,7,van,44.781,42.524,1.223,36.256,68.062,68.062,False
0007,83,4,car,5.937,4.031,2.048,6.625,6.749,6.749,False
0007,83,5,truck,14.405,11.542,2.228,10.894,14.207,14.207,False
0007,83,6,car,18.773,16.841,1.973,16.75,17.933,17.933,False
0007,83,11,car,67.918,65.903,3.255,45.79,62.957,62.957,False
0007,83,2,car,5.459,3.434,2.281,7.063,7.556,7.556,False
0007,83,7,van,43.931,41.675,1.238,36.259,68.064,68.064,False
0007,84,5,truck,13.566,10.696,2.217,10.235,13.075,13.075,False
0007,84,4,car,5.223,3.358,2.05,6.442,6.778,6.778,False
0007,84,11,car,67.15,65.134,3.232,47.566,63.856,63.856,False
0007,84,6,car,17.896,15.961,1.973,16.312,17.14,17.14,False
0007,84,2,car,4.804,2.864,2.275,7.149,7.878,7.878,False
0007,84,7,van,43.082,40.827,1.253,37.368,62.701,62.701,False
0007,85,5,truck,12.729,9.853,2.206,9.675,12.315,12.315,False
0007,85,6,car,17.021,15.081,1.974,15.709,16.303,16.303,False
0007,85,4,car,4.55,2.773,2.051,6.578,7.366,7.366,False
0007,85,11,car,66.381,64.365,3.21,49.453,62.957,62.957,False
0007,85,7,van,42.249,39.995,1.266,37.371,62.705,62.705,False
0007,85,2,car,4.21,2.446,2.27,6.72,8.797,8.797,False
0007,86,5,truck,11.896,9.014,2.195,9.108,11.416,11.416,False
0007,86,6,car,16.147,14.203,1.974,15.14,15.236,15.236,False
0007,86,11,car,65.553,63.537,3.18,51.528,58.827,58.827,False
0007,86,4,car,3.94,2.342,2.053,6.711,8.164,8.164,False
0007,86,7,van,41.417,39.162,1.28,38.544,61.492,61.492,False
0007,87,5,truck,11.067,8.178,2.183,8.345,10.43,10.43,False
0007,87,6,car,15.274,13.325,1.974,14.454,14.491,14.491,False
0007,87,11,car,64.725,62.708,3.15,49.496,60.414,60.414,False
0007,87,7,van,40.584,38.33,1.294,37.372,61.102,61.102,False
0007,88,11,car,63.897,61.879,3.12,47.591,58.822,58.822,False
0007,88,5,truck,10.243,7.349,2.172,7.719,9.669,9.669,False
0007,88,6,car,14.403,12.449,1.974,13.69,13.909,13.909,False
0007,88,7,van,39.724,37.47,1.328,36.273,61.111,61.111,False
0007,89,11,car,63.069,61.051,3.09,47.545,59.606,59.606,False
0007,89,5,truck,9.426,6.528,2.161,7.239,8.999,8.999,False
0007,89,6,car,13.535,11.574,1.979,12.606,12.819,12.819,False
0007,89,7,van,38.863,36.609,1.361,35.236,59.965,59.965,False
0007,90,5,truck,8.627,5.727,2.153,6.501,8.667,8.667,False
0007,90,11,car,62.24,60.222,3.06,44.179,53.224,53.224,False
0007,90,7,van,38.002,35.748,1.395,34.261,58.864,58.864,False
0007,90,6,car,12.669,10.702,1.983,11.696,11.905,11.905,False
0007,91,5,truck,7.839,4.945,2.144,6.689,8.391,8.391,False
0007,91,11,car,61.412,59.393,3.03,44.163,51.989,51.989,False
0007,91,6,car,11.807,9.833,1.988,10.913,11.047,11.047,False
0007,91,7,van,37.143,34.888,1.431,33.331,57.448,57.448,False
0007,92,5,truck,7.065,4.189,2.136,7.303,8.036,8.036,False
0007,92,11,car,60.563,58.543,3.002,42.604,55.883,55.883,False
0007,92,6,car,10.962,8.981,1.983,9.914,9.973,9.973,False
0007,92,7,van,36.284,34.029,1.466,31.616,53.882,53.882,False
0007,93,11,car,59.71,57.69,2.971,39.822,56.593,56.593,False
0007,93,5,truck,6.312,3.478,2.128,7.332,7.669,7.669,False
0007,93,6,car,10.122,8.133,1.977,8.924,9.082,9.082,False
0007,93,7,van,35.424,33.169,1.502,29.359,52.998,52.998,False
0007,94,5,truck,5.586,2.846,2.119,6.55,7.184,7.184,False
0007,94,7,van,34.566,32.31,1.538,27.386,49.191,49.191,False
0007,94,11,car,58.859,56.839,2.935,37.441,53.222,53.222,False
0007,94,6,car,9.288,7.29,1.972,8.123,8.291,8.291,False
0007,95,5,truck,4.901,2.357,2.111,6.701,,6.701,False
0007,95,11,car,58.009,55.989,2.899,37.441,53.863,53.863,False
0007,95,7,van,33.67,31.413,1.569,28.036,49.989,49.989,False
0007,95,6,car,8.466,6.459,1.982,7.371,7.473,7.473,False
0007,96,5,truck,4.277,2.111,2.102,6.647,,6.647,False
0007,96,7,van,32.774,30.517,1.594,29.357,49.227,49.227,False
0007,96,6,car,7.656,5.641,1.993,6.711,6.667,6.667,False
0007,96,11,car,57.097,55.077,2.791,41.172,50.803,50.803,False
0007,97,5,truck,3.765,2.072,2.071,7.481,,7.481,False
0007,97,6,car,6.86,4.84,2.004,7.069,6.583,6.583,False
0007,97,7,van,31.879,29.621,1.618,30.095,47.75,47.75,False
0007,97,11,car,56.187,54.167,2.686,44.177,47.569,47.569,False
0007,98,6,car,6.068,4.052,2.014,6.716,6.872,6.872,False
0007,98,7,van,30.983,28.724,1.643,30.106,47.288,47.288,False
0007,98,5,truck,3.356,2.04,2.039,7.206,,7.206,False
0007,98,11,car,55.274,53.255,2.579,44.131,47.569,47.569,False
0007,99,11,car,54.36,52.341,2.469,42.631,48.59,48.59,False
0007,99,7,van,30.087,27.827,1.668,28.052,44.88,44.88,False
0007,99,6,car,5.308,3.316,2.025,6.714,7.218,7.218,False
0007,100,11,car,53.471,51.452,2.396,39.88,45.615,45.615,False
0007,100,7,van,29.192,26.931,1.693,26.253,40.742,40.742,False
0007,100,6,car,4.596,2.675,2.036,6.636,7.719,7.719,False
0007,101,7,van,28.297,26.034,1.718,25.711,38.998,38.998,False
0007,101,11,car,52.582,50.563,2.323,39.88,46.565,46.565,False
0007,101,6,car,3.957,2.214,2.047,6.807,8.645,8.645,False
0007,102,11,car,51.693,49.674,2.251,42.598,47.552,47.552,False
0007,102,7,van,27.378,25.113,1.757,25.71,37.708,37.708,False
0007,103,7,van,26.46,24.191,1.796,25.2,35.917,35.917,False
0007,103,11,car,50.804,48.785,2.178,42.631,42.984,42.984,False
0007,104,7,van,25.543,23.27,1.834,24.211,35.524,35.524,False
0007,104,11,car,49.915,47.896,2.105,42.593,42.574,42.574,False
0007,105,11,car,49.0,46.981,2.056,41.167,43.396,43.396,False
0007,105,7,van,24.626,22.35,1.873,23.31,34.328,34.328,False
0007,106,11,car,48.084,46.065,2.008,39.868,42.978,42.978,False
0007,106,7,van,23.711,21.43,1.912,22.075,35.304,35.304,False
0007,107,11,car,47.169,45.149,1.959,38.636,41.388,41.388,False
0007,107,7,van,22.796,20.511,1.95,21.335,33.837,33.837,False
0007,108,11,car,46.254,44.234,1.91,38.616,40.634,40.634,False
0007,108,7,van,21.882,19.593,1.989,20.637,32.511,32.511,False
0007,109,7,van,20.97,18.675,2.028,19.958,29.501,29.501,False
0007,109,11,car,45.338,43.318,1.861,38.616,38.869,38.869,False
0007,110,11,car,44.423,42.403,1.812,38.62,38.534,38.534,False
0007,110,7,van,20.079,17.78,2.021,18.785,27.805,27.805,False
0007,111,7,van,19.189,16.886,2.015,17.975,26.303,26.303,False
0007,111,11,car,43.514,41.493,1.8,37.452,38.535,38.535,False
0007,112,11,car,42.605,40.583,1.787,38.64,37.252,37.252,False
0007,112,7,van,18.3,15.992,2.008,17.24,26.79,26.79,False
0007,113,11,car,41.697,39.674,1.774,39.888,37.256,37.256,False
0007,113,7,van,17.411,15.099,2.002,16.581,23.651,23.651,False
0007,114,11,car,40.795,38.77,1.835,42.65,35.775,35.775,False
0007,114,7,van,16.524,14.207,1.996,15.755,23.669,23.669,False
0007,115,11,car,39.894,37.867,1.896,42.582,35.497,35.497,False
0007,115,7,van,15.639,13.315,1.989,15.2,22.456,22.456,False
0007,116,11,car,38.99,36.961,1.937,42.597,34.949,34.949,False
0007,116,7,van,14.755,12.425,1.983,14.348,21.108,21.108,False
0007,117,7,van,13.873,11.537,1.976,13.16,19.567,19.567,False
0007,117,11,car,38.087,36.056,1.978,39.944,32.903,32.903,False
0007,118,11,car,37.184,35.151,2.019,36.356,31.97,31.97,False
0007,118,7,van,12.993,10.65,1.97,12.157,18.396,18.396,False
0007,119,11,car,36.281,34.246,2.059,33.492,31.089,31.089,False
0007,119,7,van,12.125,9.774,2.003,10.825,16.711,16.711,False
0007,119,10,car,28.871,26.735,1.913,25.743,25.048,25.048,False
0007,120,11,car,35.337,33.302,2.09,31.757,29.852,29.852,False
0007,120,7,van,11.225,8.866,1.989,9.928,15.292,15.292,False
0007,120,10,car,27.96,25.823,1.912,28.726,27.335,27.335,False
0007,120,14,car,44.346,42.548,2.212,44.126,43.832,43.832,False
0007,120,9,car,22.351,20.37,2.104,15.692,15.428,15.428,False
0007,121,11,car,34.394,32.358,2.12,30.985,28.529,28.529,False
0007,121,7,van,10.329,7.964,1.975,8.986,13.99,13.99,False
0007,121,10,car,27.049,24.912,1.911,26.859,25.621,25.621,False
0007,121,14,car,43.391,41.592,2.177,44.126,45.638,45.638,False
0007,121,9,car,21.434,19.452,2.089,14.95,14.691,14.691,False
0007,122,11,car,33.451,31.414,2.151,30.239,28.357,28.357,False
0007,122,7,van,9.439,7.067,1.962,8.13,12.722,12.722,False
0007,122,10,car,26.138,24.0,1.909,26.284,25.195,25.195,False
0007,122,9,car,20.517,18.533,2.074,13.945,14.07,14.07,False
0007,123,11,car,32.509,30.471,2.181,28.853,26.676,26.676,False
0007,123,7,van,8.558,6.179,1.948,7.206,11.403,11.403,False
0007,123,14,car,41.482,39.682,2.108,39.857,41.032,41.032,False
0007,123,10,car,25.227,23.089,1.908,24.227,23.737,23.737,False
0007,123,9,car,19.56,17.574,2.059,19.348,19.941,19.941,False
0007,123,8,car,13.926,11.768,1.839,12.831,12.637,12.637,False
0007,124,11,car,31.567,29.528,2.212,27.549,26.369,26.369,False
0007,124,7,van,7.687,5.303,1.934,6.431,10.265,10.265,False
0007,124,14,car,40.527,38.726,2.073,41.19,41.034,41.034,False
0007,124,9,car,18.603,16.615,2.044,17.45,18.051,18.051,False
0007,124,10,car,24.316,22.177,1.907,23.325,23.497,23.497,False
0007,125,11,car,30.625,28.585,2.242,26.394,25.773,25.773,False
0007,125,7,van,6.831,4.448,1.92,6.521,10.19,10.19,False
0007,125,10,car,23.398,21.258,1.898,22.071,22.006,22.006,False
0007,125,14,car,39.573,37.771,2.039,38.581,39.944,39.944,False
0007,125,9,car,17.647,15.657,2.03,16.116,16.239,16.239,False
0007,125,8,car,12.108,9.939,1.829,11.054,11.191,11.191,False
0007,126,11,car,29.684,27.643,2.273,25.359,25.634,25.634,False
0007,126,7,van,5.996,3.628,1.906,6.641,9.78,9.78,False
0007,126,10,car,22.48,20.339,1.889,21.318,21.599,21.599,False
0007,126,9,car,16.693,14.7,2.015,15.144,15.514,15.514,False
0007,126,14,car,38.619,36.816,2.018,37.419,39.933,39.933,False
0007,126,8,car,11.204,9.028,1.824,10.115,10.112,10.112,False
0007,127,11,car,28.743,26.701,2.303,23.892,24.392,24.392,False
0007,127,9,car,15.757,13.761,2.004,14.302,14.605,14.605,False
0007,127,7,van,5.193,2.872,1.892,6.605,9.521,9.521,False
0007,127,10,car,21.562,19.42,1.88,19.949,20.247,20.247,False
0007,127,14,car,37.666,35.862,1.998,35.266,39.58,39.58,False
0007,127,8,car,10.303,8.121,1.818,9.166,9.106,9.106,False
0007,128,11,car,27.817,25.775,2.312,23.035,24.137,24.137,False
0007,128,7,van,4.438,2.248,1.878,6.46,9.582,9.582,False
0007,128,10,car,20.644,18.501,1.871,19.352,19.39,19.39,False
0007,128,9,car,14.824,12.823,1.992,13.684,14.106,14.106,False
0007,128,8,car,9.408,7.22,1.813,8.272,8.197,8.197,False
0007,128,14,car,36.712,34.907,1.978,34.301,37.906,37.906,False
0007,129,11,car,26.891,24.849,2.32,21.822,23.392,23.392,False
0007,129,10,car,19.728,17.583,1.862,17.926,18.377,18.377,False
0007,129,7,van,3.761,1.89,1.864,6.64,9.905,9.905,False
0007,129,8,car,8.519,6.326,1.808,7.321,7.24,7.24,False
0007,129,9,car,13.892,11.886,1.981,12.588,12.819,12.819,False
0007,129,14,car,35.759,33.953,1.957,32.486,36.667,36.667,False
0007,130,11,car,25.965,23.924,2.328,20.751,22.934,22.934,False
0007,130,8,car,7.64,5.443,1.803,6.487,6.464,6.464,False
0007,130,7,van,3.212,1.862,1.85,7.451,4.717,4.717,False
0007,130,10,car,18.783,16.633,1.844,16.952,17.532,17.532,False
0007,130,9,car,12.962,10.951,1.969,11.581,11.887,11.887,False
0007,130,14,car,34.805,32.998,1.937,31.662,36.084,36.084,False
0007,130,12,car,26.895,24.793,2.151,24.224,25.927,25.927,False
0007,131,8,car,6.739,4.544,1.786,6.942,6.522,6.522,False
0007,131,11,car,25.016,22.974,2.373,20.432,22.046,22.046,False
0007,131,9,car,12.024,10.008,1.965,10.829,10.968,10.968,False
0007,131,10,car,17.839,15.683,1.827,16.097,16.403,16.403,False
0007,131,14,car,33.851,32.043,1.897,31.665,34.689,34.689,False
0007,131,12,car,25.942,23.838,2.141,23.767,24.937,24.937,False
0007,132,8,car,5.858,3.676,1.768,7.165,6.614,6.614,False
0007,132,11,car,24.068,22.025,2.413,20.128,21.041,21.041,False
0007,132,9,car,11.09,9.068,1.961,9.915,9.94,9.94,False
0007,132,10,car,16.896,14.735,1.81,15.683,15.571,15.571,False
0007,132,12,car,24.99,22.882,2.131,23.758,24.014,24.014,False
0007,132,14,car,32.897,31.089,1.857,31.647,33.397,33.397,False
0007,133,8,car,5.005,2.868,1.751,6.461,7.163,7.163,False
0007,133,11,car,23.121,21.077,2.44,19.821,20.488,20.488,False
0007,133,9,car,10.161,8.132,1.957,9.087,9.048,9.048,False
0007,133,10,car,15.954,13.787,1.792,14.782,14.584,14.584,False
0007,133,12,car,24.038,21.928,2.12,22.892,22.58,22.58,False
0007,133,14,car,31.943,30.134,1.818,31.641,32.909,32.909,False
0007,133,15,car,43.023,40.794,1.512,41.139,42.956,42.956,False
0007,134,11,car,22.185,20.137,2.447,18.701,19.199,19.199,False
0007,134,8,car,4.198,2.187,1.734,7.105,7.557,7.557,False
0007,134,9,car,9.239,7.204,1.952,8.123,8.066,8.066,False
0007,134,10,car,15.014,12.841,1.775,13.945,13.645,13.645,False
0007,134,14,car,30.99,29.179,1.778,30.851,31.523,31.523,False
0007,134,12,car,23.087,20.973,2.11,22.083,22.033,22.033,False
0007,134,15,car,42.05,39.82,1.507,39.814,42.144,42.144,False
0007,135,11,car,21.251,19.199,2.456,17.919,18.367,18.367,False
0007,135,8,car,3.47,1.786,1.717,6.513,8.089,8.089,False
0007,135,9,car,8.325,6.287,1.948,7.205,7.201,7.201,False
0007,135,10,car,14.06,11.883,1.774,12.944,12.69,12.69,False
0007,135,12,car,22.129,20.013,2.043,21.311,21.315,21.315,False
0007,135,14,car,30.036,28.224,1.738,29.38,30.661,30.661,False
0007,135,15,car,41.077,38.846,1.503,38.56,40.617,40.617,False
0007,136,11,car,20.318,18.262,2.464,17.22,17.599,17.599,False
0007,136,9,car,7.423,5.384,1.944,6.421,6.485,6.485,False
0007,136,10,car,13.109,10.927,1.774,12.12,11.807,11.807,False
0007,136,12,car,21.17,19.053,1.976,20.268,20.088,20.088,False
0007,136,14,car,29.082,27.27,1.698,28.77,29.459,29.459,False
0007,136,15,car,40.103,37.871,1.498,37.371,39.191,39.191,False
0007,137,11,car,19.387,17.325,2.472,16.36,16.533,16.533,False
0007,137,9,car,6.533,4.501,1.932,7.642,6.835,6.835,False
0007,137,10,car,12.16,9.974,1.773,11.072,10.752,10.752,False
0007,137,12,car,20.212,18.093,1.909,19.348,19.163,19.163,False
0007,137,14,car,28.132,26.317,1.704,28.047,28.706,28.706,False
0007,137,15,car,39.13,36.897,1.493,37.379,38.521,38.521,False
0007,137,13,car,29.453,27.187,3.001,25.806,25.553,25.553,False
0007,138,11,car,18.456,16.39,2.48,15.223,15.434,15.434,False
0007,138,9,car,5.667,3.658,1.92,6.554,7.115,7.115,False
0007,138,10,car,11.215,9.024,1.772,10.047,9.855,9.855,False
0007,138,12,car,19.278,17.153,1.928,18.219,18.254,18.254,False
0007,138,14,car,27.181,25.364,1.71,26.256,27.149,27.149,False
0007,138,13,car,28.482,26.214,3.008,24.282,25.279,25.279,False
0007,138,15,car,38.157,35.923,1.489,35.262,37.237,37.237,False
0007,139,11,car,17.527,15.456,2.488,14.569,14.478,14.478,False
0007,139,10,car,10.275,8.079,1.772,9.112,8.884,8.884,False
0007,139,9,car,4.837,2.889,1.908,6.426,7.631,7.631,False
0007,139,14,car,26.232,24.412,1.716,25.194,26.057,26.057,False
0007,139,12,car,18.345,16.214,1.947,17.23,17.434,17.434,False
0007,139,13,car,27.513,25.241,3.016,23.375,23.206,23.206,False
0007,139,15,car,37.184,34.949,1.484,34.257,36.335,36.335,False
0007,140,11,car,16.586,14.51,2.472,13.679,13.6,13.6,False
0007,140,10,car,9.332,7.131,1.781,8.123,7.914,7.914,False
0007,140,9,car,4.065,2.272,1.897,6.526,8.322,8.322,False
0007,140,14,car,25.282,23.46,1.723,24.196,24.367,24.367,False
0007,140,12,car,17.412,15.276,1.967,16.328,16.69,16.69,False
0007,140,15,car,36.211,33.975,1.48,33.337,33.865,33.865,False
0007,140,13,car,26.544,24.269,3.024,22.541,22.297,22.297,False
0007,141,11,car,15.646,13.565,2.455,13.146,12.873,12.873,False
0007,141,10,car,8.397,6.194,1.789,7.226,7.059,7.059,False
0007,141,14,car,24.333,22.508,1.729,23.737,23.124,23.124,False
0007,141,12,car,16.482,14.339,1.986,15.725,15.737,15.737,False
0007,141,15,car,35.238,33.001,1.475,34.261,34.391,34.391,False
0007,141,13,car,25.576,23.297,3.031,22.145,25.036,25.036,False
0007,141,9,car,3.37,1.973,1.91,7.327,11.61,11.61,False
0007,142,11,car,14.709,12.622,2.439,12.478,11.999,11.999,False
0007,142,10,car,7.474,5.273,1.798,6.379,6.27,6.27,False
0007,142,12,car,15.52,13.372,1.994,14.642,14.616,14.616,False
0007,142,14,car,23.385,21.557,1.735,22.914,22.67,22.67,False
0007,142,15,car,34.265,32.027,1.47,33.337,33.368,33.368,False
0007,142,13,car,24.608,22.327,3.039,21.765,24.777,24.777,False
0007,143,11,car,13.774,11.682,2.423,11.671,11.17,11.17,False
0007,143,10,car,6.577,4.385,1.797,7.869,6.635,6.635,False
0007,143,12,car,14.561,12.408,2.002,13.842,13.783,13.783,False
0007,143,14,car,22.436,20.606,1.741,22.054,21.387,21.387,False
0007,143,15,car,33.292,31.054,1.466,33.34,32.883,32.883,False
0007,143,13,car,23.642,21.357,3.046,21.395,24.018,24.018,False
0007,143,17,car,40.536,39.542,4.69,40.047,37.283,37.283,False
0007,144,11,car,12.843,10.745,2.406,10.848,10.336,10.336,False
0007,144,10,car,5.703,3.539,1.797,6.499,7.101,7.101,False
0007,144,12,car,13.604,11.445,2.01,12.755,12.759,12.759,False
0007,144,14,car,21.489,19.655,1.747,20.949,20.813,20.813,False
0007,144,15,car,32.323,30.083,1.464,31.617,31.499,31.499,False
0007,144,13,car,22.677,20.388,3.054,20.052,22.829,22.829,False
0007,145,11,car,11.916,9.811,2.39,9.989,9.459,9.459,False
0007,145,10,car,4.864,2.773,1.796,6.37,7.166,7.166,False
0007,145,14,car,20.542,18.705,1.753,19.638,19.566,19.566,False
0007,145,12,car,12.65,10.486,2.017,11.704,11.799,11.799,False
0007,145,15,car,31.354,29.113,1.462,30.076,29.828,29.828,False
0007,145,13,car,21.756,19.461,3.051,18.845,20.956,20.956,False
0007,145,17,car,38.657,37.645,4.722,40.067,37.321,37.321,False
0007,146,11,car,10.993,8.882,2.373,9.224,8.62,8.62,False
0007,146,14,car,19.602,17.761,1.744,18.744,18.459,18.459,False
0007,146,12,car,11.7,9.53,2.025,10.741,10.827,10.827,False
0007,146,10,car,4.081,2.171,1.795,6.434,7.541,7.541,False
0007,146,15,car,30.385,28.143,1.46,30.082,28.687,28.687,False
0007,146,13,car,20.835,18.535,3.047,18.06,19.887,19.887,False
0007,146,17,car,37.718,36.697,4.738,38.852,35.859,35.859,False
0007,147,11,car,10.108,7.992,2.376,8.442,7.812,7.812,False
0007,147,14,car,18.662,16.818,1.736,18.196,17.897,17.897,False
0007,147,12,car,10.756,8.579,2.033,9.865,9.841,9.841,False
0007,147,13,car,19.916,17.611,3.044,17.56,18.775,18.775,False
0007,147,15,car,29.417,27.173,1.458,30.086,29.842,29.842,False
0007,147,10,car,3.394,1.899,1.794,7.181,9.275,9.275,False
0007,147,17,car,36.781,35.75,4.754,36.6,33.493,33.493,False
0007,148,11,car,9.232,7.111,2.378,7.78,7.027,7.027,False
0007,148,14,car,17.724,15.875,1.728,17.436,16.975,16.975,False
0007,148,12,car,9.818,7.634,2.041,8.88,8.866,8.866,False
0007,148,13,car,18.998,16.688,3.041,16.873,18.077,18.077,False
0007,148,15,car,28.449,26.203,1.456,29.361,28.336,28.336,False
0007,148,17,car,35.844,34.803,4.771,34.578,30.581,30.581,False
0007,149,14,car,16.786,14.933,1.72,16.31,15.919,15.919,False
0007,149,11,car,8.368,6.244,2.38,7.286,6.404,6.404,False
0007,149,13,car,18.078,15.763,3.066,16.234,17.248,17.248,False
0007,149,22,car,71.272,69.382,4.452,68.919,63.911,63.911,False
0007,149,12,car,8.923,6.735,2.043,7.954,7.913,7.913,False
0007,149,15,car,27.506,25.259,1.436,28.018,26.339,26.339,False
0007,149,17,car,34.909,33.857,4.787,33.676,29.418,29.418,False
0008,0,0,car,17.965,15.829,7.343,14.354,16.625,16.625,False
0008,0,1,van,32.564,30.363,7.491,27.365,28.527,28.527,False
0008,0,8,car,67.27,65.464,0.29,51.432,65.623,65.623,True
0008,0,6,truck,80.836,77.233,8.065,54.09,78.603,78.603,False
0008,0,2,van,12.133,9.066,3.989,8.05,9.508,9.508,False
0008,1,0,car,15.137,13.023,7.336,12.344,13.476,13.476,False
0008,1,2,van,10.757,7.706,3.957,10.072,10.462,10.462,False
0008,1,1,van,29.685,27.472,7.6,24.552,25.622,25.622,False
0008,1,8,car,67.392,65.59,0.0,53.689,65.618,65.618,True
0008,1,6,truck,77.757,74.145,8.349,54.117,77.413,77.413,False
0008,2,2,van,9.429,6.428,3.895,7.83,8.397,8.397,False
0008,2,4,car,43.273,40.974,8.298,32.505,41.907,41.907,False
0008,2,1,van,26.838,24.614,7.709,22.393,23.025,23.025,False
0008,2,8,car,67.517,65.718,0.0,53.68,64.664,64.664,True
0008,2,6,truck,74.769,71.147,8.584,51.917,73.912,73.912,False
0008,2,5,car,55.997,54.556,8.819,43.131,64.686,64.686,False
0008,2,0,car,12.515,10.485,7.33,11.974,14.692,14.692,False
0008,3,2,van,8.171,5.291,3.834,7.864,8.384,8.384,False
0008,3,1,van,24.035,21.801,7.817,20.176,20.519,20.519,False
0008,3,5,car,53.285,51.836,9.024,41.854,59.726,59.726,False
0008,3,4,car,40.569,38.256,8.494,31.832,40.971,40.971,False
0008,3,6,truck,71.787,68.155,8.819,52.011,71.808,71.808,False
0008,3,8,car,67.643,65.847,0.0,53.68,65.613,65.613,True
0008,4,1,van,20.94,18.702,7.74,17.714,17.82,17.82,False
0008,4,6,truck,68.81,65.169,9.055,48.195,66.894,66.894,False
0008,4,2,van,7.023,4.408,3.772,8.149,8.767,8.767,False
0008,4,4,car,37.882,35.556,8.69,28.47,36.604,36.604,False
0008,4,8,car,67.771,65.979,0.0,53.682,65.613,65.613,True
0008,4,5,car,50.323,48.866,9.155,39.371,56.875,56.875,False
0008,5,1,van,18.226,15.989,7.723,15.281,14.902,14.902,False
0008,5,4,car,35.014,32.683,8.758,25.851,33.425,33.425,False
0008,5,8,car,67.9,66.11,0.0,53.681,65.616,65.616,True
0008,5,6,truck,65.841,62.189,9.29,44.772,63.087,63.087,False
0008,5,5,car,47.371,45.906,9.286,38.263,56.386,56.386,False
0008,5,2,van,6.046,3.951,3.711,7.73,11.069,11.069,False
0008,6,1,van,15.628,13.411,7.707,14.209,13.658,13.658,False
0008,6,8,car,68.031,66.243,0.255,56.136,65.62,65.62,True
0008,6,4,car,32.171,29.834,8.825,25.625,31.662,31.662,False
0008,6,6,truck,62.881,59.217,9.526,44.815,58.265,58.265,False
0008,6,5,car,44.432,42.958,9.417,36.292,50.943,50.943,False
0008,7,8,car,68.165,66.378,0.662,58.831,67.616,67.616,True
0008,7,6,truck,59.944,56.27,9.657,44.976,55.687,55.687,False
0008,7,4,car,29.358,27.014,8.893,23.689,28.226,28.226,False
0008,7,5,car,41.508,40.025,9.548,35.503,49.017,49.017,False
0008,7,1,van,13.218,11.061,7.69,13.668,29.19,29.19,False
0008,8,8,car,68.301,66.516,1.069,56.166,65.637,65.637,True
0008,8,6,truck,57.014,53.33,9.787,42.126,52.228,52.228,False
0008,8,4,car,26.586,24.236,8.961,21.466,25.354,25.354,False
0008,8,5,car,38.604,37.111,9.679,32.195,42.923,42.923,False
0008,9,8,car,68.439,66.657,1.476,56.157,67.639,67.639,False
0008,9,4,car,23.868,21.515,9.028,19.791,23.136,23.136,False
0008,9,6,truck,54.095,50.399,9.918,40.87,51.009,51.009,False
0008,9,5,car,35.651,34.15,9.676,30.05,39.57,39.57,False
0008,10,4,car,21.136,18.787,8.999,16.949,19.129,19.129,False
0008,10,8,car,68.58,66.799,1.882,56.186,67.655,67.655,False
0008,10,6,truck,51.186,47.478,10.049,37.504,46.328,46.328,False
0008,10,5,car,32.721,31.211,9.672,27.872,36.83,36.83,False
0008,11,7,van,80.157,77.193,10.044,47.902,99.067,99.067,False
0008,11,4,car,18.498,16.169,8.97,14.851,16.526,16.526,False
0008,11,8,car,68.702,66.914,2.228,53.757,146.59,146.59,False
0008,11,6,truck,48.29,44.569,10.179,35.534,41.83,41.83,False
0008,11,5,car,29.822,28.302,9.669,25.594,34.095,34.095,False
0008,12,7,van,78.825,75.858,10.283,48.003,96.176,96.176,False
0008,12,8,car,68.827,67.03,2.574,53.77,67.69,67.69,False
0008,12,5,car,26.964,25.432,9.665,22.663,28.377,28.377,False
0008,12,6,truck,45.409,41.676,10.31,34.861,42.51,42.51,False
0008,12,4,car,16.002,13.726,8.941,14.427,16.557,16.557,False
0008,13,7,van,77.495,74.524,10.522,47.998,94.373,94.373,False
0008,13,8,car,68.953,67.148,2.921,53.757,67.705,67.705,False
0008,13,5,car,24.204,22.661,9.575,20.569,25.834,25.834,False
0008,13,6,truck,42.444,38.707,10.237,32.382,40.153,40.153,False
0008,14,7,van,76.168,73.193,10.761,48.042,94.468,94.468,False
0008,14,6,truck,39.495,35.752,10.164,30.337,37.112,37.112,False
0008,14,8,car,69.085,67.286,3.204,53.796,67.726,67.726,False
0008,14,5,car,21.508,19.953,9.484,18.651,22.859,22.859,False
0008,15,7,van,74.472,71.494,10.802,46.348,90.99,90.99,False
0008,15,8,car,69.217,67.425,3.486,51.539,69.86,69.86,False
0008,15,6,truck,36.565,32.816,10.091,28.676,34.842,34.842,False
0008,15,5,car,18.901,17.336,9.394,16.263,19.397,19.397,False
0008,16,7,van,72.777,69.797,10.844,44.73,82.498,82.498,False
0008,16,6,truck,33.661,29.903,10.019,25.329,30.447,30.447,False
0008,16,8,car,69.351,67.566,3.769,51.553,69.879,69.879,False
0008,16,5,car,16.427,14.86,9.304,14.756,18.675,18.675,False
0008,17,6,truck,30.758,26.986,9.874,23.212,25.661,25.661,False
0008,17,8,car,69.485,67.705,4.052,53.84,67.774,67.774,False
0008,17,7,van,71.083,68.101,10.885,46.282,84.716,84.716,False
0008,18,6,truck,27.887,24.105,9.729,20.941,24.526,24.526,False
0008,18,7,van,69.391,66.406,10.926,44.788,74.899,74.899,False
0008,18,8,car,69.631,67.85,4.055,53.821,68.823,68.823,False
0008,19,6,truck,25.061,21.276,9.584,19.566,22.408,22.408,False
0008,19,7,van,67.909,64.923,10.734,44.725,79.224,79.224,False
0008,19,8,car,69.776,67.993,4.058,53.799,69.902,69.902,False
0008,20,6,truck,22.295,18.52,9.439,17.244,19.428,19.428,False
0008,20,7,van,66.427,63.44,10.541,43.18,78.607,78.607,False
0008,20,8,car,69.922,68.136,4.061,53.827,69.902,69.902,False
0008,21,7,van,64.944,61.958,10.348,41.734,76.753,76.753,False
0008,21,8,car,70.067,68.28,4.064,53.843,69.895,69.895,False
0008,21,6,truck,19.617,15.879,9.294,16.738,17.44,17.44,False
0008,22,8,car,70.213,68.423,4.067,51.533,149.096,149.096,False
0008,22,7,van,63.462,60.475,10.156,40.391,72.179,72.179,False
0008,22,6,truck,17.067,13.418,9.15,17.544,16.632,16.632,False
0008,23,7,van,61.98,58.992,9.963,38.033,73.273,73.273,False
0008,23,8,car,70.342,68.551,3.96,49.462,69.879,69.879,False
0008,23,6,truck,14.732,11.28,9.034,17.098,16.995,16.995,False
0008,24,8,car,70.471,68.679,3.852,47.561,72.126,72.126,False
0008,24,7,van,60.496,57.507,9.76,36.82,70.104,70.104,False
0008,25,7,van,58.947,55.959,9.516,34.864,68.137,68.137,False
0008,25,8,car,70.601,68.807,3.745,45.799,149.048,149.048,False
0008,26,7,van,57.399,54.41,9.271,33.914,62.128,62.128,False
0008,26,8,car,70.734,68.938,3.551,44.122,72.107,72.107,False
0008,27,7,van,55.85,52.861,9.027,33.923,64.515,64.515,False
0008,27,8,car,70.868,69.07,3.357,44.109,69.84,69.84,False
0008,28,8,car,70.993,69.2,3.207,44.117,72.078,72.078,False
0008,28,7,van,54.302,51.312,8.783,33.073,62.85,62.85,False
0008,29,8,car,71.118,69.33,3.057,45.772,70.926,70.926,False
0008,29,7,van,52.754,49.764,8.538,32.226,60.132,60.132,False
0008,30,7,van,51.154,48.162,8.357,33.082,58.335,58.335,False
0008,30,8,car,71.243,69.461,2.907,45.772,69.811,69.811,False
0008,31,7,van,49.554,46.562,8.175,32.283,55.355,55.355,False
0008,31,8,car,71.369,69.59,2.758,49.441,69.801,69.801,False
0008,32,7,van,47.954,44.961,7.994,33.082,51.334,51.334,False
0008,32,8,car,71.496,69.715,2.608,51.488,74.445,74.445,False
0008,33,7,van,46.355,43.36,7.812,32.314,49.679,49.679,False
0008,33,8,car,71.623,69.838,2.459,53.736,73.22,73.22,False
0008,34,7,van,44.756,41.76,7.63,33.191,48.389,48.389,False
0008,34,8,car,71.75,69.96,2.309,53.733,72.03,72.03,False
0008,35,7,van,43.158,40.16,7.449,32.407,45.981,45.981,False
0008,35,8,car,71.878,70.082,2.16,58.9,76.991,76.991,False
0008,36,7,van,41.557,38.556,7.358,31.632,44.233,44.233,False
0008,36,8,car,72.003,70.202,2.012,56.178,74.417,74.417,False
0008,37,7,van,39.957,36.953,7.266,28.179,45.467,45.467,False
0008,37,8,car,72.129,70.322,1.9,47.486,72.013,72.013,False
0008,38,7,van,38.359,35.352,7.175,27.626,43.51,43.51,False
0008,38,8,car,72.223,70.418,1.852,47.485,73.189,73.189,False
0008,39,7,van,36.762,33.752,7.084,26.493,41.363,41.363,False
0008,39,8,car,72.317,70.514,1.802,49.392,72.007,72.007,False
0008,40,7,van,35.168,32.154,6.993,25.01,39.764,39.764,False
0008,40,8,car,72.407,70.607,1.702,47.481,76.97,76.97,False
0008,41,7,van,33.576,30.558,6.902,22.876,37.703,37.703,False
0008,41,8,car,72.498,70.7,1.602,41.116,74.401,74.401,False
0008,42,7,van,31.986,28.964,6.811,21.426,35.865,35.865,False
0008,42,8,car,72.589,70.793,1.502,39.784,73.181,73.181,False
0008,43,7,van,30.382,27.357,6.771,21.499,34.235,34.235,False
0008,43,8,car,72.683,70.889,1.394,41.11,76.963,76.963,False
0008,44,7,van,28.783,25.754,6.731,20.945,32.131,32.131,False
0008,44,8,car,72.777,70.985,1.286,44.069,74.398,74.398,False
0008,45,7,van,27.19,24.157,6.691,20.064,30.298,30.298,False
0008,45,8,car,72.87,71.082,1.179,44.069,74.393,74.393,True
0008,46,7,van,25.604,22.568,6.651,19.076,28.867,28.867,False
0008,46,8,car,72.965,71.178,1.071,42.535,70.846,70.846,True
0008,47,7,van,24.026,20.987,6.612,18.187,26.652,26.652,False
0008,47,8,car,73.059,71.275,0.964,45.693,74.382,74.382,True
0008,48,7,van,22.457,19.417,6.572,17.433,25.054,25.054,False
0008,48,8,car,73.126,71.345,0.81,47.471,71.981,71.981,True
0008,49,7,van,20.9,17.862,6.532,16.411,23.327,23.327,False
0008,49,8,car,73.194,71.414,0.657,47.461,79.69,79.69,True
0008,50,8,car,73.262,71.482,0.504,44.058,81.134,81.134,True
0008,50,7,van,19.359,16.324,6.492,14.877,21.409,21.409,False
0008,51,8,car,73.33,71.55,0.351,47.457,89.246,89.246,True
0008,51,7,van,17.836,14.811,6.452,13.896,19.199,19.199,False
0008,52,7,van,16.337,13.328,6.412,13.085,17.619,17.619,False
0008,52,8,car,73.401,71.62,0.291,49.367,69.722,69.722,True
0008,53,7,van,14.869,11.89,6.372,12.09,15.984,15.984,False
0008,53,8,car,73.471,71.689,0.307,56.149,71.971,71.971,True
0008,54,7,van,13.443,10.512,6.332,10.67,13.934,13.934,False
0008,54,8,car,73.54,71.757,0.326,65.075,74.37,74.37,True
0008,55,7,van,12.073,9.224,6.293,9.323,12.096,12.096,False
0008,55,8,car,73.609,71.825,0.345,61.798,71.972,71.972,True
0008,56,7,van,10.781,8.067,6.253,10.876,13.384,13.384,False
0008,56,8,car,73.673,71.888,0.398,61.808,70.831,70.831,True
0008,57,8,car,73.737,71.952,0.45,51.445,74.373,74.373,True
0008,57,7,van,9.597,7.107,6.213,9.062,12.262,12.262,False
0008,58,8,car,74.256,72.471,0.509,47.459,82.637,82.637,True
0008,59,8,car,74.23,72.444,0.475,45.688,76.938,76.938,True
0008,60,8,car,74.204,72.418,0.44,47.459,79.685,79.685,True
0008,61,8,car,74.178,72.392,0.405,49.371,82.635,82.635,True
0008,62,8,car,74.153,72.366,0.371,49.367,76.936,76.936,True
0008,63,8,car,74.127,72.34,0.336,51.432,76.934,76.934,True
0008,64,8,car,74.101,72.314,0.301,51.443,75.629,75.629,True
0008,65,8,car,74.076,72.288,0.267,53.681,81.129,81.129,True
0008,66,8,car,74.047,72.259,0.207,53.685,78.283,78.283,True
0008,67,8,car,74.021,72.233,0.227,53.685,69.72,69.72,True
0008,68,8,car,73.996,72.208,0.247,58.833,79.681,79.681,True
0008,69,8,car,73.97,72.182,0.266,61.791,78.284,78.284,True
0008,70,8,car,73.942,72.155,0.34,61.802,82.635,82.635,True
0008,71,8,car,73.913,72.127,0.414,56.143,71.973,71.973,True
0008,72,8,car,73.885,72.099,0.487,56.15,76.938,76.938,True
0008,73,8,car,73.842,72.057,0.506,56.145,79.687,79.687,True
0008,74,8,car,73.799,72.014,0.525,61.801,81.136,81.136,True
0008,75,8,car,73.757,71.972,0.543,61.814,79.689,79.689,True
0008,76,8,car,73.714,71.929,0.562,61.802,79.689,79.689,True
0008,77,8,car,73.671,71.887,0.58,61.793,76.941,76.941,True
0008,78,8,car,73.629,71.845,0.599,61.793,76.94,76.94,True
0008,79,9,car,73.042,70.882,7.192,54.06,72.396,72.396,False
0008,79,8,car,73.586,71.802,0.617,61.802,74.376,74.376,True
0008,80,9,car,69.397,67.235,7.145,51.754,66.047,66.047,False
0008,80,8,car,73.543,71.76,0.636,61.794,76.941,76.941,True
0008,81,9,car,65.754,63.59,7.098,51.81,62.422,62.422,False
0008,81,8,car,73.501,71.717,0.654,61.793,74.375,74.375,True
0008,82,9,car,62.171,60.004,7.096,51.858,60.785,60.785,False
0008,82,8,car,73.458,71.675,0.673,65.072,74.377,74.377,True
0008,83,9,car,58.591,56.421,7.094,49.811,57.723,57.723,False
0008,83,8,car,73.438,71.655,0.725,65.071,74.377,74.377,True
0008,84,9,car,55.016,52.842,7.092,46.114,52.416,52.416,False
0008,84,8,car,73.417,71.635,0.777,65.094,74.379,74.379,True
0008,85,9,car,51.445,49.267,7.09,43.126,52.5,52.5,False
0008,85,8,car,73.397,71.615,0.828,65.083,71.98,71.98,True
0008,86,9,car,48.01,45.831,7.119,37.986,47.117,47.117,False
0008,86,10,car,71.295,69.241,7.709,54.126,64.2,64.2,False
0008,86,8,car,73.376,71.595,0.88,61.797,75.642,75.642,True
0008,87,10,car,67.627,65.565,7.678,51.84,62.463,62.463,False
0008,87,9,car,44.581,42.4,7.148,34.914,43.189,43.189,False
0008,87,8,car,73.356,71.575,0.932,65.084,79.695,79.695,True
0008,88,9,car,41.113,38.925,7.163,33.191,40.248,40.248,False
0008,88,10,car,63.962,61.893,7.627,49.73,57.708,57.708,False
0008,88,8,car,73.337,71.556,0.999,65.087,74.384,74.384,True
0008,89,9,car,37.657,35.462,7.179,31.69,36.528,36.528,False
0008,89,10,car,60.299,58.223,7.577,51.885,54.948,54.948,False
0008,89,8,car,73.318,71.537,1.067,65.079,76.95,76.95,True
0008,90,9,car,34.216,32.016,7.194,29.694,33.017,33.017,False
0008,90,10,car,56.52,54.478,7.476,48.062,51.859,51.859,False
0008,90,8,car,73.298,71.518,1.134,65.08,74.386,74.386,True
0008,91,9,car,30.791,28.585,7.19,26.299,29.259,29.259,False
0008,91,10,car,52.624,50.57,7.456,46.353,48.076,48.076,False
0008,91,8,car,73.28,71.5,1.202,65.092,74.39,74.39,False
0008,92,9,car,27.394,25.184,7.186,22.94,25.663,25.663,False
0008,92,10,car,49.257,47.187,7.471,41.593,44.829,44.829,False
0008,92,8,car,73.21,71.423,1.223,65.107,63.764,63.764,False
0008,93,10,car,44.939,42.874,7.266,39.313,41.255,41.255,False
0008,93,9,car,24.036,21.827,7.181,20.449,22.796,22.796,False
0008,93,8,car,73.141,71.344,1.244,65.109,74.392,74.392,False
0008,94,9,car,20.738,18.538,7.177,17.843,19.342,19.342,False
0008,94,10,car,41.855,39.76,7.366,37.128,38.56,38.56,False
0008,94,8,car,73.007,71.211,1.192,72.83,73.172,73.172,True
0008,95,10,car,38.574,36.471,7.325,33.39,35.133,35.133,False
0008,95,9,car,17.533,15.359,7.173,14.741,15.987,15.987,False
0008,95,8,car,72.873,71.079,1.14,68.75,74.392,74.392,True
0008,96,10,car,35.776,33.662,7.553,29.658,31.434,31.434,False
0008,96,9,car,14.635,12.478,7.219,12.026,12.861,12.861,False
0008,96,8,car,72.739,70.946,1.088,68.736,76.954,76.954,True
0008,97,10,car,31.89,29.767,7.391,26.793,28.515,28.515,False
0008,97,8,car,72.604,70.814,1.036,68.721,74.386,74.386,True
0008,97,9,car,11.983,9.99,7.193,10.955,13.335,13.335,False
0008,98,10,car,28.028,25.895,7.229,23.637,25.068,25.068,False
0008,98,8,car,72.47,70.682,0.985,68.721,67.621,67.621,True
0008,99,10,car,24.634,22.492,7.207,20.397,21.402,21.402,False
0008,99,8,car,72.336,70.549,0.933,68.731,66.612,66.612,True
0008,100,10,car,21.295,19.147,7.182,17.497,18.176,18.176,False
0008,100,8,car,72.202,70.417,0.881,72.807,76.946,76.946,True
0008,101,10,car,18.04,15.895,7.156,14.76,15.073,15.073,False
0008,101,8,car,72.068,70.285,0.829,72.819,74.379,74.379,True
0008,102,10,car,14.924,12.808,7.13,12.332,12.167,12.167,False
0008,102,11,car,58.835,56.65,7.018,51.961,60.849,60.849,False
0008,102,8,car,71.934,70.152,0.777,68.717,69.73,69.73,True
0008,103,11,car,55.515,53.32,6.921,48.017,53.644,53.644,False
0008,103,8,car,71.718,69.936,0.77,68.726,70.836,70.836,True
0008,103,10,car,12.041,10.027,7.105,11.405,11.868,11.868,False
0008,104,11,car,52.21,50.014,6.897,44.621,51.264,51.264,False
0008,104,8,car,71.501,69.719,0.764,65.073,74.379,74.379,True
0008,105,11,car,48.91,46.711,6.874,43.008,50.202,50.202,False
0008,105,8,car,71.285,69.503,0.757,65.073,74.379,74.379,True
0008,106,11,car,45.615,43.413,6.85,40.458,45.27,45.27,False
0008,106,8,car,71.068,69.286,0.75,68.726,70.837,70.837,True
0008,107,11,car,42.327,40.121,6.826,37.015,41.253,41.253,False
0008,107,8,car,70.852,69.07,0.744,68.727,71.98,71.98,True
0008,108,11,car,39.009,36.792,6.84,35.067,38.255,38.255,False
0008,108,8,car,70.508,68.727,0.8,68.719,71.982,71.982,True
0008,109,8,car,70.165,68.383,0.856,68.745,74.381,74.381,True
0008,109,11,car,35.703,33.474,6.854,31.76,34.63,34.63,False
0008,110,8,car,69.821,68.04,0.912,68.718,74.382,74.382,True
0008,110,11,car,32.412,30.172,6.868,28.444,31.058,31.058,False
0008,111,12,car,62.325,60.458,6.948,59.282,59.965,59.965,False
0008,111,11,car,29.142,26.89,6.882,25.826,28.061,28.061,False
0008,111,8,car,69.539,67.759,0.925,68.719,74.384,74.384,True
0008,112,12,car,59.023,57.153,6.884,59.258,57.708,57.708,False
0008,112,8,car,69.258,67.477,0.938,72.83,71.984,71.984,True
0008,112,11,car,25.901,23.637,6.897,23.412,24.636,24.636,False
0008,113,12,car,55.724,53.85,6.821,56.748,53.624,53.624,False
0008,113,11,car,22.701,20.428,6.911,20.547,21.334,21.334,False
0008,113,8,car,69.08,67.3,0.975,82.613,78.304,78.304,True
0008,114,12,car,52.587,50.707,6.765,52.091,50.106,50.106,False
0008,114,11,car,19.563,17.286,6.925,17.704,18.076,18.076,False
0008,114,8,car,68.902,67.122,1.013,77.403,71.989,71.989,True
0008,115,12,car,49.454,47.567,6.71,47.933,47.03,47.03,False
0008,115,11,car,16.521,14.255,6.939,14.93,15.099,15.099,False
0008,115,8,car,68.725,66.945,1.051,72.799,69.74,69.74,True
0008,116,12,car,46.127,44.229,6.653,43.093,43.898,43.898,False
0008,116,8,car,68.547,66.767,1.088,68.734,73.169,73.169,True
0008,116,11,car,13.693,11.473,6.912,11.549,12.046,12.046,False
0008,117,12,car,42.805,40.897,6.595,39.247,41.556,41.556,False
0008,117,8,car,68.369,66.59,1.126,68.723,71.989,71.989,True
0008,117,11,car,11.126,9.042,6.884,10.817,12.62,12.62,False
0008,118,12,car,39.489,37.57,6.511,37.005,38.482,38.482,False
0008,118,8,car,67.937,66.158,1.095,68.734,73.169,73.169,True
0008,119,12,car,36.61,34.69,6.51,34.16,35.03,35.03,False
0008,119,8,car,67.505,65.725,1.063,68.734,67.626,67.626,True
0008,120,12,car,33.74,31.817,6.483,30.232,31.748,31.748,False
0008,120,8,car,67.073,65.293,1.032,68.736,71.989,71.989,True
0008,121,12,car,30.528,28.594,6.436,27.197,28.724,28.724,False
0008,121,8,car,66.641,64.861,1.001,68.736,68.667,68.667,True
0008,122,12,car,27.334,25.388,6.39,24.394,26.005,26.005,False
0008,122,8,car,66.209,64.429,0.969,65.091,69.74,69.74,True
0008,123,12,car,24.164,22.207,6.344,21.488,22.699,22.699,False
0008,123,8,car,65.866,64.086,0.934,68.733,69.737,69.737,True
0008,124,12,car,21.059,19.091,6.333,18.798,19.963,19.963,False
0008,124,8,car,65.523,63.743,0.898,68.719,67.624,67.624,True
0008,125,12,car,18.013,16.038,6.322,15.896,16.576,16.576,False
0008,125,8,car,65.18,63.4,0.863,68.721,67.623,67.623,True
0008,126,12,car,15.061,13.09,6.307,13.361,13.786,13.786,False
0008,126,8,car,64.837,63.057,0.827,65.087,63.758,63.758,True
0008,127,12,car,12.382,10.444,6.265,10.25,10.794,10.794,False
0008,127,8,car,64.495,62.714,0.792,65.074,61.986,61.986,True
0008,128,13,car,77.235,75.428,3.585,88.695,82.763,82.763,False
0008,128,8,car,63.962,62.182,0.772,65.075,61.986,61.986,True
0008,128,12,car,9.931,8.103,6.156,9.653,10.86,10.86,False
0008,129,8,car,63.43,61.65,0.753,68.731,61.986,61.986,True
0008,129,13,car,76.571,74.765,3.548,95.586,77.052,77.052,False
0008,130,13,car,75.907,74.101,3.512,95.621,79.807,79.807,False
0008,130,8,car,62.898,61.118,0.734,68.731,62.859,62.859,True
0008,131,13,car,75.243,73.437,3.461,95.554,81.258,81.258,False
0008,131,8,car,62.366,60.585,0.714,68.719,58.723,58.723,True
0008,132,8,car,61.834,60.053,0.695,68.717,60.309,60.309,True
0008,132,13,car,74.579,72.773,3.41,103.643,77.055,77.055,False
0008,133,8,car,61.339,59.558,0.632,72.793,58.722,58.722,True
0008,133,13,car,73.839,72.033,3.339,113.189,74.484,74.484,False
0008,134,13,car,73.099,71.293,3.269,113.193,79.801,79.801,False
0008,134,8,car,60.843,59.062,0.569,77.397,61.984,61.984,True
0008,135,8,car,60.348,58.566,0.506,77.379,61.982,61.982,True
0008,135,13,car,72.359,70.554,3.198,113.18,78.401,78.401,False
0008,136,8,car,59.853,58.071,0.443,77.381,63.752,63.752,True
0008,136,13,car,71.618,69.813,3.112,113.172,69.821,69.821,False
0008,137,13,car,70.877,69.073,3.026,103.672,72.068,72.068,False
0008,137,8,car,59.358,57.575,0.38,72.816,59.5,59.5,True
0008,138,13,car,70.015,68.212,2.931,88.675,79.786,79.786,False
0008,138,8,car,58.596,56.813,0.273,65.068,57.21,57.21,True
0008,139,13,car,69.25,67.448,2.826,82.697,74.465,74.465,False
0008,139,8,car,57.883,56.103,0.241,61.798,57.209,57.209,True
0008,140,13,car,68.485,66.683,2.72,82.694,72.06,72.06,False
0008,140,8,car,57.171,55.379,0.193,61.814,55.779,55.779,True
0008,141,13,car,67.725,65.923,2.771,95.561,70.919,70.919,False
0008,141,8,car,56.458,54.653,0.098,68.711,55.09,55.09,True
0008,142,8,car,55.753,53.967,0.237,82.586,57.21,57.21,True
0008,142,13,car,66.966,65.162,2.823,124.658,67.7,67.7,False
0008,143,13,car,66.207,64.402,2.874,138.797,72.078,72.078,False
0008,143,8,car,55.048,53.266,0.297,82.585,54.421,54.421,True
0008,144,8,car,54.336,52.554,0.347,77.394,56.489,56.489,True
0008,144,13,car,65.407,63.601,2.956,113.198,62.072,62.072,False
0008,145,8,car,53.623,51.842,0.398,65.082,53.768,53.768,True
0008,145,13,car,64.608,62.8,3.039,95.597,62.957,62.957,False
0008,146,8,car,52.911,51.13,0.448,58.843,53.13,53.13,True
0008,146,13,car,63.809,61.999,3.122,77.569,67.737,67.737,False
0008,147,13,car,63.01,61.2,3.144,77.531,61.245,61.245,False
0008,147,8,car,52.199,50.418,0.498,58.846,52.507,52.507,True
0008,148,13,car,62.211,60.4,3.165,77.502,63.878,63.878,False
0008,148,8,car,51.536,49.756,0.519,58.848,52.51,52.51,True
0008,149,13,car,61.412,59.6,3.187,77.554,62.984,62.984,False
0008,149,8,car,50.873,49.093,0.54,58.872,51.9,51.9,True
0009,0,0,car,15.701,13.838,2.911,14.073,13.891,13.891,False
0009,0,1,car,46.419,45.244,0.0,44.046,40.945,40.945,True
0009,1,0,car,15.075,13.202,2.97,12.951,13.243,13.243,False
0009,1,1,car,45.745,44.568,0.0,42.523,43.751,43.751,True
0009,2,0,car,14.431,12.547,3.023,12.37,12.467,12.467,False
0009,2,1,car,45.071,43.893,0.0,41.102,36.575,36.575,True
0009,3,0,car,13.827,11.931,3.103,11.807,11.994,11.994,False
0009,3,1,car,44.411,43.209,0.0,39.772,36.276,36.276,True
0009,4,0,car,13.211,11.307,3.082,11.313,11.248,11.248,False
0009,4,1,car,43.751,42.526,0.0,41.101,38.136,38.136,True
0009,5,0,car,12.6,10.683,3.125,10.683,10.442,10.442,False
0009,5,1,car,43.091,41.843,0.0,42.53,39.839,39.839,True
0009,6,0,car,11.961,10.033,3.078,10.134,9.897,9.897,False
0009,6,1,car,42.42,41.173,0.0,44.063,37.814,37.814,True
0009,7,11,car,71.92,69.99,9.951,,62.702,62.702,False
0009,7,0,car,11.324,9.385,3.031,9.683,9.442,9.442,False
0009,7,1,car,41.75,40.504,0.0,42.522,34.861,34.861,True
0009,8,0,car,10.691,8.741,2.984,8.786,8.559,8.559,False
0009,8,1,car,41.081,39.835,0.0,41.099,36.282,36.282,True
0009,8,11,car,71.196,69.257,10.17,,63.651,63.651,False
0009,9,0,car,10.061,8.1,2.937,8.362,8.059,8.059,False
0009,9,1,car,40.414,39.168,0.0,39.764,36.587,36.587,True
0009,9,11,car,70.501,68.561,10.726,,64.644,64.644,False
0009,10,0,car,9.437,7.464,2.89,7.771,7.424,7.424,False
0009,10,11,car,69.813,67.872,11.283,,59.642,59.642,False
0009,10,1,car,39.749,38.501,0.0,39.762,36.006,36.006,True
0009,10,8,car,49.227,47.053,9.029,38.081,46.527,46.527,False
0009,11,0,car,8.81,6.827,2.817,7.483,7.082,7.082,False
0009,11,8,car,48.525,46.362,8.532,39.355,46.447,46.447,False
0009,11,1,car,39.016,37.795,0.0,42.52,36.023,36.023,True
0009,11,11,car,69.161,67.218,11.964,,59.786,59.786,False
0009,12,0,car,8.189,6.197,2.745,6.893,6.995,6.995,False
0009,12,11,car,68.519,66.574,12.646,,58.412,58.412,False
0009,12,8,car,47.826,45.674,8.036,40.565,45.46,45.46,False
0009,12,1,car,38.288,37.092,0.0,44.062,34.12,34.12,True
0009,13,0,car,7.574,5.575,2.673,7.251,7.129,7.129,False
0009,13,8,car,47.129,44.989,7.54,41.803,45.848,45.848,False
0009,13,11,car,67.819,65.877,13.5,,60.097,60.097,False
0009,13,1,car,37.567,36.394,0.268,44.068,33.385,33.385,True
0009,14,0,car,6.968,4.964,2.601,7.211,7.174,7.174,False
0009,14,8,car,46.349,44.202,7.027,41.753,43.994,43.994,False
0009,14,11,car,67.134,65.195,14.354,,58.742,58.742,False
0009,14,5,car,55.021,53.345,16.665,,55.911,55.911,False
0009,14,1,car,36.852,35.701,0.686,44.093,33.418,33.418,True
0009,15,0,car,6.373,4.371,2.528,6.769,7.372,7.372,False
0009,15,11,car,66.411,64.469,15.006,,56.066,56.066,False
0009,15,1,car,36.142,35.013,1.105,41.174,32.968,32.968,True
0009,15,8,car,45.573,43.42,6.514,39.087,43.927,43.927,False
0009,15,5,car,54.339,52.673,17.15,,51.862,51.862,False
0009,16,0,car,5.816,3.826,2.483,6.713,7.552,7.552,False
0009,16,11,car,65.7,63.755,15.659,,54.27,54.27,False
0009,16,8,car,44.889,42.734,6.118,37.864,42.627,42.627,False
0009,16,1,car,35.43,34.287,1.441,39.872,32.068,32.068,False
0009,16,5,car,53.667,52.012,17.635,,53.206,53.206,False
0009,17,0,car,5.281,3.322,2.438,7.227,7.71,7.71,False
0009,17,11,car,64.999,63.052,16.311,,55.093,55.093,False
0009,17,8,car,44.206,42.05,5.722,37.803,42.183,42.183,False
0009,17,1,car,34.721,33.565,1.777,39.897,31.661,31.661,False
0009,17,5,car,53.012,51.367,18.17,,52.314,52.314,False
0009,18,11,car,64.323,62.374,16.89,,54.011,54.011,False
0009,18,5,car,52.356,50.723,18.608,,51.63,51.63,False
0009,18,0,car,4.774,2.879,2.393,7.313,8.109,8.109,False
0009,18,8,car,43.525,41.369,5.326,36.639,40.988,40.988,False
0009,18,1,car,34.019,32.847,2.113,37.538,31.27,31.27,False
0009,19,5,car,51.719,50.095,19.097,,52.08,52.08,False
0009,19,8,car,42.847,40.69,4.93,35.481,40.222,40.222,False
0009,19,1,car,33.321,32.133,2.449,36.447,30.073,30.073,False
0009,19,11,car,63.656,61.706,17.468,,53.006,53.006,False
0009,19,0,car,4.307,2.531,2.348,7.432,8.609,8.609,False
0009,19,2,car,43.409,41.587,19.993,142.363,44.0,44.0,False
0009,20,11,car,62.999,61.048,18.047,,54.405,54.405,False
0009,20,8,car,42.14,39.982,4.573,33.587,40.189,40.189,False
0009,20,5,car,51.094,49.48,19.586,,52.4,52.4,False
0009,20,1,car,32.629,31.424,2.786,34.48,29.352,29.352,False
0009,20,2,car,42.877,41.024,20.438,130.449,43.35,43.35,False
0009,21,5,car,50.441,48.804,19.975,,50.603,50.603,False
0009,21,11,car,62.32,60.37,18.493,,52.17,52.17,False
0009,21,8,car,41.434,39.276,4.217,32.622,39.454,39.454,False
0009,21,1,car,31.934,30.713,2.967,33.591,29.407,29.407,False
0009,21,2,car,42.311,40.434,20.682,146.211,42.355,42.355,False
0009,22,5,car,49.813,48.166,20.182,,48.931,48.931,False
0009,22,11,car,61.647,59.698,18.939,,52.36,52.36,False
0009,22,1,car,31.241,30.005,3.148,33.628,28.539,28.539,False
0009,22,8,car,40.715,38.562,4.007,33.49,39.431,39.431,False
0009,22,4,car,36.438,34.411,21.253,114.846,36.194,36.194,False
0009,22,2,car,41.755,39.854,20.926,,42.141,42.141,False
0009,22,3,car,38.402,36.495,21.15,127.661,36.849,36.849,False
0009,23,11,car,60.961,59.013,19.245,,50.289,50.289,False
0009,23,8,car,39.996,37.85,3.796,34.429,38.739,38.739,False
0009,23,1,car,30.552,29.298,3.329,34.627,28.058,28.058,False
0009,23,4,car,35.953,33.908,21.453,107.899,35.085,35.085,False
0009,23,5,car,49.191,47.533,20.39,,47.99,47.99,False
0009,23,3,car,37.866,35.938,21.372,119.33,36.311,36.311,False
0009,23,2,car,41.209,39.284,21.17,,41.543,41.543,False
0009,24,8,car,39.277,37.138,3.586,35.449,37.436,37.436,False
0009,24,5,car,48.575,46.907,20.592,,48.424,48.424,False
0009,24,1,car,29.865,28.594,3.511,34.67,26.941,26.941,False
0009,24,11,car,60.279,58.332,19.515,,49.419,49.419,False
0009,24,4,car,35.482,33.417,21.654,115.532,36.651,36.651,False
0009,24,3,car,37.315,35.37,21.459,129.981,35.854,35.854,False
0009,24,2,car,40.575,38.631,21.238,,40.981,40.981,False
0009,25,8,car,38.61,36.47,3.454,34.377,37.115,37.115,False
0009,25,5,car,47.966,46.286,20.793,,47.924,47.924,False
0009,25,1,car,29.183,27.892,3.692,34.723,25.915,25.915,False
0009,25,16,car,56.412,54.108,3.609,68.913,55.973,55.973,False
0009,25,3,car,36.773,34.81,21.547,122.804,34.622,34.622,False
0009,25,13,car,60.94,58.807,22.318,,58.888,58.888,False
0009,25,9,car,61.623,59.324,0.559,61.829,57.963,57.963,True
0009,25,11,car,59.669,57.719,19.72,,50.713,50.713,False
0009,25,2,car,39.947,37.984,21.306,,40.805,40.805,False
0009,25,4,car,34.928,32.848,21.682,116.959,37.679,37.679,False
0009,26,16,car,55.718,53.412,3.725,68.902,55.285,55.285,False
0009,26,5,car,47.34,45.65,20.947,,47.331,47.331,False
0009,26,8,car,37.943,35.802,3.323,34.374,35.924,35.924,False
0009,26,3,car,36.239,34.259,21.634,146.773,34.436,34.436,False
0009,26,11,car,59.062,57.11,19.898,,49.657,49.657,False
0009,26,9,car,60.198,57.904,0.397,61.808,53.772,53.772,True
0009,26,1,car,28.505,27.202,3.732,34.708,25.388,25.388,False
0009,26,13,car,60.317,58.183,22.527,,56.351,56.351,False
0009,27,11,car,58.459,56.504,20.071,,104.098,104.098,False
0009,27,5,car,46.799,45.086,21.142,,46.739,46.739,False
0009,27,16,car,55.023,52.717,3.84,73.028,50.908,50.908,False
0009,27,8,car,37.275,35.135,3.192,36.412,35.922,35.922,False
0009,27,3,car,35.714,33.718,21.721,149.028,33.256,33.256,False
0009,27,9,car,58.773,56.486,0.234,65.07,52.504,52.504,True
0009,27,1,car,27.829,26.513,3.772,34.751,25.074,25.074,False
0009,28,16,car,54.329,52.022,3.955,73.032,48.704,48.704,False
0009,28,8,car,36.536,34.394,3.151,37.528,35.356,35.356,False
0009,28,5,car,46.241,44.506,21.289,,46.012,46.012,False
0009,28,9,car,57.218,54.935,0.197,68.745,50.712,50.712,True
0009,28,11,car,57.812,55.858,20.17,,47.918,47.918,False
0009,28,3,car,35.199,33.185,21.809,,35.699,35.699,False
0009,28,13,car,59.042,56.907,22.771,,56.045,56.045,False
0009,28,1,car,27.154,25.825,3.812,35.736,24.858,24.858,False
0009,28,2,car,38.292,36.278,21.451,,42.111,42.111,False
0009,29,16,car,53.636,51.327,4.07,88.931,50.93,50.93,False
0009,29,5,car,45.687,43.931,21.434,,45.578,45.578,False
0009,29,9,car,55.664,53.385,0.161,68.725,50.142,50.142,True
0009,29,8,car,35.794,33.653,3.099,36.398,34.022,34.022,False
0009,29,11,car,57.136,55.183,20.199,,101.445,101.445,False
0009,29,2,car,37.753,35.721,21.499,,39.081,39.081,False
0009,29,1,car,26.481,25.138,3.853,34.892,24.137,24.137,False
0009,29,13,car,58.388,56.254,22.806,,54.923,54.923,False
0009,29,3,car,34.696,32.672,21.738,,39.558,39.558,False
0009,30,9,car,54.096,51.817,0.218,61.829,48.508,48.508,True
0009,30,11,car,56.478,54.525,20.234,,47.141,47.141,False
0009,30,5,car,45.072,43.291,21.361,,44.621,44.621,False
0009,30,8,car,35.056,32.913,3.069,35.379,33.524,33.524,False
0009,30,2,car,37.22,35.17,21.547,,36.933,36.933,False
0009,30,16,car,52.979,50.671,4.057,83.005,56.056,56.056,False
0009,30,13,car,57.737,55.602,22.838,,51.584,51.584,False
0009,30,1,car,25.809,24.451,3.893,33.1,23.471,23.471,False
0009,30,6,car,47.262,45.452,21.331,,43.698,43.698,False
0009,31,8,car,34.449,32.305,3.157,32.578,32.565,32.565,False
0009,31,5,car,44.459,42.654,21.288,,44.862,44.862,False
0009,31,2,car,36.828,34.761,21.664,,36.015,36.015,False
0009,31,9,car,52.528,50.25,0.275,53.682,46.488,46.488,True
0009,31,1,car,25.168,23.789,3.852,30.712,23.054,23.054,False
0009,31,16,car,52.322,50.014,4.043,73.133,54.685,54.685,False
0009,31,13,car,57.134,55.0,22.748,,53.347,53.347,False
0009,31,11,car,55.851,53.895,20.145,,48.322,48.322,False
0009,31,10,car,44.14,42.805,9.052,,43.427,43.427,False
0009,32,9,car,50.961,48.682,0.333,49.366,45.546,45.546,True
0009,32,5,car,43.889,42.077,21.166,,43.153,43.153,False
0009,32,8,car,33.843,31.697,3.244,30.265,32.116,32.116,False
0009,32,1,car,24.525,23.126,3.79,28.553,22.419,22.419,False
0009,32,13,car,56.532,54.397,22.656,,50.662,50.662,False
0009,32,16,car,51.644,49.34,3.893,62.045,51.522,51.522,False
0009,32,2,car,36.284,34.207,21.536,,36.361,36.361,False
0009,32,10,car,43.501,42.157,8.944,115.651,38.36,38.36,False
0009,33,9,car,49.414,47.139,0.587,47.501,43.767,43.767,True
0009,33,8,car,33.238,31.09,3.331,30.276,31.253,31.253,False
0009,33,5,car,43.32,41.502,21.043,,43.258,43.258,False
0009,33,1,car,23.882,22.463,3.729,28.004,21.807,21.807,False
0009,33,16,car,50.966,48.667,3.743,61.988,50.361,50.361,False
0009,33,2,car,35.743,33.656,21.408,,35.369,35.369,False
0009,33,10,car,42.863,41.511,8.832,115.749,41.14,41.14,False
0009,33,13,car,55.925,53.791,22.48,,48.687,48.687,False
0009,34,9,car,47.869,45.596,0.841,49.378,41.345,41.345,True
0009,34,8,car,32.569,30.42,3.438,30.246,30.852,30.852,False
0009,34,16,car,50.289,47.994,3.592,68.913,53.332,53.332,False
0009,34,11,car,53.987,52.03,19.662,,44.658,44.658,False
0009,34,1,car,23.24,21.8,3.667,27.939,21.221,21.221,False
0009,34,5,car,42.752,40.928,20.92,,41.733,41.733,False
0009,34,2,car,35.205,33.106,21.28,,36.374,36.374,False
0009,34,10,car,42.225,40.865,8.721,127.509,39.382,39.382,False
0009,35,16,car,49.637,47.33,3.359,65.255,49.768,49.768,False
0009,35,5,car,42.143,40.314,20.733,,41.457,41.457,False
0009,35,8,car,31.901,29.751,3.546,30.467,30.061,30.061,False
0009,35,11,car,53.368,51.411,19.485,,95.361,95.361,False
0009,35,9,car,46.359,44.085,1.041,47.477,40.606,40.606,True
0009,35,1,car,22.598,21.137,3.605,28.02,20.401,20.401,False
0009,35,2,car,34.669,32.56,21.152,,35.604,35.604,False
0009,35,10,car,41.586,40.218,8.61,141.986,38.397,38.397,False
0009,36,9,car,44.851,42.575,1.241,45.78,40.247,40.247,False
0009,36,8,car,31.228,29.077,3.638,30.373,30.09,30.09,False
0009,36,1,car,21.957,20.475,3.544,26.786,19.903,19.903,False
0009,36,16,car,48.986,46.667,3.127,65.229,50.321,50.321,False
0009,36,5,car,41.619,39.782,20.674,,41.122,41.122,False
0009,36,11,car,52.75,50.793,19.307,,43.919,43.919,False
0009,36,2,car,34.24,32.12,21.107,,34.485,34.485,False
0009,36,13,car,54.108,51.973,21.954,,50.287,50.287,False
0009,36,10,car,40.948,39.572,8.5,141.865,37.768,37.768,False
0009,37,11,car,52.131,50.174,19.129,,42.388,42.388,False
0009,37,8,car,30.561,28.409,3.744,27.098,28.961,28.961,False
0009,37,16,car,48.318,46.002,2.989,56.276,47.132,47.132,False
0009,37,1,car,21.316,19.813,3.483,25.203,19.184,19.184,False
0009,37,9,car,43.376,41.094,1.393,42.556,38.518,38.518,False
0009,37,5,car,41.057,39.207,20.557,,41.998,41.998,False
0009,37,2,car,33.75,31.617,21.028,,35.457,35.457,False
0009,37,13,car,53.496,51.362,21.765,,49.332,49.332,False
0009,37,10,car,40.31,38.925,8.389,106.124,37.159,37.159,False
0009,38,16,car,47.649,45.338,2.852,56.322,47.623,47.623,False
0009,38,8,car,29.889,27.735,3.835,25.084,28.269,28.269,False
0009,38,1,car,20.676,19.151,3.421,22.919,18.685,18.685,False
0009,38,11,car,51.523,49.566,19.001,,43.586,43.586,False
0009,38,5,car,40.496,38.633,20.44,,42.145,42.145,False
0009,38,13,car,52.885,50.751,21.576,,47.546,47.546,False
0009,38,9,car,41.903,39.615,1.545,36.277,36.936,36.936,False
0009,38,10,car,39.67,38.276,8.282,84.647,36.886,36.886,False
0009,39,16,car,46.981,44.674,2.714,49.458,47.117,47.117,False
0009,39,9,car,40.487,38.199,1.653,33.402,34.399,34.399,False
0009,39,12,van,54.243,51.92,25.233,,37.084,37.084,False
0009,39,8,car,29.219,27.065,3.938,23.669,27.273,27.273,False
0009,39,1,car,20.037,18.49,3.36,21.756,18.073,18.073,False
0009,39,11,car,50.915,48.957,18.873,,42.5,42.5,False
0009,39,20,car,58.305,56.366,0.0,47.452,57.948,57.948,True
0009,39,13,car,52.296,50.163,21.437,,47.558,47.558,False
0009,39,6,car,42.004,40.111,20.291,,38.901,38.901,False
0009,39,10,car,39.031,37.629,8.172,70.613,34.165,34.165,False
0009,40,9,car,39.072,36.785,1.76,32.527,33.381,33.381,False
0009,40,16,car,46.344,44.035,2.587,47.553,46.621,46.621,False
0009,40,8,car,28.547,26.392,3.984,23.155,26.666,26.666,False
0009,40,5,car,39.383,37.494,20.208,149.23,38.663,38.663,False
0009,40,1,car,19.399,17.829,3.299,20.701,17.497,17.497,False
0009,40,11,car,50.307,48.35,18.744,,94.054,94.054,False
0009,40,20,car,57.652,55.713,0.0,47.452,60.295,60.295,True
0009,40,12,van,53.661,51.337,25.122,,38.949,38.949,False
0009,40,13,car,51.708,49.575,21.274,,46.71,46.71,False
0009,40,10,car,38.393,36.983,8.062,63.54,33.209,33.209,False
0009,40,15,car,35.131,32.783,4.408,27.58,32.874,32.874,False
0009,41,9,car,37.658,35.371,1.867,31.716,32.195,32.195,False
0009,41,5,car,38.831,36.928,20.095,,37.755,37.755,False
0009,41,8,car,27.876,25.72,4.03,22.886,26.386,26.386,False
0009,41,16,car,45.707,43.397,2.461,47.543,45.669,45.669,False
0009,41,20,car,57.0,55.06,0.0,47.451,57.203,57.203,True
0009,41,1,car,18.78,17.196,3.264,20.416,16.85,16.85,False
0009,41,12,van,53.083,50.759,25.018,,35.056,35.056,False
0009,41,13,car,51.119,48.987,21.109,,46.809,46.809,False
0009,41,10,car,37.758,36.339,7.951,63.435,31.622,31.622,False
0009,42,16,car,45.07,42.759,2.334,49.448,43.865,43.865,False
0009,42,5,car,38.304,36.391,20.024,,37.172,37.172,False
0009,42,9,car,36.245,33.958,1.975,31.64,31.087,31.087,False
0009,42,8,car,27.256,25.098,4.053,22.925,25.249,25.249,False
0009,42,20,car,56.347,54.408,0.0,49.362,57.202,57.202,True
0009,42,11,car,49.093,47.135,18.487,,97.794,97.794,False
0009,42,1,car,18.162,16.564,3.229,19.814,16.367,16.367,False
0009,42,12,van,52.537,50.213,24.922,,35.379,35.379,False
0009,42,13,car,50.531,48.4,20.944,,44.383,44.383,False
0009,42,10,car,37.122,35.695,7.842,63.678,30.399,30.399,False
0009,43,5,car,37.78,35.856,19.953,137.661,36.615,36.615,False
0009,43,8,car,26.644,24.482,4.133,22.424,24.738,24.738,False
0009,43,16,car,44.434,42.121,2.207,47.533,44.299,44.299,False
0009,43,9,car,34.832,32.545,2.028,30.096,29.86,29.86,False
0009,43,20,car,55.712,53.772,0.0,49.361,55.771,55.771,True
0009,43,1,car,17.545,15.933,3.194,19.25,15.814,15.814,False
0009,43,10,car,36.487,35.051,7.731,60.559,30.488,30.488,False
0009,43,13,car,49.952,47.822,20.853,,45.666,45.666,False
0009,43,12,van,51.969,49.645,24.77,143.976,37.881,37.881,False
0009,44,5,car,37.258,35.323,19.882,116.948,36.318,36.318,False
0009,44,8,car,26.03,23.865,4.185,22.057,24.772,24.772,False
0009,44,9,car,33.42,31.132,2.068,28.699,28.357,28.357,False
0009,44,16,car,43.797,41.483,2.081,44.112,41.412,41.412,False
0009,44,20,car,55.077,53.136,0.0,47.453,55.771,55.771,True
0009,44,1,car,16.93,15.302,3.159,18.196,15.451,15.451,False
0009,44,10,car,35.853,34.408,7.62,58.0,30.082,30.082,False
0009,44,13,car,49.374,47.245,20.762,140.419,47.99,47.99,False
0009,44,11,car,47.912,45.954,18.289,,111.849,111.849,False
0009,44,15,car,32.395,30.042,4.61,27.673,31.389,31.389,False
0009,44,12,van,51.45,49.127,24.74,130.753,38.273,38.273,False
0009,45,16,car,43.143,40.829,2.022,45.75,40.665,40.665,False
0009,45,5,car,36.738,34.793,19.811,117.694,36.1,36.1,False
0009,45,8,car,25.417,23.249,4.24,21.483,23.529,23.529,False
0009,45,10,car,35.218,33.764,7.509,58.077,29.78,29.78,False
0009,45,20,car,54.442,52.5,0.0,47.453,54.411,54.411,True
0009,45,1,car,16.317,14.671,3.124,17.252,14.701,14.701,False
0009,45,9,car,32.01,29.72,2.109,28.053,27.836,27.836,False
0009,45,13,car,48.797,46.669,20.671,140.574,46.796,46.796,False
0009,45,11,car,47.338,45.381,18.22,,110.936,110.936,False
0009,45,15,car,31.713,29.358,4.66,28.304,30.993,30.993,False
0009,46,16,car,42.489,40.175,1.964,45.746,41.42,41.42,False
0009,46,5,car,36.221,34.265,19.74,120.81,35.64,35.64,False
0009,46,8,car,24.805,22.633,4.288,21.172,23.325,23.325,False
0009,46,9,car,30.6,28.308,2.149,26.831,26.7,26.7,False
0009,46,20,car,53.807,51.864,0.0,45.689,53.116,53.116,True
0009,46,10,car,34.587,33.134,7.431,58.116,29.062,29.062,False
0009,46,1,car,15.706,14.042,3.09,16.842,14.368,14.368,False
0009,46,15,car,31.032,28.676,4.711,27.089,30.591,30.591,False
0009,46,11,car,46.765,44.807,18.15,,54.422,54.422,False
0009,46,13,car,48.22,46.093,20.579,,48.827,48.827,False
0009,47,16,car,41.834,39.521,1.905,44.103,41.418,41.418,False
0009,47,5,car,35.707,33.745,19.704,120.535,35.222,35.222,False
0009,47,8,car,24.177,22.002,4.287,20.545,22.562,22.562,False
0009,47,10,car,33.956,32.503,7.352,55.445,28.564,28.564,False
0009,47,9,car,29.191,26.898,2.19,25.804,25.653,25.653,False
0009,47,1,car,15.098,13.413,3.055,16.103,13.694,13.694,False
0009,47,20,car,53.157,51.214,0.0,47.456,55.083,55.083,True
0009,47,15,car,30.406,28.041,4.779,25.993,29.056,29.056,False
0009,48,5,car,35.238,33.267,19.8,111.438,35.038,35.038,False
0009,48,16,car,41.18,38.867,1.846,42.574,40.298,40.298,False
0009,48,9,car,27.771,25.474,2.145,23.824,23.643,23.643,False
0009,48,8,car,23.549,21.37,4.308,19.65,22.164,22.164,False
0009,48,10,car,33.348,31.891,7.357,53.344,28.1,28.1,False
0009,48,20,car,52.507,50.564,0.0,44.05,53.116,53.116,True
0009,48,1,car,14.492,12.786,3.02,15.177,13.145,13.145,False
0009,48,15,car,29.78,27.409,4.827,24.97,28.006,28.006,False
0009,48,13,car,47.068,44.942,20.534,,54.946,54.946,False
0009,49,16,car,40.526,38.213,1.788,41.157,39.941,39.941,False
0009,49,5,car,34.716,32.738,19.783,112.458,34.122,34.122,False
0009,49,9,car,26.351,24.051,2.099,22.219,22.249,22.249,False
0009,49,8,car,22.923,20.741,4.287,18.817,21.274,21.274,False
0009,49,10,car,32.742,31.28,7.361,53.253,27.829,27.829,False
0009,49,20,car,51.857,49.915,0.0,44.048,53.756,53.756,True
0009,49,1,car,13.874,12.149,2.954,14.396,12.524,12.524,False
0009,49,15,car,29.155,26.777,4.848,23.566,27.52,27.52,False
0009,50,5,car,34.246,32.261,19.813,112.238,33.477,33.477,False
0009,50,9,car,24.932,22.628,2.054,20.766,21.016,21.016,False
0009,50,16,car,39.894,37.584,1.887,42.64,41.428,41.428,False
0009,50,10,car,32.133,30.656,7.426,51.051,26.625,26.625,False
0009,50,8,car,22.298,20.112,4.286,18.049,20.545,20.545,False
0009,50,20,car,51.21,49.268,0.0,42.523,51.881,51.881,True
0009,50,12,van,48.03,45.71,24.476,,41.255,41.255,False
0009,50,1,car,13.289,11.534,2.95,13.722,11.878,11.878,False
0009,51,5,car,33.801,31.806,19.891,114.581,33.074,33.074,False
0009,51,9,car,23.514,21.206,2.008,19.803,19.649,19.649,False
0009,51,16,car,39.263,36.956,1.986,39.839,39.256,39.256,False
0009,51,86,car,81.394,79.02,4.713,68.895,67.787,67.787,False
0009,51,20,car,50.562,48.622,0.0,41.103,49.574,49.574,True
0009,51,10,car,31.527,30.033,7.492,51.518,26.405,26.405,False
0009,51,8,car,21.673,19.484,4.286,17.834,20.389,20.389,False
0009,51,1,car,12.693,10.902,2.973,13.137,11.277,11.277,False
0009,52,5,car,33.302,31.291,19.928,116.031,33.635,33.635,False
0009,52,9,car,22.096,19.784,1.963,18.914,18.757,18.757,False
0009,52,16,car,38.632,36.328,2.085,41.177,37.614,37.614,False
0009,52,10,car,30.923,29.413,7.557,51.242,25.627,25.627,False
0009,52,8,car,21.054,18.863,4.231,17.299,19.72,19.72,False
0009,52,86,car,81.177,78.806,4.187,77.576,72.143,72.143,False
0009,52,20,car,49.912,47.969,0.0,44.046,50.701,50.701,True
0009,52,1,car,12.105,10.273,2.996,12.643,10.83,10.83,False
0009,52,6,car,35.15,33.12,19.909,142.785,35.761,35.761,False
0009,52,15,car,27.203,24.836,4.714,22.372,25.847,25.847,False
0009,53,9,car,20.7,18.381,1.918,17.896,17.207,17.207,False
0009,53,16,car,38.002,35.7,2.184,42.625,37.313,37.313,False
0009,53,10,car,30.321,28.794,7.622,51.624,24.89,24.89,False
0009,53,5,car,32.811,30.783,19.965,126.644,34.011,34.011,False
0009,53,8,car,20.435,18.243,4.176,17.307,19.256,19.256,False
0009,53,86,car,80.962,78.601,3.665,88.768,69.866,69.866,False
0009,53,20,car,49.263,47.317,0.0,45.685,49.574,49.574,True
0009,53,1,car,11.524,9.649,3.019,12.084,10.337,10.337,False
0009,54,16,car,37.372,35.073,2.283,44.162,36.42,36.42,False
0009,54,9,car,19.312,16.984,1.912,17.657,16.353,16.353,False
0009,54,10,car,29.722,28.177,7.688,58.536,24.996,24.996,False
0009,54,86,car,80.748,78.404,3.148,103.663,68.768,68.768,False
0009,54,8,car,19.817,17.624,4.121,17.733,18.443,18.443,False
0009,54,5,car,32.327,30.282,20.002,149.028,35.057,35.057,False
0009,54,20,car,48.607,46.659,0.0,49.361,47.465,47.465,True
0009,54,1,car,10.954,9.031,3.042,11.52,9.73,9.73,False
0009,54,11,car,42.06,40.11,18.393,,35.688,35.688,False
0009,55,86,car,80.481,78.144,2.619,124.691,69.821,69.821,False
0009,55,16,car,36.746,34.446,2.371,47.577,36.135,36.135,False
0009,55,9,car,17.922,15.586,1.87,16.518,15.161,15.161,False
0009,55,10,car,29.125,27.561,7.752,61.548,24.3,24.3,False
0009,55,8,car,19.2,17.005,4.067,17.147,17.711,17.711,False
0009,55,20,car,47.964,46.012,0.0,51.43,47.976,47.976,True
0009,55,1,car,10.395,8.42,3.064,11.059,9.14,9.14,False
0009,55,11,car,41.489,39.539,18.506,140.535,68.813,68.813,False
0009,55,6,car,33.707,31.632,20.094,,40.229,40.229,False
0009,55,13,car,43.102,40.99,20.944,,71.194,71.194,False
0009,56,16,car,36.122,33.82,2.476,49.533,35.575,35.575,False
0009,56,9,car,16.533,14.188,1.824,15.379,13.723,13.723,False
0009,56,86,car,80.217,77.888,2.092,138.774,72.053,72.053,False
0009,56,10,car,28.531,26.948,7.816,61.725,23.786,23.786,False
0009,56,11,car,40.922,38.972,18.619,,71.087,71.087,False
0009,56,1,car,9.867,7.846,3.084,10.362,8.471,8.471,False
0009,56,20,car,47.315,45.36,0.0,53.68,47.977,47.977,True
0009,56,8,car,18.583,16.387,4.012,17.165,17.117,17.117,False
0009,57,86,car,80.008,77.697,1.559,138.684,73.207,73.207,False
0009,57,16,car,35.495,33.193,2.567,45.839,35.035,35.035,False
0009,57,11,car,40.36,38.409,18.732,,69.745,69.745,False
0009,57,9,car,15.146,12.792,1.778,13.785,12.41,12.41,False
0009,57,10,car,27.94,26.337,7.88,56.801,23.654,23.654,False
0009,57,20,car,46.676,44.726,0.0,49.36,46.968,46.968,True
0009,57,1,car,9.353,7.28,3.104,9.703,7.773,7.773,False
0009,57,8,car,17.978,15.775,3.971,16.537,16.43,16.43,False
0009,57,12,van,44.235,41.931,24.983,,96.902,96.902,False
0009,58,16,car,34.869,32.566,2.658,42.694,33.99,33.99,False
0009,58,86,car,79.801,77.51,1.03,113.168,67.645,67.645,True
0009,58,11,car,39.821,37.872,18.804,129.547,32.672,32.672,False
0009,58,9,car,13.779,11.412,1.746,12.102,11.069,11.069,False
0009,58,10,car,27.352,25.728,7.944,50.489,22.745,22.745,False
0009,58,20,car,46.037,44.092,0.0,45.684,45.072,45.072,True
0009,58,1,car,8.856,6.726,3.124,8.887,7.122,7.122,False
0009,58,8,car,17.373,15.165,3.93,15.455,15.891,15.891,False
0009,59,16,car,34.242,31.938,2.743,37.513,32.524,32.524,False
0009,59,9,car,12.435,10.054,1.739,10.587,9.798,9.798,False
0009,59,10,car,26.767,25.123,8.008,45.358,22.225,22.225,False
0009,59,20,car,45.399,43.459,0.0,42.521,45.535,45.535,True
0009,59,11,car,39.287,37.339,18.876,102.178,67.942,67.942,False
0009,59,86,car,79.562,77.309,0.364,82.644,63.764,63.764,True
0009,59,1,car,8.378,6.188,3.143,8.274,6.671,6.671,False
0009,59,8,car,16.769,14.555,3.889,14.608,15.549,15.549,False
0009,59,13,car,40.922,38.824,21.243,123.639,37.005,37.005,False
0009,60,16,car,33.618,31.312,2.835,36.392,32.306,32.306,False
0009,60,11,car,38.756,36.809,18.948,109.208,66.774,66.774,False
0009,60,12,van,42.723,40.427,25.228,,31.951,31.951,False
0009,60,86,car,79.327,77.118,0.0,82.66,64.677,64.677,True
0009,60,10,car,26.176,24.514,8.063,45.318,21.757,21.757,False
0009,60,9,car,11.091,8.696,1.726,9.29,8.629,8.629,False
0009,60,20,car,44.742,42.79,0.0,41.094,45.076,45.076,True
0009,60,1,car,7.922,5.668,3.163,8.013,6.726,6.726,False
0009,60,13,car,40.399,38.305,21.318,124.56,37.589,37.589,False
0009,61,12,van,42.231,39.938,25.31,,63.691,63.691,False
0009,61,11,car,38.229,36.284,19.021,103.387,65.286,65.286,False
0009,61,86,car,79.096,76.938,0.0,82.626,69.722,69.722,True
0009,61,16,car,32.995,30.688,2.927,35.377,32.088,32.088,False
0009,61,9,car,9.757,7.351,1.708,8.08,7.392,7.392,False
0009,61,10,car,25.588,23.909,8.118,44.287,21.149,21.149,False
0009,61,20,car,44.086,42.123,0.0,38.515,43.752,43.752,True
0009,61,17,car,33.398,31.506,4.288,28.909,32.43,32.43,False
0009,61,13,car,39.894,37.806,21.424,125.34,36.828,36.828,False
0009,61,14,car,27.412,25.4,4.177,24.901,28.655,28.655,False
0009,62,86,car,78.836,76.738,0.0,82.601,69.715,69.715,True
0009,62,16,car,32.373,30.064,3.02,33.478,31.659,31.659,False
0009,62,11,car,37.715,35.773,19.108,104.163,63.97,63.97,False
0009,62,9,car,8.439,6.025,1.691,7.083,6.339,6.339,False
0009,62,20,car,43.443,41.486,0.0,37.343,44.191,44.191,True
0009,62,12,van,41.745,39.455,25.392,,63.034,63.034,False
0009,62,10,car,25.005,23.306,8.173,43.126,20.991,20.991,False
0009,62,14,car,26.684,24.665,4.126,22.265,26.21,26.21,False
0009,62,17,car,32.767,30.874,4.19,27.665,32.672,32.672,False
0009,62,13,car,39.367,37.284,21.467,126.69,35.755,35.755,False
0009,63,12,van,41.276,38.991,25.494,,61.709,61.709,False
0009,63,16,car,31.751,29.44,3.115,30.99,29.993,29.993,False
0009,63,9,car,7.233,4.823,1.71,6.955,6.608,6.608,False
0009,63,86,car,78.582,76.551,0.0,77.377,71.963,71.963,True
0009,63,20,car,42.801,40.85,0.111,35.202,42.918,42.918,True
0009,63,11,car,37.168,35.229,19.21,91.774,63.085,63.085,False
0009,63,10,car,24.426,22.707,8.228,42.164,20.962,20.962,False
0009,63,13,car,38.831,36.752,21.58,109.166,34.988,34.988,False
0009,63,14,car,26.062,24.041,4.041,20.778,25.173,25.173,False
0009,63,17,car,32.137,30.242,4.083,26.436,31.965,31.965,False
0009,64,16,car,31.13,28.818,3.21,30.23,30.428,30.428,False
0009,64,9,car,6.065,3.688,1.729,6.426,6.928,6.928,False
0009,64,20,car,42.159,40.215,0.254,33.295,41.334,41.334,True
0009,64,12,van,40.815,38.535,25.597,,63.345,63.345,False
0009,64,86,car,78.305,76.268,0.0,72.786,70.825,70.825,True
0009,64,11,car,36.627,34.692,19.31,92.794,62.935,62.935,False
0009,64,10,car,23.852,22.112,8.283,39.925,19.827,19.827,False
0009,64,15,car,19.749,17.363,3.939,15.366,18.204,18.204,False
0009,64,17,car,31.506,29.61,3.975,24.375,29.654,29.654,False
0009,64,14,car,25.44,23.417,3.955,19.792,25.186,25.186,False
0009,64,13,car,38.322,36.249,21.729,110.541,34.484,34.484,False
0009,65,20,car,41.518,39.581,0.398,32.417,39.165,39.165,True
0009,65,16,car,30.489,28.176,3.314,29.535,28.897,28.897,False
0009,65,9,car,4.962,2.706,1.748,7.033,7.23,7.23,False
0009,65,86,car,78.037,75.993,0.0,68.712,67.616,67.616,True
0009,65,12,van,40.361,38.085,25.7,,64.836,64.836,False
0009,65,10,car,23.252,21.496,8.268,37.239,19.227,19.227,False
0009,65,11,car,36.091,34.162,19.409,88.109,62.458,62.458,False
0009,65,15,car,19.133,16.745,3.887,14.835,17.395,17.395,False
0009,65,17,car,30.876,28.978,3.868,23.878,29.651,29.651,False
0009,65,14,car,24.818,22.794,3.869,19.193,24.636,24.636,False
0009,65,13,car,37.788,35.721,21.824,103.904,34.633,34.633,False
0009,66,16,car,29.85,27.535,3.415,30.297,29.292,29.292,False
0009,66,20,car,40.873,38.933,0.522,33.298,38.496,38.496,True
0009,66,12,van,39.914,37.644,25.803,,31.56,31.56,False
0009,66,9,car,3.979,2.105,1.767,7.147,7.597,7.597,False
0009,66,10,car,22.719,20.935,8.393,37.923,19.315,19.315,False
0009,66,11,car,35.563,33.64,19.509,100.726,62.085,62.085,False
0009,66,17,car,30.244,28.344,3.762,24.02,26.686,26.686,False
0009,66,15,car,18.518,16.127,3.834,14.52,16.967,16.967,False
0009,66,8,car,12.585,10.331,3.603,9.689,10.857,10.857,False
0009,66,86,car,77.708,75.702,0.416,82.586,76.959,76.959,True
0009,66,14,car,24.196,22.17,3.784,19.188,23.373,23.373,False
0009,66,13,car,37.262,35.2,21.918,112.605,34.21,34.21,False
0009,67,16,car,29.211,26.895,3.502,30.31,27.708,27.708,False
0009,67,20,car,40.228,38.285,0.647,35.216,41.351,41.351,True
0009,67,10,car,22.161,20.353,8.449,37.411,18.462,18.462,False
0009,67,8,car,11.975,9.717,3.576,9.875,10.103,10.103,False
0009,67,11,car,35.041,33.125,19.608,102.079,62.102,62.102,False
0009,67,86,car,77.388,75.421,1.206,95.449,74.417,74.417,False
0009,67,15,car,17.904,15.51,3.766,14.367,16.216,16.216,False
0009,67,17,car,29.611,27.711,3.656,24.341,26.213,26.213,False
0009,67,14,car,23.575,21.547,3.698,19.193,23.144,23.144,False
0009,67,18,car,36.04,34.153,3.568,29.475,36.794,36.794,False
0009,68,16,car,28.574,26.256,3.589,31.094,27.067,27.067,False
0009,68,20,car,39.584,37.638,0.771,36.251,37.853,37.853,True
0009,68,8,car,11.37,9.107,3.549,9.489,9.613,9.613,False
0009,68,14,car,22.915,20.885,3.619,19.5,22.586,22.586,False
0009,68,15,car,17.29,14.893,3.693,14.232,15.693,15.693,False
0009,68,26,car,48.232,46.498,3.487,47.66,41.558,41.558,False
0009,68,17,car,28.979,27.077,3.55,25.361,26.524,26.524,False
0009,68,10,car,21.61,19.776,8.504,37.565,17.689,17.689,False
0009,68,18,car,35.367,33.48,3.437,30.213,36.794,36.794,False
0009,68,11,car,34.513,32.601,19.707,102.968,56.517,56.517,False
0009,69,16,car,27.938,25.619,3.676,31.903,26.624,26.624,False
0009,69,20,car,38.941,36.993,0.885,37.369,37.865,37.865,True
0009,69,10,car,21.066,19.205,8.559,39.215,17.339,17.339,False
0009,69,8,car,10.769,8.503,3.522,9.185,8.977,8.977,False
0009,69,15,car,16.677,14.278,3.62,13.932,14.815,14.815,False
0009,69,14,car,22.256,20.224,3.54,19.52,21.716,21.716,False
0009,69,17,car,28.347,26.443,3.445,25.383,26.519,26.519,False
0009,69,26,car,47.53,45.796,3.603,49.651,38.712,38.712,False
0009,69,86,car,76.775,74.89,2.798,,101.62,101.62,False
0009,70,16,car,27.264,24.941,3.755,31.177,25.751,25.751,False
0009,70,20,car,38.299,36.348,0.999,36.263,36.332,36.332,True
0009,70,87,car,76.812,75.408,2.819,113.137,77.087,77.087,False
0009,70,10,car,20.468,18.578,8.595,37.676,16.92,16.92,False
0009,70,8,car,10.174,7.906,3.495,8.698,8.435,8.435,False
0009,70,11,car,33.48,31.578,19.901,134.662,60.577,60.577,False
0009,70,15,car,16.017,13.617,3.576,13.659,14.127,14.127,False
0009,70,86,car,76.469,74.599,3.676,,82.869,82.869,False
0009,70,17,car,27.715,25.809,3.339,24.843,25.617,25.617,False
0009,70,14,car,21.596,19.563,3.461,18.921,20.83,20.83,False
0009,70,26,car,46.829,45.094,3.719,49.684,38.076,38.076,False
0009,71,16,car,26.591,24.265,3.833,30.454,25.215,25.215,False
0009,71,87,car,76.69,75.241,0.822,113.168,74.419,74.419,True
0009,71,10,car,19.879,17.958,8.631,37.036,16.428,16.428,False
0009,71,20,car,37.657,35.704,1.113,36.264,36.64,36.64,True
0009,71,8,car,9.585,7.318,3.468,7.481,7.854,7.854,False
0009,71,15,car,15.359,12.957,3.531,12.853,13.591,13.591,False
0009,71,11,car,32.976,31.079,19.983,136.641,27.382,27.382,False
0009,71,17,car,27.082,25.176,3.233,24.35,25.046,25.046,False
0009,71,14,car,20.941,18.906,3.403,18.361,20.467,20.467,False
0009,71,18,car,33.351,31.463,3.025,30.971,36.18,36.18,False
0009,72,8,car,9.0,6.738,3.458,6.941,7.323,7.323,False
0009,72,16,car,25.92,23.59,3.912,29.078,24.839,24.839,False
0009,72,10,car,19.321,17.364,8.707,34.06,15.763,15.763,False
0009,72,87,car,76.62,75.126,0.0,113.008,73.148,73.148,True
0009,72,20,car,36.981,35.031,1.208,35.234,37.889,37.889,False
0009,72,15,car,14.702,12.299,3.486,12.277,13.097,13.097,False
0009,72,17,car,26.396,24.486,3.151,23.425,23.734,23.734,False
0009,72,14,car,20.286,18.249,3.344,17.858,19.765,19.765,False
0009,72,18,car,32.68,30.791,2.888,29.475,35.601,35.601,False
0009,72,26,car,45.43,43.694,3.95,44.435,37.514,37.514,False
0009,73,8,car,8.426,6.173,3.448,6.957,7.403,7.403,False
0009,73,16,car,25.251,22.917,3.991,27.815,24.351,24.351,False
0009,73,10,car,18.73,16.742,8.703,32.349,15.152,15.152,False
0009,73,87,car,76.601,75.064,0.0,113.009,76.934,76.934,True
0009,73,20,car,36.305,34.358,1.302,34.251,36.358,36.358,False
0009,73,15,car,14.047,11.642,3.442,11.64,12.46,12.46,False
0009,73,17,car,25.711,23.797,3.069,22.579,23.737,23.737,False
0009,73,26,car,44.731,42.995,4.066,44.488,40.152,40.152,False
0009,73,14,car,19.682,17.635,3.239,16.899,18.648,18.648,False
0009,73,18,car,31.949,30.059,2.803,28.816,33.982,33.982,False
0009,74,8,car,7.865,5.631,3.437,7.076,7.552,7.552,False
0009,74,16,car,24.583,22.246,4.069,27.259,23.51,23.51,False
0009,74,10,car,18.173,16.149,8.74,31.559,14.701,14.701,False
0009,74,20,car,35.629,33.686,1.397,33.343,36.079,36.079,False
0009,74,87,car,76.559,74.995,0.335,103.501,67.648,67.648,True
0009,74,15,car,13.394,10.988,3.397,10.979,11.656,11.656,False
0009,74,17,car,25.025,23.107,2.987,21.799,22.329,22.329,False
0009,74,14,car,18.979,16.931,3.204,16.266,18.217,18.217,False
0009,74,18,car,31.218,29.327,2.718,27.485,32.747,32.747,False
0009,74,88,car,76.466,75.339,7.029,139.551,118.273,118.273,False
0009,75,16,car,23.885,21.545,4.111,25.614,22.402,22.402,False
0009,75,8,car,7.321,5.116,3.427,7.102,7.824,7.824,False
0009,75,10,car,17.627,15.567,8.776,30.295,13.847,13.847,False
0009,75,20,car,34.954,33.015,1.491,30.825,32.902,32.902,False
0009,75,26,car,43.322,41.585,4.318,40.225,36.932,36.932,False
0009,75,15,car,12.734,10.327,3.36,10.251,11.074,11.074,False
0009,75,87,car,76.566,74.974,2.266,103.574,69.832,69.832,False
0009,75,19,car,35.559,33.402,2.595,29.455,32.946,32.946,False
0009,75,17,car,24.34,22.418,2.904,21.054,22.333,22.333,False
0009,75,14,car,18.277,16.228,3.168,15.473,17.403,17.403,False
0009,75,18,car,30.488,28.595,2.633,26.36,32.045,32.045,False
0009,76,16,car,23.188,20.845,4.152,24.666,22.015,22.015,False
0009,76,20,car,34.279,32.344,1.585,29.368,32.916,32.916,False
0009,76,8,car,6.797,4.638,3.417,7.063,8.16,8.16,False
0009,76,10,car,17.096,14.997,8.812,29.911,13.43,13.43,False
0009,76,19,car,34.827,32.669,2.534,26.36,30.701,30.701,False
0009,76,15,car,12.078,9.671,3.323,9.56,10.386,10.386,False
0009,76,88,car,75.875,74.786,3.637,88.671,82.823,82.823,False
0009,76,87,car,76.621,75.002,4.197,139.168,89.541,89.541,False
0009,76,17,car,23.602,21.678,2.879,19.716,21.698,21.698,False
0009,76,26,car,42.62,40.882,4.444,38.99,31.986,31.986,False
0009,76,14,car,17.575,15.526,3.133,14.574,16.724,16.724,False
0009,76,18,car,29.757,27.863,2.548,25.255,31.155,31.155,False
0009,77,16,car,22.493,20.148,4.193,23.308,21.05,21.05,False
0009,77,20,car,33.547,31.614,1.634,28.686,32.923,32.923,False
0009,77,8,car,6.259,4.179,3.405,7.023,8.476,8.476,False
0009,77,10,car,16.579,14.44,8.848,28.307,13.488,13.488,False
0009,77,15,car,11.426,9.02,3.285,9.022,9.729,9.729,False
0009,77,88,car,75.562,74.411,1.972,82.632,79.76,79.76,False
0009,77,19,car,34.095,31.935,2.473,28.075,33.432,33.432,False
0009,77,17,car,22.865,20.938,2.854,18.868,20.715,20.715,False
0009,77,26,car,41.918,40.18,4.571,39.019,38.887,38.887,False
0009,77,14,car,16.91,14.86,3.1,13.96,15.991,15.991,False
0009,77,25,car,37.892,36.063,2.695,33.5,38.381,38.381,False
0009,77,18,car,29.027,27.131,2.463,24.245,30.114,30.114,False
0009,77,87,car,76.682,74.97,6.051,,106.825,106.825,False
0009,78,16,car,21.8,19.452,4.234,22.125,20.537,20.537,False
0009,78,19,car,33.363,31.202,2.412,26.85,32.948,32.948,False
0009,78,20,car,32.815,30.884,1.682,28.036,32.455,32.455,False
0009,78,8,car,5.758,3.8,3.394,7.194,8.847,8.847,False
0009,78,15,car,10.778,8.375,3.248,8.72,9.085,9.085,False
0009,78,88,car,75.285,74.073,0.308,82.613,76.954,76.954,True
0009,78,10,car,16.079,13.9,8.884,26.879,13.384,13.384,False
0009,78,17,car,22.128,20.198,2.826,18.014,19.819,19.819,False
0009,78,14,car,16.185,14.132,3.083,13.239,15.126,15.126,False
0009,78,18,car,28.341,26.442,2.508,23.328,29.917,29.917,False
0009,78,26,car,41.218,39.479,4.697,36.742,39.642,39.642,False
0009,79,20,car,32.083,30.155,1.73,26.81,31.554,31.554,False
0009,79,15,car,10.136,7.739,3.211,7.961,8.301,8.301,False
0009,79,88,car,75.045,73.773,0.0,77.386,74.363,74.363,True
0009,79,19,car,32.631,30.469,2.349,26.279,32.471,32.471,False
0009,79,16,car,21.11,18.758,4.276,21.454,19.943,19.943,False
0009,79,10,car,15.597,13.376,8.921,26.641,13.41,13.41,False
0009,79,26,car,40.485,38.746,4.732,36.699,37.023,37.023,False
0009,79,14,car,15.458,13.401,3.061,12.489,14.138,14.138,False
0009,79,17,car,21.393,19.459,2.804,17.524,19.405,19.405,False
0009,79,8,car,5.305,3.526,3.383,7.379,10.099,10.099,False
0009,79,18,car,27.628,25.726,2.475,22.898,30.328,30.328,False
0009,80,20,car,31.352,29.426,1.778,26.826,30.7,30.7,False
0009,80,16,car,20.362,18.008,4.266,20.784,19.097,19.097,False
0009,80,88,car,74.841,73.511,0.0,82.591,76.936,76.936,True
0009,80,15,car,9.445,7.058,3.213,7.164,7.661,7.661,False
0009,80,19,car,31.899,29.736,2.281,26.264,31.556,31.556,False
0009,80,26,car,39.752,38.014,4.768,35.657,37.047,37.047,False
0009,80,17,car,20.657,18.721,2.779,17.063,18.779,18.779,False
0009,80,14,car,14.741,12.68,3.048,11.93,13.554,13.554,False
0009,80,18,car,26.914,25.009,2.442,22.54,29.528,29.528,False
0009,81,15,car,8.766,6.395,3.214,6.886,7.303,7.303,False
0009,81,16,car,19.619,17.263,4.268,20.188,18.271,18.271,False
0009,81,20,car,30.621,28.698,1.827,26.267,29.891,29.891,False
0009,81,88,car,74.767,73.391,0.595,88.591,73.197,73.197,True
0009,81,19,car,31.14,28.977,2.29,25.719,31.122,31.122,False
0009,81,17,car,19.919,17.983,2.779,16.612,18.269,18.269,False
0009,81,26,car,39.02,37.282,4.804,35.724,32.54,32.54,False
0009,81,14,car,14.021,11.958,3.031,11.445,12.974,12.974,False
0009,81,18,car,26.201,24.294,2.409,22.496,28.415,28.415,False
0009,81,25,car,34.937,33.109,2.774,32.686,36.896,36.896,False
0009,82,15,car,8.101,5.756,3.216,7.343,7.403,7.403,False
0009,82,16,car,18.873,16.515,4.246,19.626,17.379,17.379,False
0009,82,20,car,29.83,27.908,1.809,26.821,29.895,29.895,False
0009,82,88,car,74.729,73.307,2.213,95.513,72.087,72.087,False
0009,82,19,car,30.382,28.217,2.299,25.722,29.495,29.495,False
0009,82,17,car,19.182,17.246,2.78,16.191,17.38,17.38,False
0009,82,14,car,13.305,11.238,3.013,10.898,12.17,12.17,False
0009,82,26,car,38.289,36.551,4.84,38.063,32.798,32.798,False
0009,82,18,car,25.411,23.502,2.414,22.153,27.239,27.239,False
0009,82,25,car,34.165,32.338,2.763,31.851,35.747,35.747,False
0009,83,15,car,7.455,5.15,3.217,6.951,7.569,7.569,False
0009,83,16,car,18.132,15.771,4.236,18.817,16.579,16.579,False
0009,83,20,car,29.04,27.118,1.791,26.253,29.517,29.517,False
0009,83,88,car,74.726,73.26,3.831,95.598,67.805,67.805,False
0009,83,26,car,37.558,35.82,4.875,36.821,32.114,32.114,False
0009,83,17,car,18.446,16.509,2.781,15.584,16.461,16.461,False
0009,83,14,car,12.561,10.491,3.017,10.328,11.33,11.33,False
0009,83,18,car,24.622,22.711,2.419,21.711,25.682,25.682,False
0009,83,19,car,29.625,27.458,2.308,27.428,30.919,30.919,False
0009,83,25,car,33.393,31.566,2.752,33.622,35.192,35.192,False
0009,84,88,car,74.649,73.165,5.296,124.88,80.064,80.064,False
0009,84,15,car,6.833,4.591,3.219,6.927,7.837,7.837,False
0009,84,16,car,17.393,15.03,4.226,18.07,16.074,16.074,False
0009,84,20,car,28.25,26.329,1.773,25.181,27.362,27.362,False
0009,84,26,car,36.775,35.036,4.851,35.773,31.036,31.036,False
0009,84,17,car,17.712,15.774,2.784,14.873,15.748,15.748,False
0009,84,14,car,11.823,9.749,3.02,9.614,10.606,10.606,False
0009,84,19,car,28.867,26.698,2.317,25.736,30.306,30.306,False
0009,84,18,car,23.833,21.921,2.424,20.307,24.993,24.993,False
0009,85,16,car,16.636,14.269,4.229,17.445,15.165,15.165,False
0009,85,15,car,6.239,4.088,3.221,6.793,8.267,8.267,False
0009,85,88,car,74.602,73.099,6.761,,89.882,89.882,False
0009,85,14,car,11.09,9.014,3.024,8.957,9.929,9.929,False
0009,85,17,car,16.977,15.039,2.783,14.213,15.103,15.103,False
0009,85,26,car,35.992,34.253,4.826,35.752,30.226,30.226,False
0009,85,19,car,28.11,25.939,2.325,24.23,28.224,28.224,False
0009,85,18,car,23.045,21.131,2.429,19.979,23.198,23.198,False
0009,85,20,car,27.46,25.54,1.755,24.703,26.434,26.434,False
0009,86,16,car,15.883,13.512,4.231,16.397,14.327,14.327,False
0009,86,20,car,26.67,24.751,1.737,24.196,26.257,26.257,False
0009,86,15,car,5.684,3.673,3.224,6.933,8.822,8.822,False
0009,86,14,car,10.366,8.289,3.03,8.609,9.065,9.065,False
0009,86,17,car,16.197,14.254,2.786,13.338,14.38,14.38,False
0009,86,19,car,27.278,25.105,2.354,22.883,26.725,26.725,False
0009,86,26,car,35.209,33.469,4.801,34.7,30.266,30.266,False
0009,86,88,car,74.584,73.062,8.226,,88.253,88.253,False
0009,86,18,car,22.257,20.341,2.434,18.773,23.586,23.586,False
0009,86,25,car,31.08,29.255,2.719,31.136,33.66,33.66,False
0009,87,16,car,15.134,12.759,4.233,15.281,13.452,13.452,False
0009,87,20,car,25.893,23.976,1.729,23.306,25.232,25.232,False
0009,87,14,car,9.648,7.572,3.03,7.98,8.303,8.303,False
0009,87,17,car,15.419,13.471,2.789,12.698,13.489,13.489,False
0009,87,15,car,5.181,3.378,3.227,7.082,9.549,9.549,False
0009,87,26,car,34.427,32.686,4.777,34.869,29.647,29.647,False
0009,87,18,car,21.47,19.552,2.439,18.229,22.535,22.535,False
0009,87,19,car,26.424,24.25,2.33,22.077,26.114,26.114,False
0009,88,14,car,8.959,6.889,3.021,7.134,7.502,7.502,False
0009,88,16,car,14.39,12.013,4.236,14.212,12.76,12.76,False
0009,88,20,car,25.117,23.2,1.722,22.456,24.687,24.687,False
0009,88,26,car,33.645,31.904,4.752,31.358,31.145,31.145,False
0009,88,17,car,14.643,12.691,2.792,11.901,12.82,12.82,False
0009,88,19,car,25.652,23.476,2.358,21.315,24.418,24.418,False
0009,88,18,car,20.691,18.771,2.444,17.237,21.485,21.485,False
0009,89,14,car,8.283,6.221,3.012,7.832,7.765,7.765,False
0009,89,16,car,13.652,11.273,4.238,13.611,12.019,12.019,False
0009,89,20,car,24.341,22.425,1.714,22.06,23.782,23.782,False
0009,89,26,car,32.883,31.14,4.779,31.374,27.215,27.215,False
0009,89,17,car,13.87,11.914,2.795,11.392,12.102,12.102,False
0009,89,19,car,24.858,22.68,2.338,20.961,24.698,24.698,False
0009,89,18,car,19.913,17.991,2.448,16.788,20.719,20.719,False
0009,90,14,car,7.621,5.576,3.003,6.833,7.826,7.826,False
0009,90,20,car,23.565,21.651,1.707,21.67,22.709,22.709,False
0009,90,16,car,12.921,10.541,4.24,13.198,11.314,11.314,False
0009,90,17,car,13.101,11.141,2.798,10.762,11.387,11.387,False
0009,90,26,car,32.121,30.378,4.805,33.078,27.077,27.077,False
0009,90,19,car,24.064,21.885,2.318,20.635,22.944,22.944,False
0009,90,25,car,28.024,26.203,2.739,22.049,22.413,22.413,False
0009,90,18,car,19.136,17.211,2.453,16.573,19.832,19.832,False
0009,91,14,car,6.977,4.962,2.994,6.888,7.963,7.963,False
0009,91,16,car,12.197,9.819,4.243,12.564,10.639,10.639,False
0009,91,17,car,12.358,10.394,2.779,10.3,10.577,10.577,False
0009,91,26,car,31.214,29.47,4.715,34.003,26.014,26.014,False
0009,91,19,car,23.271,21.089,2.298,20.623,22.494,22.494,False
0009,91,20,car,22.789,20.877,1.699,21.681,21.158,21.158,False
0009,91,18,car,18.36,16.432,2.457,15.945,18.782,18.782,False
0009,92,14,car,6.358,4.391,2.985,6.797,8.295,8.295,False
0009,92,17,car,11.618,9.652,2.76,9.651,9.946,9.946,False
0009,92,16,car,11.482,9.109,4.245,11.812,9.934,9.934,False
0009,92,18,car,17.585,15.655,2.462,15.37,17.987,17.987,False
0009,92,19,car,22.491,20.307,2.305,20.303,21.641,21.641,False
0009,92,20,car,22.004,20.098,1.733,20.942,20.504,20.504,False
0009,92,26,car,30.591,28.846,4.851,34.054,25.456,25.456,False
0009,92,22,car,32.401,30.636,2.618,29.432,29.711,29.711,False
0009,93,17,car,10.883,8.914,2.741,8.995,9.224,9.224,False
0009,93,14,car,5.772,3.883,2.976,7.276,9.031,9.031,False
0009,93,20,car,21.22,19.319,1.767,20.26,20.296,20.296,False
0009,93,16,car,10.726,8.363,4.246,10.898,9.279,9.279,False
0009,93,18,car,16.83,14.897,2.427,14.497,16.876,16.876,False
0009,93,26,car,29.843,28.097,4.885,32.338,24.795,24.795,False
0009,93,19,car,21.703,19.516,2.231,18.761,20.467,20.467,False
0009,93,22,car,31.626,29.859,2.603,28.764,28.571,28.571,False
0009,94,16,car,10.105,7.753,4.252,10.174,8.613,8.613,False
0009,94,17,car,10.154,8.183,2.722,8.242,8.441,8.441,False
0009,94,20,car,20.436,18.543,1.801,19.033,18.95,18.95,False
0009,94,14,car,5.228,3.466,2.967,7.356,9.491,9.491,False
0009,94,18,car,16.076,14.14,2.393,13.714,15.899,15.899,False
0009,94,26,car,29.096,27.35,4.949,30.826,28.485,28.485,False
0009,94,19,car,20.928,18.738,2.168,17.952,19.932,19.932,False
0009,94,22,car,30.851,29.082,2.589,27.471,28.398,28.398,False
0009,95,16,car,9.448,7.116,4.256,9.431,7.725,7.725,False
0009,95,17,car,9.431,7.46,2.703,7.572,7.712,7.712,False
0009,95,20,car,19.654,17.767,1.835,18.478,18.209,18.209,False
0009,95,18,car,15.322,13.383,2.358,13.443,14.987,14.987,False
0009,95,26,car,28.351,26.604,5.014,30.886,27.348,27.348,False
0009,95,14,car,4.743,3.176,2.958,7.545,10.875,10.875,False
0009,95,19,car,20.155,17.961,2.123,17.715,19.425,19.425,False
0009,95,22,car,30.076,28.305,2.575,27.474,28.043,28.043,False
0009,95,25,car,24.21,22.4,2.908,28.048,27.716,27.716,False
0009,96,17,car,8.717,6.749,2.66,6.898,7.042,7.042,False
0009,96,16,car,8.811,6.511,4.26,8.736,6.826,6.826,False
0009,96,20,car,18.873,16.992,1.869,18.223,17.46,17.46,False
0009,96,18,car,14.57,12.628,2.324,12.638,14.271,14.271,False
0009,96,26,car,27.608,25.861,5.078,30.953,25.733,25.733,False
0009,96,19,car,19.381,17.184,2.07,17.22,18.401,18.401,False
0009,96,30,car,44.573,42.581,16.236,89.356,45.92,45.92,False
0009,96,22,car,29.304,27.532,2.47,27.481,27.527,27.527,False
0009,97,17,car,8.048,6.086,2.695,6.941,6.938,6.938,False
0009,97,16,car,8.2,5.946,4.264,8.148,6.224,6.224,False
0009,97,20,car,18.116,16.241,1.904,17.476,16.845,16.845,False
0009,97,18,car,13.819,11.874,2.289,11.942,13.626,13.626,False
0009,97,30,car,43.859,41.862,16.264,89.939,42.224,42.224,False
0009,97,24,car,58.357,57.305,11.375,60.604,53.285,53.285,False
0009,97,26,car,26.868,25.12,5.142,29.6,25.367,25.367,False
0009,97,19,car,18.62,16.418,2.082,16.532,17.416,17.416,False
0009,97,22,car,28.532,26.76,2.366,26.885,26.712,26.712,False
0009,97,25,car,22.672,20.869,3.014,26.981,25.353,25.353,False
0009,98,17,car,7.371,5.421,2.679,6.709,7.177,7.177,False
0009,98,16,car,7.621,5.434,4.268,9.238,7.068,7.068,False
0009,98,20,car,17.361,15.488,1.939,16.789,16.152,16.152,False
0009,98,18,car,13.073,11.126,2.259,11.317,12.889,12.889,False
0009,98,24,car,57.784,56.677,9.743,57.479,47.085,47.085,False
0009,98,30,car,43.148,41.146,16.292,90.75,39.732,39.732,False
0009,98,26,car,26.13,24.382,5.206,29.654,25.024,25.024,False
0009,98,19,car,17.828,15.622,2.045,15.915,16.903,16.903,False
0009,98,22,car,27.76,25.987,2.261,25.228,24.793,24.793,False
0009,98,21,car,11.796,10.096,4.588,14.42,11.64,11.64,False
0009,98,25,car,21.906,20.107,3.068,26.455,25.117,25.117,False
0009,99,17,car,6.71,4.782,2.664,6.722,7.392,7.392,False
0009,99,20,car,16.608,14.733,1.973,15.528,15.115,15.115,False
0009,99,30,car,42.441,40.433,16.32,75.219,42.341,42.341,False
0009,99,18,car,12.33,10.38,2.23,10.404,11.952,11.952,False
0009,99,26,car,25.393,23.644,5.24,27.202,23.1,23.1,False
0009,99,21,car,11.166,9.399,4.61,12.958,10.803,10.803,False
0009,99,24,car,57.223,56.068,8.041,70.161,58.174,58.174,False
0009,99,16,car,7.081,4.993,4.272,9.57,7.839,7.839,False
0009,99,22,car,26.993,25.221,2.226,23.772,24.003,24.003,False
0009,99,19,car,17.036,14.827,2.008,14.961,16.309,16.309,False
0009,99,25,car,21.145,19.346,3.077,24.508,23.5,23.5,False
0009,100,17,car,6.072,4.181,2.648,6.697,7.606,7.606,False
0009,100,21,car,10.563,8.753,4.604,11.705,9.703,9.703,False
0009,100,22,car,26.226,24.454,2.19,22.472,22.927,22.927,False
0009,100,20,car,15.857,13.977,2.008,14.466,14.446,14.446,False
0009,100,30,car,41.736,39.723,16.348,62.019,38.95,38.95,False
0009,100,18,car,11.589,9.636,2.2,9.636,11.14,11.14,False
0009,100,16,car,6.598,4.651,4.283,8.243,8.263,8.263,False
0009,100,19,car,16.245,14.032,1.971,13.967,15.384,15.384,False
0009,100,25,car,20.385,18.588,3.087,23.175,24.167,24.167,False
0009,100,23,car,31.24,29.118,1.8,22.898,23.877,23.877,False
0009,100,26,car,24.658,22.91,5.274,25.176,23.862,23.862,False
0009,101,17,car,5.495,3.671,2.639,6.609,8.088,8.088,False
0009,101,21,car,9.984,8.124,4.597,10.97,9.092,9.092,False
0009,101,20,car,15.107,13.22,2.043,13.269,13.692,13.692,False
0009,101,18,car,10.85,8.895,2.17,8.912,10.218,10.218,False
0009,101,22,car,25.459,23.688,2.154,20.939,21.601,21.601,False
0009,101,30,car,41.036,39.016,16.376,59.491,37.995,37.995,False
0009,101,26,car,23.926,22.177,5.308,23.41,20.692,20.692,False
0009,101,19,car,15.454,13.237,1.934,12.685,14.42,14.42,False
0009,101,25,car,19.627,17.832,3.096,21.024,22.217,22.217,False
0009,101,29,car,31.67,29.85,14.288,38.206,32.064,32.064,False
0009,102,17,car,4.958,3.244,2.63,7.265,8.738,8.738,False
0009,102,30,car,40.338,38.313,16.404,57.36,39.98,39.98,False
0009,102,20,car,14.369,12.473,2.06,12.495,12.971,12.971,False
0009,102,18,car,10.114,8.157,2.14,8.093,9.371,9.371,False
0009,102,27,car,34.612,33.662,5.479,39.11,32.286,32.286,False
0009,102,23,car,29.697,27.576,1.676,20.261,22.877,22.877,False
0009,102,24,car,55.824,54.523,2.935,58.98,58.956,58.956,False
0009,102,25,car,18.872,17.078,3.106,21.819,18.384,18.384,False
0009,102,19,car,14.665,12.444,1.897,11.995,13.677,13.677,False
0009,102,22,car,24.692,22.921,2.119,20.265,23.144,23.144,False
0009,102,21,car,9.432,7.516,4.591,12.69,11.992,11.992,False
0009,102,26,car,23.173,21.425,5.323,22.621,21.994,21.994,False
0009,102,29,car,31.02,29.195,14.32,36.105,31.208,31.208,False
0009,103,30,car,39.645,37.614,16.432,57.53,38.945,38.945,False
0009,103,27,car,33.874,32.934,5.5,35.829,28.861,28.861,False
0009,103,20,car,13.633,11.727,2.076,12.03,12.19,12.19,False
0009,103,17,car,4.473,2.936,2.621,7.411,9.503,9.503,False
0009,103,18,car,9.401,7.444,2.137,7.423,8.607,8.607,False
0009,103,24,car,55.415,54.071,1.397,68.769,60.428,60.428,False
0009,103,22,car,23.926,22.155,2.083,19.349,20.893,20.893,False
0009,103,29,car,30.376,28.546,14.352,37.069,30.075,30.075,False
0009,103,19,car,13.974,11.75,1.884,11.544,13.036,13.036,False
0009,103,26,car,22.424,20.676,5.338,21.611,20.698,20.698,False
0009,103,21,car,8.913,6.937,4.585,11.101,11.374,11.374,False
0009,104,27,car,33.138,32.207,5.521,37.001,28.096,28.096,False
0009,104,20,car,12.899,10.982,2.093,11.524,11.529,11.529,False
0009,104,18,car,8.694,6.737,2.135,7.047,7.899,7.899,False
0009,104,30,car,38.976,36.945,16.485,60.792,38.484,38.484,False
0009,104,29,car,29.73,27.895,14.39,37.732,29.627,29.627,False
0009,104,24,car,55.101,53.709,0.0,82.7,58.747,58.747,True
0009,104,22,car,23.178,21.405,2.054,19.66,20.242,20.242,False
0009,104,19,car,13.284,11.057,1.872,11.153,12.219,12.219,False
0009,104,26,car,21.725,19.978,5.369,22.907,21.024,21.024,False
0009,104,17,car,4.06,2.787,2.612,7.607,13.24,13.24,False
0009,105,18,car,7.994,6.039,2.133,6.348,7.365,7.365,False
0009,105,27,car,32.403,31.483,5.542,39.35,28.133,28.133,False
0009,105,29,car,29.108,27.269,14.417,38.059,29.076,29.076,False
0009,105,20,car,12.169,10.239,2.109,10.959,10.969,10.969,False
0009,105,24,car,54.839,53.4,0.0,88.559,55.772,55.772,True
0009,105,30,car,38.312,36.281,16.539,66.658,36.534,36.534,False
0009,105,22,car,22.431,20.655,2.024,19.355,19.292,19.292,False
0009,105,19,car,12.595,10.365,1.859,10.504,11.384,11.384,False
0009,105,26,car,21.03,19.284,5.4,24.79,22.089,22.089,False
0009,106,18,car,7.303,5.354,2.13,6.44,7.696,7.696,False
0009,106,29,car,28.485,26.641,14.449,36.49,28.352,28.352,False
0009,106,30,car,37.61,35.579,16.613,61.624,36.243,36.243,False
0009,106,24,car,54.593,53.083,0.0,88.545,54.423,54.423,True
0009,106,27,car,31.67,30.759,5.556,38.309,27.556,27.556,False
0009,106,20,car,11.443,9.5,2.126,10.201,10.393,10.393,False
0009,106,22,car,21.684,19.905,1.995,19.03,18.975,18.975,False
0009,106,19,car,11.908,9.675,1.847,9.788,10.635,10.635,False
0009,106,26,car,20.339,18.594,5.431,24.854,21.599,21.599,False
0009,107,18,car,6.624,4.688,2.128,6.458,8.236,8.236,False
0009,107,30,car,36.99,34.949,16.611,58.889,35.997,35.997,False
0009,107,29,car,27.889,26.04,14.439,34.313,27.791,27.791,False
0009,107,27,car,30.938,30.036,5.584,35.114,26.368,26.368,False
0009,107,20,car,10.736,8.784,2.114,9.415,9.763,9.763,False
0009,107,24,car,54.393,52.813,0.216,88.706,55.849,55.849,True
0009,107,22,car,20.937,19.155,1.965,17.955,18.295,18.295,False
0009,107,19,car,11.223,8.986,1.834,9.03,9.894,9.894,False
0009,107,26,car,19.648,17.905,5.469,23.239,21.119,21.119,False
0009,108,30,car,36.373,34.323,16.61,55.178,35.736,35.736,False
0009,108,27,car,30.206,29.318,5.572,33.254,25.599,25.599,False
0009,108,29,car,27.298,25.446,14.43,32.298,27.172,27.172,False
0009,108,18,car,5.994,4.079,2.124,7.015,8.588,8.588,False
0009,108,20,car,10.034,8.072,2.102,8.647,8.953,8.953,False
0009,108,24,car,54.239,52.59,1.788,88.782,55.957,55.957,False
0009,108,22,car,20.19,18.406,1.936,17.195,17.456,17.456,False
0009,108,19,car,10.52,8.278,1.847,8.477,9.081,9.081,False
0009,108,26,car,18.969,17.229,5.493,23.873,21.629,21.629,False
0009,109,18,car,5.383,3.507,2.12,6.371,9.054,9.054,False
0009,109,27,car,29.476,28.599,5.56,30.849,24.685,24.685,False
0009,109,30,car,35.761,33.701,16.609,49.647,35.248,35.248,False
0009,109,29,car,26.714,24.859,14.42,29.445,26.124,26.124,False
0009,109,20,car,9.338,7.364,2.091,7.911,8.369,8.369,False
0009,109,24,car,54.156,52.454,3.349,88.92,54.731,54.731,False
0009,109,22,car,19.479,17.695,1.969,16.74,17.142,17.142,False
0009,109,19,car,9.821,7.574,1.86,7.729,8.364,8.364,False
0009,109,25,car,13.787,12.031,3.134,13.857,14.246,14.246,False
0009,110,27,car,28.747,27.88,5.548,31.656,24.469,24.469,False
0009,110,29,car,26.138,24.279,14.41,29.246,26.088,26.088,False
0009,110,18,car,4.798,2.993,2.115,6.464,9.41,9.41,False
0009,110,30,car,35.152,33.083,16.608,48.344,34.763,34.763,False
0009,110,22,car,18.774,16.989,2.038,16.378,16.234,16.234,False
0009,110,24,car,54.12,52.365,4.911,104.228,58.495,58.495,False
0009,110,19,car,9.126,6.876,1.873,7.206,7.599,7.599,False
0009,110,20,car,8.648,6.661,2.079,7.877,7.716,7.716,False
0009,110,25,car,13.083,11.339,3.124,12.091,12.601,12.601,False
0009,111,29,car,25.568,23.707,14.4,29.045,25.092,25.092,False
0009,111,27,car,28.02,27.161,5.536,32.506,24.523,24.523,False
0009,111,22,car,18.067,16.283,2.09,16.153,15.583,15.583,False
0009,111,19,car,8.437,6.184,1.885,6.594,6.923,6.923,False
0009,111,30,car,34.547,32.47,16.607,50.384,34.876,34.876,False
0009,111,24,car,54.129,52.323,6.472,140.095,57.976,57.976,False
0009,111,20,car,7.968,5.965,2.068,7.306,7.015,7.015,False
0009,111,18,car,4.252,2.573,2.111,6.582,10.948,10.948,False
0009,111,25,car,12.383,10.654,3.113,11.405,11.887,11.887,False
0009,112,27,car,27.353,26.5,5.426,34.217,23.808,23.808,False
0009,112,19,car,7.724,5.47,1.883,6.421,6.749,6.749,False
0009,112,22,car,17.362,15.577,2.141,16.171,15.093,15.093,False
0009,112,29,car,25.038,23.174,14.304,28.626,24.489,24.489,False
0009,112,24,car,54.179,52.334,7.782,,55.412,55.412,False
0009,112,30,car,33.949,31.867,16.446,54.535,34.468,34.468,False
0009,112,20,car,7.291,5.27,2.033,6.542,7.111,7.111,False
0009,112,25,car,11.721,10.005,3.066,10.996,11.314,11.314,False
0009,112,18,car,3.759,2.297,2.107,7.261,13.002,13.002,False
0009,113,19,car,7.106,4.854,1.951,7.209,6.922,6.922,False
0009,113,27,car,26.686,25.837,5.317,33.471,23.013,23.013,False
0009,113,22,car,16.658,14.872,2.193,16.166,14.637,14.637,False
0009,113,20,car,6.625,4.586,1.998,6.685,7.34,7.34,False
0009,113,24,car,54.261,52.377,9.093,,54.358,54.358,False
0009,113,29,car,24.511,22.646,14.208,31.327,24.936,24.936,False
0009,113,30,car,33.352,31.266,16.286,57.968,34.661,34.661,False
0009,113,25,car,11.065,9.362,3.01,10.427,10.648,10.648,False
0009,114,19,car,6.469,4.225,2.002,7.082,7.159,7.159,False
0009,114,22,car,15.984,14.196,2.32,15.391,13.832,13.832,False
0009,114,27,car,26.019,25.173,5.207,32.594,22.263,22.263,False
0009,114,30,car,32.756,30.665,16.125,51.054,31.701,31.701,False
0009,114,24,car,54.422,52.479,10.28,,56.618,56.618,False
0009,114,20,car,5.974,3.921,1.963,6.7,7.528,7.528,False
0009,114,25,car,10.413,8.728,2.954,9.618,9.788,9.788,False
0009,114,29,car,23.989,22.123,14.111,42.769,33.234,33.234,False
0009,115,19,car,5.851,3.625,2.015,6.515,7.375,7.375,False
0009,115,27,car,25.352,24.506,5.03,32.804,21.881,21.881,False
0009,115,22,car,15.313,13.524,2.448,14.576,13.122,13.122,False
0009,115,30,car,32.161,30.066,15.964,51.373,32.199,32.199,False
0009,115,20,car,5.345,3.286,1.928,6.617,7.902,7.902,False
0009,115,25,car,9.767,8.099,2.897,8.747,9.062,9.062,False
0009,115,24,car,54.614,52.613,11.475,,57.577,57.577,False
0009,116,19,car,5.257,3.071,2.027,6.385,7.798,7.798,False
0009,116,22,car,14.647,12.855,2.566,13.354,12.525,12.525,False
0009,116,27,car,24.686,23.839,4.854,29.315,21.092,21.092,False
0009,116,30,car,31.587,29.479,15.779,45.176,31.089,31.089,False
0009,116,25,car,9.129,7.471,2.841,7.975,8.312,8.312,False
0009,116,20,car,4.744,2.701,1.893,6.711,8.468,8.468,False
0009,116,24,car,54.904,52.887,12.588,,60.892,60.892,False
0009,116,29,car,22.959,21.095,13.919,35.975,35.151,35.151,False
0009,117,27,car,24.053,23.204,4.636,25.787,20.529,20.529,False
0009,117,19,car,4.698,2.593,2.04,6.488,8.434,8.434,False
0009,117,22,car,13.986,12.19,2.659,11.985,12.127,12.127,False
0009,117,30,car,31.085,28.971,15.549,40.526,31.166,31.166,False
0009,117,25,car,8.542,6.883,2.764,7.242,7.682,7.682,False
0009,117,20,car,4.291,2.305,1.891,7.388,9.924,9.924,False
0009,118,27,car,23.425,22.575,4.35,22.648,19.995,19.995,False
0009,118,22,car,13.33,11.53,2.753,11.0,11.422,11.422,False
0009,118,25,car,7.96,6.275,2.689,7.291,8.051,8.051,False
0009,118,19,car,4.253,2.284,2.062,6.615,9.539,9.539,False
0009,118,26,car,12.458,10.779,4.652,11.655,12.133,12.133,False
0009,118,30,car,30.582,28.463,15.319,38.656,31.911,31.911,False
0009,119,27,car,22.797,21.944,4.126,21.438,19.304,19.304,False
0009,119,22,car,12.708,10.902,2.894,10.36,10.774,10.774,False
0009,119,25,car,7.384,5.656,2.615,7.655,8.748,8.748,False
0009,119,19,car,3.844,2.111,2.082,7.259,10.895,10.895,False
0009,119,26,car,11.902,10.238,4.513,10.666,11.362,11.362,False
0009,120,25,car,6.831,5.075,2.531,7.553,8.174,8.174,False
0009,120,27,car,22.156,21.301,3.829,21.398,18.364,18.364,False
0009,120,22,car,12.096,10.284,3.034,9.867,10.272,10.272,False
0009,120,26,car,11.349,9.701,4.375,10.194,10.742,10.742,False
0009,120,30,car,29.493,27.372,14.701,42.081,37.086,37.086,False
0009,121,25,car,6.289,4.505,2.447,7.507,8.016,8.016,False
0009,121,27,car,21.515,20.658,3.533,22.503,18.265,18.265,False
0009,121,22,car,11.494,9.676,3.174,9.481,9.763,9.763,False
0009,121,26,car,10.798,9.17,4.236,10.01,10.38,10.38,False
0009,121,30,car,28.905,26.788,14.312,43.733,32.225,32.225,False
0009,122,27,car,20.93,20.067,3.182,22.86,18.013,18.013,False
0009,122,25,car,5.76,3.951,2.363,7.174,8.112,8.112,False
0009,122,22,car,10.906,9.082,3.315,9.082,9.285,9.285,False
0009,122,26,car,10.251,8.646,4.098,9.71,9.597,9.597,False
0009,122,30,car,28.364,26.239,13.874,45.433,30.872,30.872,False
0009,123,27,car,20.346,19.477,2.831,22.464,17.566,17.566,False
0009,123,22,car,10.333,8.504,3.455,8.582,8.693,8.693,False
0009,123,25,car,5.316,3.488,2.305,7.58,8.871,8.871,False
0009,123,26,car,9.706,8.128,3.96,9.09,8.986,8.986,False
0009,123,23,car,15.112,13.018,3.301,13.612,14.768,14.768,False
0009,123,24,car,58.185,55.948,18.103,,55.731,55.731,False
0009,124,27,car,19.765,18.89,2.481,21.663,16.884,16.884,False
0009,124,22,car,9.807,7.976,3.581,8.037,8.185,8.185,False
0009,124,30,car,27.285,25.149,13.003,34.319,26.663,26.663,False
0009,124,26,car,9.218,7.662,3.818,8.53,8.664,8.664,False
0009,124,25,car,4.889,3.056,2.247,7.321,9.814,9.814,False
0009,124,24,car,58.622,56.358,18.73,,55.757,55.757,False
0009,125,27,car,19.187,18.305,2.132,20.152,16.355,16.355,False
0009,125,30,car,26.727,24.585,12.596,30.712,25.176,25.176,False
0009,125,22,car,9.269,7.437,3.71,7.555,7.468,7.468,False
0009,125,26,car,8.733,7.175,3.678,8.271,8.407,8.407,False
0009,125,24,car,59.24,56.941,18.958,148.503,63.18,63.18,False
0009,126,30,car,26.21,24.065,12.138,29.865,25.638,25.638,False
0009,126,22,car,8.796,6.965,3.865,7.238,7.157,7.157,False
0009,126,26,car,8.25,6.669,3.539,7.923,7.646,7.646,False
0009,126,27,car,18.61,17.724,1.784,18.987,15.575,15.575,False
0009,126,24,car,59.858,57.526,19.19,111.26,58.383,58.383,False
0009,126,23,car,13.474,11.41,3.981,11.443,13.003,13.003,False
0009,127,30,car,25.808,23.658,11.705,29.154,25.177,25.177,False
0009,127,26,car,7.77,6.15,3.403,7.39,7.598,7.598,False
0009,127,22,car,8.319,6.494,4.028,7.587,7.442,7.442,False
0009,127,24,car,60.47,58.124,19.039,102.916,60.45,60.45,False
0009,127,27,car,18.008,17.103,1.317,17.749,15.457,15.457,False
0009,127,23,car,12.951,10.94,4.325,10.926,12.39,12.39,False
0009,128,30,car,25.215,23.066,11.023,27.251,24.242,24.242,False
0009,128,26,car,7.294,5.637,3.267,7.667,7.83,7.83,False
0009,128,24,car,61.084,58.724,18.89,88.099,57.371,57.371,False
0009,128,22,car,7.889,6.07,4.138,7.674,7.63,7.63,False
0009,128,27,car,17.404,16.488,0.774,16.72,14.737,14.737,True
0009,128,23,car,12.45,10.459,4.623,10.553,11.788,11.788,False
0009,128,34,car,36.482,34.413,21.231,64.066,43.202,43.202,False
0009,129,30,car,24.739,22.59,10.382,25.962,23.295,23.295,False
0009,129,26,car,6.841,5.157,3.112,7.442,8.081,8.081,False
0009,129,34,car,36.023,33.954,20.457,47.646,36.648,36.648,False
0009,129,24,car,61.698,59.315,18.293,94.23,61.534,61.534,False
0009,129,27,car,16.815,15.887,0.274,16.207,14.339,14.339,True
0009,129,23,car,11.987,10.013,4.923,10.091,11.096,11.096,False
0009,129,22,car,7.471,5.671,4.287,,,,False
0009,130,34,car,35.49,33.423,19.463,44.649,34.439,34.439,False
0009,130,30,car,24.199,22.052,9.633,25.684,23.642,23.642,False
0009,130,26,car,6.392,4.684,2.958,7.435,8.226,8.226,False
0009,130,27,car,16.238,15.3,0.0,15.733,13.92,13.92,True
0009,130,23,car,11.566,9.601,5.225,9.579,10.308,10.308,False
0009,130,24,car,62.319,59.928,17.64,100.71,63.682,63.682,False
0009,130,28,car,36.984,35.926,22.528,45.851,64.188,64.188,False
0009,131,34,car,34.978,32.913,18.472,45.199,33.824,33.824,False
0009,131,30,car,23.702,21.552,8.93,24.891,22.507,22.507,False
0009,131,27,car,15.673,14.729,0.0,15.178,13.369,13.369,True
0009,131,26,car,5.947,4.219,2.805,7.357,8.609,8.609,False
0009,131,23,car,11.192,9.223,5.528,9.294,10.39,10.39,False
0009,131,24,car,63.047,60.647,16.849,118.213,66.866,66.866,False
0009,132,30,car,23.208,21.057,8.256,25.074,21.843,21.843,False
0009,132,34,car,34.488,32.425,17.484,44.341,32.985,32.985,False
0009,132,27,car,15.068,14.121,0.0,14.632,12.754,12.754,True
0009,132,26,car,5.508,3.766,2.653,7.412,9.107,9.107,False
0009,132,24,car,63.794,61.384,16.06,129.56,68.345,68.345,False
0009,133,30,car,22.708,20.558,7.549,24.821,21.761,21.761,False
0009,133,34,car,34.021,31.96,16.497,46.218,33.227,33.227,False
0009,133,27,car,14.479,13.532,0.0,14.138,12.305,12.305,True
0009,133,24,car,64.475,62.058,14.858,99.473,56.446,56.446,False
0009,133,26,car,5.077,3.328,2.502,7.712,9.372,9.372,False
0009,134,26,car,4.735,2.996,2.436,7.524,7.982,7.982,False
0009,134,34,car,33.578,31.518,15.513,45.751,32.668,32.668,False
0009,134,27,car,13.908,12.966,0.0,13.565,11.835,11.835,True
0009,134,30,car,22.194,20.044,6.841,24.041,21.04,21.04,False
0009,134,24,car,65.19,62.766,13.66,107.183,62.206,62.206,False
0009,134,29,car,15.053,13.378,8.625,15.817,18.865,18.865,False
0009,135,29,car,14.613,12.933,8.217,13.496,12.967,12.967,False
0009,135,34,car,32.997,30.94,14.429,44.68,31.718,31.718,False
0009,135,27,car,13.357,12.425,0.0,12.899,11.215,11.215,True
0009,135,30,car,21.556,19.405,6.015,23.344,20.53,20.53,False
0009,136,34,car,32.443,30.391,13.349,41.354,30.819,30.819,False
0009,136,27,car,12.839,11.918,0.0,12.132,10.6,10.6,True
0009,136,30,car,21.005,18.856,5.303,21.935,20.31,20.31,False
0009,136,29,car,14.175,12.48,7.812,12.98,13.203,13.203,False
0009,137,32,car,25.278,23.646,14.514,24.404,23.126,23.126,False
0009,137,34,car,31.918,29.87,12.272,38.475,29.621,29.621,False
0009,137,27,car,12.278,11.374,0.0,11.478,10.05,10.05,True
0009,137,29,car,13.713,11.995,7.439,12.645,13.235,13.235,False
0009,137,30,car,20.436,18.286,4.568,20.647,19.353,19.353,False
0009,138,34,car,31.424,29.38,11.199,37.854,29.543,29.543,False
0009,138,30,car,19.917,17.766,3.869,20.474,19.089,19.089,False
0009,138,27,car,11.688,10.8,0.0,10.853,9.442,9.442,True
0009,138,29,car,13.251,11.513,7.069,12.509,12.863,12.863,False
0009,138,32,car,24.744,23.099,13.761,25.211,22.539,22.539,False
0009,139,34,car,30.962,28.921,10.129,38.911,29.314,29.314,False
0009,139,30,car,19.419,17.27,3.212,19.632,18.176,18.176,False
0009,139,27,car,11.123,10.244,0.0,10.267,8.888,8.888,True
0009,139,29,car,12.791,11.035,6.701,12.264,12.332,12.332,False
0009,139,32,car,24.225,22.568,13.011,25.62,22.324,22.324,False
0009,139,35,car,36.242,34.447,13.593,47.371,35.274,35.274,False
0009,140,30,car,18.795,16.648,2.489,18.916,17.749,17.749,False
0009,140,29,car,12.333,10.559,6.335,11.319,11.563,11.563,False
0009,140,34,car,30.329,28.292,9.075,37.891,29.479,29.479,False
0009,140,27,car,10.549,9.687,0.3,9.702,8.338,8.338,True
0009,140,32,car,23.72,22.053,12.262,25.094,22.179,22.179,False
0009,140,35,car,35.586,33.794,12.322,46.454,35.28,35.28,False
0009,141,34,car,29.725,27.691,8.024,35.413,28.429,28.429,False
0009,141,30,car,18.187,16.043,1.799,18.236,17.487,17.487,False
0009,141,32,car,23.231,21.554,11.517,23.491,22.362,22.362,False
0009,141,29,car,11.876,10.087,5.972,10.91,11.244,11.244,False
0009,141,27,car,10.01,9.161,0.678,9.157,7.768,7.768,True
0009,141,35,car,34.966,33.177,11.053,45.908,34.545,34.545,False
0009,142,32,car,22.69,21.01,10.768,21.761,21.239,21.239,False
0009,142,34,car,29.152,27.121,6.975,32.422,28.464,28.464,False
0009,142,27,car,9.488,8.642,1.033,8.495,7.139,7.139,True
0009,142,29,car,11.378,9.574,5.639,10.143,10.603,10.603,False
0009,142,30,car,17.563,15.415,1.075,17.329,16.736,16.736,True
0009,142,35,car,34.386,32.599,9.787,40.901,34.349,34.349,False
0009,143,32,car,22.163,20.482,10.02,21.382,20.635,20.635,False
0009,143,27,car,8.944,8.095,1.379,7.977,6.643,6.643,False
0009,143,29,car,10.88,9.064,5.309,9.496,9.94,9.94,False
0009,143,30,car,16.931,14.786,0.45,16.478,16.291,16.291,True
0009,143,34,car,28.611,26.582,5.929,32.048,28.353,28.353,False
0009,143,35,car,33.847,32.062,8.523,39.07,33.465,33.465,False
0009,144,32,car,21.598,19.9,9.297,21.064,20.495,20.495,False
0009,144,34,car,28.111,26.083,4.86,29.871,27.602,27.602,False
0009,144,29,car,10.383,8.555,4.98,8.949,9.358,9.358,False
0009,144,27,car,8.422,7.562,1.708,8.142,6.699,6.699,False
0009,144,30,car,16.302,14.155,0.0,15.459,15.443,15.443,True
0009,144,35,car,33.351,31.567,7.261,37.721,33.137,33.137,False
0009,145,32,car,21.048,19.335,8.577,21.007,19.977,19.977,False
0009,145,34,car,27.439,25.413,3.833,29.001,26.441,26.441,False
0009,145,29,car,9.897,8.055,4.7,8.436,8.813,8.813,False
0009,145,30,car,15.689,13.544,0.0,14.67,14.889,14.889,True
0009,145,27,car,7.94,7.058,2.016,7.062,6.941,6.941,False
0009,145,35,car,32.698,30.917,6.09,35.259,32.356,32.356,False
0009,146,32,car,20.46,18.745,7.871,19.677,19.387,19.387,False
0009,146,34,car,26.801,24.777,2.834,28.873,26.269,26.269,False
0009,146,29,car,9.41,7.559,4.422,7.903,8.153,8.153,False
0009,146,30,car,15.125,12.98,0.0,14.132,14.301,14.301,True
0009,146,27,car,7.453,6.521,2.271,6.955,6.663,6.663,False
0009,146,33,car,26.216,24.124,9.664,24.934,24.838,24.838,False
0009,146,35,car,32.083,30.303,4.92,34.896,31.661,31.661,False
0009,147,32,car,19.876,18.158,7.181,19.79,18.858,18.858,False
0009,147,29,car,8.895,7.036,4.166,7.47,7.652,7.652,False
0009,147,34,car,26.198,24.175,1.825,27.654,25.836,25.836,False
0009,147,30,car,14.517,12.369,0.0,13.504,13.569,13.569,True
0009,147,27,car,6.987,5.99,2.491,7.1,6.87,6.87,False
0009,147,33,car,25.571,23.47,8.822,25.075,22.257,22.257,False
0009,147,35,car,31.438,29.66,3.765,35.711,31.021,31.021,False
0009,148,32,car,19.328,17.604,6.55,19.23,18.427,18.427,False
0009,148,29,car,8.379,6.516,3.912,7.409,7.528,7.528,False
0009,148,34,car,25.589,23.568,0.927,27.53,24.884,24.884,True
0009,148,30,car,13.897,11.75,0.0,12.945,12.932,12.932,True
0009,148,27,car,6.619,5.533,2.738,7.512,7.344,7.344,False
0009,148,35,car,30.833,29.055,2.612,33.641,30.022,30.022,False
0009,149,32,car,18.746,17.015,5.92,18.822,17.632,17.632,False
0009,149,29,car,7.854,5.988,3.707,7.447,7.535,7.535,False
0009,149,34,car,25.016,22.995,0.015,26.188,24.279,24.279,True
0009,149,36,car,31.135,28.889,8.667,32.396,27.251,27.251,False
0009,149,30,car,13.27,11.121,0.186,12.222,12.211,12.211,True
0009,149,35,car,30.27,28.492,1.461,33.5,30.099,30.099,False
0010,0,1,car,43.923,42.218,13.102,36.376,41.604,41.604,False
0010,0,2,car,44.587,42.445,9.043,38.52,43.183,43.183,False
0010,0,0,car,20.45,18.715,0.0,19.591,18.159,18.159,True
0010,1,1,car,41.673,39.964,12.856,35.496,39.326,39.326,False
0010,1,0,car,20.523,18.793,0.0,19.522,18.227,18.227,True
0010,1,2,car,41.754,39.605,8.781,37.282,40.958,40.958,False
0010,2,2,car,38.925,36.769,8.52,33.298,37.703,37.703,False
0010,2,1,car,39.532,37.82,12.64,33.0,37.916,37.916,False
0010,2,0,car,20.597,18.872,0.0,19.216,18.448,18.448,True
0010,3,1,car,37.439,35.724,12.407,30.17,35.299,35.299,False
0010,3,2,car,36.143,33.98,8.314,29.804,34.697,34.697,False
0010,3,0,car,20.671,18.951,0.0,18.675,18.445,18.445,True
0010,4,1,car,35.354,33.637,12.174,28.454,33.072,33.072,False
0010,4,2,car,33.369,31.199,8.108,27.26,32.64,32.64,False
0010,4,0,car,20.745,19.03,0.0,18.352,18.597,18.597,True
0010,5,1,car,33.233,31.514,11.975,27.022,31.174,31.174,False
0010,5,2,car,30.596,28.419,7.866,25.465,29.878,29.878,False
0010,5,0,car,20.811,19.1,0.0,18.663,18.91,18.91,True
0010,6,1,car,31.126,29.405,11.775,25.725,29.386,29.386,False
0010,6,2,car,27.79,25.604,7.742,23.422,26.688,26.688,False
0010,6,0,car,20.877,19.17,0.0,18.384,18.75,18.75,True
0010,7,1,car,29.029,27.308,11.634,23.117,26.7,26.7,False
0010,7,2,car,25.006,22.812,7.617,20.257,23.98,23.98,False
0010,7,0,car,20.943,19.24,0.0,18.083,18.908,18.908,True
0010,8,1,car,26.955,25.235,11.48,21.092,24.488,24.488,False
0010,8,2,car,22.252,20.052,7.492,17.902,20.783,20.783,False
0010,8,0,car,21.009,19.31,0.0,17.841,18.907,18.907,True
0010,9,2,car,19.617,17.418,7.422,16.335,18.093,18.093,False
0010,9,0,car,21.075,19.38,0.0,18.084,18.748,18.748,True
0010,9,1,car,24.878,23.159,11.358,19.841,22.614,22.614,False
0010,10,0,car,21.141,19.451,0.0,18.369,18.591,18.591,True
0010,10,2,car,17.046,14.86,7.353,14.302,15.286,15.286,False
0010,10,1,car,22.898,21.186,11.297,19.287,20.822,20.822,False
0010,11,0,car,21.192,19.506,0.0,18.647,18.905,18.905,True
0010,11,2,car,14.586,12.439,7.325,11.864,12.244,12.244,False
0010,12,0,car,21.243,19.562,0.0,18.641,18.986,18.986,True
0010,12,2,car,12.299,10.247,7.284,11.593,13.778,13.778,False
0010,13,0,car,21.295,19.618,0.0,18.642,19.067,19.067,True
0010,13,1,car,17.366,15.739,11.064,15.588,18.618,18.618,False
0010,14,0,car,21.347,19.675,0.0,18.923,19.232,19.232,True
0010,15,0,car,21.399,19.732,0.0,19.218,19.233,19.233,True
0010,16,0,car,21.438,19.774,0.0,19.855,19.151,19.151,True
0010,17,0,car,21.478,19.816,0.0,20.163,19.403,19.403,True
0010,18,0,car,21.517,19.86,0.0,19.553,19.072,19.072,True
0010,19,0,car,21.557,19.905,0.0,19.864,19.32,19.32,True
0010,20,0,car,21.596,19.95,0.0,19.867,19.748,19.748,True
0010,21,0,car,21.632,19.99,0.0,19.526,19.661,19.661,True
0010,22,0,car,21.668,20.03,0.0,19.551,19.489,19.489,True
0010,23,0,car,21.703,20.07,0.0,19.52,19.575,19.575,True
0010,24,0,car,21.739,20.111,0.0,19.554,19.748,19.748,True
0010,25,0,car,21.781,20.154,0.0,19.842,19.404,19.404,True
0010,26,0,car,21.822,20.198,0.0,20.499,19.574,19.574,True
0010,27,0,car,21.864,20.242,0.0,20.499,19.66,19.66,True
0010,28,0,car,21.906,20.285,0.0,20.878,19.573,19.573,True
0010,29,0,car,21.952,20.335,0.0,21.208,19.659,19.659,True
0010,30,0,car,21.998,20.384,0.0,20.849,19.234,19.234,True
0010,31,0,car,22.044,20.431,0.0,21.209,19.571,19.571,True
0010,32,0,car,22.108,20.501,0.0,20.868,19.744,19.744,True
0010,33,0,car,22.173,20.568,0.0,20.519,20.1,20.1,True
0010,34,0,car,22.237,20.635,0.0,20.164,19.743,19.743,True
0010,35,0,car,22.302,20.7,0.0,20.499,19.919,19.919,True
0010,36,0,car,22.373,20.77,0.0,20.506,19.83,19.83,True
0010,37,0,car,22.444,20.839,0.0,21.211,19.919,19.919,True
0010,38,0,car,22.515,20.905,0.0,21.211,20.098,20.098,True
0010,39,0,car,22.603,20.994,0.0,21.221,20.281,20.281,True
0010,40,0,car,22.692,21.082,0.0,21.207,20.281,20.281,True
0010,41,0,car,22.78,21.171,0.0,21.211,20.467,20.467,True
0010,42,0,car,22.868,21.259,0.0,21.219,20.849,20.849,True
0010,43,0,car,22.956,21.348,0.0,20.852,20.467,20.467,True
0010,44,0,car,23.047,21.439,0.0,20.847,20.467,20.467,True
0010,45,0,car,23.138,21.531,0.0,20.499,20.947,20.947,True
0010,46,0,car,23.229,21.622,0.0,20.511,21.046,21.046,True
0010,47,0,car,23.326,21.72,0.0,20.847,20.656,20.656,True
0010,48,0,car,23.405,21.799,0.0,20.85,21.046,21.046,True
0010,49,0,car,23.489,21.884,0.0,20.847,21.348,21.348,True
0010,50,0,car,23.573,21.968,0.0,20.499,21.247,21.247,True
0010,51,0,car,23.657,22.052,0.0,20.163,21.247,21.247,True
0010,52,0,car,23.726,22.122,0.0,20.517,21.247,21.247,True
0010,53,0,car,23.795,22.192,0.0,21.209,21.452,21.452,True
0010,54,0,car,23.864,22.261,0.0,21.209,21.147,21.147,True
0010,55,0,car,23.934,22.331,0.0,21.968,21.048,21.048,True
0010,56,0,car,23.99,22.388,0.0,22.782,21.148,21.148,True
0010,57,0,car,24.046,22.444,0.0,22.782,21.454,21.454,True
0010,58,0,car,24.111,22.508,0.0,21.604,21.454,21.454,True
0010,59,0,car,24.175,22.572,0.0,20.524,21.663,21.663,True
0010,60,0,car,24.239,22.636,0.0,19.52,21.664,21.664,True
0010,61,0,car,24.305,22.702,0.0,20.161,22.094,22.094,True
0010,62,0,car,24.374,22.771,0.0,23.213,21.458,21.458,True
0010,62,3,car,78.415,76.506,7.163,95.935,95.427,95.427,False
0010,63,0,car,24.443,22.84,0.0,25.638,21.987,21.987,True
0010,63,3,car,75.362,73.453,7.142,113.638,89.738,89.738,False
0010,64,0,car,24.513,22.91,0.0,24.609,21.879,21.879,True
0010,64,3,car,72.302,70.393,7.114,83.149,74.803,74.803,False
0010,65,3,car,69.234,67.325,7.006,56.494,70.159,70.159,False
0010,65,0,car,24.571,22.968,0.0,22.376,22.096,22.096,True
0010,66,0,car,24.629,23.026,0.0,21.58,22.542,22.542,True
0010,66,3,car,66.208,64.296,6.94,49.691,68.07,68.07,False
0010,66,4,car,81.569,79.505,4.302,58.96,79.844,79.844,False
0010,67,0,car,24.678,23.074,0.0,21.975,22.543,22.543,True
0010,67,3,car,63.188,61.272,6.893,47.843,63.322,63.322,False
0010,67,4,car,78.066,76.0,4.24,61.941,74.524,74.524,False
0010,68,0,car,24.749,23.146,0.0,22.791,22.543,22.543,True
0010,68,3,car,60.17,58.249,6.847,49.811,60.796,60.796,False
0010,68,4,car,74.562,72.495,4.177,65.264,74.537,74.537,False
0010,69,0,car,24.821,23.218,0.0,23.213,22.317,22.317,True
0010,69,4,car,71.059,68.99,4.115,68.93,70.995,70.995,False
0010,69,3,car,57.154,55.227,6.8,49.856,57.718,57.718,False
0010,70,0,car,24.893,23.289,0.0,24.135,22.772,22.772,True
0010,70,3,car,54.139,52.208,6.754,49.924,57.034,57.034,False
0010,70,4,car,67.557,65.485,4.052,73.027,67.781,67.781,False
0010,71,3,car,51.131,49.192,6.717,48.042,51.255,51.255,False
0010,71,0,car,24.958,23.354,0.0,24.126,22.317,22.317,True
0010,71,4,car,64.131,62.059,3.956,68.977,65.803,65.803,False
0010,72,3,car,48.125,46.19,6.638,41.673,49.085,49.085,False
0010,72,0,car,25.023,23.418,0.0,23.66,22.096,22.096,True
0010,72,4,car,60.706,58.634,3.86,59.009,62.161,62.161,False
0010,73,3,car,45.125,43.184,6.578,37.968,46.148,46.148,False
0010,73,0,car,25.088,23.483,0.0,23.66,22.205,22.205,True
0010,73,4,car,57.281,55.209,3.764,53.895,57.391,57.391,False
0010,74,3,car,42.129,40.181,6.518,35.86,42.34,42.34,False
0010,74,0,car,25.153,23.548,0.0,24.126,22.541,22.541,True
0010,74,4,car,53.856,51.784,3.668,49.595,54.607,54.607,False
0010,75,0,car,25.218,23.612,0.0,24.157,22.771,22.771,True
0010,75,4,car,50.433,48.359,3.572,45.924,50.898,50.898,False
0010,75,3,car,39.138,37.183,6.457,32.265,39.835,39.835,False
0010,76,3,car,36.107,34.147,6.45,30.036,36.149,36.149,False
0010,76,4,car,46.95,44.87,3.544,42.759,46.683,46.683,False
0010,76,0,car,25.277,23.671,0.0,23.66,22.771,22.771,True
0010,76,26,cyclist,29.041,28.048,12.216,23.859,29.156,29.156,False
0010,77,3,car,33.085,31.121,6.443,27.019,32.66,32.66,False
0010,77,0,car,25.336,23.73,0.0,24.126,22.771,22.771,True
0010,77,4,car,43.469,41.383,3.516,40.032,43.12,43.12,False
0010,78,3,car,30.09,28.118,6.409,22.811,29.083,29.083,False
0010,78,0,car,25.392,23.787,0.0,22.4,23.245,23.245,True
0010,78,4,car,40.044,37.95,3.456,32.669,39.37,39.37,False
0010,79,3,car,27.11,25.131,6.375,18.639,25.705,25.705,False
0010,79,4,car,36.621,34.519,3.391,25.898,34.556,34.556,False
0010,79,0,car,25.451,23.847,0.0,20.527,23.489,23.489,True
0010,80,4,car,33.184,31.074,3.344,23.926,31.453,31.453,False
0010,80,3,car,24.181,22.193,6.333,16.717,23.008,23.008,False
0010,80,0,car,25.512,23.908,0.0,20.498,23.489,23.489,True
0010,81,3,car,21.282,19.287,6.29,15.255,19.574,19.574,False
0010,81,0,car,25.573,23.97,0.0,20.847,23.243,23.243,True
0010,81,4,car,29.751,27.632,3.298,22.689,27.31,27.31,False
0010,82,0,car,25.611,24.008,0.0,20.846,23.004,23.004,True
0010,82,4,car,26.324,24.196,3.251,20.22,24.028,24.028,False
0010,82,3,car,18.428,16.428,6.248,13.374,16.591,16.591,False
0010,83,0,car,25.648,24.045,0.0,21.58,23.243,23.243,True
0010,83,4,car,22.96,20.823,3.238,18.549,21.188,21.188,False
0010,83,3,car,15.707,13.712,6.229,11.914,13.96,13.96,False
0010,84,0,car,25.686,24.083,0.0,22.782,23.738,23.738,True
0010,84,4,car,19.61,17.463,3.222,16.28,17.413,17.413,False
0010,84,3,car,13.099,11.131,6.21,9.806,11.765,11.765,False
0010,85,4,car,16.285,14.124,3.188,13.612,14.015,14.015,False
0010,85,0,car,25.704,24.101,0.0,23.66,23.487,23.487,True
0010,85,3,car,10.688,8.805,6.192,9.104,10.795,10.795,False
0010,86,4,car,13.118,10.942,3.154,10.773,10.65,10.65,False
0010,86,0,car,25.72,24.117,0.0,23.66,23.487,23.487,True
0010,87,4,car,10.03,7.842,3.12,8.068,7.76,7.76,False
0010,87,0,car,25.736,24.134,0.0,22.782,23.364,23.364,True
0010,88,4,car,7.12,4.983,3.086,6.941,7.603,7.603,False
0010,88,0,car,25.753,24.15,0.0,22.783,23.737,23.737,True
0010,89,0,car,25.769,24.167,0.0,23.213,23.864,23.864,True
0010,90,0,car,25.786,24.184,0.0,23.219,23.612,23.612,True
0010,91,0,car,25.792,24.189,0.0,23.683,23.737,23.737,True
0010,92,0,car,25.797,24.195,0.0,23.688,23.487,23.487,True
0010,93,0,car,25.802,24.2,0.0,24.126,23.738,23.738,True
0010,94,0,car,25.766,24.164,0.0,23.66,23.488,23.488,True
0010,94,22,van,65.009,62.361,17.658,99.976,54.02,54.02,False
0010,95,0,car,25.73,24.128,0.0,23.66,23.738,23.738,True
0010,95,22,van,63.575,60.925,17.637,99.712,51.694,51.694,False
0010,96,0,car,25.695,24.092,0.0,23.213,23.489,23.489,True
0010,97,0,car,25.66,24.056,0.0,23.213,23.245,23.245,True
0010,98,0,car,25.614,24.01,0.0,23.691,23.246,23.246,True
0010,99,0,car,25.569,23.965,0.0,24.126,23.007,23.007,True
0010,100,0,car,25.523,23.918,0.0,23.661,23.127,23.127,True
0010,100,21,car,61.574,59.339,17.501,144.932,80.424,80.424,False
0010,101,0,car,25.449,23.843,0.0,22.817,23.008,23.008,True
0010,101,21,car,60.073,57.838,17.484,108.325,76.613,76.613,False
0010,102,0,car,25.375,23.77,0.0,22.402,23.248,23.248,True
0010,102,21,car,58.576,56.341,17.466,100.208,74.5,74.5,False
0010,103,0,car,25.302,23.696,0.0,22.783,23.248,23.248,True
0010,103,5,car,80.276,78.483,6.397,56.367,74.664,74.664,False
0010,103,21,car,57.088,54.853,17.458,100.648,73.423,73.423,False
0010,104,0,car,25.229,23.623,0.0,22.793,22.774,22.774,True
0010,104,5,car,77.069,75.274,6.342,53.901,67.893,67.893,False
0010,104,22,van,50.212,47.552,17.5,94.456,89.012,89.012,False
0010,105,0,car,25.157,23.55,0.0,23.213,22.774,22.774,True
0010,105,5,car,73.863,72.065,6.286,56.385,66.901,66.901,False
0010,105,24,truck,29.599,26.618,17.567,85.23,40.125,40.125,False
0010,105,22,van,48.76,46.1,17.543,88.532,84.974,84.974,False
0010,105,21,car,54.108,51.875,17.532,101.691,68.552,68.552,False
0010,106,0,car,25.08,23.473,0.0,23.213,22.774,22.774,True
0010,106,5,car,70.563,68.763,6.209,53.998,63.157,63.157,False
0010,106,22,van,47.316,44.657,17.586,89.145,84.803,84.803,False
0010,106,24,truck,28.406,25.467,17.589,115.877,42.377,42.377,False
0010,106,21,car,52.627,50.395,17.57,120.662,74.208,74.208,False
0010,107,5,car,67.265,65.462,6.132,51.678,57.505,57.505,False
0010,107,22,van,45.883,43.226,17.636,79.095,80.235,80.235,False
0010,107,0,car,25.003,23.396,0.0,23.213,22.774,22.774,True
0010,107,24,truck,27.252,24.365,17.61,59.178,45.294,45.294,False
0010,108,5,car,63.968,62.161,6.055,49.619,57.525,57.525,False
0010,108,0,car,24.926,23.32,0.0,23.222,23.008,23.008,True
0010,108,24,truck,26.143,23.318,17.632,115.954,47.024,47.024,False
0010,108,21,car,49.686,47.456,17.644,111.057,73.754,73.754,False
0010,109,5,car,60.672,58.862,5.978,49.646,54.75,54.75,False
0010,109,0,car,24.849,23.244,0.0,22.782,22.317,22.317,True
0010,109,22,van,43.05,40.398,17.735,71.886,75.607,75.607,False
0010,109,21,car,48.253,46.025,17.685,103.036,67.914,67.914,False
0010,110,5,car,57.377,55.564,5.901,45.946,51.048,51.048,False
0010,110,22,van,41.651,39.004,17.785,76.169,73.709,73.709,False
0010,110,0,car,24.773,23.167,0.0,23.213,22.317,22.317,True
0010,110,23,van,31.901,29.115,17.643,63.624,52.254,52.254,False
0010,110,21,car,46.829,44.604,17.725,104.34,63.796,63.796,False
0010,111,22,van,40.266,37.625,17.835,69.571,66.624,66.624,False
0010,111,5,car,54.112,52.296,5.834,44.389,48.335,48.335,False
0010,111,0,car,24.701,23.096,0.0,22.782,22.096,22.096,True
0010,111,21,car,45.414,43.192,17.766,113.423,62.574,62.574,False
0010,112,22,van,38.917,36.283,17.875,67.244,65.731,65.731,False
0010,112,5,car,50.848,49.029,5.767,40.177,44.543,44.543,False
0010,112,0,car,24.63,23.024,0.0,22.782,22.205,22.205,True
0010,112,6,car,79.869,77.627,5.865,68.957,77.203,77.203,False
0010,112,21,car,44.005,41.786,17.808,104.707,63.051,63.051,False
0010,113,5,car,47.587,45.765,5.7,36.583,41.704,41.704,False
0010,113,22,van,37.584,34.959,17.915,62.127,65.011,65.011,False
0010,113,6,car,76.739,74.495,5.791,59.022,74.638,74.638,False
0010,113,0,car,24.558,22.953,0.0,21.966,22.095,22.095,True
0010,113,21,car,42.607,40.393,17.85,90.544,66.087,66.087,False
0010,114,5,car,44.29,42.464,5.654,33.725,38.216,38.216,False
0010,114,0,car,24.487,22.881,0.0,21.966,22.095,22.095,True
0010,114,22,van,36.269,33.655,17.955,50.4,59.318,59.318,False
0010,114,6,car,73.611,71.365,5.697,56.325,69.99,69.99,False
0010,114,21,car,41.229,39.02,17.891,77.363,59.545,59.545,False
0010,114,23,van,27.141,24.484,17.752,43.509,24.644,24.644,False
0010,115,5,car,41.093,39.262,5.609,33.808,35.849,35.849,False
0010,115,6,car,70.484,68.235,5.603,62.022,73.449,73.449,False
0010,115,22,van,34.946,32.343,17.976,53.401,55.801,55.801,False
0010,115,0,car,24.405,22.8,0.0,23.221,22.541,22.541,True
0010,115,21,car,39.864,37.662,17.931,81.751,56.143,56.143,False
0010,116,5,car,37.901,36.065,5.565,32.16,33.279,33.279,False
0010,116,6,car,67.357,65.106,5.497,65.415,65.909,65.909,False
0010,116,0,car,24.324,22.718,0.0,24.133,21.985,21.985,True
0010,116,22,van,33.645,31.056,17.997,57.876,52.416,52.416,False
0010,116,21,car,38.53,36.334,17.967,92.705,54.35,54.35,False
0010,117,5,car,34.698,32.856,5.504,28.575,29.85,29.85,False
0010,117,0,car,24.313,22.708,0.0,23.667,21.985,21.985,True
0010,117,6,car,64.23,61.977,5.431,59.163,62.271,62.271,False
0010,117,22,van,32.368,29.797,18.018,74.765,56.366,56.366,False
0010,117,21,car,37.211,35.023,18.004,109.522,50.67,50.67,False
0010,118,5,car,31.504,29.654,5.442,24.287,26.467,26.467,False
0010,118,0,car,24.243,22.638,0.0,22.394,21.769,21.769,True
0010,118,6,car,61.105,58.848,5.366,51.731,60.605,60.605,False
0010,118,22,van,31.128,28.584,18.06,50.917,47.739,47.739,False
0010,118,21,car,35.853,33.676,18.029,96.2,49.959,49.959,False
0010,119,5,car,28.307,26.448,5.417,20.817,24.462,24.462,False
0010,119,6,car,57.991,55.731,5.293,41.382,53.416,53.416,False
0010,119,0,car,24.173,22.567,0.0,21.207,22.092,22.092,True
0010,119,22,van,29.958,27.432,18.058,43.944,48.658,48.658,False
0010,119,21,car,34.535,32.37,18.093,62.374,46.056,46.056,False
0010,120,5,car,25.136,23.267,5.424,18.567,21.328,21.328,False
0010,120,0,car,24.102,22.497,0.0,21.207,22.092,22.092,True
0010,120,6,car,54.887,52.624,5.287,40.057,52.208,52.208,False
0010,120,22,van,28.82,26.316,18.055,49.94,55.126,55.126,False
0010,120,21,car,33.35,31.198,18.135,53.185,41.084,41.084,False
0010,121,5,car,22.051,20.169,5.423,17.887,18.623,18.623,False
0010,121,6,car,51.785,49.519,5.239,46.073,48.837,48.837,False
0010,121,22,van,27.696,25.227,18.056,52.489,26.506,26.506,False
0010,121,21,car,32.088,29.952,18.14,47.466,37.097,37.097,False
0010,121,0,car,24.038,22.433,0.0,23.661,21.876,21.876,True
0010,122,5,car,19.001,17.107,5.419,15.488,15.467,15.467,False
0010,122,6,car,48.693,46.422,5.277,46.174,44.099,44.099,False
0010,122,21,car,30.851,28.735,18.144,50.138,34.923,34.923,False
0010,122,0,car,23.974,22.369,0.0,24.61,21.455,21.455,True
0010,123,6,car,45.603,43.327,5.314,43.03,43.296,43.296,False
0010,123,5,car,16.025,14.121,5.408,12.61,12.606,12.606,False
0010,123,7,car,73.716,71.997,2.555,113.117,74.434,74.434,False
0010,123,21,car,29.661,27.569,18.145,53.305,32.965,32.965,False
0010,123,0,car,23.909,22.304,0.0,24.61,21.455,21.455,True
0010,124,6,car,42.457,40.175,5.258,39.018,38.864,38.864,False
0010,124,21,car,28.502,26.44,18.146,58.597,31.272,31.272,False
0010,124,5,car,13.147,11.242,5.397,10.043,10.014,10.014,False
0010,124,7,car,72.226,70.506,2.565,103.621,72.037,72.037,False
0010,124,0,car,23.845,22.24,0.0,24.614,21.25,21.25,True
0010,125,6,car,39.388,37.1,5.232,32.922,36.422,36.422,False
0010,125,5,car,10.448,8.581,5.386,7.705,7.952,7.952,False
0010,125,0,car,23.781,22.175,0.0,23.661,21.149,21.149,True
0010,125,7,car,70.735,69.014,2.575,95.527,74.443,74.443,False
0010,125,21,car,27.378,25.351,18.145,56.239,48.853,48.853,False
0010,126,6,car,36.324,34.03,5.206,28.501,33.776,33.776,False
0010,126,0,car,23.716,22.111,0.0,21.992,21.05,21.05,True
0010,126,7,car,69.245,67.523,2.585,72.867,67.679,67.679,False
0010,127,0,car,23.652,22.047,0.0,21.581,21.05,21.05,True
0010,127,6,car,33.248,30.946,5.256,24.7,29.863,29.863,False
0010,127,7,car,67.754,66.032,2.595,65.145,67.679,67.679,False
0010,128,6,car,30.184,27.873,5.306,22.616,27.792,27.792,False
0010,128,0,car,23.588,21.982,0.0,21.605,21.05,21.05,True
0010,128,7,car,66.264,64.541,2.605,61.884,65.693,65.693,False
0010,129,6,car,27.154,24.835,5.317,20.605,24.118,24.118,False
0010,129,0,car,23.515,21.91,0.0,21.607,20.853,20.853,True
0010,129,7,car,64.752,63.029,2.595,65.149,63.821,63.821,False
0010,130,6,car,24.143,21.815,5.328,18.457,20.997,20.997,False
0010,130,0,car,23.443,21.837,0.0,21.999,20.471,20.471,True
0010,130,7,car,63.241,61.516,2.584,68.776,62.052,62.052,False
0010,131,6,car,21.16,18.824,5.339,15.983,17.905,17.905,False
0010,131,0,car,23.371,21.765,0.0,22.789,20.853,20.853,True
0010,131,7,car,61.729,60.004,2.574,68.839,59.574,59.574,False
0010,132,6,car,18.166,15.825,5.344,13.157,14.872,14.872,False
0010,132,0,car,23.298,21.692,0.0,21.972,20.66,20.66,True
0010,132,7,car,60.218,58.492,2.564,65.143,62.059,62.059,False
0010,133,6,car,15.38,13.044,5.348,10.921,12.094,12.094,False
0010,133,0,car,23.226,21.62,0.0,21.607,20.854,20.854,True
0010,133,7,car,58.706,56.98,2.553,58.917,62.061,62.061,False
0010,134,6,car,12.694,10.387,5.352,9.127,9.849,9.849,False
0010,134,0,car,23.166,21.559,0.0,20.878,20.757,20.757,True
0010,134,7,car,57.23,55.503,2.533,51.514,57.293,57.293,False
0010,135,0,car,23.106,21.499,0.0,20.162,20.661,20.661,True
0010,135,6,car,10.175,7.958,5.37,7.765,8.725,8.725,False
0010,135,7,car,55.753,54.025,2.512,45.783,57.3,57.3,False
0010,135,18,car,66.512,64.314,18.104,80.523,74.931,74.931,False
0010,136,0,car,23.046,21.439,0.0,19.863,20.661,20.661,True
0010,136,7,car,54.276,52.548,2.492,44.155,55.872,55.872,False
0010,136,18,car,65.104,62.904,18.105,75.856,75.095,75.095,False
0010,137,0,car,22.985,21.377,0.0,20.503,20.471,20.471,True
0010,137,7,car,52.806,51.077,2.534,45.75,55.879,55.879,False
0010,138,0,car,22.924,21.316,0.0,20.851,20.284,20.284,True
0010,138,7,car,51.336,49.606,2.576,47.516,50.235,50.235,False
0010,139,0,car,22.863,21.255,0.0,21.605,20.284,20.284,True
0010,139,7,car,49.866,48.135,2.618,51.522,51.999,51.999,False
0010,139,18,car,60.923,58.718,18.176,118.784,86.847,86.847,False
0010,140,0,car,22.802,21.194,0.0,22.392,20.101,20.101,True
0010,140,7,car,48.397,46.664,2.676,53.858,49.699,49.699,False
0010,140,19,car,54.208,52.225,18.217,109.958,50.624,50.624,False
0010,140,18,car,59.514,57.308,18.216,131.253,75.853,75.853,False
0010,141,0,car,22.742,21.133,0.0,22.369,20.191,20.191,True
0010,141,7,car,46.929,45.194,2.733,51.54,48.633,48.633,False
0010,141,19,car,52.851,50.867,18.268,110.633,49.858,49.858,False
0010,141,18,car,58.11,55.902,18.257,119.407,67.446,67.446,False
0010,142,0,car,22.687,21.078,0.0,21.97,20.099,20.099,True
0010,142,7,car,45.461,43.724,2.803,47.56,47.615,47.615,False
0010,142,19,car,51.501,49.515,18.32,102.489,47.174,47.174,False
0010,142,18,car,56.72,54.511,18.332,132.814,71.759,71.759,False
0010,143,0,car,22.632,21.023,0.0,21.583,20.374,20.374,True
0010,143,19,car,50.152,48.164,18.366,95.668,45.653,45.653,False
0010,143,7,car,43.993,42.254,2.873,44.196,46.631,46.631,False
0010,143,18,car,55.337,53.126,18.408,101.471,63.393,63.393,False
0010,144,0,car,22.577,20.969,0.0,20.847,19.743,19.743,True
0010,144,7,car,42.54,40.799,2.892,41.199,43.479,43.479,False
0010,144,19,car,48.811,46.822,18.413,89.677,44.937,44.937,False
0010,144,18,car,53.959,51.748,18.484,102.606,66.283,66.283,False
0010,145,0,car,22.522,20.915,0.0,20.852,19.655,19.655,True
0010,145,7,car,41.088,39.345,2.911,39.872,43.079,43.079,False
0010,145,19,car,47.478,45.487,18.46,74.995,43.6,43.6,False
0010,145,18,car,52.628,50.415,18.514,78.26,58.45,58.45,False
0010,146,0,car,22.468,20.861,0.0,20.855,19.918,19.918,True
0010,146,7,car,39.636,37.891,2.931,38.636,40.742,40.742,False
0010,146,19,car,46.153,44.162,18.507,71.5,41.635,41.635,False
0010,146,18,car,51.303,49.089,18.545,70.486,54.872,54.872,False
0010,147,0,car,22.417,20.81,0.0,20.858,19.918,19.918,True
0010,147,7,car,38.184,36.437,2.95,36.46,38.985,38.985,False
0010,147,19,car,44.838,42.846,18.554,65.043,39.275,39.275,False
0010,148,0,car,22.365,20.758,0.0,20.855,19.918,19.918,True
0010,148,7,car,36.733,34.984,2.969,35.428,38.012,38.012,False
0010,148,19,car,43.526,41.534,18.557,62.426,37.719,37.719,False
0010,148,18,car,48.672,46.457,18.605,70.52,57.875,57.875,False
0010,149,0,car,22.314,20.707,0.0,20.508,19.742,19.742,True
0010,149,7,car,35.283,33.531,2.988,32.651,35.898,35.898,False
0010,149,19,car,42.224,40.233,18.561,52.103,35.13,35.13,False
0010,149,18,car,47.367,45.153,18.636,58.988,50.931,50.931,False
0011,0,2,car,9.142,7.226,2.715,8.78,7.649,7.649,False
0011,0,0,car,15.254,13.411,0.0,14.474,13.046,13.046,True
0011,0,6,car,17.475,15.407,8.883,16.426,15.806,15.806,False
0011,0,1,car,6.374,4.282,2.448,7.342,8.394,8.394,False
0011,0,4,car,15.632,13.474,2.152,16.666,13.772,13.772,False
0011,0,45,pedestrian,30.054,29.561,1.872,32.508,32.728,32.728,False
0011,0,7,car,22.353,20.031,9.223,22.552,19.12,19.12,False
0011,1,6,car,17.017,14.958,8.884,15.949,15.294,15.294,False
0011,1,2,car,8.637,6.734,2.704,8.25,7.11,7.11,False
0011,1,0,car,15.053,13.21,0.0,14.46,12.821,12.821,True
0011,1,4,car,15.088,12.93,2.163,15.895,13.147,13.147,False
0011,1,7,car,21.841,19.518,9.194,21.615,18.544,18.544,False
0011,1,3,car,11.946,9.843,2.5,12.181,10.723,10.723,False
0011,1,45,pedestrian,29.583,29.084,2.035,31.699,34.069,34.069,False
0011,2,6,car,16.564,14.516,8.884,15.316,14.743,14.743,False
0011,2,0,car,14.852,13.009,0.0,14.149,12.711,12.711,True
0011,2,8,van,81.089,78.226,5.934,77.676,59.717,59.717,False
0011,2,2,car,8.143,6.258,2.693,8.057,6.869,6.869,False
0011,2,7,car,21.331,19.007,9.166,21.092,18.402,18.402,False
0011,2,4,car,14.546,12.387,2.174,15.504,12.815,12.815,False
0011,2,3,car,11.429,9.326,2.514,11.792,10.694,10.694,False
0011,2,45,pedestrian,29.114,28.61,2.199,31.703,33.867,33.867,False
0011,3,8,van,79.505,76.644,5.872,68.957,57.421,57.421,False
0011,3,6,car,16.118,14.082,8.885,14.806,14.172,14.172,False
0011,3,0,car,14.651,12.808,0.0,13.822,12.533,12.533,True
0011,3,2,car,7.66,5.799,2.681,7.411,6.869,6.869,False
0011,3,4,car,14.006,11.847,2.186,14.631,12.285,12.285,False
0011,3,45,pedestrian,28.646,28.138,2.362,29.485,30.08,30.08,False
0011,3,7,car,20.824,18.5,9.137,20.333,17.764,17.764,False
0011,3,3,car,10.918,8.815,2.527,10.742,9.843,9.843,False
0011,4,6,car,15.678,13.656,8.886,14.315,13.649,13.649,False
0011,4,2,car,7.192,5.365,2.67,6.976,6.857,6.857,False
0011,4,0,car,14.45,12.607,0.0,13.669,12.325,12.325,True
0011,4,45,pedestrian,28.179,27.667,2.526,29.498,29.58,29.58,False
0011,4,8,van,77.922,75.062,5.811,69.037,55.998,55.998,False
0011,4,3,car,10.411,8.31,2.541,10.241,9.366,9.366,False
0011,4,7,car,20.321,17.996,9.109,19.93,17.464,17.464,False
0011,4,4,car,13.469,11.308,2.198,13.856,11.791,11.791,False
0011,5,8,van,76.404,73.543,5.724,65.384,55.992,55.992,False
0011,5,6,car,15.246,13.24,8.887,13.749,13.142,13.142,False
0011,5,2,car,6.741,4.947,2.659,7.164,7.015,7.015,False
0011,5,0,car,14.25,12.407,0.0,13.237,12.157,12.157,True
0011,5,3,car,9.911,7.813,2.554,9.553,8.74,8.74,False
0011,5,45,pedestrian,27.715,27.198,2.69,29.514,28.935,28.935,False
0011,5,4,car,12.935,10.772,2.21,13.445,11.441,11.441,False
0011,5,7,car,19.82,17.497,9.08,19.215,17.086,17.086,False
0011,6,2,car,6.375,4.594,2.654,7.794,7.286,7.286,False
0011,6,0,car,14.049,12.206,0.0,12.955,11.93,11.93,True
0011,6,6,car,14.853,12.855,8.845,14.726,14.375,14.375,False
0011,6,3,car,9.483,7.389,2.565,9.123,8.263,8.263,False
0011,6,45,pedestrian,27.31,26.789,2.868,30.279,29.985,29.985,False
0011,6,8,van,74.886,72.024,5.638,65.384,57.441,57.441,False
0011,6,7,car,19.401,17.078,9.064,18.151,16.419,16.419,False
0011,6,4,car,12.472,10.303,2.221,12.824,10.878,10.878,False
0011,7,0,car,13.848,12.005,0.0,12.955,11.68,11.68,True
0011,7,3,car,9.062,6.973,2.576,8.687,7.757,7.757,False
0011,7,6,car,14.466,12.477,8.804,15.497,15.332,15.332,False
0011,7,45,pedestrian,26.896,26.37,3.016,28.858,28.829,28.829,False
0011,7,8,van,73.368,70.505,5.552,69.028,56.012,56.012,False
0011,7,7,car,18.985,16.663,9.049,18.08,16.105,16.105,False
0011,7,4,car,12.012,9.836,2.232,12.488,10.547,10.547,False
0011,7,2,car,6.028,4.242,2.649,8.012,9.351,9.351,False
0011,8,0,car,13.647,11.804,0.0,12.956,11.44,11.44,True
0011,8,3,car,8.647,6.568,2.586,8.287,7.25,7.25,False
0011,8,8,van,71.85,68.987,5.466,73.171,52.717,52.717,False
0011,8,45,pedestrian,26.484,25.955,3.164,30.292,29.18,29.18,False
0011,8,6,car,14.086,12.107,8.762,15.496,15.31,15.31,False
0011,8,7,car,18.573,16.252,9.033,17.859,15.504,15.504,False
0011,8,4,car,11.555,9.373,2.244,12.177,10.105,10.105,False
0011,9,0,car,13.446,11.603,0.0,12.955,11.353,11.353,True
0011,9,3,car,8.242,6.174,2.597,8.125,7.017,7.017,False
0011,9,45,pedestrian,26.073,25.541,3.313,30.362,27.202,27.202,False
0011,9,6,car,13.713,11.746,8.721,14.754,14.94,14.94,False
0011,9,7,car,18.163,15.845,9.017,17.78,15.264,15.264,False
0011,9,8,van,70.333,67.468,5.379,77.78,57.455,57.455,False
0011,9,4,car,11.102,8.914,2.255,11.627,9.602,9.602,False
0011,10,3,car,7.846,5.795,2.608,7.84,6.796,6.796,False
0011,10,0,car,13.245,11.402,0.0,12.821,11.21,11.21,True
0011,10,45,pedestrian,25.664,25.131,3.462,30.405,26.398,26.398,False
0011,10,7,car,17.758,15.442,9.001,17.331,14.793,14.793,False
0011,10,8,van,68.877,66.011,5.371,77.785,52.731,52.731,False
0011,10,4,car,10.652,8.459,2.266,11.164,9.071,9.071,False
0011,10,6,car,13.348,11.395,8.68,14.529,15.19,15.19,False
0011,11,45,pedestrian,25.358,24.825,3.57,30.454,26.572,26.572,False
0011,11,7,car,17.434,15.122,9.014,16.932,14.392,14.392,False
0011,11,3,car,7.476,5.444,2.584,7.143,6.936,6.936,False
0011,11,0,car,13.139,11.296,0.0,12.689,11.099,11.099,True
0011,11,8,van,67.421,64.555,5.363,77.818,54.646,54.646,False
0011,11,4,car,10.254,8.058,2.258,10.526,8.297,8.297,False
0011,12,7,car,17.114,14.807,9.027,16.421,13.977,13.977,False
0011,12,3,car,7.115,5.106,2.559,6.998,6.913,6.913,False
0011,12,0,car,13.033,11.19,0.0,12.69,11.017,11.017,True
0011,12,8,van,65.965,63.098,5.354,77.78,50.946,50.946,False
0011,12,45,pedestrian,25.053,24.521,3.678,29.723,27.01,27.01,False
0011,12,4,car,9.858,7.661,2.25,9.898,7.83,7.83,False
0011,13,7,car,16.798,14.496,9.04,16.031,13.657,13.657,False
0011,13,0,car,12.926,11.083,0.0,12.437,10.963,10.963,True
0011,13,3,car,6.764,4.785,2.535,7.558,7.051,7.051,False
0011,13,4,car,9.467,7.268,2.242,9.435,7.482,7.482,False
0011,13,8,van,64.588,61.721,5.356,73.207,49.286,49.286,False
0011,13,45,pedestrian,24.748,24.218,3.787,29.085,25.698,25.698,False
0011,14,7,car,16.485,14.189,9.052,15.374,13.289,13.289,False
0011,14,0,car,12.82,10.977,0.0,12.196,10.803,10.803,True
0011,14,4,car,9.079,6.88,2.233,8.857,7.091,7.091,False
0011,14,3,car,6.424,4.47,2.511,7.329,7.425,7.425,False
0011,14,8,van,63.211,60.343,5.357,62.087,47.73,47.73,False
0011,14,45,pedestrian,24.445,23.917,3.896,27.832,24.983,24.983,False
0011,15,0,car,12.713,10.87,0.0,11.837,10.649,10.649,True
0011,15,7,car,16.177,13.888,9.065,14.77,12.886,12.886,False
0011,15,4,car,8.695,6.498,2.225,8.386,6.717,6.717,False
0011,15,8,van,61.835,58.965,5.358,56.52,41.94,41.94,False
0011,15,45,pedestrian,24.144,23.617,4.006,27.259,25.02,25.02,False
0011,15,3,car,6.099,4.157,2.487,7.771,8.92,8.92,False
0011,16,0,car,12.607,10.764,0.0,11.705,10.573,10.573,True
0011,16,45,pedestrian,23.866,23.338,4.133,26.677,25.066,25.066,False
0011,16,4,car,8.384,6.194,2.265,7.996,6.355,6.355,False
0011,16,7,car,15.873,13.592,9.078,14.45,12.77,12.77,False
0011,16,8,van,60.459,57.588,5.359,54.047,50.437,50.437,False
0011,17,0,car,12.501,10.658,0.0,11.613,10.523,10.523,True
0011,17,4,car,8.019,5.837,2.256,7.861,6.213,6.213,False
0011,17,45,pedestrian,23.589,23.061,4.259,26.156,24.383,24.383,False
0011,17,7,car,15.573,13.302,9.091,16.882,15.098,15.098,False
0011,17,8,van,59.109,56.237,5.377,51.806,54.095,54.095,False
0011,18,0,car,12.394,10.551,0.0,11.597,10.425,10.425,True
0011,18,4,car,7.661,5.49,2.247,8.134,6.186,6.186,False
0011,18,45,pedestrian,23.314,22.786,4.385,26.202,24.192,24.192,False
0011,18,7,car,15.278,13.018,9.104,16.088,15.017,15.017,False
0011,18,8,van,57.759,54.886,5.396,51.831,44.916,44.916,False
0011,19,0,car,12.288,10.445,0.0,11.504,10.376,10.376,True
0011,19,4,car,7.309,5.154,2.238,8.17,6.235,6.235,False
0011,19,7,car,14.989,12.741,9.116,16.013,14.711,14.711,False
0011,19,45,pedestrian,23.041,22.512,4.512,25.771,23.162,23.162,False
0011,19,5,car,10.592,8.538,2.722,11.039,10.548,10.548,False
0011,20,4,car,6.966,4.833,2.228,7.439,6.091,6.091,False
0011,20,0,car,12.182,10.339,0.0,11.404,10.425,10.425,True
0011,20,8,van,55.062,52.186,5.433,49.797,41.615,41.615,False
0011,20,7,car,14.704,12.47,9.129,15.665,14.571,14.571,False
0011,20,45,pedestrian,22.769,22.239,4.638,25.817,23.74,23.74,False
0011,20,5,car,10.226,8.173,2.715,10.663,10.243,10.243,False
0011,21,0,car,12.198,10.355,0.0,11.393,10.401,10.401,True
0011,21,4,car,6.669,4.559,2.221,6.967,6.118,6.118,False
0011,21,8,van,53.714,50.836,5.451,47.906,41.635,41.635,False
0011,21,45,pedestrian,22.507,21.977,4.767,24.821,23.68,23.68,False
0011,21,7,car,14.435,12.214,9.128,15.394,14.547,14.547,False
0011,21,5,car,9.894,7.843,2.715,10.269,9.997,9.997,False
0011,22,0,car,12.215,10.372,0.0,11.292,10.328,10.328,True
0011,22,4,car,6.381,4.301,2.215,7.537,6.189,6.189,False
0011,22,8,van,52.44,49.561,5.465,46.148,38.12,38.12,False
0011,22,45,pedestrian,22.248,21.716,4.896,24.368,23.095,23.095,False
0011,22,5,car,9.565,7.518,2.716,9.763,9.535,9.535,False
0011,23,0,car,12.232,10.389,0.0,11.271,10.281,10.281,True
0011,23,4,car,6.103,4.053,2.208,7.887,6.322,6.322,False
0011,23,8,van,51.167,48.287,5.48,46.131,37.494,37.494,False
0011,23,45,pedestrian,21.99,21.458,5.025,24.964,23.152,23.152,False
0011,23,5,car,9.24,7.197,2.716,9.342,9.357,9.357,False
0011,24,0,car,12.249,10.406,0.0,11.188,10.377,10.377,True
0011,24,8,van,49.894,47.012,5.494,44.357,36.303,36.303,False
0011,24,4,car,5.837,3.806,2.201,7.677,6.593,6.593,False
0011,24,5,car,8.918,6.881,2.716,9.096,8.21,8.21,False
0011,24,45,pedestrian,21.733,21.201,5.153,24.077,22.804,22.804,False
0011,25,0,car,12.266,10.423,0.0,11.187,10.425,10.425,True
0011,25,45,pedestrian,21.479,20.946,5.282,23.671,22.014,22.014,False
0011,25,5,car,8.601,6.572,2.717,8.535,7.764,7.764,False
0011,25,8,van,48.623,45.739,5.508,42.862,35.175,35.175,False
0011,25,4,car,5.584,3.562,2.194,7.817,8.164,8.164,False
0011,25,46,pedestrian,28.611,28.149,11.608,40.028,38.166,38.166,False
0011,26,0,car,12.383,10.54,0.0,11.299,10.474,10.474,True
0011,26,5,car,8.296,6.279,2.712,8.324,7.56,7.56,False
0011,26,8,van,47.351,44.466,5.522,40.241,32.644,32.644,False
0011,26,45,pedestrian,21.241,20.709,5.385,23.244,22.252,22.252,False
0011,26,46,pedestrian,28.165,27.703,11.505,38.94,38.334,38.334,False
0011,27,5,car,7.996,5.994,2.706,8.135,7.244,7.244,False
0011,27,0,car,12.501,10.657,0.0,11.411,10.548,10.548,True
0011,27,45,pedestrian,21.005,20.473,5.487,22.536,21.837,21.837,False
0011,27,8,van,46.081,43.194,5.532,39.048,31.742,31.742,False
0011,27,46,pedestrian,27.719,27.258,11.402,37.815,34.498,34.498,False
0011,27,53,car,41.621,40.131,22.746,31.866,47.126,47.126,False
0011,28,0,car,12.618,10.775,0.0,11.482,10.675,10.675,True
0011,28,5,car,7.702,5.718,2.701,8.306,7.594,7.594,False
0011,28,8,van,44.811,41.922,5.542,36.761,30.894,30.894,False
0011,28,45,pedestrian,20.77,20.238,5.59,22.612,21.202,21.202,False
0011,28,46,pedestrian,27.274,26.813,11.3,38.043,38.374,38.374,False
0011,28,53,car,41.316,39.819,22.757,30.902,45.413,45.413,False
0011,29,5,car,7.413,5.451,2.696,7.665,7.334,7.334,False
0011,29,0,car,12.735,10.892,0.0,11.616,10.83,10.83,True
0011,29,8,van,43.543,40.651,5.552,36.803,30.911,30.911,False
0011,29,45,pedestrian,20.537,20.005,5.692,22.282,21.092,21.092,False
0011,29,53,car,41.012,39.508,22.768,30.1,45.319,45.319,False
0011,29,46,pedestrian,26.829,26.368,11.197,36.09,36.657,36.657,False
0011,30,5,car,7.13,5.195,2.691,7.579,7.425,7.425,False
0011,30,0,car,12.852,11.009,0.0,11.608,11.017,11.017,True
0011,30,45,pedestrian,20.306,19.774,5.795,21.964,21.23,21.23,False
0011,30,46,pedestrian,26.384,25.923,11.094,35.265,36.554,36.554,False
0011,30,48,pedestrian,26.173,25.868,14.206,32.783,27.539,27.539,False
0011,30,8,van,42.275,39.381,5.561,33.847,29.58,29.58,False
0011,30,53,car,40.709,39.199,22.779,29.63,44.951,44.951,False
0011,30,49,pedestrian,38.452,38.246,18.991,41.844,41.13,41.13,False
0011,31,5,car,6.844,4.931,2.673,7.214,7.562,7.562,False
0011,31,0,car,13.069,11.226,0.0,11.591,11.127,11.127,True
0011,31,45,pedestrian,20.088,19.556,5.913,21.277,21.207,21.207,False
0011,31,48,pedestrian,25.867,25.562,14.193,30.305,26.228,26.228,False
0011,31,8,van,41.008,38.112,5.571,32.132,28.499,28.499,False
0011,31,53,car,40.411,38.895,22.79,29.245,43.393,43.393,False
0011,31,46,pedestrian,25.929,25.469,10.963,34.38,39.154,39.154,False
0011,32,5,car,6.566,4.663,2.655,7.306,7.897,7.897,False
0011,32,0,car,13.286,11.443,0.0,11.613,11.325,11.325,True
0011,32,45,pedestrian,19.873,19.34,6.031,21.038,20.949,20.949,False
0011,32,53,car,40.108,38.585,22.8,28.847,40.874,40.874,False
0011,32,8,van,39.743,36.844,5.58,30.567,59.704,59.704,False
0011,32,46,pedestrian,25.475,25.014,10.831,32.79,37.074,37.074,False
0011,33,5,car,6.296,4.392,2.636,7.745,8.211,8.211,False
0011,33,0,car,13.503,11.66,0.0,11.719,11.559,11.559,True
0011,33,53,car,39.808,38.278,22.821,27.934,43.275,43.275,False
0011,33,45,pedestrian,19.659,19.127,6.149,20.76,20.227,20.227,False
0011,33,8,van,38.479,35.577,5.59,29.181,58.307,58.307,False
0011,33,46,pedestrian,25.02,24.56,10.7,32.051,36.181,36.181,False
0011,34,0,car,13.72,11.877,0.0,11.828,11.742,11.742,True
0011,34,45,pedestrian,19.448,18.915,6.268,20.168,19.79,19.79,False
0011,34,53,car,39.509,37.974,22.841,27.578,41.731,41.731,False
0011,34,8,van,37.216,34.311,5.599,27.89,51.021,51.021,False
0011,34,49,pedestrian,37.2,36.988,18.901,36.925,38.26,38.26,False
0011,34,46,pedestrian,24.566,24.106,10.568,31.329,35.133,35.133,False
0011,34,5,car,6.035,4.119,2.618,7.857,13.127,13.127,False
0011,35,45,pedestrian,19.239,18.706,6.386,19.932,19.82,19.82,False
0011,35,0,car,13.937,12.094,0.0,12.058,11.994,11.994,True
0011,35,8,van,35.954,33.047,5.609,26.816,52.409,52.409,False
0011,35,53,car,39.213,37.671,22.861,26.798,42.506,42.506,False
0011,35,49,pedestrian,36.889,36.675,18.878,35.934,36.479,36.479,False
0011,35,46,pedestrian,24.113,23.652,10.437,30.798,34.546,34.546,False
0011,36,8,van,34.695,31.784,5.619,25.157,50.549,50.549,False
0011,36,0,car,14.236,12.392,0.0,12.166,12.258,12.258,True
0011,36,45,pedestrian,18.997,18.465,6.497,19.683,20.035,20.035,False
0011,36,53,car,38.918,37.369,22.881,25.816,43.856,43.856,False
0011,36,46,pedestrian,23.644,23.184,10.316,27.656,31.72,31.72,False
0011,37,0,car,14.535,12.691,0.0,12.303,12.463,12.463,True
0011,37,8,van,33.437,30.523,5.628,24.679,49.596,49.596,False
0011,37,53,car,38.625,37.07,22.901,25.407,45.35,45.35,False
0011,37,46,pedestrian,23.176,22.716,10.195,26.165,30.86,30.86,False
0011,37,45,pedestrian,18.758,18.227,6.608,19.459,19.536,19.536,False
0011,38,0,car,14.834,12.989,0.0,12.426,12.604,12.604,True
0011,38,8,van,32.182,29.264,5.638,23.068,46.811,46.811,False
0011,38,45,pedestrian,18.521,17.992,6.72,19.143,19.251,19.251,False
0011,38,49,pedestrian,35.902,35.686,18.828,34.485,36.993,36.993,False
0011,38,53,car,38.334,36.772,22.922,24.97,56.739,56.739,False
0011,38,46,pedestrian,22.709,22.249,10.075,22.414,26.055,26.055,False
0011,39,0,car,15.132,13.288,0.0,12.553,12.858,12.858,True
0011,39,8,van,30.929,28.007,5.647,22.164,21.368,21.368,False
0011,39,45,pedestrian,18.287,17.76,6.831,18.976,18.815,18.815,False
0011,39,53,car,38.045,36.476,22.942,24.61,43.54,43.54,False
0011,39,49,pedestrian,35.575,35.359,18.811,34.589,36.876,36.876,False
0011,39,46,pedestrian,22.242,21.782,9.954,21.864,24.857,24.857,False
0011,40,8,van,29.678,26.753,5.657,21.309,20.187,20.187,False
0011,40,0,car,15.431,13.586,0.0,12.668,13.123,13.123,True
0011,40,45,pedestrian,18.055,17.532,6.943,18.601,19.039,19.039,False
0011,40,48,pedestrian,23.187,22.883,14.088,24.712,22.93,22.93,False
0011,40,49,pedestrian,35.249,35.032,18.794,33.926,36.559,36.559,False
0011,40,53,car,37.758,36.182,22.962,24.196,53.364,53.364,False
0011,40,46,pedestrian,21.776,21.316,9.833,21.491,24.286,24.286,False
0011,41,8,van,28.342,25.413,5.632,20.024,19.145,19.145,False
0011,41,0,car,15.778,13.933,0.0,12.815,13.479,13.479,True
0011,41,45,pedestrian,17.78,17.259,7.083,18.465,18.781,18.781,False
0011,41,46,pedestrian,21.28,20.819,9.733,20.984,24.13,24.13,False
0011,41,49,pedestrian,34.894,34.677,18.774,33.294,35.399,35.399,False
0011,41,48,pedestrian,22.839,22.535,14.076,23.912,21.935,21.935,False
0011,41,53,car,37.473,35.89,22.982,23.818,55.587,55.587,False
0011,42,0,car,16.124,14.279,0.0,12.949,13.856,13.856,True
0011,42,8,van,27.008,24.076,5.607,18.914,18.29,18.29,False
0011,42,45,pedestrian,17.51,16.99,7.223,18.271,18.557,18.557,False
0011,42,46,pedestrian,20.785,20.323,9.633,20.704,23.428,23.428,False
0011,42,49,pedestrian,34.539,34.324,18.753,33.479,35.529,35.529,False
0011,42,48,pedestrian,22.494,22.19,14.065,23.322,21.497,21.497,False
0011,43,8,van,25.678,22.743,5.582,18.197,37.07,37.07,False
0011,43,0,car,16.471,14.626,0.0,13.089,14.393,14.393,True
0011,43,45,pedestrian,17.244,16.727,7.363,17.955,17.682,17.682,False
0011,43,46,pedestrian,20.292,19.829,9.534,20.474,23.522,23.522,False
0011,43,49,pedestrian,34.186,33.972,18.733,33.635,35.683,35.683,False
0011,43,48,pedestrian,22.152,21.849,14.054,22.767,20.925,20.925,False
0011,44,45,pedestrian,16.983,16.469,7.503,17.862,17.695,17.695,False
0011,44,0,car,16.818,14.972,0.0,13.367,14.677,14.677,True
0011,44,8,van,24.353,21.414,5.558,17.376,34.9,34.9,False
0011,44,46,pedestrian,19.8,19.336,9.434,20.382,22.266,22.266,False
0011,44,49,pedestrian,33.834,33.621,18.712,33.666,34.617,34.617,False
0011,44,48,pedestrian,21.813,21.511,14.043,24.602,22.206,22.206,False
0011,44,9,car,50.706,48.39,10.441,32.248,53.16,53.16,False
0011,45,46,pedestrian,19.309,18.844,9.334,20.189,21.441,21.441,False
0011,45,45,pedestrian,16.728,16.216,7.643,17.523,17.812,17.812,False
0011,45,0,car,17.164,15.319,0.0,13.674,15.023,15.023,True
0011,45,8,van,23.033,20.09,5.533,17.068,15.764,15.764,False
0011,45,9,car,50.25,47.933,10.459,32.328,50.86,50.86,False
0011,45,49,pedestrian,33.484,33.272,18.692,33.941,34.207,34.207,False
0011,45,10,car,71.534,69.599,10.872,41.61,60.236,60.236,False
0011,46,0,car,17.512,15.668,0.0,13.966,15.125,15.125,True
0011,46,8,van,21.644,18.697,5.501,16.326,31.387,31.387,False
0011,46,45,pedestrian,16.427,15.921,7.784,17.497,17.218,17.218,False
0011,46,46,pedestrian,18.753,18.291,9.207,20.015,20.981,20.981,False
0011,46,9,car,49.794,47.477,10.477,32.36,49.758,49.758,False
0011,46,10,car,70.943,69.007,10.865,43.061,66.458,66.458,False
0011,47,0,car,17.86,16.017,0.0,14.146,15.386,15.386,True
0011,47,8,van,20.263,17.313,5.469,15.187,13.506,13.506,False
0011,47,9,car,49.339,47.021,10.494,31.709,48.764,48.764,False
0011,47,49,pedestrian,32.651,32.453,18.661,33.542,32.92,32.92,False
0011,47,45,pedestrian,16.133,15.634,7.926,17.505,16.819,16.819,False
0011,47,10,car,70.352,68.416,10.858,43.131,64.576,64.576,False
0011,48,0,car,18.208,16.365,0.0,14.638,15.822,15.822,True
0011,48,8,van,18.891,15.939,5.437,14.579,27.209,27.209,False
0011,48,45,pedestrian,15.846,15.355,8.068,17.218,16.353,16.353,False
0011,48,9,car,48.884,46.566,10.512,31.749,47.296,47.296,False
0011,48,10,car,69.762,67.824,10.85,43.136,61.939,61.939,False
0011,49,0,car,18.556,16.713,0.0,15.011,16.05,16.05,True
0011,49,45,pedestrian,15.567,15.085,8.21,17.095,16.439,16.439,False
0011,49,8,van,17.529,14.578,5.405,13.744,24.976,24.976,False
0011,49,9,car,48.262,45.944,10.502,32.505,47.814,47.814,False
0011,49,49,pedestrian,31.842,31.64,18.689,33.94,32.002,32.002,False
0011,49,10,car,69.192,67.254,10.82,43.145,59.507,59.507,False
0011,49,46,pedestrian,17.096,16.647,8.825,18.557,19.448,19.448,False
0011,50,0,car,18.904,17.06,0.0,15.371,16.284,16.284,True
0011,50,9,car,47.64,45.322,10.493,32.556,49.923,49.923,False
0011,50,8,van,16.181,13.236,5.373,12.847,10.645,10.645,False
0011,50,49,pedestrian,31.441,31.237,18.704,33.425,31.605,31.605,False
0011,50,10,car,68.622,66.684,10.79,43.195,64.614,64.614,False
0011,50,46,pedestrian,16.548,16.104,8.699,17.853,18.404,18.404,False
0011,51,0,car,19.211,17.367,0.0,15.365,16.649,16.649,True
0011,51,9,car,47.15,44.831,10.481,31.755,48.896,48.896,False
0011,51,45,pedestrian,14.962,14.485,8.481,16.437,15.872,15.872,False
0011,51,8,van,14.838,11.903,5.357,11.802,9.709,9.709,False
0011,51,46,pedestrian,15.924,15.477,8.623,17.05,17.467,17.467,False
0011,51,10,car,68.053,66.114,10.761,43.126,64.625,64.625,False
0011,52,45,pedestrian,14.64,14.159,8.612,15.755,15.314,15.314,False
0011,52,9,car,46.66,44.341,10.47,30.977,48.911,48.911,False
0011,52,0,car,19.517,17.673,0.0,15.56,16.837,16.837,True
0011,52,8,van,13.522,10.606,5.341,10.759,8.703,8.703,False
0011,52,10,car,67.484,65.544,10.731,40.424,67.53,67.53,False
0011,52,46,pedestrian,15.308,14.858,8.549,16.391,17.184,17.184,False
0011,53,9,car,46.17,43.85,10.458,30.252,46.941,46.941,False
0011,53,0,car,19.824,17.979,0.0,15.776,17.03,17.03,True
0011,53,8,van,12.24,9.359,5.325,8.985,16.231,16.231,False
0011,53,45,pedestrian,14.329,13.846,8.743,15.298,14.818,14.818,False
0011,53,10,car,66.914,64.974,10.701,40.429,68.599,68.599,False
0011,53,49,pedestrian,30.089,29.914,18.647,33.597,32.81,32.81,False
0011,53,46,pedestrian,14.701,14.247,8.476,15.446,16.239,16.239,False
0011,54,9,car,45.55,43.23,10.395,31.074,47.953,47.953,False
0011,54,0,car,20.13,18.286,0.0,16.193,17.429,17.429,True
0011,54,8,van,11.005,8.185,5.309,8.019,13.384,13.384,False
0011,54,10,car,66.33,64.389,10.632,43.102,63.793,63.793,False
0011,54,46,pedestrian,14.102,13.646,8.403,15.127,15.741,15.741,False
0011,55,0,car,20.437,18.592,0.0,16.845,17.847,17.847,True
0011,55,9,car,44.929,42.61,10.331,31.88,44.726,44.726,False
0011,55,10,car,65.746,63.805,10.564,44.679,64.715,64.715,False
0011,55,8,van,9.835,7.121,5.293,9.431,14.994,14.994,False
0011,55,46,pedestrian,13.514,13.057,8.331,14.987,14.927,14.927,False
0011,56,0,car,20.732,18.887,0.0,17.332,18.138,18.138,True
0011,56,9,car,44.309,41.99,10.267,31.913,44.325,44.325,False
0011,56,10,car,65.168,63.226,10.538,44.64,60.412,60.412,False
0011,56,8,van,8.695,6.18,5.278,8.439,19.288,19.288,False
0011,57,9,car,43.643,41.323,10.262,31.985,44.369,44.369,False
0011,57,0,car,21.027,19.183,0.0,17.58,18.361,18.361,True
0011,57,10,car,64.589,62.647,10.512,46.439,55.94,55.94,False
0011,58,0,car,21.323,19.478,0.0,17.578,18.514,18.514,True
0011,58,9,car,42.978,40.657,10.256,30.489,42.765,42.765,False
0011,58,10,car,64.069,62.126,10.49,44.72,61.274,61.274,False
0011,59,0,car,21.618,19.773,0.0,17.822,18.826,18.826,True
0011,59,9,car,42.313,39.992,10.251,29.82,41.655,41.655,False
0011,59,10,car,63.548,61.605,10.469,43.305,60.482,60.482,False
0011,59,12,car,64.442,62.619,2.067,51.503,52.555,52.555,False
0011,60,0,car,21.914,20.069,0.0,17.819,18.986,18.986,True
0011,60,9,car,41.649,39.327,10.246,29.847,42.86,42.86,False
0011,60,10,car,63.028,61.084,10.447,43.283,56.623,56.623,False
0011,61,0,car,22.162,20.317,0.0,18.635,19.399,19.399,True
0011,61,9,car,40.986,38.663,10.241,30.499,40.65,40.65,False
0011,61,10,car,62.263,60.315,10.412,43.36,58.181,58.181,False
0011,62,0,car,22.411,20.566,0.0,19.521,19.399,19.399,True
0011,62,9,car,40.285,37.962,10.237,32.088,39.998,39.998,False
0011,62,10,car,61.497,59.546,10.378,46.595,54.601,54.601,False
0011,63,0,car,22.659,20.814,0.0,20.514,19.569,19.569,True
0011,63,9,car,39.585,37.261,10.233,31.413,38.727,38.727,False
0011,63,10,car,60.732,58.778,10.343,50.286,52.721,52.721,False
0011,64,0,car,22.907,21.062,0.0,21.207,20.008,20.008,True
0011,64,9,car,38.885,36.561,10.229,31.413,37.54,37.54,False
0011,64,12,car,60.881,59.055,2.178,72.884,55.857,55.857,False
0011,64,10,car,59.967,58.01,10.309,52.441,56.702,56.702,False
0011,65,0,car,23.155,21.31,0.0,21.596,20.281,20.281,True
0011,65,9,car,38.187,35.863,10.225,31.666,36.145,36.145,False
0011,65,11,car,64.705,62.385,10.267,56.963,53.899,53.899,False
0011,65,10,car,59.203,57.243,10.274,52.537,52.146,52.146,False
0011,66,0,car,23.403,21.558,0.0,21.966,20.656,20.656,True
0011,66,9,car,37.395,35.07,10.206,30.092,35.117,35.117,False
0011,66,11,car,63.904,61.583,10.261,52.142,53.905,53.905,False
0011,67,0,car,23.65,21.806,0.0,22.366,20.849,20.849,True
0011,67,9,car,36.603,34.278,10.187,28.895,34.402,34.402,False
0011,67,11,car,63.102,60.781,10.254,48.27,50.381,50.381,False
0011,67,12,car,58.488,56.66,2.217,72.9,54.514,54.514,False
0011,67,10,car,57.664,55.703,10.209,46.461,55.386,55.386,False
0011,68,0,car,23.898,22.053,0.0,22.791,21.046,21.046,True
0011,68,9,car,35.813,33.487,10.168,28.967,33.742,33.742,False
0011,68,11,car,62.221,59.899,10.255,50.169,51.496,51.496,False
0011,68,12,car,57.658,55.83,2.224,77.497,55.872,55.872,False
0011,68,10,car,56.729,54.77,10.24,50.261,58.304,58.304,False
0011,69,0,car,24.145,22.301,0.0,23.213,21.246,21.246,True
0011,69,10,car,55.795,53.839,10.271,48.493,54.174,54.174,False
0011,69,9,car,34.996,32.67,10.171,28.443,31.766,31.766,False
0011,69,11,car,61.339,59.017,10.255,52.322,52.724,52.724,False
0011,70,0,car,24.393,22.548,0.0,22.79,21.554,21.554,True
0011,70,9,car,34.181,31.855,10.174,27.713,31.84,31.84,False
0011,70,10,car,54.897,52.939,10.246,46.713,54.217,54.217,False
0011,70,12,car,56.003,54.173,2.235,65.156,52.008,52.008,False
0011,70,11,car,60.63,58.307,10.225,50.134,55.309,55.309,False
0011,71,9,car,33.365,31.038,10.168,24.496,33.288,33.288,False
0011,71,0,car,24.632,22.787,0.0,21.218,21.659,21.659,True
0011,71,10,car,54.0,52.04,10.222,39.522,52.991,52.991,False
0011,71,11,car,59.759,57.435,10.205,43.257,52.756,52.756,False
0011,72,9,car,32.55,30.223,10.162,22.439,30.789,30.789,False
0011,72,0,car,24.871,23.027,0.0,20.172,21.871,21.871,True
0011,72,10,car,53.103,51.141,10.197,34.17,53.056,53.056,False
0011,72,11,car,58.889,56.564,10.185,37.991,52.175,52.175,False
0011,73,0,car,25.111,23.266,0.0,20.172,21.871,21.871,True
0011,73,10,car,52.213,50.249,10.188,34.181,53.093,53.093,False
0011,73,9,car,31.745,29.418,10.17,22.332,30.503,30.503,False
0011,73,11,car,58.177,55.851,10.267,36.851,52.814,52.814,False
0011,74,9,car,30.943,28.616,10.174,22.424,30.244,30.244,False
0011,74,0,car,25.352,23.507,0.0,20.856,22.308,22.308,True
0011,74,11,car,57.466,55.138,10.349,37.025,47.384,47.384,False
0011,74,10,car,51.323,49.357,10.179,35.139,51.959,51.959,False
0011,74,12,car,52.502,50.67,2.258,44.116,47.567,47.567,False
0011,75,0,car,25.593,23.748,0.0,22.366,22.648,22.648,True
0011,75,9,car,30.143,27.817,10.178,23.146,29.796,29.796,False
0011,75,10,car,50.437,48.47,10.18,37.182,50.83,50.83,False
0011,75,11,car,56.496,54.168,10.333,40.519,49.406,49.406,False
0011,76,0,car,25.813,23.968,0.0,23.224,22.197,22.197,True
0011,76,10,car,49.553,47.583,10.18,39.635,48.703,48.703,False
0011,76,9,car,29.307,26.981,10.141,23.262,28.728,28.728,False
0011,76,12,car,50.773,48.93,2.271,53.772,46.593,46.593,False
0011,76,11,car,55.528,53.198,10.316,43.283,47.396,47.396,False
0011,77,9,car,28.476,26.149,10.104,23.404,27.844,27.844,False
0011,77,0,car,26.033,24.188,0.0,24.135,22.88,22.88,True
0011,77,10,car,48.769,46.798,10.225,39.729,49.817,49.817,False
0011,77,11,car,54.56,52.229,10.299,43.434,47.439,47.439,False
0011,77,14,car,56.813,54.694,1.647,56.284,48.619,48.619,False
0011,78,9,car,27.637,25.31,10.103,22.04,26.919,26.919,False
0011,78,0,car,26.252,24.407,0.0,23.671,22.764,22.764,True
0011,78,10,car,47.986,46.013,10.27,37.43,47.785,47.785,False
0011,78,12,car,49.006,47.163,2.267,51.508,46.626,46.626,False
0011,78,11,car,53.723,51.39,10.302,40.652,46.026,46.026,False
0011,79,9,car,26.803,24.477,10.103,20.668,27.54,27.54,False
0011,79,0,car,26.471,24.626,0.0,23.225,22.998,22.998,True
0011,79,12,car,48.095,46.262,2.255,45.764,44.761,44.761,False
0011,79,10,car,47.195,45.22,10.28,35.258,45.887,45.887,False
0011,79,11,car,52.887,50.552,10.297,37.091,44.703,44.703,False
0011,80,0,car,26.691,24.845,0.0,22.791,24.117,24.117,True
0011,80,10,car,46.405,44.428,10.29,32.706,44.201,44.201,False
0011,80,12,car,47.184,45.361,2.242,42.617,43.464,43.464,False
0011,80,11,car,51.965,49.629,10.307,36.017,44.743,44.743,False
0011,80,9,car,25.973,23.649,10.102,19.556,26.111,26.111,False
0011,81,9,car,25.171,22.849,10.104,18.923,24.74,24.74,False
0011,81,10,car,45.499,43.52,10.283,32.773,44.264,44.264,False
0011,81,0,car,26.911,25.065,0.0,23.67,24.515,24.515,True
0011,81,12,car,46.266,44.445,2.221,44.133,44.776,44.776,False
0011,81,11,car,51.044,48.706,10.318,37.055,44.777,44.777,False
0011,82,0,car,27.131,25.285,0.0,25.128,24.248,24.248,True
0011,82,10,car,44.593,42.614,10.277,35.597,43.482,43.482,False
0011,82,9,car,24.375,22.056,10.106,19.631,24.121,24.121,False
0011,82,12,car,45.347,43.528,2.2,47.539,43.058,43.058,False
0011,82,11,car,50.17,47.831,10.326,39.409,43.124,43.124,False
0011,83,9,car,23.585,21.27,10.108,19.008,23.117,23.117,False
0011,83,0,car,27.352,25.505,0.0,26.197,23.988,23.988,True
0011,83,12,car,44.429,42.612,2.178,51.526,41.861,41.861,False
0011,83,10,car,43.69,41.708,10.27,36.49,40.49,40.49,False
0011,83,11,car,49.297,46.957,10.334,42.132,43.18,43.18,False
0011,84,9,car,22.775,20.466,10.108,18.509,22.063,22.063,False
0011,84,0,car,27.571,25.725,0.0,26.756,24.249,24.249,True
0011,84,12,car,43.512,41.689,2.216,49.496,40.722,40.722,False
0011,84,10,car,42.778,40.796,10.237,35.713,40.538,40.538,False
0011,84,11,car,48.401,46.06,10.307,40.791,41.634,41.634,False
0011,85,9,car,21.973,19.672,10.107,17.332,21.05,21.05,False
0011,85,0,car,27.791,25.944,0.0,26.756,24.515,24.515,True
0011,85,12,car,42.595,40.766,2.255,47.557,39.997,39.997,False
0011,85,10,car,41.868,39.884,10.205,33.858,38.577,38.577,False
0011,85,11,car,47.506,45.163,10.28,39.499,40.921,40.921,False
0011,86,9,car,21.156,18.862,10.081,16.35,19.726,19.726,False
0011,86,0,car,28.01,26.163,0.0,26.196,24.787,24.787,True
0011,86,12,car,41.678,39.844,2.293,45.802,39.312,39.312,False
0011,86,10,car,40.959,38.974,10.173,32.238,38.617,38.617,False
0011,86,11,car,46.612,44.266,10.252,37.231,40.964,40.964,False
0011,87,9,car,20.348,18.064,10.054,16.761,18.619,18.619,False
0011,87,0,car,28.229,26.383,0.0,26.198,24.515,24.515,True
0011,87,12,car,40.762,38.923,2.331,44.199,38.647,38.647,False
0011,87,10,car,40.115,38.129,10.12,31.962,36.834,36.834,False
0011,87,11,car,45.662,43.316,10.206,36.202,39.232,39.232,False
0011,88,9,car,19.551,17.28,10.027,15.819,18.556,18.556,False
0011,88,0,car,28.448,26.602,0.0,26.766,24.926,24.926,True
0011,88,10,car,39.273,37.286,10.067,32.356,37.185,37.185,False
0011,88,12,car,39.847,38.001,2.37,42.631,38.002,38.002,False
0011,88,11,car,44.713,42.366,10.159,37.311,39.281,39.281,False
0011,89,9,car,18.768,16.511,10.0,15.522,17.408,17.408,False
0011,89,0,car,28.668,26.822,0.0,27.986,25.066,25.066,True
0011,89,10,car,38.431,36.443,10.013,33.196,35.814,35.814,False
0011,89,12,car,38.891,37.043,2.411,44.27,36.771,36.771,False
0011,89,11,car,43.765,41.417,10.113,39.593,38.975,38.975,False
0011,90,9,car,17.999,15.761,9.974,15.106,16.546,16.546,False
0011,90,0,car,28.887,27.041,0.0,27.366,25.642,25.642,True
0011,90,12,car,37.935,36.086,2.452,39.882,35.616,35.616,False
0011,90,10,car,37.591,35.602,9.96,33.011,35.887,35.887,False
0011,90,11,car,42.817,40.469,10.064,39.71,39.028,39.028,False
0011,91,9,car,17.241,15.028,9.962,14.653,15.661,15.661,False
0011,91,0,car,29.026,27.181,0.0,27.362,25.94,25.94,True
0011,91,10,car,36.675,34.686,9.944,31.737,35.161,35.161,False
0011,91,12,car,36.981,35.128,2.493,37.461,34.533,34.533,False
0011,91,11,car,41.871,39.522,10.014,36.386,37.188,37.188,False
0011,92,0,car,29.165,27.32,0.0,26.767,25.79,25.79,True
0011,92,9,car,16.504,14.32,9.95,16.026,18.279,18.279,False
0011,92,13,car,39.397,37.315,2.628,35.335,34.02,34.02,False
0011,92,10,car,35.762,33.772,9.927,30.194,35.025,35.025,False
0011,92,11,car,40.926,38.576,9.963,34.452,35.242,35.242,False
0011,93,0,car,29.304,27.46,0.0,26.762,25.94,25.94,True
0011,93,10,car,34.851,32.86,9.91,29.121,33.557,33.557,False
0011,93,13,car,38.416,36.332,2.674,34.349,32.556,32.556,False
0011,93,9,car,15.789,13.643,9.938,15.073,18.62,18.62,False
0011,93,11,car,39.982,37.631,9.912,34.452,35.034,35.034,False
0011,94,0,car,29.443,27.599,0.0,27.362,26.558,26.558,True
0011,94,10,car,33.942,31.951,9.894,29.172,32.718,32.718,False
0011,94,13,car,37.437,35.35,2.721,35.458,32.111,32.111,False
0011,94,11,car,39.039,36.687,9.861,33.657,34.05,34.05,False
0011,94,9,car,15.101,13.0,9.926,14.601,22.519,22.519,False
0011,95,0,car,29.583,27.739,0.0,27.986,26.878,26.878,True
0011,95,12,car,33.113,31.25,2.618,33.444,30.812,30.812,False
0011,95,10,car,33.035,31.044,9.877,28.967,32.319,32.319,False
0011,95,11,car,38.097,35.745,9.811,33.692,33.616,33.616,False
0011,96,10,car,32.085,30.094,9.874,26.807,30.006,30.006,False
0011,96,0,car,29.705,27.862,0.0,27.357,26.717,26.717,True
0011,96,13,car,35.518,33.433,2.761,32.567,30.003,30.003,False
0011,96,11,car,37.199,34.845,9.807,32.036,32.727,32.727,False
0011,97,0,car,29.827,27.984,0.0,26.76,26.245,26.245,True
0011,97,10,car,31.138,29.147,9.871,26.042,29.38,29.38,False
0011,97,12,car,31.155,29.287,2.661,31.007,29.643,29.643,False
0011,97,11,car,36.303,33.948,9.802,30.628,31.467,31.467,False
0011,98,10,car,30.194,28.204,9.867,24.726,28.45,28.45,False
0011,98,0,car,29.845,28.002,0.0,26.191,25.642,25.642,True
0011,98,12,car,30.154,28.283,2.684,28.195,28.177,28.177,False
0011,98,11,car,35.409,33.052,9.798,27.977,30.914,30.914,False
0011,98,15,car,40.328,38.272,1.987,35.295,36.113,36.113,False
0011,99,10,car,29.255,27.264,9.864,22.571,27.275,27.275,False
0011,99,0,car,29.863,28.02,0.0,24.618,25.94,25.94,True
0011,99,13,car,32.701,30.628,2.742,26.471,27.012,27.012,False
0011,99,11,car,34.35,31.992,9.776,26.309,30.003,30.003,False
0011,100,0,car,29.934,28.091,0.0,24.613,26.245,26.245,True
0011,100,10,car,28.319,26.328,9.861,21.796,26.806,26.806,False
0011,100,13,car,31.763,29.693,2.737,24.832,26.242,26.242,False
0011,100,11,car,33.294,30.934,9.753,24.904,28.279,28.279,False
0011,101,10,car,27.36,25.37,9.849,21.695,25.668,25.668,False
0011,101,0,car,30.005,28.162,0.0,25.117,26.245,26.245,True
0011,101,13,car,30.694,28.626,2.791,24.94,25.101,25.101,False
0011,101,11,car,32.379,30.017,9.761,24.964,28.379,28.379,False
0011,101,15,car,37.192,35.133,2.084,34.377,36.712,36.712,False
0011,102,10,car,26.407,24.419,9.837,21.227,24.812,24.812,False
0011,102,13,car,29.627,27.56,2.846,24.323,23.806,23.806,False
0011,102,0,car,30.076,28.233,0.0,25.645,25.642,25.642,True
0011,102,11,car,31.466,29.104,9.768,25.051,27.482,27.482,False
0011,103,10,car,25.46,23.475,9.824,20.561,24.025,24.025,False
0011,103,13,car,28.569,26.499,2.847,24.026,23.346,23.346,False
0011,103,0,car,30.147,28.304,0.0,26.194,26.246,26.246,True
0011,103,11,car,30.501,28.138,9.757,24.229,26.379,26.379,False
0011,103,15,car,35.134,33.074,2.099,30.929,31.112,31.112,False
0011,104,10,car,24.521,22.54,9.812,19.77,23.215,23.215,False
0011,104,12,car,24.169,22.28,2.791,22.744,22.146,22.146,False
0011,104,0,car,30.218,28.375,0.0,26.194,25.94,25.94,True
0011,104,11,car,29.54,27.176,9.746,23.448,25.634,25.634,False
0011,105,10,car,23.59,21.615,9.8,19.433,22.096,22.096,False
0011,105,12,car,23.178,21.284,2.806,22.005,21.057,21.057,False
0011,105,0,car,30.289,28.445,0.0,26.756,26.401,26.401,True
0011,105,11,car,28.583,26.219,9.735,22.775,24.331,24.331,False
0011,106,12,car,22.108,20.211,2.795,20.94,19.917,19.917,False
0011,106,10,car,22.645,20.676,9.803,18.119,20.701,20.701,False
0011,106,0,car,30.297,28.454,0.0,26.756,26.878,26.878,True
0011,106,11,car,27.597,25.234,9.726,22.075,22.958,22.958,False
0011,106,15,car,32.087,30.025,2.143,30.148,28.773,28.773,False
0011,107,12,car,21.041,19.139,2.784,19.991,19.058,19.058,False
0011,107,10,car,21.712,19.749,9.806,17.977,19.844,19.844,False
0011,107,0,car,30.306,28.462,0.0,26.76,26.878,26.878,True
0011,107,11,car,26.617,24.255,9.718,21.196,22.47,22.47,False
0011,108,12,car,19.977,18.069,2.773,18.91,18.199,18.199,False
0011,108,10,car,20.791,18.837,9.809,16.691,19.044,19.044,False
0011,108,0,car,30.315,28.47,0.0,26.767,26.558,26.558,True
0011,108,11,car,25.643,23.283,9.709,20.694,21.268,21.268,False
0011,109,10,car,19.885,17.942,9.812,16.07,17.952,17.952,False
0011,109,12,car,18.915,17.003,2.762,18.122,17.165,17.165,False
0011,109,0,car,30.323,28.479,0.0,26.756,26.246,26.246,True
0011,109,11,car,24.676,22.319,9.701,19.671,20.39,20.39,False
0011,109,31,car,81.736,79.393,9.796,56.652,69.249,69.249,False
0011,109,17,car,36.213,34.206,2.307,28.744,27.403,27.403,False
0011,110,21,car,79.334,77.455,5.764,59.019,82.903,82.903,False
0011,110,12,car,17.857,15.94,2.752,17.274,16.143,16.143,False
0011,110,10,car,18.992,17.063,9.811,15.416,17.286,17.286,False
0011,110,0,car,30.332,28.487,0.0,26.756,25.94,25.94,True
0011,110,11,car,23.718,21.364,9.692,19.246,19.625,19.625,False
0011,110,31,car,80.659,78.314,9.797,59.418,70.344,70.344,False
0011,110,17,car,35.123,33.116,2.308,26.88,24.722,24.722,False
0011,111,21,car,76.975,75.096,5.749,59.042,79.96,79.96,False
0011,111,10,car,18.097,16.187,9.803,14.442,15.998,15.998,False
0011,111,12,car,16.791,14.869,2.756,16.389,15.059,15.059,False
0011,111,0,car,30.273,28.428,0.0,26.756,26.246,26.246,True
0011,111,11,car,22.756,20.409,9.7,18.321,18.545,18.545,False
0011,111,31,car,79.582,77.236,9.808,59.369,68.224,68.224,False
0011,111,17,car,34.027,32.02,2.314,26.902,25.127,25.127,False
0011,112,10,car,17.221,15.335,9.791,13.769,14.788,14.788,False
0011,112,12,car,15.731,13.804,2.76,15.315,14.135,14.135,False
0011,112,11,car,21.806,19.467,9.707,17.767,17.629,17.629,False
0011,112,0,car,30.215,28.37,0.0,26.769,26.246,26.246,True
0011,112,31,car,78.504,76.157,9.814,56.663,70.389,70.389,False
0011,112,21,car,74.617,72.736,5.733,56.406,79.979,79.979,False
0011,112,16,car,29.375,27.229,2.438,24.271,23.593,23.593,False
0011,112,14,car,22.381,20.176,2.224,18.98,17.831,17.831,False
0011,113,11,car,20.869,18.54,9.715,16.353,16.652,16.652,False
0011,113,12,car,14.677,12.746,2.764,14.54,13.194,13.194,False
0011,113,0,car,30.156,28.311,0.0,26.189,26.092,26.092,True
0011,113,31,car,77.427,75.08,9.817,56.694,66.26,66.26,False
0011,113,10,car,16.371,14.515,9.779,14.789,16.409,16.409,False
0011,113,21,car,72.26,70.377,5.717,53.935,86.151,86.151,False
0011,114,11,car,19.946,17.631,9.72,15.794,16.05,16.05,False
0011,114,21,car,69.903,68.019,5.702,56.414,74.687,74.687,False
0011,114,12,car,13.632,11.697,2.767,13.587,11.96,11.96,False
0011,114,0,car,30.098,28.253,0.0,27.989,26.878,26.878,True
0011,114,31,car,76.351,74.002,9.821,59.374,64.384,64.384,False
0011,114,10,car,15.551,13.732,9.767,13.767,16.455,16.455,False
0011,114,15,car,23.534,21.435,2.162,22.947,20.164,20.164,False
0011,115,11,car,19.039,16.743,9.72,15.552,15.293,15.293,False
0011,115,12,car,12.597,10.66,2.771,12.518,10.983,10.983,False
0011,115,21,car,67.546,65.661,5.686,56.399,68.96,68.96,False
0011,115,31,car,75.275,72.925,9.824,59.486,64.41,64.41,False
0011,115,0,car,30.04,28.194,0.0,27.988,27.542,27.542,True
0011,115,15,car,22.464,20.361,2.165,22.135,19.49,19.49,False
0011,116,21,car,65.19,63.304,5.671,53.928,67.937,67.937,False
0011,116,11,car,18.153,15.878,9.722,14.395,14.337,14.337,False
0011,116,31,car,74.182,71.831,9.842,59.434,64.416,64.416,False
0011,116,12,car,11.576,9.639,2.767,11.295,9.912,9.912,False
0011,116,0,car,29.981,28.136,0.0,27.357,26.878,26.878,True
0011,116,15,car,21.397,19.289,2.169,21.03,18.415,18.415,False
0011,116,13,car,15.001,12.863,2.86,15.084,13.935,13.935,False
0011,117,11,car,17.289,15.04,9.723,13.866,13.569,13.569,False
0011,117,12,car,10.571,8.637,2.763,10.262,8.739,8.739,False
0011,117,0,car,29.923,28.077,0.0,27.989,26.878,26.878,True
0011,117,31,car,73.09,70.738,9.86,59.463,58.577,58.577,False
0011,117,21,car,62.835,60.947,5.655,53.957,60.617,60.617,False
0011,117,15,car,20.331,18.219,2.173,20.344,17.869,17.869,False
0011,117,13,car,13.974,11.83,2.862,13.99,12.919,12.919,False
0011,117,14,car,17.133,14.9,2.269,17.134,16.792,16.792,False
0011,118,0,car,29.864,28.019,0.0,27.977,27.206,27.206,True
0011,118,11,car,16.449,14.234,9.72,14.46,14.12,14.12,False
0011,118,12,car,9.588,7.663,2.758,9.287,7.944,7.944,False
0011,118,21,car,60.481,58.591,5.639,51.762,61.473,61.473,False
0011,118,31,car,71.998,69.645,9.877,59.571,58.594,58.594,False
0011,118,15,car,19.268,17.151,2.177,19.114,16.537,16.537,False
0011,118,14,car,16.074,13.839,2.294,16.086,15.259,15.259,False
0011,118,13,car,12.958,10.808,2.864,12.789,11.816,11.816,False
0011,119,31,car,70.906,68.553,9.895,59.54,57.872,57.872,False
0011,119,0,car,29.806,27.96,0.0,27.981,27.041,27.041,True
0011,119,12,car,8.634,6.729,2.754,8.275,7.042,7.042,False
0011,119,21,car,58.128,56.235,5.624,49.734,57.558,57.558,False
0011,119,11,car,15.639,13.465,9.717,14.097,14.1,14.1,False
0011,119,15,car,18.207,16.086,2.18,18.305,15.774,15.774,False
0011,119,14,car,15.022,12.784,2.319,15.172,14.423,14.423,False
0011,120,0,car,29.748,27.902,0.0,27.977,26.878,26.878,True
0011,120,12,car,7.719,5.852,2.75,8.293,6.72,6.72,False
0011,120,21,car,55.841,53.947,5.637,47.73,56.149,56.149,False
0011,120,55,car,78.099,76.534,14.08,66.261,78.329,78.329,False
0011,120,15,car,17.15,15.024,2.184,17.097,14.806,14.806,False
0011,120,11,car,14.863,12.742,9.714,13.376,13.975,13.975,False
0011,120,14,car,13.978,11.738,2.344,13.898,13.191,13.191,False
0011,120,19,car,31.353,29.302,2.73,25.882,22.358,22.358,False
0011,120,23,car,48.75,46.683,2.262,44.201,40.362,40.362,False
0011,120,31,car,69.815,67.461,9.913,59.577,86.911,86.911,False
0011,120,13,car,10.97,8.814,2.868,10.69,10.166,10.166,False
0011,121,12,car,6.872,5.077,2.75,7.725,6.785,6.785,False
0011,121,0,car,29.668,27.822,0.0,27.991,26.558,26.558,True
0011,121,55,car,77.082,75.516,14.134,66.337,73.317,73.317,False
0011,121,21,car,53.555,51.661,5.651,46.001,54.819,54.819,False
0011,121,13,car,10.005,7.853,2.857,9.443,8.134,8.134,False
0011,121,15,car,16.091,13.963,2.187,15.815,13.745,13.745,False
0011,121,14,car,12.923,10.679,2.334,12.655,12.27,12.27,False
0011,121,31,car,68.725,66.369,9.934,56.957,68.501,68.501,False
0011,121,17,car,23.146,21.125,2.354,20.739,17.603,17.603,False
0011,122,0,car,29.588,27.742,0.0,27.368,26.246,26.246,True
0011,122,13,car,9.067,6.927,2.846,8.356,7.141,7.141,False
0011,122,55,car,76.066,74.499,14.188,59.953,68.913,68.913,False
0011,122,21,car,51.271,49.375,5.665,42.84,51.119,51.119,False
0011,122,15,car,15.037,12.907,2.189,14.904,12.996,12.996,False
0011,122,14,car,11.879,9.633,2.325,11.693,11.382,11.382,False
0011,122,12,car,6.101,4.325,2.75,7.903,9.655,9.655,False
0011,123,13,car,8.166,6.055,2.835,8.051,6.738,6.738,False
0011,123,0,car,29.509,27.662,0.0,27.991,26.246,26.246,True
0011,123,55,car,75.051,73.483,14.241,63.078,71.131,71.131,False
0011,123,31,car,66.546,64.188,9.977,59.728,61.132,61.132,False
0011,123,21,car,48.892,46.995,5.651,42.862,48.935,48.935,False
0011,123,14,car,10.849,8.603,2.315,10.444,9.658,9.658,False
0011,123,15,car,13.989,11.857,2.191,13.634,12.021,12.021,False
0011,123,22,car,38.793,36.773,2.622,38.782,34.508,34.508,False
0011,123,17,car,20.988,18.959,2.362,21.46,18.151,18.151,False
0011,124,13,car,7.306,5.277,2.811,7.391,6.792,6.792,False
0011,124,0,car,29.429,27.583,0.0,27.984,26.246,26.246,True
0011,124,21,car,46.511,44.611,5.67,40.108,47.939,47.939,False
0011,124,55,car,74.037,72.468,14.295,62.996,73.474,73.474,False
0011,124,14,car,9.837,7.596,2.305,9.337,8.528,8.528,False
0011,124,15,car,12.949,10.815,2.194,12.729,10.907,10.907,False
0011,124,17,car,19.941,17.898,2.357,20.052,17.349,17.349,False
0011,124,23,car,44.406,42.333,2.217,38.746,35.313,35.313,False
0011,125,21,car,44.131,42.23,5.689,37.859,44.665,44.665,False
0011,125,0,car,29.35,27.503,0.0,27.98,25.643,25.643,True
0011,125,55,car,73.024,71.453,14.348,63.215,75.995,75.995,False
0011,125,14,car,8.848,6.623,2.295,8.336,7.436,7.436,False
0011,125,20,car,78.048,76.023,6.237,69.046,70.002,70.002,False
0011,125,13,car,6.509,4.509,2.79,7.635,7.915,7.915,False
0011,125,15,car,11.92,9.784,2.196,11.634,10.196,10.196,False
0011,125,17,car,18.896,16.841,2.352,18.881,15.824,15.824,False
0011,125,23,car,43.319,41.244,2.211,38.672,34.257,34.257,False
0011,125,31,car,64.37,62.009,10.021,57.083,61.203,61.203,False
0011,126,21,car,41.864,39.958,5.697,36.786,43.017,43.017,False
0011,126,14,car,7.937,5.746,2.279,7.792,6.766,6.766,False
0011,126,0,car,29.27,27.423,0.0,28.633,25.941,25.941,True
0011,126,20,car,75.641,73.615,6.296,69.069,72.292,72.292,False
0011,126,18,car,21.533,19.702,2.816,17.829,15.033,15.033,False
0011,126,15,car,10.921,8.786,2.199,10.809,9.088,9.088,False
0011,126,23,car,42.232,40.155,2.204,37.521,33.012,33.012,False
0011,126,31,car,63.331,60.969,10.051,57.055,73.134,73.134,False
0011,126,55,car,72.009,70.437,14.383,57.383,81.512,81.512,False
0011,127,14,car,7.066,4.938,2.263,6.956,7.02,7.02,False
0011,127,21,car,39.599,37.689,5.705,34.838,41.127,41.127,False
0011,127,55,car,70.994,69.421,14.418,63.189,65.228,65.228,False
0011,127,20,car,73.236,71.209,6.354,69.006,74.716,74.716,False
0011,127,0,car,29.19,27.343,0.0,28.634,25.351,25.351,True
0011,127,15,car,9.937,7.809,2.203,9.696,8.012,8.012,False
0011,127,31,car,62.292,59.929,10.081,59.976,58.142,58.142,False
0011,127,18,car,20.49,18.655,2.816,17.131,14.115,14.115,False
0011,127,22,car,34.503,32.47,2.597,36.564,32.081,32.081,False
0011,128,21,car,37.338,35.422,5.712,32.848,38.408,38.408,False
0011,128,15,car,8.974,6.861,2.206,8.234,6.827,6.827,False
0011,128,14,car,6.249,4.159,2.247,7.585,7.396,7.396,False
0011,128,0,car,29.11,27.263,0.0,28.629,25.351,25.351,True
0011,128,17,car,15.782,13.69,2.339,16.039,13.247,13.247,False
0011,128,23,car,40.055,37.975,2.19,35.472,31.639,31.639,False
0011,128,20,car,70.823,68.79,6.396,65.457,83.103,83.103,False
0011,129,15,car,8.007,5.92,2.17,7.59,6.105,6.105,False
0011,129,0,car,29.03,27.183,0.0,27.364,24.515,24.515,True
0011,129,21,car,35.081,33.16,5.719,30.586,31.541,31.541,False
0011,129,55,car,68.959,67.384,14.458,57.587,63.538,63.538,False
0011,129,20,car,68.411,66.372,6.417,62.188,64.108,64.108,False
0011,129,17,car,14.753,12.649,2.335,14.591,12.433,12.433,False
0011,129,22,car,32.406,30.367,2.543,33.476,30.368,30.368,False
0011,130,15,car,7.075,5.038,2.134,6.667,6.327,6.327,False
0011,130,21,car,32.83,30.904,5.726,28.06,33.487,33.487,False
0011,130,0,car,28.95,27.103,0.0,27.365,24.515,24.515,True
0011,130,20,car,66.001,63.955,6.437,56.429,62.355,62.355,False
0011,130,31,car,59.181,56.813,10.172,56.976,56.75,56.75,False
0011,130,55,car,67.943,66.367,14.478,60.483,67.354,67.354,False
0011,130,17,car,13.731,11.616,2.331,13.536,11.75,11.75,False
0011,130,22,car,31.358,29.316,2.516,32.596,29.392,29.392,False
0011,131,21,car,30.598,28.668,5.726,25.872,30.659,30.659,False
0011,131,15,car,6.242,4.265,2.119,6.992,6.693,6.693,False
0011,131,31,car,58.175,55.806,10.207,50.111,50.485,50.485,False
0011,131,0,car,28.838,26.991,0.0,27.367,24.515,24.515,True
0011,131,20,car,63.574,61.526,6.446,56.507,59.109,59.109,False
0011,131,17,car,12.728,10.606,2.336,12.518,10.596,10.596,False
0011,131,22,car,30.311,28.265,2.489,30.952,28.303,28.303,False
0011,131,16,car,9.538,7.337,2.243,9.164,9.04,9.04,False
0011,131,55,car,66.933,65.355,14.518,79.701,95.504,95.504,False
0011,132,21,car,28.374,26.439,5.727,24.047,26.98,26.98,False
0011,132,15,car,5.481,3.494,2.105,7.778,6.67,6.67,False
0011,132,0,car,28.727,26.88,0.0,27.366,24.651,24.651,True
0011,132,16,car,8.606,6.421,2.23,7.912,7.192,7.192,False
0011,132,20,car,61.149,59.098,6.456,54.03,59.146,59.146,False
0011,132,31,car,57.17,54.8,10.242,52.4,48.373,48.373,False
0011,132,17,car,11.736,9.608,2.341,11.459,9.86,9.86,False
0011,132,22,car,29.264,27.214,2.461,30.371,27.798,27.798,False
0011,132,19,car,18.799,16.68,2.555,18.932,17.416,17.416,False
0011,133,21,car,26.16,24.219,5.727,22.485,25.047,25.047,False
0011,133,16,car,7.705,5.552,2.217,7.754,6.916,6.916,False
0011,133,31,car,56.167,53.795,10.277,50.299,47.415,47.415,False
0011,133,0,car,28.616,26.768,0.0,27.986,24.787,24.787,True
0011,133,20,car,58.725,56.672,6.465,54.073,57.644,57.644,False
0011,133,17,car,10.758,8.624,2.346,10.455,8.892,8.892,False
0011,133,22,car,28.218,26.164,2.434,28.971,25.902,25.902,False
0011,133,19,car,17.771,15.644,2.545,18.16,16.657,16.657,False
0011,134,21,car,23.993,22.047,5.72,20.024,22.963,22.963,False
0011,134,16,car,6.847,4.759,2.204,6.871,7.172,7.172,False
0011,134,0,car,28.504,26.657,0.0,26.756,24.787,24.787,True
0011,134,31,car,55.164,52.791,10.312,46.726,44.703,44.703,False
0011,134,20,car,56.285,54.227,6.496,47.933,55.58,55.58,False
0011,134,17,car,9.798,7.66,2.352,9.547,7.831,7.831,False
0011,134,22,car,27.173,25.115,2.407,27.665,25.066,25.066,False
0011,134,19,car,16.747,14.612,2.536,16.971,15.868,15.868,False
0011,135,21,car,21.842,19.891,5.712,18.187,20.891,20.891,False
0011,135,31,car,54.163,51.789,10.347,43.709,46.566,46.566,False
0011,135,0,car,28.393,26.546,0.0,26.196,25.066,25.066,True
0011,135,55,car,62.903,61.32,14.679,53.128,63.932,63.932,False
0011,135,17,car,8.862,6.726,2.357,7.96,6.684,6.684,False
0011,135,20,car,53.846,51.785,6.527,44.517,57.029,57.029,False
0011,135,16,car,6.05,4.018,2.191,7.6,7.657,7.657,False
0011,135,22,car,26.128,24.066,2.38,25.462,24.152,24.152,False
0011,135,19,car,15.728,13.583,2.526,15.388,14.627,14.627,False
0011,136,21,car,19.759,17.806,5.747,16.608,18.638,18.638,False
0011,136,17,car,7.996,5.873,2.348,7.587,6.172,6.172,False
0011,136,31,car,53.245,50.869,10.376,45.118,43.084,43.084,False
0011,136,20,car,51.435,49.371,6.528,44.607,54.993,54.993,False
0011,136,0,car,28.282,26.434,0.0,26.195,24.515,24.515,True
0011,136,22,car,25.146,23.075,2.389,24.819,23.312,23.312,False
0011,136,55,car,61.897,60.314,14.71,58.183,65.855,65.855,False
0011,136,19,car,14.761,12.605,2.548,14.361,13.559,13.559,False
0011,137,17,car,7.166,5.08,2.34,6.814,6.056,6.056,False
0011,137,21,car,17.703,15.748,5.725,14.958,15.93,15.93,False
0011,137,20,car,49.026,46.958,6.529,46.253,52.488,52.488,False
0011,137,31,car,52.327,49.951,10.405,47.065,42.331,42.331,False
0011,137,22,car,24.165,22.086,2.398,24.823,22.212,22.212,False
0011,137,55,car,60.894,59.309,14.741,61.067,64.991,64.991,False
0011,137,0,car,28.17,26.323,0.0,27.359,24.248,24.248,True
0011,137,19,car,13.802,11.635,2.569,13.926,13.048,13.048,False
0011,137,18,car,10.458,8.597,2.816,10.465,10.223,10.223,False
0011,138,21,car,15.653,13.697,5.692,13.375,14.08,14.08,False
0011,138,17,car,6.388,4.375,2.331,7.5,6.482,6.482,False
0011,138,31,car,51.411,49.033,10.434,46.957,43.17,43.17,False
0011,138,22,car,23.185,21.098,2.407,24.364,21.422,21.422,False
0011,138,55,car,59.891,58.305,14.772,60.952,67.938,67.938,False
0011,138,0,car,28.059,26.212,0.0,27.984,24.248,24.248,True
0011,138,20,car,46.664,44.593,6.528,44.783,45.201,45.201,False
0011,138,18,car,9.558,7.709,2.816,9.799,8.579,8.579,False
0011,138,19,car,12.853,10.675,2.59,13.003,12.118,12.118,False
0011,138,39,car,80.19,77.763,9.962,78.095,77.587,77.587,False
0011,139,22,car,22.199,20.104,2.411,23.264,20.329,20.329,False
0011,139,21,car,13.654,11.706,5.658,11.825,12.289,12.289,False
0011,139,20,car,44.305,42.23,6.528,41.7,44.802,44.802,False
0011,139,31,car,50.376,47.997,10.404,45.093,39.484,39.484,False
0011,139,18,car,8.684,6.856,2.815,8.241,7.404,7.404,False
0011,139,0,car,27.948,26.101,0.0,27.984,24.248,24.248,True
0011,139,55,car,58.873,57.286,14.741,53.379,54.424,54.424,False
0011,139,17,car,5.682,3.7,2.323,7.84,7.744,7.744,False
0011,139,39,car,79.198,76.77,9.956,73.398,71.461,71.461,False
0011,139,19,car,11.915,9.728,2.612,12.118,11.378,11.378,False
0011,140,31,car,49.341,46.961,10.374,42.479,40.571,40.571,False
0011,140,18,car,7.842,6.054,2.815,8.008,6.925,6.925,False
0011,140,21,car,11.732,9.808,5.624,9.41,10.371,10.371,False
0011,140,22,car,21.216,19.111,2.415,21.56,19.25,19.25,False
0011,140,0,car,27.837,25.99,0.0,26.756,23.988,23.988,True
0011,140,20,car,41.95,39.871,6.527,38.067,40.136,40.136,False
0011,140,55,car,57.855,56.267,14.709,53.243,62.59,62.59,False
0011,140,39,car,78.206,75.778,9.95,73.373,73.817,73.817,False
0011,140,19,car,10.972,8.778,2.594,11.366,9.917,9.917,False
0011,141,18,car,7.039,5.312,2.8,7.61,7.105,7.105,False
0011,141,22,car,20.254,18.142,2.425,20.665,18.745,18.745,False
0011,141,0,car,27.652,25.805,0.0,26.193,23.988,23.988,True
0011,141,31,car,48.308,45.927,10.345,40.997,40.99,40.99,False
0011,141,39,car,77.231,74.802,9.884,65.653,72.673,72.673,False
0011,141,21,car,10.037,8.172,5.594,8.719,9.33,9.33,False
0011,141,19,car,10.096,7.899,2.601,9.794,8.632,8.632,False
0011,141,20,car,39.645,37.564,6.466,34.035,41.316,41.316,False
0011,141,55,car,56.841,55.252,14.683,51.331,57.998,57.998,False
0011,142,0,car,27.467,25.619,0.0,26.192,24.248,24.248,True
0011,142,22,car,19.294,17.175,2.434,19.425,17.709,17.709,False
0011,142,39,car,76.256,73.827,9.818,65.726,68.289,68.289,False
0011,142,31,car,47.275,44.893,10.315,39.716,41.793,41.793,False
0011,142,19,car,9.228,7.034,2.598,8.882,7.815,7.815,False
0011,142,18,car,6.296,4.617,2.785,7.773,7.922,7.922,False
0011,142,20,car,37.351,35.268,6.44,31.315,37.954,37.954,False
0011,142,55,car,55.828,54.238,14.657,49.47,56.654,56.654,False
0011,142,23,car,25.747,23.638,2.04,26.898,23.673,23.673,False
0011,143,0,car,27.281,25.434,0.0,25.647,23.733,23.733,True
0011,143,19,car,8.387,6.208,2.595,7.997,6.869,6.869,False
0011,143,22,car,18.338,16.211,2.444,17.861,16.789,16.789,False
0011,143,20,car,35.062,32.976,6.408,28.79,34.843,34.843,False
0011,143,26,van,39.264,36.866,1.956,39.868,62.11,62.11,False
0011,143,39,car,75.281,72.851,9.751,62.353,66.285,66.285,False
0011,143,31,car,46.244,43.86,10.285,38.778,40.434,40.434,False
0011,143,55,car,54.817,53.225,14.631,49.381,56.063,56.063,False
0011,144,19,car,7.582,5.436,2.592,7.67,6.796,6.796,False
0011,144,20,car,32.779,30.69,6.363,27.032,32.701,32.701,False
0011,144,22,car,17.384,15.25,2.453,16.927,15.811,15.811,False
0011,144,0,car,27.096,25.249,0.0,25.122,22.764,22.764,True
0011,144,39,car,74.266,71.836,9.671,62.387,66.298,66.298,False
0011,144,31,car,45.343,42.959,10.261,37.607,37.176,37.176,False
0011,144,26,van,38.3,35.898,1.976,39.884,28.734,28.734,False
0011,144,55,car,53.806,52.214,14.605,47.869,58.246,58.246,False
0011,144,23,car,23.765,21.651,2.05,24.287,21.981,21.981,False
0011,145,20,car,30.502,28.409,6.318,25.547,30.417,30.417,False
0011,145,22,car,16.435,14.292,2.463,16.38,14.864,14.864,False
0011,145,19,car,6.826,4.745,2.589,7.2,7.096,7.096,False
0011,145,0,car,26.911,25.064,0.0,25.647,22.999,22.999,True
0011,145,39,car,73.252,70.821,9.59,65.732,70.455,70.455,False
0011,145,31,car,44.444,42.058,10.236,37.76,37.823,37.823,False
0011,145,26,van,37.336,34.931,1.996,38.634,56.965,56.965,False
0011,145,55,car,52.797,51.203,14.578,49.682,55.56,55.56,False
0011,145,23,car,22.776,20.659,2.055,22.962,21.286,21.286,False
0011,146,20,car,28.228,26.13,6.258,24.227,27.798,27.798,False
0011,146,22,car,15.491,13.339,2.472,15.691,13.961,13.961,False
0011,146,39,car,72.48,70.048,9.646,69.4,68.34,68.34,False
0011,146,0,car,26.694,24.847,0.0,26.199,22.534,22.534,True
0011,146,26,van,36.372,33.964,2.017,38.636,55.319,55.319,False
0011,146,19,car,6.139,4.092,2.58,7.73,10.519,10.519,False
0011,146,55,car,51.883,50.288,14.55,49.598,54.346,54.346,False
0011,146,25,car,29.603,27.641,2.829,22.544,20.175,20.175,False
0011,146,31,car,43.545,41.159,10.211,64.488,54.951,54.951,False
0011,147,20,car,25.964,23.861,6.199,22.696,25.643,25.643,False
0011,147,22,car,14.553,12.392,2.482,14.729,13.027,13.027,False
0011,147,0,car,26.476,24.629,0.0,26.185,22.764,22.764,True
0011,147,26,van,35.41,32.998,2.037,38.63,55.351,55.351,False
0011,147,39,car,71.708,69.276,9.703,69.361,66.343,66.343,False
0011,147,24,car,24.66,22.628,2.538,21.787,19.851,19.851,False
0011,147,55,car,50.971,49.374,14.522,51.943,50.894,50.894,False
0011,147,31,car,42.648,40.26,10.186,55.191,48.078,48.078,False
0011,148,20,car,23.761,21.652,6.15,20.417,23.034,23.034,False
0011,148,22,car,13.621,11.451,2.491,13.625,12.113,12.113,False
0011,148,26,van,34.447,32.032,2.057,38.667,53.536,53.536,False
0011,148,0,car,26.259,24.412,0.0,26.193,22.764,22.764,True
0011,148,39,car,70.668,68.235,9.625,73.624,66.367,66.367,False
0011,148,24,car,23.716,21.681,2.549,21.426,19.061,19.061,False
0011,148,31,car,41.751,39.363,10.162,42.417,41.311,41.311,False
0011,148,33,car,47.829,45.594,10.084,42.397,38.067,38.067,False
0011,149,20,car,21.576,19.46,6.101,18.182,20.531,20.531,False
0011,149,22,car,12.698,10.519,2.5,12.841,11.275,11.275,False
0011,149,0,car,26.041,24.194,0.0,26.2,22.764,22.764,True
0011,149,32,van,73.763,70.174,5.32,83.004,71.321,71.321,False
0011,149,31,car,40.756,38.366,10.128,37.455,35.35,35.35,False
0011,149,26,van,33.485,31.066,2.077,37.488,52.073,52.073,False
0011,149,24,car,22.774,20.736,2.561,20.072,17.76,17.76,False
0011,149,39,car,69.627,67.194,9.547,69.616,64.449,64.449,False
0011,149,33,car,46.842,44.606,10.041,43.729,42.821,42.821,False
0012,0,3,car,48.704,46.391,2.885,36.341,42.251,42.251,False
0012,0,1,car,31.175,30.016,1.94,28.771,32.612,32.612,False
0012,0,0,cyclist,12.341,11.966,0.0,12.302,12.209,12.209,True
0012,1,1,car,31.166,30.137,1.402,28.721,32.545,32.545,False
0012,1,3,car,48.704,46.39,2.885,36.345,42.256,42.256,False
0012,1,0,cyclist,12.403,12.005,0.0,12.414,11.944,11.944,True
0012,2,3,car,48.704,46.39,2.885,37.548,43.481,43.481,False
0012,2,1,car,31.166,30.249,0.826,28.883,32.96,32.96,True
0012,2,0,cyclist,12.473,12.053,0.0,12.538,11.868,11.868,True
0012,3,1,car,31.211,30.302,0.317,29.403,33.405,33.405,True
0012,3,3,car,48.703,46.39,2.885,44.194,54.614,54.614,False
0012,3,0,cyclist,12.55,12.108,0.0,12.678,12.617,12.617,True
0012,4,1,car,31.264,30.268,0.0,29.327,33.366,33.366,True
0012,4,0,cyclist,12.641,12.196,0.261,12.686,11.74,11.74,True
0012,5,1,car,31.324,30.21,0.0,29.314,34.095,34.095,True
0012,5,3,car,48.703,46.39,2.885,41.245,49.737,49.737,False
0012,5,0,cyclist,12.74,12.291,0.594,12.84,12.03,12.03,True
0012,6,3,car,48.703,46.389,2.885,36.343,42.241,42.241,False
0012,6,1,car,31.489,30.252,0.0,29.366,33.817,33.817,True
0012,6,0,cyclist,12.834,12.364,0.912,12.873,12.157,12.157,True
0012,7,3,car,48.702,46.389,2.885,36.339,43.056,43.056,False
0012,7,1,car,31.661,30.307,0.0,29.342,33.55,33.55,True
0012,7,0,cyclist,12.935,12.445,1.23,13.204,12.34,12.34,False
0012,8,3,car,48.702,46.389,2.885,36.336,42.256,42.256,False
0012,8,1,car,31.841,30.375,0.0,29.332,33.296,33.296,True
0012,8,0,cyclist,13.043,12.533,1.548,13.229,12.775,12.775,False
0012,9,1,car,32.109,30.532,0.0,29.316,33.301,33.301,True
0012,9,3,car,48.702,46.389,2.885,38.73,43.923,43.923,False
0012,9,0,cyclist,13.167,12.633,1.879,13.284,12.55,12.55,False
0012,10,1,car,32.385,30.704,0.0,30.031,33.819,33.819,True
0012,10,3,car,48.702,46.388,2.885,38.735,46.657,46.657,False
0012,10,0,cyclist,13.298,12.742,2.21,13.506,12.955,12.955,False
0012,11,1,car,32.668,30.889,0.0,30.032,33.834,33.834,True
0012,11,0,cyclist,13.436,12.858,2.541,13.548,12.785,12.785,False
0012,12,1,car,32.958,31.089,0.0,30.041,33.862,33.862,True
0012,12,0,cyclist,13.582,12.982,2.871,13.81,12.09,12.09,False
0012,13,1,car,33.38,31.421,0.042,30.822,33.896,33.896,True
0012,13,0,cyclist,13.734,13.114,3.202,13.859,12.213,12.213,False
0012,14,1,car,33.807,31.769,0.544,30.818,34.989,34.989,True
0012,14,0,cyclist,13.892,13.253,3.533,14.303,13.145,13.145,False
0012,15,1,car,34.241,32.132,1.051,31.636,35.584,35.584,True
0012,15,2,pedestrian,38.303,38.081,0.162,34.221,52.677,52.677,True
0012,15,0,cyclist,14.057,13.399,3.864,14.361,13.769,13.769,False
0012,16,1,car,34.68,32.509,1.564,31.694,35.629,35.629,False
0012,16,2,pedestrian,38.31,38.086,0.304,34.222,49.101,49.101,True
0012,16,0,cyclist,14.238,13.565,4.206,14.497,13.251,13.251,False
0012,17,1,car,35.257,33.038,2.051,31.696,36.243,36.243,False
0012,17,0,cyclist,14.425,13.736,4.547,14.576,13.832,13.832,False
0012,18,1,car,35.838,33.579,2.544,32.684,36.269,36.269,False
0012,18,3,car,48.7,46.387,2.886,37.467,44.766,44.766,False
0012,18,0,cyclist,14.618,13.915,4.889,14.861,13.48,13.48,False
0012,19,1,car,36.423,34.133,3.041,32.608,37.562,37.562,False
0012,19,3,car,48.7,46.386,2.886,36.329,43.046,43.046,False
0012,19,0,cyclist,14.816,14.1,5.231,14.995,13.804,13.804,False
0012,20,3,car,48.699,46.386,2.886,36.329,42.648,42.648,False
0012,20,1,car,37.012,34.698,3.543,33.691,37.922,37.922,False
0012,20,0,cyclist,15.02,14.291,5.573,15.543,13.665,13.665,False
0012,21,3,car,48.699,46.386,2.886,36.417,42.651,42.651,False
0012,21,1,car,37.706,35.379,3.953,33.722,38.286,38.286,False
0012,21,0,cyclist,15.227,14.484,5.917,15.607,13.738,13.738,False
0012,22,3,car,48.699,46.386,2.886,36.417,42.248,42.248,False
0012,22,1,car,38.402,36.067,4.367,33.733,38.667,38.667,False
0012,22,0,cyclist,15.439,14.682,6.261,15.93,13.666,13.666,False
0012,23,3,car,48.699,46.386,2.886,36.412,42.248,42.248,False
0012,23,1,car,39.099,36.763,4.784,34.596,39.044,39.044,False
0012,23,0,cyclist,15.657,14.887,6.604,16.091,13.896,13.896,False
0012,24,3,car,48.698,46.385,2.886,36.417,42.251,42.251,False
0012,24,1,car,39.797,37.466,5.205,34.63,40.486,40.486,False
0012,25,3,car,48.698,46.385,2.886,36.417,42.653,42.653,False
0012,25,1,car,40.542,38.225,5.646,35.76,41.261,41.261,False
0012,26,3,car,48.698,46.385,2.886,36.417,42.251,42.251,False
0012,26,1,car,41.287,38.995,6.093,35.769,42.449,42.449,False
0012,27,3,car,48.698,46.385,2.886,36.417,42.248,42.248,False
0012,27,1,car,42.089,39.799,6.386,36.856,43.706,43.706,False
0012,28,3,car,48.698,46.384,2.886,36.417,42.251,42.251,False
0012,28,1,car,42.892,40.603,6.678,37.036,44.586,44.586,False
0012,29,3,car,48.697,46.384,2.886,36.417,42.653,42.653,False
0012,29,1,car,43.716,41.456,6.998,36.957,44.176,44.176,False
0012,30,3,car,48.697,46.384,2.886,36.417,42.251,42.251,False
0012,30,1,car,44.541,42.314,7.322,36.869,45.525,45.525,False
0012,31,3,car,48.697,46.384,2.886,36.417,42.251,42.251,False
0012,31,1,car,45.381,43.162,7.585,38.216,46.466,46.466,False
0012,32,3,car,48.697,46.384,2.886,36.417,42.248,42.248,False
0012,32,1,car,46.221,44.009,7.849,38.132,46.478,46.478,False
0012,33,3,car,48.696,46.383,2.886,36.334,42.251,42.251,False
0012,33,1,car,47.121,44.915,8.108,38.048,47.472,47.472,False
0012,33,0,cyclist,18.014,17.183,10.082,19.12,15.587,15.587,False
0012,34,3,car,48.696,46.383,2.886,36.417,42.248,42.248,False
0012,34,1,car,48.022,45.821,8.368,38.153,48.489,48.489,False
0012,34,2,pedestrian,38.512,38.262,2.777,33.413,41.936,41.936,False
0012,34,0,cyclist,18.315,17.476,10.515,20.154,17.112,17.112,False
0012,35,3,car,48.696,46.383,2.886,36.332,42.251,42.251,False
0012,35,1,car,48.922,46.727,8.627,38.048,49.549,49.549,False
0012,35,0,cyclist,18.621,17.775,10.948,20.174,16.659,16.659,False
0012,36,3,car,48.696,46.383,2.886,36.417,42.251,42.251,False
0012,36,1,car,49.823,47.633,8.887,39.356,50.651,50.651,False
0012,36,0,cyclist,18.833,17.984,11.238,20.3,17.601,17.601,False
0012,37,3,car,48.695,46.383,2.886,36.334,42.251,42.251,False
0012,37,1,car,50.724,48.539,9.147,39.228,53.021,53.021,False
0012,38,3,car,48.695,46.382,2.886,36.374,42.248,42.248,False
0012,38,1,car,51.719,49.539,9.371,40.631,53.021,53.021,False
0012,39,3,car,48.695,46.382,2.886,36.412,42.248,42.248,False
0012,39,1,car,52.715,50.539,9.595,40.631,54.945,54.945,False
0012,40,3,car,48.695,46.382,2.886,36.374,42.251,42.251,False
0012,40,1,car,53.711,51.54,9.819,40.53,56.997,56.997,False
0012,41,3,car,48.694,46.382,2.886,36.374,42.248,42.248,False
0012,41,1,car,54.707,52.54,10.044,40.626,56.997,56.997,False
0012,42,3,car,48.694,46.381,2.886,36.417,42.246,42.246,False
0012,42,1,car,55.703,53.541,10.268,41.992,58.459,58.459,False
0012,43,3,car,48.694,46.381,2.886,36.417,42.248,42.248,False
0012,43,1,car,56.723,54.563,10.465,42.091,59.997,59.997,False
0012,44,3,car,48.694,46.381,2.886,36.33,42.653,42.653,False
0012,44,1,car,57.743,55.586,10.662,42.103,60.789,60.789,False
0012,45,3,car,48.694,46.381,2.886,36.417,42.248,42.248,False
0012,45,1,car,58.764,56.607,10.86,42.073,59.989,59.989,False
0012,46,3,car,48.693,46.381,2.886,36.417,42.653,42.653,False
0012,46,2,pedestrian,38.556,38.296,4.523,32.669,41.786,41.786,False
0012,46,1,car,59.784,57.628,11.057,42.079,59.981,59.981,False
0012,47,3,car,48.693,46.38,2.886,36.417,42.251,42.251,False
0012,47,1,car,60.805,58.649,11.254,42.079,60.781,60.781,False
0012,48,3,car,48.693,46.38,2.886,36.417,42.251,42.251,False
0012,48,1,car,61.878,59.723,11.423,42.067,60.772,60.772,False
0012,49,3,car,48.693,46.38,2.886,36.417,42.251,42.251,False
0012,49,1,car,62.952,60.797,11.591,42.067,61.585,61.585,False
0012,50,3,car,48.692,46.38,2.887,36.334,42.251,42.251,False
0012,50,1,car,64.026,61.87,11.76,41.964,63.296,63.296,False
0012,51,3,car,48.692,46.379,2.887,36.332,42.251,42.251,False
0012,51,1,car,65.1,62.944,11.928,43.418,65.087,65.087,False
0012,51,2,pedestrian,38.596,38.326,5.177,33.634,42.59,42.59,False
0012,52,3,car,48.692,46.379,2.887,36.334,42.251,42.251,False
0012,52,1,car,66.174,64.018,12.097,43.489,67.001,67.001,False
0012,53,3,car,48.692,46.379,2.887,36.417,42.251,42.251,False
0012,53,1,car,67.295,65.139,12.294,43.333,68.002,68.002,False
0012,54,3,car,48.691,46.379,2.887,36.417,42.251,42.251,False
0012,54,2,pedestrian,38.637,38.35,5.611,33.683,42.308,42.308,False
0012,54,1,car,68.416,66.257,12.491,43.401,70.075,70.075,False
0012,55,3,car,48.691,46.379,2.887,36.334,42.248,42.248,False
0012,55,1,car,69.536,67.373,12.688,43.395,68.995,68.995,False
0012,55,2,pedestrian,38.654,38.359,5.763,33.694,42.685,42.685,False
0012,56,3,car,48.691,46.378,2.887,36.417,42.248,42.248,False
0012,56,1,car,70.657,68.488,12.885,44.935,72.271,72.271,False
0012,57,3,car,48.691,46.378,2.887,36.417,42.246,42.246,False
0012,57,1,car,71.778,69.603,13.083,44.929,73.437,73.437,False
0012,58,3,car,48.691,46.378,2.887,36.334,42.248,42.248,False
0012,58,1,car,72.956,70.782,13.254,44.923,73.427,73.427,False
0012,59,3,car,48.69,46.378,2.887,36.332,42.248,42.248,False
0012,59,1,car,74.134,71.96,13.426,45.007,68.977,68.977,False
0012,60,3,car,48.69,46.377,2.887,36.334,42.251,42.251,False
0012,60,1,car,75.311,73.139,13.597,45.001,70.011,70.011,False
0012,61,1,car,76.489,74.317,13.769,44.989,71.114,71.114,False
0012,61,3,car,48.69,46.377,2.887,36.336,42.248,42.248,False
0012,62,3,car,48.69,46.377,2.887,36.334,42.246,42.246,False
0012,62,1,car,77.667,75.495,13.941,44.965,68.941,68.941,False
0012,63,3,car,48.689,46.377,2.887,36.334,42.248,42.248,False
0012,63,1,car,78.851,76.68,14.126,44.971,68.923,68.923,False
0012,64,3,car,48.689,46.377,2.887,36.334,42.246,42.246,False
0012,64,1,car,80.035,77.864,14.312,44.965,71.077,71.077,False
0012,65,3,car,48.689,46.376,2.887,36.334,42.246,42.246,False
0012,65,1,car,81.219,79.048,14.498,44.894,74.573,74.573,False
0012,66,3,car,48.689,46.376,2.887,36.334,42.246,42.246,False
0012,67,3,car,48.688,46.376,2.887,36.334,42.248,42.248,False
0012,68,3,car,48.688,46.376,2.887,36.334,42.246,42.246,False
0012,69,3,car,48.688,46.376,2.887,36.334,42.246,42.246,False
0012,70,3,car,48.688,46.375,2.887,36.337,42.246,42.246,False
0012,71,3,car,48.687,46.375,2.887,36.334,42.246,42.246,False
0012,72,3,car,48.687,46.375,2.887,36.337,42.246,42.246,False
0012,73,3,car,48.687,46.375,2.887,36.334,42.246,42.246,False
0012,74,3,car,48.687,46.374,2.887,36.332,42.246,42.246,False
0012,74,2,pedestrian,39.265,38.939,8.289,35.082,42.529,42.529,False
0012,75,3,car,48.687,46.374,2.887,36.334,42.246,42.246,False
0012,75,2,pedestrian,39.32,38.994,8.416,36.12,42.541,42.541,False
0012,76,3,car,48.686,46.374,2.887,36.334,42.246,42.246,False
0012,77,3,car,48.686,46.374,2.887,36.336,42.246,42.246,False
0013,0,0,car,6.391,4.298,2.461,6.793,8.269,8.269,False
0013,1,0,car,5.76,3.705,2.442,6.786,8.637,8.637,False
0013,2,0,car,5.188,3.206,2.442,7.283,9.336,9.336,False
0013,3,0,car,4.653,2.798,2.441,7.366,10.607,10.607,False
0013,5,2,pedestrian,27.077,26.733,5.935,30.121,27.646,27.646,False
0013,5,1,pedestrian,27.368,26.903,5.265,30.707,27.635,27.635,False
0013,6,1,pedestrian,26.548,26.082,5.205,29.966,26.66,26.66,False
0013,6,2,pedestrian,26.255,25.908,5.88,29.436,27.525,27.525,False
0013,7,2,pedestrian,25.434,25.084,5.824,28.782,26.567,26.567,False
0013,7,1,pedestrian,25.728,25.262,5.146,28.647,26.132,26.132,False
0013,8,1,pedestrian,24.909,24.442,5.086,27.378,24.781,24.781,False
0013,8,2,pedestrian,24.614,24.261,5.765,28.238,25.818,25.818,False
0013,9,2,pedestrian,23.795,23.439,5.703,28.275,24.879,24.879,False
0013,9,1,pedestrian,24.09,23.622,5.026,27.401,24.929,24.929,False
0013,10,1,pedestrian,23.272,22.803,4.967,27.494,24.041,24.041,False
0013,10,2,pedestrian,22.976,22.618,5.641,27.668,24.006,24.006,False
0013,11,2,pedestrian,22.176,21.816,5.634,27.151,23.418,23.418,False
0013,11,1,pedestrian,22.457,21.986,4.934,26.931,24.085,24.085,False
0013,12,2,pedestrian,21.378,21.016,5.628,26.112,22.674,22.674,False
0013,12,1,pedestrian,21.653,21.181,4.951,25.918,21.115,21.115,False
0013,12,4,pedestrian,27.969,27.614,13.146,29.322,28.77,28.77,False
0013,13,1,pedestrian,20.846,20.372,4.944,24.435,20.743,20.743,False
0013,13,2,pedestrian,20.583,20.219,5.625,24.214,21.626,21.626,False
0013,13,4,pedestrian,27.448,27.098,13.226,28.349,27.766,27.766,False
0013,14,2,pedestrian,19.794,19.429,5.634,22.234,20.383,20.383,False
0013,14,1,pedestrian,20.041,19.564,4.937,22.011,19.988,19.988,False
0013,14,4,pedestrian,26.932,26.589,13.306,26.397,26.73,26.73,False
0013,15,2,pedestrian,19.009,18.642,5.644,20.899,19.358,19.358,False
0013,15,4,pedestrian,26.422,26.085,13.385,24.582,25.555,25.555,False
0013,15,1,pedestrian,19.241,18.763,4.966,20.31,18.851,18.851,False
0013,16,2,pedestrian,18.249,17.88,5.698,19.485,18.778,18.778,False
0013,16,4,pedestrian,25.774,25.444,13.37,23.89,24.521,24.521,False
0013,16,1,pedestrian,18.446,17.965,4.996,18.883,18.216,18.216,False
0013,17,4,pedestrian,25.158,24.835,13.373,24.853,23.603,23.603,False
0013,17,1,pedestrian,17.654,17.171,5.025,18.166,17.399,17.399,False
0013,17,2,pedestrian,17.493,17.121,5.748,18.211,17.311,17.311,False
0013,18,4,pedestrian,25.12,24.804,13.749,24.828,23.191,23.191,False
0013,18,1,pedestrian,16.867,16.382,5.054,17.776,16.477,16.477,False
0013,18,2,pedestrian,16.729,16.356,5.765,17.83,17.494,17.494,False
0013,19,4,pedestrian,24.518,24.209,13.778,24.84,22.453,22.453,False
0013,19,1,pedestrian,16.079,15.591,5.065,17.703,16.237,16.237,False
0013,19,2,pedestrian,15.974,15.599,5.782,17.748,16.669,16.669,False
0013,20,4,pedestrian,23.924,23.622,13.806,25.016,21.846,21.846,False
0013,20,1,pedestrian,15.296,14.805,5.075,17.383,15.282,15.282,False
0013,20,2,pedestrian,15.226,14.849,5.8,17.685,15.94,15.94,False
0013,21,4,pedestrian,23.34,23.045,13.835,24.971,21.308,21.308,False
0013,21,1,pedestrian,14.519,14.026,5.086,17.044,14.272,14.272,False
0013,22,1,pedestrian,13.759,13.262,5.124,15.974,13.302,13.302,False
0013,22,4,pedestrian,23.413,23.126,14.286,23.183,20.568,20.568,False
0013,23,1,pedestrian,12.979,12.48,5.092,14.298,12.528,12.528,False
0013,23,2,pedestrian,12.962,12.577,5.819,14.561,13.733,13.733,False
0013,24,1,pedestrian,12.219,11.718,5.102,12.858,11.936,11.936,False
0013,24,2,pedestrian,12.222,11.834,5.826,13.101,12.674,12.674,False
0013,25,2,pedestrian,11.485,11.095,5.811,12.601,12.113,12.113,False
0013,25,1,pedestrian,11.471,10.967,5.112,11.982,11.191,11.191,False
0013,26,2,pedestrian,10.765,10.374,5.796,12.139,11.263,11.263,False
0013,26,1,pedestrian,10.757,10.251,5.091,11.383,10.441,10.441,False
0013,27,3,pedestrian,27.174,26.859,6.091,26.332,28.881,28.881,False
0013,27,2,pedestrian,10.062,9.669,5.803,11.916,10.478,10.478,False
0013,27,1,pedestrian,10.011,9.503,5.111,11.091,9.761,9.761,False
0013,28,2,pedestrian,9.386,8.993,5.809,11.088,9.767,9.767,False
0013,28,3,pedestrian,26.404,26.087,6.084,25.318,28.146,28.146,False
0013,28,1,pedestrian,9.272,8.764,5.095,10.685,9.173,9.173,False
0013,29,3,pedestrian,25.676,25.358,6.076,23.933,26.348,26.348,False
0013,29,1,pedestrian,8.569,8.062,5.094,9.633,8.378,8.378,False
0013,30,3,pedestrian,24.955,24.636,6.067,23.094,26.118,26.118,False
0013,31,3,pedestrian,24.23,23.91,6.059,22.386,25.657,25.657,False
0013,31,5,pedestrian,31.482,31.032,10.071,28.419,29.598,29.598,False
0013,32,5,pedestrian,30.722,30.27,10.178,28.48,28.497,28.497,False
0013,32,3,pedestrian,23.509,23.187,6.051,21.988,24.992,24.992,False
0013,33,5,pedestrian,29.967,29.512,10.285,30.601,28.179,28.179,False
0013,33,3,pedestrian,22.781,22.458,6.044,23.227,24.342,24.342,False
0013,34,5,pedestrian,29.217,28.76,10.392,30.852,27.048,27.048,False
0013,34,3,pedestrian,22.065,21.741,6.042,23.314,23.975,23.975,False
0013,35,5,pedestrian,28.488,28.029,10.453,30.298,26.647,26.647,False
0013,35,3,pedestrian,21.354,21.028,6.039,22.137,22.807,22.807,False
0013,36,3,pedestrian,20.661,20.334,6.035,21.512,22.483,22.483,False
0013,36,5,pedestrian,27.764,27.302,10.515,28.537,26.143,26.143,False
0013,37,5,pedestrian,27.016,26.552,10.586,26.893,25.121,25.121,False
0013,37,3,pedestrian,19.971,19.642,6.031,19.88,21.379,21.379,False
0013,38,3,pedestrian,19.283,18.952,6.027,18.859,20.65,20.65,False
0013,38,5,pedestrian,26.275,25.809,10.658,25.553,24.42,24.42,False
0013,39,5,pedestrian,25.538,25.07,10.724,25.267,24.18,24.18,False
0013,39,3,pedestrian,18.596,18.263,6.041,18.357,19.75,19.75,False
0013,40,5,pedestrian,24.808,24.338,10.789,25.107,24.177,24.177,False
0013,40,3,pedestrian,17.913,17.578,6.054,17.945,19.29,19.29,False
0013,41,3,pedestrian,17.233,16.896,6.068,17.351,18.606,18.606,False
0013,41,5,pedestrian,24.121,23.65,10.881,24.438,23.194,23.194,False
0013,41,7,pedestrian,27.27,26.961,5.183,29.207,25.794,25.794,False
0013,42,5,pedestrian,23.443,22.97,10.973,23.025,22.364,22.364,False
0013,42,3,pedestrian,16.56,16.221,6.081,16.403,17.772,17.772,False
0013,42,7,pedestrian,26.56,26.247,5.213,27.916,25.847,25.847,False
0013,43,3,pedestrian,15.892,15.551,6.094,15.575,17.243,17.243,False
0013,43,5,pedestrian,22.775,22.3,11.064,22.153,21.981,21.981,False
0013,44,5,pedestrian,22.117,21.64,11.156,21.213,20.137,20.137,False
0013,44,7,pedestrian,25.144,24.821,5.274,25.209,22.943,22.943,False
0013,44,3,pedestrian,15.234,14.891,6.108,14.858,16.579,16.579,False
0013,45,5,pedestrian,21.47,20.991,11.247,20.477,20.414,20.414,False
0013,45,7,pedestrian,24.438,24.11,5.301,23.852,22.013,22.013,False
0013,45,3,pedestrian,14.583,14.237,6.123,14.256,15.901,15.901,False
0013,46,5,pedestrian,20.844,20.363,11.339,19.671,19.488,19.488,False
0013,46,3,pedestrian,13.931,13.583,6.138,13.551,15.198,15.198,False
0013,46,7,pedestrian,23.734,23.401,5.327,23.42,22.069,22.069,False
0013,47,7,pedestrian,23.044,22.708,5.376,22.659,21.21,21.21,False
0013,47,5,pedestrian,20.232,19.748,11.431,18.997,19.064,19.064,False
0013,47,3,pedestrian,13.288,12.938,6.153,12.961,14.296,14.296,False
0013,48,7,pedestrian,22.357,22.018,5.426,22.771,19.593,19.593,False
0013,48,5,pedestrian,19.602,19.116,11.488,18.852,18.348,18.348,False
0013,48,3,pedestrian,12.656,12.303,6.168,12.421,13.499,13.499,False
0013,49,7,pedestrian,21.672,21.33,5.475,21.951,19.729,19.729,False
0013,49,3,pedestrian,12.065,11.71,6.191,11.881,13.002,13.002,False
0013,49,5,pedestrian,18.988,18.5,11.544,18.45,17.853,17.853,False
0013,50,3,pedestrian,11.487,11.13,6.214,11.306,12.454,12.454,False
0013,50,7,pedestrian,20.987,20.642,5.517,20.922,19.205,19.205,False
0013,51,7,pedestrian,20.305,19.957,5.56,19.716,18.335,18.335,False
0013,51,3,pedestrian,10.925,10.566,6.237,10.574,11.748,11.748,False
0013,52,7,pedestrian,19.628,19.279,5.592,18.939,17.322,17.322,False
0013,52,3,pedestrian,10.38,10.02,6.26,10.048,11.012,11.012,False
0013,53,7,pedestrian,18.955,18.604,5.624,18.443,16.945,16.945,False
0013,54,7,pedestrian,18.284,17.932,5.652,17.761,16.661,16.661,False
0013,55,7,pedestrian,17.618,17.264,5.68,17.206,16.05,16.05,False
0013,56,7,pedestrian,16.955,16.599,5.708,16.223,15.405,15.405,False
0013,57,7,pedestrian,16.299,15.939,5.738,15.717,14.815,14.815,False
0013,58,7,pedestrian,15.623,15.258,5.777,14.979,14.096,14.096,False
0013,59,7,pedestrian,14.954,14.583,5.817,14.311,13.672,13.672,False
0013,59,10,pedestrian,23.244,22.843,3.738,25.493,26.059,26.059,False
0013,60,22,van,47.972,45.129,0.0,51.43,62.211,62.211,True
0013,60,7,pedestrian,14.293,13.916,5.856,13.744,13.1,13.1,False
0013,60,10,pedestrian,22.545,22.144,3.666,25.005,26.207,26.207,False
0013,60,9,cyclist,18.035,17.098,3.748,20.755,19.625,19.625,False
0013,61,7,pedestrian,13.641,13.259,5.896,13.135,12.344,12.344,False
0013,61,9,cyclist,17.343,16.405,3.692,19.805,18.88,18.88,False
0013,62,22,van,46.618,43.774,0.0,51.43,60.243,60.243,True
0013,62,7,pedestrian,13.033,12.644,5.948,12.513,11.824,11.824,False
0013,62,9,cyclist,16.652,15.714,3.635,18.479,17.523,17.523,False
0013,63,22,van,45.923,43.079,0.0,49.365,59.122,59.122,True
0013,63,7,pedestrian,12.437,12.042,5.999,11.975,11.325,11.325,False
0013,63,9,cyclist,15.962,15.024,3.579,17.757,16.621,16.621,False
0013,63,10,pedestrian,20.448,20.046,3.453,21.947,19.861,19.861,False
0013,64,7,pedestrian,11.847,11.445,6.036,11.562,10.815,10.815,False
0013,64,10,pedestrian,19.749,19.346,3.382,21.217,19.573,19.573,False
0013,64,9,cyclist,15.273,14.336,3.522,17.237,16.052,16.052,False
0013,65,22,van,44.534,41.691,0.0,56.138,56.665,56.665,True
0013,65,10,pedestrian,19.053,18.65,3.309,21.233,18.13,18.13,False
0013,65,7,pedestrian,11.271,10.863,6.072,11.151,10.259,10.259,False
0013,65,14,pedestrian,17.589,17.207,6.34,18.942,18.186,18.186,False
0013,65,9,cyclist,14.586,13.648,3.466,15.987,14.836,14.836,False
0013,66,22,van,43.841,40.997,0.0,58.826,56.001,56.001,True
0013,66,7,pedestrian,10.712,10.297,6.108,10.703,9.632,9.632,False
0013,66,14,pedestrian,16.939,16.557,6.289,18.759,17.646,17.646,False
0013,66,10,pedestrian,18.357,17.953,3.236,20.904,20.055,20.055,False
0013,66,9,cyclist,13.957,13.02,3.447,15.835,14.412,14.412,False
0013,67,22,van,43.149,40.306,0.0,53.767,55.68,55.68,True
0013,67,14,pedestrian,16.301,15.918,6.236,18.409,17.077,17.077,False
0013,67,16,pedestrian,20.062,19.489,6.964,22.267,20.528,20.528,False
0013,67,7,pedestrian,10.184,9.763,6.131,9.874,9.054,9.054,False
0013,67,10,pedestrian,17.661,17.256,3.162,20.226,18.488,18.488,False
0013,67,9,cyclist,13.331,12.393,3.429,16.1,14.438,14.438,False
0013,68,22,van,42.458,39.614,0.0,49.44,52.319,52.319,True
0013,68,16,pedestrian,19.578,19.004,7.022,20.644,19.128,19.128,False
0013,68,11,pedestrian,11.078,10.739,5.494,11.334,15.762,15.762,False
0013,68,10,pedestrian,16.953,16.548,3.11,19.035,16.285,16.285,False
0013,68,14,pedestrian,15.65,15.268,6.187,17.055,16.092,16.092,False
0013,68,9,cyclist,12.708,11.77,3.41,13.733,12.87,12.87,False
0013,68,13,pedestrian,13.01,12.729,7.187,24.206,20.801,20.801,False
0013,69,15,pedestrian,16.329,16.031,6.358,17.935,16.661,16.661,False
0013,69,11,pedestrian,10.444,10.101,5.446,11.162,15.645,15.645,False
0013,69,22,van,41.765,38.921,0.0,44.137,51.759,51.759,True
0013,69,10,pedestrian,16.257,15.851,3.058,17.706,15.764,15.764,False
0013,69,17,pedestrian,19.593,19.175,5.527,20.129,18.88,18.88,False
0013,69,16,pedestrian,19.096,18.523,7.08,19.564,18.483,18.483,False
0013,69,14,pedestrian,15.003,14.62,6.139,15.962,15.714,15.714,False
0013,69,9,cyclist,12.088,11.15,3.392,12.86,12.141,12.141,False
0013,70,11,pedestrian,9.821,9.475,5.398,10.179,14.508,14.508,False
0013,70,15,pedestrian,15.682,15.38,6.318,16.756,16.147,16.147,False
0013,70,17,pedestrian,18.925,18.505,5.581,19.02,18.702,18.702,False
0013,70,14,pedestrian,14.385,14.002,6.098,15.164,14.972,14.972,False
0013,70,16,pedestrian,18.619,18.045,7.138,18.655,18.827,18.827,False
0013,70,10,pedestrian,15.562,15.155,3.005,16.361,14.781,14.781,False
0013,70,22,van,41.073,38.229,0.0,39.849,51.212,51.212,True
0013,70,13,pedestrian,11.927,11.649,7.169,20.536,16.899,16.899,False
0013,70,9,cyclist,11.472,10.534,3.374,11.962,11.493,11.493,False
0013,71,11,pedestrian,9.215,8.866,5.353,9.561,13.344,13.344,False
0013,71,16,pedestrian,18.145,17.572,7.196,17.569,17.87,17.87,False
0013,71,15,pedestrian,15.045,14.74,6.296,15.977,15.306,15.306,False
0013,71,17,pedestrian,18.261,17.838,5.635,17.805,17.743,17.743,False
0013,71,22,van,40.381,37.537,0.011,37.369,49.621,49.621,True
0013,71,10,pedestrian,14.902,14.495,2.956,15.932,14.313,14.313,False
0013,71,12,pedestrian,9.629,9.275,6.022,11.552,17.671,17.671,False
0013,71,14,pedestrian,13.771,13.389,6.056,14.42,14.285,14.285,False
0013,71,9,cyclist,10.83,9.893,3.448,11.32,10.823,10.823,False
0013,72,16,pedestrian,17.674,17.101,7.25,17.465,17.656,17.656,False
0013,72,15,pedestrian,14.413,14.105,6.274,15.451,14.656,14.656,False
0013,72,10,pedestrian,14.243,13.834,2.907,15.384,13.803,13.803,False
0013,72,17,pedestrian,17.601,17.176,5.69,17.439,17.327,17.327,False
0013,72,11,pedestrian,8.626,8.274,5.308,9.637,13.735,13.735,False
0013,72,14,pedestrian,13.162,12.78,6.015,13.974,13.679,13.679,False
0013,72,9,cyclist,10.296,9.36,3.428,10.768,10.081,10.081,False
0013,73,16,pedestrian,17.208,16.635,7.304,16.888,16.827,16.827,False
0013,73,17,pedestrian,16.959,16.531,5.779,16.845,16.623,16.623,False
0013,73,14,pedestrian,12.56,12.178,5.973,13.301,12.767,12.767,False
0013,73,22,van,39.0,36.155,0.304,37.375,47.427,47.427,True
0013,73,15,pedestrian,13.787,13.476,6.252,14.769,13.942,13.942,False
0013,73,10,pedestrian,13.585,13.175,2.858,14.522,12.671,12.671,False
0013,73,9,cyclist,9.721,8.785,3.456,10.219,9.471,9.471,False
0013,74,17,pedestrian,16.298,15.867,5.799,16.176,15.83,15.83,False
0013,74,10,pedestrian,12.914,12.502,2.809,14.074,12.285,12.285,False
0013,74,16,pedestrian,16.688,16.117,7.32,16.411,16.018,16.018,False
0013,74,22,van,38.31,35.466,0.45,38.595,55.504,55.504,True
0013,74,14,pedestrian,11.964,11.582,5.932,12.916,12.178,12.178,False
0013,74,9,cyclist,9.156,8.222,3.483,9.854,9.208,9.208,False
0013,75,22,van,37.622,34.777,0.596,37.394,46.302,46.302,True
0013,75,14,pedestrian,11.366,10.983,5.894,12.158,11.325,11.325,False
0013,75,16,pedestrian,16.183,15.611,7.362,15.707,15.682,15.682,False
0013,75,10,pedestrian,12.243,11.83,2.761,13.198,11.872,11.872,False
0013,75,17,pedestrian,15.656,15.222,5.853,15.678,15.085,15.085,False
0013,75,9,cyclist,8.623,7.689,3.529,9.5,8.797,8.797,False
0013,76,22,van,36.934,34.088,0.743,38.686,45.865,45.865,True
0013,76,16,pedestrian,15.69,15.12,7.404,15.534,15.509,15.509,False
0013,76,17,pedestrian,15.02,14.584,5.908,15.303,14.371,14.371,False
0013,76,9,cyclist,8.107,7.174,3.576,9.371,8.395,8.395,False
0013,76,10,pedestrian,11.586,11.17,2.726,12.645,11.236,11.236,False
0013,77,22,van,36.254,33.408,0.856,36.417,44.585,44.585,True
0013,77,19,pedestrian,20.591,20.121,10.653,19.877,29.888,29.888,False
0013,77,16,pedestrian,15.209,14.641,7.437,15.297,14.851,14.851,False
0013,77,17,pedestrian,14.421,13.981,5.945,14.335,13.767,13.767,False
0013,77,9,cyclist,7.611,6.68,3.623,8.73,7.889,7.889,False
0013,77,10,pedestrian,10.931,10.511,2.692,11.59,10.35,10.35,False
0013,78,22,van,35.574,32.727,0.969,33.404,42.985,42.985,True
0013,78,9,cyclist,7.139,6.212,3.672,7.997,7.116,7.116,False
0013,78,10,pedestrian,10.278,9.854,2.657,10.898,9.808,9.808,False
0013,78,16,pedestrian,14.723,14.156,7.467,14.381,14.167,14.167,False
0013,78,17,pedestrian,13.828,13.384,5.974,13.485,13.209,13.209,False
0013,78,19,pedestrian,19.999,19.527,10.66,18.771,29.734,29.734,False
0013,79,22,van,34.895,32.048,1.082,31.647,43.002,43.002,True
0013,79,16,pedestrian,14.264,13.699,7.494,13.567,14.006,14.006,False
0013,79,17,pedestrian,13.243,12.796,6.002,12.716,12.646,12.646,False
0013,79,19,pedestrian,19.454,18.98,10.727,17.772,28.763,28.763,False
0013,79,15,pedestrian,10.17,9.852,6.162,10.804,10.463,10.463,False
0013,79,9,cyclist,6.696,5.776,3.722,8.358,8.094,8.094,False
0013,79,10,pedestrian,9.628,9.201,2.623,10.054,9.122,9.122,False
0013,80,22,van,34.216,31.369,1.196,30.241,41.521,41.521,True
0013,80,16,pedestrian,13.812,13.25,7.521,13.114,13.218,13.218,False
0013,80,17,pedestrian,12.668,12.218,6.031,12.148,11.997,11.997,False
0013,80,10,pedestrian,8.981,8.55,2.589,9.416,8.51,8.51,False
0013,80,15,pedestrian,9.634,9.316,6.118,10.079,9.842,9.842,False
0013,80,26,pedestrian,11.398,10.911,3.6,12.726,11.314,11.314,False
0013,80,19,pedestrian,18.92,18.444,10.793,17.698,28.58,28.58,False
0013,80,18,pedestrian,12.319,11.885,4.021,14.747,20.789,20.789,False
0013,81,22,van,33.576,30.728,1.269,30.872,40.823,40.823,False
0013,81,16,pedestrian,13.369,12.81,7.547,12.738,12.914,12.914,False
0013,81,17,pedestrian,12.105,11.652,6.06,11.592,11.553,11.553,False
0013,81,10,pedestrian,8.338,7.904,2.555,8.793,7.841,7.841,False
0013,81,19,pedestrian,18.381,17.903,10.835,17.04,27.579,27.579,False
0013,81,26,pedestrian,10.729,10.241,3.612,11.95,10.607,10.607,False
0013,82,16,pedestrian,12.979,12.423,7.575,12.827,12.592,12.592,False
0013,82,22,van,32.893,30.044,1.32,31.818,39.816,39.816,False
0013,82,17,pedestrian,11.475,11.021,6.094,11.18,10.902,10.902,False
0013,82,25,pedestrian,19.996,19.637,9.212,20.174,20.42,20.42,False
0013,82,10,pedestrian,7.699,7.263,2.544,8.179,7.253,7.253,False
0013,82,27,pedestrian,10.786,10.433,3.062,11.957,17.198,17.198,False
0013,82,19,pedestrian,17.854,17.374,10.876,16.833,26.567,26.567,False
0013,83,22,van,32.224,29.373,1.397,31.048,38.864,38.864,False
0013,83,17,pedestrian,10.988,10.534,6.119,10.643,10.355,10.355,False
0013,83,10,pedestrian,7.067,6.629,2.534,7.645,6.675,6.675,False
0013,83,67,car,45.507,44.006,6.884,48.281,48.289,48.289,False
0013,83,16,pedestrian,12.596,12.044,7.602,12.137,12.174,12.174,False
0013,83,27,pedestrian,10.07,9.717,3.041,10.978,15.895,15.895,False
0013,83,25,pedestrian,19.38,19.02,9.238,32.941,32.639,32.639,False
0013,83,28,pedestrian,10.155,9.787,3.364,11.054,15.712,15.712,False
0013,84,22,van,31.555,28.704,1.475,30.307,37.956,37.956,False
0013,84,17,pedestrian,10.442,9.989,6.149,10.003,9.734,9.734,False
0013,84,25,pedestrian,18.772,18.411,9.264,18.964,19.118,19.118,False
0013,84,10,pedestrian,6.45,6.011,2.509,6.907,6.082,6.082,False
0013,84,28,pedestrian,9.481,9.111,3.372,10.296,14.356,14.356,False
0013,84,27,pedestrian,9.36,9.007,3.019,9.99,14.576,14.576,False
0013,84,24,pedestrian,19.758,19.19,9.462,19.003,19.085,19.085,False
0013,84,23,pedestrian,19.156,18.655,9.862,19.455,28.207,28.207,False
0013,84,67,car,44.811,43.309,6.888,44.804,45.884,45.884,False
0013,85,22,van,30.887,28.034,1.553,28.917,37.824,37.824,False
0013,85,27,pedestrian,8.656,8.302,2.998,9.218,13.669,13.669,False
0013,85,28,pedestrian,8.816,8.443,3.379,9.604,13.919,13.919,False
0013,85,10,pedestrian,5.844,5.404,2.484,6.819,6.009,6.009,False
0013,85,24,pedestrian,19.2,18.626,9.506,18.309,18.023,18.023,False
0013,85,67,car,44.159,42.653,7.002,43.377,45.925,45.925,False
0013,85,21,cyclist,19.745,18.738,4.792,22.03,20.952,20.952,False
0013,86,22,van,30.219,27.366,1.631,28.276,36.685,36.685,False
0013,86,29,pedestrian,22.855,22.364,8.975,21.725,28.02,28.02,False
0013,86,25,pedestrian,17.58,17.218,9.317,17.832,18.134,18.134,False
0013,86,10,pedestrian,5.253,4.814,2.459,7.229,6.115,6.115,False
0013,86,27,pedestrian,7.959,7.606,2.976,8.498,12.39,12.39,False
0013,86,28,pedestrian,8.162,7.786,3.386,8.849,12.204,12.204,False
0013,86,67,car,43.567,42.053,7.256,41.997,44.649,44.649,False
0013,86,23,pedestrian,18.032,17.522,9.966,17.992,25.898,25.898,False
0013,87,22,van,29.575,26.72,1.719,27.679,35.751,35.751,False
0013,87,28,pedestrian,7.53,7.153,3.416,8.199,11.501,11.501,False
0013,87,29,pedestrian,22.239,21.745,9.031,20.772,27.118,27.118,False
0013,87,26,pedestrian,6.726,6.245,3.562,7.665,6.283,6.283,False
0013,87,27,pedestrian,7.272,6.92,2.955,7.935,11.394,11.394,False
0013,87,25,pedestrian,16.998,16.635,9.343,17.282,17.966,17.966,False
0013,87,67,car,42.917,41.398,7.363,39.534,42.658,42.658,False
0013,87,23,pedestrian,17.505,16.993,10.006,17.432,25.037,25.037,False
0013,87,31,pedestrian,22.946,22.59,8.781,26.881,30.033,30.033,False
0013,88,22,van,28.931,26.076,1.807,27.103,34.36,34.36,False
0013,88,28,pedestrian,6.917,6.539,3.446,7.461,10.184,10.184,False
0013,88,29,pedestrian,21.628,21.131,9.086,20.593,26.067,26.067,False
0013,88,25,pedestrian,16.49,16.126,9.403,16.468,16.555,16.555,False
0013,88,31,pedestrian,22.35,21.991,8.73,26.485,26.893,26.893,False
0013,88,10,pedestrian,4.142,3.713,2.409,7.892,6.176,6.176,False
0013,88,27,pedestrian,6.659,6.308,2.994,7.231,10.469,10.469,False
0013,88,67,car,42.268,40.745,7.469,42.031,43.099,43.099,False
0013,88,23,pedestrian,16.989,16.475,10.046,17.09,24.791,24.791,False
0013,89,22,van,28.289,25.432,1.895,26.554,33.427,33.427,False
0013,89,29,pedestrian,21.053,20.553,9.143,20.578,25.579,25.579,False
0013,89,23,pedestrian,16.485,15.97,10.085,16.563,23.433,23.433,False
0013,89,25,pedestrian,15.993,15.629,9.463,16.295,16.422,16.422,False
0013,89,67,car,41.636,40.108,7.573,42.031,41.586,41.586,False
0013,89,27,pedestrian,6.067,5.719,3.034,,,,False
0013,89,31,pedestrian,21.755,21.395,8.68,26.06,25.985,25.985,False
0013,89,33,pedestrian,25.291,24.899,6.518,30.775,32.835,32.835,False
0013,89,28,pedestrian,6.351,5.974,3.508,7.509,10.505,10.505,False
0013,90,22,van,27.635,24.778,1.973,26.028,32.877,32.877,False
0013,90,25,pedestrian,15.5,15.137,9.5,15.759,15.984,15.984,False
0013,90,29,pedestrian,20.484,19.981,9.2,19.561,24.845,24.845,False
0013,90,32,pedestrian,22.796,22.305,8.014,24.936,23.94,23.94,False
0013,90,28,pedestrian,5.82,5.447,3.57,7.883,12.069,12.069,False
0013,90,67,car,41.021,39.487,7.714,39.666,39.522,39.522,False
0013,90,33,pedestrian,24.668,24.271,6.463,27.231,32.42,32.42,False
0013,90,34,pedestrian,26.105,25.716,6.534,27.217,33.548,33.548,False
0013,90,27,pedestrian,5.504,5.162,3.073,7.543,11.65,11.65,False
0013,90,31,pedestrian,21.162,20.8,8.63,23.891,28.864,28.864,False
0013,91,29,pedestrian,19.959,19.453,9.254,18.935,24.264,24.264,False
0013,91,22,van,26.983,24.125,2.051,24.802,31.919,31.919,False
0013,91,32,pedestrian,22.301,21.809,7.978,24.524,23.091,23.091,False
0013,91,33,pedestrian,24.045,23.644,6.407,26.112,31.87,31.87,False
0013,91,67,car,40.408,38.867,7.854,37.382,39.594,39.594,False
0013,91,31,pedestrian,20.572,20.208,8.58,23.608,27.312,27.312,False
0013,91,34,pedestrian,25.485,25.092,6.475,26.14,32.578,32.578,False
0013,92,22,van,26.332,23.473,2.129,23.414,31.223,31.223,False
0013,92,31,pedestrian,19.992,19.626,8.542,22.961,20.933,20.933,False
0013,92,34,pedestrian,24.865,24.467,6.416,26.062,32.967,32.967,False
0013,92,32,pedestrian,21.807,21.314,7.941,23.745,22.215,22.215,False
0013,92,29,pedestrian,19.44,18.931,9.307,17.892,23.94,23.94,False
0013,92,67,car,39.783,38.237,7.967,36.207,41.021,41.021,False
0013,92,33,pedestrian,23.423,23.018,6.352,27.057,32.383,32.383,False
0013,93,32,pedestrian,21.306,20.811,7.886,22.93,21.932,21.932,False
0013,93,22,van,25.686,22.827,2.193,22.585,30.27,30.27,False
0013,93,34,pedestrian,24.246,23.844,6.358,24.677,31.08,31.08,False
0013,93,31,pedestrian,19.416,19.047,8.505,21.93,20.311,20.311,False
0013,93,29,pedestrian,18.839,18.327,9.368,17.29,23.55,23.55,False
0013,93,67,car,39.16,37.608,8.08,34.258,40.033,40.033,False
0013,94,22,van,25.042,22.183,2.257,21.658,29.556,29.556,False
0013,94,32,pedestrian,20.793,20.296,7.874,22.313,21.832,21.832,False
0013,94,34,pedestrian,23.627,23.22,6.299,24.132,31.317,31.317,False
0013,94,31,pedestrian,18.842,18.472,8.468,21.123,20.099,20.099,False
0013,94,33,pedestrian,22.181,21.768,6.242,24.136,29.482,29.482,False
0013,94,67,car,38.536,36.979,8.157,34.4,39.75,39.75,False
0013,95,22,van,24.399,21.539,2.322,20.986,28.707,28.707,False
0013,95,32,pedestrian,20.315,19.817,7.84,21.688,20.922,20.922,False
0013,95,34,pedestrian,23.021,22.609,6.254,23.722,30.105,30.105,False
0013,95,33,pedestrian,21.572,21.155,6.185,22.991,28.621,28.621,False
0013,95,31,pedestrian,18.273,17.9,8.43,20.984,19.494,19.494,False
0013,95,67,car,37.915,36.352,8.234,32.63,38.492,38.492,False
0013,95,30,cyclist,25.661,24.714,0.745,42.576,25.58,25.58,True
0013,96,22,van,23.756,20.896,2.386,20.683,27.912,27.912,False
0013,96,32,pedestrian,19.839,19.339,7.806,21.45,20.388,20.388,False
0013,96,34,pedestrian,22.416,21.999,6.21,23.353,29.836,29.836,False
0013,96,31,pedestrian,17.707,17.331,8.393,20.006,18.814,18.814,False
0013,96,33,pedestrian,20.964,20.542,6.127,22.282,27.294,27.294,False
0013,96,20,cyclist,8.488,7.666,5.043,8.687,8.456,8.456,False
0013,96,67,car,37.295,35.726,8.311,32.768,38.611,38.611,False
0013,97,22,van,23.115,20.255,2.45,20.106,27.162,27.162,False
0013,97,32,pedestrian,19.364,18.862,7.772,20.499,19.685,19.685,False
0013,97,31,pedestrian,17.191,16.814,8.377,19.335,18.111,18.111,False
0013,97,33,pedestrian,20.358,19.931,6.07,22.096,27.427,27.427,False
0013,97,67,car,36.728,35.149,8.503,32.813,37.444,37.444,False
0013,98,22,van,22.475,19.615,2.514,19.489,26.311,26.311,False
0013,98,31,pedestrian,16.681,16.302,8.361,18.282,17.321,17.321,False
0013,98,32,pedestrian,18.885,18.383,7.762,20.313,19.294,19.294,False
0013,98,34,pedestrian,21.208,20.781,6.121,20.903,26.985,26.985,False
0013,98,33,pedestrian,19.752,19.321,6.012,20.891,25.817,25.817,False
0013,98,67,car,36.165,34.576,8.695,32.053,37.564,37.564,False
0013,98,30,cyclist,24.645,23.686,1.024,33.38,26.268,26.268,True
0013,98,21,cyclist,9.568,8.632,5.464,8.748,8.278,8.278,False
0013,99,22,van,21.836,18.976,2.578,18.946,25.391,25.391,False
0013,99,31,pedestrian,16.175,15.795,8.345,18.737,17.11,17.11,False
0013,99,34,pedestrian,20.606,20.174,6.077,21.934,27.277,27.277,False
0013,99,33,pedestrian,19.147,18.711,5.955,20.985,24.957,24.957,False
0013,99,32,pedestrian,18.409,17.906,7.751,20.14,19.202,19.202,False
0013,99,67,car,35.773,34.161,9.218,31.372,37.1,37.1,False
0013,100,22,van,21.199,18.339,2.643,18.735,24.725,24.725,False
0013,100,33,pedestrian,18.565,18.124,5.918,19.76,24.022,24.022,False
0013,100,31,pedestrian,15.675,15.293,8.329,17.875,16.277,16.277,False
0013,100,34,pedestrian,20.011,19.573,6.026,21.255,26.251,26.251,False
0013,100,32,pedestrian,17.936,17.431,7.74,19.653,18.74,18.74,False
0013,100,30,cyclist,23.992,23.024,1.211,25.76,24.628,24.628,False
0013,101,22,van,20.599,17.739,2.713,18.764,23.979,23.979,False
0013,101,33,pedestrian,17.985,17.538,5.882,19.247,23.585,23.585,False
0013,101,31,pedestrian,15.181,14.797,8.313,17.023,15.759,15.759,False
0013,101,32,pedestrian,17.466,16.96,7.729,18.956,17.853,17.853,False
0013,101,34,pedestrian,19.417,18.973,5.976,20.967,25.33,25.33,False
0013,102,22,van,20.001,17.14,2.783,18.851,23.242,23.242,False
0013,102,32,pedestrian,16.998,16.491,7.718,19.321,17.709,17.709,False
0013,102,33,pedestrian,17.407,16.953,5.845,18.762,22.685,22.685,False
0013,102,34,pedestrian,18.824,18.374,5.925,20.282,25.079,25.079,False
0013,102,31,pedestrian,14.645,14.259,8.279,16.794,15.505,15.505,False
0013,103,22,van,19.361,16.501,2.836,17.987,22.235,22.235,False
0013,103,34,pedestrian,18.233,17.776,5.874,20.103,23.853,23.853,False
0013,103,33,pedestrian,16.831,16.371,5.808,18.559,22.156,22.156,False
0013,103,32,pedestrian,16.534,16.026,7.707,18.947,17.051,17.051,False
0013,103,31,pedestrian,14.118,13.73,8.244,16.407,14.727,14.727,False
0013,103,30,cyclist,23.034,22.053,1.482,41.299,24.072,24.072,False
0013,104,22,van,18.759,15.899,2.898,17.271,21.793,21.793,False
0013,104,32,pedestrian,16.102,15.593,7.679,18.682,16.358,16.358,False
0013,104,33,pedestrian,16.257,15.79,5.771,18.389,21.48,21.48,False
0013,104,34,pedestrian,17.643,17.18,5.824,19.819,23.628,23.628,False
0013,104,31,pedestrian,13.615,13.225,8.213,16.008,14.228,14.228,False
0013,104,36,pedestrian,21.473,20.932,9.739,26.383,19.89,19.89,False
0013,104,30,cyclist,22.727,21.742,1.565,37.559,24.2,24.2,False
0013,105,22,van,18.16,15.301,2.96,16.397,20.798,20.798,False
0013,105,36,pedestrian,20.929,20.386,9.724,25.023,19.559,19.559,False
0013,105,34,pedestrian,17.072,16.604,5.784,19.03,23.102,23.102,False
0013,105,31,pedestrian,13.126,12.735,8.189,15.431,13.748,13.748,False
0013,105,32,pedestrian,15.648,15.139,7.652,17.914,16.355,16.355,False
0013,105,33,pedestrian,15.704,15.232,5.729,17.522,20.821,20.821,False
0013,105,30,cyclist,22.43,21.443,1.657,22.525,22.105,22.105,False
0013,106,37,pedestrian,21.098,20.695,9.724,24.199,22.493,22.493,False
0013,106,22,van,17.563,14.704,3.022,15.511,19.904,19.904,False
0013,106,34,pedestrian,16.503,16.029,5.744,17.789,22.231,22.231,False
0013,106,36,pedestrian,20.389,19.844,9.709,23.695,19.136,19.136,False
0013,106,33,pedestrian,15.153,14.676,5.688,16.293,19.755,19.755,False
0013,106,32,pedestrian,15.198,14.688,7.624,17.046,15.891,15.891,False
0013,106,30,cyclist,22.091,21.103,1.69,22.525,22.708,22.708,False
0013,107,22,van,16.968,14.111,3.085,14.782,19.312,19.312,False
0013,107,36,pedestrian,19.906,19.359,9.786,23.554,18.624,18.624,False
0013,107,33,pedestrian,14.606,14.122,5.646,15.618,19.386,19.386,False
0013,107,32,pedestrian,14.752,14.241,7.594,16.111,14.971,14.971,False
0013,107,34,pedestrian,15.937,15.456,5.704,17.023,21.48,21.48,False
0013,107,37,pedestrian,20.558,20.152,9.742,25.158,22.678,22.678,False
0013,107,30,cyclist,21.797,20.807,1.761,22.54,23.237,23.237,False
0013,108,36,pedestrian,19.379,18.832,9.781,23.81,18.519,18.519,False
0013,108,22,van,16.376,13.52,3.147,14.799,22.007,22.007,False
0013,108,34,pedestrian,15.371,14.884,5.66,16.672,20.91,20.91,False
0013,108,32,pedestrian,14.35,13.839,7.575,15.984,14.831,14.831,False
0013,108,33,pedestrian,14.047,13.556,5.621,15.016,18.69,18.69,False
0013,108,30,cyclist,21.529,20.539,1.817,21.373,20.776,20.776,False
0013,109,22,van,15.804,12.95,3.199,14.276,17.664,17.664,False
0013,109,36,pedestrian,18.858,18.31,9.776,23.468,17.967,17.967,False
0013,109,32,pedestrian,13.952,13.44,7.555,15.785,14.441,14.441,False
0013,109,33,pedestrian,13.493,12.994,5.596,14.807,18.017,18.017,False
0013,109,34,pedestrian,14.809,14.315,5.615,16.352,20.153,20.153,False
0013,109,37,pedestrian,19.493,19.081,9.778,23.222,21.055,21.055,False
0013,109,30,cyclist,21.261,20.275,1.874,20.99,20.372,20.372,False
0013,110,37,pedestrian,18.97,18.555,9.796,23.046,20.556,20.556,False
0013,110,32,pedestrian,13.558,13.046,7.533,15.589,13.867,13.867,False
0013,110,22,van,15.235,12.385,3.252,13.802,20.103,20.103,False
0013,110,35,pedestrian,19.639,19.242,2.971,20.112,21.373,21.373,False
0013,110,36,pedestrian,18.306,17.757,9.774,23.071,17.551,17.551,False
0013,110,33,pedestrian,12.963,12.458,5.559,14.434,17.525,17.525,False
0013,110,30,cyclist,20.993,20.013,1.932,21.357,21.136,21.136,False
0013,110,34,pedestrian,14.249,13.748,5.571,15.744,19.233,19.233,False
0013,111,22,van,14.669,11.823,3.305,13.526,19.233,19.233,False
0013,111,32,pedestrian,13.159,12.648,7.494,14.888,13.647,13.647,False
0013,111,35,pedestrian,18.966,18.569,2.998,19.812,20.878,20.878,False
0013,111,37,pedestrian,18.453,18.035,9.814,23.128,20.207,20.207,False
0013,111,33,pedestrian,12.439,11.925,5.522,13.619,15.996,15.996,False
0013,111,36,pedestrian,17.832,17.283,9.766,22.608,16.867,16.867,False
0013,111,30,cyclist,20.747,19.78,1.996,22.538,21.229,21.229,False
0013,112,22,van,14.107,11.267,3.358,12.803,18.342,18.342,False
0013,112,35,pedestrian,18.339,17.941,2.992,18.923,20.246,20.246,False
0013,112,32,pedestrian,12.784,12.274,7.488,14.311,13.203,13.203,False
0013,112,37,pedestrian,17.922,17.5,9.864,22.298,19.579,19.579,False
0013,112,36,pedestrian,17.316,16.767,9.788,21.716,16.386,16.386,False
0013,112,33,pedestrian,11.919,11.398,5.486,13.092,16.064,16.064,False
0013,112,30,cyclist,20.484,19.512,1.966,23.397,21.961,21.961,False
0013,113,22,van,13.55,10.717,3.41,12.156,13.936,13.936,False
0013,113,35,pedestrian,17.69,17.292,3.002,17.623,19.057,19.057,False
0013,113,37,pedestrian,17.375,16.951,9.848,20.756,18.914,18.914,False
0013,113,36,pedestrian,16.809,16.261,9.81,20.29,15.659,15.659,False
0013,113,30,cyclist,20.22,19.244,1.937,22.142,20.886,20.886,False
0013,113,33,pedestrian,11.405,10.875,5.449,12.924,16.177,16.177,False
0013,114,37,pedestrian,16.836,16.41,9.832,19.582,18.126,18.126,False
0013,114,22,van,12.998,10.174,3.463,11.287,13.926,13.926,False
0013,114,35,pedestrian,17.042,16.643,3.012,16.495,18.813,18.813,False
0013,114,33,pedestrian,10.898,10.359,5.412,11.568,14.281,14.281,False
0013,114,36,pedestrian,16.296,15.748,9.834,18.772,15.191,15.191,False
0013,114,30,cyclist,20.018,19.045,1.94,19.998,19.017,19.017,False
0013,114,32,pedestrian,12.033,11.525,7.442,13.75,12.503,12.503,False
0013,115,35,pedestrian,16.396,15.997,3.023,15.874,17.81,17.81,False
0013,115,22,van,12.451,9.639,3.516,11.098,13.413,13.413,False
0013,115,37,pedestrian,16.287,15.858,9.794,19.262,17.559,17.559,False
0013,115,30,cyclist,19.781,18.811,1.93,21.747,21.064,21.064,False
0013,115,33,pedestrian,10.399,9.85,5.376,11.612,15.092,15.092,False
0013,116,22,van,11.924,9.118,3.616,10.672,12.777,12.777,False
0013,116,35,pedestrian,15.752,15.352,3.033,15.713,17.485,17.485,False
0013,116,30,cyclist,19.543,18.578,1.921,22.573,20.554,20.554,False
0013,116,33,pedestrian,9.909,9.349,5.339,10.904,13.148,13.148,False
0013,116,37,pedestrian,15.747,15.316,9.756,20.254,18.073,18.073,False
0013,117,35,pedestrian,15.109,14.709,3.044,14.99,16.518,16.518,False
0013,117,22,van,11.405,8.608,3.717,9.623,12.139,12.139,False
0013,117,33,pedestrian,9.428,8.858,5.302,10.672,12.701,12.701,False
0013,117,30,cyclist,19.305,18.345,1.911,22.573,20.718,20.718,False
0013,118,35,pedestrian,14.464,14.063,3.081,14.695,15.766,15.766,False
0013,118,22,van,10.894,8.11,3.818,9.965,11.253,11.253,False
0013,118,30,cyclist,19.068,18.112,1.902,21.371,20.387,20.387,False
0013,119,35,pedestrian,13.822,13.421,3.118,13.946,15.092,15.092,False
0013,119,22,van,10.377,7.615,3.863,8.525,9.76,9.76,False
0013,119,30,cyclist,18.84,17.895,1.904,20.662,18.006,18.006,False
0013,120,35,pedestrian,13.183,12.782,3.155,12.851,14.262,14.262,False
0013,120,22,van,9.87,7.138,3.907,7.917,9.696,9.696,False
0013,120,30,cyclist,18.623,17.676,1.826,24.325,26.82,26.82,False
0013,121,35,pedestrian,12.548,12.146,3.192,11.984,13.49,13.49,False
0013,121,22,van,9.375,6.682,3.952,7.524,9.261,9.261,False
0013,121,30,cyclist,18.405,17.46,1.786,22.547,22.54,22.54,False
0013,122,35,pedestrian,11.913,11.51,3.232,11.303,12.85,12.85,False
0013,122,22,van,8.899,6.25,3.999,7.891,9.494,9.494,False
0013,122,30,cyclist,18.186,17.24,1.739,21.342,24.493,24.493,False
0013,123,35,pedestrian,11.298,10.896,3.261,10.919,12.263,12.263,False
0013,123,22,van,8.439,5.846,4.045,8.508,9.855,9.855,False
0013,123,30,cyclist,17.968,17.02,1.652,19.952,19.587,19.587,False
0013,124,35,pedestrian,10.688,10.286,3.29,10.46,11.58,11.58,False
0013,124,22,van,7.997,5.476,4.092,8.479,9.854,9.854,False
0013,124,30,cyclist,17.75,16.798,1.589,19.949,18.996,18.996,False
0013,125,22,van,7.576,5.147,4.139,8.596,10.117,10.117,False
0013,125,35,pedestrian,10.074,9.672,3.292,9.955,11.214,11.214,False
0013,125,30,cyclist,17.531,16.579,1.533,19.629,17.986,17.986,False
0013,126,35,pedestrian,9.447,9.046,3.274,9.284,10.4,10.4,False
0013,126,22,van,7.18,4.868,4.185,8.44,10.092,10.092,False
0013,126,30,cyclist,17.313,16.361,1.48,18.469,17.547,17.547,False
0013,127,35,pedestrian,8.865,8.464,3.297,8.609,9.694,9.694,False
0013,127,22,van,6.814,4.647,4.232,7.514,10.67,10.67,False
0013,127,30,cyclist,17.009,16.057,1.464,18.463,17.187,17.187,False
0013,128,35,pedestrian,8.272,7.873,3.299,8.171,9.151,9.151,False
0013,128,30,cyclist,16.836,15.891,1.382,20.596,18.697,18.697,False
0013,128,22,van,6.481,4.493,4.279,7.707,6.536,6.536,False
0013,129,35,pedestrian,7.69,7.294,3.301,7.689,8.457,8.457,False
0013,129,30,cyclist,16.664,15.717,1.3,21.311,18.558,18.558,False
0013,129,67,car,19.716,17.766,11.407,20.395,21.903,21.903,False
0013,130,35,pedestrian,7.121,6.729,3.303,7.141,7.807,7.807,False
0013,130,30,cyclist,16.526,15.576,1.237,20.631,19.256,19.256,False
0013,131,35,pedestrian,6.569,6.182,3.306,,,,False
0013,131,30,cyclist,16.389,15.435,1.174,23.333,18.687,18.687,True
0013,132,35,pedestrian,6.051,5.671,3.29,7.521,8.741,8.741,False
0013,132,30,cyclist,16.251,15.294,1.111,16.923,15.882,15.882,True
0013,133,30,cyclist,16.064,15.11,1.092,16.252,15.49,15.49,True
0013,134,30,cyclist,15.877,14.925,1.072,18.734,17.162,17.162,True
0013,135,30,cyclist,15.691,14.741,1.053,16.037,15.775,15.775,True
0013,136,30,cyclist,15.504,14.556,1.034,17.409,17.885,17.885,True
0013,137,30,cyclist,15.321,14.364,0.992,17.166,17.395,17.395,True
0013,138,30,cyclist,15.137,14.173,0.952,17.161,16.934,16.934,True
0013,139,30,cyclist,14.954,13.983,0.912,16.703,16.826,16.826,True
0013,141,30,cyclist,14.795,13.811,0.987,16.069,15.598,15.598,True
0013,142,30,cyclist,14.695,13.716,1.099,16.502,15.327,15.327,True
0014,0,3,van,32.516,30.491,16.583,50.433,25.405,25.405,False
0014,0,0,car,39.09,37.232,4.802,100.701,40.75,40.75,False
0014,0,16,car,67.457,65.852,5.163,,61.914,61.914,False
0014,0,15,car,45.388,43.319,5.078,149.426,47.561,47.561,False
0014,1,3,van,32.513,30.492,16.584,50.465,25.438,25.438,False
0014,1,0,car,38.994,37.139,4.782,100.701,39.315,39.315,False
0014,1,16,car,67.548,65.914,5.04,,56.417,56.417,False
0014,2,3,van,32.511,30.493,16.585,50.497,25.204,25.204,False
0014,2,0,car,38.899,37.046,4.763,100.71,39.315,39.315,False
0014,3,3,van,32.509,30.494,16.586,51.255,25.024,25.024,False
0014,3,0,car,38.804,36.954,4.743,93.525,39.311,39.311,False
0014,3,16,car,67.719,65.976,4.878,,57.129,57.129,False
0014,4,3,van,32.507,30.495,16.587,48.796,25.007,25.007,False
0014,4,0,car,38.709,36.861,4.723,93.066,39.315,39.315,False
0014,4,16,car,67.799,65.979,4.844,,55.687,55.687,False
0014,4,2,pedestrian,24.392,23.721,10.792,35.901,22.798,22.798,False
0014,5,3,van,32.505,30.496,16.588,51.305,24.846,24.846,False
0014,5,0,car,38.614,36.768,4.704,93.066,39.656,39.656,False
0014,5,16,car,67.791,65.815,4.586,,57.108,57.108,False
0014,5,1,pedestrian,23.979,23.343,10.016,32.842,21.424,21.424,False
0014,5,2,pedestrian,24.413,23.743,10.793,34.986,22.424,22.424,False
0014,6,1,pedestrian,23.991,23.356,10.034,32.133,21.186,21.186,False
0014,6,3,van,32.502,30.497,16.589,48.831,25.105,25.105,False
0014,6,0,car,38.519,36.676,4.684,86.906,39.656,39.656,False
0014,6,16,car,67.785,65.676,4.352,,55.67,55.67,False
0014,7,3,van,32.4,30.404,16.583,46.619,25.17,25.17,False
0014,7,0,car,38.423,36.583,4.665,80.79,38.634,38.634,False
0014,7,16,car,67.725,65.614,4.177,,57.101,57.101,False
0014,7,1,pedestrian,24.003,23.37,10.052,32.15,23.402,23.402,False
0014,7,15,car,45.121,43.049,4.97,120.134,47.55,47.55,False
0014,8,16,car,67.667,65.554,4.003,,56.349,56.349,False
0014,8,3,van,32.297,30.311,16.578,45.967,24.799,24.799,False
0014,8,0,car,38.328,36.49,4.645,76.0,40.002,40.002,False
0014,8,1,pedestrian,24.015,23.385,10.07,33.579,26.333,26.333,False
0014,8,2,pedestrian,24.452,23.792,10.694,32.193,23.902,23.902,False
0014,9,16,car,67.949,65.735,4.013,,54.97,54.97,False
0014,9,3,van,32.195,30.219,16.572,46.012,25.04,25.04,False
0014,9,0,car,38.113,36.277,4.567,75.814,39.3,39.3,False
0014,10,16,car,68.231,65.94,4.042,,55.645,55.645,False
0014,10,3,van,32.093,30.127,16.567,46.74,24.217,24.217,False
0014,10,0,car,37.898,36.064,4.489,75.794,39.297,39.297,False
0014,10,15,car,44.918,42.859,4.827,109.252,47.542,47.542,False
0014,11,16,car,68.482,66.146,3.872,,54.955,54.955,False
0014,11,0,car,37.683,35.85,4.412,76.183,39.682,39.682,False
0014,11,15,car,44.761,42.703,4.674,109.344,46.544,46.544,False
0014,11,3,van,32.078,30.115,16.72,46.894,24.585,24.585,False
0014,11,2,pedestrian,24.484,23.835,10.662,33.721,23.712,23.712,False
0014,12,0,car,37.468,35.637,4.334,75.781,38.641,38.641,False
0014,12,16,car,68.734,66.369,3.711,,55.632,55.632,False
0014,12,15,car,44.605,42.548,4.545,109.301,46.053,46.053,False
0014,12,3,van,32.064,30.104,16.874,46.315,24.855,24.855,False
0014,12,2,pedestrian,24.489,23.841,10.694,33.839,23.662,23.662,False
0014,13,16,car,68.855,66.477,3.54,,59.326,59.326,False
0014,13,15,car,44.45,42.393,4.416,109.174,46.522,46.522,False
0014,13,0,car,37.253,35.424,4.256,76.11,37.944,37.944,False
0014,13,3,van,32.052,30.095,17.028,45.24,24.461,24.461,False
0014,13,2,pedestrian,24.494,23.848,10.726,33.116,22.373,22.373,False
0014,14,16,car,68.976,66.593,3.372,,60.109,60.109,False
0014,14,0,car,36.894,35.069,4.085,76.062,37.965,37.965,False
0014,14,15,car,44.294,42.238,4.272,109.252,45.555,45.555,False
0014,14,3,van,31.845,29.874,17.065,46.361,24.607,24.607,False
0014,15,0,car,36.535,34.714,3.914,75.841,37.311,37.311,False
0014,15,15,car,44.139,42.084,4.128,109.204,45.538,45.538,False
0014,15,16,car,69.089,66.706,3.143,,58.533,58.533,False
0014,15,3,van,31.64,29.654,17.103,44.57,23.878,23.878,False
0014,15,2,pedestrian,24.506,23.861,10.79,34.116,22.363,22.363,False
0014,16,0,car,36.118,34.301,3.733,75.656,36.983,36.983,False
0014,16,15,car,43.968,41.914,3.92,109.174,45.982,45.982,False
0014,16,3,van,31.436,29.436,17.141,47.093,23.92,23.92,False
0014,16,16,car,69.203,66.824,2.915,,65.41,65.41,False
0014,17,3,van,31.284,29.267,17.269,49.566,24.308,24.308,False
0014,17,0,car,35.701,33.889,3.552,75.639,38.224,38.224,False
0014,17,15,car,43.799,41.744,3.711,109.072,45.031,45.031,False
0014,17,16,car,69.281,66.909,2.645,,59.28,59.28,False
0014,18,3,van,31.135,29.1,17.397,46.655,23.269,23.269,False
0014,18,0,car,35.286,33.477,3.371,71.507,36.637,36.637,False
0014,18,15,car,43.632,41.577,3.511,109.086,45.47,45.47,False
0014,18,2,pedestrian,24.397,23.783,10.944,35.005,22.315,22.315,False
0014,18,16,car,69.36,67.0,2.377,,59.26,59.26,False
0014,19,3,van,30.988,28.936,17.524,44.305,24.469,24.469,False
0014,19,0,car,34.87,33.065,3.19,71.3,36.025,36.025,False
0014,19,15,car,43.465,41.41,3.311,119.744,45.453,45.453,False
0014,19,16,car,69.506,67.157,2.108,,57.703,57.703,False
0014,20,16,car,69.653,67.317,1.84,,55.512,55.512,False
0014,20,15,car,43.299,41.243,3.099,119.677,43.231,43.231,False
0014,20,0,car,34.347,32.542,2.956,75.645,34.85,34.85,False
0014,20,2,pedestrian,24.25,23.644,11.112,33.644,21.724,21.724,False
0014,21,16,car,69.619,67.339,1.726,,55.494,55.494,False
0014,21,0,car,33.824,32.02,2.722,80.707,34.314,34.314,False
0014,21,2,pedestrian,24.178,23.576,11.197,33.807,21.918,21.918,False
0014,21,15,car,42.693,40.637,2.83,132.469,44.504,44.504,False
0014,22,16,car,69.586,67.346,1.374,,58.406,58.406,False
0014,22,2,pedestrian,24.125,23.535,11.302,35.571,22.612,22.612,False
0014,22,0,car,33.303,31.498,2.488,80.693,34.02,34.02,False
0014,23,0,car,32.79,30.986,2.294,75.515,33.258,33.258,False
0014,23,16,car,69.544,67.305,0.994,,56.899,56.899,True
0014,23,3,van,30.396,28.298,18.025,41.802,25.521,25.521,False
0014,23,15,car,41.487,39.431,2.306,148.465,43.596,43.596,False
0014,24,0,car,32.279,30.475,2.1,75.605,33.252,33.252,False
0014,24,16,car,69.505,67.266,0.613,,54.786,54.786,True
0014,24,15,car,40.886,38.83,2.052,119.399,39.69,39.69,False
0014,25,16,car,69.571,67.315,0.233,,54.779,54.779,True
0014,25,0,car,31.767,29.964,1.906,71.066,32.252,32.252,False
0014,25,2,pedestrian,23.884,23.327,11.548,33.451,21.562,21.562,False
0014,26,2,pedestrian,23.747,23.195,11.581,34.858,21.996,21.996,False
0014,26,16,car,69.639,67.367,0.0,,54.775,54.775,True
0014,26,0,car,31.257,29.454,1.712,71.037,31.553,31.553,False
0014,27,16,car,69.624,67.3,0.0,,56.879,56.879,True
0014,27,0,car,30.743,28.942,1.585,71.014,32.009,32.009,False
0014,27,2,pedestrian,23.611,23.064,11.614,34.662,21.891,21.891,False
0014,27,15,car,39.155,37.102,1.451,108.684,38.961,38.961,False
0014,28,1,pedestrian,23.054,22.561,11.064,33.441,21.45,21.45,False
0014,28,16,car,69.609,67.249,0.0,,55.457,55.457,True
0014,28,0,car,30.23,28.427,1.459,63.733,30.46,30.46,False
0014,28,2,pedestrian,23.529,22.974,11.548,33.76,21.408,21.408,False
0014,29,0,car,29.609,27.806,1.487,60.591,30.07,30.07,False
0014,29,16,car,69.623,67.256,0.0,,55.455,55.455,True
0014,29,15,car,38.036,35.98,1.373,92.271,38.619,38.619,False
0014,30,0,car,28.989,27.185,1.516,50.611,28.891,28.891,False
0014,30,2,pedestrian,23.364,22.794,11.416,30.951,21.52,21.52,False
0014,30,16,car,69.638,67.265,0.0,,57.619,57.619,True
0014,31,16,car,69.65,67.274,0.324,,56.171,56.171,True
0014,31,1,pedestrian,22.699,22.171,10.723,28.29,21.341,21.341,False
0014,31,0,car,28.386,26.583,1.673,46.793,28.921,28.921,False
0014,31,15,car,36.878,34.821,1.65,70.9,38.306,38.306,False
0014,32,0,car,27.786,25.983,1.831,46.655,28.392,28.392,False
0014,32,16,car,69.668,67.289,0.868,,56.906,56.906,True
0014,32,1,pedestrian,22.543,22.026,10.479,29.521,21.799,21.799,False
0014,32,15,car,36.277,34.222,1.84,70.94,37.676,37.676,False
0014,33,0,car,27.189,25.385,2.081,45.205,27.218,27.218,False
0014,33,2,pedestrian,22.92,22.407,10.742,30.255,20.536,20.536,False
0014,33,16,car,69.658,67.275,1.713,,55.503,55.503,False
0014,33,15,car,35.686,33.628,2.214,75.38,37.079,37.079,False
0014,34,0,car,26.596,24.792,2.332,46.759,26.609,26.609,False
0014,34,2,pedestrian,22.747,22.235,10.402,30.634,20.466,20.466,False
0014,34,16,car,69.66,67.281,2.566,,54.186,54.186,False
0014,34,15,car,35.101,33.04,2.589,75.426,35.352,35.352,False
0014,35,0,car,25.919,24.113,2.662,43.81,25.749,25.749,False
0014,35,2,pedestrian,22.578,22.065,10.062,30.6,20.768,20.768,False
0014,35,16,car,69.541,67.18,3.663,,58.516,58.516,False
0014,35,15,car,34.528,32.462,3.102,71.124,34.848,34.848,False
0014,36,0,car,25.25,23.44,2.993,39.741,24.96,24.96,False
0014,36,2,pedestrian,22.413,21.9,9.722,29.673,20.849,20.849,False
0014,36,15,car,33.893,31.83,3.48,71.3,35.476,35.476,False
0014,37,0,car,24.59,22.774,3.323,38.452,24.238,24.238,False
0014,37,2,pedestrian,22.17,21.659,9.342,29.852,20.46,20.46,False
0014,37,15,car,33.278,31.214,4.039,67.535,35.561,35.561,False
0014,38,0,car,23.84,22.031,3.664,37.463,23.459,23.459,False
0014,38,15,car,32.677,30.611,4.598,71.771,35.128,35.128,False
0014,38,16,car,69.273,66.94,7.783,,58.886,58.886,False
0014,38,1,pedestrian,21.495,21.015,8.329,31.733,20.349,20.349,False
0014,39,0,car,23.103,21.298,4.006,37.935,22.527,22.527,False
0014,39,1,pedestrian,21.326,20.85,7.914,31.48,19.791,19.791,False
0014,39,3,van,26.993,24.757,15.989,36.637,26.05,26.05,False
0014,39,16,car,69.088,66.755,9.367,,60.681,60.681,False
0014,39,15,car,32.095,30.025,5.224,76.312,33.431,33.431,False
0014,40,0,car,22.381,20.577,4.348,38.184,22.013,22.013,False
0014,40,3,van,26.746,24.506,15.582,34.167,21.464,21.464,False
0014,40,1,pedestrian,21.041,20.56,7.291,31.778,20.392,20.392,False
0014,40,16,car,68.943,66.608,10.951,,60.942,60.942,False
0014,40,15,car,31.532,29.458,5.85,76.723,31.943,31.943,False
0014,40,2,pedestrian,21.526,21.027,7.804,30.714,19.72,19.72,False
0014,41,0,car,21.58,19.778,4.702,34.363,21.155,21.155,False
0014,41,3,van,26.445,24.192,14.998,32.409,20.435,20.435,False
0014,41,1,pedestrian,20.772,20.286,6.667,29.384,19.791,19.791,False
0014,41,16,car,68.827,66.538,12.847,,59.658,59.658,False
0014,42,0,car,20.801,18.996,5.059,30.616,20.415,20.415,False
0014,42,3,van,26.152,23.888,14.415,31.313,20.347,20.347,False
0014,42,1,pedestrian,20.517,20.026,6.044,28.474,19.383,19.383,False
0014,42,15,car,30.262,28.189,7.116,56.74,30.248,30.248,False
0014,43,0,car,20.044,18.235,5.418,27.422,19.306,19.306,False
0014,43,3,van,25.869,23.594,13.835,30.18,19.818,19.818,False
0014,43,1,pedestrian,20.279,19.782,5.42,27.11,18.703,18.703,False
0014,43,15,car,29.666,27.588,7.92,52.624,29.402,29.402,False
0014,44,0,car,19.22,17.393,5.763,25.625,18.457,18.457,False
0014,44,3,van,25.577,23.307,13.142,29.717,19.445,19.445,False
0014,44,1,pedestrian,20.057,19.554,4.797,26.287,18.643,18.643,False
0014,44,15,car,29.11,27.027,8.725,47.439,28.696,28.696,False
0014,45,0,car,18.428,16.587,6.113,23.474,17.653,17.653,False
0014,45,3,van,25.302,23.037,12.45,27.629,18.983,18.983,False
0014,45,1,pedestrian,19.725,19.222,3.879,24.548,18.646,18.646,False
0014,45,15,car,28.465,26.372,9.64,43.378,28.474,28.474,False
0014,46,3,van,24.943,22.688,11.508,26.893,18.8,18.8,False
0014,46,0,car,17.673,15.821,6.469,21.808,16.724,16.724,False
0014,46,2,pedestrian,19.983,19.466,3.397,22.949,18.092,18.092,False
0014,47,3,van,24.616,22.372,10.569,24.477,18.214,18.214,False
0014,47,0,car,16.925,15.054,6.808,20.071,16.12,16.12,False
0014,47,15,car,27.692,25.591,11.758,37.726,27.78,27.78,False
0014,47,2,pedestrian,19.622,19.103,2.375,22.717,18.274,18.274,False
0014,47,16,car,68.026,65.884,28.164,88.795,56.011,56.011,False
0014,48,0,car,16.227,14.34,7.159,18.451,15.214,15.214,False
0014,48,3,van,24.148,21.894,9.461,23.789,17.861,17.861,False
0014,48,15,car,27.42,25.314,12.821,36.755,27.612,27.612,False
0014,48,1,pedestrian,18.834,18.344,0.962,22.156,17.407,17.407,True
0014,49,3,van,23.723,21.461,8.359,25.623,18.06,18.06,False
0014,49,0,car,15.472,13.561,7.386,17.443,14.418,14.418,False
0014,49,1,pedestrian,18.61,18.127,0.0,22.095,17.228,17.228,True
0014,49,15,car,27.245,25.132,13.985,38.094,28.228,28.228,False
0014,50,3,van,23.341,21.073,7.264,25.535,17.46,17.46,False
0014,50,1,pedestrian,18.212,17.722,0.0,22.927,17.346,17.346,True
0014,50,0,car,14.707,12.804,7.552,16.983,14.131,14.131,False
0014,50,15,car,27.164,25.043,15.153,53.773,37.209,37.209,False
0014,51,3,van,23.005,20.732,6.175,26.53,17.373,17.373,False
0014,51,1,pedestrian,17.875,17.376,0.815,22.543,16.71,16.71,True
0014,51,2,pedestrian,18.369,17.843,0.536,23.857,17.076,17.076,True
0014,52,3,van,22.497,20.21,5.055,26.558,16.64,16.64,False
0014,52,2,pedestrian,18.133,17.605,1.648,23.064,16.776,16.776,False
0014,52,1,pedestrian,17.6,17.092,1.849,22.679,16.497,16.497,False
0014,53,3,van,22.036,19.738,3.943,26.81,16.504,16.504,False
0014,53,1,pedestrian,17.291,16.772,2.923,23.046,16.169,16.169,False
0014,53,2,pedestrian,17.788,17.254,2.716,22.815,16.601,16.601,False
0014,54,3,van,21.625,19.318,2.84,26.432,16.109,16.109,False
0014,54,1,pedestrian,17.058,16.529,3.998,21.792,15.759,15.759,False
0014,54,2,pedestrian,17.516,16.976,3.785,21.909,16.16,16.16,False
0014,55,6,car,62.292,60.077,37.669,104.561,49.82,49.82,False
0014,55,3,van,21.267,18.953,1.745,25.144,15.65,15.65,False
0014,55,1,pedestrian,16.718,16.18,5.039,21.144,15.745,15.745,False
0014,55,2,pedestrian,17.321,16.774,4.856,21.682,15.769,15.769,False
0014,56,1,pedestrian,16.445,15.898,6.058,20.023,15.456,15.456,False
0014,56,3,van,20.732,18.417,0.656,23.972,15.349,15.349,True
0014,56,6,car,60.69,58.475,34.217,99.985,49.473,49.473,False
0014,56,2,pedestrian,16.961,16.394,5.817,21.163,15.616,15.616,False
0014,57,3,van,20.251,17.938,0.0,22.544,15.206,15.206,True
0014,57,6,car,59.256,57.041,30.771,81.137,50.343,50.343,False
0014,57,2,pedestrian,16.681,16.095,6.778,20.083,15.451,15.451,False
0014,57,1,pedestrian,16.138,15.585,6.875,19.274,15.112,15.112,False
0014,58,6,car,57.966,55.75,27.396,63.784,46.828,46.828,False
0014,58,2,pedestrian,16.486,15.882,7.74,19.404,15.453,15.453,False
0014,58,3,van,19.83,17.521,0.0,20.95,14.748,14.748,True
0014,58,1,pedestrian,15.875,15.312,7.857,19.259,14.771,14.771,False
0014,59,6,car,56.857,54.641,24.028,56.377,46.23,46.23,False
0014,59,3,van,19.471,17.168,0.0,19.947,14.501,14.501,True
0014,59,2,pedestrian,16.149,15.538,8.613,18.857,15.074,15.074,False
0014,60,6,car,55.913,53.696,20.721,55.121,44.967,44.967,False
0014,60,3,van,18.874,16.582,0.0,19.801,14.177,14.177,True
0014,60,4,car,16.267,14.34,9.08,14.436,15.309,15.309,False
0014,60,1,pedestrian,15.438,14.864,9.554,18.776,14.44,14.44,False
0014,61,6,car,54.146,51.929,17.265,61.553,43.112,43.112,False
0014,61,3,van,18.345,16.068,0.557,19.012,13.509,13.509,True
0014,61,4,car,15.903,13.968,8.426,14.66,14.988,14.988,False
0014,62,3,van,17.891,15.632,1.711,18.841,13.121,13.121,False
0014,62,6,car,52.789,50.572,13.907,66.47,43.836,43.836,False
0014,62,4,car,15.563,13.622,7.777,14.455,15.502,15.502,False
0014,63,8,car,33.061,31.299,15.222,31.041,29.984,29.984,False
0014,63,3,van,17.516,15.281,2.869,18.308,12.835,12.835,False
0014,63,6,car,51.625,49.407,10.555,59.277,42.307,42.307,False
0014,63,4,car,15.116,13.166,7.138,13.85,15.049,15.049,False
0014,63,5,car,20.866,18.569,9.915,23.355,24.448,24.448,False
0014,64,3,van,16.935,14.703,3.889,17.543,12.321,12.321,False
0014,64,8,car,32.527,30.765,13.684,30.147,29.369,29.369,False
0014,64,6,car,49.974,47.756,7.43,55.862,41.015,41.015,False
0014,64,4,car,14.689,12.732,6.503,12.972,14.436,14.436,False
0014,64,5,car,20.311,18.013,8.925,20.764,21.501,21.501,False
0014,65,6,car,48.498,46.279,4.311,55.208,39.211,39.211,False
0014,65,3,van,16.434,14.211,4.916,17.715,12.036,12.036,False
0014,65,8,car,32.063,30.299,12.185,28.885,28.678,28.678,False
0014,65,4,car,14.285,12.322,5.872,12.722,14.107,14.107,False
0014,65,5,car,19.918,17.617,8.098,20.266,21.428,21.428,False
0014,66,3,van,15.929,13.734,5.761,16.524,11.611,11.611,False
0014,66,6,car,47.19,44.97,1.508,57.515,38.33,38.33,False
0014,66,8,car,31.666,29.898,10.737,30.343,28.427,28.427,False
0014,66,4,car,13.768,11.797,5.388,12.384,13.515,13.515,False
0014,66,5,car,19.56,17.256,7.276,20.219,20.64,20.64,False
0014,67,8,car,31.093,29.32,9.353,32.842,28.84,28.84,False
0014,67,3,van,15.5,13.341,6.609,15.491,11.013,11.013,False
0014,67,6,car,45.871,43.651,0.0,60.3,38.248,38.248,True
0014,67,4,car,13.259,11.283,4.908,12.317,12.872,12.872,False
0014,67,5,car,19.15,16.843,6.587,20.863,19.867,19.867,False
0014,68,3,van,14.947,12.828,7.143,15.186,10.389,10.389,False
0014,68,6,car,44.533,42.313,0.057,63.553,36.09,36.09,True
0014,68,8,car,30.558,28.785,8.175,33.35,27.345,27.345,False
0014,68,4,car,12.761,10.779,4.429,12.058,12.247,12.247,False
0014,68,5,car,18.763,16.453,5.9,21.584,19.68,19.68,False
0014,69,4,car,12.273,10.287,3.953,11.673,11.572,11.572,False
0014,69,6,car,43.248,41.028,2.007,71.138,34.77,34.77,False
0014,69,8,car,30.055,28.285,7.145,35.824,27.18,27.18,False
0014,69,3,van,14.454,12.384,7.679,16.78,11.69,11.69,False
0014,69,5,car,18.247,15.933,5.319,20.782,18.558,18.558,False
0014,70,8,car,29.466,27.694,6.344,35.848,27.018,27.018,False
0014,70,4,car,11.698,9.708,3.702,11.013,10.95,10.95,False
0014,70,6,car,41.908,39.688,3.622,71.402,33.593,33.593,False
0014,70,3,van,14.027,12.015,8.216,16.232,11.0,11.0,False
0014,70,5,car,17.665,15.349,4.887,19.664,17.472,17.472,False
0014,70,10,car,40.471,38.643,8.438,56.305,38.314,38.314,False
0014,71,8,car,28.888,27.117,5.666,35.505,26.252,26.252,False
0014,71,6,car,40.591,38.371,4.935,64.232,32.773,32.773,False
0014,71,4,car,11.125,9.13,3.451,10.648,10.44,10.44,False
0014,71,3,van,13.572,11.626,8.483,14.693,10.35,10.35,False
0014,71,5,car,17.088,14.77,4.455,18.719,16.184,16.184,False
0014,72,6,car,39.212,36.993,5.984,51.296,31.365,31.365,False
0014,72,4,car,10.552,8.553,3.201,9.771,9.742,9.742,False
0014,72,8,car,28.32,26.559,5.058,32.833,25.561,25.561,False
0014,72,5,car,16.482,14.155,4.188,16.522,14.698,14.698,False
0014,72,10,car,39.189,37.364,6.606,49.19,35.349,35.349,False
0014,73,6,car,37.846,35.627,6.964,42.92,30.31,30.31,False
0014,73,4,car,9.995,7.994,3.057,9.161,9.253,9.253,False
0014,73,8,car,27.677,25.915,4.592,30.085,25.184,25.184,False
0014,73,5,car,15.877,13.542,3.923,15.28,14.003,14.003,False
0014,74,6,car,36.501,34.283,7.646,40.459,28.785,28.785,False
0014,74,4,car,9.439,7.436,2.912,8.32,8.594,8.594,False
0014,74,8,car,27.039,25.277,4.125,27.995,23.937,23.937,False
0014,74,5,car,15.255,12.917,3.74,14.263,13.307,13.307,False
0014,74,10,car,37.975,36.143,5.37,40.834,34.578,34.578,False
0014,75,6,car,35.154,32.938,8.265,38.559,27.608,27.608,False
0014,75,8,car,26.404,24.64,3.845,28.601,24.022,24.022,False
0014,75,4,car,8.818,6.814,2.826,7.717,7.958,7.958,False
0014,75,5,car,14.634,12.292,3.558,13.781,12.763,12.763,False
0014,76,6,car,33.835,31.62,8.885,36.738,26.719,26.719,False
0014,76,4,car,8.2,6.198,2.74,7.084,7.356,7.356,False
0014,76,8,car,25.725,23.962,3.561,27.28,23.368,23.368,False
0014,76,5,car,13.985,11.641,3.449,13.255,12.236,12.236,False
0014,76,10,car,36.682,34.845,4.496,39.424,32.981,32.981,False
0014,76,13,car,53.16,51.508,5.628,55.259,45.594,45.594,False
0014,77,7,car,62.717,60.652,4.377,80.295,58.6,58.6,False
0014,77,4,car,7.578,5.582,2.685,7.501,7.358,7.358,False
0014,77,6,car,32.547,30.334,9.505,34.684,25.643,25.643,False
0014,77,8,car,25.047,23.285,3.276,26.695,22.736,22.736,False
0014,77,13,car,52.508,50.854,5.132,55.172,45.569,45.569,False
0014,77,5,car,13.336,10.99,3.341,12.349,11.494,11.494,False
0014,78,4,car,6.964,4.98,2.63,8.3,7.555,7.555,False
0014,78,7,car,61.205,59.139,5.111,75.627,57.182,57.182,False
0014,78,8,car,24.371,22.609,2.992,25.529,22.047,22.047,False
0014,78,6,car,31.191,28.982,9.86,32.203,24.444,24.444,False
0014,78,5,car,12.688,10.341,3.233,11.817,11.047,11.047,False
0014,78,13,car,51.861,50.204,4.635,52.741,44.593,44.593,False
0014,79,4,car,6.36,4.397,2.57,7.089,7.744,7.744,False
0014,79,7,car,59.707,57.639,5.845,75.68,56.529,56.529,False
0014,79,8,car,23.67,21.908,2.865,24.504,21.628,21.628,False
0014,79,6,car,29.859,27.657,10.215,30.085,23.271,23.271,False
0014,79,5,car,12.041,9.692,3.124,11.095,10.347,10.347,False
0014,79,10,car,34.599,32.755,3.589,32.169,27.319,27.319,False
0014,79,13,car,51.124,49.465,4.364,45.024,38.45,38.45,False
0014,80,7,car,58.126,56.058,6.266,75.668,52.003,52.003,False
0014,80,4,car,5.751,3.831,2.503,6.884,7.977,7.977,False
0014,80,8,car,22.97,21.205,2.739,24.536,21.22,21.22,False
0014,80,6,car,28.584,26.388,10.428,28.807,22.051,22.051,False
0014,80,5,car,11.395,9.045,3.016,10.449,9.657,9.657,False
0014,80,9,car,27.988,26.133,3.234,32.156,26.053,26.053,False
0014,80,13,car,50.388,48.728,4.092,52.715,41.26,41.26,False
0014,81,8,car,22.269,20.502,2.613,25.018,21.026,21.026,False
0014,81,6,car,27.329,25.142,10.64,28.089,20.928,20.928,False
0014,81,7,car,56.553,54.484,6.687,81.038,50.912,50.912,False
0014,81,4,car,5.164,3.318,2.436,7.572,8.37,8.37,False
0014,81,5,car,10.67,8.32,2.954,9.735,9.033,9.033,False
0014,81,10,car,33.152,31.301,3.261,31.339,25.161,25.161,False
0014,82,6,car,26.099,23.923,10.853,27.054,20.081,20.081,False
0014,82,8,car,21.525,19.756,2.532,23.144,19.485,19.485,False
0014,82,5,car,9.95,7.602,2.893,9.014,8.417,8.417,False
0014,82,7,car,54.972,52.902,7.059,75.904,48.779,48.779,False
0014,82,4,car,4.608,2.888,2.369,7.11,9.156,9.156,False
0014,82,10,car,32.392,30.539,3.124,31.326,25.718,25.718,False
0014,82,9,car,26.499,24.638,3.03,31.331,24.083,24.083,False
0014,82,13,car,48.918,47.256,3.55,46.701,37.141,37.141,False
0014,83,7,car,53.411,51.339,7.537,76.192,49.951,49.951,False
0014,83,6,car,24.847,22.685,11.011,25.215,18.938,18.938,False
0014,83,8,car,20.782,19.008,2.452,21.918,18.606,18.606,False
0014,83,5,car,9.235,6.892,2.831,8.218,7.743,7.743,False
0014,83,13,car,48.184,46.521,3.278,44.973,35.34,35.34,False
0014,83,9,car,25.755,23.891,2.928,31.318,23.328,23.328,False
0014,83,10,car,31.633,29.778,2.987,29.811,24.577,24.577,False
0014,84,7,car,51.784,49.711,7.777,71.811,50.037,50.037,False
0014,84,8,car,20.038,18.26,2.371,21.511,18.164,18.164,False
0014,84,6,car,23.625,21.48,11.17,23.863,18.071,18.071,False
0014,84,5,car,8.545,6.213,2.809,7.514,7.05,7.05,False
0014,84,9,car,24.953,23.088,2.836,28.461,22.626,22.626,False
0014,84,10,car,30.874,29.017,2.851,29.806,24.316,24.316,False
0014,84,11,car,36.049,33.969,2.912,44.967,32.785,32.785,False
0014,84,13,car,47.389,45.725,3.171,43.398,32.763,32.763,False
0014,85,5,car,7.866,5.553,2.787,7.087,6.687,6.687,False
0014,85,8,car,19.243,17.46,2.352,20.814,17.35,17.35,False
0014,85,7,car,50.163,48.089,8.018,67.935,47.996,47.996,False
0014,85,6,car,22.424,20.3,11.247,22.13,16.995,16.995,False
0014,85,10,car,30.114,28.256,2.714,30.581,24.59,24.59,False
0014,85,9,car,24.159,22.29,2.798,28.476,22.41,22.41,False
0014,85,11,car,35.256,33.175,2.838,43.398,32.787,32.787,False
0014,86,7,car,48.517,46.442,8.166,64.494,47.077,47.077,False
0014,86,5,car,7.133,4.853,2.779,7.254,6.769,6.769,False
0014,86,6,car,21.257,19.157,11.323,20.597,16.072,16.072,False
0014,86,8,car,18.449,16.661,2.333,19.232,16.247,16.247,False
0014,86,9,car,23.365,21.493,2.76,26.624,21.355,21.355,False
0014,86,13,car,45.801,44.135,2.992,55.099,40.488,40.488,False
0014,87,7,car,46.875,44.799,8.315,58.93,44.388,44.388,False
0014,87,5,car,6.424,4.204,2.772,7.33,6.917,6.917,False
0014,87,6,car,20.099,18.031,11.381,18.633,14.927,14.927,False
0014,87,8,car,17.656,15.862,2.314,18.357,15.602,15.602,False
0014,87,9,car,22.575,20.699,2.743,24.997,19.949,19.949,False
0014,87,11,car,33.676,31.59,2.773,34.809,28.074,28.074,False
0014,87,10,car,28.492,26.627,2.696,25.515,21.137,21.137,False
0014,88,7,car,45.239,43.163,8.443,53.945,44.053,44.053,False
0014,88,5,car,5.75,3.631,2.764,7.317,7.164,7.164,False
0014,88,8,car,16.851,15.05,2.314,16.891,14.672,14.672,False
0014,88,6,car,18.986,16.958,11.438,19.102,16.149,16.149,False
0014,88,9,car,21.759,19.88,2.727,23.579,19.037,19.037,False
0014,88,11,car,32.888,30.799,2.777,34.844,28.44,28.44,False
0014,88,13,car,44.213,42.546,2.824,57.643,43.629,43.629,False
0014,89,7,car,43.609,41.532,8.571,49.824,40.623,40.623,False
0014,89,8,car,16.047,14.24,2.314,16.246,14.026,14.026,False
0014,89,5,car,5.124,3.176,2.757,7.142,7.672,7.672,False
0014,89,9,car,20.944,19.062,2.71,22.323,18.354,18.354,False
0014,89,6,car,17.926,15.949,11.495,17.958,15.267,15.267,False
0014,89,13,car,43.389,41.719,2.882,54.996,42.387,42.387,False
0014,90,7,car,41.985,39.907,8.675,46.308,39.658,39.658,False
0014,90,8,car,15.246,13.431,2.314,15.45,13.481,13.481,False
0014,90,9,car,20.13,18.244,2.694,21.61,17.585,17.585,False
0014,90,13,car,42.563,40.891,2.889,55.006,39.751,39.751,False
0014,90,11,car,31.196,29.103,2.697,36.891,29.752,29.752,False
0014,90,5,car,4.565,2.895,2.749,7.361,10.52,10.52,False
0014,90,10,car,25.993,24.12,2.66,29.078,25.415,25.415,False
0014,91,8,car,14.39,12.569,2.308,13.978,12.262,12.262,False
0014,91,7,car,40.366,38.288,8.779,44.811,39.089,39.089,False
0014,91,9,car,19.316,17.427,2.677,20.538,16.943,16.943,False
0014,91,13,car,41.736,40.063,2.896,52.639,40.478,40.478,False
0014,91,11,car,30.35,28.256,2.658,34.795,28.256,28.256,False
0014,92,8,car,13.537,11.71,2.303,13.218,11.709,11.709,False
0014,92,7,car,38.764,36.686,8.906,42.018,37.626,37.626,False
0014,92,9,car,18.398,16.503,2.667,18.712,15.671,15.671,False
0014,92,13,car,40.908,39.233,2.872,50.497,38.389,38.389,False
0014,92,11,car,29.505,27.408,2.618,32.941,27.23,27.23,False
0014,93,7,car,37.22,35.142,9.032,39.624,35.447,35.447,False
0014,93,8,car,12.687,10.852,2.297,12.658,11.254,11.254,False
0014,93,9,car,17.481,15.581,2.657,18.748,15.541,15.541,False
0014,93,13,car,40.081,38.404,2.847,48.488,37.114,37.114,False
0014,93,11,car,28.659,26.56,2.579,32.108,26.902,26.902,False
0014,94,8,car,11.803,9.957,2.291,11.424,10.108,10.108,False
0014,94,7,car,35.685,33.608,9.158,37.537,34.033,34.033,False
0014,94,13,car,39.114,37.436,2.82,48.512,36.51,36.51,False
0014,94,9,car,16.566,14.66,2.647,17.419,14.714,14.714,False
0014,94,11,car,27.773,25.671,2.579,31.275,25.826,25.826,False
0014,94,10,car,22.472,20.588,2.612,24.526,21.893,21.893,False
0014,95,8,car,10.924,9.065,2.285,10.518,9.429,9.429,False
0014,95,7,car,34.149,32.074,9.261,35.732,32.082,32.082,False
0014,95,9,car,15.653,13.741,2.637,16.108,13.444,13.444,False
0014,95,13,car,38.148,36.468,2.794,50.486,36.217,36.217,False
0014,95,10,car,21.58,19.691,2.616,23.164,20.049,20.049,False
0014,95,11,car,26.888,24.782,2.58,30.545,26.282,26.282,False
0014,96,7,car,32.616,30.542,9.357,34.047,31.204,31.204,False
0014,96,8,car,10.052,8.179,2.279,9.351,8.545,8.545,False
0014,96,13,car,37.182,35.5,2.767,43.377,35.368,35.368,False
0014,96,9,car,14.747,12.828,2.633,14.801,12.728,12.728,False
0014,96,10,car,20.69,18.794,2.619,21.556,19.052,19.052,False
0014,96,11,car,26.003,23.894,2.58,27.778,23.793,23.793,False
0014,97,7,car,31.095,29.024,9.457,31.406,29.642,29.642,False
0014,97,8,car,9.168,7.28,2.27,8.4,7.744,7.744,False
0014,97,13,car,36.216,34.533,2.744,41.879,33.765,33.765,False
0014,97,9,car,13.844,11.919,2.629,13.712,11.945,11.945,False
0014,97,10,car,19.801,17.899,2.623,20.488,17.939,17.939,False
0014,97,11,car,25.119,23.006,2.581,26.579,23.309,23.309,False
0014,98,7,car,29.588,27.52,9.558,30.231,28.489,28.489,False
0014,98,8,car,8.296,6.393,2.261,7.392,6.93,6.93,False
0014,98,9,car,12.945,11.013,2.625,12.929,11.321,11.321,False
0014,98,13,car,35.25,33.565,2.721,39.216,27.863,27.863,False
0014,98,10,car,18.847,16.943,2.596,19.261,17.079,17.079,False
0014,98,11,car,24.179,22.064,2.56,25.648,21.971,21.971,False
0014,99,7,car,28.096,26.033,9.658,28.461,26.084,26.084,False
0014,99,8,car,7.44,5.522,2.252,7.302,6.558,6.558,False
0014,99,9,car,12.05,10.112,2.621,11.781,10.356,10.356,False
0014,99,13,car,34.284,32.597,2.686,39.238,30.541,30.541,False
0014,99,10,car,17.896,15.989,2.569,18.676,16.795,16.795,False
0014,99,11,car,23.24,21.122,2.539,24.508,20.664,20.664,False
0014,100,8,car,6.558,4.63,2.256,7.052,6.844,6.844,False
0014,100,7,car,26.647,24.593,9.757,27.022,24.771,24.771,False
0014,100,9,car,11.162,9.216,2.617,10.669,9.469,9.469,False
0014,100,13,car,33.317,31.629,2.651,38.064,30.976,30.976,False
0014,100,10,car,16.945,15.035,2.542,17.184,15.51,15.51,False
0014,100,11,car,22.301,20.181,2.519,23.555,20.124,20.124,False
0014,101,8,car,5.716,3.792,2.261,7.141,6.94,6.94,False
0014,101,7,car,25.219,23.176,9.856,25.385,23.437,23.437,False
0014,101,9,car,10.219,8.267,2.612,9.769,8.698,8.698,False
0014,101,10,car,15.997,14.083,2.515,16.723,14.896,14.896,False
0014,101,11,car,21.309,19.185,2.508,22.713,19.365,19.365,False
0014,101,13,car,32.351,30.661,2.615,39.211,30.539,30.539,False
0014,102,7,car,23.815,21.787,9.954,24.778,22.139,22.139,False
0014,102,8,car,4.931,3.052,2.266,7.119,7.382,7.382,False
0014,102,9,car,9.288,7.329,2.606,8.683,7.731,7.731,False
0014,102,10,car,15.002,13.08,2.51,15.346,13.729,13.729,False
0014,102,13,car,31.385,29.693,2.58,39.25,30.567,30.567,False
0014,102,11,car,20.318,18.189,2.498,21.941,18.063,18.063,False
0014,102,14,car,64.82,62.503,1.714,108.728,60.001,60.001,False
0014,103,7,car,22.448,20.439,10.034,22.308,20.615,20.615,False
0014,103,9,car,8.37,6.408,2.6,7.604,6.846,6.846,False
0014,103,10,car,14.01,12.08,2.506,14.31,12.794,12.794,False
0014,103,13,car,30.417,28.723,2.552,35.851,28.258,28.258,False
0014,103,11,car,19.328,17.195,2.487,20.486,17.192,17.192,False
0014,103,8,car,4.238,2.499,2.27,7.838,9.597,9.597,False
0014,103,14,car,62.049,59.734,1.964,99.845,64.366,64.366,False
0014,104,9,car,7.472,5.513,2.595,7.128,6.482,6.482,False
0014,104,7,car,21.114,19.13,10.114,20.554,19.7,19.7,False
0014,104,10,car,13.023,11.084,2.501,12.909,11.866,11.866,False
0014,104,11,car,18.339,16.201,2.477,18.946,16.589,16.589,False
0014,104,13,car,29.45,27.753,2.523,35.846,29.763,29.763,False
0014,104,14,car,59.28,56.967,2.214,80.21,63.464,63.464,False
0014,105,9,car,6.601,4.657,2.589,7.144,6.729,6.729,False
0014,105,7,car,19.819,17.869,10.193,18.416,17.921,17.921,False
0014,105,10,car,12.041,10.092,2.496,11.367,10.645,10.645,False
0014,105,11,car,17.353,15.209,2.467,17.128,15.486,15.486,False
0014,105,13,car,28.483,26.784,2.495,36.86,27.556,27.556,False
0014,105,14,car,56.514,54.202,2.464,70.963,52.906,52.906,False
0015,3,2,car,70.458,68.582,2.372,,66.28,66.28,False
0015,3,1,car,57.742,56.335,11.86,,60.14,60.14,False
0015,4,2,car,69.363,67.487,2.327,,65.309,65.309,False
0015,5,2,car,68.268,66.392,2.281,,67.292,67.292,False
0015,6,2,car,67.097,65.22,2.309,,67.296,67.296,False
0015,7,2,car,65.926,64.049,2.337,,63.447,63.447,False
0015,8,2,car,64.756,62.878,2.365,,63.455,63.455,False
0015,9,2,car,63.59,61.711,2.474,,65.326,65.326,False
0015,10,2,car,62.285,60.404,2.523,,61.697,61.697,False
0015,11,2,car,60.979,59.098,2.573,,60.86,60.86,False
0015,12,2,car,59.796,57.913,2.62,,61.712,61.712,False
0015,13,2,car,58.632,56.749,2.593,,55.547,55.547,False
0015,14,2,car,57.468,55.585,2.566,,60.879,60.879,False
0015,15,2,car,56.303,54.42,2.554,,55.556,55.556,False
0015,15,25,pedestrian,61.814,61.38,9.835,134.219,56.699,56.699,False
0015,16,2,car,55.155,53.271,2.575,,54.206,54.206,False
0015,17,2,car,54.006,52.121,2.596,,51.691,51.691,False
0015,18,25,pedestrian,58.384,57.948,9.624,121.077,53.205,53.205,False
0015,18,2,car,52.858,50.972,2.617,,51.695,51.695,False
0015,19,2,car,51.71,49.823,2.636,132.412,52.311,52.311,False
0015,19,25,pedestrian,57.234,56.797,9.519,101.381,53.211,53.211,False
0015,20,1,car,38.756,37.151,11.653,,36.512,36.512,False
0015,20,2,car,50.563,48.675,2.656,108.944,50.532,50.532,False
0015,21,1,car,37.689,36.069,11.622,,36.713,36.713,False
0015,21,2,car,49.415,47.526,2.676,92.507,49.418,49.418,False
0015,22,1,car,36.646,35.01,11.614,,35.009,35.009,False
0015,22,2,car,48.268,46.378,2.696,86.023,48.351,48.351,False
0015,23,2,car,47.121,45.229,2.717,86.048,47.334,47.334,False
0015,23,1,car,35.608,33.954,11.607,,34.399,34.399,False
0015,23,25,pedestrian,52.627,52.186,9.182,72.075,48.284,48.284,False
0015,23,24,pedestrian,53.12,52.771,0.0,132.108,58.464,58.464,True
0015,24,2,car,45.974,44.081,2.737,80.43,46.353,46.353,False
0015,24,1,car,34.575,32.902,11.599,,32.732,32.732,False
0015,24,25,pedestrian,51.475,51.033,9.104,72.13,48.284,48.284,False
0015,24,3,cyclist,50.844,50.519,0.6,132.208,65.273,65.273,True
0015,24,24,pedestrian,51.974,51.609,0.0,119.2,72.869,72.869,True
0015,25,2,car,44.828,42.933,2.757,71.138,43.64,43.64,False
0015,25,25,pedestrian,50.324,49.881,9.027,64.533,44.141,44.141,False
0015,25,1,car,33.548,31.856,11.592,,32.251,32.251,False
0015,26,25,pedestrian,49.152,48.701,8.856,53.47,40.672,40.672,False
0015,26,2,car,43.682,41.785,2.778,60.583,43.645,43.645,False
0015,26,1,car,32.536,30.823,11.585,,31.119,31.119,False
0015,26,3,cyclist,48.621,48.283,1.211,85.823,46.525,46.525,False
0015,27,1,car,31.53,29.796,11.578,118.932,29.785,29.785,False
0015,27,25,pedestrian,47.982,47.524,8.697,49.263,44.568,44.568,False
0015,27,2,car,42.536,40.638,2.798,50.601,42.413,42.413,False
0015,27,24,pedestrian,48.547,48.131,0.528,70.805,50.295,50.295,True
0015,28,2,car,41.39,39.49,2.818,50.625,40.49,40.49,False
0015,28,1,car,30.531,28.776,11.571,101.895,28.283,28.283,False
0015,28,25,pedestrian,46.812,46.347,8.539,49.301,40.687,40.687,False
0015,29,2,car,40.292,38.39,2.82,52.667,39.779,39.779,False
0015,29,1,car,29.543,27.763,11.57,111.071,27.761,27.761,False
0015,29,3,cyclist,45.317,44.968,2.146,80.265,46.588,46.588,False
0015,30,2,car,39.193,37.29,2.822,48.648,37.448,37.448,False
0015,30,1,car,28.564,26.758,11.568,110.775,27.809,27.809,False
0015,30,3,cyclist,44.164,43.818,2.462,70.941,40.793,40.793,False
0015,30,25,pedestrian,44.472,43.994,8.222,47.453,38.868,38.868,False
0015,30,12,cyclist,36.898,35.972,10.149,35.035,37.708,37.708,False
0015,31,2,car,38.096,36.191,2.824,48.666,37.148,37.148,False
0015,31,1,car,27.595,25.762,11.567,104.852,26.365,26.365,False
0015,31,25,pedestrian,43.339,42.859,8.055,47.498,40.115,40.115,False
0015,31,4,cyclist,45.811,45.429,0.0,75.148,51.959,51.959,True
0015,31,3,cyclist,43.015,42.671,2.778,71.129,46.0,46.0,False
0015,31,12,cyclist,36.22,35.293,10.117,35.124,36.969,36.969,False
0015,32,2,car,37.028,35.121,2.82,50.686,37.788,37.788,False
0015,32,1,car,26.637,24.777,11.565,124.331,26.897,26.897,False
0015,32,25,pedestrian,42.205,41.724,7.887,49.36,38.62,38.62,False
0015,32,4,cyclist,44.763,44.373,0.0,75.155,50.596,50.596,True
0015,33,2,car,35.961,34.052,2.815,48.717,35.969,35.969,False
0015,33,1,car,25.666,23.779,11.528,115.917,25.021,25.021,False
0015,33,25,pedestrian,41.071,40.59,7.72,47.536,38.345,38.345,False
0015,33,4,cyclist,43.717,43.32,0.041,75.181,39.208,39.208,True
0015,33,12,cyclist,34.866,33.94,10.054,38.41,37.084,37.084,False
0015,34,1,car,24.708,22.792,11.491,94.5,23.853,23.853,False
0015,34,2,car,34.894,32.983,2.811,43.566,34.324,34.324,False
0015,34,4,cyclist,42.658,42.257,0.455,70.801,44.219,44.219,True
0015,34,12,cyclist,34.19,33.266,10.022,34.29,33.368,33.368,False
0015,35,1,car,23.764,21.818,11.454,84.908,23.256,23.256,False
0015,35,2,car,33.827,31.914,2.806,41.891,33.307,33.307,False
0015,35,25,pedestrian,38.804,38.321,7.385,41.27,35.711,35.711,False
0015,35,4,cyclist,41.604,41.198,0.868,70.846,39.713,39.713,True
0015,35,12,cyclist,33.516,32.594,9.991,35.291,34.295,34.295,False
0015,36,1,car,22.941,20.967,11.512,86.528,22.539,22.539,False
0015,36,2,car,32.761,30.845,2.802,40.731,31.886,31.886,False
0015,36,4,cyclist,40.555,40.144,1.289,70.861,41.246,41.246,False
0015,37,1,car,22.138,20.135,11.57,83.373,21.492,21.492,False
0015,37,2,car,31.718,29.8,2.778,40.765,31.451,31.451,False
0015,37,4,cyclist,39.512,39.095,1.71,75.321,39.767,39.767,False
0015,38,1,car,21.357,19.324,11.628,73.491,20.313,20.313,False
0015,38,2,car,30.675,28.755,2.753,38.232,29.788,29.788,False
0015,38,4,cyclist,38.47,38.048,2.101,67.078,38.859,38.859,False
0015,39,2,car,29.633,27.71,2.729,37.125,28.294,28.294,False
0015,39,1,car,20.598,18.535,11.669,74.273,46.176,46.176,False
0015,39,14,pedestrian,35.896,35.549,6.468,55.997,40.659,40.659,False
0015,39,4,cyclist,37.537,37.103,2.57,67.274,39.854,39.854,False
0015,40,2,car,28.591,26.665,2.705,35.025,26.944,26.944,False
0015,40,4,cyclist,36.612,36.165,3.039,60.568,37.195,37.195,False
0015,41,2,car,27.549,25.621,2.68,33.178,26.018,26.018,False
0015,41,14,pedestrian,34.014,33.659,6.693,47.53,35.711,35.711,False
0015,41,4,cyclist,35.696,35.236,3.508,60.878,34.884,34.884,False
0015,42,2,car,26.592,24.661,2.658,30.001,25.437,25.437,False
0015,42,14,pedestrian,33.078,32.719,6.806,44.339,32.223,32.223,False
0015,43,2,car,25.636,23.702,2.636,30.005,23.956,23.956,False
0015,43,14,pedestrian,32.144,31.781,6.918,46.009,32.27,32.27,False
0015,44,2,car,24.68,22.743,2.614,30.085,23.109,23.109,False
0015,44,16,car,47.115,45.217,21.779,,39.978,39.978,False
0015,44,14,pedestrian,31.215,30.847,7.031,46.129,33.205,33.205,False
0015,44,8,pedestrian,29.655,29.243,6.296,45.947,30.377,30.377,False
0015,44,4,cyclist,33.157,32.656,4.876,68.107,34.088,34.088,False
0015,45,2,car,23.725,21.784,2.592,28.71,22.32,22.32,False
0015,45,16,car,46.346,44.434,21.818,,38.332,38.332,False
0015,45,12,cyclist,26.943,26.107,8.76,29.622,16.857,16.857,False
0015,45,14,pedestrian,30.36,30.027,7.099,43.212,30.908,30.908,False
0015,45,8,pedestrian,28.715,28.302,6.116,46.05,29.85,29.85,False
0015,46,2,car,22.77,20.826,2.57,26.888,21.8,21.8,False
0015,46,8,pedestrian,27.774,27.361,5.936,44.488,28.093,28.093,False
0015,46,16,car,45.582,43.656,21.856,,38.518,38.518,False
0015,47,2,car,21.901,19.953,2.549,25.289,20.426,20.426,False
0015,47,8,pedestrian,26.9,26.485,5.803,41.624,29.074,29.074,False
0015,47,16,car,44.825,42.883,21.895,,37.74,37.74,False
0015,47,14,pedestrian,28.661,28.389,7.248,39.382,29.679,29.679,False
0015,48,2,car,21.033,19.081,2.527,24.334,19.644,19.644,False
0015,48,16,car,44.073,42.116,21.934,,37.012,37.012,False
0015,48,8,pedestrian,26.026,25.609,5.671,40.123,26.949,26.949,False
0015,48,14,pedestrian,27.878,27.608,7.411,39.617,29.175,29.175,False
0015,49,2,car,20.165,18.21,2.506,23.476,18.53,18.53,False
0015,49,16,car,43.385,41.414,21.969,,35.845,35.845,False
0015,49,14,pedestrian,27.101,26.825,7.574,38.514,27.475,27.475,False
0015,49,8,pedestrian,25.152,24.734,5.538,41.578,26.68,26.68,False
0015,49,5,pedestrian,27.224,26.662,1.976,40.5,25.503,25.503,False
0015,49,4,cyclist,29.163,28.583,7.158,113.059,27.825,27.825,False
0015,50,16,car,42.702,40.716,22.004,,34.42,34.42,False
0015,50,2,car,19.298,17.339,2.484,22.239,17.54,17.54,False
0015,50,8,pedestrian,24.325,23.905,5.394,32.942,22.726,22.726,False
0015,50,14,pedestrian,26.33,26.046,7.736,34.64,26.614,26.614,False
0015,50,5,pedestrian,26.344,25.769,1.788,40.51,24.149,24.149,False
0015,51,2,car,18.54,16.577,2.473,20.491,17.1,17.1,False
0015,51,8,pedestrian,23.497,23.077,5.25,29.095,20.92,20.92,False
0015,51,16,car,42.025,40.025,22.04,,34.27,34.27,False
0015,51,14,pedestrian,25.566,25.273,7.899,31.412,24.685,24.685,False
0015,51,13,pedestrian,27.278,26.897,8.345,30.427,24.407,24.407,False
0015,51,5,pedestrian,25.466,24.879,1.599,35.737,23.791,23.791,False
0015,51,10,pedestrian,30.248,29.763,12.494,30.59,30.228,30.228,False
0015,52,16,car,41.355,39.34,22.075,,33.142,33.142,False
0015,52,2,car,17.782,15.815,2.461,18.709,16.321,16.321,False
0015,52,14,pedestrian,24.871,24.57,8.066,30.103,23.956,23.956,False
0015,52,8,pedestrian,22.67,22.248,5.105,27.314,20.11,20.11,False
0015,52,5,pedestrian,24.68,24.116,1.422,31.171,22.511,22.511,False
0015,52,13,pedestrian,26.526,26.14,8.466,28.747,24.748,24.748,False
0015,53,2,car,17.026,15.054,2.45,17.233,15.143,15.143,False
0015,53,5,pedestrian,23.893,23.36,1.25,31.183,22.503,22.503,False
0015,53,16,car,40.691,38.661,22.11,,34.029,34.029,False
0015,53,10,pedestrian,28.727,28.238,12.24,26.688,26.975,26.975,False
0015,53,17,car,37.617,35.921,17.264,125.529,42.373,42.373,False
0015,53,14,pedestrian,24.184,23.874,8.234,28.314,24.358,24.358,False
0015,54,5,pedestrian,23.108,22.61,1.085,29.658,21.536,21.536,True
0015,54,2,car,16.27,14.294,2.439,16.85,14.826,14.826,False
0015,54,14,pedestrian,23.505,23.186,8.401,25.12,22.311,22.311,False
0015,54,16,car,40.035,37.989,22.146,,33.086,33.086,False
0015,54,10,pedestrian,27.97,27.479,12.113,26.674,26.664,26.664,False
0015,54,11,pedestrian,27.434,26.965,12.116,27.286,28.566,28.566,False
0015,54,17,car,37.013,35.304,17.278,,42.991,42.991,False
0015,54,3,cyclist,21.611,21.121,9.311,52.791,22.862,22.862,False
0015,55,2,car,15.516,13.535,2.427,15.863,14.032,14.032,False
0015,55,16,car,39.538,37.481,22.156,,31.372,31.372,False
0015,55,13,pedestrian,24.63,24.23,8.869,26.694,24.246,24.246,False
0015,55,5,pedestrian,22.323,21.866,0.925,28.96,20.642,20.642,True
0015,55,11,pedestrian,26.726,26.254,11.962,25.024,26.068,26.068,False
0015,55,10,pedestrian,27.239,26.746,11.977,26.681,26.769,26.769,False
0015,55,17,car,36.413,34.691,17.292,,44.4,44.4,False
0015,55,12,cyclist,20.716,20.11,6.792,24.215,24.549,24.549,False
0015,55,3,cyclist,20.991,20.49,9.557,52.354,22.139,22.139,False
0015,55,9,cyclist,32.046,31.136,9.659,70.929,30.964,30.964,False
0015,56,2,car,14.764,12.777,2.416,14.971,13.566,13.566,False
0015,56,16,car,39.046,36.977,22.166,,31.85,31.85,False
0015,56,11,pedestrian,26.019,25.545,11.808,25.949,27.947,27.947,False
0015,56,5,pedestrian,21.539,21.129,0.77,27.625,19.826,19.826,True
0015,56,10,pedestrian,26.509,26.014,11.842,25.457,26.577,26.577,False
0015,56,14,pedestrian,22.297,21.967,8.707,23.181,20.665,20.665,False
0015,56,13,pedestrian,24.01,23.605,9.004,25.149,22.245,22.245,False
0015,56,12,cyclist,20.131,19.56,6.575,23.476,20.719,20.719,False
0015,56,3,cyclist,20.465,19.952,9.785,49.808,20.777,20.777,False
0015,57,2,car,14.198,12.208,2.41,14.685,13.132,13.132,False
0015,57,5,pedestrian,20.887,20.478,0.588,27.606,19.515,19.515,True
0015,57,14,pedestrian,21.766,21.434,8.846,22.156,19.595,19.595,False
0015,57,13,pedestrian,23.398,22.987,9.138,23.863,23.04,23.04,False
0015,57,3,cyclist,19.956,19.429,10.014,49.261,20.463,20.463,False
0015,57,10,pedestrian,25.782,25.285,11.706,25.586,25.419,25.419,False
0015,57,12,cyclist,19.61,19.076,6.369,24.581,22.161,22.161,False
0015,58,2,car,13.634,11.639,2.404,14.271,12.697,12.697,False
0015,58,14,pedestrian,21.242,20.908,8.985,21.588,19.283,19.283,False
0015,58,13,pedestrian,22.781,22.366,9.244,23.242,22.733,22.733,False
0015,58,10,pedestrian,25.174,24.675,11.568,25.066,24.657,24.657,False
0015,58,16,car,38.073,35.981,22.187,,31.439,31.439,False
0015,58,5,pedestrian,20.237,19.828,0.405,27.003,18.707,18.707,True
0015,58,3,cyclist,19.465,18.924,10.242,47.16,17.965,17.965,False
0015,58,12,cyclist,19.089,18.592,6.165,21.712,17.86,17.86,False
0015,58,15,pedestrian,21.405,21.005,6.583,38.842,25.54,25.54,False
0015,59,14,pedestrian,20.727,20.391,9.124,21.117,18.67,18.67,False
0015,59,2,car,13.071,11.072,2.398,13.362,11.79,11.79,False
0015,59,11,pedestrian,24.078,23.597,11.424,24.188,24.042,24.042,False
0015,59,13,pedestrian,22.303,21.883,9.387,22.209,21.876,21.876,False
0015,59,5,pedestrian,19.588,19.18,0.223,25.847,18.226,18.226,True
0015,59,16,car,37.594,35.49,22.198,,31.434,31.434,False
0015,59,10,pedestrian,24.567,24.067,11.429,24.853,23.379,23.379,False
0015,59,3,cyclist,18.994,18.438,10.471,45.524,19.815,19.815,False
0015,60,5,pedestrian,18.939,18.533,0.041,23.813,17.342,17.342,True
0015,60,2,car,12.51,10.506,2.391,12.63,11.285,11.285,False
0015,60,14,pedestrian,20.22,19.882,9.263,20.351,18.756,18.756,False
0015,60,13,pedestrian,21.832,21.407,9.53,22.422,22.011,22.011,False
0015,60,11,pedestrian,23.463,22.98,11.309,21.501,22.429,22.429,False
0015,60,3,cyclist,18.545,17.971,10.701,42.507,19.701,19.701,False
0015,61,2,car,11.951,9.941,2.385,11.884,10.643,10.643,False
0015,61,14,pedestrian,19.724,19.381,9.403,19.78,18.087,18.087,False
0015,61,5,pedestrian,18.293,17.888,0.0,22.495,16.651,16.651,True
0015,61,13,pedestrian,21.368,20.938,9.672,21.034,20.833,20.833,False
0015,61,15,pedestrian,19.941,19.526,7.085,35.388,26.349,26.349,False
0015,61,10,pedestrian,23.357,22.854,11.153,22.85,22.858,22.858,False
0015,61,9,cyclist,28.303,27.406,9.689,72.11,29.155,29.155,False
0015,62,14,pedestrian,19.312,18.962,9.564,18.971,17.39,17.39,False
0015,62,2,car,11.393,9.378,2.379,11.361,10.116,10.116,False
0015,62,13,pedestrian,20.912,20.477,9.815,19.791,20.037,20.037,False
0015,62,9,cyclist,27.796,26.903,9.7,72.522,27.606,27.606,False
0015,62,5,pedestrian,17.647,17.245,0.0,22.918,16.431,16.431,True
0015,63,2,car,10.838,8.817,2.373,10.848,9.679,9.679,False
0015,63,13,pedestrian,20.465,20.024,9.958,19.522,19.915,19.915,False
0015,63,14,pedestrian,18.911,18.553,9.726,18.097,16.944,16.944,False
0015,63,15,pedestrian,19.075,18.649,7.45,29.711,22.215,22.215,False
0015,63,9,cyclist,27.291,26.403,9.711,68.902,26.605,26.605,False
0015,63,5,pedestrian,17.121,16.662,0.0,21.695,15.615,15.615,True
0015,63,4,cyclist,23.03,22.306,13.297,56.058,21.54,21.54,False
0015,63,11,pedestrian,21.792,21.313,10.881,21.251,21.876,21.876,False
0015,64,14,pedestrian,18.52,18.154,9.887,18.163,17.188,17.188,False
0015,64,5,pedestrian,16.597,16.089,0.0,20.95,15.521,15.521,True
0015,64,2,car,10.285,8.259,2.367,10.057,9.067,9.067,False
0015,64,9,cyclist,26.822,25.936,9.712,62.565,26.028,26.028,False
0015,64,13,pedestrian,20.026,19.58,10.101,19.876,20.711,20.711,False
0015,64,4,cyclist,22.844,22.117,13.754,82.569,23.052,23.052,False
0015,65,5,pedestrian,16.074,15.525,0.0,19.924,14.749,14.749,True
0015,65,2,car,9.735,7.704,2.36,9.47,8.537,8.537,False
0015,65,14,pedestrian,18.141,17.766,10.049,17.836,17.231,17.231,False
0015,65,13,pedestrian,19.597,19.146,10.243,18.824,19.698,19.698,False
0015,65,17,car,31.944,30.098,17.706,113.546,34.162,34.162,False
0015,65,10,pedestrian,21.172,20.664,10.558,20.762,20.878,20.878,False
0015,65,4,cyclist,22.715,21.929,14.22,53.574,22.858,22.858,False
0015,65,9,cyclist,26.354,25.47,9.714,59.944,26.183,26.183,False
0015,66,2,car,9.189,7.153,2.354,8.921,8.108,8.108,False
0015,66,13,pedestrian,19.286,18.831,10.368,18.725,19.636,19.636,False
0015,66,14,pedestrian,17.915,17.528,10.203,16.268,15.995,15.995,False
0015,66,17,car,31.565,29.708,17.726,106.594,34.269,34.269,False
0015,66,10,pedestrian,20.647,20.138,10.405,20.6,21.628,21.628,False
0015,66,5,pedestrian,15.554,14.973,0.0,19.32,14.625,14.625,True
0015,66,9,cyclist,25.888,25.006,9.715,57.624,23.167,23.167,False
0015,66,8,pedestrian,13.594,13.168,3.024,31.356,20.26,20.26,False
0015,67,14,pedestrian,17.695,17.297,10.358,15.804,15.862,15.862,False
0015,67,2,car,8.805,6.765,2.349,8.372,7.691,7.691,False
0015,67,18,car,49.66,47.497,7.724,87.32,46.954,46.954,False
0015,67,10,pedestrian,20.192,19.682,10.274,19.682,20.465,20.465,False
0015,67,13,pedestrian,18.981,18.523,10.493,17.053,18.435,18.435,False
0015,67,5,pedestrian,15.107,14.53,0.033,18.719,14.03,14.03,True
0015,67,8,pedestrian,13.086,12.66,2.895,16.014,12.408,12.408,False
0015,68,2,car,8.424,6.381,2.345,8.128,7.308,7.308,False
0015,68,11,pedestrian,19.264,18.778,10.188,18.757,20.122,20.122,False
0015,68,13,pedestrian,18.684,18.221,10.618,17.229,19.169,19.169,False
0015,68,18,car,49.287,47.123,7.716,87.32,47.961,47.961,False
0015,68,14,pedestrian,17.483,17.074,10.513,15.672,15.847,15.847,False
0015,68,5,pedestrian,14.663,14.089,0.201,17.922,13.558,13.558,True
0015,68,8,pedestrian,12.677,12.251,2.752,14.728,11.834,11.834,False
0015,68,10,pedestrian,19.738,19.227,10.142,19.512,20.423,20.423,False
0015,69,2,car,8.045,6.0,2.34,7.74,6.996,6.996,False
0015,69,18,car,48.914,46.749,7.709,87.422,46.979,46.979,False
0015,69,13,pedestrian,18.415,17.949,10.745,16.865,18.663,18.663,False
0015,69,5,pedestrian,14.222,13.65,0.369,17.407,13.462,13.462,True
0015,69,17,car,30.659,28.774,17.775,97.083,70.502,70.502,False
0015,69,8,pedestrian,12.267,11.843,2.608,13.905,11.298,11.298,False
0015,69,10,pedestrian,19.286,18.773,10.011,25.175,25.285,25.285,False
0015,69,11,pedestrian,18.83,18.341,10.055,24.415,26.502,26.502,False
0015,69,9,cyclist,24.684,23.809,9.706,51.607,25.342,25.342,False
0015,70,2,car,7.67,5.623,2.335,7.747,7.006,7.006,False
0015,70,13,pedestrian,18.153,17.683,10.871,16.489,18.359,18.359,False
0015,70,8,pedestrian,11.858,11.436,2.464,13.414,11.133,11.133,False
0015,70,18,car,48.541,46.375,7.702,87.388,47.479,47.479,False
0015,70,5,pedestrian,13.783,13.215,0.536,16.323,13.027,13.027,True
0015,70,9,cyclist,24.316,23.444,9.701,46.471,23.208,23.208,False
0015,71,8,pedestrian,11.448,11.028,2.321,12.41,10.329,10.329,False
0015,71,2,car,7.298,5.251,2.33,7.152,7.138,7.138,False
0015,71,18,car,48.168,46.001,7.694,87.244,47.001,47.001,False
0015,71,13,pedestrian,17.899,17.425,10.997,16.334,18.715,18.715,False
0015,71,9,cyclist,23.949,23.079,9.696,46.672,24.376,24.376,False
0015,71,5,pedestrian,13.347,12.783,0.704,16.094,12.592,12.592,True
0015,71,17,car,30.135,28.234,17.804,85.978,43.193,43.193,False
0015,72,2,car,7.002,4.956,2.342,7.538,7.293,7.293,False
0015,72,18,car,47.796,45.628,7.687,87.445,46.048,46.048,False
0015,72,8,pedestrian,11.039,10.621,2.177,12.885,10.255,10.255,False
0015,72,5,pedestrian,12.915,12.356,0.872,15.509,12.118,12.118,True
0015,72,9,cyclist,23.705,22.837,9.714,46.786,24.057,24.057,False
0015,72,17,car,29.877,27.967,17.819,79.89,40.027,40.027,False
0015,73,2,car,6.71,4.667,2.354,7.57,7.377,7.377,False
0015,73,18,car,47.423,45.254,7.68,87.399,46.053,46.053,False
0015,73,8,pedestrian,10.731,10.316,2.028,12.005,9.698,9.698,False
0015,73,17,car,29.62,27.702,17.833,82.707,36.601,36.601,False
0015,73,5,pedestrian,12.587,12.07,1.043,14.774,11.815,11.815,True
0015,74,2,car,6.422,4.385,2.365,6.99,7.506,7.506,False
0015,74,18,car,47.269,45.1,7.676,87.399,47.024,47.024,False
0015,74,8,pedestrian,10.423,10.012,1.879,11.501,9.52,9.52,False
0015,74,5,pedestrian,12.263,11.799,1.223,14.4,11.672,11.672,False
0015,74,17,car,29.365,27.44,17.847,87.446,40.834,40.834,False
0015,75,2,car,6.139,4.111,2.377,6.99,7.571,7.571,False
0015,75,18,car,47.115,44.946,7.672,93.847,47.039,47.039,False
0015,75,8,pedestrian,10.116,9.709,1.73,11.336,9.358,9.358,False
0015,75,5,pedestrian,11.944,11.541,1.412,14.106,11.257,11.257,False
0015,75,17,car,29.113,27.179,17.862,83.01,41.528,41.528,False
0015,75,12,cyclist,12.3,11.953,1.964,14.354,13.519,13.519,False
0015,75,9,cyclist,22.976,22.114,9.765,48.927,23.205,23.205,False
0015,76,2,car,5.925,3.903,2.346,6.982,7.696,7.696,False
0015,76,8,pedestrian,9.81,9.406,1.581,10.897,9.091,9.091,False
0015,76,5,pedestrian,11.628,11.283,1.609,13.931,10.879,10.879,False
0015,76,18,car,46.962,44.791,7.668,93.732,49.057,49.057,False
0015,76,12,cyclist,12.062,11.698,1.672,13.995,12.446,12.446,False
0015,76,17,car,28.893,26.953,17.856,79.463,41.053,41.053,False
0015,76,9,cyclist,22.736,21.875,9.783,44.39,22.547,22.547,False
0015,76,7,pedestrian,10.631,10.24,1.775,10.991,14.195,14.195,False
0015,77,2,car,5.713,3.699,2.315,6.975,7.838,7.838,False
0015,77,8,pedestrian,9.504,9.105,1.432,10.409,8.576,8.576,False
0015,77,5,pedestrian,11.404,11.041,1.785,13.544,10.657,10.657,False
0015,77,17,car,28.675,26.728,17.85,88.652,45.543,45.543,False
0015,77,12,cyclist,11.829,11.448,1.38,13.608,12.096,12.096,False
0015,78,5,pedestrian,11.183,10.794,1.962,13.279,10.557,10.557,False
0015,78,2,car,5.578,3.574,2.321,6.971,7.925,7.925,False
0015,78,8,pedestrian,9.199,8.805,1.283,10.06,8.307,8.307,False
0015,78,12,cyclist,11.602,11.203,1.089,13.426,11.806,11.806,True
0015,78,17,car,28.458,26.505,17.844,143.023,56.824,56.824,False
0015,79,5,pedestrian,10.967,10.552,2.14,12.647,10.172,10.172,False
0015,79,2,car,5.445,3.452,2.327,6.915,8.043,8.043,False
0015,79,8,pedestrian,9.049,8.661,1.14,9.476,7.9,7.9,True
0015,79,12,cyclist,11.494,11.063,0.771,13.752,12.265,12.265,True
0015,80,2,car,5.314,3.334,2.333,6.907,8.117,8.117,False
0015,80,8,pedestrian,8.901,8.519,0.997,9.562,8.034,8.034,True
0015,80,18,car,46.347,44.175,7.653,81.759,43.475,43.475,False
0015,80,5,pedestrian,10.756,10.316,2.318,12.647,10.005,10.005,False
0015,81,2,car,5.186,3.221,2.338,6.81,8.234,8.234,False
0015,81,8,pedestrian,8.754,8.379,0.854,9.638,7.975,7.975,True
0015,81,18,car,46.193,44.021,7.65,81.825,43.895,43.895,False
0015,81,5,pedestrian,10.663,10.213,2.488,12.527,9.839,9.839,False
0015,82,8,pedestrian,8.609,8.241,0.711,9.525,7.927,7.927,True
0015,82,2,car,5.095,3.141,2.33,7.491,8.36,8.36,False
0015,82,18,car,46.039,43.867,7.646,87.55,44.319,44.319,False
0015,82,5,pedestrian,10.573,10.115,2.659,12.322,9.842,9.842,False
0015,83,7,pedestrian,9.154,8.798,0.82,9.75,7.991,7.991,True
0015,83,2,car,5.005,3.062,2.321,6.879,8.482,8.482,False
0015,83,5,pedestrian,10.488,10.021,2.829,12.409,9.728,9.728,False
0015,83,18,car,45.886,43.713,7.642,87.55,44.319,44.319,False
0015,83,12,cyclist,11.2,10.679,0.0,13.126,11.283,11.283,True
0015,84,8,pedestrian,8.324,7.971,0.425,9.229,7.63,7.63,True
0015,84,2,car,4.916,2.985,2.313,6.864,8.549,8.549,False
0015,84,5,pedestrian,10.407,9.931,2.999,12.343,9.704,9.704,False
0015,84,18,car,45.732,43.558,7.638,81.904,43.47,43.47,False
0015,84,7,pedestrian,9.075,8.729,0.656,9.301,7.697,7.697,True
0015,84,12,cyclist,11.193,10.672,0.0,13.102,11.961,11.961,True
0015,85,2,car,4.828,2.911,2.304,7.487,8.681,8.681,False
0015,85,18,car,45.579,43.404,7.635,81.904,43.473,43.473,False
0015,85,5,pedestrian,10.33,9.845,3.169,12.186,9.532,9.532,False
0015,85,8,pedestrian,8.184,7.84,0.283,9.173,7.654,7.654,True
0015,85,12,cyclist,11.196,10.675,0.0,13.228,12.054,12.054,True
0015,86,2,car,4.741,2.839,2.296,7.497,8.809,8.809,False
0015,86,8,pedestrian,8.139,7.804,0.154,9.161,7.642,7.642,True
0015,86,18,car,45.425,43.25,7.631,76.806,43.473,43.473,False
0015,86,5,pedestrian,10.258,9.763,3.34,12.202,9.53,9.53,False
0015,86,12,cyclist,11.209,10.688,0.0,13.228,11.829,11.829,True
0015,86,10,pedestrian,14.678,14.173,7.64,25.167,25.722,25.722,False
0015,87,8,pedestrian,8.097,7.771,0.025,9.022,7.635,7.635,True
0015,87,19,car,36.691,34.742,20.917,,37.396,37.396,False
0015,87,2,car,4.724,2.826,2.297,7.503,8.958,8.958,False
0015,87,18,car,45.271,43.096,7.627,76.806,43.473,43.473,False
0015,87,5,pedestrian,10.189,9.686,3.51,12.21,9.702,9.702,False
0015,87,10,pedestrian,14.518,14.015,7.508,21.984,22.312,22.312,False
0015,87,12,cyclist,11.273,10.746,0.072,13.385,11.647,11.647,True
0015,88,19,car,36.273,34.356,20.333,,37.005,37.005,False
0015,88,8,pedestrian,8.056,7.739,0.0,9.157,7.644,7.644,True
0015,88,2,car,4.707,2.813,2.298,6.909,8.934,8.934,False
0015,88,18,car,45.118,42.942,7.623,76.806,43.061,43.061,False
0015,88,5,pedestrian,10.125,9.614,3.68,11.833,9.356,9.356,False
0015,88,10,pedestrian,14.358,13.858,7.375,19.229,19.233,19.233,False
0015,88,12,cyclist,11.348,10.815,0.447,13.414,11.964,11.964,True
0015,89,19,car,35.86,33.978,19.749,,34.629,34.629,False
0015,89,8,pedestrian,8.017,7.706,0.0,8.891,7.359,7.359,True
0015,89,2,car,4.69,2.8,2.299,7.552,8.932,8.932,False
0015,89,18,car,44.964,42.788,7.62,76.806,43.478,43.478,False
0015,89,5,pedestrian,10.16,9.643,3.861,11.972,9.261,9.261,False
0015,89,12,cyclist,11.435,10.897,0.821,13.598,11.757,11.757,True
0015,89,10,pedestrian,14.198,13.701,7.242,19.024,18.958,18.958,False
0015,90,19,car,35.452,33.607,19.166,,35.16,35.16,False
0015,90,2,car,4.674,2.788,2.3,7.554,8.941,8.941,False
0015,90,5,pedestrian,10.197,9.676,4.042,11.809,9.253,9.253,False
0015,90,18,car,44.961,42.785,7.62,76.806,43.064,43.064,False
0015,90,7,pedestrian,8.662,8.375,0.0,8.898,7.482,7.482,True
0015,90,11,pedestrian,13.705,13.215,7.173,21.156,22.227,22.227,False
0015,90,12,cyclist,11.534,10.991,1.197,13.652,11.992,11.992,True
0015,91,7,pedestrian,8.603,8.32,0.0,8.64,7.357,7.357,True
0015,91,2,car,4.657,2.776,2.302,7.556,8.943,8.943,False
0015,91,19,car,35.05,33.244,18.582,145.475,33.1,33.1,False
0015,91,18,car,44.958,42.782,7.62,76.806,43.064,43.064,False
0015,91,5,pedestrian,10.238,9.713,4.223,11.834,9.658,9.658,False
0015,91,11,pedestrian,13.578,13.093,7.03,19.615,20.361,20.361,False
0015,91,12,cyclist,11.643,11.096,1.573,13.892,11.711,11.711,False
0015,92,8,pedestrian,7.913,7.604,0.0,8.957,7.569,7.569,True
0015,92,19,car,34.691,32.911,17.939,143.786,33.99,33.99,False
0015,92,5,pedestrian,10.272,9.743,4.381,11.853,9.669,9.669,False
0015,92,2,car,4.649,2.769,2.297,6.955,8.973,8.973,False
0015,92,18,car,44.954,42.778,7.62,76.806,43.478,43.478,False
0015,92,11,pedestrian,13.501,13.017,6.907,19.294,19.447,19.447,False
0015,92,12,cyclist,11.764,11.212,1.95,13.968,12.158,12.158,False
0015,92,10,pedestrian,13.926,13.434,6.831,14.697,14.874,14.874,False
0015,93,8,pedestrian,7.912,7.599,0.0,8.922,7.51,7.51,True
0015,93,2,car,4.642,2.761,2.292,7.554,9.033,9.033,False
0015,93,19,car,34.34,32.587,17.296,118.357,33.295,33.295,False
0015,93,18,car,44.951,42.775,7.62,72.33,43.058,43.058,False
0015,93,5,pedestrian,10.33,9.796,4.585,12.558,9.753,9.753,False
0015,93,12,cyclist,11.871,11.301,2.344,14.081,12.417,12.417,False
0015,94,10,pedestrian,13.749,13.26,6.556,13.685,13.242,13.242,False
0015,94,2,car,4.634,2.754,2.288,7.554,9.223,9.223,False
0015,94,18,car,44.948,42.772,7.62,64.863,42.655,42.655,False
0015,94,19,car,33.998,32.273,16.654,110.674,34.826,34.826,False
0015,94,8,pedestrian,7.914,7.594,0.0,8.976,7.505,7.505,True
0015,94,12,cyclist,11.989,11.403,2.739,14.216,12.65,12.65,False
0015,95,10,pedestrian,13.668,13.183,6.43,13.545,13.197,13.197,False
0015,95,2,car,4.626,2.747,2.283,7.554,9.255,9.255,False
0015,95,18,car,44.945,42.768,7.62,64.827,42.658,42.658,False
0015,95,5,pedestrian,10.435,9.892,4.947,12.536,9.865,9.865,False
0015,95,8,pedestrian,7.919,7.589,0.006,8.658,7.462,7.462,True
0015,96,5,pedestrian,10.477,9.928,5.079,13.002,10.055,10.055,False
0015,96,10,pedestrian,13.587,13.107,6.304,13.851,13.725,13.725,False
0015,96,2,car,4.619,2.74,2.278,7.554,9.222,9.222,False
0015,96,18,car,44.941,42.765,7.621,64.863,42.655,42.655,False
0015,96,8,pedestrian,7.926,7.587,0.147,8.603,7.351,7.351,True
0015,96,19,car,33.529,31.987,15.286,62.806,24.375,24.375,False
0015,97,5,pedestrian,10.52,9.965,5.212,13.132,10.103,10.103,False
0015,97,10,pedestrian,13.508,13.031,6.178,13.882,13.756,13.756,False
0015,97,8,pedestrian,7.935,7.587,0.289,8.924,7.647,7.647,True
0015,97,18,car,44.938,42.762,7.621,64.863,42.655,42.655,False
0015,97,2,car,4.611,2.733,2.274,7.554,9.222,9.222,False
0015,97,12,cyclist,12.444,11.804,3.943,14.459,12.109,12.109,False
0015,98,8,pedestrian,7.947,7.591,0.431,8.864,7.454,7.454,True
0015,98,5,pedestrian,10.565,10.004,5.344,13.566,9.902,9.902,False
0015,98,18,car,44.937,42.76,7.621,64.863,42.658,42.658,False
0015,98,2,car,4.611,2.733,2.274,7.554,9.222,9.222,False
0015,98,10,pedestrian,13.429,12.957,6.051,13.828,13.474,13.474,False
0015,98,12,cyclist,12.637,11.978,4.356,14.805,12.027,12.027,False
0015,98,19,car,33.107,31.774,13.934,75.235,30.283,30.283,False
0015,99,11,pedestrian,12.977,12.507,6.05,13.735,14.007,14.007,False
0015,99,18,car,44.935,42.759,7.621,64.863,42.658,42.658,False
0015,99,8,pedestrian,7.962,7.597,0.572,8.857,7.44,7.44,True
0015,99,2,car,4.611,2.733,2.274,7.554,9.222,9.222,False
0015,99,10,pedestrian,13.351,12.883,5.925,14.509,13.792,13.792,False
0015,99,5,pedestrian,10.611,10.045,5.477,13.605,9.777,9.777,False
0015,99,7,pedestrian,8.624,8.297,0.468,10.007,9.054,9.054,True
0015,100,10,pedestrian,13.274,12.811,5.799,14.51,13.766,13.766,False
0015,100,11,pedestrian,12.906,12.437,5.928,13.631,13.878,13.878,False
0015,100,2,car,4.611,2.733,2.274,7.554,9.222,9.222,False
0015,100,18,car,44.933,42.757,7.622,64.863,42.655,42.655,False
0015,100,5,pedestrian,10.685,10.114,5.643,13.443,9.941,9.941,False
0015,100,8,pedestrian,7.979,7.605,0.714,8.752,7.385,7.385,True
0015,100,7,pedestrian,8.635,8.301,0.599,9.604,8.492,8.492,True
0015,101,18,car,44.932,42.755,7.622,64.863,42.658,42.658,False
0015,101,2,car,4.611,2.733,2.273,7.554,9.222,9.222,False
0015,101,10,pedestrian,13.198,12.739,5.673,14.091,13.761,13.761,False
0015,101,11,pedestrian,12.835,12.368,5.805,13.546,13.551,13.551,False
0015,101,5,pedestrian,10.76,10.186,5.809,13.774,10.255,10.255,False
0015,101,19,car,32.568,31.589,11.935,69.138,30.689,30.689,False
0015,101,8,pedestrian,7.999,7.616,0.856,8.937,7.524,7.524,True
0015,102,19,car,32.414,31.562,11.276,68.686,31.952,31.952,False
0015,102,10,pedestrian,13.123,12.668,5.547,13.826,13.53,13.53,False
0015,102,18,car,44.93,42.754,7.622,64.845,42.655,42.655,False
0015,102,2,car,4.611,2.733,2.273,7.554,9.222,9.222,False
0015,102,8,pedestrian,8.021,7.63,0.997,8.823,7.551,7.551,True
0015,102,5,pedestrian,10.837,10.26,5.975,14.096,10.221,10.221,False
0015,102,11,pedestrian,12.764,12.3,5.683,18.182,17.587,17.587,False
0015,103,8,pedestrian,8.045,7.646,1.139,8.885,7.656,7.656,True
0015,103,10,pedestrian,13.048,12.599,5.42,13.826,13.045,13.045,False
0015,103,19,car,32.438,31.659,10.699,70.518,32.512,32.512,False
0015,103,18,car,44.929,42.752,7.623,64.863,42.655,42.655,False
0015,103,2,car,4.611,2.733,2.273,7.554,9.245,9.245,False
0015,103,11,pedestrian,12.695,12.233,5.56,15.489,15.107,15.107,False
0015,103,5,pedestrian,10.916,10.336,6.141,15.072,10.192,10.192,False
0015,104,8,pedestrian,8.075,7.67,1.277,9.036,7.604,7.604,False
0015,104,11,pedestrian,12.623,12.164,5.441,13.397,13.332,13.332,False
0015,104,19,car,32.474,31.689,10.124,71.407,33.347,33.347,False
0015,104,10,pedestrian,12.988,12.542,5.29,13.968,12.871,12.871,False
0015,104,18,car,44.927,42.75,7.623,64.863,42.655,42.655,False
0015,104,2,car,4.611,2.733,2.273,7.554,9.253,9.253,False
0015,104,5,pedestrian,10.998,10.414,6.308,15.071,10.246,10.246,False
0015,105,11,pedestrian,12.552,12.096,5.322,13.114,13.183,13.183,False
0015,105,19,car,32.524,31.655,9.551,68.108,32.614,32.614,False
0015,105,18,car,44.926,42.749,7.623,64.863,42.658,42.658,False
0015,105,2,car,4.611,2.733,2.273,7.554,9.222,9.222,False
0015,105,10,pedestrian,12.929,12.486,5.16,13.6,12.637,12.637,False
0015,105,5,pedestrian,11.081,10.495,6.474,15.097,10.49,10.49,False
0015,105,8,pedestrian,8.108,7.696,1.416,9.35,7.695,7.695,False
0015,106,5,pedestrian,11.166,10.577,6.64,15.072,10.406,10.406,False
0015,106,19,car,32.705,31.684,8.996,66.812,33.264,33.264,False
0015,106,10,pedestrian,12.872,12.431,5.03,13.778,12.86,12.86,False
0015,106,18,car,44.924,42.747,7.624,64.863,42.658,42.658,False
0015,106,2,car,4.611,2.733,2.273,7.554,9.222,9.222,False
0015,106,8,pedestrian,8.143,7.724,1.554,9.218,7.604,7.604,False
0015,106,11,pedestrian,12.481,12.029,5.203,13.36,13.087,13.087,False
0015,107,10,pedestrian,12.815,12.377,4.9,13.795,13.023,13.023,False
0015,107,5,pedestrian,11.253,10.662,6.806,15.849,10.389,10.389,False
0015,107,2,car,4.611,2.733,2.273,7.554,9.223,9.223,False
0015,107,18,car,44.922,42.746,7.624,64.863,42.655,42.655,False
0015,107,8,pedestrian,8.18,7.755,1.693,9.318,7.749,7.749,False
0015,107,19,car,32.9,31.734,8.448,67.831,33.385,33.385,False
0015,107,11,pedestrian,12.412,11.963,5.084,13.605,13.13,13.13,False
0015,108,8,pedestrian,8.219,7.788,1.831,9.522,7.88,7.88,False
0015,108,10,pedestrian,12.76,12.325,4.77,13.537,12.507,12.507,False
0015,108,2,car,4.611,2.733,2.273,7.554,9.222,9.222,False
0015,108,18,car,44.921,42.744,7.625,64.863,42.655,42.655,False
0015,108,11,pedestrian,12.343,11.898,4.965,13.543,13.109,13.109,False
0015,108,7,pedestrian,8.798,8.404,1.65,9.814,8.799,8.799,False
0015,108,12,cyclist,14.786,13.983,8.372,23.155,14.931,14.931,False
0015,109,8,pedestrian,8.26,7.823,1.968,9.317,7.688,7.688,False
0015,109,10,pedestrian,12.705,12.273,4.64,13.478,12.33,12.33,False
0015,109,18,car,44.919,42.742,7.625,64.863,42.658,42.658,False
0015,109,2,car,4.611,2.733,2.273,7.554,9.246,9.246,False
0015,109,7,pedestrian,8.827,8.426,1.781,9.949,8.95,8.95,False
0015,109,11,pedestrian,12.275,11.834,4.846,13.459,13.002,13.002,False
0015,109,12,cyclist,15.03,14.218,8.768,24.247,13.511,13.511,False
0015,110,8,pedestrian,8.303,7.86,2.105,9.325,7.644,7.644,False
0015,110,18,car,44.918,42.741,7.625,64.863,42.658,42.658,False
0015,110,2,car,4.611,2.733,2.273,7.554,9.247,9.247,False
0015,110,11,pedestrian,12.208,11.77,4.727,12.949,12.723,12.723,False
0015,110,10,pedestrian,12.652,12.223,4.51,13.805,12.597,12.597,False
0015,110,7,pedestrian,8.857,8.45,1.912,10.81,9.541,9.541,False
0015,111,2,car,4.611,2.733,2.273,7.554,9.223,9.223,False
0015,111,18,car,44.916,42.739,7.626,64.863,43.064,43.064,False
0015,111,10,pedestrian,12.6,12.174,4.379,13.091,11.972,11.972,False
0015,111,19,car,34.029,32.403,6.363,65.106,34.615,34.615,False
0015,111,11,pedestrian,12.141,11.708,4.608,12.796,12.356,12.356,False
0015,111,8,pedestrian,8.348,7.9,2.242,9.415,7.682,7.682,False
0015,111,7,pedestrian,8.89,8.476,2.043,9.895,8.642,8.642,False
0015,112,10,pedestrian,12.548,12.126,4.249,13.488,12.655,12.655,False
0015,112,19,car,34.397,32.685,5.865,65.547,35.088,35.088,False
0015,112,7,pedestrian,8.924,8.504,2.175,9.942,8.692,8.692,False
0015,112,2,car,4.611,2.733,2.273,7.554,9.223,9.223,False
0015,112,18,car,44.915,42.738,7.626,64.863,42.658,42.658,False
0015,112,11,pedestrian,12.076,11.647,4.489,13.728,13.036,13.036,False
0015,112,8,pedestrian,8.396,7.942,2.379,9.376,7.929,7.929,False
0015,113,10,pedestrian,12.498,12.079,4.119,13.362,12.525,12.525,False
0015,113,19,car,34.933,33.126,5.526,65.315,35.789,35.789,False
0015,113,2,car,4.611,2.733,2.273,7.554,9.223,9.223,False
0015,113,18,car,44.913,42.736,7.626,64.863,42.655,42.655,False
0015,113,8,pedestrian,8.445,7.986,2.516,9.331,7.953,7.953,False
0015,113,7,pedestrian,8.961,8.534,2.306,9.882,8.789,8.789,False
0015,113,11,pedestrian,12.016,11.591,4.368,14.447,13.637,13.637,False
0015,114,19,car,35.476,33.584,5.193,65.175,35.948,35.948,False
0015,114,10,pedestrian,12.427,12.011,3.958,13.053,12.005,12.005,False
0015,114,2,car,4.611,2.733,2.273,7.554,9.222,9.222,False
0015,114,11,pedestrian,11.958,11.537,4.247,13.06,12.515,12.515,False
0015,114,18,car,44.911,42.734,7.627,64.863,43.064,43.064,False
0015,114,8,pedestrian,8.496,8.032,2.653,9.56,8.162,8.162,False
0015,114,7,pedestrian,8.999,8.566,2.437,9.996,8.862,8.862,False
0015,115,19,car,36.027,34.061,4.866,64.715,35.838,35.838,False
0015,115,8,pedestrian,8.532,8.062,2.791,9.913,8.158,8.158,False
0015,115,2,car,4.611,2.733,2.273,7.554,9.222,9.222,False
0015,115,18,car,44.91,42.733,7.627,64.863,42.655,42.655,False
0015,115,10,pedestrian,12.356,11.945,3.797,13.335,12.286,12.286,False
0015,115,11,pedestrian,11.901,11.483,4.126,12.696,12.481,12.481,False
0015,115,7,pedestrian,9.033,8.595,2.587,10.346,9.096,9.096,False
0015,116,19,car,36.585,34.555,4.545,67.836,36.333,36.333,False
0015,116,10,pedestrian,12.288,11.881,3.636,13.489,12.446,12.446,False
0015,116,2,car,4.611,2.733,2.273,7.554,9.247,9.247,False
0015,116,18,car,44.908,42.731,7.627,64.863,42.658,42.658,False
0015,116,8,pedestrian,8.569,8.095,2.929,10.036,8.124,8.124,False
0015,116,7,pedestrian,9.071,8.626,2.737,10.557,9.024,9.024,False
0015,116,11,pedestrian,11.845,11.431,4.004,12.664,12.416,12.416,False
0015,117,10,pedestrian,12.221,11.819,3.474,13.303,12.502,12.502,False
0015,117,19,car,37.15,35.066,4.23,67.889,36.542,36.542,False
0015,117,2,car,4.611,2.733,2.273,7.554,9.223,9.223,False
0015,117,18,car,44.907,42.729,7.628,64.863,42.655,42.655,False
0015,117,8,pedestrian,8.609,8.13,3.067,10.137,8.186,8.186,False
0015,117,7,pedestrian,9.11,8.66,2.887,10.283,8.89,8.89,False
0015,118,8,pedestrian,8.651,8.167,3.205,10.247,8.3,8.3,False
0015,118,19,car,37.911,35.787,3.997,71.591,37.394,37.394,False
0015,118,2,car,4.611,2.733,2.272,7.554,9.199,9.199,False
0015,118,18,car,44.905,42.728,7.628,64.863,42.655,42.655,False
0015,118,10,pedestrian,12.156,11.758,3.313,12.98,12.323,12.323,False
0015,118,11,pedestrian,11.735,11.33,3.762,13.633,12.959,12.959,False
0015,118,7,pedestrian,9.152,8.696,3.037,10.271,8.993,8.993,False
0015,119,8,pedestrian,8.695,8.207,3.343,10.454,8.464,8.464,False
0015,119,19,car,38.677,36.523,3.77,71.528,38.62,38.62,False
0015,119,2,car,4.611,2.733,2.272,7.554,9.222,9.222,False
0015,119,18,car,44.904,42.726,7.628,64.863,42.655,42.655,False
0015,119,7,pedestrian,9.196,8.735,3.186,10.745,9.244,9.244,False
0015,119,11,pedestrian,11.682,11.281,3.641,12.776,12.143,12.143,False
0015,119,10,pedestrian,12.093,11.699,3.152,12.884,11.834,11.834,False
0015,120,10,pedestrian,12.031,11.643,2.99,12.869,11.947,11.947,False
0015,120,8,pedestrian,8.741,8.248,3.481,10.347,8.302,8.302,False
0015,120,19,car,39.447,37.272,3.546,71.672,38.91,38.91,False
0015,120,2,car,4.611,2.733,2.272,7.554,9.222,9.222,False
0015,120,18,car,44.902,42.725,7.629,64.845,42.655,42.655,False
0015,120,7,pedestrian,9.242,8.776,3.336,11.218,9.596,9.596,False
0015,120,11,pedestrian,11.63,11.233,3.519,10.561,10.432,10.432,False
0015,121,19,car,40.271,38.085,3.462,75.971,39.908,39.908,False
0015,121,8,pedestrian,8.789,8.292,3.619,10.268,8.282,8.282,False
0015,121,2,car,4.611,2.733,2.272,7.554,9.222,9.222,False
0015,121,18,car,44.9,42.723,7.629,64.845,43.061,43.061,False
0015,121,10,pedestrian,11.991,11.607,2.855,12.84,11.909,11.909,False
0015,121,7,pedestrian,9.291,8.82,3.486,12.031,10.084,10.084,False
0015,121,11,pedestrian,11.578,11.186,3.398,10.68,10.323,10.323,False
0015,122,10,pedestrian,11.952,11.572,2.72,13.092,12.201,12.201,False
0015,122,19,car,41.096,38.907,3.382,80.562,41.347,41.347,False
0015,122,2,car,4.611,2.733,2.272,7.554,9.222,9.222,False
0015,122,18,car,44.899,42.721,7.629,64.863,42.658,42.658,False
0015,122,7,pedestrian,9.342,8.866,3.636,10.603,9.099,9.099,False
0015,122,8,pedestrian,8.839,8.338,3.757,10.494,8.329,8.329,False
0015,122,11,pedestrian,11.519,11.134,3.236,12.433,11.988,11.988,False
0015,123,10,pedestrian,11.915,11.539,2.584,12.672,11.869,11.869,False
0015,123,19,car,41.923,39.74,3.306,80.784,42.099,42.099,False
0015,123,2,car,4.611,2.733,2.272,7.554,9.222,9.222,False
0015,123,18,car,44.899,42.722,7.628,68.345,43.475,43.475,False
0015,123,11,pedestrian,11.462,11.085,3.073,12.547,12.025,12.025,False
0015,123,8,pedestrian,8.891,8.386,3.895,10.412,8.446,8.446,False
0015,123,7,pedestrian,9.395,8.914,3.786,10.683,9.178,9.178,False
0015,124,2,car,4.611,2.733,2.272,7.554,9.222,9.222,False
0015,124,8,pedestrian,8.945,8.436,4.033,10.517,8.668,8.668,False
0015,124,18,car,44.9,42.722,7.626,68.345,43.478,43.478,False
0015,124,11,pedestrian,11.407,11.037,2.911,12.542,12.109,12.109,False
0015,124,10,pedestrian,11.879,11.507,2.449,12.912,11.808,11.808,False
0015,124,19,car,42.752,40.583,3.233,86.377,44.638,44.638,False
0015,125,11,pedestrian,11.354,10.992,2.749,12.501,12.174,12.174,False
0015,125,8,pedestrian,9.0,8.488,4.171,10.678,8.663,8.663,False
0015,125,2,car,4.611,2.733,2.272,7.554,9.198,9.198,False
0015,125,18,car,44.9,42.723,7.624,68.345,44.328,44.328,False
0015,125,10,pedestrian,11.845,11.477,2.313,12.914,11.972,11.972,False
0015,125,19,car,43.699,41.536,3.196,86.342,44.612,44.612,False
0015,126,2,car,4.611,2.733,2.272,7.554,9.222,9.222,False
0015,126,18,car,44.901,42.723,7.622,71.987,45.211,45.211,False
0015,126,10,pedestrian,11.812,11.449,2.178,13.171,13.341,13.341,False
0015,126,8,pedestrian,9.058,8.542,4.31,11.051,8.615,8.615,False
0015,126,19,car,44.646,42.49,3.159,92.764,45.494,45.494,False
0015,126,11,pedestrian,11.303,10.95,2.586,12.348,11.973,11.973,False
0015,127,2,car,4.611,2.733,2.272,7.554,9.198,9.198,False
0015,127,10,pedestrian,11.78,11.422,2.043,12.783,12.266,12.266,False
0015,127,19,car,45.594,43.445,3.122,92.723,46.424,46.424,False
0015,127,18,car,44.901,42.724,7.62,76.632,47.051,47.051,False
0015,127,8,pedestrian,9.117,8.597,4.448,11.029,8.439,8.439,False
0015,127,7,pedestrian,9.62,9.122,4.369,11.329,9.434,9.434,False
0015,127,11,pedestrian,11.255,10.909,2.422,12.105,11.585,11.585,False
0015,128,18,car,44.901,42.724,7.619,72.057,46.152,46.152,False
0015,128,19,car,46.543,44.402,3.085,100.103,46.403,46.403,False
0015,128,2,car,4.611,2.733,2.272,7.554,9.222,9.222,False
0015,128,10,pedestrian,11.75,11.396,1.907,12.507,13.43,13.43,False
0015,128,11,pedestrian,11.208,10.871,2.257,10.154,9.853,9.853,False
0015,128,8,pedestrian,9.178,8.655,4.586,11.487,8.711,8.711,False
0015,128,7,pedestrian,9.676,9.174,4.503,11.329,9.489,9.489,False
0015,129,11,pedestrian,11.177,10.845,2.112,12.095,11.689,11.689,False
0015,129,19,car,47.5,45.365,3.144,109.13,47.883,47.883,False
0015,129,10,pedestrian,11.721,11.372,1.772,12.497,12.078,12.078,False
0015,129,2,car,4.611,2.733,2.272,7.554,9.223,9.223,False
0015,129,7,pedestrian,9.732,9.227,4.637,11.703,9.611,9.611,False
0015,129,8,pedestrian,9.241,8.715,4.724,11.933,8.878,8.878,False
0015,130,19,car,48.45,46.324,3.161,119.616,50.595,50.595,False
0015,130,2,car,4.611,2.733,2.272,7.554,9.222,9.222,False
0015,130,11,pedestrian,11.148,10.821,1.968,12.192,11.87,11.87,False
0015,130,8,pedestrian,9.305,8.776,4.862,12.177,8.958,8.958,False
0015,130,10,pedestrian,11.694,11.35,1.636,12.903,11.899,11.899,False
0015,131,19,car,49.401,47.283,3.178,119.602,50.586,50.586,False
0015,131,8,pedestrian,9.352,8.822,4.984,11.983,8.734,8.734,False
0015,131,2,car,4.611,2.733,2.272,7.554,9.222,9.222,False
0015,131,10,pedestrian,11.669,11.329,1.501,13.302,12.788,12.788,False
0015,132,19,car,50.352,48.243,3.194,119.708,52.989,52.989,False
0015,132,2,car,4.611,2.733,2.272,7.554,9.222,9.222,False
0015,132,8,pedestrian,9.4,8.87,5.106,12.221,8.657,8.657,False
0015,132,10,pedestrian,11.645,11.31,1.365,12.832,11.96,11.96,False
0015,132,18,car,44.903,42.726,7.611,64.827,42.663,42.663,False
0015,132,7,pedestrian,9.912,9.396,5.038,12.701,9.772,9.772,False
0015,132,11,pedestrian,11.094,10.779,1.679,12.396,11.959,11.959,False
0015,133,19,car,51.303,49.203,3.211,119.564,52.978,52.978,False
0015,133,2,car,4.611,2.733,2.272,7.554,9.221,9.221,False
0015,133,11,pedestrian,11.07,10.761,1.535,12.07,11.955,11.955,False
0015,133,8,pedestrian,9.45,8.919,5.228,12.343,8.711,8.711,False
0015,133,10,pedestrian,11.622,11.292,1.23,12.537,11.59,11.59,False
0015,133,18,car,44.904,42.726,7.61,64.818,43.459,43.459,False
0015,133,7,pedestrian,9.974,9.456,5.172,12.553,9.868,9.868,False
0015,134,11,pedestrian,11.048,10.745,1.39,11.936,11.513,11.513,False
0015,134,19,car,52.254,50.164,3.184,132.599,53.611,53.611,False
0015,134,2,car,4.611,2.733,2.271,7.554,9.222,9.222,False
0015,134,18,car,44.904,42.727,7.608,64.863,42.666,42.666,False
0015,134,7,pedestrian,10.039,9.517,5.306,12.494,9.909,9.909,False
0015,134,10,pedestrian,11.601,11.276,1.095,12.773,11.684,11.684,True
0015,134,8,pedestrian,9.502,8.97,5.351,12.078,8.837,8.837,False
0015,135,19,car,53.344,51.255,3.182,132.599,55.615,55.615,False
0015,135,2,car,4.611,2.733,2.271,7.554,9.222,9.222,False
0015,135,18,car,44.904,42.727,7.606,64.845,42.652,42.652,False
0015,135,8,pedestrian,9.554,9.023,5.473,12.331,9.063,9.063,False
0015,135,10,pedestrian,11.582,11.262,0.959,12.881,11.722,11.722,True
0015,135,7,pedestrian,10.104,9.58,5.44,12.945,10.005,10.005,False
0015,136,19,car,54.435,52.347,3.18,148.65,57.036,57.036,False
0015,136,8,pedestrian,9.609,9.077,5.595,12.229,9.019,9.019,False
0015,136,2,car,4.611,2.733,2.271,7.554,9.222,9.222,False
0015,136,18,car,44.905,42.727,7.604,64.863,42.652,42.652,False
0015,136,11,pedestrian,11.01,10.718,1.101,11.929,11.382,11.382,True
0015,137,19,car,55.526,53.439,3.178,148.658,58.531,58.531,False
0015,137,8,pedestrian,9.664,9.132,5.718,12.403,8.906,8.906,False
0015,137,2,car,4.611,2.733,2.271,7.554,9.222,9.222,False
0015,137,18,car,44.905,42.728,7.602,64.863,42.655,42.655,False
0015,137,7,pedestrian,10.24,9.71,5.707,14.087,10.294,10.294,False
0015,137,10,pedestrian,11.547,11.238,0.688,11.996,11.509,11.509,True
0015,138,19,car,56.617,54.531,3.175,148.416,58.525,58.525,False
0015,138,11,pedestrian,10.978,10.699,0.812,11.983,11.607,11.607,True
0015,138,2,car,4.611,2.733,2.271,7.554,9.222,9.222,False
0015,138,18,car,44.906,42.728,7.6,64.845,42.655,42.655,False
0015,138,10,pedestrian,11.533,11.229,0.553,12.595,11.787,11.787,True
0015,138,8,pedestrian,9.721,9.189,5.841,13.476,10.552,10.552,False
0015,139,11,pedestrian,10.967,10.693,0.677,11.972,11.44,11.44,True
0015,139,19,car,57.708,55.623,3.173,,58.519,58.519,False
0015,139,2,car,4.611,2.733,2.271,7.554,9.222,9.222,False
0015,139,18,car,44.906,42.729,7.599,64.845,42.658,42.658,False
0015,139,7,pedestrian,10.38,9.845,5.975,13.824,10.486,10.486,False
0015,139,10,pedestrian,11.514,11.215,0.419,11.972,11.481,11.481,True
0015,140,19,car,58.747,56.662,3.214,,60.095,60.095,False
0015,140,7,pedestrian,10.453,9.915,6.109,13.705,10.085,10.085,False
0015,140,2,car,4.611,2.733,2.271,7.554,9.222,9.222,False
0015,140,18,car,44.907,42.729,7.597,64.863,42.658,42.658,False
0015,140,11,pedestrian,10.957,10.688,0.541,12.09,11.39,11.39,True
0015,141,19,car,59.787,57.702,3.255,,57.748,57.748,False
0015,141,7,pedestrian,10.526,9.986,6.243,13.817,9.807,9.807,False
0015,141,2,car,4.611,2.733,2.271,7.554,9.222,9.222,False
0015,141,18,car,44.907,42.73,7.595,64.863,42.658,42.658,False
0015,141,10,pedestrian,11.482,11.194,0.15,12.838,11.872,11.872,True
0015,142,19,car,60.826,58.742,3.296,,60.09,60.09,False
0015,142,11,pedestrian,10.941,10.685,0.27,12.317,11.8,11.8,True
0015,142,2,car,4.611,2.733,2.271,7.554,9.222,9.222,False
0015,142,18,car,44.907,42.73,7.593,64.845,42.658,42.658,False
0015,142,10,pedestrian,11.468,11.185,0.015,12.304,11.651,11.651,True
0015,142,7,pedestrian,10.601,10.059,6.376,14.562,10.222,10.222,False
0015,143,11,pedestrian,10.936,10.686,0.134,12.177,11.739,11.739,True
0015,143,19,car,61.865,59.781,3.329,,62.623,62.623,False
0015,143,2,car,4.611,2.733,2.271,7.554,9.222,9.222,False
0015,143,18,car,44.908,42.731,7.591,64.863,42.658,42.658,False
0015,144,19,car,62.904,60.82,3.362,,63.512,63.512,False
0015,144,11,pedestrian,10.933,10.688,0.0,12.175,11.786,11.786,True
0015,144,2,car,4.611,2.733,2.271,7.554,9.198,9.198,False
0015,144,18,car,44.908,42.731,7.59,64.845,42.658,42.658,False
0015,144,10,pedestrian,11.445,11.17,0.0,12.424,11.865,11.865,True
0015,145,19,car,63.834,61.751,3.382,,63.509,63.509,False
0015,145,2,car,4.611,2.733,2.271,7.554,9.222,9.222,False
0015,145,18,car,44.909,42.731,7.588,64.863,43.064,43.064,False
0015,145,11,pedestrian,10.931,10.69,0.0,12.553,11.696,11.696,True
0015,146,10,pedestrian,11.428,11.155,0.0,12.419,11.639,11.639,True
0015,146,19,car,64.764,62.681,3.402,,65.374,65.374,False
0015,146,2,car,4.611,2.733,2.271,7.554,9.199,9.199,False
0015,146,18,car,44.909,42.732,7.586,64.863,42.658,42.658,False
0015,147,19,car,65.694,63.611,3.423,,66.35,66.35,False
0015,147,2,car,4.611,2.733,2.271,7.554,9.199,9.199,False
0015,147,18,car,44.888,42.711,7.586,64.863,43.064,43.064,False
0015,147,11,pedestrian,10.933,10.694,0.0,12.295,11.747,11.747,True
0015,147,10,pedestrian,11.422,11.147,0.0,12.295,11.586,11.586,True
0015,148,19,car,66.624,64.541,3.443,,67.355,67.355,False
0015,148,2,car,4.611,2.733,2.271,7.554,9.199,9.199,False
0015,148,18,car,44.867,42.69,7.586,64.845,42.658,42.658,False
0015,148,11,pedestrian,10.936,10.696,0.0,12.301,11.3,11.3,True
0015,148,10,pedestrian,11.418,11.14,0.0,12.555,11.486,11.486,True
0015,149,10,pedestrian,11.415,11.132,0.0,12.552,11.752,11.752,True
0015,149,2,car,4.611,2.733,2.271,7.554,9.223,9.223,False
0015,149,18,car,44.846,42.669,7.586,64.845,42.658,42.658,False
0015,149,11,pedestrian,10.941,10.698,0.0,12.427,11.587,11.587,True
0015,149,19,car,67.556,65.473,3.538,,67.35,67.35,False
0016,0,3,car,36.846,35.211,0.0,48.358,35.219,35.219,True
0016,0,22,pedestrian,20.633,20.027,7.7,26.125,18.999,18.999,False
0016,0,23,pedestrian,20.965,20.307,6.947,26.589,21.075,21.075,False
0016,0,24,pedestrian,23.381,22.774,10.49,34.295,22.094,22.094,False
0016,0,5,pedestrian,10.918,10.359,1.864,12.335,10.52,10.52,False
0016,0,7,pedestrian,14.53,13.9,2.256,16.495,13.635,13.635,False
0016,0,1,car,28.794,27.006,15.273,33.19,35.27,35.27,False
0016,0,25,pedestrian,23.264,22.648,9.755,33.079,26.431,26.431,False
0016,0,2,car,27.85,25.888,12.749,33.092,34.144,34.144,False
0016,1,3,car,36.846,35.211,0.0,48.362,35.218,35.218,True
0016,1,24,pedestrian,23.228,22.624,10.416,35.348,22.183,22.183,False
0016,1,22,pedestrian,20.49,19.885,7.625,26.545,20.032,20.032,False
0016,1,5,pedestrian,10.83,10.272,1.916,11.925,10.322,10.322,False
0016,1,23,pedestrian,20.822,20.164,6.869,23.701,18.995,18.995,False
0016,1,25,pedestrian,23.119,22.506,9.685,33.079,22.6,22.6,False
0016,1,1,car,28.794,27.006,15.273,33.179,35.27,35.27,False
0016,1,7,pedestrian,14.404,13.771,2.111,16.303,13.248,13.248,False
0016,1,6,pedestrian,11.492,10.943,2.749,13.09,11.741,11.741,False
0016,1,2,car,27.85,25.888,12.75,33.207,34.58,34.58,False
0016,2,3,car,36.846,35.211,0.0,48.359,35.218,35.218,True
0016,2,6,pedestrian,11.416,10.867,2.779,12.912,11.631,11.631,False
0016,2,24,pedestrian,23.076,22.475,10.342,33.624,21.433,21.433,False
0016,2,25,pedestrian,22.974,22.365,9.616,33.017,22.521,22.521,False
0016,2,5,pedestrian,10.742,10.186,1.969,11.851,10.365,10.365,False
0016,2,7,pedestrian,14.279,13.643,1.967,15.847,13.435,13.435,False
0016,2,22,pedestrian,20.346,19.743,7.551,25.535,19.468,19.468,False
0016,2,26,pedestrian,22.926,22.36,8.914,27.652,20.848,20.848,False
0016,2,1,car,28.794,27.006,15.273,33.179,35.27,35.27,False
0016,2,2,car,27.85,25.888,12.75,33.13,34.144,34.144,False
0016,3,3,car,36.846,35.211,0.0,48.364,35.5,35.5,True
0016,3,7,pedestrian,14.154,13.516,1.822,15.804,13.079,13.079,False
0016,3,5,pedestrian,10.655,10.101,2.021,11.753,10.137,10.137,False
0016,3,24,pedestrian,22.923,22.325,10.269,33.492,21.121,21.121,False
0016,3,6,pedestrian,11.34,10.792,2.808,12.578,11.604,11.604,False
0016,3,25,pedestrian,22.829,22.223,9.546,33.819,22.419,22.419,False
0016,3,1,car,28.794,27.006,15.274,33.052,35.27,35.27,False
0016,3,2,car,27.85,25.888,12.75,32.95,34.348,34.348,False
0016,3,22,pedestrian,20.202,19.601,7.477,32.452,22.675,22.675,False
0016,4,3,car,36.846,35.211,0.0,50.37,35.787,35.787,True
0016,4,7,pedestrian,14.016,13.376,1.71,15.814,13.338,13.338,False
0016,4,25,pedestrian,22.684,22.081,9.477,33.008,22.983,22.983,False
0016,4,6,pedestrian,11.264,10.717,2.837,12.563,11.421,11.421,False
0016,4,24,pedestrian,22.774,22.18,10.197,32.837,21.604,21.604,False
0016,4,5,pedestrian,10.571,10.019,2.076,11.761,10.104,10.104,False
0016,4,1,car,28.794,27.006,15.274,33.147,35.27,35.27,False
0016,4,2,car,27.85,25.888,12.75,32.792,34.373,34.373,False
0016,4,23,pedestrian,20.39,19.736,6.634,27.615,22.157,22.157,False
0016,5,3,car,36.846,35.211,0.0,48.358,35.501,35.501,True
0016,5,7,pedestrian,13.877,13.235,1.598,15.598,12.788,12.788,False
0016,5,24,pedestrian,22.626,22.034,10.124,31.37,20.969,20.969,False
0016,5,23,pedestrian,20.246,19.593,6.556,24.938,19.568,19.568,False
0016,5,5,pedestrian,10.488,9.938,2.131,11.757,10.014,10.014,False
0016,5,1,car,28.795,27.006,15.274,33.052,35.27,35.27,False
0016,5,6,pedestrian,11.161,10.615,2.884,12.446,11.361,11.361,False
0016,5,2,car,27.85,25.888,12.75,32.718,34.348,34.348,False
0016,6,3,car,36.845,35.211,0.0,48.364,35.501,35.501,True
0016,6,22,pedestrian,19.775,19.179,7.238,25.547,18.7,18.7,False
0016,6,7,pedestrian,13.74,13.095,1.486,15.572,12.784,12.784,False
0016,6,23,pedestrian,20.103,19.451,6.477,24.955,19.61,19.61,False
0016,6,1,car,28.795,27.006,15.275,33.168,35.27,35.27,False
0016,6,5,pedestrian,10.402,9.855,2.19,11.757,9.91,9.91,False
0016,6,2,car,27.85,25.888,12.75,32.709,34.348,34.348,False
0016,7,3,car,36.845,35.211,0.0,48.37,35.787,35.787,True
0016,7,22,pedestrian,19.635,19.04,7.148,24.448,18.074,18.074,False
0016,7,25,pedestrian,22.249,21.656,9.269,32.296,22.943,22.943,False
0016,7,23,pedestrian,19.959,19.308,6.399,24.983,19.46,19.46,False
0016,7,24,pedestrian,22.328,21.743,9.98,41.495,25.015,25.015,False
0016,7,5,pedestrian,10.318,9.772,2.25,11.412,9.821,9.821,False
0016,7,7,pedestrian,13.603,12.956,1.373,15.131,12.82,12.82,False
0016,7,1,car,28.795,27.006,15.275,33.168,35.27,35.27,False
0016,7,6,pedestrian,10.958,10.414,2.979,12.197,11.334,11.334,False
0016,7,26,pedestrian,22.228,21.676,8.543,26.538,20.037,20.037,False
0016,7,2,car,27.85,25.888,12.75,32.792,34.373,34.373,False
0016,8,3,car,36.845,35.211,0.0,48.364,35.5,35.5,True
0016,8,24,pedestrian,22.179,21.598,9.908,31.916,20.813,20.813,False
0016,8,22,pedestrian,19.496,18.902,7.058,24.412,18.302,18.302,False
0016,8,25,pedestrian,22.104,21.515,9.2,31.464,22.667,22.667,False
0016,8,7,pedestrian,13.466,12.818,1.261,14.925,12.747,12.747,False
0016,8,5,pedestrian,10.234,9.691,2.309,11.455,9.73,9.73,False
0016,8,6,pedestrian,10.857,10.315,3.027,12.306,11.12,11.12,False
0016,8,23,pedestrian,19.815,19.166,6.321,24.062,19.29,19.29,False
0016,8,1,car,28.795,27.006,15.275,33.158,35.27,35.27,False
0016,8,2,car,27.85,25.888,12.75,32.792,34.606,34.606,False
0016,8,4,cyclist,5.858,5.002,2.841,7.442,7.49,7.49,False
0016,9,3,car,36.845,35.211,0.0,48.358,35.218,35.218,True
0016,9,7,pedestrian,13.348,12.697,1.118,14.932,12.616,12.616,True
0016,9,24,pedestrian,22.03,21.452,9.836,30.607,20.66,20.66,False
0016,9,5,pedestrian,10.15,9.611,2.369,11.333,9.69,9.69,False
0016,9,22,pedestrian,19.356,18.764,6.968,23.936,18.096,18.096,False
0016,9,25,pedestrian,21.959,21.373,9.131,30.753,22.401,22.401,False
0016,9,6,pedestrian,10.785,10.243,3.082,12.074,11.047,11.047,False
0016,9,4,cyclist,5.478,4.646,2.88,7.644,7.768,7.768,False
0016,9,23,pedestrian,19.668,19.017,6.229,24.035,20.014,20.014,False
0016,9,1,car,28.795,27.006,15.276,33.318,35.27,35.27,False
0016,9,2,car,27.851,25.888,12.75,32.7,34.606,34.606,False
0016,10,3,car,36.845,35.211,0.0,48.364,35.218,35.218,True
0016,10,24,pedestrian,21.881,21.307,9.763,30.59,20.822,20.822,False
0016,10,22,pedestrian,19.217,18.626,6.878,23.544,17.424,17.424,False
0016,10,5,pedestrian,10.068,9.531,2.429,11.519,9.724,9.724,False
0016,10,6,pedestrian,10.713,10.173,3.138,12.001,10.856,10.856,False
0016,10,7,pedestrian,13.23,12.577,0.975,14.93,12.234,12.234,True
0016,10,25,pedestrian,21.815,21.232,9.062,30.769,24.133,24.133,False
0016,10,23,pedestrian,19.521,18.868,6.137,23.144,19.008,19.008,False
0016,10,1,car,28.795,27.006,15.276,33.19,35.27,35.27,False
0016,10,2,car,27.851,25.888,12.75,32.81,34.144,34.144,False
0016,11,3,car,36.845,35.211,0.0,50.356,35.787,35.787,True
0016,11,24,pedestrian,21.724,21.153,9.681,30.694,20.36,20.36,False
0016,11,7,pedestrian,13.114,12.458,0.833,14.929,12.154,12.154,True
0016,11,23,pedestrian,19.374,18.719,6.045,24.019,19.008,19.008,False
0016,11,6,pedestrian,10.639,10.102,3.2,12.007,10.669,10.669,False
0016,11,22,pedestrian,19.076,18.487,6.793,23.521,18.046,18.046,False
0016,11,25,pedestrian,21.657,21.075,8.979,29.47,21.177,21.177,False
0016,11,1,car,28.795,27.006,15.276,33.62,35.27,35.27,False
0016,11,5,pedestrian,9.986,9.453,2.488,11.333,9.633,9.633,False
0016,11,2,car,27.851,25.888,12.751,33.207,34.373,34.373,False
0016,12,25,pedestrian,21.5,20.918,8.897,28.754,20.83,20.83,False
0016,12,3,car,36.845,35.211,0.0,48.359,35.501,35.501,True
0016,12,24,pedestrian,21.566,21.0,9.598,30.625,20.352,20.352,False
0016,12,23,pedestrian,19.226,18.57,5.952,23.615,18.612,18.612,False
0016,12,22,pedestrian,18.936,18.348,6.708,23.155,18.068,18.068,False
0016,12,7,pedestrian,12.999,12.341,0.69,14.543,11.993,11.993,True
0016,12,5,pedestrian,9.905,9.376,2.548,10.866,9.357,9.357,False
0016,12,1,car,28.795,27.006,15.277,33.318,35.27,35.27,False
0016,12,2,car,27.851,25.888,12.751,32.618,34.348,34.348,False
0016,12,6,pedestrian,10.565,10.032,3.262,12.007,10.9,10.9,False
0016,13,3,car,36.845,35.211,0.0,48.359,35.5,35.5,True
0016,13,24,pedestrian,21.409,20.846,9.516,29.92,19.659,19.659,False
0016,13,7,pedestrian,12.886,12.225,0.547,14.196,12.014,12.014,True
0016,13,25,pedestrian,21.342,20.761,8.814,28.157,20.6,20.6,False
0016,13,6,pedestrian,10.492,9.964,3.324,11.576,10.658,10.658,False
0016,13,5,pedestrian,9.825,9.299,2.608,10.669,9.214,9.214,False
0016,13,23,pedestrian,19.079,18.422,5.86,23.073,18.093,18.093,False
0016,13,1,car,28.796,27.006,15.277,33.179,35.27,35.27,False
0016,13,2,car,27.851,25.888,12.751,32.627,34.373,34.373,False
0016,13,22,pedestrian,18.796,18.21,6.623,23.913,18.127,18.127,False
0016,14,7,pedestrian,12.739,12.077,0.46,14.191,11.839,11.839,True
0016,14,24,pedestrian,21.247,20.687,9.431,28.105,18.87,18.87,False
0016,14,3,car,36.845,35.211,0.0,48.358,35.217,35.217,True
0016,14,25,pedestrian,21.185,20.604,8.732,27.6,20.081,20.081,False
0016,14,22,pedestrian,18.656,18.071,6.538,22.719,16.753,16.753,False
0016,14,23,pedestrian,18.932,18.273,5.767,22.223,17.836,17.836,False
0016,14,5,pedestrian,9.762,9.239,2.65,10.535,9.178,9.178,False
0016,14,6,pedestrian,10.42,9.896,3.386,11.449,10.616,10.616,False
0016,14,1,car,28.796,27.006,15.277,33.179,35.27,35.27,False
0016,14,26,pedestrian,21.191,20.627,8.032,28.899,21.846,21.846,False
0016,14,2,car,27.851,25.888,12.751,32.672,34.606,34.606,False
0016,15,23,pedestrian,18.786,18.125,5.675,22.242,17.586,17.586,False
0016,15,24,pedestrian,21.094,20.534,9.351,28.785,19.116,19.116,False
0016,15,3,car,36.845,35.211,0.0,48.359,35.219,35.219,True
0016,15,7,pedestrian,12.593,11.929,0.373,14.191,11.537,11.537,True
0016,15,26,pedestrian,21.042,20.476,7.953,27.687,20.74,20.74,False
0016,15,6,pedestrian,10.349,9.831,3.448,11.429,10.681,10.681,False
0016,15,22,pedestrian,18.512,17.929,6.451,22.702,16.893,16.893,False
0016,15,25,pedestrian,21.028,20.446,8.649,28.18,20.902,20.902,False
0016,15,5,pedestrian,9.7,9.18,2.692,10.794,9.163,9.163,False
0016,15,1,car,28.796,27.006,15.278,33.179,35.27,35.27,False
0016,15,2,car,27.851,25.889,12.751,33.092,34.373,34.373,False
0016,16,23,pedestrian,18.639,17.976,5.583,22.233,17.925,17.925,False
0016,16,3,car,36.845,35.211,0.0,48.35,35.5,35.5,True
0016,16,26,pedestrian,20.904,20.33,7.88,27.764,20.202,20.202,False
0016,16,25,pedestrian,20.872,20.286,8.566,28.142,20.709,20.709,False
0016,16,6,pedestrian,10.283,9.77,3.526,11.33,10.578,10.578,False
0016,16,22,pedestrian,18.395,17.813,6.371,21.804,16.772,16.772,False
0016,16,24,pedestrian,20.936,20.374,9.268,28.05,19.512,19.512,False
0016,16,7,pedestrian,12.457,11.792,0.256,14.016,11.456,11.456,True
0016,16,1,car,28.796,27.006,15.278,33.62,35.27,35.27,False
0016,16,2,car,27.851,25.889,12.751,32.618,34.348,34.348,False
0016,16,5,pedestrian,9.63,9.116,2.772,10.671,9.077,9.077,False
0016,17,23,pedestrian,18.492,17.828,5.49,22.242,16.738,16.738,False
0016,17,3,car,36.845,35.211,0.0,48.358,35.218,35.218,True
0016,17,22,pedestrian,18.274,17.694,6.289,21.804,17.023,17.023,False
0016,17,24,pedestrian,20.778,20.213,9.186,27.507,19.123,19.123,False
0016,17,26,pedestrian,20.766,20.185,7.807,27.111,20.975,20.975,False
0016,17,25,pedestrian,20.716,20.125,8.482,27.556,22.723,22.723,False
0016,17,5,pedestrian,9.561,9.053,2.853,10.708,9.075,9.075,False
0016,17,1,car,28.796,27.006,15.278,33.168,35.27,35.27,False
0016,17,6,pedestrian,10.218,9.712,3.603,11.341,10.279,10.279,False
0016,17,2,car,27.851,25.889,12.751,32.932,34.144,34.144,False
0016,17,7,pedestrian,12.323,11.656,0.14,13.837,11.47,11.47,True
0016,18,22,pedestrian,18.153,17.575,6.206,21.398,16.857,16.857,False
0016,18,3,car,36.845,35.211,0.0,48.356,35.218,35.218,True
0016,18,24,pedestrian,20.621,20.052,9.104,28.129,19.066,19.066,False
0016,18,5,pedestrian,9.494,8.992,2.934,10.58,9.0,9.0,False
0016,18,26,pedestrian,20.628,20.04,7.735,27.091,21.456,21.456,False
0016,18,25,pedestrian,20.56,19.964,8.399,26.993,20.396,20.396,False
0016,18,23,pedestrian,18.346,17.68,5.398,21.49,17.322,17.322,False
0016,18,7,pedestrian,12.189,11.521,0.024,13.377,11.521,11.521,True
0016,18,21,pedestrian,22.222,21.596,7.186,28.797,19.996,19.996,False
0016,18,1,car,28.796,27.006,15.278,33.653,35.27,35.27,False
0016,18,2,car,27.851,25.889,12.751,32.6,34.119,34.119,False
0016,19,26,pedestrian,20.49,19.895,7.663,26.538,21.11,21.11,False
0016,19,3,car,36.845,35.211,0.0,48.35,34.941,34.941,True
0016,19,24,pedestrian,20.463,19.891,9.022,28.097,18.748,18.748,False
0016,19,22,pedestrian,18.033,17.455,6.124,21.423,16.731,16.731,False
0016,19,25,pedestrian,20.404,19.804,8.316,26.473,20.385,20.385,False
0016,19,5,pedestrian,9.428,8.933,3.015,10.403,9.086,9.086,False
0016,19,7,pedestrian,12.057,11.387,0.0,13.377,11.519,11.519,True
0016,19,23,pedestrian,18.215,17.548,5.308,21.811,17.958,17.958,False
0016,19,21,pedestrian,22.088,21.46,7.143,29.461,20.149,20.149,False
0016,19,1,car,28.796,27.006,15.279,33.339,35.27,35.27,False
0016,19,2,car,27.851,25.889,12.751,32.96,34.144,34.144,False
0016,19,6,pedestrian,10.092,9.601,3.758,11.521,10.57,10.57,False
0016,20,24,pedestrian,20.306,19.73,8.94,27.054,18.507,18.507,False
0016,20,22,pedestrian,17.912,17.336,6.042,21.809,16.502,16.502,False
0016,20,5,pedestrian,9.364,8.875,3.095,10.22,8.839,8.839,False
0016,20,3,car,36.845,35.211,0.0,46.505,33.872,33.872,True
0016,20,25,pedestrian,20.249,19.643,8.233,25.946,20.097,20.097,False
0016,20,26,pedestrian,20.352,19.751,7.591,26.046,18.73,18.73,False
0016,20,23,pedestrian,18.085,17.415,5.219,21.046,17.565,17.565,False
0016,20,1,car,28.796,27.006,15.279,33.179,35.27,35.27,False
0016,20,7,pedestrian,11.925,11.253,0.0,13.375,11.057,11.057,True
0016,20,2,car,27.851,25.889,12.751,33.402,34.134,34.134,False
0016,20,6,pedestrian,10.031,9.548,3.836,11.273,10.514,10.514,False
0016,21,26,pedestrian,20.193,19.589,7.486,25.415,19.307,19.307,False
0016,21,24,pedestrian,20.134,19.552,8.836,26.468,18.618,18.618,False
0016,21,5,pedestrian,9.283,8.803,3.205,10.344,8.853,8.853,False
0016,21,3,car,36.845,35.211,0.0,41.741,30.816,30.816,True
0016,21,25,pedestrian,20.083,19.471,8.134,25.953,19.641,19.641,False
0016,21,23,pedestrian,17.954,17.283,5.13,21.02,17.681,17.681,False
0016,21,22,pedestrian,17.792,17.217,5.96,21.463,16.41,16.41,False
0016,21,6,pedestrian,9.979,9.502,3.887,11.006,9.973,9.973,False
0016,21,1,car,28.797,27.006,15.279,33.158,35.27,35.27,False
0016,21,7,pedestrian,11.794,11.121,0.0,13.092,10.884,10.884,True
0016,21,2,car,27.851,25.889,12.752,33.412,34.239,34.239,False
0016,22,3,car,36.845,35.211,0.0,48.368,35.219,35.219,True
0016,22,24,pedestrian,19.963,19.376,8.733,26.022,18.606,18.606,False
0016,22,26,pedestrian,20.035,19.427,7.382,24.931,19.153,19.153,False
0016,22,23,pedestrian,17.824,17.151,5.041,21.038,16.989,16.989,False
0016,22,22,pedestrian,17.624,17.05,5.836,21.418,16.852,16.852,False
0016,22,6,pedestrian,9.927,9.458,3.938,11.043,10.245,10.245,False
0016,22,25,pedestrian,19.918,19.299,8.034,24.996,19.551,19.551,False
0016,22,1,car,28.797,27.006,15.28,33.19,35.27,35.27,False
0016,22,7,pedestrian,11.665,10.99,0.0,12.946,11.026,11.026,True
0016,23,26,pedestrian,19.876,19.266,7.277,24.43,18.185,18.185,False
0016,23,24,pedestrian,19.792,19.199,8.63,25.942,18.572,18.572,False
0016,23,22,pedestrian,17.456,16.883,5.712,20.059,15.937,15.937,False
0016,23,7,pedestrian,11.536,10.861,0.0,12.547,10.859,10.859,True
0016,23,5,pedestrian,9.221,8.757,3.372,10.187,8.712,8.712,False
0016,23,23,pedestrian,17.71,17.034,4.916,20.616,17.361,17.361,False
0016,23,1,car,28.797,27.006,15.28,33.19,35.27,35.27,False
0016,23,25,pedestrian,19.753,19.127,7.935,24.969,20.627,20.627,False
0016,24,24,pedestrian,19.62,19.022,8.526,25.964,18.095,18.095,False
0016,24,26,pedestrian,19.718,19.104,7.173,24.847,17.934,17.934,False
0016,24,22,pedestrian,17.409,16.838,5.667,20.031,15.98,15.98,False
0016,24,23,pedestrian,17.596,16.918,4.791,20.616,17.154,17.154,False
0016,24,7,pedestrian,11.436,10.759,0.0,12.548,10.837,10.837,True
0016,24,5,pedestrian,9.184,8.728,3.471,10.189,8.812,8.812,False
0016,24,25,pedestrian,19.587,18.955,7.837,24.923,19.613,19.613,False
0016,24,1,car,28.797,27.006,15.28,33.179,35.27,35.27,False
0016,24,19,pedestrian,22.442,21.897,8.526,30.959,20.884,20.884,False
0016,25,5,pedestrian,9.149,8.702,3.569,10.038,8.721,8.721,False
0016,25,24,pedestrian,19.449,18.846,8.423,25.492,17.865,17.865,False
0016,25,26,pedestrian,19.56,18.943,7.069,24.847,18.33,18.33,False
0016,25,23,pedestrian,17.482,16.802,4.666,20.211,17.316,17.316,False
0016,25,7,pedestrian,11.336,10.659,0.0,12.55,10.411,10.411,True
0016,25,22,pedestrian,17.363,16.793,5.622,20.362,16.107,16.107,False
0016,25,19,pedestrian,22.278,21.733,8.465,30.321,20.281,20.281,False
0016,25,25,pedestrian,19.422,18.784,7.738,24.963,18.436,18.436,False
0016,25,1,car,28.797,27.006,15.281,33.949,35.27,35.27,False
0016,26,26,pedestrian,19.411,18.794,6.97,24.895,18.575,18.575,False
0016,26,24,pedestrian,19.29,18.687,8.332,25.464,18.2,18.2,False
0016,26,5,pedestrian,9.111,8.674,3.663,9.952,8.576,8.576,False
0016,26,23,pedestrian,17.369,16.687,4.541,19.877,16.911,16.911,False
0016,26,22,pedestrian,17.138,16.57,5.494,20.316,15.68,15.68,False
0016,26,19,pedestrian,22.168,21.624,8.45,28.877,19.706,19.706,False
0016,26,1,car,28.797,27.006,15.281,33.62,35.27,35.27,False
0016,26,25,pedestrian,19.269,18.63,7.631,24.936,18.296,18.296,False
0016,26,7,pedestrian,11.211,10.533,0.0,12.42,10.522,10.522,True
0016,27,21,pedestrian,21.024,20.34,6.762,19.598,15.212,15.212,False
0016,27,25,pedestrian,19.116,18.476,7.524,23.875,18.595,18.595,False
0016,27,24,pedestrian,19.13,18.527,8.241,24.102,17.849,17.849,False
0016,27,7,pedestrian,11.086,10.408,0.0,12.317,10.639,10.639,True
0016,27,23,pedestrian,17.257,16.573,4.417,19.866,16.391,16.391,False
0016,27,26,pedestrian,19.262,18.645,6.871,23.544,19.125,19.125,False
0016,27,5,pedestrian,9.076,8.648,3.758,9.978,8.609,8.609,False
0016,27,1,car,28.797,27.006,15.281,33.598,35.247,35.247,False
0016,27,19,pedestrian,22.058,21.515,8.436,30.236,21.049,21.049,False
0016,28,6,pedestrian,9.698,9.276,4.428,9.966,8.632,8.632,False
0016,28,7,pedestrian,10.963,10.283,0.0,11.963,10.532,10.532,True
0016,28,22,pedestrian,16.767,16.196,5.253,19.049,15.034,15.034,False
0016,28,3,car,36.844,35.21,0.0,50.346,35.783,35.783,True
0016,28,24,pedestrian,18.971,18.368,8.15,23.688,17.408,17.408,False
0016,28,26,pedestrian,19.113,18.496,6.772,23.499,19.042,19.042,False
0016,28,25,pedestrian,18.963,18.322,7.417,23.434,18.393,18.393,False
0016,28,23,pedestrian,17.145,16.459,4.292,19.836,16.343,16.343,False
0016,28,1,car,28.797,27.006,15.282,33.795,34.773,34.773,False
0016,29,7,pedestrian,10.865,10.185,0.0,11.858,10.152,10.152,True
0016,29,6,pedestrian,9.665,9.25,4.521,10.052,8.739,8.739,False
0016,29,24,pedestrian,18.811,18.209,8.058,23.655,16.98,16.98,False
0016,29,22,pedestrian,16.621,16.046,5.14,19.049,15.634,15.634,False
0016,29,3,car,36.844,35.21,0.0,48.347,34.939,34.939,True
0016,29,23,pedestrian,17.025,16.338,4.183,19.535,16.571,16.571,False
0016,29,25,pedestrian,18.81,18.168,7.31,23.931,18.016,18.016,False
0016,29,26,pedestrian,18.965,18.347,6.674,23.924,19.44,19.44,False
0016,29,1,car,28.797,27.006,15.282,33.62,34.818,34.818,False
0016,29,20,pedestrian,21.684,21.153,7.435,27.165,19.163,19.163,False
0016,30,24,pedestrian,18.652,18.05,7.967,24.116,16.923,16.923,False
0016,30,6,pedestrian,9.633,9.225,4.613,10.088,8.786,8.786,False
0016,30,23,pedestrian,16.905,16.217,4.075,19.173,16.145,16.145,False
0016,30,22,pedestrian,16.475,15.896,5.028,19.04,15.383,15.383,False
0016,30,3,car,36.844,35.21,0.0,46.506,33.614,33.614,True
0016,30,20,pedestrian,21.576,21.046,7.369,27.747,19.213,19.213,False
0016,30,25,pedestrian,18.657,18.014,7.203,23.531,17.512,17.512,False
0016,30,7,pedestrian,10.769,10.088,0.0,11.974,10.078,10.078,True
0016,30,26,pedestrian,18.816,18.198,6.575,23.867,18.935,18.935,False
0016,30,1,car,28.798,27.007,15.282,32.472,34.729,34.729,False
0016,31,24,pedestrian,18.492,17.886,7.848,23.141,17.161,17.161,False
0016,31,3,car,36.844,35.21,0.0,48.355,35.217,35.217,True
0016,31,22,pedestrian,16.33,15.746,4.915,18.983,14.916,14.916,False
0016,31,23,pedestrian,16.786,16.096,3.967,19.481,16.332,16.332,False
0016,31,25,pedestrian,18.504,17.858,7.087,23.103,17.726,17.726,False
0016,31,5,pedestrian,8.965,8.574,4.094,9.992,8.623,8.623,False
0016,31,27,pedestrian,20.179,19.634,7.538,25.943,19.167,19.167,False
0016,31,26,pedestrian,18.69,18.07,6.483,23.017,19.059,19.059,False
0016,31,7,pedestrian,10.674,9.993,0.097,11.85,10.017,10.017,True
0016,31,6,pedestrian,9.618,9.217,4.698,10.75,9.972,9.972,False
0016,32,24,pedestrian,18.332,17.722,7.728,23.09,17.08,17.08,False
0016,32,3,car,36.844,35.21,0.0,50.353,35.217,35.217,True
0016,32,22,pedestrian,16.184,15.597,4.802,18.419,14.794,14.794,False
0016,32,26,pedestrian,18.565,17.943,6.391,22.681,19.52,19.52,False
0016,32,5,pedestrian,8.951,8.564,4.145,10.278,8.768,8.768,False
0016,32,25,pedestrian,18.352,17.701,6.97,22.62,17.606,17.606,False
0016,32,6,pedestrian,9.593,9.201,4.829,10.384,10.142,10.142,False
0016,32,27,pedestrian,20.052,19.528,7.441,24.987,19.089,19.089,False
0016,32,7,pedestrian,10.581,9.9,0.226,11.664,9.762,9.762,True
0016,32,23,pedestrian,16.667,15.976,3.858,19.173,16.116,16.116,False
0016,32,21,pedestrian,20.34,19.775,6.524,18.958,15.027,15.027,False
0016,33,24,pedestrian,18.173,17.558,7.609,22.707,17.479,17.479,False
0016,33,3,car,36.844,35.21,0.0,48.362,35.217,35.217,True
0016,33,25,pedestrian,18.2,17.545,6.854,22.166,17.138,17.138,False
0016,33,26,pedestrian,18.439,17.815,6.299,21.769,18.316,18.316,False
0016,33,22,pedestrian,16.039,15.448,4.69,18.353,15.28,15.28,False
0016,33,7,pedestrian,10.49,9.809,0.355,11.167,9.569,9.569,True
0016,33,27,pedestrian,19.925,19.401,7.346,24.944,18.614,18.614,False
0016,33,5,pedestrian,8.929,8.55,4.237,9.881,8.574,8.574,False
0016,33,23,pedestrian,16.548,15.857,3.75,18.789,16.053,16.053,False
0016,33,2,car,27.852,25.889,12.753,33.188,33.572,33.572,False
0016,34,24,pedestrian,18.013,17.394,7.49,23.002,17.128,17.128,False
0016,34,3,car,36.844,35.21,0.0,48.362,35.217,35.217,True
0016,34,25,pedestrian,18.048,17.39,6.738,22.233,16.71,16.71,False
0016,34,26,pedestrian,18.314,17.688,6.207,21.784,17.805,17.805,False
0016,34,22,pedestrian,15.894,15.299,4.577,18.099,15.174,15.174,False
0016,34,21,pedestrian,20.082,19.507,6.383,25.391,17.867,17.867,False
0016,34,6,pedestrian,9.581,9.199,4.951,9.746,8.488,8.488,False
0016,34,23,pedestrian,16.43,15.737,3.641,18.733,16.113,16.113,False
0016,34,7,pedestrian,10.401,9.719,0.484,11.275,9.421,9.421,True
0016,34,2,car,27.852,25.889,12.753,32.97,33.695,33.695,False
0016,35,3,car,36.844,35.21,0.0,48.363,35.218,35.218,True
0016,35,26,pedestrian,18.189,17.561,6.115,21.724,16.846,16.846,False
0016,35,5,pedestrian,8.89,8.526,4.42,9.537,8.355,8.355,False
0016,35,23,pedestrian,16.312,15.618,3.533,18.688,16.204,16.204,False
0016,35,24,pedestrian,17.854,17.231,7.371,22.781,17.139,17.139,False
0016,35,22,pedestrian,15.75,15.151,4.465,18.047,14.652,14.652,False
0016,35,21,pedestrian,19.954,19.369,6.314,25.397,18.406,18.406,False
0016,35,25,pedestrian,17.896,17.235,6.622,22.182,18.206,18.206,False
0016,35,2,car,27.852,25.889,12.753,32.95,33.69,33.69,False
0016,35,7,pedestrian,10.266,9.585,0.615,11.278,9.47,9.47,True
0016,36,24,pedestrian,17.695,17.068,7.252,21.635,16.333,16.333,False
0016,36,3,car,36.844,35.21,0.0,48.358,35.218,35.218,True
0016,36,5,pedestrian,8.873,8.517,4.512,9.686,8.488,8.488,False
0016,36,23,pedestrian,16.195,15.5,3.424,18.774,15.753,15.753,False
0016,36,26,pedestrian,18.033,17.405,6.007,21.753,17.988,17.988,False
0016,36,27,pedestrian,19.547,18.979,7.12,21.363,16.319,16.319,False
0016,36,22,pedestrian,15.606,15.003,4.352,18.088,14.714,14.714,False
0016,36,2,car,27.852,25.889,12.753,32.627,34.373,34.373,False
0016,36,21,pedestrian,19.825,19.231,6.245,24.368,18.695,18.695,False
0016,36,7,pedestrian,10.134,9.454,0.747,11.216,9.412,9.412,True
0016,36,19,pedestrian,20.899,20.294,8.07,27.864,19.647,19.647,False
0016,37,3,car,36.844,35.21,0.0,48.363,35.218,35.218,True
0016,37,26,pedestrian,17.877,17.25,5.898,21.748,18.153,18.153,False
0016,37,24,pedestrian,17.536,16.905,7.133,21.923,16.64,16.64,False
0016,37,5,pedestrian,8.858,8.51,4.604,9.553,8.405,8.405,False
0016,37,22,pedestrian,15.462,14.856,4.24,18.055,14.521,14.521,False
0016,37,23,pedestrian,16.078,15.382,3.316,18.998,15.813,15.813,False
0016,37,27,pedestrian,19.422,18.852,7.078,21.749,16.213,16.213,False
0016,37,19,pedestrian,20.747,20.13,7.999,27.312,19.085,19.085,False
0016,37,7,pedestrian,10.004,9.325,0.879,10.986,9.338,9.338,True
0016,37,2,car,27.852,25.89,12.753,33.198,34.144,34.144,False
0016,38,24,pedestrian,17.377,16.742,7.014,20.82,16.195,16.195,False
0016,38,3,car,36.844,35.21,0.0,48.37,35.218,35.218,True
0016,38,22,pedestrian,15.34,14.73,4.114,17.652,14.409,14.409,False
0016,38,25,pedestrian,17.447,16.776,6.26,20.652,16.75,16.75,False
0016,38,6,pedestrian,9.535,9.185,5.323,9.553,8.402,8.402,False
0016,38,7,pedestrian,9.928,9.249,0.962,10.821,9.368,9.368,True
0016,38,26,pedestrian,17.721,17.094,5.789,20.646,18.108,18.108,False
0016,38,23,pedestrian,15.961,15.264,3.207,18.423,15.482,15.482,False
0016,38,2,car,27.852,25.89,12.753,32.627,34.144,34.144,False
0016,38,19,pedestrian,20.594,19.968,7.928,26.205,18.688,18.688,False
0016,39,25,pedestrian,17.298,16.625,6.14,20.592,15.722,15.722,False
0016,39,6,pedestrian,9.528,9.185,5.4,9.734,8.57,8.57,False
0016,39,22,pedestrian,15.219,14.605,3.987,17.405,14.357,14.357,False
0016,39,3,car,36.844,35.21,0.0,48.358,34.94,34.94,True
0016,39,24,pedestrian,17.218,16.58,6.895,20.87,16.16,16.16,False
0016,39,7,pedestrian,9.852,9.175,1.044,10.817,9.259,9.259,True
0016,39,26,pedestrian,17.566,16.939,5.68,20.922,18.161,18.161,False
0016,39,23,pedestrian,15.838,15.139,3.097,18.364,15.676,15.676,False
0016,39,2,car,27.852,25.89,12.753,33.111,34.144,34.144,False
0016,39,19,pedestrian,20.442,19.806,7.858,26.706,19.332,19.332,False
0016,39,1,car,28.799,27.007,15.285,32.797,33.732,33.732,False
0016,40,3,car,36.844,35.21,0.0,48.363,35.217,35.217,True
0016,40,22,pedestrian,15.099,14.48,3.861,17.401,14.161,14.161,False
0016,40,25,pedestrian,17.149,16.473,6.02,21.025,17.676,17.676,False
0016,40,24,pedestrian,17.059,16.418,6.777,21.149,16.181,16.181,False
0016,40,7,pedestrian,9.778,9.102,1.127,10.817,9.037,9.037,True
0016,40,6,pedestrian,9.522,9.186,5.476,9.68,8.443,8.443,False
0016,40,26,pedestrian,17.411,16.784,5.571,20.623,17.362,17.362,False
0016,40,23,pedestrian,15.714,15.014,2.987,18.344,15.847,15.847,False
0016,40,2,car,27.852,25.89,12.753,32.941,34.144,34.144,False
0016,40,1,car,28.799,27.007,15.286,33.307,35.158,35.158,False
0016,41,3,car,36.844,35.21,0.0,48.355,34.667,34.667,True
0016,41,5,pedestrian,8.825,8.502,4.977,9.619,8.455,8.455,False
0016,41,26,pedestrian,17.294,16.665,5.454,20.591,17.235,17.235,False
0016,41,25,pedestrian,17.007,16.33,5.904,19.985,17.326,17.326,False
0016,41,24,pedestrian,16.901,16.256,6.658,20.721,15.49,15.49,False
0016,41,22,pedestrian,14.979,14.356,3.735,17.366,13.897,13.897,False
0016,41,1,car,28.799,27.007,15.286,33.773,35.292,35.292,False
0016,41,23,pedestrian,15.591,14.89,2.878,17.801,15.404,15.404,False
0016,41,2,car,27.852,25.89,12.754,33.092,33.918,33.918,False
0016,41,7,pedestrian,9.68,9.005,1.261,10.468,8.983,8.983,False
0016,42,5,pedestrian,8.822,8.497,5.081,9.803,8.595,8.595,False
0016,42,24,pedestrian,16.762,16.114,6.539,20.234,15.795,15.795,False
0016,42,3,car,36.844,35.21,0.0,48.356,34.668,34.668,True
0016,42,25,pedestrian,16.865,16.187,5.787,19.885,16.392,16.392,False
0016,42,26,pedestrian,17.179,16.546,5.337,19.856,17.259,17.259,False
0016,42,22,pedestrian,14.859,14.233,3.609,16.898,13.536,13.536,False
0016,42,23,pedestrian,15.469,14.766,2.768,17.781,15.069,15.069,False
0016,42,7,pedestrian,9.584,8.911,1.396,10.557,8.759,8.759,False
0016,42,1,car,28.799,27.007,15.286,33.773,34.818,34.818,False
0016,42,2,car,27.852,25.89,12.754,33.207,34.144,34.144,False
0016,43,24,pedestrian,16.624,15.973,6.42,19.616,16.05,16.05,False
0016,43,3,car,36.844,35.21,0.0,48.359,34.668,34.668,True
0016,43,5,pedestrian,8.82,8.492,5.164,9.988,9.246,9.246,False
0016,43,26,pedestrian,17.063,16.428,5.22,19.789,17.068,17.068,False
0016,43,25,pedestrian,16.723,16.045,5.671,19.23,16.56,16.56,False
0016,43,23,pedestrian,15.347,14.642,2.658,17.819,14.747,14.747,False
0016,43,22,pedestrian,14.741,14.111,3.483,16.865,13.758,13.758,False
0016,43,7,pedestrian,9.491,8.82,1.53,10.193,8.347,8.347,False
0016,43,1,car,28.799,27.007,15.287,33.795,35.042,35.042,False
0016,43,2,car,27.852,25.89,12.754,33.236,34.119,34.119,False
0016,44,24,pedestrian,16.486,15.832,6.3,19.611,15.361,15.361,False
0016,44,3,car,36.844,35.21,0.0,48.362,34.668,34.668,True
0016,44,26,pedestrian,16.897,16.26,5.082,19.494,16.834,16.834,False
0016,44,6,pedestrian,9.511,9.177,5.783,9.885,10.251,10.251,False
0016,44,25,pedestrian,16.582,15.903,5.555,19.239,16.074,16.074,False
0016,44,22,pedestrian,14.624,13.991,3.371,16.574,13.523,13.523,False
0016,44,23,pedestrian,15.225,14.52,2.548,17.781,14.939,14.939,False
0016,44,1,car,28.799,27.007,15.287,33.62,35.27,35.27,False
0016,44,2,car,27.852,25.89,12.754,33.159,34.373,34.373,False
0016,44,7,pedestrian,9.4,8.732,1.665,10.208,8.677,8.677,False
0016,45,3,car,36.844,35.21,0.0,48.358,35.218,35.218,True
0016,45,24,pedestrian,16.311,15.654,6.155,19.606,15.017,15.017,False
0016,45,22,pedestrian,14.508,13.871,3.259,16.376,13.262,13.262,False
0016,45,25,pedestrian,16.441,15.761,5.438,19.203,16.44,16.44,False
0016,45,23,pedestrian,15.104,14.397,2.438,17.193,15.004,15.004,False
0016,45,26,pedestrian,16.731,16.093,4.944,19.49,16.961,16.961,False
0016,45,1,car,28.799,27.007,15.287,33.609,35.27,35.27,False
0016,45,27,pedestrian,18.392,17.762,6.515,23.166,17.381,17.381,False
0016,45,2,car,27.852,25.89,12.754,32.709,34.119,34.119,False
0016,45,7,pedestrian,9.312,8.647,1.8,10.172,8.483,8.483,False
0016,46,3,car,36.844,35.21,0.0,48.356,34.668,34.668,True
0016,46,25,pedestrian,16.3,15.619,5.322,19.172,15.684,15.684,False
0016,46,24,pedestrian,16.137,15.477,6.01,19.348,15.147,15.147,False
0016,46,23,pedestrian,14.983,14.276,2.328,17.159,14.902,14.902,False
0016,46,22,pedestrian,14.392,13.753,3.147,16.382,13.111,13.111,False
0016,46,26,pedestrian,16.59,15.952,4.825,19.232,16.508,16.508,False
0016,46,1,car,28.8,27.007,15.287,33.609,35.27,35.27,False
0016,46,7,pedestrian,9.25,8.588,1.913,10.161,8.552,8.552,False
0016,46,27,pedestrian,18.249,17.619,6.421,21.949,17.136,17.136,False
0016,46,2,car,27.852,25.89,12.754,32.95,34.144,34.144,False
0016,47,3,car,36.843,35.21,0.0,48.358,35.217,35.217,True
0016,47,7,pedestrian,9.102,8.446,2.137,10.103,8.697,8.697,False
0016,47,26,pedestrian,16.45,15.811,4.706,18.852,16.391,16.391,False
0016,47,24,pedestrian,15.976,15.313,5.894,19.024,14.873,14.873,False
0016,47,25,pedestrian,16.16,15.478,5.206,18.522,15.886,15.886,False
0016,47,23,pedestrian,14.863,14.154,2.218,17.19,14.547,14.547,False
0016,47,22,pedestrian,14.277,13.634,3.036,16.335,12.996,12.996,False
0016,47,1,car,28.8,27.007,15.288,33.19,35.27,35.27,False
0016,47,21,pedestrian,18.426,17.789,5.582,19.789,15.328,15.328,False
0016,47,2,car,27.852,25.89,12.754,32.792,34.373,34.373,False
0016,47,27,pedestrian,18.107,17.477,6.326,21.865,16.776,16.776,False
0016,48,3,car,36.843,35.21,0.0,48.364,34.941,34.941,True
0016,48,24,pedestrian,15.815,15.15,5.778,18.185,14.278,14.278,False
0016,48,7,pedestrian,9.132,8.477,2.141,9.843,8.549,8.549,False
0016,48,22,pedestrian,14.162,13.517,2.924,16.086,12.995,12.995,False
0016,48,25,pedestrian,16.02,15.337,5.089,18.234,15.451,15.451,False
0016,48,23,pedestrian,14.744,14.034,2.108,16.941,14.244,14.244,False
0016,48,1,car,28.8,27.007,15.288,33.609,35.27,35.27,False
0016,48,2,car,27.852,25.89,12.754,32.7,34.119,34.119,False
0016,48,26,pedestrian,16.309,15.671,4.587,18.29,16.534,16.534,False
0016,49,3,car,36.843,35.21,0.0,48.358,35.217,35.217,True
0016,49,24,pedestrian,15.654,14.987,5.662,17.702,14.0,14.0,False
0016,49,22,pedestrian,14.048,13.4,2.812,15.807,13.074,13.074,False
0016,49,25,pedestrian,15.88,15.196,4.973,18.498,14.519,14.519,False
0016,49,7,pedestrian,9.077,8.425,2.255,9.88,8.524,8.524,False
0016,49,23,pedestrian,14.625,13.914,1.998,16.479,14.199,14.199,False
0016,49,1,car,28.8,27.007,15.288,33.073,35.27,35.27,False
0016,49,26,pedestrian,16.169,15.531,4.468,18.26,16.036,16.036,False
0016,49,21,pedestrian,18.184,17.551,5.395,20.072,15.973,15.973,False
0016,49,2,car,27.853,25.89,12.754,32.645,34.144,34.144,False
0016,50,3,car,36.843,35.21,0.0,48.358,35.219,35.219,True
0016,50,24,pedestrian,15.494,14.824,5.546,17.879,14.191,14.191,False
0016,50,22,pedestrian,13.934,13.283,2.701,15.587,12.94,12.94,False
0016,50,26,pedestrian,16.03,15.392,4.349,18.502,15.95,15.95,False
0016,50,23,pedestrian,14.506,13.795,1.889,16.441,14.98,14.98,False
0016,50,25,pedestrian,15.74,15.056,4.857,18.246,15.101,15.101,False
0016,50,1,car,28.8,27.007,15.289,33.168,35.27,35.27,False
0016,50,7,pedestrian,9.023,8.375,2.368,9.878,8.378,8.378,False
0016,50,2,car,27.853,25.89,12.754,33.285,34.144,34.144,False
0016,51,24,pedestrian,15.355,14.684,5.426,17.861,14.319,14.319,False
0016,51,3,car,36.843,35.21,0.0,48.359,35.501,35.501,True
0016,51,25,pedestrian,15.601,14.916,4.741,17.97,15.3,15.3,False
0016,51,23,pedestrian,14.388,13.676,1.779,16.201,14.417,14.417,False
0016,51,22,pedestrian,13.821,13.167,2.589,15.779,12.798,12.798,False
0016,51,26,pedestrian,15.895,15.257,4.232,18.449,15.973,15.973,False
0016,51,1,car,28.8,27.007,15.289,33.631,35.27,35.27,False
0016,51,2,car,27.853,25.89,12.755,32.792,34.144,34.144,False
0016,51,7,pedestrian,8.945,8.301,2.5,9.634,8.182,8.182,False
0016,52,24,pedestrian,15.218,14.545,5.307,17.887,14.176,14.176,False
0016,52,3,car,36.843,35.21,0.0,48.358,34.941,34.941,True
0016,52,7,pedestrian,8.87,8.232,2.632,9.385,8.086,8.086,False
0016,52,25,pedestrian,15.462,14.777,4.624,17.434,14.993,14.993,False
0016,52,26,pedestrian,15.76,15.122,4.115,18.108,16.425,16.425,False
0016,52,22,pedestrian,13.708,13.052,2.478,15.791,12.7,12.7,False
0016,52,23,pedestrian,14.271,13.558,1.669,16.438,14.23,14.23,False
0016,52,1,car,28.8,27.007,15.289,33.2,35.27,35.27,False
0016,52,2,car,27.853,25.89,12.755,32.6,34.144,34.144,False
0016,53,7,pedestrian,8.798,8.166,2.764,9.285,8.072,8.072,False
0016,53,3,car,36.843,35.21,0.0,48.37,34.668,34.668,True
0016,53,26,pedestrian,15.626,14.987,3.998,17.818,16.219,16.219,False
0016,53,24,pedestrian,15.078,14.404,5.19,17.449,14.39,14.39,False
0016,53,22,pedestrian,13.596,12.938,2.366,15.384,12.37,12.37,False
0016,53,25,pedestrian,15.323,14.638,4.508,17.39,14.795,14.795,False
0016,53,1,car,28.8,27.007,15.29,33.19,35.27,35.27,False
0016,53,23,pedestrian,14.159,13.445,1.554,16.205,14.056,14.056,False
0016,53,2,car,27.853,25.89,12.755,32.6,34.373,34.373,False
0016,54,7,pedestrian,8.741,8.114,2.878,9.414,8.059,8.059,False
0016,54,3,car,36.843,35.21,0.0,48.362,35.218,35.218,True
0016,54,25,pedestrian,15.185,14.499,4.392,17.151,14.343,14.343,False
0016,54,24,pedestrian,14.943,14.268,5.067,16.741,14.113,14.113,False
0016,54,26,pedestrian,15.492,14.853,3.881,17.562,15.625,15.625,False
0016,54,22,pedestrian,13.484,12.824,2.255,15.137,12.746,12.746,False
0016,54,1,car,28.801,27.007,15.29,33.158,35.27,35.27,False
0016,54,23,pedestrian,14.039,13.325,1.45,16.16,13.96,13.96,False
0016,54,2,car,27.853,25.89,12.755,33.159,33.69,33.69,False
0016,54,19,pedestrian,18.543,17.9,6.712,23.695,17.664,17.664,False
0016,54,20,pedestrian,18.732,18.1,5.865,23.532,17.343,17.343,False
0016,55,3,car,36.843,35.21,0.0,48.358,35.5,35.5,True
0016,55,24,pedestrian,14.807,14.13,4.948,16.507,13.615,13.615,False
0016,55,25,pedestrian,15.047,14.361,4.276,17.116,14.278,14.278,False
0016,55,22,pedestrian,13.373,12.711,2.144,14.955,12.601,12.601,False
0016,55,26,pedestrian,15.359,14.719,3.764,17.85,15.306,15.306,False
0016,55,1,car,28.801,27.007,15.29,33.631,35.27,35.27,False
0016,55,7,pedestrian,8.687,8.065,2.992,9.412,8.004,8.004,False
0016,55,23,pedestrian,13.924,13.21,1.341,15.916,14.021,14.021,False
0016,55,2,car,27.853,25.89,12.755,32.82,33.908,33.908,False
0016,56,3,car,36.843,35.209,0.0,48.37,35.218,35.218,True
0016,56,22,pedestrian,13.263,12.598,2.032,14.917,12.227,12.227,False
0016,56,24,pedestrian,14.67,13.992,4.829,16.741,13.718,13.718,False
0016,56,25,pedestrian,14.912,14.225,4.158,17.116,14.111,14.111,False
0016,56,26,pedestrian,15.226,14.586,3.647,17.304,15.276,15.276,False
0016,56,23,pedestrian,13.81,13.095,1.233,15.689,13.942,13.942,False
0016,56,1,car,28.801,27.007,15.291,33.168,35.27,35.27,False
0016,56,20,pedestrian,18.508,17.877,5.725,22.349,17.324,17.324,False
0016,56,7,pedestrian,8.635,8.02,3.106,9.496,7.979,7.979,False
0016,56,2,car,27.853,25.89,12.755,33.159,34.682,34.682,False
0016,57,3,car,36.843,35.209,0.0,48.362,35.218,35.218,True
0016,57,24,pedestrian,14.534,13.855,4.709,16.331,13.293,13.293,False
0016,57,12,pedestrian,35.218,34.799,17.048,81.539,32.759,32.759,False
0016,57,23,pedestrian,13.696,12.981,1.124,15.71,13.633,13.633,True
0016,57,25,pedestrian,14.776,14.089,4.04,16.857,14.7,14.7,False
0016,57,22,pedestrian,13.153,12.487,1.921,14.934,12.154,12.154,False
0016,57,26,pedestrian,15.094,14.453,3.53,17.28,15.802,15.802,False
0016,57,7,pedestrian,8.569,7.962,3.252,9.412,8.163,8.163,False
0016,57,1,car,28.801,27.007,15.291,33.328,35.27,35.27,False
0016,57,19,pedestrian,18.158,17.533,6.421,23.613,17.031,17.031,False
0016,57,20,pedestrian,18.396,17.766,5.655,21.928,17.35,17.35,False
0016,57,16,pedestrian,37.41,36.83,14.84,77.565,33.56,33.56,False
0016,58,3,car,36.843,35.209,0.0,48.362,35.218,35.218,True
0016,58,24,pedestrian,14.399,13.719,4.59,16.294,13.744,13.744,False
0016,58,7,pedestrian,8.539,7.937,3.334,9.248,8.035,8.035,False
0016,58,19,pedestrian,18.031,17.411,6.324,21.965,16.545,16.545,False
0016,58,25,pedestrian,14.641,13.954,3.922,16.522,14.627,14.627,False
0016,58,16,pedestrian,37.299,36.718,14.85,77.584,33.18,33.18,False
0016,58,26,pedestrian,14.962,14.321,3.413,16.786,15.457,15.457,False
0016,58,22,pedestrian,13.044,12.376,1.81,14.751,12.003,12.003,False
0016,58,23,pedestrian,13.583,12.868,1.015,15.711,13.91,13.91,True
0016,58,1,car,28.801,27.007,15.291,33.609,35.27,35.27,False
0016,58,12,pedestrian,35.219,34.774,17.039,81.539,32.928,32.928,False
0016,59,19,pedestrian,17.903,17.29,6.228,21.168,16.2,16.2,False
0016,59,3,car,36.843,35.209,0.0,48.35,35.219,35.219,True
0016,59,25,pedestrian,14.506,13.819,3.804,16.075,13.882,13.882,False
0016,59,7,pedestrian,8.496,7.901,3.448,9.182,7.913,7.913,False
0016,59,24,pedestrian,14.264,13.583,4.471,15.834,13.507,13.507,False
0016,59,12,pedestrian,35.219,34.768,17.048,81.682,33.304,33.304,False
0016,59,26,pedestrian,14.83,14.189,3.296,16.56,14.91,14.91,False
0016,59,23,pedestrian,13.471,12.756,0.906,15.312,13.863,13.863,True
0016,59,16,pedestrian,37.187,36.606,14.86,77.702,33.627,33.627,False
0016,59,22,pedestrian,12.936,12.266,1.699,14.701,12.205,12.205,False
0016,59,1,car,28.801,27.007,15.292,33.631,35.27,35.27,False
0016,60,3,car,36.843,35.209,0.0,48.361,35.5,35.5,True
0016,60,25,pedestrian,14.372,13.685,3.687,16.277,13.869,13.869,False
0016,60,22,pedestrian,12.828,12.156,1.587,14.302,12.26,12.26,False
0016,60,24,pedestrian,14.129,13.447,4.352,15.609,13.517,13.517,False
0016,60,12,pedestrian,35.22,34.781,17.077,81.444,33.682,33.682,False
0016,60,26,pedestrian,14.699,14.058,3.179,16.783,14.77,14.77,False
0016,60,19,pedestrian,17.822,17.215,6.158,21.143,16.576,16.576,False
0016,60,23,pedestrian,13.359,12.645,0.797,15.095,13.306,13.306,True
0016,60,7,pedestrian,8.455,7.867,3.561,9.188,7.782,7.782,False
0016,60,1,car,28.801,27.007,15.292,33.784,34.818,34.818,False
0016,60,16,pedestrian,37.076,36.495,14.871,77.762,33.04,33.04,False
0016,61,3,car,36.843,35.209,0.0,48.35,35.218,35.218,True
0016,61,22,pedestrian,12.72,12.048,1.476,14.143,12.02,12.02,False
0016,61,12,pedestrian,35.22,34.813,17.115,77.09,32.362,32.362,False
0016,61,25,pedestrian,14.239,13.551,3.569,16.238,13.208,13.208,False
0016,61,24,pedestrian,13.991,13.31,4.235,15.609,13.226,13.226,False
0016,61,23,pedestrian,13.248,12.534,0.688,14.722,13.227,13.227,True
0016,61,26,pedestrian,14.57,13.929,3.059,16.487,13.958,13.958,False
0016,61,16,pedestrian,36.966,36.383,14.881,77.683,31.91,31.91,False
0016,61,19,pedestrian,17.708,17.095,6.077,21.886,16.162,16.162,False
0016,61,1,car,28.801,27.007,15.292,32.452,34.862,34.862,False
0016,61,7,pedestrian,8.417,7.837,3.675,8.965,7.637,7.637,False
0016,62,3,car,36.843,35.209,0.0,48.358,35.218,35.218,True
0016,62,7,pedestrian,8.378,7.807,3.798,9.072,7.806,7.806,False
0016,62,16,pedestrian,36.849,36.266,14.881,69.73,31.578,31.578,False
0016,62,25,pedestrian,14.105,13.418,3.451,15.883,13.629,13.629,False
0016,62,12,pedestrian,35.185,34.784,17.085,81.586,32.916,32.916,False
0016,62,19,pedestrian,17.594,16.976,5.997,20.446,15.86,15.86,False
0016,62,23,pedestrian,13.138,12.424,0.579,14.721,12.946,12.946,True
0016,62,24,pedestrian,13.854,13.172,4.118,15.782,12.84,12.84,False
0016,62,22,pedestrian,12.612,11.938,1.368,14.129,11.782,11.782,False
0016,62,26,pedestrian,14.442,13.801,2.94,16.495,14.55,14.55,False
0016,62,1,car,28.801,27.007,15.293,33.053,34.165,34.165,False
0016,63,3,car,36.843,35.209,0.0,48.35,35.218,35.218,True
0016,63,25,pedestrian,13.973,13.285,3.333,15.772,13.572,13.572,False
0016,63,24,pedestrian,13.717,13.036,4.002,15.414,12.543,12.543,False
0016,63,7,pedestrian,8.349,7.786,3.903,8.799,7.569,7.569,False
0016,63,26,pedestrian,14.314,13.673,2.821,15.807,14.541,14.541,False
0016,63,12,pedestrian,35.151,34.756,17.054,81.562,33.08,33.08,False
0016,63,16,pedestrian,36.732,36.148,14.882,73.629,31.951,31.951,False
0016,63,23,pedestrian,13.029,12.314,0.47,14.911,13.212,13.212,True
0016,63,22,pedestrian,12.487,11.812,1.247,13.977,11.569,11.569,False
0016,63,2,car,27.853,25.891,12.756,32.668,33.646,33.646,False
0016,63,19,pedestrian,17.48,16.857,5.916,19.203,14.695,14.695,False
0016,64,3,car,36.843,35.209,0.0,48.362,34.668,34.668,True
0016,64,24,pedestrian,13.581,12.899,3.885,15.053,12.901,12.901,False
0016,64,7,pedestrian,8.312,7.758,4.006,8.879,7.519,7.519,False
0016,64,12,pedestrian,35.116,34.728,17.024,81.444,32.88,32.88,False
0016,64,22,pedestrian,12.361,11.686,1.128,13.786,11.531,11.531,True
0016,64,26,pedestrian,14.187,13.546,2.701,16.024,14.41,14.41,False
0016,64,16,pedestrian,36.615,36.031,14.882,77.901,33.324,33.324,False
0016,64,25,pedestrian,13.84,13.153,3.215,15.37,13.465,13.465,False
0016,64,23,pedestrian,12.92,12.206,0.361,14.695,13.487,13.487,True
0016,64,2,car,27.853,25.891,12.756,32.95,34.373,34.373,False
0016,65,3,car,36.843,35.209,0.0,48.351,34.668,34.668,True
0016,65,24,pedestrian,13.445,12.763,3.768,14.832,12.528,12.528,False
0016,65,12,pedestrian,35.081,34.7,16.994,81.302,32.673,32.673,False
0016,65,22,pedestrian,12.236,11.56,1.009,13.464,11.413,11.413,True
0016,65,16,pedestrian,36.498,35.913,14.883,73.553,31.992,31.992,False
0016,65,19,pedestrian,17.252,16.619,5.756,21.113,16.394,16.394,False
0016,65,26,pedestrian,14.06,13.42,2.582,15.793,14.105,14.105,False
0016,65,23,pedestrian,12.812,12.099,0.252,14.504,12.537,12.537,True
0016,65,7,pedestrian,8.278,7.732,4.109,8.876,7.554,7.554,False
0016,65,25,pedestrian,13.709,13.021,3.098,15.185,13.313,13.313,False
0016,65,2,car,27.853,25.891,12.756,32.792,34.139,34.139,False
0016,65,27,pedestrian,15.676,15.053,4.878,18.593,14.596,14.596,False
0016,66,12,pedestrian,35.046,34.673,16.965,81.349,32.659,32.659,False
0016,66,3,car,36.843,35.209,0.0,48.35,35.219,35.219,True
0016,66,24,pedestrian,13.31,12.628,3.652,14.878,12.215,12.215,False
0016,66,23,pedestrian,12.705,11.992,0.143,14.156,12.41,12.41,True
0016,66,22,pedestrian,12.109,11.432,0.894,13.462,11.404,11.404,True
0016,66,26,pedestrian,13.934,13.294,2.462,15.791,14.107,14.107,False
0016,66,25,pedestrian,13.577,12.89,2.98,15.375,13.221,13.221,False
0016,66,16,pedestrian,36.382,35.796,14.883,77.861,32.19,32.19,False
0016,66,19,pedestrian,17.139,16.5,5.676,18.27,14.832,14.832,False
0016,66,21,pedestrian,16.076,15.373,3.893,19.194,15.064,15.064,False
0016,66,7,pedestrian,8.247,7.71,4.212,8.91,7.619,7.619,False
0016,66,2,car,27.853,25.891,12.756,33.016,34.139,34.139,False
0016,67,3,car,36.843,35.209,0.0,48.358,35.218,35.218,True
0016,67,12,pedestrian,35.011,34.646,16.936,81.302,32.845,32.845,False
0016,67,23,pedestrian,12.599,11.886,0.034,14.33,12.656,12.656,True
0016,67,21,pedestrian,15.964,15.261,3.802,18.878,14.292,14.292,False
0016,67,22,pedestrian,11.988,11.311,0.772,13.164,10.995,10.995,True
0016,67,16,pedestrian,36.265,35.679,14.883,77.941,31.833,31.833,False
0016,67,26,pedestrian,13.809,13.169,2.343,15.522,14.046,14.046,False
0016,67,24,pedestrian,13.175,12.492,3.535,14.852,12.402,12.402,False
0016,67,25,pedestrian,13.447,12.759,2.862,15.352,13.359,13.359,False
0016,67,27,pedestrian,15.406,14.782,4.717,17.775,14.409,14.409,False
0016,67,1,car,28.802,27.008,15.294,33.285,34.953,34.953,False
0016,67,2,car,27.853,25.891,12.756,32.627,34.373,34.373,False
0016,67,7,pedestrian,8.218,7.691,4.315,9.003,7.745,7.745,False
0016,67,19,pedestrian,17.016,16.373,5.569,20.76,16.105,16.105,False
0016,68,3,car,36.842,35.209,0.0,48.35,35.218,35.218,True
0016,68,12,pedestrian,34.976,34.619,16.907,77.157,32.115,32.115,False
0016,68,23,pedestrian,12.493,11.781,0.0,14.159,12.458,12.458,True
0016,68,21,pedestrian,15.853,15.15,3.704,18.875,14.598,14.598,False
0016,68,25,pedestrian,13.317,12.629,2.744,15.079,13.068,13.068,False
0016,68,24,pedestrian,13.04,12.358,3.418,14.884,12.268,12.268,False
0016,68,26,pedestrian,13.684,13.044,2.224,15.327,14.223,14.223,False
0016,68,27,pedestrian,15.271,14.647,4.636,17.065,14.09,14.09,False
0016,68,22,pedestrian,11.865,11.189,0.653,13.31,10.847,10.847,True
0016,68,16,pedestrian,36.149,35.562,14.884,73.819,30.948,30.948,False
0016,68,1,car,28.802,27.008,15.295,33.118,33.904,33.904,False
0016,68,2,car,27.853,25.891,12.756,32.941,34.348,34.348,False
0016,68,7,pedestrian,8.193,7.674,4.417,8.648,7.559,7.559,False
0016,69,27,pedestrian,15.136,14.511,4.555,17.261,14.237,14.237,False
0016,69,3,car,36.842,35.209,0.0,48.351,34.397,34.397,True
0016,69,7,pedestrian,8.17,7.661,4.52,8.893,8.1,8.1,False
0016,69,24,pedestrian,12.906,12.224,3.302,14.279,11.876,11.876,False
0016,69,12,pedestrian,34.942,34.592,16.879,81.491,32.115,32.115,False
0016,69,22,pedestrian,11.764,11.087,0.54,13.303,11.029,11.029,True
0016,69,26,pedestrian,13.563,12.923,2.102,15.309,13.897,13.897,False
0016,69,25,pedestrian,13.187,12.5,2.626,14.694,12.881,12.881,False
0016,69,1,car,28.802,27.008,15.295,33.285,35.27,35.27,False
0016,69,23,pedestrian,12.395,11.684,0.0,14.0,12.091,12.091,True
0016,69,2,car,27.853,25.891,12.756,32.96,34.373,34.373,False
0016,69,21,pedestrian,15.742,15.039,3.606,18.343,14.109,14.109,False
0016,69,16,pedestrian,36.032,35.445,14.884,73.724,31.487,31.487,False
0016,69,19,pedestrian,16.771,16.118,5.357,18.807,16.756,16.756,False
0016,70,27,pedestrian,15.001,14.376,4.475,17.284,13.997,13.997,False
0016,70,24,pedestrian,12.772,12.09,3.185,14.105,11.8,11.8,False
0016,70,12,pedestrian,34.907,34.566,16.851,76.844,32.119,32.119,False
0016,70,26,pedestrian,13.442,12.803,1.979,15.129,13.545,13.545,False
0016,70,22,pedestrian,11.663,10.987,0.426,13.129,11.041,11.041,True
0016,70,25,pedestrian,13.058,12.371,2.509,14.679,12.873,12.873,False
0016,70,23,pedestrian,12.298,11.587,0.0,13.522,11.86,11.86,True
0016,70,3,car,36.842,35.209,0.0,40.363,30.184,30.184,True
0016,70,16,pedestrian,35.916,35.328,14.885,69.945,31.182,31.182,False
0016,70,1,car,28.802,27.008,15.295,33.179,35.27,35.27,False
0016,70,2,car,27.854,25.891,12.756,33.236,34.119,34.119,False
0016,70,7,pedestrian,8.149,7.651,4.623,8.835,8.635,8.635,False
0016,71,27,pedestrian,14.873,14.247,4.375,17.198,14.03,14.03,False
0016,71,3,car,36.842,35.209,0.0,44.818,32.627,32.627,True
0016,71,24,pedestrian,12.639,11.957,3.068,13.609,11.975,11.975,False
0016,71,25,pedestrian,12.93,12.243,2.391,14.494,12.728,12.728,False
0016,71,16,pedestrian,35.803,35.215,14.865,69.909,30.189,30.189,False
0016,71,22,pedestrian,11.563,10.887,0.313,12.694,10.872,10.872,True
0016,71,12,pedestrian,34.872,34.541,16.823,81.468,33.251,33.251,False
0016,71,26,pedestrian,13.321,12.683,1.857,14.951,13.452,13.452,False
0016,71,23,pedestrian,12.202,11.492,0.0,13.521,12.029,12.029,True
0016,71,21,pedestrian,15.522,14.82,3.409,18.533,14.298,14.298,False
0016,71,1,car,28.803,27.008,15.296,33.631,35.27,35.27,False
0016,71,2,car,27.854,25.891,12.756,33.169,34.144,34.144,False
0016,71,19,pedestrian,16.528,15.866,5.145,17.187,13.959,13.959,False
0016,71,14,cyclist,32.1,31.148,3.051,43.489,28.264,28.264,False
0016,72,16,pedestrian,35.69,35.102,14.846,73.896,29.743,29.743,False
0016,72,27,pedestrian,14.745,14.119,4.276,16.749,13.714,13.714,False
0016,72,12,pedestrian,34.837,34.515,16.796,81.515,32.518,32.518,False
0016,72,3,car,36.842,35.209,0.0,41.746,30.816,30.816,True
0016,72,24,pedestrian,12.506,11.824,2.952,13.776,11.537,11.537,False
0016,72,23,pedestrian,12.107,11.398,0.0,13.52,12.086,12.086,True
0016,72,26,pedestrian,13.202,12.564,1.735,14.655,13.461,13.461,False
0016,72,22,pedestrian,11.464,10.789,0.199,12.833,10.727,10.727,True
0016,72,13,pedestrian,28.739,28.011,10.6,45.093,27.165,27.165,False
0016,72,1,car,28.803,27.008,15.296,33.179,35.27,35.27,False
0016,72,25,pedestrian,12.802,12.115,2.273,14.542,12.539,12.539,False
0016,72,2,car,27.854,25.891,12.757,33.227,34.119,34.119,False
0016,73,12,pedestrian,34.802,34.49,16.769,77.067,32.161,32.161,False
0016,73,27,pedestrian,14.618,13.991,4.176,16.433,13.245,13.245,False
0016,73,16,pedestrian,35.577,34.99,14.827,70.054,29.281,29.281,False
0016,73,26,pedestrian,13.083,12.446,1.613,14.459,13.007,13.007,False
0016,73,24,pedestrian,12.374,11.692,2.835,13.742,11.294,11.294,False
0016,73,25,pedestrian,12.675,11.989,2.155,14.193,12.197,12.197,False
0016,73,3,car,36.842,35.209,0.0,44.813,32.16,32.16,True
0016,73,23,pedestrian,12.013,11.304,0.0,13.521,11.747,11.747,True
0016,73,1,car,28.803,27.008,15.296,33.168,35.27,35.27,False
0016,73,22,pedestrian,11.366,10.692,0.086,12.694,10.652,10.652,True
0016,73,2,car,27.854,25.891,12.757,33.092,34.58,34.58,False
0016,74,12,pedestrian,34.792,34.481,16.761,81.302,32.525,32.525,False
0016,74,16,pedestrian,35.464,34.877,14.807,70.237,29.296,29.296,False
0016,74,25,pedestrian,12.526,11.841,2.017,13.938,12.357,12.357,False
0016,74,24,pedestrian,12.243,11.561,2.718,13.575,11.214,11.214,False
0016,74,27,pedestrian,14.493,13.864,4.073,16.443,13.429,13.429,False
0016,74,26,pedestrian,12.965,12.329,1.49,14.456,13.23,13.23,False
0016,74,23,pedestrian,11.92,11.212,0.0,13.52,11.401,11.401,True
0016,74,19,pedestrian,16.161,15.494,4.826,18.474,14.591,14.591,False
0016,74,1,car,28.803,27.008,15.297,33.62,35.27,35.27,False
0016,74,2,car,27.854,25.891,12.757,32.792,34.119,34.119,False
0016,74,22,pedestrian,11.27,10.597,0.0,12.564,10.336,10.336,True
0016,75,12,pedestrian,34.782,34.471,16.752,76.91,32.164,32.164,False
0016,75,16,pedestrian,35.351,34.765,14.788,66.731,29.319,29.319,False
0016,75,25,pedestrian,12.423,11.737,1.92,13.622,12.31,12.31,False
0016,75,21,pedestrian,15.085,14.384,3.017,13.328,11.716,11.716,False
0016,75,19,pedestrian,16.039,15.371,4.72,16.416,13.544,13.544,False
0016,75,22,pedestrian,11.174,10.502,0.0,12.179,10.352,10.352,True
0016,75,23,pedestrian,11.828,11.121,0.0,13.238,11.614,11.614,True
0016,75,26,pedestrian,12.848,12.213,1.368,14.473,13.309,13.309,False
0016,75,1,car,28.803,27.008,15.297,33.2,35.27,35.27,False
0016,75,2,car,27.854,25.891,12.757,33.111,34.144,34.144,False
0016,75,13,pedestrian,28.297,27.568,10.571,43.674,26.322,26.322,False
0016,75,27,pedestrian,14.368,13.738,3.971,16.662,13.723,13.723,False
0016,76,19,pedestrian,15.917,15.248,4.614,16.436,13.117,13.117,False
0016,76,24,pedestrian,11.982,11.3,2.485,12.877,11.252,11.252,False
0016,76,12,pedestrian,34.772,34.462,16.744,81.586,32.532,32.532,False
0016,76,16,pedestrian,35.238,34.652,14.769,66.854,29.323,29.323,False
0016,76,23,pedestrian,11.737,11.031,0.0,13.104,11.752,11.752,True
0016,76,22,pedestrian,11.079,10.409,0.0,11.934,10.306,10.306,True
0016,76,25,pedestrian,12.298,11.613,1.802,13.619,12.03,12.03,False
0016,76,27,pedestrian,14.243,13.613,3.868,16.707,13.626,13.626,False
0016,76,26,pedestrian,12.74,12.105,1.267,14.122,12.819,12.819,False
0016,76,13,pedestrian,28.149,27.421,10.561,43.685,26.715,26.715,False
0016,76,20,pedestrian,16.229,15.589,3.986,19.517,15.22,15.22,False
0016,76,1,car,28.803,27.008,15.297,33.307,35.27,35.27,False
0016,76,2,car,27.854,25.891,12.757,33.324,34.348,34.348,False
0016,77,12,pedestrian,34.762,34.453,16.735,81.349,32.537,32.537,False
0016,77,20,pedestrian,16.105,15.462,3.888,18.565,14.77,14.77,False
0016,77,24,pedestrian,11.852,11.17,2.368,12.87,10.994,10.994,False
0016,77,23,pedestrian,11.653,10.949,0.0,12.947,11.381,11.381,True
0016,77,22,pedestrian,10.985,10.317,0.0,11.818,9.997,9.997,True
0016,77,27,pedestrian,14.119,13.488,3.765,15.797,13.286,13.286,False
0016,77,13,pedestrian,27.988,27.259,10.549,43.769,26.879,26.879,False
0016,77,16,pedestrian,35.122,34.537,14.742,66.801,29.467,29.467,False
0016,77,26,pedestrian,12.632,11.998,1.166,14.095,13.0,13.0,True
0016,77,25,pedestrian,12.173,11.489,1.684,13.589,12.067,12.067,False
0016,77,1,car,28.803,27.008,15.297,33.631,35.27,35.27,False
0016,77,2,car,27.854,25.891,12.757,33.236,34.348,34.348,False
0016,78,27,pedestrian,13.995,13.363,3.662,15.559,13.259,13.259,False
0016,78,20,pedestrian,15.982,15.335,3.79,18.841,14.512,14.512,False
0016,78,12,pedestrian,34.752,34.443,16.727,76.844,32.166,32.166,False
0016,78,16,pedestrian,35.006,34.421,14.714,70.274,30.965,30.965,False
0016,78,22,pedestrian,10.872,10.206,0.0,11.818,10.016,10.016,True
0016,78,24,pedestrian,11.708,11.026,2.237,12.889,10.754,10.754,False
0016,78,26,pedestrian,12.524,11.891,1.065,13.923,12.728,12.728,True
0016,78,23,pedestrian,11.571,10.868,0.0,13.246,11.462,11.462,True
0016,78,1,car,28.803,27.008,15.298,33.318,35.27,35.27,False
0016,78,13,pedestrian,27.827,27.098,10.536,43.833,27.035,27.035,False
0016,78,2,car,27.854,25.891,12.757,32.627,34.144,34.144,False
0016,78,25,pedestrian,12.05,11.366,1.566,13.417,12.045,12.045,False
0016,79,27,pedestrian,13.871,13.238,3.559,15.512,13.047,13.047,False
0016,79,12,pedestrian,34.741,34.434,16.718,76.799,31.799,31.799,False
0016,79,20,pedestrian,15.873,15.226,3.684,18.841,14.493,14.493,False
0016,79,24,pedestrian,11.564,10.883,2.105,12.614,10.58,10.58,False
0016,79,26,pedestrian,12.418,11.785,0.963,13.923,13.045,13.045,True
0016,79,16,pedestrian,34.89,34.306,14.687,66.907,29.798,29.798,False
0016,79,1,car,28.804,27.008,15.298,33.339,35.27,35.27,False
0016,79,22,pedestrian,10.761,10.096,0.0,11.933,9.839,9.839,True
0016,79,2,car,27.854,25.891,12.757,33.15,34.373,34.373,False
0016,79,25,pedestrian,11.927,11.244,1.449,13.383,11.994,11.994,False
0016,79,13,pedestrian,27.666,26.937,10.524,43.875,27.186,27.186,False
0016,79,23,pedestrian,11.491,10.789,0.0,12.829,10.999,10.999,True
0016,80,13,pedestrian,27.505,26.776,10.512,50.602,27.806,27.806,False
0016,80,27,pedestrian,13.747,13.114,3.456,15.529,12.803,12.803,False
0016,80,24,pedestrian,11.422,10.741,1.973,12.456,10.391,10.391,False
0016,80,20,pedestrian,15.765,15.116,3.578,18.783,14.429,14.429,False
0016,80,22,pedestrian,10.658,9.994,0.0,11.933,9.783,9.783,True
0016,80,12,pedestrian,34.731,34.424,16.71,72.827,31.778,31.778,False
0016,80,23,pedestrian,11.411,10.711,0.017,12.719,11.13,11.13,True
0016,80,26,pedestrian,12.312,11.68,0.862,13.918,12.459,12.459,True
0016,80,16,pedestrian,34.774,34.19,14.66,67.031,28.738,28.738,False
0016,80,25,pedestrian,11.805,11.123,1.331,12.806,11.501,11.501,False
0016,80,1,car,28.804,27.008,15.298,33.179,35.27,35.27,False
0016,80,2,car,27.854,25.891,12.757,33.333,34.119,34.119,False
0016,81,27,pedestrian,13.624,12.99,3.354,15.523,12.959,12.959,False
0016,81,23,pedestrian,11.323,10.624,0.133,12.482,11.069,11.069,True
0016,81,24,pedestrian,11.28,10.6,1.842,12.061,10.437,10.437,False
0016,81,12,pedestrian,34.721,34.415,16.701,73.06,31.597,31.597,False
0016,81,20,pedestrian,15.657,15.008,3.472,18.435,14.69,14.69,False
0016,81,13,pedestrian,27.344,26.615,10.5,52.633,27.693,27.693,False
0016,81,26,pedestrian,12.206,11.575,0.761,13.575,12.232,12.232,True
0016,81,1,car,28.804,27.008,15.299,33.642,35.27,35.27,False
0016,81,22,pedestrian,10.543,9.881,0.0,11.818,9.962,9.962,True
0016,81,16,pedestrian,34.64,34.057,14.624,63.773,28.745,28.745,False
0016,81,2,car,27.854,25.891,12.757,33.15,34.144,34.144,False
0016,81,25,pedestrian,11.684,11.003,1.213,12.938,11.547,11.547,False
0016,81,14,cyclist,26.53,25.557,1.099,35.696,22.697,22.697,True
0016,82,24,pedestrian,11.139,10.459,1.71,12.018,10.303,10.303,False
0016,82,23,pedestrian,11.236,10.538,0.249,12.475,11.03,11.03,True
0016,82,12,pedestrian,34.711,34.406,16.693,73.018,31.251,31.251,False
0016,82,27,pedestrian,13.503,12.868,3.248,15.28,12.741,12.741,False
0016,82,20,pedestrian,15.55,14.899,3.366,17.625,14.349,14.349,False
0016,82,26,pedestrian,12.101,11.471,0.66,13.413,12.343,12.343,True
0016,82,19,pedestrian,15.191,14.518,3.976,16.298,13.519,13.519,False
0016,82,22,pedestrian,10.468,9.807,0.0,11.507,9.904,9.904,True
0016,82,1,car,28.804,27.008,15.299,33.62,35.247,35.247,False
0016,82,2,car,27.854,25.891,12.758,32.709,34.119,34.119,False
0016,82,16,pedestrian,34.506,33.924,14.588,63.874,29.056,29.056,False
0016,82,13,pedestrian,27.183,26.454,10.487,42.533,25.848,25.848,False
0016,82,3,car,36.842,35.209,0.0,48.348,33.611,33.611,True
0016,83,24,pedestrian,10.999,10.32,1.579,11.909,10.065,10.065,False
0016,83,26,pedestrian,11.997,11.368,0.559,13.257,12.31,12.31,True
0016,83,12,pedestrian,34.701,34.396,16.684,73.06,31.245,31.245,False
0016,83,20,pedestrian,15.443,14.791,3.26,18.005,14.412,14.412,False
0016,83,22,pedestrian,10.394,9.734,0.0,11.618,9.752,9.752,True
0016,83,27,pedestrian,13.383,12.746,3.142,15.044,12.546,12.546,False
0016,83,23,pedestrian,11.15,10.455,0.366,12.485,10.988,10.988,True
0016,83,16,pedestrian,34.372,33.79,14.552,66.836,30.013,30.013,False
0016,83,3,car,36.842,35.209,0.0,43.221,31.248,31.248,True
0016,83,13,pedestrian,27.023,26.293,10.475,41.234,25.165,25.165,False
0016,83,1,car,28.804,27.008,15.299,33.248,35.247,35.247,False
0016,83,25,pedestrian,11.444,10.765,0.977,12.67,11.109,11.109,True
0016,83,19,pedestrian,15.072,14.397,3.87,15.529,12.717,12.717,False
0016,83,2,car,27.854,25.892,12.758,33.016,34.348,34.348,False
0016,84,16,pedestrian,34.238,33.657,14.517,66.871,30.199,30.199,False
0016,84,20,pedestrian,15.336,14.684,3.154,17.854,14.235,14.235,False
0016,84,25,pedestrian,11.325,10.648,0.86,12.395,10.748,10.748,True
0016,84,26,pedestrian,11.894,11.266,0.457,13.258,12.242,12.242,True
0016,84,24,pedestrian,10.861,10.182,1.447,12.04,10.003,10.003,False
0016,84,12,pedestrian,34.691,34.387,16.676,73.06,31.229,31.229,False
0016,84,13,pedestrian,26.862,26.133,10.463,40.133,24.191,24.191,False
0016,84,3,car,36.842,35.208,0.0,43.222,31.923,31.923,True
0016,84,22,pedestrian,10.321,9.663,0.0,11.613,9.537,9.537,True
0016,84,27,pedestrian,13.263,12.625,3.036,14.69,12.288,12.288,False
0016,84,1,car,28.804,27.008,15.3,33.62,35.27,35.27,False
0016,84,23,pedestrian,11.065,10.372,0.482,12.475,10.285,10.285,True
0016,84,2,car,27.854,25.892,12.758,32.627,34.373,34.373,False
0016,85,3,car,36.842,35.208,0.0,48.354,34.668,34.668,True
0016,85,27,pedestrian,13.143,12.505,2.93,14.645,12.165,12.165,False
0016,85,25,pedestrian,11.208,10.531,0.742,12.118,10.828,10.828,True
0016,85,16,pedestrian,34.104,33.524,14.481,66.836,29.721,29.721,False
0016,85,13,pedestrian,26.702,25.972,10.45,39.058,24.001,24.001,False
0016,85,24,pedestrian,10.747,10.069,1.34,11.753,9.984,9.984,False
0016,85,12,pedestrian,34.681,34.377,16.667,72.975,31.389,31.389,False
0016,85,26,pedestrian,11.77,11.143,0.335,13.11,11.997,11.997,True
0016,85,20,pedestrian,15.23,14.577,3.048,17.876,13.972,13.972,False
0016,85,22,pedestrian,10.249,9.593,0.0,11.191,9.408,9.408,True
0016,85,1,car,28.804,27.008,15.3,33.269,35.27,35.27,False
0016,85,19,pedestrian,14.833,14.157,3.657,16.317,13.125,13.125,False
0016,85,2,car,27.854,25.892,12.758,33.111,34.368,34.368,False
0016,86,3,car,36.842,35.208,0.0,48.354,35.218,35.218,True
0016,86,24,pedestrian,10.634,9.956,1.234,11.392,10.201,10.201,False
0016,86,12,pedestrian,34.671,34.368,16.659,73.06,31.394,31.394,False
0016,86,16,pedestrian,33.97,33.391,14.445,63.823,29.42,29.42,False
0016,86,22,pedestrian,10.157,9.503,0.071,10.828,9.179,9.179,True
0016,86,13,pedestrian,26.542,25.812,10.438,39.058,23.808,23.808,False
0016,86,27,pedestrian,13.024,12.385,2.825,14.645,12.074,12.074,False
0016,86,20,pedestrian,15.125,14.47,2.942,17.37,13.807,13.807,False
0016,86,25,pedestrian,11.091,10.416,0.624,11.993,10.769,10.769,True
0016,86,1,car,28.804,27.008,15.3,33.62,35.27,35.27,False
0016,86,26,pedestrian,11.648,11.022,0.212,12.696,11.708,11.708,True
0016,86,2,car,27.854,25.892,12.758,32.718,34.348,34.348,False
0016,86,19,pedestrian,14.729,14.052,3.55,17.203,13.91,13.91,False
0016,87,12,pedestrian,34.661,34.359,16.651,77.0,31.572,31.572,False
0016,87,27,pedestrian,12.905,12.265,2.719,14.667,12.171,12.171,False
0016,87,26,pedestrian,11.527,10.902,0.089,12.684,11.842,11.842,True
0016,87,25,pedestrian,10.975,10.302,0.506,12.001,10.757,10.757,True
0016,87,13,pedestrian,26.375,25.645,10.434,40.234,23.523,23.523,False
0016,87,24,pedestrian,10.521,9.845,1.127,11.262,9.894,9.894,True
0016,87,23,pedestrian,10.821,10.136,0.831,11.037,9.363,9.363,True
0016,87,3,car,36.842,35.208,0.0,48.354,34.665,34.665,True
0016,87,19,pedestrian,14.625,13.947,3.443,14.522,12.248,12.248,False
0016,87,16,pedestrian,33.836,33.258,14.409,63.857,30.053,30.053,False
0016,87,1,car,28.805,27.008,15.301,33.62,35.27,35.27,False
0016,87,2,car,27.854,25.892,12.758,32.618,34.119,34.119,False
0016,88,26,pedestrian,11.407,10.784,0.0,12.423,11.331,11.331,True
0016,88,3,car,36.842,35.208,0.0,48.354,34.668,34.668,True
0016,88,12,pedestrian,34.65,34.349,16.642,76.977,31.75,31.75,False
0016,88,27,pedestrian,12.786,12.146,2.613,14.101,11.805,11.805,False
0016,88,16,pedestrian,33.702,33.124,14.373,63.942,30.069,30.069,False
0016,88,13,pedestrian,26.209,25.479,10.43,37.874,23.348,23.348,False
0016,88,24,pedestrian,10.41,9.734,1.02,11.18,9.867,9.867,True
0016,88,22,pedestrian,9.977,9.326,0.285,10.946,9.003,9.003,True
0016,88,25,pedestrian,10.86,10.189,0.389,11.982,10.61,10.61,True
0016,88,1,car,28.805,27.008,15.301,33.62,35.27,35.27,False
0016,88,2,car,27.854,25.892,12.758,33.314,34.58,34.58,False
0016,88,23,pedestrian,10.742,10.06,0.948,12.103,10.377,10.377,True
0016,88,19,pedestrian,14.522,13.843,3.336,17.167,13.737,13.737,False
0016,89,12,pedestrian,34.642,34.341,16.643,76.977,31.748,31.748,False
0016,89,20,pedestrian,14.813,14.156,2.625,16.628,13.471,13.471,False
0016,89,27,pedestrian,12.669,12.027,2.507,13.77,11.688,11.688,False
0016,89,16,pedestrian,33.568,32.991,14.337,63.857,30.404,30.404,False
0016,89,3,car,36.841,35.208,0.0,46.51,33.872,33.872,True
0016,89,26,pedestrian,11.288,10.667,0.0,12.297,11.177,11.177,True
0016,89,24,pedestrian,10.299,9.624,0.913,11.271,9.625,9.625,True
0016,89,13,pedestrian,26.043,25.312,10.426,42.842,24.399,24.399,False
0016,89,25,pedestrian,10.747,10.077,0.271,11.858,10.509,10.509,True
0016,89,23,pedestrian,10.665,9.986,1.064,10.972,9.145,9.145,True
0016,89,1,car,28.805,27.008,15.301,33.269,35.27,35.27,False
0016,89,2,car,27.854,25.892,12.758,32.709,34.119,34.119,False
0016,90,12,pedestrian,34.633,34.333,16.644,76.977,31.741,31.741,False
0016,90,27,pedestrian,12.551,11.909,2.401,13.732,11.614,11.614,False
0016,90,25,pedestrian,10.636,9.968,0.151,11.605,10.267,10.267,True
0016,90,23,pedestrian,10.59,9.914,1.181,10.943,9.028,9.028,True
0016,90,13,pedestrian,25.877,25.146,10.422,39.158,22.809,22.809,False
0016,90,24,pedestrian,10.189,9.514,0.807,11.18,9.467,9.467,True
0016,90,3,car,36.841,35.208,0.0,41.736,30.819,30.819,True
0016,90,26,pedestrian,11.17,10.551,0.0,12.422,11.428,11.428,True
0016,90,16,pedestrian,33.434,32.858,14.301,63.942,29.114,29.114,False
0016,90,1,car,28.805,27.008,15.302,33.35,35.27,35.27,False
0016,90,2,car,27.855,25.892,12.758,33.111,34.144,34.144,False
0016,90,21,pedestrian,13.371,12.658,1.56,14.881,12.346,12.346,False
0016,90,19,pedestrian,14.316,13.636,3.121,16.832,13.348,13.348,False
0016,91,19,pedestrian,14.214,13.533,3.014,13.704,11.414,11.414,False
0016,91,16,pedestrian,33.311,32.736,14.282,63.994,29.153,29.153,False
0016,91,25,pedestrian,10.527,9.861,0.031,11.279,10.178,10.178,True
0016,91,27,pedestrian,12.434,11.792,2.296,14.221,11.86,11.86,False
0016,91,12,pedestrian,34.624,34.324,16.645,73.018,31.739,31.739,False
0016,91,24,pedestrian,10.08,9.406,0.7,10.847,9.265,9.265,True
0016,91,22,pedestrian,9.729,9.085,0.614,10.919,9.112,9.112,True
0016,91,13,pedestrian,25.711,24.98,10.418,37.053,22.628,22.628,False
0016,91,1,car,28.805,27.008,15.302,33.2,35.27,35.27,False
0016,91,26,pedestrian,11.052,10.435,0.0,12.172,11.173,11.173,True
0016,91,2,car,27.855,25.892,12.758,33.207,34.373,34.373,False
0016,91,20,pedestrian,14.611,13.953,2.415,16.618,13.412,13.412,False
0016,91,21,pedestrian,13.272,12.558,1.448,15.035,12.091,12.091,False
0016,92,22,pedestrian,9.658,9.016,0.729,10.513,8.906,8.906,True
0016,92,27,pedestrian,12.318,11.675,2.19,13.54,11.387,11.387,False
0016,92,16,pedestrian,33.189,32.613,14.262,64.131,27.866,27.866,False
0016,92,24,pedestrian,9.972,9.299,0.593,10.459,9.27,9.27,True
0016,92,20,pedestrian,14.51,13.852,2.31,16.295,13.352,13.352,False
0016,92,25,pedestrian,10.419,9.755,0.0,11.207,10.278,10.278,True
0016,92,13,pedestrian,25.532,24.802,10.385,36.077,21.751,21.751,False
0016,92,12,pedestrian,34.615,34.316,16.646,72.912,31.743,31.743,False
0016,92,26,pedestrian,10.936,10.32,0.0,11.937,11.026,11.026,True
0016,92,1,car,28.805,27.008,15.302,33.318,35.27,35.27,False
0016,92,19,pedestrian,14.112,13.43,2.907,16.256,13.276,13.276,False
0016,92,2,car,27.855,25.892,12.759,33.285,34.144,34.144,False
0016,92,23,pedestrian,10.373,9.703,1.357,11.43,10.232,10.232,False
0016,93,26,pedestrian,10.82,10.207,0.0,11.943,10.432,10.432,True
0016,93,24,pedestrian,9.864,9.192,0.486,10.456,9.213,9.213,True
0016,93,22,pedestrian,9.588,8.949,0.844,10.523,8.883,8.883,True
0016,93,16,pedestrian,33.067,32.49,14.243,61.115,28.024,28.024,False
0016,93,12,pedestrian,34.606,34.308,16.647,72.806,32.112,32.112,False
0016,93,27,pedestrian,12.202,11.558,2.084,13.501,11.341,11.341,False
0016,93,25,pedestrian,10.313,9.651,0.0,11.383,9.907,9.907,True
0016,93,13,pedestrian,25.354,24.623,10.351,36.086,21.865,21.865,False
0016,93,1,car,28.805,27.008,15.303,33.339,35.27,35.27,False
0016,93,2,car,27.855,25.892,12.759,33.111,34.144,34.144,False
0016,93,19,pedestrian,14.011,13.328,2.8,16.557,13.295,13.295,False
0016,93,21,pedestrian,13.075,12.361,1.224,14.819,13.103,13.103,False
0016,94,21,pedestrian,12.978,12.263,1.111,14.424,11.894,11.894,True
0016,94,12,pedestrian,34.597,34.299,16.649,72.806,31.764,31.764,False
0016,94,27,pedestrian,12.087,11.442,1.978,13.197,11.226,11.226,False
0016,94,26,pedestrian,10.707,10.095,0.0,11.942,10.306,10.306,True
0016,94,16,pedestrian,32.945,32.367,14.223,61.413,28.611,28.611,False
0016,94,13,pedestrian,25.182,24.451,10.332,36.283,22.557,22.557,False
0016,94,24,pedestrian,9.725,9.054,0.387,10.362,8.99,8.99,True
0016,94,22,pedestrian,9.519,8.883,0.959,10.539,8.912,8.912,True
0016,94,25,pedestrian,10.207,9.548,0.0,11.072,9.863,9.863,True
0016,94,1,car,28.805,27.008,15.303,33.631,35.247,35.247,False
0016,94,2,car,27.855,25.892,12.759,33.111,34.119,34.119,False
0016,95,27,pedestrian,11.972,11.327,1.872,13.169,11.271,11.271,False
0016,95,26,pedestrian,10.594,9.985,0.0,11.712,10.206,10.206,True
0016,95,12,pedestrian,34.588,34.291,16.65,72.933,31.954,31.954,False
0016,95,13,pedestrian,25.01,24.279,10.313,36.207,21.201,21.201,False
0016,95,21,pedestrian,12.881,12.166,0.999,14.582,11.824,11.824,True
0016,95,25,pedestrian,10.103,9.447,0.0,10.774,9.746,9.746,True
0016,95,16,pedestrian,32.823,32.245,14.204,61.313,29.072,29.072,False
0016,95,24,pedestrian,9.587,8.917,0.287,10.453,8.821,8.821,True
0016,95,1,car,28.805,27.008,15.303,33.179,35.27,35.27,False
0016,95,22,pedestrian,9.453,8.82,1.074,10.603,8.817,8.817,True
0016,95,2,car,27.855,25.892,12.759,33.188,34.144,34.144,False
0016,95,23,pedestrian,10.097,9.435,1.592,11.435,9.496,9.496,False
0016,95,19,pedestrian,13.811,13.126,2.586,16.905,13.291,13.291,False
0016,96,27,pedestrian,11.858,11.212,1.766,13.187,10.939,10.939,False
0016,96,23,pedestrian,10.032,9.373,1.679,10.213,8.558,8.558,False
0016,96,12,pedestrian,34.579,34.283,16.651,72.933,31.78,31.78,False
0016,96,25,pedestrian,10.0,9.345,0.0,10.587,9.596,9.596,True
0016,96,24,pedestrian,9.45,8.781,0.187,10.342,8.891,8.891,True
0016,96,16,pedestrian,32.701,32.122,14.184,61.346,28.349,28.349,False
0016,96,3,car,36.841,35.208,0.0,43.217,30.393,30.393,True
0016,96,13,pedestrian,24.839,24.108,10.293,36.217,20.136,20.136,False
0016,96,26,pedestrian,10.483,9.876,0.0,11.727,10.759,10.759,True
0016,96,1,car,28.806,27.008,15.304,33.19,35.27,35.27,False
0016,96,19,pedestrian,13.715,13.029,2.505,15.807,12.472,12.472,False
0016,96,2,car,27.855,25.892,12.759,33.265,34.139,34.139,False
0016,96,21,pedestrian,12.785,12.07,0.887,14.415,13.198,13.198,True
0016,97,23,pedestrian,9.968,9.312,1.767,10.327,8.745,8.745,False
0016,97,27,pedestrian,11.744,11.098,1.661,13.044,10.753,10.753,False
0016,97,12,pedestrian,34.57,34.275,16.652,72.933,31.79,31.79,False
0016,97,19,pedestrian,13.62,12.933,2.423,15.56,12.39,12.39,False
0016,97,21,pedestrian,12.691,11.975,0.775,13.908,11.72,11.72,True
0016,97,16,pedestrian,32.579,32.0,14.165,64.183,28.654,28.654,False
0016,97,26,pedestrian,10.374,9.769,0.0,11.517,10.604,10.604,True
0016,97,25,pedestrian,9.898,9.245,0.0,10.588,9.559,9.559,True
0016,97,13,pedestrian,24.687,23.956,10.288,36.321,20.91,20.91,False
0016,97,24,pedestrian,9.363,8.696,0.053,10.066,8.711,8.711,True
0016,97,1,car,28.806,27.009,15.304,33.052,35.27,35.27,False
0016,97,2,car,27.855,25.892,12.759,33.111,34.144,34.144,False
0016,98,23,pedestrian,9.905,9.253,1.854,9.927,8.299,8.299,False
0016,98,27,pedestrian,11.632,10.985,1.555,12.736,10.687,10.687,False
0016,98,12,pedestrian,34.561,34.266,16.653,76.799,32.147,32.147,False
0016,98,24,pedestrian,9.278,8.613,0.0,9.822,8.77,8.77,True
0016,98,26,pedestrian,10.266,9.664,0.0,11.208,10.37,10.37,True
0016,98,19,pedestrian,13.524,12.836,2.342,15.605,12.497,12.497,False
0016,98,13,pedestrian,24.536,23.805,10.283,37.314,20.629,20.629,False
0016,98,21,pedestrian,12.586,11.871,0.671,13.897,11.596,11.596,True
0016,98,16,pedestrian,32.458,31.878,14.147,61.329,28.375,28.375,False
0016,98,1,car,28.806,27.009,15.304,33.179,35.27,35.27,False
0016,98,25,pedestrian,9.797,9.147,0.0,10.588,9.596,9.596,True
0016,98,2,car,27.855,25.892,12.759,32.718,34.348,34.348,False
0016,99,23,pedestrian,9.814,9.166,1.976,9.872,8.288,8.288,False
0016,99,24,pedestrian,9.194,8.532,0.0,9.742,8.5,8.5,True
0016,99,27,pedestrian,11.519,10.872,1.449,12.705,10.815,10.815,False
0016,99,12,pedestrian,34.552,34.258,16.654,76.955,31.974,31.974,False
0016,99,26,pedestrian,10.159,9.56,0.119,11.203,10.15,10.15,True
0016,99,19,pedestrian,13.43,12.74,2.261,15.333,12.766,12.766,False
0016,99,21,pedestrian,12.482,11.767,0.567,13.729,11.226,11.226,True
0016,99,16,pedestrian,32.337,31.756,14.13,61.379,28.392,28.392,False
0016,99,13,pedestrian,24.384,23.653,10.278,34.561,19.504,19.504,False
0016,99,1,car,28.806,27.009,15.305,33.19,35.27,35.27,False
0016,99,2,car,27.855,25.892,12.759,32.627,34.144,34.144,False
0016,99,25,pedestrian,9.697,9.05,0.0,10.683,9.366,9.366,True
0016,100,27,pedestrian,11.408,10.76,1.343,12.305,10.706,10.706,False
0016,100,12,pedestrian,34.543,34.25,16.655,76.955,32.152,32.152,False
0016,100,23,pedestrian,9.726,9.083,2.099,9.869,8.235,8.235,False
0016,100,26,pedestrian,10.055,9.458,0.24,11.327,10.06,10.06,True
0016,100,13,pedestrian,24.233,23.502,10.273,35.484,22.176,22.176,False
0016,100,19,pedestrian,13.314,12.624,2.164,15.135,12.168,12.168,False
0016,100,21,pedestrian,12.379,11.663,0.462,13.721,11.58,11.58,True
0016,100,24,pedestrian,9.113,8.453,0.0,9.742,8.327,8.327,True
0016,100,1,car,28.806,27.009,15.305,33.168,35.042,35.042,False
0016,100,16,pedestrian,32.216,31.635,14.112,58.93,28.692,28.692,False
0016,100,2,car,27.855,25.892,12.759,32.932,34.58,34.58,False
0016,101,12,pedestrian,34.534,34.241,16.656,76.844,32.523,32.523,False
0016,101,13,pedestrian,24.082,23.351,10.268,36.476,23.891,23.891,False
0016,101,21,pedestrian,12.276,11.561,0.358,13.873,11.168,11.168,True
0016,101,19,pedestrian,13.199,12.508,2.067,14.965,11.872,11.872,False
0016,101,1,car,28.806,27.009,15.305,33.094,35.27,35.27,False
0016,101,24,pedestrian,9.013,8.355,0.0,9.742,8.27,8.27,True
0016,101,2,car,27.855,25.892,12.759,33.035,34.144,34.144,False
0016,101,26,pedestrian,9.978,9.385,0.35,11.159,10.102,10.102,True
0016,101,27,pedestrian,11.297,10.649,1.237,12.323,10.517,10.517,False
0016,101,16,pedestrian,32.097,31.515,14.083,61.379,33.111,33.111,False
0016,101,22,pedestrian,9.093,8.482,1.71,10.07,8.303,8.303,False
0016,102,23,pedestrian,9.556,8.924,2.343,9.951,8.346,8.346,False
0016,102,13,pedestrian,23.932,23.2,10.263,34.766,22.223,22.223,False
0016,102,12,pedestrian,34.525,34.233,16.657,77.0,33.273,33.273,False
0016,102,21,pedestrian,12.174,11.459,0.254,13.699,11.62,11.62,True
0016,102,19,pedestrian,13.085,12.392,1.97,14.251,11.591,11.591,False
0016,102,1,car,28.806,27.009,15.306,33.631,35.27,35.27,False
0016,102,24,pedestrian,8.915,8.259,0.0,9.442,8.058,8.058,True
0016,102,26,pedestrian,9.902,9.313,0.459,10.893,10.018,10.018,True
0016,102,2,car,27.855,25.892,12.76,32.718,34.144,34.144,False
0016,102,20,pedestrian,13.534,12.87,1.322,12.426,10.681,10.681,False
0016,103,19,pedestrian,12.971,12.277,1.873,14.216,11.737,11.737,False
0016,103,13,pedestrian,23.781,23.05,10.257,34.747,21.404,21.404,False
0016,103,23,pedestrian,9.505,8.879,2.449,9.889,8.476,8.476,False
0016,103,12,pedestrian,34.517,34.225,16.658,77.27,33.862,33.862,False
0016,103,21,pedestrian,12.073,11.358,0.15,13.57,11.074,11.074,True
0016,103,25,pedestrian,9.323,8.687,0.0,9.378,8.191,8.191,True
0016,103,15,pedestrian,31.571,30.993,12.939,55.543,27.989,27.989,False
0016,103,1,car,28.806,27.009,15.306,33.328,35.27,35.27,False
0016,103,2,car,27.855,25.892,12.76,32.7,34.58,34.58,False
0016,103,20,pedestrian,13.438,12.774,1.233,12.149,10.362,10.362,False
0016,103,26,pedestrian,9.828,9.242,0.568,10.899,9.754,9.754,True
0016,104,23,pedestrian,9.455,8.835,2.554,9.762,8.275,8.275,False
0016,104,15,pedestrian,31.46,30.881,12.932,53.37,26.93,26.93,False
0016,104,21,pedestrian,11.973,11.258,0.046,13.236,10.905,10.905,True
0016,104,13,pedestrian,23.63,22.898,10.254,33.828,21.21,21.21,False
0016,104,24,pedestrian,8.723,8.073,0.0,9.171,7.966,7.966,True
0016,104,19,pedestrian,12.857,12.163,1.775,14.024,11.492,11.492,False
0016,104,12,pedestrian,34.508,34.217,16.66,76.977,34.061,34.061,False
0016,104,1,car,28.807,27.009,15.306,33.631,35.27,35.27,False
0016,104,3,car,36.841,35.208,0.0,46.504,33.612,33.612,True
0016,104,20,pedestrian,13.343,12.679,1.144,11.896,10.433,10.433,True
0016,104,2,car,27.855,25.892,12.76,32.627,34.373,34.373,False
0016,104,26,pedestrian,9.747,9.165,0.688,10.113,8.953,8.953,True
0016,105,15,pedestrian,31.349,30.77,12.926,53.453,26.451,26.451,False
0016,105,13,pedestrian,23.478,22.747,10.25,33.984,21.334,21.334,False
0016,105,21,pedestrian,11.874,11.159,0.0,13.094,11.07,11.07,True
0016,105,22,pedestrian,8.841,8.253,2.201,9.786,8.26,8.26,False
0016,105,24,pedestrian,8.63,7.982,0.0,9.245,7.839,7.839,True
0016,105,19,pedestrian,12.744,12.049,1.678,14.019,11.505,11.505,False
0016,105,3,car,36.841,35.208,0.0,48.354,35.216,35.216,True
0016,105,12,pedestrian,34.499,34.208,16.661,77.112,35.304,35.304,False
0016,105,27,pedestrian,10.86,10.211,0.814,11.778,10.283,10.283,True
0016,105,1,car,28.807,27.009,15.307,33.631,35.27,35.27,False
0016,105,2,car,27.855,25.892,12.76,33.178,34.144,34.144,False
0016,106,15,pedestrian,31.239,30.659,12.919,53.425,25.967,25.967,False
0016,106,21,pedestrian,11.775,11.061,0.0,13.236,10.994,10.994,True
0016,106,13,pedestrian,23.327,22.596,10.247,33.269,20.642,20.642,False
0016,106,12,pedestrian,34.528,34.242,16.689,77.247,34.887,34.887,False
0016,106,26,pedestrian,9.615,9.04,0.895,10.412,9.543,9.543,True
0016,106,19,pedestrian,12.631,11.936,1.581,14.192,11.415,11.415,False
0016,106,3,car,36.841,35.208,0.0,43.215,31.923,31.923,True
0016,106,23,pedestrian,9.36,8.754,2.766,9.786,8.18,8.18,False
0016,106,24,pedestrian,8.531,7.886,0.0,9.171,7.847,7.847,True
0016,106,27,pedestrian,10.753,10.104,0.708,11.774,10.292,10.292,True
0016,106,1,car,28.807,27.009,15.307,33.179,35.27,35.27,False
0016,106,2,car,27.855,25.893,12.76,32.6,34.368,34.368,False
0016,107,15,pedestrian,31.117,30.537,12.884,53.453,26.099,26.099,False
0016,107,19,pedestrian,12.519,11.823,1.484,14.022,11.253,11.253,False
0016,107,13,pedestrian,23.176,22.445,10.243,34.153,20.898,20.898,False
0016,107,3,car,36.841,35.208,0.0,48.347,34.131,34.131,True
0016,107,21,pedestrian,11.678,10.963,0.0,13.093,10.503,10.503,True
0016,107,12,pedestrian,34.558,34.277,16.717,81.61,34.484,34.484,False
0016,107,26,pedestrian,9.547,8.976,1.004,10.274,9.376,9.376,True
0016,107,25,pedestrian,8.977,8.357,0.423,9.276,7.881,7.881,True
0016,107,23,pedestrian,9.316,8.717,2.872,9.679,8.009,8.009,False
0016,107,1,car,28.807,27.009,15.307,33.19,35.27,35.27,False
0016,107,27,pedestrian,10.639,9.991,0.611,11.779,10.03,10.03,True
0016,107,2,car,27.855,25.893,12.76,32.691,34.119,34.119,False
0016,108,24,pedestrian,8.338,7.699,0.0,9.104,7.745,7.745,True
0016,108,15,pedestrian,30.996,30.416,12.849,53.509,24.824,24.824,False
0016,108,23,pedestrian,9.273,8.682,2.977,9.449,8.093,8.093,False
0016,108,13,pedestrian,23.025,22.294,10.24,33.242,20.934,20.934,False
0016,108,21,pedestrian,11.581,10.867,0.0,12.819,10.521,10.521,True
0016,108,27,pedestrian,10.527,9.878,0.513,11.319,9.678,9.678,True
0016,108,19,pedestrian,12.407,11.712,1.387,13.819,11.311,11.311,False
0016,108,3,car,36.841,35.208,0.0,40.363,29.98,29.98,True
0016,108,1,car,28.807,27.009,15.307,33.62,35.27,35.27,False
0016,108,26,pedestrian,9.48,8.914,1.113,10.276,9.434,9.434,True
0016,108,2,car,27.855,25.893,12.76,32.792,34.368,34.368,False
0016,108,12,pedestrian,34.588,34.311,16.745,77.022,34.083,34.083,False
0016,109,23,pedestrian,9.233,8.649,3.083,9.323,7.979,7.979,False
0016,109,3,car,36.84,35.208,0.0,44.809,32.628,32.628,True
0016,109,15,pedestrian,30.875,30.295,12.814,58.039,26.106,26.106,False
0016,109,24,pedestrian,8.245,7.61,0.08,8.676,7.627,7.627,True
0016,109,13,pedestrian,22.875,22.143,10.236,32.562,20.813,20.813,False
0016,109,27,pedestrian,10.415,9.766,0.415,11.31,9.936,9.936,True
0016,109,21,pedestrian,11.45,10.737,0.0,12.678,10.564,10.564,True
0016,109,19,pedestrian,12.296,11.6,1.291,13.64,11.799,11.799,False
0016,109,1,car,28.807,27.009,15.308,33.318,35.27,35.27,False
0016,109,26,pedestrian,9.416,8.854,1.222,10.28,9.242,9.242,False
0016,109,2,car,27.855,25.893,12.76,32.627,34.58,34.58,False
0016,109,12,pedestrian,34.618,34.345,16.773,77.09,35.34,35.34,False
0016,110,3,car,36.84,35.208,0.0,48.366,34.942,34.942,True
0016,110,15,pedestrian,30.754,30.173,12.779,55.659,26.737,26.737,False
0016,110,23,pedestrian,9.194,8.619,3.189,9.212,7.871,7.871,False
0016,110,19,pedestrian,12.185,11.49,1.194,13.34,11.125,11.125,True
0016,110,24,pedestrian,8.163,7.53,0.19,8.636,7.58,7.58,True
0016,110,21,pedestrian,11.368,10.655,0.0,12.547,10.389,10.389,True
0016,110,26,pedestrian,9.352,8.795,1.331,9.679,8.417,8.417,False
0016,110,27,pedestrian,10.315,9.667,0.304,11.091,9.738,9.738,True
0016,110,13,pedestrian,22.726,21.994,10.233,33.417,21.159,21.159,False
0016,110,1,car,28.807,27.009,15.308,33.2,35.27,35.27,False
0016,110,12,pedestrian,34.648,34.379,16.801,77.067,37.183,37.183,False
0016,110,2,car,27.855,25.893,12.76,32.801,34.119,34.119,False
0016,111,15,pedestrian,30.633,30.052,12.744,53.481,26.744,26.744,False
0016,111,25,pedestrian,8.66,8.057,0.879,8.679,7.462,7.462,True
0016,111,21,pedestrian,11.251,10.538,0.0,12.419,10.178,10.178,True
0016,111,19,pedestrian,12.104,11.408,1.086,13.341,10.947,10.947,True
0016,111,26,pedestrian,9.291,8.738,1.44,9.326,8.31,8.31,False
0016,111,27,pedestrian,10.192,9.544,0.22,10.993,9.37,9.37,True
0016,111,13,pedestrian,22.577,21.845,10.229,31.317,21.367,21.367,False
0016,111,23,pedestrian,9.145,8.578,3.286,9.249,7.778,7.778,False
0016,111,1,car,28.807,27.009,15.308,33.073,35.27,35.27,False
0016,111,8,cyclist,28.074,27.168,4.454,36.223,27.143,27.143,False
0016,112,13,pedestrian,22.428,21.697,10.226,31.247,20.467,20.467,False
0016,112,15,pedestrian,30.512,29.931,12.709,55.702,26.482,26.482,False
0016,112,27,pedestrian,10.083,9.435,0.122,10.989,9.298,9.298,True
0016,112,25,pedestrian,8.585,7.987,0.993,8.686,7.376,7.376,True
0016,112,21,pedestrian,11.134,10.422,0.0,12.419,10.036,10.036,True
0016,112,19,pedestrian,12.023,11.328,0.978,13.507,11.028,11.028,True
0016,112,23,pedestrian,9.097,8.538,3.387,9.205,7.809,7.809,False
0016,112,1,car,28.808,27.009,15.309,33.168,35.27,35.27,False
0016,112,12,pedestrian,34.707,34.444,16.857,77.293,33.998,33.998,False
0016,112,8,cyclist,27.519,26.626,4.349,35.182,27.157,27.157,False
0016,112,26,pedestrian,9.231,8.684,1.549,9.642,8.659,8.659,False
0016,113,23,pedestrian,9.081,8.528,3.48,9.205,7.939,7.939,False
0016,113,25,pedestrian,8.513,7.92,1.107,8.435,7.206,7.206,True
0016,113,12,pedestrian,34.737,34.47,16.886,81.729,32.129,32.129,False
0016,113,15,pedestrian,30.391,29.809,12.674,53.622,25.278,25.278,False
0016,113,26,pedestrian,9.173,8.631,1.658,9.272,8.167,8.167,False
0016,113,27,pedestrian,9.994,9.347,0.002,10.892,9.294,9.294,True
0016,113,13,pedestrian,22.28,21.548,10.222,31.282,20.516,20.516,False
0016,113,21,pedestrian,11.062,10.351,0.0,12.42,9.84,9.84,True
0016,113,1,car,28.808,27.009,15.309,33.19,35.27,35.27,False
0016,113,19,pedestrian,11.943,11.249,0.87,13.188,10.925,10.925,True
0016,113,8,cyclist,26.964,26.085,4.245,34.253,28.701,28.701,False
0016,114,26,pedestrian,9.116,8.58,1.768,9.294,8.016,8.016,False
0016,114,23,pedestrian,9.065,8.518,3.577,9.218,7.815,7.815,False
0016,114,27,pedestrian,9.908,9.261,0.0,10.777,9.252,9.252,True
0016,114,19,pedestrian,11.879,11.185,0.748,13.149,11.0,11.0,True
0016,114,15,pedestrian,30.27,29.688,12.639,53.537,25.513,25.513,False
0016,114,16,pedestrian,30.568,29.983,13.672,56.842,28.175,28.175,False
0016,114,13,pedestrian,22.132,21.4,10.219,31.352,20.535,20.535,False
0016,114,24,pedestrian,7.851,7.233,0.629,8.441,7.341,7.341,True
0016,114,12,pedestrian,34.767,34.495,16.914,86.942,31.61,31.61,False
0016,114,21,pedestrian,10.991,10.28,0.0,12.307,10.059,10.059,True
0016,114,1,car,28.808,27.009,15.309,33.19,35.042,35.042,False
0016,114,8,cyclist,26.409,25.547,4.143,33.345,27.464,27.464,False
0016,115,12,pedestrian,34.797,34.521,16.943,81.825,30.614,30.614,False
0016,115,13,pedestrian,21.984,21.252,10.215,31.459,20.7,20.7,False
0016,115,24,pedestrian,7.766,7.153,0.75,8.351,7.303,7.303,True
0016,115,27,pedestrian,9.822,9.176,0.0,10.588,9.387,9.387,True
0016,115,19,pedestrian,11.816,11.123,0.625,13.004,10.975,10.975,True
0016,115,15,pedestrian,30.149,29.567,12.604,53.397,25.756,25.756,False
0016,115,23,pedestrian,9.05,8.51,3.674,9.096,7.701,7.701,False
0016,115,16,pedestrian,30.456,29.872,13.645,54.469,29.67,29.67,False
0016,115,8,cyclist,25.854,25.0,4.041,32.445,25.541,25.541,False
0016,115,21,pedestrian,10.921,10.211,0.0,11.952,9.982,9.982,True
0016,115,1,car,28.808,27.009,15.31,33.642,35.27,35.27,False
0016,115,26,pedestrian,9.062,8.531,1.877,9.952,8.644,8.644,False
0016,116,23,pedestrian,9.037,8.503,3.771,9.11,7.684,7.684,False
0016,116,12,pedestrian,34.826,34.546,16.972,82.115,30.612,30.612,False
0016,116,13,pedestrian,21.837,21.105,10.211,29.648,19.649,19.649,False
0016,116,16,pedestrian,30.344,29.761,13.618,54.65,28.353,28.353,False
0016,116,19,pedestrian,11.695,11.002,0.524,12.865,10.706,10.706,True
0016,116,21,pedestrian,10.852,10.143,0.0,11.949,9.788,9.788,True
0016,116,27,pedestrian,9.738,9.093,0.0,10.496,9.063,9.063,True
0016,116,24,pedestrian,7.684,7.076,0.872,8.294,7.216,7.216,True
0016,116,15,pedestrian,30.028,29.446,12.569,53.397,26.499,26.499,False
0016,116,1,car,28.808,27.009,15.31,33.795,35.27,35.27,False
0016,116,8,cyclist,25.299,24.429,3.94,31.63,24.789,24.789,False
0016,116,20,pedestrian,12.055,11.389,0.0,14.522,11.929,11.929,True
0016,117,15,pedestrian,29.907,29.324,12.534,53.425,25.658,25.658,False
0016,117,21,pedestrian,10.785,10.077,0.0,11.956,9.752,9.752,True
0016,117,16,pedestrian,30.232,29.65,13.59,56.874,27.529,27.529,False
0016,117,13,pedestrian,21.689,20.958,10.208,30.202,19.739,19.739,False
0016,117,27,pedestrian,9.655,9.011,0.0,10.587,8.98,8.98,True
0016,117,24,pedestrian,7.605,7.001,0.993,8.281,7.061,7.061,True
0016,117,1,car,28.808,27.009,15.31,33.179,34.729,34.729,False
0016,117,26,pedestrian,8.952,8.433,2.106,8.974,7.997,7.997,False
0016,117,12,pedestrian,34.856,34.572,16.998,77.475,30.937,30.937,False
0016,117,23,pedestrian,9.026,8.498,3.868,9.12,7.791,7.791,False
0016,117,19,pedestrian,11.575,10.883,0.423,12.994,10.698,10.698,True
0016,117,3,car,36.84,35.207,0.0,43.215,31.694,31.694,True
0016,117,8,cyclist,24.738,23.856,3.764,30.088,23.865,23.865,False
0016,118,15,pedestrian,29.786,29.203,12.499,51.537,25.783,25.783,False
0016,118,27,pedestrian,9.574,8.931,0.0,10.407,8.947,8.947,True
0016,118,23,pedestrian,8.982,8.464,3.995,9.226,7.705,7.705,False
0016,118,16,pedestrian,30.12,29.539,13.563,56.921,28.673,28.673,False
0016,118,24,pedestrian,7.528,6.93,1.115,8.249,7.058,7.058,True
0016,118,21,pedestrian,10.684,9.977,0.0,11.841,9.412,9.412,True
0016,118,10,cyclist,43.805,42.889,5.326,71.365,37.0,37.0,False
0016,118,26,pedestrian,8.909,8.396,2.204,8.62,7.732,7.732,False
0016,118,13,pedestrian,21.542,20.811,10.204,30.116,19.859,19.859,False
0016,118,19,pedestrian,11.479,10.787,0.299,12.863,10.423,10.423,True
0016,118,1,car,28.808,27.009,15.311,32.442,34.906,34.906,False
0016,118,22,pedestrian,8.225,7.727,3.506,9.354,8.346,8.346,False
0016,119,27,pedestrian,9.494,8.852,0.0,10.066,8.761,8.761,True
0016,119,15,pedestrian,29.662,29.079,12.455,51.523,25.79,25.79,False
0016,119,22,pedestrian,8.187,7.7,3.648,8.841,7.556,7.556,False
0016,119,25,pedestrian,8.122,7.566,1.792,8.096,6.98,6.98,False
0016,119,16,pedestrian,30.003,29.424,13.523,54.804,27.705,27.705,False
0016,119,19,pedestrian,11.384,10.694,0.176,12.698,10.456,10.456,True
0016,119,21,pedestrian,10.585,9.879,0.026,11.722,9.494,9.494,True
0016,119,13,pedestrian,21.396,20.664,10.201,29.101,19.227,19.227,False
0016,119,26,pedestrian,8.857,8.351,2.322,8.567,7.605,7.605,False
0016,119,10,cyclist,43.209,42.292,5.313,71.378,47.825,47.825,False
0016,120,19,pedestrian,11.29,10.601,0.053,12.685,10.809,10.809,True
0016,120,26,pedestrian,8.808,8.309,2.44,9.656,8.456,8.456,False
0016,120,27,pedestrian,9.416,8.776,0.0,9.911,8.793,8.793,True
0016,120,16,pedestrian,29.887,29.308,13.483,52.715,27.34,27.34,False
0016,120,23,pedestrian,8.897,8.403,4.292,8.689,7.508,7.508,False
0016,120,21,pedestrian,10.487,9.782,0.155,11.425,9.396,9.396,True
0016,120,24,pedestrian,7.383,6.797,1.358,7.977,7.015,7.015,False
0016,120,13,pedestrian,21.249,20.518,10.197,30.307,19.526,19.526,False
0016,120,15,pedestrian,29.537,28.954,12.411,51.416,25.797,25.797,False
0016,120,10,cyclist,42.612,41.696,5.3,67.469,49.713,49.713,False
0016,120,0,car,31.105,29.054,18.28,34.09,35.985,35.985,False
0016,120,20,pedestrian,11.741,11.076,0.0,13.377,11.125,11.125,True
0016,121,22,pedestrian,8.139,7.668,3.834,8.639,7.305,7.305,False
0016,121,19,pedestrian,11.196,10.507,0.0,12.305,10.341,10.341,True
0016,121,27,pedestrian,9.353,8.714,0.0,9.836,8.704,8.704,True
0016,121,24,pedestrian,7.323,6.742,1.465,7.849,6.898,6.898,False
0016,121,16,pedestrian,29.77,29.193,13.443,52.538,26.327,26.327,False
0016,121,13,pedestrian,21.103,20.372,10.194,29.143,18.807,18.807,False
0016,121,15,pedestrian,29.413,28.83,12.368,51.416,25.811,25.811,False
0016,121,21,pedestrian,10.442,9.738,0.182,11.329,9.509,9.509,True
0016,121,0,car,31.104,29.053,18.279,33.598,31.82,31.82,False
0016,121,2,car,27.856,25.893,12.761,33.363,33.695,33.695,False
0016,121,10,cyclist,42.017,41.099,5.287,67.505,46.118,46.118,False
0016,122,25,pedestrian,7.957,7.423,2.134,7.849,6.862,6.862,False
0016,122,21,pedestrian,10.397,9.693,0.209,11.335,9.37,9.37,True
0016,122,27,pedestrian,9.249,8.611,0.0,9.833,8.388,8.388,True
0016,122,15,pedestrian,29.289,28.705,12.324,47.899,24.778,24.778,False
0016,122,16,pedestrian,29.653,29.078,13.403,50.651,26.709,26.709,False
0016,122,23,pedestrian,8.839,8.364,4.509,8.917,7.585,7.585,False
0016,122,13,pedestrian,20.957,20.226,10.19,29.821,19.093,19.093,False
0016,122,19,pedestrian,11.102,10.415,0.0,12.3,10.191,10.191,True
0016,122,2,car,27.856,25.893,12.762,32.6,34.6,34.6,False
0016,122,22,pedestrian,8.116,7.654,3.944,8.653,7.56,7.56,False
0016,122,10,cyclist,41.421,40.503,5.274,71.415,41.255,41.255,False
0016,122,9,cyclist,23.18,22.155,2.032,28.434,21.451,21.451,False
0016,123,13,pedestrian,20.812,20.08,10.187,29.254,18.887,18.887,False
0016,123,16,pedestrian,29.537,28.962,13.363,50.651,27.093,27.093,False
0016,123,15,pedestrian,29.165,28.581,12.281,48.0,24.765,24.765,False
0016,123,27,pedestrian,9.167,8.531,0.0,9.836,8.462,8.462,True
0016,123,23,pedestrian,8.853,8.382,4.559,8.933,8.279,8.279,False
0016,123,19,pedestrian,11.009,10.323,0.0,12.303,10.104,10.104,True
0016,123,25,pedestrian,7.913,7.386,2.235,7.824,6.774,6.774,False
0016,123,21,pedestrian,10.299,9.596,0.288,11.336,9.124,9.124,True
0016,123,2,car,27.856,25.893,12.762,32.636,34.139,34.139,False
0016,123,22,pedestrian,8.095,7.644,4.053,8.801,7.493,7.493,False
0016,123,10,cyclist,40.825,39.907,5.262,64.054,41.6,41.6,False
0016,124,23,pedestrian,8.866,8.401,4.61,8.934,7.613,7.613,False
0016,124,13,pedestrian,20.667,19.935,10.183,28.307,18.53,18.53,False
0016,124,16,pedestrian,29.42,28.847,13.323,50.694,27.095,27.095,False
0016,124,19,pedestrian,10.916,10.232,0.0,12.056,9.942,9.942,True
0016,124,24,pedestrian,7.156,6.594,1.786,7.598,6.57,6.57,False
0016,124,20,pedestrian,11.351,10.687,0.0,12.811,10.746,10.746,True
0016,124,15,pedestrian,29.04,28.456,12.237,49.58,24.863,24.863,False
0016,124,27,pedestrian,9.086,8.451,0.0,9.848,8.473,8.473,True
0016,124,1,car,28.809,27.009,15.313,33.062,34.531,34.531,False
0016,124,21,pedestrian,10.201,9.501,0.368,11.45,9.018,9.018,True
0016,125,23,pedestrian,8.875,8.419,4.75,8.755,7.492,7.492,False
0016,125,13,pedestrian,20.522,19.791,10.18,28.477,18.974,18.974,False
0016,125,25,pedestrian,7.831,7.318,2.436,7.616,6.629,6.629,False
0016,125,27,pedestrian,8.971,8.339,0.079,9.649,8.304,8.304,True
0016,125,16,pedestrian,29.304,28.732,13.283,52.715,27.625,27.625,False
0016,125,20,pedestrian,11.303,10.639,0.0,12.679,10.545,10.545,True
0016,125,15,pedestrian,28.916,28.332,12.193,47.924,24.012,24.012,False
0016,125,19,pedestrian,10.824,10.141,0.0,11.933,10.017,10.017,True
0016,125,1,car,28.809,27.009,15.313,32.811,34.685,34.685,False
0016,125,26,pedestrian,8.596,8.136,3.032,8.467,7.463,7.463,False
0016,126,25,pedestrian,7.786,7.281,2.547,7.49,6.642,6.642,False
0016,126,23,pedestrian,8.886,8.436,4.89,8.692,7.388,7.388,False
0016,126,27,pedestrian,8.946,8.316,0.132,9.592,8.362,8.362,True
0016,126,13,pedestrian,20.377,19.646,10.176,27.746,18.924,18.924,False
0016,126,19,pedestrian,10.735,10.052,0.0,11.595,9.745,9.745,True
0016,126,16,pedestrian,29.177,28.605,13.247,52.744,26.972,26.972,False
0016,126,15,pedestrian,28.792,28.207,12.15,46.309,23.602,23.602,False
0016,126,1,car,28.809,27.009,15.313,24.097,23.958,23.958,False
0016,126,20,pedestrian,11.255,10.592,0.0,12.42,10.268,10.268,True
0016,126,10,cyclist,39.038,38.119,5.223,86.74,22.679,22.679,False
0016,126,14,cyclist,10.181,9.683,4.15,10.936,8.237,8.237,False
0016,127,25,pedestrian,7.743,7.246,2.657,7.328,6.42,6.42,False
0016,127,27,pedestrian,8.878,8.25,0.234,9.528,8.287,8.287,True
0016,127,23,pedestrian,8.902,8.451,5.03,8.64,7.491,7.491,False
0016,127,12,pedestrian,34.837,34.557,17.04,77.589,30.657,30.657,False
0016,127,13,pedestrian,20.236,19.505,10.179,27.403,18.47,18.47,False
0016,127,16,pedestrian,29.051,28.479,13.211,52.685,26.592,26.592,False
0016,127,19,pedestrian,10.645,9.963,0.0,11.594,9.651,9.651,True
0016,127,15,pedestrian,28.674,28.09,12.123,46.273,24.018,24.018,False
0016,127,20,pedestrian,11.208,10.545,0.0,12.697,10.296,10.296,True
0016,127,1,car,28.809,27.009,15.314,31.498,32.032,32.032,False
0016,127,26,pedestrian,8.531,8.087,3.253,8.323,7.375,7.375,False
0016,128,22,pedestrian,8.061,7.637,4.653,8.71,8.049,8.049,False
0016,128,12,pedestrian,34.835,34.555,17.043,82.285,30.657,30.657,False
0016,128,13,pedestrian,20.095,19.364,10.182,28.031,18.56,18.56,False
0016,128,25,pedestrian,7.702,7.214,2.767,7.346,6.376,6.376,False
0016,128,15,pedestrian,28.557,27.972,12.097,46.309,23.94,23.94,False
0016,128,27,pedestrian,8.812,8.186,0.337,9.597,8.246,8.246,True
0016,128,16,pedestrian,28.925,28.353,13.175,50.765,26.603,26.603,False
0016,128,19,pedestrian,10.557,9.876,0.0,11.707,9.614,9.614,True
0016,128,20,pedestrian,11.119,10.457,0.0,12.444,10.139,10.139,True
0016,129,12,pedestrian,34.834,34.554,17.046,81.994,30.981,30.981,False
0016,129,19,pedestrian,10.47,9.789,0.0,11.71,9.488,9.488,True
0016,129,15,pedestrian,28.439,27.854,12.078,46.482,24.056,24.056,False
0016,129,20,pedestrian,11.032,10.369,0.022,12.09,10.023,10.023,True
0016,129,16,pedestrian,28.799,28.226,13.138,52.774,27.656,27.656,False
0016,129,27,pedestrian,8.733,8.109,0.427,9.324,8.048,8.048,True
0016,129,13,pedestrian,19.955,19.224,10.185,27.486,18.149,18.149,False
0016,129,25,pedestrian,7.665,7.186,2.878,7.374,6.423,6.423,False
0016,129,0,car,31.1,29.049,18.272,33.742,36.437,36.437,False
0016,129,14,cyclist,10.044,9.667,4.999,9.756,8.761,8.761,False
0016,130,12,pedestrian,34.832,34.553,17.049,82.285,31.325,31.325,False
0016,130,21,pedestrian,9.696,9.013,0.895,9.296,8.072,8.072,True
0016,130,20,pedestrian,10.945,10.283,0.125,11.871,9.988,9.988,True
0016,130,15,pedestrian,28.32,27.735,12.06,44.849,24.284,24.284,False
0016,130,24,pedestrian,6.894,6.378,2.462,7.468,6.525,6.525,False
0016,130,19,pedestrian,10.383,9.703,0.0,11.49,9.528,9.528,True
0016,130,13,pedestrian,19.815,19.084,10.189,26.691,18.08,18.08,False
0016,130,16,pedestrian,28.673,28.1,13.102,49.036,29.381,29.381,False
0016,130,14,cyclist,10.02,9.652,5.283,12.038,9.167,9.167,False
0016,131,12,pedestrian,34.83,34.551,17.052,77.52,31.162,31.162,False
0016,131,24,pedestrian,6.852,6.349,2.636,7.608,6.713,6.713,False
0016,131,16,pedestrian,28.547,27.974,13.066,48.953,26.398,26.398,False
0016,131,20,pedestrian,10.859,10.198,0.228,11.871,9.838,9.838,True
0016,131,21,pedestrian,9.627,8.947,0.992,9.113,8.011,8.011,True
0016,131,15,pedestrian,28.202,27.617,12.041,46.482,23.683,23.683,False
0016,131,1,car,28.81,27.01,15.315,30.904,33.077,33.077,False
0016,131,19,pedestrian,10.297,9.618,0.0,11.199,9.603,9.603,True
0016,131,13,pedestrian,19.675,18.945,10.192,26.28,17.928,17.928,False
0016,131,3,car,36.839,35.207,0.0,48.346,34.393,34.393,True
0016,131,10,cyclist,36.064,35.142,5.159,53.141,37.405,37.405,False
0016,132,25,pedestrian,7.568,7.117,3.209,7.531,6.629,6.629,False
0016,132,15,pedestrian,28.078,27.492,12.007,46.482,25.19,25.19,False
0016,132,12,pedestrian,34.828,34.55,17.054,77.704,30.67,30.67,False
0016,132,16,pedestrian,28.421,27.848,13.03,49.008,26.172,26.172,False
0016,132,3,car,36.839,35.207,0.0,50.344,36.37,36.37,True
0016,132,27,pedestrian,8.503,7.887,0.697,8.996,7.919,7.919,True
0016,132,19,pedestrian,10.212,9.533,0.0,11.193,9.303,9.303,True
0016,132,13,pedestrian,19.536,18.806,10.195,25.813,17.747,17.747,False
0016,132,20,pedestrian,10.774,10.114,0.331,11.871,9.854,9.854,True
0016,132,10,cyclist,35.469,34.547,5.147,48.94,35.348,35.348,False
0016,132,1,car,28.81,27.01,15.315,32.946,34.531,34.531,False
0016,133,15,pedestrian,27.953,27.368,11.972,44.909,24.76,24.76,False
0016,133,24,pedestrian,6.854,6.359,2.764,7.736,6.563,6.563,False
0016,133,12,pedestrian,34.826,34.548,17.057,77.704,30.999,30.999,False
0016,133,16,pedestrian,28.295,27.722,12.994,49.175,25.83,25.83,False
0016,133,19,pedestrian,10.128,9.45,0.0,11.194,9.29,9.29,True
0016,133,3,car,36.839,35.207,0.0,41.741,31.029,31.029,True
0016,133,13,pedestrian,19.397,18.667,10.198,26.931,17.825,17.825,False
0016,133,27,pedestrian,8.43,7.818,0.788,9.006,7.836,7.836,True
0016,133,20,pedestrian,10.691,10.031,0.434,11.998,9.673,9.673,True
0016,133,10,cyclist,34.875,33.952,5.134,48.945,34.868,34.868,False
0016,134,12,pedestrian,34.825,34.547,17.06,77.383,31.332,31.332,False
0016,134,13,pedestrian,19.259,18.529,10.201,25.949,17.466,17.466,False
0016,134,15,pedestrian,27.828,27.243,11.938,44.969,24.343,24.343,False
0016,134,27,pedestrian,8.359,7.75,0.88,9.054,7.841,7.841,True
0016,134,25,pedestrian,7.517,7.087,3.429,7.385,6.607,6.607,False
0016,134,3,car,36.839,35.207,0.0,46.511,33.614,33.614,True
0016,134,21,pedestrian,9.409,8.741,1.295,9.116,7.866,7.866,False
0016,134,16,pedestrian,28.169,27.596,12.958,47.493,25.737,25.737,False
0016,134,20,pedestrian,10.609,9.95,0.537,11.89,9.783,9.783,True
0016,134,19,pedestrian,10.045,9.368,0.0,11.195,9.178,9.178,True
0016,134,10,cyclist,34.281,33.357,5.121,48.96,35.858,35.858,False
0016,135,15,pedestrian,27.704,27.119,11.903,44.873,23.818,23.818,False
0016,135,12,pedestrian,34.823,34.546,17.063,77.658,31.33,31.33,False
0016,135,13,pedestrian,19.121,18.392,10.204,26.234,17.752,17.752,False
0016,135,26,pedestrian,8.349,7.98,4.229,7.496,6.666,6.666,False
0016,135,3,car,36.839,35.207,0.0,44.799,32.867,32.867,True
0016,135,16,pedestrian,28.043,27.469,12.922,47.412,25.739,25.739,False
0016,135,20,pedestrian,10.528,9.869,0.64,11.634,9.754,9.754,True
0016,135,21,pedestrian,9.348,8.684,1.383,9.131,7.894,7.894,False
0016,135,24,pedestrian,6.82,6.346,3.034,7.462,6.6,6.6,False
0016,135,19,pedestrian,9.963,9.287,0.0,10.814,8.971,8.971,True
0016,135,0,car,31.096,29.047,18.267,33.898,36.205,36.205,False
0016,135,2,car,27.857,25.894,12.763,33.353,33.79,33.79,False
0016,136,15,pedestrian,27.583,26.997,11.877,44.945,24.029,24.029,False
0016,136,13,pedestrian,18.984,18.255,10.207,25.939,17.618,17.618,False
0016,136,3,car,36.839,35.207,0.0,46.526,34.134,34.134,True
0016,136,12,pedestrian,34.821,34.544,17.066,77.658,32.018,32.018,False
0016,136,25,pedestrian,7.478,7.068,3.65,7.658,6.726,6.726,False
0016,136,16,pedestrian,27.917,27.343,12.885,47.466,25.746,25.746,False
0016,136,27,pedestrian,8.247,7.645,1.084,8.946,7.56,7.56,True
0016,136,20,pedestrian,10.448,9.79,0.742,11.53,9.6,9.6,True
0016,136,19,pedestrian,9.884,9.21,0.039,10.747,9.078,9.078,True
0016,136,2,car,27.857,25.894,12.763,32.95,33.913,33.913,False
0016,136,10,cyclist,33.093,32.169,5.096,45.379,31.451,31.451,False
0016,137,24,pedestrian,6.802,6.352,3.304,7.742,6.928,6.928,False
0016,137,19,pedestrian,9.806,9.134,0.125,10.574,8.924,8.924,True
0016,137,27,pedestrian,8.206,7.608,1.196,8.774,7.542,7.542,True
0016,137,12,pedestrian,34.819,34.543,17.069,77.383,32.014,32.014,False
0016,137,13,pedestrian,18.847,18.118,10.21,25.51,17.127,17.127,False
0016,137,15,pedestrian,27.462,26.876,11.851,49.989,25.234,25.234,False
0016,137,3,car,36.839,35.207,0.0,46.517,34.399,34.399,True
0016,137,20,pedestrian,10.369,9.712,0.845,11.638,9.664,9.664,True
0016,137,16,pedestrian,27.791,27.217,12.849,47.533,26.095,26.095,False
0016,137,2,car,27.857,25.894,12.763,32.941,34.6,34.6,False
0016,137,21,pedestrian,9.229,8.573,1.559,9.49,7.989,7.989,False
0016,138,13,pedestrian,18.71,17.982,10.213,25.591,16.949,16.949,False
0016,138,25,pedestrian,7.45,7.062,3.871,8.004,7.081,7.081,False
0016,138,19,pedestrian,9.728,9.059,0.211,10.576,8.775,8.775,True
0016,138,16,pedestrian,27.665,27.091,12.813,47.506,25.33,25.33,False
0016,138,15,pedestrian,27.351,26.765,11.849,43.634,24.296,24.296,False
0016,138,12,pedestrian,34.818,34.542,17.072,77.704,30.987,30.987,False
0016,138,20,pedestrian,10.292,9.636,0.948,11.537,9.477,9.477,True
0016,138,27,pedestrian,8.167,7.574,1.308,8.774,7.515,7.515,False
0016,138,2,car,27.857,25.894,12.763,32.95,34.348,34.348,False
0016,138,10,cyclist,31.907,30.981,5.07,42.34,30.539,30.539,False
0016,139,25,pedestrian,7.44,7.062,3.981,7.634,6.996,6.996,False
0016,139,16,pedestrian,27.54,26.965,12.777,45.961,24.914,24.914,False
0016,139,12,pedestrian,34.816,34.54,17.075,86.916,30.978,30.978,False
0016,139,15,pedestrian,27.239,26.654,11.847,43.646,23.902,23.902,False
0016,139,19,pedestrian,9.652,8.985,0.297,10.586,8.667,8.667,True
0016,139,13,pedestrian,18.574,17.847,10.216,24.694,16.649,16.649,False
0016,139,27,pedestrian,8.133,7.545,1.423,8.732,7.539,7.539,False
0016,139,20,pedestrian,10.221,9.567,1.038,11.292,9.328,9.328,True
0016,139,2,car,27.857,25.894,12.763,32.627,34.144,34.144,False
0016,139,1,car,28.811,27.01,15.318,33.307,34.685,34.685,False
0016,140,25,pedestrian,7.434,7.061,4.091,8.055,7.007,7.007,False
0016,140,12,pedestrian,34.814,34.539,17.078,87.173,31.311,31.311,False
0016,140,13,pedestrian,18.443,17.715,10.219,24.415,16.637,16.637,False
0016,140,16,pedestrian,27.414,26.839,12.741,44.502,24.822,24.822,False
0016,140,15,pedestrian,27.128,26.543,11.846,43.646,21.976,21.976,False
0016,140,20,pedestrian,10.152,9.499,1.127,11.285,9.417,9.417,True
0016,140,1,car,28.811,27.01,15.318,33.264,35.042,35.042,False
0016,140,19,pedestrian,9.576,8.912,0.383,10.566,8.681,8.681,True
0016,140,2,car,27.857,25.894,12.763,33.285,34.144,34.144,False
0016,140,21,pedestrian,9.08,8.437,1.791,8.63,7.46,7.46,False
0016,141,13,pedestrian,18.311,17.585,10.222,24.572,16.774,16.774,False
0016,141,15,pedestrian,27.018,26.432,11.844,43.789,23.658,23.658,False
0016,141,16,pedestrian,27.291,26.716,12.72,45.974,25.276,25.276,False
0016,141,12,pedestrian,34.812,34.538,17.081,86.916,31.656,31.656,False
0016,141,20,pedestrian,10.084,9.432,1.216,11.026,9.245,9.245,False
0016,141,27,pedestrian,7.968,7.392,1.657,8.654,7.339,7.339,False
0016,141,1,car,28.811,27.01,15.318,33.994,35.042,35.042,False
0016,141,2,car,27.857,25.894,12.763,33.121,34.144,34.144,False
0016,141,19,pedestrian,9.502,8.841,0.469,10.54,8.64,8.64,True
0016,141,24,pedestrian,6.825,6.412,3.755,7.985,7.242,7.242,False
0016,141,10,cyclist,30.111,29.185,5.034,40.977,32.338,32.338,False
0016,142,15,pedestrian,26.907,26.321,11.842,43.813,24.103,24.103,False
0016,142,13,pedestrian,18.18,17.454,10.218,23.909,16.427,16.427,False
0016,142,27,pedestrian,7.916,7.344,1.733,8.451,7.379,7.379,False
0016,142,16,pedestrian,27.168,26.593,12.7,44.783,24.949,24.949,False
0016,142,12,pedestrian,34.81,34.536,17.084,86.916,31.659,31.659,False
0016,142,20,pedestrian,10.017,9.367,1.305,10.923,9.133,9.133,False
0016,142,19,pedestrian,9.428,8.77,0.555,10.23,8.625,8.625,True
0016,142,1,car,28.811,27.01,15.319,33.609,35.042,35.042,False
0016,142,2,car,27.857,25.894,12.764,32.627,34.144,34.144,False
0016,142,10,cyclist,29.513,28.587,5.022,39.712,30.072,30.072,False
0016,143,15,pedestrian,26.796,26.21,11.84,42.593,23.922,23.922,False
0016,143,27,pedestrian,7.866,7.298,1.808,8.406,7.326,7.326,False
0016,143,12,pedestrian,34.809,34.535,17.087,81.994,30.992,30.992,False
0016,143,19,pedestrian,9.342,8.688,0.66,10.164,8.542,8.542,True
0016,143,16,pedestrian,27.046,26.47,12.68,43.319,24.346,24.346,False
0016,143,13,pedestrian,18.05,17.324,10.214,23.925,16.363,16.363,False
0016,143,1,car,28.811,27.01,15.319,33.168,35.27,35.27,False
0016,143,2,car,27.857,25.894,12.764,33.207,34.144,34.144,False
0016,143,10,cyclist,28.916,27.989,5.01,37.363,29.574,29.574,False
0016,143,20,pedestrian,9.951,9.302,1.394,10.929,8.98,8.98,False
0016,144,12,pedestrian,34.807,34.534,17.087,81.994,30.668,30.668,False
0016,144,15,pedestrian,26.686,26.099,11.838,41.392,23.732,23.732,False
0016,144,13,pedestrian,17.92,17.194,10.209,23.956,16.459,16.459,False
0016,144,16,pedestrian,26.923,26.347,12.66,43.382,24.686,24.686,False
0016,144,19,pedestrian,9.278,8.627,0.742,10.165,8.497,8.497,True
0016,144,1,car,28.811,27.01,15.319,33.19,35.27,35.27,False
0016,144,3,car,36.839,35.206,0.0,50.348,36.072,36.072,True
0016,144,2,car,27.857,25.894,12.764,32.609,34.144,34.144,False
0016,144,27,pedestrian,7.817,7.254,1.884,8.619,7.451,7.451,False
0016,144,10,cyclist,28.319,27.392,4.998,36.303,28.757,28.757,False
0016,145,12,pedestrian,34.805,34.532,17.086,82.115,30.992,30.992,False
0016,145,27,pedestrian,7.769,7.21,1.959,8.531,7.301,7.301,False
0016,145,13,pedestrian,17.79,17.065,10.205,23.583,16.342,16.342,False
0016,145,15,pedestrian,26.575,25.989,11.836,42.593,24.171,24.171,False
0016,145,16,pedestrian,26.801,26.225,12.639,44.655,24.203,24.203,False
0016,145,3,car,36.839,35.206,0.0,41.748,30.601,30.601,True
0016,145,1,car,28.812,27.01,15.32,33.179,35.27,35.27,False
0016,145,2,car,27.857,25.894,12.764,32.618,34.119,34.119,False
0016,145,19,pedestrian,9.202,8.555,0.843,10.222,8.462,8.462,True
0016,145,20,pedestrian,9.822,9.177,1.573,10.976,9.129,9.129,False
0016,146,12,pedestrian,34.804,34.531,17.085,81.994,30.983,30.983,False
0016,146,13,pedestrian,17.661,16.936,10.2,23.609,16.264,16.264,False
0016,146,15,pedestrian,26.465,25.878,11.834,45.411,24.824,24.824,False
0016,146,20,pedestrian,9.759,9.116,1.662,10.893,9.095,9.095,False
0016,146,3,car,36.839,35.206,0.0,41.741,30.815,30.815,True
0016,146,27,pedestrian,7.738,7.186,2.067,8.435,7.383,7.383,False
0016,146,16,pedestrian,26.678,26.102,12.619,43.294,24.636,24.636,False
0016,146,19,pedestrian,9.127,8.485,0.944,9.965,8.289,8.289,True
0016,146,1,car,28.812,27.01,15.32,33.084,35.27,35.27,False
0016,146,2,car,27.857,25.894,12.764,32.792,34.373,34.373,False
0016,147,13,pedestrian,17.532,16.808,10.196,22.907,15.995,15.995,False
0016,147,15,pedestrian,26.355,25.768,11.833,42.7,24.335,24.335,False
0016,147,12,pedestrian,34.802,34.53,17.085,99.186,33.674,33.674,False
0016,147,16,pedestrian,26.557,25.98,12.601,42.064,24.034,24.034,False
0016,147,27,pedestrian,7.71,7.165,2.175,8.328,7.256,7.256,False
0016,147,20,pedestrian,9.698,9.057,1.751,10.726,8.932,8.932,False
0016,147,1,car,28.812,27.01,15.32,33.179,35.27,35.27,False
0016,147,19,pedestrian,9.054,8.416,1.045,9.709,8.202,8.202,True
0016,147,2,car,27.857,25.894,12.764,32.737,34.373,34.373,False
0016,148,13,pedestrian,17.386,16.663,10.192,22.683,15.539,15.539,False
0016,148,15,pedestrian,26.245,25.658,11.831,41.507,23.645,23.645,False
0016,148,16,pedestrian,26.435,25.859,12.583,42.137,23.873,23.873,False
0016,148,27,pedestrian,7.684,7.145,2.282,8.234,7.197,7.197,False
0016,148,19,pedestrian,8.983,8.35,1.146,9.77,8.285,8.285,True
0016,148,12,pedestrian,34.801,34.529,17.084,106.775,34.279,34.279,False
0016,148,1,car,28.812,27.01,15.32,33.318,35.27,35.27,False
0016,148,2,car,27.857,25.894,12.764,32.627,34.144,34.144,False
0016,148,20,pedestrian,9.637,8.999,1.84,10.733,8.849,8.849,False
0016,149,15,pedestrian,26.134,25.546,11.826,40.453,24.113,24.113,False
0016,149,19,pedestrian,8.912,8.285,1.248,9.983,8.328,8.328,False
0016,149,16,pedestrian,26.314,25.737,12.565,42.186,24.303,24.303,False
0016,149,12,pedestrian,34.799,34.527,17.083,107.027,33.87,33.87,False
0016,149,13,pedestrian,17.242,16.519,10.188,22.608,15.355,15.355,False
0016,149,27,pedestrian,7.64,7.108,2.376,8.221,7.148,7.148,False
0016,149,1,car,28.812,27.01,15.321,33.168,35.27,35.27,False
0016,149,2,car,27.857,25.894,12.764,32.591,34.368,34.368,False
0016,149,20,pedestrian,9.574,8.938,1.929,10.641,8.812,8.812,False
0017,0,1,pedestrian,6.072,5.607,0.878,6.769,6.097,6.097,True
0017,0,5,pedestrian,22.243,21.826,3.085,61.09,21.938,21.938,False
0017,0,0,pedestrian,6.872,6.401,0.384,7.742,6.488,6.488,True
0017,0,6,pedestrian,26.243,25.844,2.325,92.663,22.971,22.971,False
0017,0,7,pedestrian,25.972,25.705,1.594,119.48,27.85,27.85,False
0017,0,8,pedestrian,25.086,24.725,0.798,92.255,24.433,24.433,True
0017,1,5,pedestrian,22.071,21.653,3.018,55.548,21.651,21.651,False
0017,1,1,pedestrian,6.011,5.544,0.782,6.673,6.09,6.09,True
0017,1,8,pedestrian,24.965,24.598,0.81,92.282,24.669,24.669,True
0017,1,0,pedestrian,6.785,6.314,0.269,7.743,6.461,6.461,True
0017,1,7,pedestrian,25.815,25.55,1.59,119.515,27.103,27.103,False
0017,2,1,pedestrian,5.932,5.465,0.659,6.673,6.029,6.029,True
0017,2,0,pedestrian,6.699,6.229,0.154,7.745,6.372,6.372,True
0017,2,5,pedestrian,21.899,21.48,2.951,55.503,22.027,22.027,False
0017,2,8,pedestrian,24.819,24.453,0.789,92.277,24.434,24.434,True
0017,2,7,pedestrian,25.66,25.397,1.587,119.497,26.253,26.253,False
0017,3,0,pedestrian,6.615,6.146,0.039,7.221,6.057,6.057,True
0017,3,8,pedestrian,24.673,24.307,0.769,85.794,25.039,25.039,True
0017,3,1,pedestrian,5.855,5.388,0.536,6.597,5.831,5.831,True
0017,3,5,pedestrian,21.726,21.307,2.884,109.801,27.182,27.182,False
0017,3,6,pedestrian,25.83,25.427,2.32,,35.586,35.586,False
0017,4,0,pedestrian,6.532,6.065,0.0,7.385,6.218,6.218,True
0017,4,1,pedestrian,5.779,5.313,0.413,6.437,5.731,5.731,True
0017,4,6,pedestrian,25.615,25.208,2.303,100.223,22.974,22.974,False
0017,5,0,pedestrian,6.452,5.986,0.0,6.962,6.047,6.047,True
0017,5,1,pedestrian,5.722,5.255,0.314,6.443,5.828,5.828,True
0017,5,6,pedestrian,25.4,24.99,2.287,86.159,21.975,21.975,False
0017,5,7,pedestrian,25.192,24.927,1.576,,31.909,31.909,False
0017,6,0,pedestrian,6.413,5.95,0.0,6.963,5.966,5.966,True
0017,6,7,pedestrian,25.036,24.769,1.572,100.024,25.465,25.465,False
0017,6,1,pedestrian,5.665,5.199,0.214,6.316,5.791,5.791,True
0017,6,5,pedestrian,21.21,20.789,2.683,133.634,26.201,26.201,False
0017,7,1,pedestrian,5.582,5.112,0.086,6.306,5.773,5.773,True
0017,7,5,pedestrian,21.072,20.652,2.624,53.088,20.484,20.484,False
0017,7,7,pedestrian,24.869,24.599,1.557,92.452,25.208,25.208,False
0017,7,0,pedestrian,6.375,5.915,0.0,6.963,5.889,5.889,True
0017,7,8,pedestrian,24.105,23.74,0.681,108.739,28.593,28.593,True
0017,8,0,pedestrian,6.34,5.884,0.0,6.923,5.833,5.833,True
0017,8,5,pedestrian,20.934,20.515,2.564,48.856,20.81,20.81,False
0017,8,1,pedestrian,5.5,5.029,0.0,6.365,5.761,5.761,True
0017,8,6,pedestrian,24.943,24.547,2.308,,26.193,26.193,False
0017,8,8,pedestrian,23.976,23.61,0.653,85.777,26.483,26.483,True
0017,9,0,pedestrian,6.308,5.854,0.0,6.9,5.809,5.809,True
0017,9,5,pedestrian,20.797,20.378,2.504,48.806,20.305,20.305,False
0017,9,6,pedestrian,24.823,24.435,2.31,80.567,21.701,21.701,False
0017,9,2,pedestrian,8.428,7.923,3.18,9.839,7.98,7.98,False
0017,9,8,pedestrian,23.847,23.479,0.626,75.204,25.031,25.031,True
0017,9,1,pedestrian,5.422,4.949,0.0,6.251,5.611,5.611,True
0017,10,0,pedestrian,6.277,5.828,0.0,6.789,5.852,5.852,True
0017,10,5,pedestrian,20.656,20.239,2.443,48.856,19.98,19.98,False
0017,10,1,pedestrian,5.346,4.871,0.0,,,,True
0017,10,2,pedestrian,8.298,7.795,3.028,9.705,7.76,7.76,False
0017,10,6,pedestrian,24.702,24.324,2.314,80.585,21.799,21.799,False
0017,10,7,pedestrian,24.369,24.089,1.512,119.576,27.102,27.102,False
0017,11,7,pedestrian,24.203,23.919,1.497,85.944,24.714,24.714,False
0017,11,5,pedestrian,20.522,20.105,2.385,48.801,19.974,19.974,False
0017,11,6,pedestrian,24.582,24.209,2.317,80.628,21.254,21.254,False
0017,11,2,pedestrian,8.17,7.67,2.875,9.479,7.517,7.517,False
0017,11,1,pedestrian,5.271,4.797,0.0,,,,True
0017,11,0,pedestrian,6.202,5.75,0.0,6.524,5.601,5.601,True
0017,11,8,pedestrian,23.589,23.219,0.572,,30.31,30.31,True
0017,11,9,cyclist,28.214,27.399,3.931,,25.978,25.978,False
0017,12,2,pedestrian,8.043,7.545,2.723,9.246,7.469,7.469,False
0017,12,6,pedestrian,24.39,24.018,2.311,80.567,20.903,20.903,False
0017,12,7,pedestrian,24.034,23.75,1.482,80.291,24.006,24.006,False
0017,12,8,pedestrian,23.434,23.065,0.553,99.798,26.763,26.763,True
0017,12,5,pedestrian,20.303,19.885,2.308,50.824,20.961,20.961,False
0017,12,1,pedestrian,5.198,4.726,0.0,,,,True
0017,12,0,pedestrian,6.108,5.653,0.0,6.526,5.643,5.643,True
0017,12,9,cyclist,28.015,27.186,4.036,149.938,25.998,25.998,False
0017,13,2,pedestrian,7.917,7.423,2.57,9.152,7.554,7.554,False
0017,13,7,pedestrian,23.866,23.582,1.467,71.006,23.232,23.232,False
0017,13,6,pedestrian,24.199,23.826,2.305,75.605,20.563,20.563,False
0017,13,0,pedestrian,6.015,5.558,0.062,6.525,5.571,5.571,True
0017,13,5,pedestrian,20.084,19.666,2.232,45.177,20.122,20.122,False
0017,13,8,pedestrian,23.278,22.911,0.535,75.196,24.663,24.663,True
0017,13,1,pedestrian,5.127,4.657,0.0,,,,True
0017,14,5,pedestrian,19.865,19.446,2.155,45.169,19.27,19.27,False
0017,14,2,pedestrian,7.834,7.34,2.433,8.813,7.371,7.371,False
0017,14,0,pedestrian,5.924,5.465,0.157,6.406,5.512,5.512,True
0017,14,7,pedestrian,23.697,23.413,1.452,75.36,24.356,24.356,False
0017,14,1,pedestrian,5.058,4.59,0.0,,,,True
0017,14,6,pedestrian,24.007,23.634,2.299,75.645,21.526,21.526,False
0017,14,8,pedestrian,23.122,22.757,0.517,70.826,23.51,23.51,True
0017,15,2,pedestrian,7.752,7.259,2.296,8.719,7.212,7.212,False
0017,15,0,pedestrian,5.835,5.374,0.252,6.504,5.608,5.608,True
0017,15,1,pedestrian,5.024,4.558,0.0,6.261,5.556,5.556,True
0017,15,5,pedestrian,19.647,19.226,2.079,45.177,19.05,19.05,False
0017,15,7,pedestrian,23.529,23.245,1.437,75.392,23.894,23.894,False
0017,15,8,pedestrian,22.966,22.603,0.498,75.198,23.293,23.293,True
0017,15,6,pedestrian,23.816,23.442,2.293,,29.41,29.41,False
0017,16,1,pedestrian,4.991,4.527,0.0,6.314,5.673,5.673,True
0017,16,2,pedestrian,7.672,7.18,2.159,8.875,7.174,7.174,False
0017,16,5,pedestrian,19.428,19.007,2.002,42.024,18.972,18.972,False
0017,16,0,pedestrian,5.748,5.285,0.348,,,,True
0017,16,8,pedestrian,22.81,22.45,0.48,70.831,24.304,24.304,True
0017,16,7,pedestrian,23.36,23.076,1.421,70.988,23.126,23.126,False
0017,17,2,pedestrian,7.575,7.085,2.01,8.799,7.05,7.05,False
0017,17,1,pedestrian,4.959,4.496,0.0,,,,True
0017,17,0,pedestrian,5.662,5.199,0.444,6.4,5.577,5.577,True
0017,17,5,pedestrian,19.332,18.909,1.941,40.609,18.755,18.755,False
0017,17,7,pedestrian,23.219,22.938,1.397,67.112,23.45,23.45,False
0017,17,8,pedestrian,22.667,22.301,0.441,66.934,23.731,23.731,True
0017,17,3,pedestrian,7.053,6.554,2.322,8.497,6.534,6.534,False
0017,18,2,pedestrian,7.481,6.992,1.861,8.79,7.102,7.102,False
0017,18,5,pedestrian,19.235,18.812,1.88,40.615,18.889,18.889,False
0017,18,1,pedestrian,4.901,4.439,0.07,6.307,5.659,5.659,True
0017,18,7,pedestrian,23.078,22.799,1.372,71.006,24.008,24.008,False
0017,18,0,pedestrian,5.579,5.114,0.54,6.433,5.528,5.528,True
0017,18,3,pedestrian,6.963,6.464,2.208,8.119,6.344,6.344,False
0017,18,8,pedestrian,22.524,22.153,0.402,66.926,23.731,23.731,True
0017,18,4,pedestrian,5.182,4.802,2.772,8.135,7.162,7.162,False
0017,18,9,cyclist,26.672,25.871,4.423,110.262,25.957,25.957,False
0017,19,2,pedestrian,7.388,6.901,1.712,8.657,7.136,7.136,False
0017,19,3,pedestrian,6.875,6.375,2.093,7.743,6.178,6.178,False
0017,19,5,pedestrian,19.139,18.715,1.819,39.309,18.745,18.745,False
0017,19,7,pedestrian,22.937,22.661,1.347,70.984,24.472,24.472,False
0017,19,1,pedestrian,4.844,4.383,0.174,,,,True
0017,19,0,pedestrian,5.498,5.031,0.637,6.4,5.468,5.468,True
0017,19,8,pedestrian,22.381,22.005,0.363,63.45,24.901,24.901,True
0017,19,9,cyclist,26.44,25.652,4.487,110.339,25.337,25.337,False
0017,20,1,pedestrian,4.793,4.333,0.273,6.339,5.6,5.6,True
0017,20,2,pedestrian,7.298,6.813,1.563,8.584,6.935,6.935,False
0017,20,5,pedestrian,19.043,18.617,1.758,39.321,18.199,18.199,False
0017,20,3,pedestrian,6.787,6.288,1.978,7.689,6.179,6.179,False
0017,20,0,pedestrian,5.419,4.951,0.734,6.439,5.472,5.472,True
0017,20,7,pedestrian,22.796,22.522,1.323,70.991,23.125,23.125,False
0017,20,8,pedestrian,22.238,21.857,0.324,63.454,23.954,23.954,True
0017,21,1,pedestrian,4.725,4.267,0.366,,,,True
0017,21,5,pedestrian,18.947,18.52,1.697,43.472,18.872,18.872,False
0017,21,7,pedestrian,22.654,22.384,1.298,67.062,22.704,22.704,False
0017,21,3,pedestrian,6.701,6.202,1.864,7.625,6.132,6.132,False
0017,21,8,pedestrian,22.095,21.71,0.286,60.321,23.395,23.395,True
0017,21,0,pedestrian,5.37,4.923,0.815,6.545,5.566,5.566,True
0017,21,2,pedestrian,7.21,6.727,1.414,9.628,7.512,7.512,False
0017,21,6,pedestrian,22.935,22.521,2.083,86.177,24.308,24.308,False
0017,21,4,pedestrian,5.339,4.96,2.459,7.475,6.654,6.654,False
0017,22,1,pedestrian,4.659,4.205,0.458,,,,True
0017,22,2,pedestrian,7.129,6.644,1.273,7.986,6.613,6.613,False
0017,22,4,pedestrian,5.4,5.022,2.356,7.415,6.688,6.688,False
0017,22,8,pedestrian,21.95,21.565,0.273,66.937,24.416,24.416,True
0017,22,3,pedestrian,6.631,6.131,1.759,7.625,6.033,6.033,False
0017,22,0,pedestrian,5.324,4.903,0.9,,,,True
0017,22,7,pedestrian,22.502,22.229,1.288,63.606,22.6,22.6,False
0017,22,5,pedestrian,18.76,18.334,1.635,39.309,18.659,18.659,False
0017,23,2,pedestrian,7.05,6.563,1.133,8.172,6.851,6.851,True
0017,23,3,pedestrian,6.561,6.062,1.655,7.572,5.939,5.939,False
0017,23,4,pedestrian,5.466,5.09,2.254,,,,False
0017,23,5,pedestrian,18.574,18.148,1.572,36.916,18.058,18.058,False
0017,23,8,pedestrian,21.805,21.421,0.26,63.45,23.837,23.837,True
0017,23,0,pedestrian,5.28,4.891,0.988,,,,True
0017,23,7,pedestrian,22.349,22.074,1.279,67.072,23.772,23.772,False
0017,23,1,pedestrian,4.595,4.145,0.55,,,,True
0017,23,9,cyclist,25.758,25.094,4.904,110.913,25.222,25.222,False
0017,24,3,pedestrian,6.486,5.987,1.542,7.606,5.896,5.896,False
0017,24,2,pedestrian,6.974,6.485,0.994,7.788,6.675,6.675,True
0017,24,5,pedestrian,18.387,17.961,1.509,36.896,18.053,18.053,False
0017,24,4,pedestrian,5.546,5.128,2.146,,,,False
0017,24,7,pedestrian,22.196,21.918,1.269,63.591,22.701,22.701,False
0017,24,8,pedestrian,21.66,21.276,0.247,60.313,23.613,23.613,True
0017,24,1,pedestrian,4.534,4.088,0.642,6.626,5.672,5.672,True
0017,25,3,pedestrian,6.426,5.927,1.446,7.689,6.041,6.041,False
0017,25,2,pedestrian,6.899,6.409,0.855,7.79,6.586,6.586,True
0017,25,5,pedestrian,18.201,17.775,1.446,36.893,17.189,17.189,False
0017,25,7,pedestrian,22.044,21.763,1.26,60.46,22.108,22.108,False
0017,25,8,pedestrian,21.515,21.131,0.234,60.311,23.394,23.394,True
0017,25,4,pedestrian,5.632,5.177,2.042,,,,False
0017,25,1,pedestrian,4.476,4.034,0.735,6.46,5.583,5.583,True
0017,25,0,pedestrian,5.197,4.798,1.194,6.576,5.627,5.627,True
0017,26,2,pedestrian,6.827,6.335,0.716,7.793,6.452,6.452,True
0017,26,3,pedestrian,6.36,5.861,1.341,7.156,5.797,5.797,False
0017,26,4,pedestrian,5.675,5.238,1.922,,,,False
0017,26,5,pedestrian,18.015,17.589,1.384,35.806,18.041,18.041,False
0017,26,8,pedestrian,21.37,20.986,0.222,60.307,23.501,23.501,True
0017,26,0,pedestrian,5.16,4.756,1.298,6.74,5.695,5.695,False
0017,26,1,pedestrian,4.428,3.992,0.815,6.477,5.634,5.634,True
0017,26,7,pedestrian,21.893,21.61,1.225,60.423,22.303,22.303,False
0017,27,3,pedestrian,6.252,5.753,1.214,7.104,5.727,5.727,False
0017,27,8,pedestrian,21.251,20.866,0.168,54.885,22.552,22.552,True
0017,27,5,pedestrian,17.879,17.454,1.313,34.745,18.167,18.167,False
0017,27,2,pedestrian,6.723,6.231,0.577,7.735,6.395,6.395,True
0017,27,4,pedestrian,5.72,5.304,1.806,,,,False
0017,27,7,pedestrian,21.725,21.444,1.213,55.0,21.726,21.726,False
0017,27,0,pedestrian,5.125,4.718,1.403,6.633,5.733,5.733,False
0017,27,1,pedestrian,4.382,3.952,0.895,6.523,5.73,5.73,True
0017,28,2,pedestrian,6.621,6.13,0.438,7.731,6.484,6.484,True
0017,28,3,pedestrian,6.145,5.647,1.087,7.122,5.677,5.677,True
0017,28,5,pedestrian,17.743,17.319,1.242,33.802,17.531,17.531,False
0017,28,8,pedestrian,21.132,20.746,0.113,54.878,22.653,22.653,True
0017,28,4,pedestrian,5.792,5.394,1.644,6.872,5.933,5.933,False
0017,28,6,pedestrian,21.82,21.425,1.82,34.766,15.495,15.495,False
0017,28,1,pedestrian,4.338,3.915,0.975,6.568,5.816,5.816,True
0017,28,7,pedestrian,21.556,21.279,1.2,60.434,22.3,22.3,True
0017,29,2,pedestrian,6.521,6.032,0.299,7.365,6.301,6.301,True
0017,29,4,pedestrian,5.871,5.492,1.486,6.55,5.851,5.851,False
0017,29,3,pedestrian,6.041,5.543,0.96,6.747,5.394,5.394,True
0017,29,5,pedestrian,17.608,17.185,1.171,33.786,17.345,17.345,True
0017,29,8,pedestrian,21.013,20.627,0.059,52.511,22.251,22.251,True
0017,29,0,pedestrian,5.064,4.649,1.615,6.963,6.014,6.014,False
0017,30,3,pedestrian,5.938,5.441,0.833,6.898,5.594,5.594,True
0017,30,2,pedestrian,6.424,5.936,0.161,7.267,6.267,6.267,True
0017,30,8,pedestrian,20.894,20.508,0.005,52.517,22.25,22.25,True
0017,30,4,pedestrian,5.957,5.597,1.331,6.893,6.324,6.324,False
0017,30,7,pedestrian,21.219,20.948,1.175,63.579,22.501,22.501,True
0017,30,0,pedestrian,5.038,4.619,1.722,7.044,5.985,5.985,False
0017,31,4,pedestrian,6.02,5.614,1.172,6.958,6.577,6.577,True
0017,31,3,pedestrian,5.837,5.341,0.706,6.526,5.484,5.484,True
0017,31,8,pedestrian,20.776,20.388,0.0,50.347,21.863,21.863,True
0017,31,2,pedestrian,6.33,5.842,0.022,7.221,6.159,6.159,True
0017,31,1,pedestrian,4.219,3.818,1.22,,,,False
0017,31,0,pedestrian,5.014,4.601,1.802,6.938,5.919,5.919,False
0017,32,2,pedestrian,6.246,5.757,0.0,6.935,5.862,5.862,True
0017,32,3,pedestrian,5.744,5.249,0.586,6.414,5.346,5.346,True
0017,32,4,pedestrian,6.089,5.643,1.017,6.928,6.28,6.28,True
0017,32,8,pedestrian,20.641,20.254,0.0,52.512,22.249,22.249,True
0017,32,1,pedestrian,4.183,3.79,1.304,,,,False
0017,32,0,pedestrian,4.991,4.584,1.883,7.126,5.93,5.93,False
0017,32,6,pedestrian,21.13,20.758,1.746,,25.783,25.783,False
0017,33,2,pedestrian,6.164,5.674,0.0,6.923,6.033,6.033,True
0017,33,6,pedestrian,20.929,20.557,1.711,50.58,17.915,17.915,False
0017,33,3,pedestrian,5.653,5.159,0.466,6.679,5.41,5.41,True
0017,33,8,pedestrian,20.507,20.119,0.0,50.345,22.053,22.053,True
0017,33,1,pedestrian,4.151,3.766,1.389,6.907,6.172,6.172,False
0017,33,0,pedestrian,4.971,4.571,1.964,7.299,6.105,6.105,False
0017,33,4,pedestrian,6.163,5.684,0.865,6.902,6.234,6.234,True
0017,34,5,pedestrian,16.775,16.356,0.876,31.19,16.21,16.21,True
0017,34,3,pedestrian,5.563,5.072,0.346,6.515,5.266,5.266,True
0017,34,2,pedestrian,6.084,5.594,0.0,6.552,5.821,5.821,True
0017,34,6,pedestrian,20.728,20.353,1.676,52.747,17.785,17.785,False
0017,34,4,pedestrian,6.243,5.736,0.717,6.944,6.308,6.308,True
0017,34,8,pedestrian,20.372,19.984,0.0,119.201,29.233,29.233,True
0017,34,0,pedestrian,4.953,4.559,2.045,6.865,6.23,6.23,False
0017,35,5,pedestrian,16.588,16.17,0.825,30.393,16.001,16.001,True
0017,35,2,pedestrian,6.006,5.516,0.0,6.516,5.763,5.763,True
0017,35,6,pedestrian,20.526,20.149,1.64,50.58,17.665,17.665,False
0017,35,3,pedestrian,5.476,4.986,0.226,6.441,5.235,5.235,True
0017,35,4,pedestrian,6.256,5.745,0.576,7.003,6.519,6.519,True
0017,35,0,pedestrian,4.925,4.539,2.146,,,,False
0017,36,5,pedestrian,16.401,15.984,0.774,30.375,16.151,16.151,True
0017,36,4,pedestrian,6.327,5.897,0.374,7.104,6.63,6.63,True
0017,36,3,pedestrian,5.391,4.903,0.107,6.336,5.324,5.324,True
0017,36,2,pedestrian,5.93,5.44,0.0,6.591,5.728,5.728,True
0017,36,6,pedestrian,20.325,19.944,1.605,46.721,17.909,17.909,False
0017,36,0,pedestrian,4.9,4.523,2.247,7.264,6.222,6.222,False
0017,37,5,pedestrian,16.203,15.784,0.706,28.927,16.147,16.147,True
0017,37,3,pedestrian,5.315,4.827,0.0,6.303,5.279,5.279,True
0017,37,2,pedestrian,5.851,5.364,0.0,6.556,5.666,5.666,True
0017,37,4,pedestrian,6.403,6.091,0.226,7.013,6.363,6.363,True
0017,37,8,pedestrian,19.956,19.57,0.0,54.872,23.064,23.064,True
0017,37,1,pedestrian,4.051,3.703,1.728,7.512,6.323,6.323,False
0017,38,2,pedestrian,5.774,5.291,0.0,6.512,5.675,5.675,True
0017,38,3,pedestrian,5.242,4.754,0.0,6.319,5.174,5.174,True
0017,38,1,pedestrian,4.033,3.696,1.813,7.627,6.747,6.747,False
0017,38,8,pedestrian,19.808,19.425,0.0,44.796,21.126,21.126,True
0017,38,4,pedestrian,6.444,6.031,0.0,7.132,6.301,6.301,True
0017,39,1,pedestrian,4.019,3.692,1.897,7.961,6.987,6.987,False
0017,39,2,pedestrian,5.699,5.221,0.0,6.351,5.626,5.626,True
0017,39,8,pedestrian,19.661,19.279,0.0,44.796,20.606,20.606,True
0017,39,3,pedestrian,5.172,4.683,0.0,6.375,5.141,5.141,True
0017,40,6,pedestrian,19.717,19.32,1.503,43.42,16.892,16.892,False
0017,40,1,pedestrian,4.009,3.689,1.982,7.948,6.987,6.987,False
0017,40,2,pedestrian,5.628,5.155,0.033,6.319,5.51,5.51,True
0017,40,3,pedestrian,5.104,4.616,0.0,,,,True
0017,40,4,pedestrian,6.548,6.013,0.0,7.462,6.746,6.746,True
0017,41,6,pedestrian,19.565,19.164,1.478,41.922,17.006,17.006,False
0017,41,7,pedestrian,19.517,19.208,0.815,46.604,19.669,19.669,True
0017,41,3,pedestrian,5.04,4.551,0.0,,,,True
0017,41,2,pedestrian,5.559,5.092,0.155,,,,True
0017,42,6,pedestrian,19.407,19.005,1.443,41.916,16.836,16.836,False
0017,42,2,pedestrian,5.46,4.995,0.251,,,,True
0017,42,3,pedestrian,4.96,4.472,0.0,,,,True
0017,42,7,pedestrian,19.351,19.042,0.784,27.611,15.639,15.639,True
0017,43,2,pedestrian,5.362,4.901,0.346,,,,True
0017,43,6,pedestrian,19.25,18.846,1.409,41.922,16.614,16.614,False
0017,43,3,pedestrian,4.884,4.395,0.0,6.249,5.128,5.128,True
0017,43,4,pedestrian,6.583,6.153,0.0,7.51,6.848,6.848,True
0017,44,2,pedestrian,5.267,4.809,0.441,,,,True
0017,44,5,pedestrian,14.925,14.499,0.261,26.41,14.542,14.542,True
0017,44,3,pedestrian,4.809,4.32,0.0,,,,True
0017,44,4,pedestrian,6.602,6.228,0.0,7.53,6.929,6.929,True
0017,44,8,pedestrian,18.859,18.473,0.0,41.733,20.275,20.275,True
0017,44,6,pedestrian,19.092,18.687,1.375,,25.378,25.378,False
0017,45,5,pedestrian,14.763,14.336,0.202,25.842,14.625,14.625,True
0017,45,2,pedestrian,5.174,4.72,0.536,,,,True
0017,45,4,pedestrian,6.647,6.258,0.173,7.502,6.751,6.751,True
0017,45,6,pedestrian,18.934,18.528,1.34,75.434,20.038,20.038,False
0017,45,3,pedestrian,4.737,4.248,0.0,6.276,4.983,4.983,True
0017,45,8,pedestrian,18.689,18.301,0.0,40.356,19.874,19.874,True
0017,46,5,pedestrian,14.602,14.174,0.143,25.853,14.971,14.971,True
0017,46,2,pedestrian,5.084,4.633,0.632,,,,True
0017,46,6,pedestrian,18.777,18.369,1.306,39.223,16.287,16.287,False
0017,46,3,pedestrian,4.667,4.178,0.04,,,,True
0017,46,8,pedestrian,18.52,18.13,0.0,40.362,19.954,19.954,True
0017,46,4,pedestrian,6.696,6.293,0.355,7.527,6.669,6.669,True
0017,47,6,pedestrian,18.623,18.215,1.278,38.006,15.973,15.973,False
0017,47,5,pedestrian,14.427,13.999,0.077,24.291,14.372,14.372,True
0017,47,4,pedestrian,6.751,6.333,0.538,7.531,6.888,6.888,True
0017,47,3,pedestrian,4.578,4.09,0.142,,,,True
0017,47,2,pedestrian,5.012,4.569,0.738,6.451,5.484,5.484,True
0017,47,8,pedestrian,18.372,17.982,0.001,39.06,19.643,19.643,True
0017,47,7,pedestrian,18.532,18.222,0.616,41.788,19.667,19.667,True
0017,48,5,pedestrian,14.252,13.824,0.01,24.292,14.207,14.207,True
0017,48,6,pedestrian,18.469,18.061,1.25,36.847,15.675,15.675,False
0017,48,3,pedestrian,4.491,4.005,0.244,,,,True
0017,48,4,pedestrian,6.81,6.38,0.72,7.543,6.918,6.918,True
0017,48,2,pedestrian,4.944,4.509,0.843,,,,True
0017,48,8,pedestrian,18.224,17.835,0.056,39.061,19.644,19.644,True
0017,48,7,pedestrian,18.376,18.067,0.569,40.395,18.926,18.926,True
0017,49,3,pedestrian,4.408,3.923,0.346,,,,True
0017,49,2,pedestrian,4.879,4.453,0.949,,,,True
0017,49,4,pedestrian,6.874,6.431,0.903,7.963,7.021,7.021,True
0017,49,6,pedestrian,18.315,17.907,1.222,36.858,15.531,15.531,False
0017,49,8,pedestrian,18.077,17.688,0.11,37.855,19.343,19.343,True
0017,49,7,pedestrian,18.221,17.913,0.523,39.1,18.306,18.306,True
0017,49,5,pedestrian,14.078,13.649,0.0,23.818,13.665,13.665,True
0017,50,4,pedestrian,6.942,6.488,1.086,7.943,6.878,6.878,True
0017,50,7,pedestrian,18.066,17.758,0.476,37.889,18.106,18.106,True
0017,50,3,pedestrian,4.327,3.845,0.449,,,,True
0017,50,2,pedestrian,4.818,4.4,1.055,6.551,5.703,5.703,True
0017,50,8,pedestrian,17.929,17.542,0.165,35.646,18.697,18.697,True
0017,50,6,pedestrian,18.162,17.752,1.195,36.84,15.483,15.483,True
0017,50,5,pedestrian,13.904,13.475,0.0,22.922,13.554,13.554,True
0017,51,6,pedestrian,18.008,17.598,1.167,36.851,15.772,15.772,True
0017,51,7,pedestrian,17.911,17.604,0.429,35.673,17.722,17.722,True
0017,51,4,pedestrian,7.033,6.57,1.27,8.014,6.998,6.998,False
0017,51,8,pedestrian,17.782,17.395,0.219,35.649,18.91,18.91,True
0017,51,2,pedestrian,4.76,4.352,1.161,,,,True
0017,51,5,pedestrian,13.73,13.3,0.0,23.358,14.006,14.006,True
0017,51,3,pedestrian,4.25,3.771,0.551,6.438,5.066,5.066,True
0017,52,4,pedestrian,7.127,6.657,1.455,8.046,7.222,7.222,False
0017,52,7,pedestrian,17.748,17.439,0.399,34.661,17.72,17.72,True
0017,52,6,pedestrian,17.84,17.432,1.154,33.792,15.388,15.388,True
0017,52,5,pedestrian,13.571,13.141,0.0,22.088,13.59,13.59,True
0017,52,8,pedestrian,17.69,17.303,0.256,35.652,18.911,18.911,True
0017,52,3,pedestrian,4.186,3.711,0.643,6.461,5.171,5.171,True
0017,52,2,pedestrian,4.709,4.31,1.264,,,,False
0017,53,6,pedestrian,17.672,17.267,1.141,33.802,15.201,15.201,True
0017,53,4,pedestrian,7.226,6.749,1.64,8.264,7.265,7.265,False
0017,53,5,pedestrian,13.412,12.981,0.0,22.088,13.337,13.337,True
0017,53,8,pedestrian,17.598,17.21,0.292,35.656,18.841,18.841,True
0017,53,7,pedestrian,17.585,17.274,0.37,33.713,17.355,17.355,True
0017,53,2,pedestrian,4.66,4.272,1.367,6.795,5.713,5.713,False
0017,54,5,pedestrian,13.253,12.822,0.0,22.088,13.197,13.197,True
0017,54,2,pedestrian,4.616,4.239,1.47,,,,False
0017,54,6,pedestrian,17.509,17.106,1.085,32.875,14.841,14.841,True
0017,54,8,pedestrian,17.507,17.118,0.328,35.653,18.773,18.773,True
0017,54,7,pedestrian,17.423,17.11,0.34,33.698,17.234,17.234,True
0017,54,4,pedestrian,7.328,6.844,1.825,8.416,7.191,7.191,False
0017,54,3,pedestrian,4.065,3.603,0.827,6.492,5.078,5.078,True
0017,55,6,pedestrian,17.347,16.945,1.028,32.865,14.749,14.749,True
0017,55,5,pedestrian,13.095,12.664,0.0,20.953,12.959,12.959,True
0017,55,7,pedestrian,17.26,16.945,0.311,33.69,17.233,17.233,True
0017,55,8,pedestrian,17.415,17.026,0.364,33.707,18.363,18.363,True
0017,55,4,pedestrian,7.433,6.944,2.01,8.625,7.476,7.476,False
0017,55,2,pedestrian,4.575,4.21,1.573,6.875,6.116,6.116,False
0017,55,3,pedestrian,4.01,3.555,0.919,,,,True
0017,56,6,pedestrian,17.185,16.785,0.972,32.879,14.748,14.748,True
0017,56,4,pedestrian,7.53,7.037,2.182,8.335,7.433,7.433,False
0017,56,5,pedestrian,12.937,12.505,0.0,20.603,13.027,13.027,True
0017,56,8,pedestrian,17.324,16.934,0.4,33.708,18.501,18.501,True
0017,56,7,pedestrian,17.098,16.781,0.281,32.783,17.351,17.351,True
0017,56,2,pedestrian,4.538,4.185,1.676,,,,False
0017,56,3,pedestrian,3.959,3.512,1.01,6.671,5.052,5.052,True
0017,57,6,pedestrian,17.035,16.636,0.933,32.007,14.832,14.832,True
0017,57,4,pedestrian,7.63,7.133,2.354,8.538,7.607,7.607,False
0017,57,8,pedestrian,17.2,16.812,0.464,32.805,18.235,18.235,True
0017,57,5,pedestrian,12.794,12.362,0.0,19.933,12.763,12.763,True
0017,57,7,pedestrian,16.932,16.611,0.243,32.792,16.998,16.998,True
0017,58,4,pedestrian,7.732,7.232,2.525,9.103,7.712,7.712,False
0017,58,8,pedestrian,17.076,16.69,0.528,33.714,18.109,18.109,True
0017,58,6,pedestrian,16.885,16.486,0.894,31.171,14.699,14.699,True
0017,58,7,pedestrian,16.766,16.441,0.205,31.927,16.882,16.882,True
0017,58,5,pedestrian,12.652,12.219,0.0,19.609,12.572,12.572,True
0017,58,3,pedestrian,3.83,3.381,1.184,6.761,5.312,5.312,True
0017,59,6,pedestrian,16.735,16.337,0.855,30.401,14.32,14.32,True
0017,59,8,pedestrian,16.953,16.568,0.592,33.711,18.377,18.377,True
0017,59,4,pedestrian,8.014,7.502,2.759,9.258,7.783,7.783,False
0017,59,7,pedestrian,16.6,16.272,0.167,31.112,16.657,16.657,True
0017,59,5,pedestrian,12.51,12.077,0.0,19.606,12.267,12.267,True
0017,60,4,pedestrian,8.298,7.776,2.994,9.254,7.96,7.96,False
0017,60,6,pedestrian,16.585,16.188,0.817,30.404,14.12,14.12,True
0017,60,5,pedestrian,12.368,11.935,0.06,19.002,12.209,12.209,True
0017,60,7,pedestrian,16.431,16.101,0.138,31.115,16.768,16.768,True
0017,60,8,pedestrian,16.83,16.446,0.656,70.897,24.215,24.215,True
0017,61,5,pedestrian,12.227,11.793,0.119,19.014,12.392,12.392,True
0017,61,7,pedestrian,16.268,15.934,0.092,29.599,16.437,16.437,True
0017,61,4,pedestrian,8.462,7.934,3.239,9.639,8.511,8.511,False
0017,61,6,pedestrian,16.435,16.039,0.778,29.654,14.162,14.162,True
0017,61,8,pedestrian,16.707,16.325,0.72,48.437,22.694,22.694,True
0017,61,10,cyclist,28.202,27.512,4.687,110.499,25.074,25.074,False
0017,61,2,pedestrian,4.287,4.001,2.098,7.919,6.634,6.634,False
0017,62,5,pedestrian,12.066,11.632,0.189,17.642,11.841,11.841,True
0017,62,7,pedestrian,16.143,15.807,0.044,28.899,16.12,16.12,True
0017,62,6,pedestrian,16.267,15.871,0.759,28.95,14.282,14.282,True
0017,62,8,pedestrian,16.556,16.172,0.722,36.769,19.084,19.084,True
0017,63,5,pedestrian,11.906,11.472,0.258,17.646,11.734,11.734,True
0017,63,7,pedestrian,16.019,15.68,0.0,29.598,16.069,16.069,True
0017,63,6,pedestrian,16.1,15.704,0.741,28.282,13.967,13.967,True
0017,63,8,pedestrian,16.405,16.019,0.725,40.458,19.086,19.086,True
0017,63,3,pedestrian,3.608,3.195,1.581,7.372,5.565,5.565,False
0017,64,5,pedestrian,11.747,11.313,0.328,17.639,11.551,11.551,True
0017,64,7,pedestrian,15.894,15.554,0.0,28.897,15.618,15.618,True
0017,64,3,pedestrian,3.576,3.174,1.659,7.241,5.756,5.756,False
0017,64,6,pedestrian,15.932,15.537,0.723,27.638,13.699,13.699,True
0017,65,5,pedestrian,11.588,11.154,0.398,16.935,11.4,11.4,True
0017,65,6,pedestrian,15.769,15.373,0.66,28.276,13.543,13.543,True
0017,65,3,pedestrian,3.549,3.159,1.736,7.863,5.747,5.747,False
0017,65,7,pedestrian,15.77,15.427,0.0,28.22,15.863,15.863,True
0017,66,6,pedestrian,15.605,15.209,0.598,27.021,13.292,13.292,True
0017,66,5,pedestrian,11.43,10.996,0.468,15.855,11.078,11.078,True
0017,66,7,pedestrian,15.645,15.301,0.0,28.218,16.014,16.014,True
0017,66,3,pedestrian,3.525,3.148,1.813,8.167,5.799,5.799,False
0017,67,7,pedestrian,15.512,15.169,0.0,27.581,15.762,15.762,True
0017,67,6,pedestrian,15.451,15.052,0.569,27.012,13.468,13.468,True
0017,67,5,pedestrian,11.278,10.843,0.535,15.854,11.08,11.08,True
0017,68,7,pedestrian,15.379,15.038,0.0,27.581,15.423,15.423,True
0017,68,5,pedestrian,11.126,10.692,0.603,16.067,11.063,11.063,True
0017,68,6,pedestrian,15.296,14.895,0.54,25.867,13.397,13.397,True
0017,69,7,pedestrian,15.247,14.906,0.0,26.389,14.964,14.964,True
0017,69,5,pedestrian,10.975,10.54,0.67,15.66,10.764,10.764,True
0017,69,6,pedestrian,15.142,14.737,0.511,25.866,13.151,13.151,True
0017,70,5,pedestrian,10.825,10.39,0.738,15.099,10.636,10.636,True
0017,70,7,pedestrian,15.114,14.775,0.0,26.387,15.144,15.144,True
0017,70,6,pedestrian,14.987,14.58,0.482,25.866,12.946,12.946,True
0017,71,6,pedestrian,14.833,14.423,0.453,25.333,12.749,12.749,True
0017,71,5,pedestrian,10.675,10.24,0.805,14.241,10.403,10.403,True
0017,71,7,pedestrian,14.982,14.644,0.0,26.387,15.423,15.423,True
0017,71,8,pedestrian,15.324,14.929,0.952,28.335,16.815,16.815,True
0017,72,5,pedestrian,10.499,10.063,0.873,14.245,10.412,10.412,True
0017,72,7,pedestrian,14.824,14.485,0.0,25.294,14.964,14.964,True
0017,72,6,pedestrian,14.686,14.274,0.444,24.327,12.592,12.592,True
0017,72,8,pedestrian,15.197,14.803,1.006,29.006,17.223,17.223,True
0017,73,5,pedestrian,10.323,9.887,0.941,14.243,10.259,10.259,True
0017,73,7,pedestrian,14.666,14.327,0.0,25.294,14.789,14.789,True
0017,73,6,pedestrian,14.539,14.125,0.436,23.391,12.437,12.437,True
0017,73,8,pedestrian,15.071,14.676,1.06,27.09,16.284,16.284,True
0017,74,7,pedestrian,14.508,14.169,0.0,24.287,14.205,14.205,True
0017,74,5,pedestrian,10.149,9.712,1.008,13.972,10.026,10.026,True
0017,74,8,pedestrian,14.945,14.55,1.114,25.982,16.086,16.086,True
0017,74,6,pedestrian,14.391,13.975,0.427,22.951,12.286,12.286,True
0017,75,5,pedestrian,9.975,9.539,1.076,13.548,9.946,9.946,True
0017,75,8,pedestrian,14.82,14.424,1.168,25.445,15.891,15.891,True
0017,75,6,pedestrian,14.255,13.836,0.354,22.124,11.933,11.933,True
0017,75,7,pedestrian,14.351,14.01,0.0,24.296,14.452,14.452,True
0017,76,5,pedestrian,9.802,9.366,1.144,12.603,9.652,9.652,True
0017,76,6,pedestrian,14.119,13.697,0.281,22.956,12.102,12.102,True
0017,76,8,pedestrian,14.694,14.299,1.222,24.925,15.701,15.701,False
0017,76,7,pedestrian,14.303,13.973,0.0,22.93,14.208,14.208,True
0017,77,5,pedestrian,9.675,9.239,1.213,12.616,9.566,9.566,False
0017,77,8,pedestrian,14.567,14.17,1.266,24.93,15.421,15.421,False
0017,77,6,pedestrian,13.959,13.535,0.247,22.516,11.985,11.985,True
0017,77,7,pedestrian,14.127,13.797,0.036,23.37,14.249,14.249,True
0017,78,6,pedestrian,13.798,13.374,0.213,22.107,12.041,12.041,True
0017,78,8,pedestrian,14.441,14.042,1.311,23.493,15.061,15.061,False
0017,78,7,pedestrian,13.952,13.622,0.076,23.366,13.974,13.974,True
0017,78,5,pedestrian,9.548,9.113,1.282,12.733,9.501,9.501,False
0017,79,8,pedestrian,14.315,13.914,1.355,24.94,15.771,15.771,False
0017,79,5,pedestrian,9.423,8.987,1.351,12.254,9.193,9.193,False
0017,79,6,pedestrian,13.638,13.212,0.179,20.962,11.704,11.704,True
0017,79,7,pedestrian,13.776,13.447,0.115,22.93,13.784,13.784,True
0017,80,5,pedestrian,9.282,8.847,1.411,11.942,9.239,9.239,False
0017,80,6,pedestrian,13.478,13.051,0.145,20.961,11.649,11.649,True
0017,80,8,pedestrian,14.178,13.777,1.376,23.086,15.075,15.075,False
0017,80,7,pedestrian,13.601,13.271,0.155,22.11,13.599,13.599,True
0017,81,6,pedestrian,13.318,12.89,0.111,21.341,11.594,11.594,True
0017,81,8,pedestrian,14.042,13.639,1.398,23.078,15.078,15.078,False
0017,81,5,pedestrian,9.142,8.707,1.471,11.438,9.058,9.058,False
0017,81,7,pedestrian,13.426,13.096,0.195,20.97,13.383,13.383,True
0017,82,6,pedestrian,13.169,12.739,0.083,20.616,11.357,11.357,True
0017,82,5,pedestrian,9.002,8.567,1.535,11.142,8.89,8.89,False
0017,82,7,pedestrian,13.277,12.948,0.24,20.971,13.314,13.314,True
0017,82,8,pedestrian,13.92,13.517,1.442,23.123,14.993,14.993,False
0017,83,8,pedestrian,13.799,13.394,1.487,22.272,14.782,14.782,False
0017,83,6,pedestrian,13.02,12.588,0.055,19.617,11.182,11.182,True
0017,83,7,pedestrian,13.129,12.8,0.284,21.346,13.245,13.245,True
0017,83,5,pedestrian,8.863,8.429,1.599,11.258,8.763,8.763,False
0017,84,7,pedestrian,12.98,12.651,0.329,20.994,13.249,13.249,True
0017,84,5,pedestrian,8.732,8.298,1.66,11.031,8.567,8.567,False
0017,84,6,pedestrian,12.871,12.437,0.027,18.707,10.962,10.962,True
0017,84,8,pedestrian,13.677,13.272,1.532,21.535,14.489,14.489,False
0017,85,5,pedestrian,8.602,8.169,1.721,10.711,8.614,8.614,False
0017,85,8,pedestrian,13.556,13.15,1.576,21.198,14.26,14.26,False
0017,85,7,pedestrian,12.832,12.504,0.374,19.975,13.114,13.114,True
0017,85,6,pedestrian,12.722,12.287,0.0,17.885,10.57,10.57,True
0017,86,5,pedestrian,8.473,8.041,1.781,10.124,8.317,8.317,False
0017,86,7,pedestrian,12.684,12.356,0.419,19.043,12.723,12.723,True
0017,86,8,pedestrian,13.435,13.029,1.621,20.824,14.111,14.111,False
0017,86,6,pedestrian,12.591,12.153,0.0,18.426,10.702,10.702,True
0017,87,8,pedestrian,13.302,12.896,1.661,20.814,14.048,14.048,False
0017,87,7,pedestrian,12.527,12.198,0.433,19.351,12.723,12.723,True
0017,87,6,pedestrian,12.411,11.974,0.0,18.705,10.7,10.7,True
0017,87,5,pedestrian,8.328,7.896,1.846,9.971,8.148,8.148,False
0017,88,5,pedestrian,8.184,7.754,1.911,9.967,8.113,8.113,False
0017,88,7,pedestrian,12.369,12.04,0.446,19.333,12.472,12.472,True
0017,88,6,pedestrian,12.232,11.795,0.0,18.146,10.586,10.586,True
0017,88,8,pedestrian,13.17,12.764,1.701,20.156,13.793,13.793,False
0017,89,8,pedestrian,13.038,12.631,1.741,19.553,13.732,13.732,False
0017,89,6,pedestrian,12.053,11.616,0.0,17.37,10.475,10.475,True
0017,89,7,pedestrian,12.212,11.882,0.46,19.033,12.472,12.472,True
0017,89,5,pedestrian,8.042,7.612,1.976,9.632,7.816,7.816,False
0017,90,5,pedestrian,7.901,7.473,2.041,9.366,7.825,7.825,False
0017,90,8,pedestrian,12.906,12.499,1.781,19.566,13.704,13.704,False
0017,90,7,pedestrian,12.055,11.724,0.474,18.465,12.505,12.505,True
0017,90,6,pedestrian,11.874,11.437,0.0,16.889,10.303,10.303,True
0017,91,5,pedestrian,7.762,7.335,2.106,8.986,7.584,7.584,False
0017,91,8,pedestrian,12.774,12.368,1.821,19.568,13.603,13.603,False
0017,91,6,pedestrian,11.696,11.26,0.0,16.659,10.219,10.219,True
0017,91,7,pedestrian,11.898,11.566,0.488,16.922,11.857,11.857,True
0017,92,5,pedestrian,7.628,7.203,2.178,8.729,7.398,7.398,False
0017,92,7,pedestrian,11.736,11.403,0.513,17.415,12.002,12.002,True
0017,92,6,pedestrian,11.562,11.126,0.0,16.659,9.976,9.976,True
0017,92,8,pedestrian,12.653,12.246,1.872,19.604,13.541,13.541,False
0017,93,8,pedestrian,12.532,12.125,1.924,18.774,13.419,13.419,False
0017,93,6,pedestrian,11.428,10.992,0.0,16.003,9.744,9.744,True
0017,93,7,pedestrian,11.574,11.239,0.538,16.95,11.617,11.617,True
0017,93,5,pedestrian,7.496,7.073,2.249,8.733,7.391,7.391,False
0017,94,7,pedestrian,11.412,11.076,0.564,16.71,11.764,11.764,True
0017,94,5,pedestrian,7.366,6.945,2.321,8.678,7.279,7.279,False
0017,94,6,pedestrian,11.294,10.859,0.0,15.596,9.801,9.801,True
0017,94,8,pedestrian,12.412,12.005,1.975,18.265,13.085,13.085,False
0017,95,7,pedestrian,11.248,10.91,0.58,16.289,11.74,11.74,True
0017,95,5,pedestrian,7.239,6.819,2.392,8.461,7.26,7.26,False
0017,95,6,pedestrian,11.16,10.725,0.0,15.209,9.706,9.706,True
0017,95,8,pedestrian,12.292,11.885,2.027,17.974,12.966,12.966,False
0017,96,6,pedestrian,11.026,10.592,0.0,14.662,9.434,9.434,True
0017,96,5,pedestrian,7.187,6.769,2.42,8.024,6.988,6.988,False
0017,96,7,pedestrian,11.09,10.749,0.614,15.081,11.221,11.221,True
0017,96,8,pedestrian,12.172,11.765,2.079,17.989,12.917,12.917,False
0017,97,8,pedestrian,12.049,11.642,2.137,17.97,12.941,12.941,False
0017,97,6,pedestrian,10.867,10.433,0.0,14.489,9.244,9.244,True
0017,97,7,pedestrian,10.929,10.588,0.648,15.268,11.095,11.095,True
0017,97,5,pedestrian,7.059,6.643,2.494,7.92,6.837,6.837,False
0017,98,8,pedestrian,11.926,11.519,2.195,16.83,12.706,12.706,False
0017,98,7,pedestrian,10.768,10.428,0.681,14.716,10.792,10.792,True
0017,98,6,pedestrian,10.707,10.274,0.0,14.662,9.297,9.297,True
0017,98,5,pedestrian,6.933,6.52,2.568,7.922,6.75,6.75,False
0017,99,6,pedestrian,10.547,10.114,0.0,13.84,9.048,9.048,True
0017,99,8,pedestrian,11.804,11.397,2.253,16.415,12.475,12.475,False
0017,99,7,pedestrian,10.607,10.267,0.714,15.081,11.152,11.152,True
0017,99,5,pedestrian,6.81,6.401,2.642,7.672,6.621,6.621,False
0017,100,5,pedestrian,6.701,6.294,2.71,7.547,6.608,6.608,False
0017,100,7,pedestrian,10.447,10.106,0.748,13.593,10.465,10.465,True
0017,100,6,pedestrian,10.388,9.956,0.0,13.693,9.115,9.115,True
0017,100,8,pedestrian,11.654,11.246,2.262,16.638,12.487,12.487,False
0017,101,7,pedestrian,10.287,9.946,0.781,13.604,10.493,10.493,True
0017,101,6,pedestrian,10.229,9.797,0.0,13.103,8.859,8.859,True
0017,101,5,pedestrian,6.594,6.19,2.778,7.356,6.457,6.457,False
0017,101,8,pedestrian,11.504,11.096,2.271,16.65,12.234,12.234,False
0017,102,7,pedestrian,10.154,9.813,0.816,13.592,10.389,10.389,True
0017,102,6,pedestrian,10.107,9.674,0.013,12.965,8.677,8.677,True
0017,102,8,pedestrian,11.395,10.987,2.33,16.1,12.095,12.095,False
0017,102,5,pedestrian,6.488,6.088,2.847,7.277,6.424,6.424,False
0017,103,8,pedestrian,11.287,10.879,2.39,15.37,11.809,11.809,False
0017,103,7,pedestrian,10.021,9.68,0.851,13.063,10.045,10.045,True
0017,103,6,pedestrian,9.984,9.551,0.05,12.828,8.556,8.556,True
0017,103,5,pedestrian,6.384,5.99,2.915,7.259,6.323,6.323,False
0017,104,5,pedestrian,6.284,5.894,2.984,7.312,6.473,6.473,False
0017,104,7,pedestrian,9.889,9.547,0.886,13.211,10.286,10.286,True
0017,104,8,pedestrian,11.18,10.772,2.449,15.381,11.819,11.819,False
0017,104,6,pedestrian,9.862,9.428,0.086,12.31,8.369,8.369,True
0017,105,7,pedestrian,9.757,9.414,0.921,12.286,9.854,9.854,True
0017,105,8,pedestrian,11.073,10.665,2.509,15.381,11.765,11.765,False
0017,105,5,pedestrian,6.187,5.803,3.052,,,,False
0017,105,6,pedestrian,9.74,9.306,0.123,11.835,8.219,8.219,True
0017,106,7,pedestrian,9.625,9.282,0.956,12.169,9.696,9.696,True
0017,106,5,pedestrian,6.147,5.765,3.078,,,,False
0017,106,8,pedestrian,10.967,10.559,2.568,15.402,11.692,11.692,False
0017,106,6,pedestrian,9.618,9.183,0.159,11.399,8.049,8.049,True
0017,107,8,pedestrian,10.842,10.434,2.609,14.566,11.36,11.36,False
0017,107,7,pedestrian,9.451,9.105,0.986,12.057,9.555,9.555,True
0017,107,5,pedestrian,6.054,5.676,3.149,,,,False
0017,107,6,pedestrian,9.437,9.002,0.187,11.402,8.024,8.024,True
0017,108,5,pedestrian,5.965,5.592,3.221,,,,False
0017,108,8,pedestrian,10.717,10.31,2.649,14.271,11.384,11.384,False
0017,108,7,pedestrian,9.277,8.928,1.016,11.734,9.385,9.385,True
0017,108,6,pedestrian,9.257,8.821,0.215,11.398,7.89,7.89,True
0017,109,8,pedestrian,10.593,10.186,2.69,14.121,11.289,11.289,False
0017,109,6,pedestrian,9.077,8.64,0.243,11.099,7.826,7.826,True
0017,109,7,pedestrian,9.103,8.752,1.046,11.645,9.489,9.489,True
0017,109,5,pedestrian,5.88,5.511,3.293,,,,False
0017,110,6,pedestrian,8.897,8.459,0.271,10.63,7.674,7.674,True
0017,110,8,pedestrian,10.47,10.063,2.73,13.971,11.196,11.196,False
0017,110,7,pedestrian,8.93,8.576,1.077,10.625,8.9,8.9,True
0017,110,5,pedestrian,5.799,5.435,3.364,7.974,7.129,7.129,False
0017,111,7,pedestrian,8.757,8.4,1.107,10.631,8.834,8.834,True
0017,111,6,pedestrian,8.717,8.278,0.299,10.191,7.485,7.485,True
0017,111,5,pedestrian,5.723,5.363,3.436,7.843,8.722,8.722,False
0017,111,8,pedestrian,10.348,9.941,2.771,14.055,11.076,11.076,False
0017,112,7,pedestrian,8.606,8.25,1.147,10.577,8.71,8.71,True
0017,112,8,pedestrian,10.243,9.836,2.833,13.446,10.75,10.75,False
0017,112,6,pedestrian,8.558,8.116,0.329,9.939,7.334,7.334,True
0017,113,8,pedestrian,10.139,9.733,2.895,13.061,10.612,10.612,False
0017,113,7,pedestrian,8.455,8.099,1.187,10.646,8.951,8.951,True
0017,113,6,pedestrian,8.4,7.954,0.359,10.107,7.318,7.318,True
0017,114,7,pedestrian,8.305,7.95,1.227,9.886,8.482,8.482,False
0017,114,6,pedestrian,8.241,7.793,0.39,9.626,7.042,7.042,True
0017,114,8,pedestrian,10.036,9.631,2.957,12.954,10.549,10.549,False
0017,115,7,pedestrian,8.156,7.801,1.267,9.369,8.167,8.167,False
0017,115,6,pedestrian,8.083,7.632,0.42,9.202,6.922,6.922,True
0017,115,8,pedestrian,9.934,9.529,3.018,12.939,10.465,10.465,False
0017,116,7,pedestrian,8.007,7.652,1.307,9.456,8.114,8.114,False
0017,116,8,pedestrian,9.833,9.429,3.08,12.569,10.306,10.306,False
0017,116,6,pedestrian,7.926,7.471,0.451,8.823,6.774,6.774,True
0017,117,8,pedestrian,9.724,9.321,3.135,12.463,10.33,10.33,False
0017,117,7,pedestrian,7.848,7.492,1.315,9.206,7.887,7.887,False
0017,117,6,pedestrian,7.762,7.307,0.494,8.576,6.62,6.62,True
0017,118,6,pedestrian,7.599,7.144,0.537,8.471,6.464,6.464,True
0017,118,8,pedestrian,9.616,9.214,3.19,11.743,10.012,10.012,False
0017,118,7,pedestrian,7.689,7.333,1.323,8.713,7.705,7.705,False
0017,119,8,pedestrian,9.509,9.108,3.246,11.863,10.033,10.033,False
0017,119,6,pedestrian,7.437,6.981,0.581,8.291,6.338,6.338,True
0017,119,7,pedestrian,7.531,7.174,1.331,8.321,7.579,7.579,False
0017,120,6,pedestrian,7.275,6.818,0.624,8.164,6.309,6.309,True
0017,120,8,pedestrian,9.404,9.004,3.301,11.849,9.982,9.982,False
0017,120,7,pedestrian,7.401,7.044,1.326,7.972,7.415,7.415,False
0017,121,6,pedestrian,7.114,6.656,0.668,7.788,6.176,6.176,True
0017,121,8,pedestrian,9.299,8.901,3.356,11.815,9.82,9.82,False
0017,121,7,pedestrian,7.214,6.856,1.347,8.002,7.324,7.324,False
0017,122,8,pedestrian,9.213,8.815,3.418,11.46,9.769,9.769,False
0017,122,7,pedestrian,7.059,6.698,1.376,7.981,7.185,7.185,False
0017,122,6,pedestrian,6.95,6.493,0.695,7.536,6.002,6.002,True
0017,123,7,pedestrian,6.905,6.54,1.406,7.642,7.004,7.004,False
0017,123,8,pedestrian,9.128,8.731,3.48,10.959,9.469,9.469,False
0017,123,6,pedestrian,6.787,6.329,0.722,7.357,5.885,5.885,True
0017,124,7,pedestrian,6.751,6.383,1.435,7.175,6.728,6.728,False
0017,124,8,pedestrian,9.025,8.629,3.553,11.042,9.456,9.456,False
0017,124,6,pedestrian,6.624,6.167,0.749,7.493,5.87,5.87,True
0017,125,8,pedestrian,8.924,8.529,3.626,10.675,9.201,9.201,False
0017,125,6,pedestrian,6.462,6.004,0.776,6.976,5.581,5.581,True
0017,125,7,pedestrian,6.598,6.227,1.465,7.137,6.688,6.688,False
0017,126,8,pedestrian,8.825,8.431,3.699,10.714,9.338,9.338,False
0017,126,6,pedestrian,6.3,5.842,0.803,6.772,5.511,5.511,True
0017,126,7,pedestrian,6.446,6.072,1.494,7.14,6.667,6.667,False
0017,127,8,pedestrian,8.53,8.145,3.669,10.338,9.161,9.161,False
0017,127,7,pedestrian,6.295,5.918,1.523,6.808,6.353,6.353,False
0017,127,6,pedestrian,6.143,5.684,0.836,6.562,5.387,5.387,True
0017,128,8,pedestrian,8.448,8.074,3.727,10.079,8.948,8.948,False
0017,128,7,pedestrian,6.143,5.763,1.55,6.589,6.216,6.216,False
0017,128,6,pedestrian,5.987,5.527,0.869,6.493,5.251,5.251,True
0017,129,7,pedestrian,5.992,5.609,1.576,6.896,6.518,6.518,False
0017,129,6,pedestrian,5.832,5.37,0.902,6.429,5.192,5.192,True
0017,129,8,pedestrian,8.368,8.006,3.787,9.904,8.813,8.813,False
0017,130,7,pedestrian,5.843,5.457,1.602,,,,False
0017,130,8,pedestrian,8.29,7.942,3.848,10.099,8.862,8.862,False
0017,130,6,pedestrian,5.677,5.214,0.934,6.486,5.232,5.232,True
0017,131,8,pedestrian,8.214,7.882,3.91,9.973,8.845,8.845,False
0017,131,6,pedestrian,5.523,5.059,0.967,,,,True
0017,131,7,pedestrian,5.694,5.306,1.628,,,,False
0017,132,8,pedestrian,8.154,7.824,3.92,9.562,8.558,8.558,False
0017,132,6,pedestrian,5.381,4.914,0.999,6.428,5.305,5.305,True
0017,132,7,pedestrian,5.573,5.184,1.678,6.662,6.293,6.293,False
0017,133,6,pedestrian,5.239,4.77,1.031,6.464,5.24,5.24,True
0017,133,8,pedestrian,8.062,7.736,3.987,9.539,8.458,8.458,False
0017,133,7,pedestrian,5.454,5.063,1.727,6.79,6.41,6.41,False
0017,134,7,pedestrian,5.337,4.945,1.777,,,,False
0017,134,6,pedestrian,5.098,4.627,1.063,,,,True
0017,134,8,pedestrian,7.979,7.657,4.045,9.274,8.463,8.463,False
0017,135,8,pedestrian,7.897,7.579,4.103,9.083,8.198,8.198,False
0017,135,7,pedestrian,5.222,4.829,1.826,,,,False
0017,135,6,pedestrian,4.958,4.485,1.095,,,,True
0017,136,6,pedestrian,4.819,4.344,1.127,6.559,5.137,5.137,True
0017,136,8,pedestrian,7.817,7.504,4.161,9.071,8.336,8.336,False
0017,136,7,pedestrian,5.133,4.738,1.867,6.927,6.433,6.433,False
0017,137,7,pedestrian,5.011,4.617,1.911,6.962,6.509,6.509,False
0017,137,8,pedestrian,7.741,7.432,4.216,8.914,8.14,8.14,False
0017,137,6,pedestrian,4.693,4.216,1.153,6.52,5.208,5.208,True
0017,138,7,pedestrian,4.893,4.497,1.955,7.0,6.689,6.689,False
0017,138,8,pedestrian,7.666,7.362,4.271,8.926,8.146,8.146,False
0017,138,6,pedestrian,4.568,4.089,1.178,,,,True
0017,139,7,pedestrian,4.776,4.38,1.999,,,,False
0017,139,8,pedestrian,7.594,7.294,4.326,10.533,9.391,9.391,False
0017,139,6,pedestrian,4.445,3.963,1.204,6.65,5.079,5.079,False
0017,140,7,pedestrian,4.662,4.266,2.043,7.282,6.722,6.722,False
0017,140,8,pedestrian,7.523,7.228,4.381,9.806,8.828,8.828,False
0017,140,6,pedestrian,4.322,3.839,1.229,6.746,5.001,5.001,False
0017,141,8,pedestrian,7.455,7.165,4.436,9.856,8.937,8.937,False
0017,141,7,pedestrian,4.552,4.155,2.087,7.33,6.794,6.794,False
0017,142,7,pedestrian,4.455,4.057,2.118,7.336,7.014,7.014,False
0017,143,7,pedestrian,4.36,3.963,2.149,7.597,7.204,7.204,False
0017,143,6,pedestrian,3.902,3.42,1.306,6.82,5.239,5.239,False
0017,144,7,pedestrian,4.268,3.871,2.181,7.779,7.507,7.507,False
0018,25,0,car,55.636,53.735,2.087,92.015,56.493,56.493,False
0018,26,0,car,52.438,50.508,2.25,80.046,54.452,54.452,False
0018,27,0,car,49.027,47.097,2.467,70.917,49.102,49.102,False
0018,28,0,car,45.619,43.689,2.684,67.106,47.57,47.57,False
0018,29,0,car,42.217,40.285,2.901,60.452,43.881,43.881,False
0018,30,0,car,38.82,36.887,3.118,55.224,39.662,39.662,False
0018,31,0,car,35.433,33.495,3.335,50.921,37.415,37.415,False
0018,32,0,car,32.068,30.123,3.473,43.731,33.094,33.094,False
0018,33,0,car,28.714,26.761,3.61,36.378,28.947,28.947,False
0018,34,0,car,25.376,23.412,3.748,30.083,25.777,25.777,False
0018,35,0,car,22.062,20.085,3.885,24.288,21.559,21.559,False
0018,36,0,car,18.784,16.792,4.022,19.23,17.648,17.648,False
0018,37,0,car,15.621,13.615,4.1,15.481,14.304,14.304,False
0018,38,0,car,12.546,10.531,4.178,11.447,11.504,11.504,False
0018,39,0,car,9.743,7.748,4.206,8.578,7.947,7.947,False
0018,40,0,car,7.255,5.411,4.235,7.988,8.732,8.732,False
0018,54,3,car,58.961,56.755,1.117,147.166,57.17,57.17,True
0018,54,1,car,51.64,49.581,0.431,99.401,54.363,54.363,True
0018,55,3,car,58.258,56.054,1.12,147.152,47.44,47.44,True
0018,55,1,car,50.57,48.509,0.459,108.24,52.447,52.447,True
0018,56,3,car,57.556,55.353,1.123,,53.726,53.726,True
0018,56,1,car,49.5,47.436,0.486,131.399,51.838,51.838,True
0018,57,3,car,56.854,54.652,1.125,,52.461,52.461,True
0018,57,1,car,48.567,46.503,0.514,131.371,51.839,51.839,True
0018,58,1,car,47.634,45.57,0.542,131.374,50.664,50.664,True
0018,58,3,car,56.152,53.951,1.128,,53.086,53.086,True
0018,59,3,car,55.378,53.179,1.097,,49.002,49.002,True
0018,59,1,car,46.611,44.545,0.607,99.447,49.541,49.541,True
0018,60,1,car,45.627,43.555,0.638,91.954,46.934,46.934,True
0018,60,3,car,54.605,52.406,1.066,131.43,49.547,49.547,True
0018,61,1,car,44.686,42.61,0.668,79.989,46.449,46.449,True
0018,61,3,car,53.831,51.634,1.035,118.71,49.547,49.547,True
0018,62,1,car,43.745,41.665,0.698,70.756,45.501,45.501,True
0018,62,3,car,53.058,50.861,1.004,99.454,47.95,47.95,True
0018,63,1,car,42.804,40.721,0.729,63.488,44.595,44.595,True
0018,63,3,car,52.285,50.089,0.973,85.576,47.951,47.951,True
0018,64,1,car,41.864,39.777,0.759,60.361,42.88,42.88,True
0018,64,3,car,51.583,49.385,0.925,85.544,47.441,47.441,True
0018,65,1,car,40.919,38.833,0.778,60.329,41.682,41.682,True
0018,65,3,car,50.882,48.682,0.878,85.578,47.443,47.443,True
0018,66,1,car,39.974,37.889,0.798,60.376,41.301,41.301,True
0018,66,3,car,50.181,47.979,0.83,91.993,46.455,46.455,True
0018,67,1,car,38.973,36.89,0.868,60.349,39.83,39.83,True
0018,67,3,car,49.479,47.276,0.782,91.956,46.939,46.939,True
0018,68,1,car,37.973,35.89,0.939,57.598,40.197,40.197,True
0018,68,3,car,48.778,46.572,0.735,91.953,47.945,47.945,True
0018,68,6,car,59.945,58.097,0.0,,63.66,63.66,True
0018,69,1,car,36.973,34.892,1.009,55.026,37.816,37.816,True
0018,69,6,car,59.056,57.209,0.0,,60.219,60.219,True
0018,69,3,car,48.027,45.823,0.72,91.954,49.542,49.542,True
0018,70,1,car,36.1,34.019,1.029,54.92,37.188,37.188,True
0018,70,6,car,58.166,56.322,0.0,,54.344,54.344,True
0018,70,3,car,47.276,45.073,0.705,91.991,44.59,44.59,True
0018,70,4,car,49.575,47.536,3.437,92.332,49.701,49.701,False
0018,71,1,car,35.228,33.146,1.048,52.567,36.584,36.584,True
0018,71,6,car,57.276,55.435,0.0,,53.051,53.051,True
0018,71,3,car,46.526,44.323,0.691,91.991,43.718,43.718,True
0018,71,4,car,45.828,43.785,3.571,80.411,46.635,46.635,False
0018,72,1,car,34.355,32.273,1.068,50.521,34.877,34.877,True
0018,72,4,car,42.086,40.038,3.704,67.24,41.127,41.127,False
0018,72,3,car,45.775,43.573,0.676,85.534,42.068,42.068,True
0018,72,6,car,56.387,54.548,0.0,,55.015,55.015,True
0018,73,4,car,38.352,36.296,3.838,58.038,36.793,36.793,False
0018,73,1,car,33.483,31.4,1.087,48.47,33.821,33.821,True
0018,73,3,car,45.024,42.824,0.661,79.988,39.815,39.815,True
0018,73,6,car,55.498,53.66,0.0,131.357,51.817,51.817,True
0018,74,4,car,34.626,32.563,3.972,49.021,33.085,33.085,False
0018,74,1,car,32.61,30.527,1.107,45.02,32.59,32.59,True
0018,74,3,car,44.286,42.086,0.613,75.141,41.289,41.289,True
0018,74,6,car,54.724,52.884,0.0,131.362,50.639,50.639,True
0018,75,4,car,30.913,28.842,4.105,41.124,28.939,28.939,False
0018,75,1,car,31.815,29.732,1.143,45.015,31.896,31.896,True
0018,75,3,car,43.549,41.349,0.564,75.086,39.813,39.813,True
0018,75,6,car,53.95,52.107,0.0,147.12,52.427,52.427,True
0018,75,2,car,42.493,40.765,0.738,75.063,43.288,43.288,True
0018,76,4,car,27.227,25.145,4.233,34.552,25.625,25.625,False
0018,76,1,car,31.02,28.936,1.179,45.037,30.385,30.385,True
0018,76,3,car,42.811,40.612,0.515,80.029,39.812,39.812,True
0018,76,2,car,41.694,39.966,0.796,75.069,41.286,41.286,True
0018,76,6,car,53.177,51.331,0.0,147.15,51.818,51.818,True
0018,77,4,car,23.587,21.497,4.348,29.277,21.556,21.556,False
0018,77,1,car,30.226,28.141,1.216,45.057,29.983,29.983,False
0018,77,3,car,42.074,39.875,0.467,85.564,38.438,38.438,True
0018,77,6,car,52.403,50.554,0.0,,49.516,49.516,True
0018,77,2,car,40.895,39.168,0.853,85.551,42.069,42.069,True
0018,78,4,car,19.983,17.882,4.462,22.52,17.652,17.652,False
0018,78,3,car,41.336,39.138,0.418,91.947,38.771,38.771,True
0018,78,1,car,29.431,27.346,1.252,45.06,29.397,29.397,False
0018,78,2,car,40.096,38.369,0.911,85.545,39.121,39.121,True
0018,78,6,car,51.63,49.778,0.0,,48.44,48.44,True
0018,79,1,car,28.685,26.599,1.288,40.62,28.649,28.649,False
0018,79,4,car,16.405,14.295,4.496,17.063,14.151,14.151,False
0018,79,3,car,40.743,38.545,0.387,85.531,38.435,38.435,True
0018,79,2,car,39.298,37.571,0.968,75.075,42.076,42.076,True
0018,79,6,car,51.04,49.185,0.0,131.348,46.422,46.422,True
0018,80,4,car,12.923,10.812,4.516,12.819,11.017,11.017,False
0018,80,1,car,27.986,25.899,1.313,38.115,28.114,28.114,False
0018,80,3,car,40.149,37.952,0.355,75.086,37.786,37.786,True
0018,80,2,car,38.499,36.773,1.026,66.898,40.556,40.556,True
0018,80,6,car,50.45,48.593,0.0,108.193,46.911,46.911,True
0018,81,4,car,9.899,7.833,4.587,8.3,7.558,7.558,False
0018,81,1,car,27.287,25.2,1.337,35.951,26.934,26.934,False
0018,81,3,car,39.555,37.359,0.324,66.938,37.155,37.155,True
0018,81,6,car,49.861,48.0,0.0,108.162,47.411,47.411,True
0018,81,2,car,37.838,36.112,1.069,60.317,38.788,38.788,True
0018,82,1,car,26.588,24.5,1.362,33.961,26.623,26.623,False
0018,82,3,car,38.962,36.766,0.293,66.863,35.956,35.956,True
0018,82,6,car,49.271,47.408,0.0,99.391,44.567,44.567,True
0018,82,2,car,37.178,35.452,1.113,60.321,38.129,38.129,True
0018,83,1,car,25.89,23.801,1.386,33.072,25.712,25.712,False
0018,83,3,car,38.368,36.173,0.261,60.284,35.385,35.385,True
0018,83,6,car,48.681,46.815,0.0,99.421,44.568,44.568,True
0018,83,2,car,36.517,34.791,1.157,54.918,37.181,37.181,True
0018,84,1,car,25.192,23.102,1.411,31.401,25.142,25.142,False
0018,84,3,car,37.846,35.652,0.244,57.48,33.776,33.776,True
0018,84,6,car,48.204,46.339,0.0,91.935,44.569,44.569,True
0018,84,2,car,35.857,34.131,1.2,52.573,37.187,37.187,True
0018,85,1,car,24.598,22.505,1.42,29.907,23.685,23.685,False
0018,85,3,car,37.324,35.131,0.226,57.516,34.295,34.295,True
0018,85,6,car,47.727,45.862,0.0,85.52,43.272,43.272,True
0018,85,2,car,35.197,33.471,1.244,52.57,38.468,38.468,False
0018,86,1,car,24.006,21.909,1.43,28.536,23.2,23.2,False
0018,86,3,car,36.802,34.609,0.209,54.942,32.307,32.307,True
0018,86,6,car,47.249,45.385,0.023,85.555,43.697,43.697,True
0018,86,5,van,44.261,41.915,4.016,71.434,71.438,71.438,False
0018,86,2,car,34.599,32.871,1.266,50.413,37.82,37.82,False
0018,87,3,car,36.28,34.088,0.191,52.552,31.846,31.846,True
0018,87,1,car,23.413,21.312,1.44,27.897,23.328,23.328,False
0018,87,6,car,46.772,44.908,0.054,85.558,42.048,42.048,True
0018,87,2,car,34.001,32.271,1.288,50.419,36.587,36.587,False
0018,87,5,van,41.008,38.65,4.108,60.946,30.375,30.375,False
0018,88,3,car,35.758,33.566,0.173,52.55,31.397,31.397,True
0018,88,1,car,22.821,20.716,1.45,27.307,22.629,22.629,False
0018,88,5,van,37.769,35.409,4.238,53.293,60.033,60.033,False
0018,88,6,car,46.295,44.431,0.085,85.522,42.049,42.049,True
0018,88,2,car,33.404,31.671,1.31,48.435,35.148,35.148,False
0018,89,3,car,35.37,33.178,0.148,52.59,31.397,31.397,True
0018,89,1,car,22.229,20.12,1.459,26.173,21.447,21.447,False
0018,89,5,van,34.538,32.174,4.367,49.284,25.955,25.955,False
0018,89,2,car,32.807,31.071,1.333,48.433,33.321,33.321,False
0018,89,6,car,45.864,43.998,0.204,91.956,42.049,42.049,True
0018,90,3,car,34.982,32.79,0.123,52.551,30.961,30.961,True
0018,90,1,car,21.667,19.555,1.482,25.981,21.153,21.153,False
0018,90,5,van,31.319,28.949,4.48,41.334,48.555,48.555,False
0018,90,2,car,32.21,30.471,1.355,50.424,33.324,33.324,False
0018,90,6,car,45.433,43.564,0.323,91.958,42.051,42.051,True
0018,91,3,car,34.593,32.402,0.098,52.594,30.536,30.536,True
0018,91,5,van,28.114,25.736,4.568,34.76,42.204,42.204,False
0018,91,1,car,21.105,18.99,1.505,25.132,20.206,20.206,False
0018,91,2,car,31.664,29.927,1.372,48.433,32.364,32.364,False
0018,91,6,car,44.99,43.121,0.279,91.993,42.051,42.051,True
0018,92,5,van,24.961,22.568,4.606,29.462,17.61,17.61,False
0018,92,1,car,20.541,18.428,1.507,24.188,19.684,19.684,False
0018,92,3,car,34.205,32.014,0.072,50.427,30.536,30.536,True
0018,92,6,car,44.547,42.678,0.236,91.958,42.052,42.052,True
0018,92,2,car,31.118,29.383,1.39,46.601,32.844,32.844,False
0018,93,5,van,21.832,19.423,4.644,23.822,32.438,32.438,False
0018,93,1,car,19.976,17.866,1.51,22.872,19.024,19.024,False
0018,93,3,car,33.817,31.626,0.047,48.433,28.396,28.396,True
0018,93,6,car,44.104,42.235,0.192,85.573,39.799,39.799,True
0018,93,2,car,30.57,28.838,1.392,44.904,32.844,32.844,False
0018,94,5,van,18.739,16.312,4.682,19.336,27.429,27.429,False
0018,94,1,car,19.412,17.304,1.513,21.687,18.719,18.719,False
0018,94,2,car,30.025,28.295,1.416,40.462,30.602,30.602,False
0018,94,3,car,33.553,31.363,0.036,46.608,30.96,30.96,True
0018,94,6,car,43.763,41.895,0.213,75.049,38.098,38.098,True
0018,95,5,van,15.702,13.26,4.72,15.183,22.354,22.354,False
0018,95,1,car,18.927,16.819,1.526,21.012,18.194,18.194,False
0018,95,2,car,29.481,27.752,1.449,40.455,31.467,31.467,False
0018,95,6,car,43.422,41.554,0.234,75.1,38.1,38.1,True
0018,95,3,car,33.29,31.1,0.024,46.564,31.396,31.396,True
0018,96,5,van,12.764,10.32,4.758,11.944,17.793,17.793,False
0018,96,1,car,18.443,16.334,1.54,20.001,17.292,17.292,False
0018,96,2,car,28.916,27.186,1.446,39.181,31.035,31.035,False
0018,96,6,car,43.082,41.214,0.255,75.1,38.429,38.429,True
0018,96,3,car,33.026,30.837,0.013,46.544,29.723,29.723,True
0018,97,1,car,17.958,15.849,1.554,19.389,17.303,17.303,False
0018,97,5,van,10.109,7.714,4.769,8.245,12.846,12.846,False
0018,97,2,car,28.414,26.683,1.458,39.181,31.039,31.039,False
0018,97,6,car,42.741,40.873,0.276,70.742,37.778,37.778,True
0018,97,3,car,32.763,30.574,0.002,46.598,31.397,31.397,True
0018,98,1,car,17.474,15.364,1.568,18.811,16.55,16.55,False
0018,98,6,car,42.4,40.532,0.297,70.771,37.778,37.778,True
0018,98,2,car,27.839,26.107,1.455,35.757,29.024,29.024,False
0018,98,3,car,32.499,30.31,0.0,44.901,30.536,30.536,True
0018,98,5,van,7.789,5.627,4.78,7.982,11.938,11.938,False
0018,99,1,car,16.991,14.879,1.581,18.025,15.974,15.974,False
0018,99,2,car,27.264,25.531,1.453,34.761,29.03,29.03,False
0018,99,6,car,42.012,40.146,0.3,66.883,37.778,37.778,True
0018,99,3,car,32.236,30.047,0.0,43.314,29.922,29.922,True
0018,100,1,car,16.511,14.397,1.563,17.295,15.652,15.652,False
0018,100,3,car,31.972,29.784,0.0,41.84,28.397,28.397,True
0018,100,2,car,26.69,24.955,1.45,32.896,28.666,28.666,False
0018,100,6,car,41.625,39.759,0.303,66.864,37.779,37.779,True
0018,101,1,car,16.032,13.914,1.544,16.629,15.035,15.035,False
0018,101,3,car,31.708,29.52,0.0,41.801,28.578,28.578,True
0018,101,2,car,26.115,24.379,1.448,32.032,27.435,27.435,False
0018,101,6,car,41.237,39.373,0.306,63.403,37.15,37.15,True
0018,102,1,car,15.554,13.432,1.525,15.835,14.559,14.559,False
0018,102,3,car,31.445,29.257,0.0,40.467,28.218,28.218,True
0018,102,6,car,40.849,38.986,0.309,63.459,35.951,35.951,True
0018,102,2,car,25.54,23.804,1.445,31.224,26.462,26.462,False
0018,103,1,car,15.075,12.95,1.506,15.273,13.855,13.855,False
0018,103,6,car,40.462,38.6,0.312,60.301,35.38,35.38,True
0018,103,3,car,31.181,28.993,0.0,39.172,28.58,28.58,True
0018,103,2,car,25.127,23.38,1.439,29.021,26.005,26.005,False
0018,104,1,car,14.597,12.468,1.487,14.913,14.126,14.126,False
0018,104,3,car,30.917,28.73,0.0,37.906,28.042,28.042,True
0018,104,2,car,24.714,22.957,1.432,29.032,25.709,25.709,False
0018,104,6,car,40.089,38.228,0.32,60.284,35.951,35.951,True
0018,105,1,car,14.211,12.081,1.492,14.589,13.505,13.505,False
0018,105,3,car,30.721,28.534,0.0,39.175,27.523,27.523,True
0018,105,2,car,24.276,22.517,1.439,28.356,25.422,25.422,False
0018,105,6,car,39.717,37.856,0.328,60.283,35.102,35.102,True
0018,106,1,car,13.825,11.693,1.496,14.152,12.649,12.649,False
0018,106,6,car,39.345,37.484,0.336,66.921,35.382,35.382,True
0018,106,2,car,23.838,22.077,1.445,29.015,24.589,24.589,False
0018,106,3,car,30.525,28.338,0.0,40.467,27.866,27.866,True
0018,107,1,car,13.465,11.333,1.5,13.856,12.221,12.221,False
0018,107,3,car,30.329,28.142,0.0,41.783,26.538,26.538,True
0018,107,6,car,38.973,37.112,0.343,66.925,34.295,34.295,True
0018,107,2,car,23.401,21.637,1.452,28.351,23.811,23.811,False
0018,108,1,car,13.079,10.944,1.505,13.323,11.76,11.76,False
0018,108,6,car,38.601,36.74,0.351,70.787,34.033,34.033,True
0018,108,2,car,23.022,21.258,1.462,28.36,23.941,23.941,False
0018,108,3,car,30.133,27.946,0.0,43.317,27.692,27.692,True
0018,109,1,car,12.693,10.556,1.51,12.943,11.422,11.422,False
0018,109,6,car,38.233,36.374,0.372,70.787,34.034,34.034,True
0018,109,2,car,22.644,20.879,1.472,28.377,23.694,23.694,False
0018,109,3,car,29.937,27.75,0.0,43.258,27.02,27.02,True
0018,110,1,car,12.307,10.169,1.514,12.482,11.13,11.13,False
0018,110,6,car,37.866,36.007,0.393,66.938,33.026,33.026,True
0018,110,2,car,22.265,20.501,1.482,27.719,22.854,22.854,False
0018,110,3,car,29.742,27.554,0.0,43.317,27.864,27.864,True
0018,111,1,car,11.972,9.833,1.52,12.048,10.767,10.767,False
0018,111,2,car,21.887,20.123,1.492,26.536,22.18,22.18,False
0018,111,6,car,37.499,35.64,0.415,63.484,33.027,33.027,True
0018,111,3,car,29.546,27.358,0.0,41.843,27.519,27.519,True
0018,112,1,car,11.638,9.498,1.526,11.642,10.381,10.381,False
0018,112,2,car,21.509,19.744,1.502,26.536,22.077,22.077,False
0018,112,6,car,37.132,35.273,0.436,66.942,32.785,32.785,True
0018,112,3,car,29.35,27.162,0.0,41.799,27.018,27.018,True
0018,113,1,car,11.305,9.163,1.531,11.181,9.96,9.96,False
0018,113,2,car,21.181,19.418,1.521,25.973,21.976,21.976,False
0018,113,3,car,29.154,26.966,0.0,41.799,26.536,26.536,True
0018,113,6,car,36.765,34.906,0.457,66.947,32.787,32.787,True
0018,114,1,car,10.971,8.828,1.537,10.931,9.786,9.786,False
0018,114,2,car,20.854,19.093,1.541,25.976,21.558,21.558,False
0018,114,6,car,36.452,34.593,0.465,63.41,31.624,31.624,True
0018,114,3,car,28.958,26.771,0.0,41.798,27.183,27.183,True
0018,115,2,car,20.526,18.767,1.561,25.448,20.961,20.961,False
0018,115,1,car,10.639,8.494,1.543,10.529,9.611,9.611,False
0018,115,6,car,36.14,34.28,0.473,63.442,30.967,30.967,True
0018,115,3,car,28.762,26.575,0.0,41.839,27.018,27.018,True
0018,116,1,car,10.383,8.237,1.552,10.155,9.135,9.135,False
0018,116,6,car,35.827,33.967,0.481,63.488,31.852,31.852,True
0018,116,3,car,28.567,26.379,0.0,41.846,26.536,26.536,True
0018,116,2,car,20.199,18.441,1.581,24.936,20.595,20.595,False
0018,117,6,car,35.515,33.655,0.489,63.412,31.404,31.404,True
0018,117,1,car,10.127,7.981,1.562,9.817,8.881,8.881,False
0018,117,2,car,19.872,18.116,1.601,24.438,20.685,20.685,False
0018,117,3,car,28.371,26.183,0.0,40.405,26.535,26.535,True
0018,118,6,car,35.202,33.342,0.496,63.442,31.404,31.404,True
0018,118,1,car,9.872,7.725,1.571,9.496,8.617,8.617,False
0018,118,2,car,19.65,17.88,1.531,23.521,20.226,20.226,False
0018,118,3,car,28.175,25.987,0.0,40.404,26.535,26.535,True
0018,119,2,car,19.434,17.662,1.544,23.069,19.697,19.697,False
0018,119,1,car,9.618,7.469,1.58,9.27,8.449,8.449,False
0018,119,6,car,34.977,33.115,0.5,60.365,30.969,30.969,True
0018,119,3,car,27.979,25.791,0.0,40.405,25.768,25.768,True
0018,120,2,car,19.217,17.445,1.557,22.652,19.617,19.617,False
0018,120,1,car,9.364,7.214,1.59,9.05,8.119,8.119,False
0018,120,3,car,27.783,25.595,0.0,39.115,25.62,25.62,True
0018,120,6,car,34.752,32.889,0.504,60.365,30.546,30.546,True
0018,121,2,car,19.001,17.228,1.57,22.657,19.451,19.451,False
0018,121,1,car,9.223,7.071,1.59,8.785,7.92,7.92,False
0018,121,3,car,27.588,25.399,0.0,39.128,24.766,24.766,True
0018,121,6,car,34.527,32.663,0.508,57.501,29.731,29.731,True
0018,122,2,car,18.785,17.011,1.583,22.249,19.044,19.044,False
0018,122,1,car,9.082,6.928,1.589,8.67,7.822,7.822,False
0018,122,3,car,27.392,25.203,0.0,37.905,24.766,24.766,True
0018,122,6,car,34.302,32.437,0.511,57.548,30.134,30.134,True
0018,123,1,car,8.941,6.785,1.589,8.445,7.534,7.534,False
0018,123,3,car,27.196,25.007,0.0,37.905,25.329,25.329,True
0018,123,2,car,18.624,16.849,1.599,21.851,18.679,18.679,False
0018,123,6,car,34.077,32.211,0.515,57.559,29.732,29.732,True
0018,124,2,car,18.463,16.688,1.615,21.854,18.89,18.89,False
0018,124,1,car,8.8,6.643,1.589,8.365,7.474,7.474,False
0018,124,3,car,27.047,24.859,0.0,37.958,25.62,25.62,True
0018,124,6,car,33.934,32.066,0.538,57.562,30.136,30.136,True
0018,125,2,car,18.302,16.527,1.631,21.864,18.281,18.281,False
0018,125,3,car,26.899,24.711,0.0,39.167,25.043,25.043,True
0018,125,1,car,8.714,6.556,1.602,8.357,7.37,7.37,False
0018,125,6,car,33.791,31.92,0.562,60.294,30.137,30.137,True
0018,126,2,car,18.141,16.365,1.647,21.485,17.995,17.995,False
0018,126,3,car,26.75,24.562,0.0,37.906,25.184,25.184,True
0018,126,1,car,8.627,6.47,1.614,8.23,7.361,7.361,False
0018,126,6,car,33.647,31.775,0.585,63.418,29.937,29.937,True
0018,127,3,car,26.602,24.414,0.0,36.816,24.902,24.902,True
0018,127,1,car,8.541,6.383,1.627,8.093,7.219,7.219,False
0018,127,6,car,33.504,31.63,0.608,60.388,30.553,30.553,True
0018,127,2,car,17.98,16.204,1.663,21.484,17.893,17.893,False
0018,128,2,car,17.877,16.101,1.68,21.118,17.792,17.792,False
0018,128,3,car,26.454,24.265,0.0,36.811,24.491,24.491,True
0018,128,1,car,8.455,6.297,1.639,8.02,7.181,7.181,False
0018,128,6,car,33.361,31.484,0.632,57.474,29.74,29.74,True
0018,129,2,car,17.774,15.998,1.697,20.43,17.865,17.865,False
0018,129,3,car,26.288,24.1,0.0,35.698,23.964,23.964,True
0018,129,1,car,8.369,6.21,1.652,7.891,7.213,7.213,False
0018,129,6,car,33.255,31.379,0.665,54.938,30.143,30.143,True
0018,130,2,car,17.672,15.894,1.713,20.104,17.66,17.66,False
0018,130,3,car,26.147,23.959,0.0,33.733,23.459,23.459,True
0018,130,1,car,8.283,6.124,1.665,7.785,7.01,7.01,False
0018,130,6,car,33.15,31.274,0.698,50.484,29.743,29.743,True
0018,131,2,car,17.569,15.791,1.73,19.774,17.463,17.463,False
0018,131,3,car,26.005,23.817,0.0,33.733,23.458,23.458,True
0018,131,1,car,8.197,6.038,1.677,7.678,6.921,6.921,False
0018,131,6,car,33.044,31.169,0.731,48.497,29.16,29.16,True
0018,132,2,car,17.466,15.688,1.746,19.786,17.743,17.743,False
0018,132,3,car,25.863,23.676,0.0,33.733,24.092,24.092,True
0018,132,1,car,8.112,5.952,1.69,7.582,6.854,6.854,False
0018,132,6,car,32.939,31.064,0.764,48.403,29.745,29.745,True
0018,133,2,car,17.364,15.585,1.765,19.467,17.337,17.337,False
0018,133,3,car,25.722,23.534,0.0,32.86,23.962,23.962,True
0018,133,1,car,8.026,5.867,1.702,7.532,6.713,6.713,False
0018,133,6,car,32.833,30.959,0.797,48.402,29.747,29.747,True
0018,134,2,car,17.262,15.483,1.784,19.168,17.016,17.016,False
0018,134,1,car,7.941,5.781,1.715,7.434,6.652,6.652,False
0018,134,3,car,25.596,23.408,0.0,32.003,23.707,23.707,True
0018,134,6,car,32.719,30.846,0.822,48.493,29.552,29.552,True
0018,135,2,car,17.159,15.38,1.803,19.179,17.083,17.083,False
0018,135,1,car,7.773,5.612,1.703,7.355,6.612,6.612,False
0018,135,3,car,25.47,23.283,0.0,31.999,23.581,23.581,True
0018,135,6,car,32.606,30.732,0.847,48.502,29.357,29.357,True
0018,136,2,car,17.057,15.278,1.821,18.895,16.962,16.962,False
0018,136,1,car,7.677,5.516,1.712,7.288,6.578,6.578,False
0018,136,3,car,25.345,23.157,0.0,32.003,23.581,23.581,True
0018,136,6,car,32.492,30.619,0.872,46.608,28.606,28.606,True
0018,137,2,car,16.955,15.175,1.84,18.61,16.842,16.842,False
0018,137,1,car,7.582,5.42,1.72,6.868,6.487,6.487,False
0018,137,3,car,25.219,23.032,0.0,31.191,24.09,24.09,True
0018,137,6,car,32.378,30.506,0.897,44.966,28.793,28.793,True
0018,138,2,car,16.854,15.073,1.859,18.611,16.476,16.476,False
0018,138,1,car,7.487,5.324,1.729,7.067,6.475,6.475,False
0018,138,3,car,25.094,22.906,0.0,31.187,23.581,23.581,True
0018,138,6,car,32.264,30.393,0.922,44.912,29.172,29.172,True
0018,139,2,car,16.752,14.971,1.877,18.333,16.362,16.362,False
0018,139,1,car,7.392,5.229,1.737,6.682,6.527,6.527,False
0018,139,3,car,24.968,22.78,0.0,31.161,23.456,23.456,True
0018,139,6,car,32.155,30.283,0.94,44.871,28.984,28.984,True
0018,140,2,car,16.65,14.869,1.896,18.347,16.308,16.308,False
0018,140,1,car,7.298,5.134,1.746,7.437,6.566,6.566,False
0018,140,3,car,24.842,22.655,0.0,30.389,23.212,23.212,True
0018,140,6,car,32.045,30.173,0.957,43.332,28.431,28.431,True
0018,141,2,car,16.548,14.766,1.915,17.564,16.139,16.139,False
0018,141,1,car,7.203,5.04,1.754,6.836,6.625,6.625,False
0018,141,3,car,24.717,22.529,0.0,29.655,22.508,22.508,True
0018,141,6,car,31.936,30.063,0.975,44.876,28.433,28.433,True
0018,142,2,car,16.447,14.664,1.934,17.581,16.318,16.318,False
0018,142,1,car,7.109,4.946,1.763,6.591,6.706,6.706,False
0018,142,3,car,24.591,22.404,0.0,29.677,22.508,22.508,True
0018,142,6,car,31.827,29.954,0.992,43.334,27.557,27.557,True
0018,143,2,car,16.362,14.578,1.949,17.569,16.267,16.267,False
0018,143,1,car,7.016,4.852,1.771,7.044,6.745,6.745,False
0018,143,3,car,24.466,22.278,0.0,29.675,22.508,22.508,True
0018,143,6,car,31.718,29.844,1.009,43.292,27.556,27.556,True
0018,144,2,car,16.275,14.491,1.955,17.572,16.04,16.04,False
0018,144,1,car,6.922,4.759,1.78,6.975,6.754,6.754,False
0018,144,3,car,24.368,22.18,0.0,29.652,22.854,22.854,True
0018,144,6,car,31.613,29.739,1.022,43.401,27.557,27.557,True
0018,145,2,car,16.188,14.404,1.961,17.572,16.218,16.218,False
0018,145,1,car,6.829,4.667,1.788,6.953,6.84,6.84,False
0018,145,3,car,24.27,22.082,0.0,29.652,22.738,22.738,True
0018,145,6,car,31.508,29.634,1.035,43.292,27.904,27.904,True
0018,146,1,car,6.725,4.563,1.797,6.986,6.881,6.881,False
0018,146,2,car,16.101,14.317,1.967,16.862,15.876,15.876,False
0018,146,6,car,31.402,29.529,1.048,43.289,27.729,27.729,True
0018,146,3,car,24.172,21.985,0.0,28.956,22.395,22.395,True
0018,146,7,car,50.254,48.165,4.804,85.95,52.137,52.137,False
0018,147,6,car,31.297,29.424,1.061,41.929,26.895,26.895,True
0018,147,1,car,6.622,4.46,1.806,6.949,6.935,6.935,False
0018,147,2,car,16.015,14.229,1.973,16.871,15.66,15.66,False
0018,147,3,car,24.074,21.887,0.0,28.956,22.283,22.283,True
0018,147,7,car,48.152,46.063,4.853,80.471,49.835,49.835,False
0018,148,6,car,31.192,29.319,1.074,41.929,26.895,26.895,True
0018,148,1,car,6.518,4.358,1.815,7.226,6.972,6.972,False
0018,148,2,car,15.955,14.17,1.974,16.642,15.666,15.666,False
0018,148,3,car,23.977,21.789,0.0,28.289,22.062,22.062,True
0018,148,7,car,46.052,43.961,4.902,67.25,44.887,44.887,False
0018,149,1,car,6.415,4.257,1.823,7.285,7.009,7.009,False
0018,149,6,car,31.09,29.216,1.074,41.933,26.735,26.735,True
0018,149,2,car,15.896,14.11,1.974,16.644,15.666,15.666,False
0018,149,3,car,23.944,21.757,0.0,28.307,22.062,22.062,True
0018,149,7,car,43.954,41.862,4.951,50.703,35.936,35.936,False
0019,0,0,car,4.414,2.621,2.185,7.471,9.115,9.115,False
0019,0,65,van,35.641,32.697,0.815,55.011,40.343,40.343,True
0019,0,1,pedestrian,9.903,9.323,2.105,10.886,10.663,10.663,False
0019,0,64,cyclist,20.003,18.989,4.275,30.402,20.443,20.443,False
0019,0,4,pedestrian,19.058,18.75,1.125,24.947,20.522,20.522,True
0019,0,2,cyclist,22.579,21.655,3.586,38.457,23.12,23.12,False
0019,1,0,car,4.246,2.489,2.164,6.967,9.424,9.424,False
0019,1,65,van,35.502,32.557,0.784,55.037,40.691,40.691,True
0019,1,1,pedestrian,9.948,9.367,2.085,10.847,10.532,10.532,False
0019,1,4,pedestrian,19.074,18.766,1.107,24.951,20.275,20.275,True
0019,1,64,cyclist,19.624,18.609,4.24,31.183,22.589,22.589,False
0019,2,0,car,4.083,2.37,2.143,7.557,9.584,9.584,False
0019,2,65,van,35.362,32.416,0.752,57.612,40.862,40.862,True
0019,2,1,pedestrian,9.993,9.412,2.066,11.494,10.884,10.884,False
0019,2,64,cyclist,19.245,18.229,4.204,25.513,19.906,19.906,False
0019,2,4,pedestrian,19.09,18.783,1.09,25.986,20.437,20.437,True
0019,2,2,cyclist,21.854,20.923,3.513,41.114,21.569,21.569,False
0019,3,65,van,35.294,32.347,0.745,60.449,41.576,41.576,True
0019,3,0,car,3.926,2.266,2.122,7.583,10.252,10.252,False
0019,3,4,pedestrian,19.106,18.799,1.072,26.553,20.773,20.773,True
0019,3,64,cyclist,18.866,17.85,4.169,24.076,18.125,18.125,False
0019,3,1,pedestrian,10.038,9.456,2.046,11.514,10.599,10.599,False
0019,3,2,cyclist,21.491,20.558,3.477,35.224,21.76,21.76,False
0019,4,65,van,35.226,32.278,0.738,67.025,41.215,41.215,True
0019,4,0,car,3.776,2.179,2.102,,,,False
0019,4,1,pedestrian,10.083,9.501,2.026,11.761,10.898,10.898,False
0019,4,64,cyclist,18.487,17.47,4.133,24.079,18.659,18.659,False
0019,4,4,pedestrian,19.122,18.816,1.053,32.091,23.036,23.036,True
0019,4,2,cyclist,21.128,20.192,3.441,39.831,22.146,22.146,False
0019,5,65,van,35.164,32.217,0.658,70.913,41.21,41.21,True
0019,5,1,pedestrian,10.128,9.545,2.006,11.635,10.789,10.789,False
0019,5,0,car,3.633,2.111,2.081,7.719,11.482,11.482,False
0019,5,64,cyclist,18.109,17.091,4.098,23.628,18.799,18.799,False
0019,5,2,cyclist,20.765,19.826,3.405,41.035,21.321,21.321,False
0019,6,65,van,35.103,32.156,0.578,70.906,41.03,41.03,True
0019,6,1,pedestrian,10.193,9.611,2.013,12.153,11.006,11.006,False
0019,6,0,car,3.499,2.065,2.06,7.826,12.692,12.692,False
0019,6,64,cyclist,17.731,16.711,4.062,24.09,18.612,18.612,False
0019,6,4,pedestrian,19.187,18.882,1.061,32.091,22.628,22.628,True
0019,7,65,van,35.042,32.095,0.498,75.244,41.028,41.028,True
0019,7,1,pedestrian,10.258,9.677,2.021,12.231,11.123,11.123,False
0019,8,65,van,34.981,32.034,0.418,75.237,40.328,40.328,True
0019,8,1,pedestrian,10.323,9.742,2.029,12.279,10.967,10.967,False
0019,8,2,cyclist,19.522,18.576,3.227,41.04,19.769,19.769,False
0019,8,64,cyclist,16.987,15.967,3.968,27.85,20.458,20.458,False
0019,9,65,van,34.921,31.974,0.337,75.226,39.984,39.984,True
0019,9,1,pedestrian,10.388,9.808,2.036,12.279,11.301,11.301,False
0019,9,64,cyclist,16.622,15.601,3.91,28.478,20.312,20.312,False
0019,10,65,van,34.86,31.913,0.257,75.18,40.317,40.317,True
0019,10,1,pedestrian,10.453,9.874,2.044,12.265,11.2,11.2,False
0019,11,65,van,34.741,31.792,0.111,79.999,39.639,39.639,True
0019,11,1,pedestrian,10.532,9.954,2.047,12.851,11.383,11.383,False
0019,12,65,van,34.696,31.75,0.004,85.656,40.48,40.48,True
0019,12,1,pedestrian,10.611,10.034,2.049,13.139,11.368,11.368,False
0019,13,65,van,34.652,31.708,0.0,92.069,39.796,39.796,True
0019,13,1,pedestrian,10.689,10.114,2.052,13.266,11.461,11.461,False
0019,14,65,van,34.608,31.666,0.0,92.055,40.298,40.298,True
0019,14,1,pedestrian,10.768,10.195,2.055,13.274,11.51,11.51,False
0019,14,2,cyclist,17.322,16.364,2.844,25.752,18.502,18.502,False
0019,15,65,van,34.565,31.624,0.0,92.034,39.789,39.789,True
0019,15,1,pedestrian,10.847,10.275,2.058,13.439,11.56,11.56,False
0019,16,65,van,34.522,31.583,0.0,85.591,39.954,39.954,True
0019,16,1,pedestrian,10.925,10.354,2.101,13.816,11.822,11.822,False
0019,16,64,cyclist,14.069,13.043,3.502,18.31,15.229,15.229,False
0019,17,1,pedestrian,11.003,10.432,2.145,13.816,11.834,11.834,False
0019,17,65,van,34.452,31.511,0.0,80.008,39.95,39.95,True
0019,18,65,van,34.382,31.439,0.0,85.56,40.115,40.115,True
0019,18,1,pedestrian,11.081,10.511,2.188,13.838,11.959,11.959,False
0019,19,65,van,34.313,31.368,0.0,91.975,39.612,39.612,True
0019,19,1,pedestrian,11.159,10.589,2.231,13.996,12.028,12.028,False
0019,20,1,pedestrian,11.237,10.668,2.274,14.859,12.444,12.444,False
0019,20,65,van,34.263,31.319,0.0,99.39,39.284,39.284,True
0019,21,65,van,34.214,31.271,0.0,108.178,39.284,39.284,True
0019,21,1,pedestrian,11.276,10.707,2.355,14.882,12.242,12.242,False
0019,22,65,van,34.094,31.151,0.0,118.636,39.947,39.947,True
0019,22,1,pedestrian,11.316,10.746,2.435,14.913,12.169,12.169,False
0019,23,3,car,49.152,47.088,1.832,,50.145,50.145,False
0019,23,65,van,33.975,31.033,0.0,108.163,39.29,39.29,True
0019,23,1,pedestrian,11.355,10.785,2.515,14.931,12.421,12.421,False
0019,24,3,car,48.594,46.529,1.58,,48.497,48.497,False
0019,24,65,van,33.858,30.916,0.0,108.162,39.295,39.295,True
0019,24,1,pedestrian,11.396,10.825,2.595,14.977,12.557,12.557,False
0019,25,65,van,33.742,30.8,0.002,99.394,38.98,38.98,True
0019,25,3,car,48.037,45.972,1.328,,49.56,49.56,False
0019,25,1,pedestrian,11.436,10.866,2.675,15.13,12.46,12.46,False
0019,26,1,pedestrian,11.438,10.867,2.739,14.944,11.981,11.981,False
0019,26,65,van,33.555,30.613,0.133,91.942,38.67,38.67,True
0019,26,3,car,47.481,45.417,1.075,,49.551,49.551,True
0019,27,1,pedestrian,11.44,10.869,2.804,14.639,12.111,12.111,False
0019,27,3,car,46.927,44.862,0.802,,47.435,47.435,True
0019,27,65,van,33.369,30.427,0.265,99.486,38.365,38.365,True
0019,28,1,pedestrian,11.442,10.871,2.868,14.498,12.277,12.277,False
0019,28,65,van,33.184,30.241,0.397,91.958,38.373,38.373,True
0019,28,3,car,46.377,44.311,0.616,,46.932,46.932,True
0019,29,1,pedestrian,11.445,10.874,2.932,15.059,12.387,12.387,False
0019,29,3,car,45.827,43.761,0.43,,45.03,45.03,True
0019,29,65,van,32.999,30.055,0.529,91.961,38.225,38.225,True
0019,30,65,van,32.815,29.87,0.66,99.486,38.088,38.088,True
0019,30,3,car,45.279,43.211,0.244,,44.575,44.575,True
0019,30,1,pedestrian,11.448,10.877,2.996,15.447,12.339,12.339,False
0019,31,3,car,44.73,42.662,0.058,,43.697,43.697,True
0019,31,65,van,32.632,29.686,0.825,99.459,37.792,37.792,True
0019,31,1,pedestrian,11.369,10.797,3.063,15.304,12.138,12.138,False
0019,32,3,car,43.925,41.855,0.0,,44.568,44.568,True
0019,32,65,van,32.451,29.503,0.99,92.015,37.51,37.51,True
0019,32,1,pedestrian,11.29,10.718,3.128,14.844,12.195,12.195,False
0019,33,3,car,43.12,41.05,0.0,,45.475,45.475,True
0019,33,65,van,32.27,29.32,1.155,85.614,37.668,37.668,True
0019,33,1,pedestrian,11.213,10.639,3.19,14.586,12.231,12.231,False
0019,34,3,car,42.316,40.245,0.0,,45.014,45.014,True
0019,34,65,van,32.091,29.138,1.32,85.65,37.541,37.541,False
0019,34,1,pedestrian,11.136,10.562,3.253,14.624,12.128,12.128,False
0019,35,3,car,41.513,39.442,0.0,,42.849,42.849,True
0019,35,65,van,31.912,28.958,1.485,80.108,36.834,36.834,False
0019,35,1,pedestrian,11.06,10.485,3.315,14.576,11.801,11.801,False
0019,36,3,car,40.712,38.639,0.0,147.129,42.04,42.04,True
0019,36,65,van,31.735,28.779,1.65,66.997,36.442,36.442,False
0019,36,1,pedestrian,10.935,10.358,3.404,14.037,11.695,11.695,False
0019,37,3,car,39.911,37.839,0.0,108.202,40.513,40.513,True
0019,37,1,pedestrian,10.82,10.24,3.494,13.53,11.687,11.687,False
0019,37,65,van,31.467,28.51,1.827,63.56,36.751,36.751,False
0019,38,1,pedestrian,10.692,10.11,3.583,12.963,11.51,11.51,False
0019,38,3,car,39.112,37.039,0.0,85.544,40.515,40.515,True
0019,38,65,van,31.201,28.244,2.005,52.694,35.945,35.945,False
0019,38,64,cyclist,4.639,3.678,2.304,,,,False
0019,39,65,van,30.936,27.979,2.183,46.727,32.741,32.741,False
0019,39,3,car,38.314,36.241,0.0,70.761,38.424,38.424,True
0019,39,1,pedestrian,10.573,9.989,3.672,12.928,11.517,11.517,False
0019,40,65,van,30.673,27.715,2.36,50.6,33.013,33.013,False
0019,40,3,car,37.517,35.445,0.0,75.102,37.779,37.779,True
0019,40,1,pedestrian,10.46,9.873,3.762,13.025,11.251,11.251,False
0019,41,3,car,36.581,34.509,0.13,80.037,36.546,36.546,True
0019,41,65,van,30.36,27.395,2.547,55.18,32.567,32.567,False
0019,41,1,pedestrian,10.291,9.7,3.817,13.129,11.097,11.097,False
0019,42,65,van,30.05,27.078,2.7,52.849,34.036,34.036,False
0019,42,3,car,35.645,33.574,0.269,79.995,35.113,35.113,True
0019,42,1,pedestrian,10.12,9.525,3.873,13.277,11.115,11.115,False
0019,43,65,van,29.741,26.763,2.853,55.266,33.591,33.591,False
0019,43,3,car,34.711,32.64,0.408,79.962,35.681,35.681,True
0019,43,1,pedestrian,9.955,9.356,3.929,13.008,10.676,10.676,False
0019,44,65,van,29.433,26.449,3.006,52.897,33.043,33.043,False
0019,44,3,car,33.783,31.711,0.453,70.738,33.794,33.794,True
0019,44,1,pedestrian,9.792,9.189,3.984,13.354,10.822,10.822,False
0019,44,2,cyclist,3.756,2.796,1.616,7.592,7.426,7.426,False
0019,45,65,van,29.102,26.116,3.046,50.756,32.834,32.834,False
0019,45,3,car,32.855,30.782,0.498,63.414,32.562,32.562,True
0019,46,65,van,28.772,25.783,3.086,48.776,30.076,30.076,False
0019,46,3,car,31.948,29.878,0.493,57.469,30.98,30.98,True
0019,47,65,van,28.423,25.435,3.024,46.916,29.889,29.889,False
0019,47,3,car,31.055,28.986,0.376,54.895,30.978,30.978,True
0019,48,65,van,28.074,25.086,2.961,45.215,29.486,29.486,False
0019,48,3,car,29.998,27.928,0.216,50.466,29.933,29.933,True
0019,49,65,van,27.72,24.732,2.815,42.093,31.131,31.131,False
0019,49,3,car,29.052,26.98,0.0,44.868,28.222,28.222,True
0019,50,65,van,27.367,24.378,2.669,39.366,29.073,29.073,False
0019,50,3,car,28.107,26.032,0.0,40.459,27.349,27.349,True
0019,51,65,van,27.014,24.025,2.522,38.126,28.873,28.873,False
0019,51,3,car,27.159,25.084,0.0,37.912,26.85,26.85,True
0019,52,65,van,26.672,23.684,2.34,36.979,30.391,30.391,False
0019,52,3,car,26.213,24.138,0.0,35.721,25.321,25.321,True
0019,53,65,van,26.331,23.344,2.158,38.099,27.939,27.939,False
0019,53,3,car,25.256,23.179,0.0,33.742,24.485,24.485,True
0019,53,1,pedestrian,8.163,7.542,3.814,10.338,9.058,9.058,False
0019,54,3,car,24.3,22.223,0.0,31.991,23.578,23.578,True
0019,54,65,van,25.99,23.006,1.976,36.927,27.079,27.079,False
0019,54,1,pedestrian,7.966,7.344,3.748,10.095,8.652,8.652,False
0019,55,65,van,25.642,22.654,1.82,35.847,26.974,26.974,False
0019,55,3,car,23.347,21.267,0.0,29.681,22.738,22.738,True
0019,55,1,pedestrian,7.769,7.145,3.682,9.63,8.244,8.244,False
0019,56,65,van,25.294,22.303,1.665,34.82,26.397,26.397,False
0019,56,3,car,22.387,20.307,0.0,27.645,21.85,21.85,True
0019,56,1,pedestrian,7.6,6.973,3.655,9.239,8.183,8.183,False
0019,57,65,van,24.947,21.953,1.509,33.828,26.231,26.231,False
0019,57,3,car,21.468,19.387,0.0,26.503,21.03,21.03,True
0019,57,1,pedestrian,7.431,6.801,3.629,8.849,7.975,7.975,False
0019,58,3,car,20.55,18.469,0.0,25.379,20.089,20.089,True
0019,58,65,van,24.587,21.592,1.427,32.929,27.485,27.485,False
0019,58,1,pedestrian,7.263,6.63,3.597,8.987,7.933,7.933,False
0019,59,65,van,24.227,21.23,1.345,32.912,25.323,25.323,False
0019,59,3,car,19.634,17.551,0.0,23.503,19.066,19.066,True
0019,59,1,pedestrian,7.095,6.46,3.561,8.704,7.588,7.588,False
0019,60,65,van,23.867,20.869,1.263,32.04,26.114,26.114,False
0019,60,3,car,18.719,16.634,0.117,22.242,17.925,17.925,True
0019,60,1,pedestrian,6.929,6.291,3.524,8.4,7.308,7.308,False
0019,61,3,car,17.744,15.658,0.178,20.425,16.914,16.914,True
0019,61,65,van,23.507,20.508,1.181,31.22,24.343,24.343,True
0019,61,1,pedestrian,6.729,6.09,3.496,8.174,7.122,7.122,False
0019,62,3,car,16.77,14.681,0.239,19.207,16.014,16.014,True
0019,62,65,van,23.147,20.147,1.099,31.215,23.825,23.825,True
0019,63,3,car,15.796,13.706,0.301,17.828,15.002,15.002,True
0019,63,65,van,22.788,19.786,0.994,31.211,23.506,23.506,True
0019,64,3,car,14.824,12.73,0.362,16.229,13.894,13.894,True
0019,64,65,van,22.429,19.426,0.887,30.442,23.079,23.079,True
0019,65,3,car,14.201,12.101,0.505,15.087,13.019,13.019,True
0019,65,65,van,22.131,19.129,0.791,28.994,22.55,22.55,True
0019,66,65,van,21.833,18.831,0.695,28.314,23.987,23.987,True
0019,66,3,car,13.096,10.988,0.484,13.788,11.99,11.99,True
0019,67,65,van,21.536,18.535,0.599,27.071,23.861,23.861,True
0019,67,3,car,12.22,10.1,0.552,12.586,11.174,11.174,True
0019,67,4,pedestrian,12.202,11.872,2.59,16.952,13.74,13.74,False
0019,68,65,van,21.236,18.237,0.478,25.914,21.816,21.816,True
0019,68,3,car,11.604,9.472,0.619,11.602,10.423,10.423,True
0019,68,4,pedestrian,12.056,11.727,2.52,16.338,13.236,13.236,False
0019,69,3,car,10.989,8.846,0.685,10.689,9.449,9.449,True
0019,69,65,van,20.937,17.94,0.356,25.374,21.809,21.809,True
0019,69,4,pedestrian,11.912,11.582,2.449,15.534,12.634,12.634,False
0019,70,65,van,20.638,17.643,0.234,24.861,23.031,23.031,True
0019,70,3,car,10.378,8.223,0.752,9.765,8.922,8.922,True
0019,70,4,pedestrian,11.767,11.437,2.379,16.992,13.476,13.476,False
0019,71,3,car,9.73,7.569,0.815,9.018,8.187,8.187,True
0019,71,65,van,20.392,17.389,0.143,23.888,21.18,21.18,True
0019,71,4,pedestrian,11.622,11.292,2.308,14.644,12.146,12.146,False
0019,72,3,car,9.086,6.918,0.878,8.221,7.217,7.217,True
0019,72,65,van,20.158,17.157,0.041,23.43,22.319,22.319,True
0019,72,4,pedestrian,11.478,11.147,2.238,14.13,12.079,12.079,False
0019,73,3,car,8.445,6.271,0.942,7.518,6.776,6.776,True
0019,73,65,van,19.925,16.925,0.0,22.559,22.055,22.055,True
0019,73,14,pedestrian,32.214,31.607,3.093,43.493,32.358,32.358,False
0019,73,4,pedestrian,11.333,11.002,2.167,13.825,11.933,11.933,False
0019,74,3,car,7.809,5.627,1.005,6.937,6.23,6.23,True
0019,74,65,van,19.813,16.814,0.0,22.153,20.485,20.485,True
0019,74,4,pedestrian,11.189,10.858,2.096,13.774,12.008,12.008,False
0019,74,14,pedestrian,32.116,31.513,3.17,40.643,32.153,32.153,False
0019,75,3,car,7.179,4.989,1.068,6.695,6.32,6.32,True
0019,75,65,van,19.701,16.703,0.0,21.378,20.022,20.022,True
0019,75,4,pedestrian,11.045,10.714,2.026,13.495,11.621,11.621,False
0019,75,14,pedestrian,32.019,31.42,3.247,39.369,30.631,30.631,False
0019,76,3,car,6.663,4.466,1.1,6.426,6.246,6.246,True
0019,76,65,van,19.59,16.592,0.0,21.378,21.304,21.304,True
0019,76,4,pedestrian,11.052,10.721,2.006,13.338,11.431,11.431,False
0019,76,14,pedestrian,31.922,31.327,3.325,39.412,31.009,31.009,False
0019,77,3,car,6.152,3.95,1.133,6.962,6.526,6.526,True
0019,77,65,van,19.479,16.481,0.0,21.011,19.749,19.749,True
0019,77,4,pedestrian,11.059,10.729,1.985,13.338,11.642,11.642,False
0019,78,65,van,19.354,16.355,0.0,20.656,20.836,20.836,True
0019,78,3,car,5.648,3.443,1.165,7.138,6.883,6.883,True
0019,78,4,pedestrian,11.066,10.737,1.965,13.065,11.706,11.706,False
0019,79,3,car,5.153,2.95,1.197,7.152,7.019,7.019,True
0019,79,65,van,19.229,16.229,0.0,20.658,21.157,21.157,True
0019,79,4,pedestrian,11.074,10.745,1.945,12.917,11.744,11.744,False
0019,79,7,pedestrian,23.537,23.019,4.667,31.055,25.577,25.577,False
0019,79,14,pedestrian,32.057,31.498,3.361,38.178,30.643,30.643,False
0019,80,3,car,4.669,2.48,1.229,6.414,7.15,7.15,False
0019,80,65,van,19.104,16.104,0.0,19.661,19.791,19.791,True
0019,80,14,pedestrian,32.049,31.502,3.382,35.968,31.019,31.019,False
0019,80,7,pedestrian,23.31,22.791,4.712,25.954,22.877,22.877,False
0019,80,4,pedestrian,11.081,10.752,1.925,12.87,11.815,11.815,False
0019,81,3,car,4.301,2.138,1.247,6.439,7.509,7.509,False
0019,81,65,van,18.979,15.978,0.0,19.05,21.155,21.155,True
0019,81,4,pedestrian,11.088,10.76,1.905,12.75,11.793,11.793,False
0019,81,14,pedestrian,32.04,31.507,3.404,33.982,31.209,31.209,False
0019,81,7,pedestrian,23.083,22.564,4.758,23.987,23.0,23.0,False
0019,82,3,car,3.945,1.831,1.264,6.507,7.432,7.432,False
0019,82,65,van,18.854,15.852,0.0,18.76,21.062,21.062,True
0019,82,4,pedestrian,11.096,10.768,1.885,12.625,11.756,11.756,False
0019,83,65,van,18.761,15.758,0.0,18.76,19.66,19.66,True
0019,83,3,car,3.605,1.582,1.282,6.51,8.017,8.017,False
0019,83,10,pedestrian,23.473,23.004,5.696,24.226,25.112,25.112,False
0019,83,4,pedestrian,11.103,10.776,1.864,12.367,11.831,11.831,False
0019,84,65,van,18.668,15.664,0.0,18.475,19.663,19.663,True
0019,84,3,car,3.285,1.421,1.3,6.591,8.431,8.431,False
0019,84,10,pedestrian,23.486,23.034,5.703,24.21,25.974,25.974,False
0019,84,4,pedestrian,11.111,10.784,1.844,12.386,11.807,11.807,False
0019,85,65,van,18.575,15.571,0.0,18.202,20.435,20.435,True
0019,85,3,car,2.991,1.378,1.317,6.67,9.678,9.678,False
0019,85,4,pedestrian,11.118,10.792,1.824,12.376,11.759,11.759,False
0019,85,7,pedestrian,22.188,21.666,4.712,22.363,21.332,21.332,False
0019,85,10,pedestrian,23.517,23.066,5.584,23.752,25.323,25.323,False
0019,86,65,van,18.482,15.477,0.0,18.204,20.44,20.44,True
0019,86,4,pedestrian,11.114,10.787,1.896,12.619,11.901,11.901,False
0019,86,3,car,2.726,1.399,1.328,7.368,10.635,10.635,False
0019,86,7,pedestrian,21.959,21.437,4.655,22.349,21.78,21.78,False
0019,87,65,van,18.381,15.38,0.0,18.204,20.447,20.447,True
0019,87,7,pedestrian,21.73,21.207,4.598,21.95,21.589,21.589,False
0019,87,4,pedestrian,11.11,10.783,1.966,12.65,11.831,11.831,False
0019,87,3,car,2.512,1.416,1.339,6.892,11.865,11.865,False
0019,87,5,pedestrian,15.424,14.913,5.897,18.864,20.42,20.42,False
0019,88,65,van,18.281,15.283,0.0,17.938,20.325,20.325,True
0019,88,4,pedestrian,11.106,10.779,2.035,12.527,11.821,11.821,False
0019,88,7,pedestrian,21.473,20.952,4.485,21.557,21.052,21.052,False
0019,88,10,pedestrian,23.615,23.169,5.23,24.098,25.232,25.232,False
0019,88,14,pedestrian,32.225,31.701,2.751,32.977,31.134,31.134,False
0019,89,65,van,18.181,15.187,0.111,17.684,18.942,18.942,True
0019,89,10,pedestrian,23.649,23.205,5.112,21.511,20.884,20.884,False
0019,89,4,pedestrian,11.103,10.776,2.105,12.43,11.887,11.887,False
0019,89,5,pedestrian,14.937,14.424,5.77,17.835,19.261,19.261,False
0019,90,65,van,18.057,15.063,0.229,17.436,19.963,19.963,True
0019,90,10,pedestrian,23.655,23.203,4.923,21.166,20.543,20.543,False
0019,90,5,pedestrian,14.694,14.18,5.706,17.835,19.755,19.755,False
0019,90,4,pedestrian,11.101,10.773,2.174,12.456,11.851,11.851,False
0019,91,65,van,17.934,14.94,0.347,17.441,19.89,19.89,True
0019,91,10,pedestrian,23.662,23.204,4.735,21.154,20.943,20.943,False
0019,91,4,pedestrian,11.099,10.771,2.244,12.611,11.978,11.978,False
0019,91,5,pedestrian,14.455,13.941,5.615,17.566,19.632,19.632,False
0019,92,65,van,17.812,14.817,0.465,17.197,19.658,19.658,True
0019,92,7,pedestrian,20.468,19.956,4.116,20.168,20.034,20.034,False
0019,92,4,pedestrian,11.098,10.769,2.313,12.615,11.834,11.834,False
0019,93,65,van,17.691,14.694,0.583,16.745,19.554,19.554,True
0019,93,7,pedestrian,20.186,19.672,3.998,19.513,19.723,19.723,False
0019,93,4,pedestrian,11.097,10.768,2.383,12.48,11.883,11.883,False
0019,93,5,pedestrian,13.958,13.443,5.399,17.54,19.221,19.221,False
0019,94,65,van,17.55,14.553,0.723,16.523,19.375,19.375,True
0019,94,7,pedestrian,19.904,19.389,3.879,19.464,19.712,19.712,False
0019,94,4,pedestrian,11.096,10.767,2.452,12.308,11.808,11.808,False
0019,94,14,pedestrian,32.079,31.537,1.317,31.207,31.814,31.814,False
0019,95,65,van,17.411,14.413,0.853,16.542,19.397,19.397,True
0019,95,10,pedestrian,23.622,23.188,4.003,23.357,24.935,24.935,False
0019,95,4,pedestrian,11.096,10.767,2.521,12.229,11.936,11.936,False
0019,95,7,pedestrian,19.623,19.107,3.755,19.198,19.183,19.183,False
0019,96,65,van,17.274,14.274,0.983,16.333,19.229,19.229,True
0019,96,7,pedestrian,19.341,18.824,3.629,18.898,19.175,19.175,False
0019,96,10,pedestrian,23.605,23.176,3.802,23.332,25.142,25.142,False
0019,96,4,pedestrian,11.021,10.69,2.641,11.916,11.624,11.624,False
0019,97,65,van,17.139,14.137,1.113,15.908,18.839,18.839,True
0019,97,4,pedestrian,10.948,10.614,2.761,12.3,11.86,11.86,False
0019,97,7,pedestrian,19.06,18.542,3.504,18.325,18.943,18.943,False
0019,97,10,pedestrian,23.527,23.103,3.578,22.877,24.855,24.855,False
0019,97,5,pedestrian,12.9,12.382,5.026,16.936,19.677,19.677,False
0019,98,65,van,16.942,13.935,1.246,15.942,17.417,17.417,False
0019,98,4,pedestrian,10.877,10.541,2.881,12.123,11.548,11.548,False
0019,98,7,pedestrian,18.735,18.216,3.385,18.06,18.318,18.318,False
0019,98,10,pedestrian,23.506,23.072,3.341,23.24,26.084,26.084,False
0019,98,5,pedestrian,12.616,12.098,4.942,16.021,18.316,18.316,False
0019,99,65,van,16.747,13.734,1.379,15.752,18.333,18.333,False
0019,99,10,pedestrian,23.5,23.086,3.201,23.209,25.783,25.783,False
0019,99,4,pedestrian,10.808,10.469,3.001,12.083,11.495,11.495,False
0019,99,7,pedestrian,18.411,17.891,3.265,18.288,17.986,17.986,False
0019,99,14,pedestrian,31.76,31.222,0.0,31.16,32.169,32.169,True
0019,100,65,van,16.554,13.535,1.511,15.765,18.026,18.026,False
0019,100,4,pedestrian,10.697,10.357,3.095,11.923,11.454,11.454,False
0019,100,10,pedestrian,23.394,22.982,2.982,23.633,25.24,25.24,False
0019,100,7,pedestrian,18.087,17.565,3.146,17.739,17.486,17.486,False
0019,100,14,pedestrian,31.687,31.159,0.0,31.972,31.965,31.965,True
0019,101,65,van,16.362,13.337,1.644,15.598,17.695,17.695,False
0019,101,7,pedestrian,17.763,17.24,3.027,17.732,17.418,17.418,False
0019,101,10,pedestrian,23.289,22.881,2.762,24.08,24.962,24.962,False
0019,101,4,pedestrian,10.589,10.246,3.189,11.885,11.368,11.368,False
0019,102,65,van,16.173,13.142,1.776,15.606,16.469,16.469,False
0019,102,4,pedestrian,10.482,10.137,3.282,11.843,11.219,11.219,False
0019,102,7,pedestrian,17.439,16.915,2.908,17.49,17.531,17.531,False
0019,102,10,pedestrian,23.186,22.781,2.543,23.594,24.695,24.695,False
0019,102,12,pedestrian,31.657,31.029,0.752,32.841,33.243,33.243,True
0019,102,14,pedestrian,31.482,30.957,0.0,33.735,32.38,32.38,True
0019,102,5,pedestrian,11.376,10.857,4.65,16.086,17.926,17.926,False
0019,103,65,van,15.915,12.88,1.841,15.243,17.232,17.232,False
0019,103,7,pedestrian,17.057,16.532,2.821,17.005,17.06,17.06,False
0019,103,4,pedestrian,10.377,10.03,3.376,11.992,11.25,11.25,False
0019,103,12,pedestrian,31.402,30.777,0.572,32.838,32.595,32.595,True
0019,103,10,pedestrian,23.085,22.683,2.323,23.561,25.41,25.41,False
0019,104,65,van,15.657,12.619,1.906,15.1,16.084,16.084,False
0019,104,10,pedestrian,22.966,22.552,2.168,24.015,25.264,25.264,False
0019,104,12,pedestrian,31.147,30.527,0.392,32.833,33.233,33.233,True
0019,104,4,pedestrian,10.275,9.925,3.47,11.892,11.04,11.04,False
0019,104,7,pedestrian,16.674,16.149,2.735,16.772,16.299,16.299,False
0019,105,65,van,15.401,12.358,1.971,14.752,15.781,15.781,False
0019,105,7,pedestrian,16.305,15.779,2.7,16.545,15.947,15.947,False
0019,105,4,pedestrian,10.174,9.822,3.564,11.497,10.864,10.864,False
0019,105,10,pedestrian,22.849,22.421,2.013,23.543,24.4,24.4,False
0019,105,12,pedestrian,30.893,30.279,0.213,31.973,32.378,32.378,True
0019,105,14,pedestrian,31.083,30.539,0.525,32.857,31.01,31.01,True
0019,106,65,van,15.146,12.099,2.036,14.43,15.435,15.435,False
0019,106,7,pedestrian,15.937,15.409,2.666,16.306,15.759,15.759,False
0019,106,4,pedestrian,9.973,9.617,3.585,11.245,10.686,10.686,False
0019,106,10,pedestrian,22.732,22.293,1.86,23.086,23.934,23.934,False
0019,106,14,pedestrian,30.953,30.403,0.732,34.728,32.845,32.845,True
0019,107,65,van,14.858,11.812,2.017,14.102,15.044,15.044,False
0019,107,4,pedestrian,9.774,9.414,3.606,10.975,10.61,10.61,False
0019,107,12,pedestrian,30.289,29.682,0.066,31.972,33.672,33.672,True
0019,107,10,pedestrian,22.58,22.14,1.846,23.084,24.391,24.391,False
0019,107,14,pedestrian,30.761,30.212,0.747,33.777,32.427,32.427,True
0019,107,7,pedestrian,15.568,15.039,2.631,15.904,16.226,16.226,False
0019,108,65,van,14.57,11.525,1.998,13.78,14.868,14.868,False
0019,108,7,pedestrian,15.136,14.606,2.685,15.519,15.147,15.147,False
0019,108,12,pedestrian,29.937,29.33,0.096,31.972,32.377,32.377,True
0019,108,14,pedestrian,30.569,30.02,0.762,33.777,31.615,31.615,True
0019,108,10,pedestrian,22.429,21.988,1.832,22.667,23.707,23.707,False
0019,108,4,pedestrian,9.576,9.211,3.626,10.585,10.149,10.149,False
0019,109,65,van,14.283,11.238,1.979,13.34,14.461,14.461,False
0019,109,12,pedestrian,29.585,28.978,0.126,29.653,31.179,31.179,True
0019,109,7,pedestrian,14.706,14.174,2.739,15.363,15.18,15.18,False
0019,109,4,pedestrian,9.379,9.01,3.647,10.559,10.117,10.117,False
0019,109,10,pedestrian,22.227,21.791,1.839,22.658,24.163,24.163,False
0019,110,65,van,13.996,10.951,1.96,12.931,14.212,14.212,False
0019,110,4,pedestrian,9.184,8.81,3.668,10.343,9.898,9.898,False
0019,110,12,pedestrian,29.233,28.627,0.156,28.286,30.067,30.067,True
0019,110,5,pedestrian,8.501,7.988,4.581,12.045,14.179,14.179,False
0019,111,65,van,13.709,10.665,1.941,12.444,13.709,13.709,False
0019,111,12,pedestrian,28.882,28.275,0.186,27.646,30.247,30.247,True
0019,111,4,pedestrian,8.99,8.612,3.688,10.055,9.654,9.654,False
0019,111,10,pedestrian,21.824,21.399,1.852,21.113,23.715,23.715,False
0019,112,65,van,13.328,10.279,1.93,12.217,13.243,13.243,False
0019,112,4,pedestrian,8.798,8.415,3.709,9.756,9.421,9.421,False
0019,112,6,pedestrian,19.474,19.088,3.917,19.502,18.494,18.494,False
0019,112,12,pedestrian,28.424,27.827,0.23,27.648,29.031,29.031,True
0019,112,8,pedestrian,25.611,24.914,2.38,26.661,29.422,29.422,False
0019,112,10,pedestrian,21.622,21.204,1.86,21.491,23.281,23.281,False
0019,113,8,pedestrian,25.156,24.459,2.212,26.612,27.956,27.956,False
0019,113,6,pedestrian,19.098,18.718,3.948,20.145,18.25,18.25,False
0019,113,65,van,12.947,9.894,1.919,11.992,12.822,12.822,False
0019,113,12,pedestrian,27.965,27.38,0.275,29.655,29.2,29.2,True
0019,113,4,pedestrian,8.608,8.22,3.73,9.638,9.201,9.201,False
0019,114,65,van,12.567,9.509,1.909,11.892,12.401,12.401,False
0019,114,4,pedestrian,8.42,8.027,3.75,9.747,9.056,9.056,False
0019,114,12,pedestrian,27.507,26.935,0.323,30.39,28.703,28.703,True
0019,114,6,pedestrian,18.723,18.348,3.979,19.861,17.539,17.539,False
0019,114,8,pedestrian,24.703,24.004,2.045,27.83,27.94,27.94,False
0019,114,10,pedestrian,21.134,20.708,1.833,23.1,22.869,22.869,False
0019,115,65,van,12.188,9.125,1.898,11.792,11.894,11.894,False
0019,115,12,pedestrian,27.049,26.492,0.372,31.978,28.222,28.222,True
0019,115,14,pedestrian,28.816,28.308,0.807,35.738,29.397,29.397,True
0019,115,4,pedestrian,8.233,7.835,3.77,9.681,8.843,8.843,False
0019,115,6,pedestrian,18.349,17.979,4.011,20.219,17.103,17.103,False
0019,115,10,pedestrian,20.848,20.419,1.826,23.543,21.978,21.978,False
0019,115,8,pedestrian,24.249,23.55,1.877,29.14,26.188,26.188,False
0019,116,65,van,11.809,8.741,1.888,11.611,11.418,11.418,False
0019,116,4,pedestrian,7.991,7.59,3.78,9.401,8.444,8.444,False
0019,116,6,pedestrian,17.975,17.612,4.043,20.6,16.585,16.585,False
0019,116,8,pedestrian,23.797,23.097,1.71,29.791,26.446,26.446,False
0019,116,14,pedestrian,28.521,28.024,0.807,37.949,28.567,28.567,True
0019,116,10,pedestrian,20.563,20.13,1.819,24.482,22.272,22.272,False
0019,116,12,pedestrian,26.591,26.051,0.423,33.74,27.758,27.758,True
0019,117,14,pedestrian,28.234,27.737,0.798,40.458,27.187,27.187,True
0019,117,8,pedestrian,23.345,22.645,1.543,31.298,26.166,26.166,False
0019,117,65,van,11.431,8.359,1.88,11.394,11.029,11.029,False
0019,117,4,pedestrian,7.752,7.348,3.789,9.083,8.081,8.081,False
0019,117,6,pedestrian,17.602,17.246,4.075,20.633,16.252,16.252,False
0019,117,12,pedestrian,26.168,25.63,0.433,35.705,27.458,27.458,True
0019,117,10,pedestrian,20.277,19.841,1.812,24.968,22.275,22.275,False
0019,118,8,pedestrian,22.841,22.141,1.393,30.522,26.425,26.425,False
0019,118,65,van,11.054,7.977,1.873,11.115,10.619,10.619,False
0019,118,4,pedestrian,7.517,7.11,3.799,8.872,7.984,7.984,False
0019,118,6,pedestrian,17.211,16.855,4.085,20.343,15.929,15.929,False
0019,118,14,pedestrian,27.947,27.449,0.789,41.843,27.187,27.187,True
0019,118,10,pedestrian,19.992,19.552,1.805,25.5,21.52,21.52,False
0019,119,65,van,10.678,7.597,1.865,10.486,10.01,10.01,False
0019,119,8,pedestrian,22.338,21.638,1.242,29.768,25.106,25.106,False
0019,119,4,pedestrian,7.286,6.875,3.809,8.471,7.634,7.634,False
0019,119,6,pedestrian,16.821,16.464,4.095,19.733,15.494,15.494,False
0019,119,14,pedestrian,27.68,27.181,0.784,40.453,26.201,26.201,True
0019,120,15,pedestrian,37.064,36.648,0.918,63.431,39.175,39.175,True
0019,120,65,van,10.303,7.217,1.858,10.01,9.692,9.692,False
0019,120,4,pedestrian,7.06,6.645,3.819,8.562,7.714,7.714,False
0019,120,6,pedestrian,16.432,16.074,4.105,19.181,15.206,15.206,False
0019,120,8,pedestrian,21.835,21.136,1.092,27.743,24.607,24.607,True
0019,120,14,pedestrian,27.413,26.913,0.778,37.949,27.334,27.334,True
0019,120,12,pedestrian,24.896,24.368,0.464,31.982,25.39,25.39,True
0019,121,14,pedestrian,27.146,26.645,0.773,36.808,26.202,26.202,True
0019,121,15,pedestrian,36.521,36.107,0.87,57.483,37.713,37.713,True
0019,121,65,van,9.929,6.838,1.85,9.511,9.3,9.3,False
0019,121,6,pedestrian,16.043,15.685,4.115,18.403,14.69,14.69,False
0019,121,12,pedestrian,24.427,23.922,0.522,31.17,24.769,24.769,True
0019,121,4,pedestrian,6.838,6.419,3.829,9.786,8.379,8.379,False
0019,121,10,pedestrian,19.19,18.716,1.689,23.998,21.342,21.342,False
0019,121,8,pedestrian,21.333,20.633,0.942,26.527,24.132,24.132,True
0019,122,15,pedestrian,35.978,35.561,0.822,54.912,36.095,36.095,True
0019,122,65,van,9.557,6.461,1.843,9.054,8.883,8.883,False
0019,122,12,pedestrian,23.928,23.44,0.59,29.664,24.771,24.771,True
0019,122,14,pedestrian,26.827,26.333,0.76,35.746,26.338,26.338,True
0019,122,4,pedestrian,6.622,6.198,3.839,8.478,7.524,7.524,False
0019,122,6,pedestrian,15.655,15.297,4.125,17.682,14.446,14.446,False
0019,122,10,pedestrian,18.874,18.39,1.65,22.676,20.737,20.737,False
0019,123,65,van,9.185,6.086,1.835,8.819,8.454,8.454,False
0019,123,12,pedestrian,23.43,22.959,0.659,29.659,24.064,24.064,True
0019,123,14,pedestrian,26.508,26.02,0.747,34.726,27.634,27.634,True
0019,123,4,pedestrian,6.413,5.983,3.85,8.272,,8.272,False
0019,123,15,pedestrian,35.435,35.014,0.774,50.398,36.885,36.885,True
0019,123,8,pedestrian,20.341,19.642,0.625,24.404,22.805,22.805,True
0019,123,6,pedestrian,15.259,14.9,4.16,17.029,13.881,13.881,False
0019,123,10,pedestrian,18.558,18.079,1.625,22.289,20.657,20.657,False
0019,124,8,pedestrian,19.851,19.153,0.458,23.906,22.797,22.797,True
0019,124,65,van,8.809,5.706,1.82,8.167,8.001,8.001,False
0019,124,12,pedestrian,22.978,22.518,0.686,27.66,23.397,23.397,True
0019,124,6,pedestrian,14.864,14.505,4.196,16.598,13.67,13.67,False
0019,125,65,van,8.434,5.328,1.805,7.79,7.554,7.554,False
0019,125,6,pedestrian,14.471,14.112,4.231,16.059,13.65,13.65,False
0019,125,12,pedestrian,22.527,22.076,0.706,27.657,23.4,23.4,True
0019,125,8,pedestrian,19.363,18.666,0.292,23.005,22.19,22.19,True
0019,125,15,pedestrian,34.349,33.92,0.678,48.402,33.243,33.243,True
0019,125,10,pedestrian,17.894,17.558,1.786,20.792,18.902,18.902,False
0019,126,6,pedestrian,14.08,13.72,4.266,15.779,12.853,12.853,False
0019,126,12,pedestrian,22.076,21.622,0.727,27.051,21.978,21.978,True
0019,126,65,van,8.061,4.953,1.789,7.267,7.072,7.072,False
0019,126,10,pedestrian,17.563,17.151,1.829,20.462,18.634,18.634,False
0019,126,15,pedestrian,33.801,33.372,0.575,48.397,33.24,33.24,True
0019,126,8,pedestrian,18.803,18.106,0.056,22.575,20.896,20.896,True
0019,126,7,pedestrian,6.793,6.226,3.464,11.155,9.849,9.849,False
0019,127,65,van,7.689,4.581,1.773,7.062,,7.062,False
0019,127,12,pedestrian,21.615,21.156,0.764,27.058,21.794,21.794,True
0019,127,6,pedestrian,13.691,13.332,4.302,15.283,12.704,12.704,False
0019,127,10,pedestrian,17.232,16.76,1.807,20.474,18.917,18.917,False
0019,128,65,van,7.32,4.214,1.758,6.919,,6.919,False
0019,128,6,pedestrian,13.322,12.944,4.391,14.858,12.251,12.251,False
0019,128,12,pedestrian,21.155,20.689,0.802,25.409,21.519,21.519,True
0019,128,14,pedestrian,24.939,24.471,0.551,34.72,25.024,25.024,True
0019,128,8,pedestrian,17.748,17.051,0.0,21.38,19.582,19.582,True
0019,129,65,van,6.953,3.852,1.743,,,,False
0019,129,6,pedestrian,12.941,12.568,4.419,14.296,11.894,11.894,False
0019,129,12,pedestrian,20.695,20.224,0.839,24.869,20.901,20.901,True
0019,129,8,pedestrian,17.25,16.554,0.0,20.314,19.354,19.354,True
0019,129,10,pedestrian,16.592,16.111,1.905,19.249,17.585,17.585,False
0019,130,65,van,6.587,3.495,1.724,7.493,,7.493,False
0019,130,6,pedestrian,12.564,12.195,4.446,13.8,11.539,11.539,False
0019,130,15,pedestrian,31.612,31.183,0.16,70.735,43.545,43.545,True
0019,130,10,pedestrian,16.284,15.803,1.977,18.671,17.727,17.727,False
0019,130,12,pedestrian,20.236,19.758,0.877,23.9,20.819,20.819,True
0019,130,8,pedestrian,16.755,16.058,0.0,19.35,18.706,18.706,True
0019,131,65,van,6.228,3.151,1.712,6.794,7.187,7.187,False
0019,131,6,pedestrian,12.189,11.826,4.473,13.285,11.261,11.261,False
0019,131,15,pedestrian,31.075,30.641,0.042,41.786,34.361,34.361,True
0019,131,10,pedestrian,15.977,15.496,2.049,18.144,17.15,17.15,False
0019,131,12,pedestrian,19.776,19.293,0.915,23.451,19.925,19.925,True
0019,131,8,pedestrian,16.26,15.563,0.0,18.759,18.167,18.167,True
0019,132,65,van,5.871,2.819,1.697,6.878,7.204,7.204,False
0019,132,6,pedestrian,11.817,11.46,4.5,12.807,10.944,10.944,False
0019,132,10,pedestrian,15.609,15.129,2.146,17.64,16.937,16.937,False
0019,132,15,pedestrian,30.538,30.099,0.0,43.259,33.898,33.898,True
0019,132,12,pedestrian,19.372,18.885,0.977,22.595,19.47,19.47,True
0019,132,8,pedestrian,15.767,15.07,0.0,17.935,18.434,18.434,True
0019,133,65,van,5.519,2.505,1.681,,,,False
0019,133,6,pedestrian,11.463,11.114,4.543,12.329,10.569,10.569,False
0019,133,15,pedestrian,30.001,29.558,0.0,40.406,31.765,31.765,True
0019,133,10,pedestrian,15.244,14.764,2.243,17.201,16.637,16.637,False
0019,133,8,pedestrian,15.239,14.544,0.0,16.955,17.663,17.663,True
0019,133,12,pedestrian,18.969,18.478,1.04,22.193,19.329,19.329,True
0019,134,65,van,5.172,2.216,1.666,8.294,,8.294,False
0019,134,6,pedestrian,11.113,10.773,4.586,11.79,10.284,10.284,False
0019,134,15,pedestrian,29.465,29.017,0.0,37.906,31.565,31.565,True
0019,134,8,pedestrian,14.714,14.019,0.0,16.281,16.678,16.678,True
0019,134,10,pedestrian,14.9,14.416,2.319,16.534,16.094,16.094,False
0019,134,12,pedestrian,18.567,18.08,1.107,20.738,18.624,18.624,True
0019,135,6,pedestrian,10.768,10.437,4.629,11.284,9.826,9.826,False
0019,135,15,pedestrian,28.93,28.477,0.0,35.697,30.062,30.062,True
0019,135,10,pedestrian,14.557,14.081,2.407,15.771,15.489,15.489,False
0019,135,8,pedestrian,14.19,13.498,0.06,15.276,15.95,15.95,True
0019,135,12,pedestrian,18.165,17.683,1.175,20.369,18.772,18.772,True
0019,136,6,pedestrian,10.428,10.107,4.673,10.813,9.531,9.531,False
0019,136,8,pedestrian,13.669,12.978,0.224,14.568,15.524,15.524,True
0019,136,10,pedestrian,14.216,13.76,2.508,15.375,15.345,15.345,False
0019,136,12,pedestrian,17.928,17.468,1.339,23.052,21.489,21.489,False
0019,136,15,pedestrian,28.412,27.956,0.0,33.732,28.696,28.696,True
0019,136,14,pedestrian,22.589,22.122,0.0,25.894,20.702,20.702,True
0019,137,65,van,4.243,1.703,1.673,6.769,,6.769,False
0019,137,6,pedestrian,10.086,9.777,4.738,10.407,9.179,9.179,False
0019,137,8,pedestrian,13.151,12.462,0.389,13.782,15.032,15.032,True
0019,137,10,pedestrian,13.876,13.451,2.621,14.534,14.603,14.603,False
0019,137,15,pedestrian,27.894,27.435,0.0,32.83,27.009,27.009,True
0019,138,65,van,3.959,1.678,1.677,6.652,8.221,8.221,False
0019,138,6,pedestrian,9.774,9.467,4.757,9.977,8.873,8.873,False
0019,138,8,pedestrian,12.679,11.991,0.535,13.057,14.092,14.092,True
0019,138,10,pedestrian,13.537,13.154,2.716,14.083,14.157,14.157,False
0019,138,15,pedestrian,27.377,26.915,0.038,31.163,27.45,27.45,True
0019,139,6,pedestrian,9.46,9.156,4.799,9.618,8.619,8.619,False
0019,139,8,pedestrian,12.21,11.522,0.681,12.66,13.728,13.728,True
0019,139,15,pedestrian,26.861,26.396,0.164,30.393,27.158,27.158,True
0019,139,10,pedestrian,13.19,12.805,2.764,13.516,13.597,13.597,False
0019,140,6,pedestrian,9.153,8.853,4.841,9.223,8.285,8.285,False
0019,140,15,pedestrian,26.346,25.878,0.291,28.96,25.775,25.775,True
0019,140,65,van,3.443,1.689,1.682,6.694,9.11,9.11,False
0019,140,8,pedestrian,11.744,11.056,0.827,11.989,13.041,13.041,True
0019,140,10,pedestrian,12.845,12.457,2.813,13.249,13.349,13.349,False
0019,140,12,pedestrian,16.134,15.683,1.414,21.463,20.151,20.151,False
0019,140,9,pedestrian,14.982,14.593,4.644,18.006,16.247,16.247,False
0019,141,65,van,3.222,1.692,1.685,7.482,8.597,8.597,False
0019,141,15,pedestrian,25.839,25.364,0.391,29.662,26.452,26.452,True
0019,141,6,pedestrian,8.853,8.559,4.883,8.936,8.017,8.017,False
0019,141,8,pedestrian,11.282,10.594,0.973,11.697,13.023,13.023,True
0019,141,10,pedestrian,12.501,12.111,2.862,12.912,12.93,12.93,False
0019,141,12,pedestrian,15.699,15.241,1.371,16.153,15.31,15.31,False
0019,141,14,pedestrian,21.191,20.724,0.0,23.874,20.364,20.364,True
0019,142,65,van,3.032,1.692,1.687,7.483,7.897,7.897,False
0019,142,10,pedestrian,12.159,11.767,2.91,12.427,12.591,12.591,False
0019,142,8,pedestrian,10.824,10.136,1.12,11.076,12.007,12.007,True
0019,142,6,pedestrian,8.562,8.273,4.925,8.588,7.692,7.692,False
0019,142,12,pedestrian,15.315,14.855,1.436,15.754,15.093,15.093,False
0019,142,14,pedestrian,20.911,20.445,0.0,23.418,19.962,19.962,True
0019,142,15,pedestrian,25.333,24.852,0.491,28.299,24.531,24.531,True
0019,142,9,pedestrian,14.302,13.918,4.555,18.174,15.212,15.212,False
0019,143,65,van,2.881,1.69,1.689,7.661,,7.661,False
0019,143,15,pedestrian,24.827,24.34,0.591,28.301,23.182,23.182,True
0019,143,12,pedestrian,14.932,14.47,1.5,15.761,15.517,15.517,False
0019,143,10,pedestrian,11.819,11.423,2.959,12.116,12.393,12.393,False
0019,143,8,pedestrian,10.322,9.636,1.206,10.711,11.413,11.413,False
0019,143,14,pedestrian,20.632,20.166,0.0,22.979,20.041,20.041,True
0019,144,12,pedestrian,14.55,14.085,1.565,15.19,14.72,14.72,False
0019,144,8,pedestrian,9.867,9.182,1.366,9.904,10.696,10.696,False
0019,144,15,pedestrian,24.323,23.829,0.692,27.061,22.975,22.975,True
0019,144,10,pedestrian,11.45,11.045,3.0,11.72,12.044,12.044,False
0019,144,9,pedestrian,13.593,13.193,4.529,16.999,14.689,14.689,False
0019,145,12,pedestrian,14.168,13.701,1.63,14.838,14.316,14.316,False
0019,145,8,pedestrian,9.326,8.645,1.382,9.391,10.364,10.364,False
0019,145,14,pedestrian,20.073,19.607,0.0,22.149,20.365,20.365,True
0019,145,9,pedestrian,13.22,12.812,4.502,16.525,14.512,14.512,False
0019,145,15,pedestrian,23.818,23.32,0.793,26.484,23.301,23.301,True
0019,145,10,pedestrian,11.084,10.669,3.04,11.424,11.817,11.817,False
0019,146,12,pedestrian,13.788,13.318,1.694,14.5,14.053,14.053,False
0019,146,10,pedestrian,10.719,10.295,3.074,10.896,11.367,11.367,False
0019,146,8,pedestrian,8.834,8.155,1.471,8.787,9.713,9.713,False
0019,146,14,pedestrian,19.794,19.328,0.0,22.149,20.202,20.202,True
0019,146,16,pedestrian,26.502,26.046,0.605,28.301,25.654,25.654,True
0019,146,9,pedestrian,12.847,12.433,4.475,15.523,14.253,14.253,False
0019,146,15,pedestrian,23.315,22.809,0.88,25.389,24.552,24.552,True
0019,147,10,pedestrian,10.357,9.925,3.1,10.5,10.947,10.947,False
0019,147,12,pedestrian,13.398,12.926,1.708,13.862,13.987,13.987,False
0019,147,8,pedestrian,8.347,7.669,1.561,8.302,9.107,9.107,False
0019,147,15,pedestrian,22.812,22.3,0.968,24.395,24.801,24.801,True
0019,147,16,pedestrian,25.948,25.492,0.647,27.053,25.789,25.789,True
0019,147,14,pedestrian,19.504,19.038,0.0,20.656,19.131,19.131,True
0019,147,9,pedestrian,12.476,12.056,4.45,14.58,14.543,14.543,False
0019,148,10,pedestrian,9.998,9.557,3.126,10.057,10.536,10.536,False
0019,148,15,pedestrian,22.31,21.793,1.057,23.021,21.631,21.631,True
0019,148,16,pedestrian,25.394,24.938,0.689,27.066,25.275,25.275,True
0019,148,12,pedestrian,13.186,12.714,1.692,13.14,13.625,13.625,False
0019,148,8,pedestrian,7.858,7.175,1.658,7.846,8.62,8.62,False
0019,148,9,pedestrian,12.113,11.698,4.428,14.1,13.032,13.032,False
0019,148,14,pedestrian,19.214,18.749,0.0,19.982,19.059,19.059,True
0019,149,12,pedestrian,12.619,12.144,1.735,12.489,12.525,12.525,False
0019,149,15,pedestrian,21.809,21.287,1.146,21.799,21.274,21.274,True
0019,149,17,pedestrian,24.021,23.461,3.061,29.947,26.303,26.303,False
0019,149,10,pedestrian,9.639,9.189,3.131,9.486,10.179,10.179,False
0019,149,16,pedestrian,24.84,24.383,0.72,24.87,23.624,23.624,True
0019,149,8,pedestrian,7.378,6.688,1.754,7.28,8.253,8.253,False
0019,149,9,pedestrian,11.751,11.343,4.405,13.193,12.983,12.983,False
0020,0,16,car,40.877,38.9,0.0,55.721,37.702,37.702,True
0020,0,0,car,12.338,10.553,1.102,12.308,11.902,11.902,True
0020,0,3,car,14.883,12.826,2.92,15.216,13.593,13.593,False
0020,0,1,car,12.884,10.795,7.027,12.375,11.496,11.496,False
0020,0,126,car,40.557,38.809,2.239,58.483,42.083,42.083,False
0020,0,4,car,25.078,23.265,3.099,28.814,22.855,22.855,False
0020,0,5,car,23.589,21.494,1.915,27.325,22.625,22.625,False
0020,0,127,car,49.451,47.643,1.327,81.796,50.597,50.597,False
0020,0,2,car,23.296,21.278,7.406,25.255,20.398,20.398,False
0020,0,8,car,38.255,36.262,7.678,62.494,46.072,46.072,False
0020,0,13,car,55.203,53.271,3.975,87.838,58.728,58.728,False
0020,0,7,car,33.302,31.142,3.412,42.498,32.459,32.459,False
0020,1,0,car,12.304,10.516,1.145,12.346,11.804,11.804,True
0020,1,1,car,12.748,10.665,7.025,12.192,11.204,11.204,False
0020,1,3,car,14.699,12.641,2.928,14.881,13.369,13.369,False
0020,1,16,car,41.161,39.184,0.0,58.376,38.352,38.352,True
0020,1,126,car,40.779,39.032,2.24,58.473,42.081,42.081,False
0020,1,5,car,23.577,21.485,1.895,27.943,23.093,23.093,False
0020,1,127,car,49.817,48.009,1.329,81.819,47.367,47.367,False
0020,1,4,car,24.976,23.163,3.099,29.416,23.702,23.702,False
0020,1,8,car,37.921,35.928,7.675,56.818,43.045,43.045,False
0020,1,2,car,23.03,21.011,7.413,25.205,20.172,20.172,False
0020,1,13,car,55.078,53.145,3.983,94.632,60.316,60.316,False
0020,2,1,car,12.586,10.511,7.023,12.06,11.115,11.115,False
0020,2,0,car,12.27,10.478,1.187,12.379,11.738,11.738,True
0020,2,126,car,41.002,39.254,2.241,61.41,42.89,42.89,False
0020,2,3,car,14.515,12.456,2.936,14.728,13.151,13.151,False
0020,2,16,car,41.446,39.469,0.0,58.378,38.353,38.353,True
0020,2,4,car,24.874,23.06,3.098,29.419,23.337,23.337,False
0020,2,5,car,23.564,21.476,1.875,27.943,23.211,23.211,False
0020,2,8,car,37.588,35.595,7.672,52.09,38.026,38.026,False
0020,2,2,car,22.764,20.745,7.42,24.843,19.796,19.796,False
0020,2,127,car,50.182,48.374,1.33,76.677,46.866,46.866,False
0020,2,13,car,54.953,53.02,3.99,94.652,55.109,55.109,False
0020,3,1,car,12.425,10.358,7.02,11.816,10.797,10.797,False
0020,3,0,car,12.236,10.439,1.23,12.279,11.752,11.752,False
0020,3,3,car,14.331,12.271,2.944,14.443,12.981,12.981,False
0020,3,126,car,41.224,39.477,2.242,61.41,42.888,42.888,False
0020,3,16,car,41.73,39.753,0.0,61.281,39.025,39.025,True
0020,3,5,car,23.552,21.467,1.855,27.941,23.332,23.332,False
0020,3,4,car,24.772,22.958,3.097,28.729,23.221,23.221,False
0020,3,8,car,37.255,35.261,7.669,52.083,40.406,40.406,False
0020,3,127,car,50.547,48.739,1.332,81.794,47.874,47.874,False
0020,3,2,car,22.499,20.479,7.427,24.496,19.833,19.833,False
0020,3,13,car,54.827,52.894,3.998,94.642,55.106,55.106,False
0020,3,7,car,33.052,30.887,3.428,42.479,32.226,32.226,False
0020,4,8,car,36.922,34.928,7.666,46.319,36.838,36.838,False
0020,4,1,car,12.265,10.207,7.018,11.795,10.875,10.875,False
0020,4,3,car,14.147,12.087,2.952,14.147,12.748,12.748,False
0020,4,0,car,12.202,10.399,1.273,12.279,11.682,11.682,False
0020,4,5,car,23.534,21.444,1.868,27.94,23.211,23.211,False
0020,4,16,car,42.014,40.038,0.0,58.361,39.026,39.026,True
0020,4,4,car,24.684,22.869,3.1,28.719,22.758,22.758,False
0020,4,126,car,41.446,39.699,2.243,61.402,42.884,42.884,False
0020,4,127,car,50.912,49.105,1.334,76.677,48.394,48.394,False
0020,4,2,car,22.234,20.214,7.433,24.121,19.557,19.557,False
0020,4,13,car,54.702,52.769,4.006,87.873,51.911,51.911,False
0020,4,7,car,32.969,30.802,3.431,42.498,32.001,32.001,False
0020,5,3,car,13.964,11.902,2.96,14.004,12.419,12.419,False
0020,5,1,car,12.106,10.057,7.016,12.119,11.229,11.229,False
0020,5,0,car,12.168,10.359,1.316,12.128,11.706,11.706,False
0020,5,126,car,41.668,39.922,2.244,61.387,42.884,42.884,False
0020,5,4,car,24.595,22.781,3.102,28.724,22.877,22.877,False
0020,5,5,car,23.515,21.42,1.879,28.587,23.332,23.332,False
0020,5,8,car,36.59,34.594,7.663,50.083,39.393,39.393,False
0020,5,16,car,42.299,40.322,0.0,61.281,39.026,39.026,True
0020,5,2,car,21.97,19.95,7.44,23.716,19.209,19.209,False
0020,5,127,car,51.277,49.47,1.336,81.805,48.391,48.391,False
0020,5,13,car,54.577,52.643,4.014,87.864,53.787,53.787,False
0020,5,7,car,32.885,30.717,3.433,42.504,32.48,32.48,False
0020,6,0,car,12.179,10.365,1.359,12.139,11.728,11.728,False
0020,6,3,car,13.814,11.752,2.959,13.9,12.462,12.462,False
0020,6,4,car,24.507,22.692,3.104,28.076,22.315,22.315,False
0020,6,8,car,36.387,34.391,7.646,48.168,38.754,38.754,False
0020,6,16,car,42.583,40.606,0.0,58.358,38.025,38.025,True
0020,6,5,car,23.522,21.427,1.877,27.945,23.091,23.091,False
0020,6,126,car,41.89,40.144,2.245,61.392,43.723,43.723,False
0020,6,1,car,11.947,9.908,7.014,13.155,12.52,12.52,False
0020,6,2,car,21.706,19.686,7.431,23.373,19.023,19.023,False
0020,6,127,car,51.642,49.835,1.337,81.794,49.467,49.467,False
0020,6,13,car,54.452,52.518,4.021,87.897,53.141,53.141,False
0020,6,7,car,32.802,30.631,3.435,42.483,32.47,32.47,False
0020,7,0,car,12.189,10.371,1.402,12.019,11.706,11.706,False
0020,7,3,car,13.665,11.602,2.958,13.751,12.343,12.343,False
0020,7,4,car,24.419,22.603,3.107,28.081,22.772,22.772,False
0020,7,8,car,36.184,34.188,7.629,48.208,37.498,37.498,False
0020,7,16,car,42.867,40.891,0.0,58.358,37.703,37.703,True
0020,7,5,car,23.529,21.435,1.875,27.933,22.856,22.856,False
0020,7,1,car,11.789,9.761,7.012,13.147,12.668,12.668,False
0020,7,126,car,42.113,40.366,2.247,61.392,43.719,43.719,False
0020,7,2,car,21.442,19.422,7.421,23.037,18.701,18.701,False
0020,7,127,car,52.007,50.201,1.339,81.81,48.922,48.922,False
0020,7,13,car,54.326,52.392,4.029,87.911,53.778,53.778,False
0020,7,7,car,32.718,30.546,3.438,42.486,32.467,32.467,False
0020,8,0,car,12.2,10.378,1.445,12.348,11.669,11.669,False
0020,8,3,car,13.515,11.452,2.957,13.509,12.099,12.099,False
0020,8,4,car,24.33,22.515,3.109,28.106,22.321,22.321,False
0020,8,8,car,35.948,33.951,7.631,43.214,34.14,34.14,False
0020,8,5,car,23.536,21.442,1.873,27.94,23.336,23.336,False
0020,8,16,car,43.151,41.175,0.0,58.358,38.353,38.353,True
0020,8,1,car,11.632,9.616,7.01,13.155,12.894,12.894,False
0020,8,126,car,42.335,40.589,2.248,61.373,44.593,44.593,False
0020,8,2,car,21.178,19.158,7.41,22.78,18.521,18.521,False
0020,8,127,car,52.372,50.566,1.341,81.791,50.021,50.021,False
0020,8,13,car,54.239,52.304,4.023,87.883,53.138,53.138,False
0020,8,7,car,32.635,30.461,3.44,42.483,32.006,32.006,False
0020,9,0,car,12.211,10.384,1.488,12.359,11.619,11.619,False
0020,9,5,car,23.544,21.449,1.87,27.933,23.336,23.336,False
0020,9,4,car,24.244,22.427,3.105,27.479,22.322,22.322,False
0020,9,3,car,13.366,11.302,2.956,13.396,12.046,12.046,False
0020,9,16,car,43.436,41.459,0.0,58.359,37.703,37.703,True
0020,9,8,car,35.711,33.714,7.633,39.115,31.779,31.779,False
0020,9,126,car,42.557,40.811,2.249,64.602,44.591,44.591,False
0020,9,1,car,11.478,9.474,7.008,13.164,13.101,13.101,False
0020,9,127,car,52.737,50.931,1.343,87.655,51.766,51.766,False
0020,9,2,car,20.916,18.896,7.4,22.407,18.281,18.281,False
0020,9,13,car,54.151,52.216,4.017,87.897,54.437,54.437,False
0020,9,7,car,32.552,30.376,3.443,42.495,31.779,31.779,False
0020,10,0,car,12.222,10.391,1.531,12.37,11.625,11.625,False
0020,10,4,car,24.157,22.34,3.101,27.484,22.0,22.0,False
0020,10,5,car,23.551,21.457,1.868,27.941,23.215,23.215,False
0020,10,16,car,43.72,41.744,0.0,61.281,39.026,39.026,True
0020,10,3,car,13.216,11.152,2.955,13.251,11.885,11.885,False
0020,10,126,car,42.779,41.034,2.25,68.225,45.501,45.501,False
0020,10,2,car,20.653,18.634,7.39,21.712,17.993,17.993,False
0020,10,1,car,11.325,9.334,7.007,13.265,13.857,13.857,False
0020,10,127,car,53.102,51.297,1.344,87.648,51.169,51.169,False
0020,10,13,car,54.063,52.128,4.011,87.916,54.437,54.437,False
0020,10,7,car,32.468,30.291,3.445,41.08,31.339,31.339,False
0020,10,8,car,35.475,33.477,7.635,78.666,52.103,52.103,False
0020,11,0,car,12.265,10.428,1.573,12.363,11.632,11.632,False
0020,11,5,car,23.605,21.511,1.876,27.941,23.337,23.337,False
0020,11,4,car,24.07,22.253,3.096,27.481,22.0,22.0,False
0020,11,16,car,44.004,42.028,0.0,61.281,39.723,39.723,True
0020,11,3,car,13.109,11.044,2.952,13.17,11.879,11.879,False
0020,11,8,car,35.239,33.24,7.637,37.944,30.529,30.529,False
0020,11,126,car,43.187,41.439,2.244,64.614,47.437,47.437,False
0020,11,2,car,20.39,18.37,7.39,21.454,17.643,17.643,False
0020,11,127,car,53.467,51.662,1.346,87.674,51.762,51.762,False
0020,11,1,car,11.187,9.209,7.004,12.927,14.623,14.623,False
0020,11,13,car,53.975,52.04,4.004,82.103,58.741,58.741,False
0020,11,7,car,32.385,30.207,3.447,41.083,31.117,31.117,False
0020,12,5,car,23.658,21.565,1.885,27.941,23.339,23.339,False
0020,12,0,car,12.309,10.465,1.616,12.39,11.621,11.621,False
0020,12,4,car,23.984,22.166,3.092,27.481,22.111,22.111,False
0020,12,3,car,13.002,10.937,2.949,13.082,11.769,11.769,False
0020,12,16,car,44.289,42.312,0.0,64.512,40.081,40.081,True
0020,12,126,car,43.594,41.844,2.236,68.225,47.437,47.437,False
0020,12,2,car,20.127,18.107,7.39,21.24,17.447,17.447,False
0020,12,127,car,53.832,52.027,1.348,102.295,54.289,54.289,False
0020,12,13,car,53.888,51.952,3.998,82.103,53.787,53.787,False
0020,12,1,car,11.05,9.086,7.003,12.531,15.848,15.848,False
0020,12,7,car,32.302,30.122,3.45,41.077,30.7,30.7,False
0020,13,0,car,12.352,10.502,1.659,12.404,11.641,11.641,False
0020,13,5,car,23.712,21.619,1.894,27.945,23.461,23.461,False
0020,13,16,car,44.573,42.597,0.0,64.512,40.445,40.445,True
0020,13,4,car,23.897,22.079,3.088,26.876,21.903,21.903,False
0020,13,3,car,12.894,10.829,2.947,12.975,11.602,11.602,False
0020,13,8,car,34.766,32.767,7.641,40.423,31.838,31.838,False
0020,13,126,car,44.002,42.249,2.228,68.222,46.938,46.938,False
0020,13,2,car,19.864,17.845,7.391,20.953,17.243,17.243,False
0020,13,127,car,54.197,52.393,1.349,102.291,54.287,54.287,False
0020,13,13,car,53.8,51.864,3.992,82.103,57.235,57.235,False
0020,13,1,car,10.916,8.965,7.001,12.305,16.649,16.649,False
0020,13,7,car,32.178,29.998,3.432,41.077,31.122,31.122,False
0020,14,5,car,23.766,21.673,1.902,27.943,23.341,23.341,False
0020,14,0,car,12.396,10.54,1.702,12.505,11.783,11.783,False
0020,14,16,car,44.857,42.881,0.0,64.512,40.816,40.816,True
0020,14,126,car,44.409,42.654,2.219,68.282,47.947,47.947,False
0020,14,3,car,12.787,10.721,2.944,12.538,11.609,11.609,False
0020,14,8,car,34.53,32.53,7.643,37.981,31.844,31.844,False
0020,14,4,car,23.81,21.992,3.084,26.883,22.124,22.124,False
0020,14,2,car,19.602,17.583,7.391,20.692,16.99,16.99,False
0020,14,127,car,54.562,52.758,1.351,94.402,52.994,52.994,False
0020,14,13,car,53.712,51.776,3.986,82.001,58.741,58.741,False
0020,14,1,car,10.782,8.847,6.999,12.012,17.508,17.508,False
0020,14,7,car,32.055,29.874,3.415,38.524,30.281,30.281,False
0020,15,5,car,23.82,21.727,1.911,27.941,23.587,23.587,False
0020,15,0,car,12.44,10.578,1.745,12.535,11.784,11.784,False
0020,15,16,car,45.142,43.165,0.0,64.513,41.194,41.194,True
0020,15,126,car,44.816,43.06,2.211,68.216,47.435,47.435,False
0020,15,4,car,23.724,21.905,3.079,26.864,22.114,22.114,False
0020,15,3,car,12.68,10.614,2.941,12.331,11.617,11.617,False
0020,15,8,car,34.294,32.294,7.644,37.97,31.41,31.41,False
0020,15,2,car,19.341,17.322,7.383,20.16,16.578,16.578,False
0020,15,127,car,54.927,53.123,1.353,94.399,54.286,54.286,False
0020,15,13,car,53.624,51.688,3.98,82.009,60.329,60.329,False
0020,15,1,car,10.651,8.731,6.997,11.968,18.01,18.01,False
0020,15,7,car,31.931,29.751,3.397,38.509,30.281,30.281,False
0020,16,0,car,12.506,10.641,1.776,12.542,11.761,11.761,False
0020,16,5,car,23.92,21.827,1.916,28.588,23.71,23.71,False
0020,16,126,car,45.224,43.465,2.203,68.285,46.445,46.445,False
0020,16,4,car,23.638,21.818,3.075,26.888,21.904,21.904,False
0020,16,16,car,45.459,43.483,0.0,68.104,42.371,42.371,True
0020,16,3,car,12.609,10.543,2.935,12.2,11.453,11.453,False
0020,16,2,car,19.09,17.071,7.38,20.025,16.507,16.507,False
0020,16,8,car,34.059,32.057,7.646,39.186,31.0,31.0,False
0020,16,127,car,55.423,53.619,1.332,102.325,55.643,55.643,False
0020,16,13,car,53.536,51.6,3.974,81.992,60.329,60.329,False
0020,16,1,car,10.522,8.619,6.996,11.785,18.077,18.077,False
0020,16,7,car,31.808,29.627,3.379,38.527,30.286,30.286,False
0020,17,5,car,24.019,21.927,1.92,28.588,23.71,23.71,False
0020,17,0,car,12.572,10.705,1.808,12.645,11.916,11.916,False
0020,17,4,car,23.551,21.732,3.07,26.306,21.489,21.489,False
0020,17,16,car,45.777,43.801,0.0,68.127,43.194,43.194,True
0020,17,126,car,45.631,43.87,2.195,68.26,46.931,46.931,False
0020,17,3,car,12.538,10.471,2.928,12.448,11.474,11.474,False
0020,17,2,car,18.838,16.821,7.377,19.811,16.171,16.171,False
0020,17,8,car,33.823,31.821,7.648,39.214,31.013,31.013,False
0020,17,127,car,55.918,54.115,1.311,102.316,55.643,55.643,False
0020,17,13,car,53.449,51.512,3.967,82.054,59.525,59.525,False
0020,17,1,car,10.396,8.509,6.994,11.731,18.387,18.387,False
0020,17,7,car,31.684,29.503,3.362,38.527,30.082,30.082,False
0020,18,5,car,24.119,22.027,1.925,28.588,23.836,23.836,False
0020,18,0,car,12.638,10.768,1.839,12.269,11.721,11.721,False
0020,18,4,car,23.465,21.645,3.066,26.304,21.283,21.283,False
0020,18,126,car,46.039,44.276,2.187,68.204,47.428,47.428,False
0020,18,2,car,18.588,16.571,7.373,19.57,16.061,16.061,False
0020,18,16,car,46.094,44.118,0.0,68.104,43.617,43.617,True
0020,18,8,car,33.696,31.694,7.637,38.052,30.411,30.411,False
0020,18,3,car,12.467,10.4,2.922,12.561,11.681,11.681,False
0020,18,127,car,56.413,54.611,1.29,102.32,55.643,55.643,False
0020,18,13,car,53.39,51.454,3.972,81.992,59.525,59.525,False
0020,19,0,car,12.704,10.832,1.87,12.788,12.047,12.047,False
0020,19,5,car,24.219,22.127,1.93,28.582,24.09,24.09,False
0020,19,16,car,46.412,44.436,0.0,68.108,43.194,43.194,True
0020,19,4,car,23.39,21.57,3.067,25.765,21.592,21.592,False
0020,19,2,car,18.339,16.323,7.37,19.174,15.705,15.705,False
0020,19,3,car,12.396,10.329,2.916,12.301,11.038,11.038,False
0020,19,126,car,46.445,44.68,2.157,68.244,47.422,47.422,False
0020,19,8,car,33.568,31.566,7.626,38.024,30.614,30.614,False
0020,19,127,car,56.909,55.107,1.268,102.328,55.642,55.642,False
0020,19,13,car,53.332,51.396,3.977,82.009,60.329,60.329,False
0020,20,0,car,12.769,10.895,1.902,12.915,12.095,12.095,False
0020,20,5,car,24.319,22.227,1.935,28.588,24.218,24.218,False
0020,20,3,car,12.325,10.258,2.91,12.313,10.893,10.893,False
0020,20,2,car,18.09,16.075,7.367,18.708,15.469,15.469,False
0020,20,4,car,23.315,21.494,3.068,25.762,21.286,21.286,False
0020,20,16,car,46.73,44.754,0.0,68.104,43.617,43.617,True
0020,20,8,car,33.441,31.439,7.615,36.905,29.828,29.828,False
0020,20,127,car,57.404,55.603,1.247,102.318,57.069,57.069,False
0020,20,126,car,46.851,45.085,2.127,68.192,47.926,47.926,False
0020,20,13,car,53.273,51.337,3.982,76.919,59.525,59.525,False
0020,21,5,car,24.463,22.371,1.931,28.588,24.088,24.088,False
0020,21,0,car,12.845,10.969,1.921,13.061,12.274,12.274,False
0020,21,16,car,47.047,45.071,0.0,68.108,43.617,43.617,True
0020,21,2,car,17.848,15.834,7.363,18.659,15.377,15.377,False
0020,21,4,car,23.24,21.419,3.069,25.772,21.286,21.286,False
0020,21,3,car,12.263,10.195,2.913,12.221,10.95,10.95,False
0020,21,126,car,47.258,45.489,2.097,68.189,48.447,48.447,False
0020,21,8,car,33.313,31.312,7.604,35.854,30.028,30.028,False
0020,21,127,car,57.9,56.099,1.226,102.323,57.067,57.067,False
0020,21,13,car,53.215,51.279,3.986,76.914,59.525,59.525,False
0020,21,7,car,31.19,29.008,3.291,37.347,29.892,29.892,False
0020,22,5,car,24.607,22.516,1.927,29.277,24.346,24.346,False
0020,22,0,car,12.921,11.044,1.94,13.057,12.355,12.355,False
0020,22,2,car,17.608,15.594,7.359,18.046,15.021,15.021,False
0020,22,16,car,47.365,45.389,0.0,68.108,43.617,43.617,True
0020,22,3,car,12.201,10.132,2.916,12.075,10.853,10.853,False
0020,22,4,car,23.165,21.344,3.069,25.241,21.288,21.288,False
0020,22,126,car,47.664,45.894,2.067,76.805,49.522,49.522,False
0020,22,8,car,33.186,31.184,7.593,35.885,29.838,29.838,False
0020,22,127,car,58.395,56.595,1.205,102.328,58.568,58.568,False
0020,22,13,car,53.156,51.221,3.991,76.96,58.741,58.741,False
0020,22,7,car,31.067,28.887,3.285,37.352,30.291,30.291,False
0020,23,0,car,12.996,11.118,1.959,13.189,12.539,12.539,False
0020,23,5,car,24.751,22.661,1.923,29.271,24.342,24.342,False
0020,23,2,car,17.368,15.356,7.354,17.888,14.902,14.902,False
0020,23,16,car,47.683,45.706,0.0,68.104,42.778,42.778,True
0020,23,4,car,23.09,21.268,3.07,25.243,21.291,21.291,False
0020,23,3,car,12.139,10.069,2.919,12.025,10.86,10.86,False
0020,23,126,car,48.07,46.298,2.036,72.204,51.223,51.223,False
0020,23,127,car,58.89,57.091,1.184,102.307,61.822,61.822,True
0020,23,8,car,33.058,31.057,7.582,35.922,30.236,30.236,False
0020,23,13,car,53.098,51.162,3.996,76.914,58.745,58.745,False
0020,24,0,car,13.072,11.193,1.978,13.309,12.624,12.624,False
0020,24,5,car,24.895,22.805,1.919,29.259,24.61,24.61,False
0020,24,2,car,17.129,15.118,7.35,17.478,14.621,14.621,False
0020,24,4,car,23.018,21.195,3.069,25.542,20.899,20.899,False
0020,24,3,car,12.077,10.007,2.922,11.72,10.816,10.816,False
0020,24,16,car,48.0,46.024,0.0,68.108,43.618,43.618,True
0020,24,126,car,48.477,46.703,2.006,76.801,50.637,50.637,False
0020,24,8,car,32.931,30.93,7.571,35.928,29.47,29.47,False
0020,24,127,car,59.386,57.587,1.163,111.623,61.815,61.815,True
0020,24,13,car,53.039,51.104,4.0,82.018,60.332,60.332,False
0020,24,7,car,30.82,28.646,3.273,37.352,29.493,29.493,False
0020,25,5,car,25.039,22.95,1.915,29.259,24.474,24.474,False
0020,25,2,car,16.891,14.881,7.346,17.5,14.253,14.253,False
0020,25,0,car,13.147,11.267,1.997,13.439,12.655,12.655,False
0020,25,4,car,22.946,21.122,3.069,25.782,21.001,21.001,False
0020,25,126,car,48.883,47.108,1.976,76.805,50.066,50.066,False
0020,25,16,car,48.318,46.342,0.0,72.125,44.049,44.049,True
0020,25,3,car,12.015,9.944,2.925,12.004,10.772,10.772,False
0020,25,8,car,32.804,30.802,7.56,35.901,30.05,30.05,False
0020,25,127,car,59.882,58.083,1.142,111.616,60.965,60.965,True
0020,25,13,car,52.981,51.046,4.005,82.103,60.329,60.329,False
0020,25,7,car,30.696,28.525,3.268,37.347,29.115,29.115,False
0020,26,2,car,16.676,14.668,7.344,17.104,14.0,14.0,False
0020,26,5,car,25.267,23.176,1.921,29.979,24.876,24.876,False
0020,26,126,car,49.45,47.677,1.93,76.805,51.215,51.215,False
0020,26,4,car,22.873,21.049,3.068,25.256,20.909,20.909,False
0020,26,0,car,13.278,11.396,2.023,13.716,12.903,12.903,False
0020,26,16,car,48.635,46.659,0.0,72.118,44.049,44.049,True
0020,26,3,car,11.99,9.919,2.927,11.941,10.69,10.69,False
0020,26,8,car,32.676,30.675,7.549,35.928,29.49,29.49,False
0020,26,127,car,60.377,58.579,1.121,102.301,57.796,57.796,True
0020,26,7,car,30.573,28.404,3.262,37.358,29.306,29.306,False
0020,26,13,car,52.922,50.987,4.01,82.064,59.528,59.528,False
0020,27,2,car,16.463,14.456,7.342,17.018,14.021,14.021,False
0020,27,0,car,13.406,11.523,2.033,13.531,13.082,13.082,False
0020,27,5,car,25.494,23.401,1.913,29.977,25.011,25.011,False
0020,27,4,car,22.801,20.977,3.067,25.265,20.723,20.723,False
0020,27,3,car,11.965,9.894,2.93,11.95,10.729,10.729,False
0020,27,8,car,32.549,30.548,7.538,35.955,29.873,29.873,False
0020,27,16,car,48.953,46.977,0.0,72.146,44.49,44.49,True
0020,27,126,car,50.017,48.246,1.884,76.706,51.811,51.811,False
0020,27,127,car,60.873,59.075,1.099,122.826,65.445,65.445,True
0020,27,7,car,30.45,28.284,3.256,37.352,29.306,29.306,False
0020,27,13,car,52.864,50.929,4.015,82.023,62.012,62.012,False
0020,28,5,car,25.722,23.627,1.903,30.722,25.73,25.73,False
0020,28,2,car,16.25,14.245,7.34,16.937,13.821,13.821,False
0020,28,0,car,13.534,11.65,2.043,13.818,13.19,13.19,False
0020,28,16,car,49.271,47.295,0.0,72.118,45.398,45.398,True
0020,28,4,car,22.729,20.904,3.066,25.401,20.719,20.719,False
0020,28,3,car,11.94,9.869,2.932,11.935,10.6,10.6,False
0020,28,126,car,50.584,48.815,1.838,81.875,53.675,53.675,False
0020,28,8,car,32.511,30.51,7.55,36.958,30.669,30.669,False
0020,28,127,car,61.368,59.571,1.078,111.64,61.807,61.807,True
0020,28,13,car,52.828,50.894,4.015,82.103,55.811,55.811,False
0020,28,7,car,30.399,28.233,3.255,37.364,28.747,28.747,False
0020,29,2,car,16.039,14.035,7.338,16.425,13.597,13.597,False
0020,29,0,car,13.663,11.778,2.053,14.16,13.3,13.3,False
0020,29,126,car,51.152,49.385,1.793,87.744,54.328,54.328,False
0020,29,4,car,22.65,20.823,3.068,25.265,20.63,20.63,False
0020,29,5,car,25.949,23.852,1.893,31.514,26.021,26.021,False
0020,29,3,car,11.915,9.844,2.935,11.853,10.416,10.416,False
0020,29,16,car,49.588,47.612,0.0,76.636,45.867,45.867,True
0020,29,8,car,32.473,30.472,7.562,36.958,30.271,30.271,False
0020,29,127,car,61.864,60.067,1.057,136.52,58.554,58.554,True
0020,29,13,car,52.792,50.858,4.015,76.97,53.153,53.153,False
0020,29,7,car,30.348,28.182,3.255,37.381,28.93,28.93,False
0020,30,2,car,15.828,13.826,7.336,16.407,13.492,13.492,False
0020,30,0,car,13.791,11.905,2.063,14.311,13.492,13.492,False
0020,30,5,car,26.176,24.078,1.884,31.493,26.169,26.169,False
0020,30,16,car,49.906,47.93,0.0,76.644,47.331,47.331,True
0020,30,3,car,11.89,9.819,2.937,11.784,10.308,10.308,False
0020,30,8,car,32.435,30.434,7.573,37.008,30.276,30.276,False
0020,30,4,car,22.571,20.743,3.071,25.27,20.627,20.627,False
0020,30,126,car,51.719,49.954,1.747,94.503,55.677,55.677,False
0020,30,127,car,62.359,60.563,1.036,111.634,61.807,61.807,True
0020,30,7,car,30.297,28.131,3.254,36.258,29.12,29.12,False
0020,30,13,car,52.756,50.823,4.015,76.97,58.755,58.755,False
0020,31,2,car,15.621,13.621,7.328,16.094,13.319,13.319,False
0020,31,0,car,13.929,12.042,2.066,14.477,13.607,13.607,False
0020,31,4,car,22.492,20.663,3.073,25.273,20.544,20.544,False
0020,31,5,car,26.437,24.339,1.88,32.333,26.32,26.32,False
0020,31,3,car,11.864,9.793,2.941,11.658,10.235,10.235,False
0020,31,8,car,32.398,30.396,7.585,38.206,31.528,31.528,False
0020,31,126,car,52.286,50.524,1.701,87.748,55.673,55.673,False
0020,31,16,car,50.224,48.248,0.0,76.644,47.84,47.84,True
0020,31,127,car,62.946,61.147,1.03,111.619,62.675,62.675,True
0020,31,7,car,30.246,28.08,3.253,37.438,29.503,29.503,False
0020,31,13,car,52.72,50.787,4.015,76.889,60.346,60.346,False
0020,32,2,car,15.414,13.416,7.321,15.768,13.03,13.03,False
0020,32,0,car,14.066,12.179,2.069,14.617,13.722,13.722,False
0020,32,126,car,52.854,51.094,1.655,87.751,56.374,56.374,False
0020,32,5,car,26.698,24.599,1.877,32.413,26.472,26.472,False
0020,32,3,car,11.839,9.767,2.945,11.664,10.151,10.151,False
0020,32,8,car,32.36,30.358,7.596,38.153,31.104,31.104,False
0020,32,4,car,22.413,20.583,3.076,25.281,20.358,20.358,False
0020,32,16,car,50.542,48.566,0.0,81.758,47.331,47.331,True
0020,32,13,car,52.684,50.752,4.015,76.889,59.545,59.545,False
0020,32,127,car,63.533,61.731,1.011,122.818,65.439,65.439,True
0020,32,7,car,30.196,28.029,3.253,37.367,29.503,29.503,False
0020,33,2,car,15.208,13.213,7.313,15.678,12.908,12.908,False
0020,33,0,car,14.204,12.317,2.072,14.787,13.969,13.969,False
0020,33,5,car,26.994,24.895,1.873,32.487,26.625,26.625,False
0020,33,8,car,32.322,30.32,7.608,36.98,30.291,30.291,False
0020,33,4,car,22.333,20.502,3.078,24.762,20.359,20.359,False
0020,33,3,car,11.813,9.742,2.948,11.685,10.164,10.164,False
0020,33,16,car,50.86,48.884,0.0,81.766,48.36,48.36,True
0020,33,126,car,53.422,51.663,1.609,87.738,55.663,55.663,False
0020,33,13,car,52.649,50.716,4.015,76.893,58.769,58.769,False
0020,33,7,car,30.145,27.978,3.252,37.364,29.501,29.501,False
0020,33,127,car,64.12,62.315,0.992,136.489,67.419,67.419,True
0020,34,126,car,53.99,52.233,1.563,87.732,55.663,55.663,False
0020,34,0,car,14.342,12.454,2.075,14.621,14.049,14.049,False
0020,34,2,car,15.003,13.011,7.306,15.407,12.827,12.827,False
0020,34,5,car,27.29,25.192,1.869,32.395,26.942,26.942,False
0020,34,4,car,22.238,20.406,3.076,24.281,20.548,20.548,False
0020,34,8,car,32.284,30.282,7.619,34.934,29.146,29.146,False
0020,34,16,car,51.178,49.201,0.0,76.645,49.435,49.435,True
0020,34,3,car,11.787,9.716,2.952,11.578,10.07,10.07,False
0020,34,13,car,52.613,50.681,4.015,76.889,60.353,60.353,False
0020,34,7,car,30.094,27.927,3.251,36.252,29.503,29.503,False
0020,34,127,car,64.707,62.9,0.973,122.808,65.435,65.435,True
0020,35,2,car,14.8,12.811,7.298,15.066,12.605,12.605,False
0020,35,0,car,14.479,12.592,2.078,14.752,14.307,14.307,False
0020,35,126,car,54.558,52.804,1.517,87.732,58.592,58.592,False
0020,35,5,car,27.586,25.488,1.865,32.316,27.267,27.267,False
0020,35,4,car,22.142,20.31,3.073,23.816,20.363,20.363,False
0020,35,3,car,11.762,9.69,2.956,11.479,10.172,10.172,False
0020,35,16,car,51.495,49.519,0.0,72.126,48.892,48.892,True
0020,35,8,car,32.247,30.244,7.631,34.004,29.517,29.517,False
0020,35,7,car,30.043,27.876,3.25,35.232,29.115,29.115,False
0020,35,13,car,52.577,50.645,4.015,76.889,62.034,62.034,False
0020,35,127,car,65.294,63.484,0.953,111.608,65.436,65.436,True
0020,36,126,car,55.127,53.373,1.522,87.735,57.087,57.087,False
0020,36,2,car,14.604,12.618,7.301,14.056,12.606,12.606,False
0020,36,16,car,51.583,49.607,0.0,72.127,48.36,48.36,True
0020,36,0,car,14.635,12.746,2.09,15.087,14.574,14.574,False
0020,36,4,car,22.046,20.214,3.071,23.374,20.009,20.009,False
0020,36,5,car,27.901,25.804,1.865,32.49,27.6,27.6,False
0020,36,3,car,11.709,9.637,2.951,11.408,10.207,10.207,False
0020,36,8,car,32.209,30.207,7.642,34.96,30.697,30.697,False
0020,36,7,car,29.992,27.825,3.25,35.235,29.115,29.115,False
0020,36,13,car,52.541,50.61,4.015,72.364,58.769,58.769,False
0020,36,127,car,65.881,64.068,0.934,102.28,64.486,64.486,True
0020,37,0,car,14.79,12.9,2.093,15.077,14.477,14.477,False
0020,37,2,car,14.409,12.428,7.303,13.819,12.511,12.511,False
0020,37,4,car,21.951,20.118,3.069,23.369,20.009,20.009,False
0020,37,16,car,51.671,49.695,0.0,72.118,48.36,48.36,True
0020,37,126,car,55.696,53.943,1.527,87.714,57.825,57.825,False
0020,37,5,car,28.216,26.119,1.865,32.476,27.596,27.596,False
0020,37,3,car,11.657,9.585,2.946,11.391,10.094,10.094,False
0020,37,8,car,32.171,30.169,7.653,34.04,30.098,30.098,False
0020,37,13,car,52.505,50.574,4.015,72.356,58.005,58.005,False
0020,37,7,car,29.942,27.774,3.249,35.246,29.306,29.306,False
0020,37,127,car,66.467,64.653,0.915,102.269,63.563,63.563,True
0020,38,0,car,14.945,13.055,2.091,15.246,14.654,14.654,False
0020,38,2,car,14.216,12.238,7.306,13.642,12.254,12.254,False
0020,38,5,car,28.531,26.435,1.865,33.26,27.941,27.941,False
0020,38,4,car,21.855,20.023,3.067,23.369,20.007,20.007,False
0020,38,8,car,32.088,30.085,7.633,35.955,31.546,31.546,False
0020,38,16,car,51.759,49.782,0.0,72.127,48.891,48.891,True
0020,38,3,car,11.605,9.533,2.94,11.298,10.002,10.002,False
0020,38,126,car,56.265,54.513,1.531,87.674,60.166,60.166,False
0020,38,7,car,29.891,27.723,3.248,35.216,28.747,28.747,False
0020,38,13,car,52.399,50.469,3.985,72.372,60.357,60.357,False
0020,38,127,car,67.054,65.237,0.896,111.605,67.418,67.418,True
0020,39,2,car,14.023,12.051,7.308,13.315,11.893,11.893,False
0020,39,0,car,15.1,13.209,2.089,15.422,14.745,14.745,False
0020,39,4,car,21.732,19.899,3.052,22.938,19.834,19.834,False
0020,39,5,car,28.846,26.751,1.864,33.179,27.938,27.938,False
0020,39,3,car,11.553,9.48,2.935,11.148,9.915,9.915,False
0020,39,16,car,51.846,49.87,0.0,72.145,47.331,47.331,True
0020,39,126,car,56.834,55.083,1.536,87.65,60.164,60.164,False
0020,39,8,car,32.005,30.002,7.612,31.495,27.741,27.741,False
0020,39,7,car,29.84,27.672,3.248,34.244,29.115,29.115,False
0020,39,13,car,52.294,50.363,3.955,72.372,59.552,59.552,False
0020,39,127,car,67.641,65.822,0.877,111.597,68.455,68.455,True
0020,40,0,car,15.256,13.363,2.087,15.412,14.888,14.888,False
0020,40,2,car,13.833,11.865,7.311,13.083,11.641,11.641,False
0020,40,5,car,29.162,27.067,1.864,33.36,28.112,28.112,False
0020,40,4,car,21.609,19.775,3.037,22.948,19.492,19.492,False
0020,40,3,car,11.501,9.428,2.93,11.148,9.972,9.972,False
0020,40,16,car,51.934,49.958,0.0,68.104,47.84,47.84,True
0020,40,129,van,44.715,41.87,20.815,93.573,64.978,64.978,False
0020,40,8,car,31.922,29.918,7.591,31.461,28.079,28.079,False
0020,40,126,car,57.403,55.653,1.541,87.674,61.832,61.832,False
0020,40,7,car,29.789,27.621,3.247,34.25,29.113,29.113,False
0020,40,13,car,52.188,50.258,3.925,72.356,61.184,61.184,False
0020,40,127,car,68.228,66.406,0.858,102.282,67.418,67.418,True
0020,41,2,car,13.634,11.672,7.304,12.86,11.36,11.36,False
0020,41,5,car,29.498,27.403,1.888,34.176,28.65,28.65,False
0020,41,0,car,15.356,13.462,2.099,15.602,15.032,15.032,False
0020,41,16,car,52.022,50.046,0.0,72.126,48.359,48.359,True
0020,41,4,car,21.485,19.651,3.022,22.523,19.408,19.408,False
0020,41,3,car,11.407,9.334,2.918,10.992,9.926,9.926,False
0020,41,8,car,31.839,29.835,7.57,35.041,31.11,31.11,False
0020,41,126,car,57.972,56.223,1.546,87.647,62.704,62.704,False
0020,41,129,van,41.351,38.524,20.726,52.321,50.243,50.243,False
0020,41,127,car,68.815,66.991,0.839,111.593,69.525,69.525,True
0020,41,7,car,29.739,27.57,3.246,34.247,29.12,29.12,False
0020,41,13,car,52.083,50.152,3.895,68.314,60.353,60.353,False
0020,42,2,car,13.436,11.48,7.297,12.65,11.066,11.066,False
0020,42,0,car,15.456,13.561,2.111,15.615,15.078,15.078,False
0020,42,4,car,21.362,19.527,3.007,22.523,19.328,19.328,False
0020,42,5,car,29.834,27.739,1.911,35.087,29.019,29.019,False
0020,42,3,car,11.314,9.24,2.907,10.833,9.741,9.741,False
0020,42,16,car,52.11,50.134,0.0,68.104,49.434,49.434,True
0020,42,8,car,31.756,29.751,7.549,36.032,31.979,31.979,False
0020,42,129,van,38.082,35.281,20.637,51.744,48.07,48.07,False
0020,42,126,car,58.541,56.793,1.551,81.852,62.704,62.704,False
0020,42,127,car,69.402,67.575,0.819,102.265,69.524,69.524,True
0020,42,7,car,29.688,27.519,3.245,33.326,29.123,29.123,False
0020,42,13,car,51.977,50.047,3.865,68.314,62.026,62.026,False
0020,43,2,car,13.239,11.29,7.29,12.378,10.883,10.883,False
0020,43,4,car,21.239,19.403,2.992,22.119,19.164,19.164,False
0020,43,0,car,15.556,13.66,2.122,15.785,15.279,15.279,False
0020,43,5,car,30.171,28.076,1.934,35.243,29.4,29.4,False
0020,43,16,car,52.198,50.221,0.0,68.104,48.358,48.358,True
0020,43,3,car,11.22,9.146,2.895,10.73,9.791,9.791,False
0020,43,8,car,31.674,29.667,7.528,37.081,32.932,32.932,False
0020,43,126,car,59.11,57.363,1.555,81.857,65.469,65.469,False
0020,43,7,car,29.554,27.383,3.209,32.428,28.383,28.383,False
0020,43,13,car,51.872,49.941,3.835,64.725,58.755,58.755,False
0020,43,129,van,34.934,32.175,20.549,,67.652,67.652,False
0020,44,2,car,13.045,11.102,7.282,12.084,10.652,10.652,False
0020,44,16,car,52.286,50.309,0.0,68.104,48.889,48.889,True
0020,44,4,car,21.066,19.23,2.974,21.739,19.086,19.086,False
0020,44,0,car,15.656,13.759,2.134,15.629,15.433,15.433,False
0020,44,5,car,30.507,28.412,1.957,35.082,29.593,29.593,False
0020,44,3,car,11.098,9.023,2.883,10.544,9.633,9.633,False
0020,44,126,car,59.679,57.932,1.56,81.847,63.6,63.6,False
0020,44,8,car,31.591,29.584,7.507,36.101,31.568,31.568,False
0020,44,13,car,51.766,49.836,3.805,64.704,57.992,57.992,False
0020,44,7,car,29.42,27.246,3.173,32.425,28.747,28.747,False
0020,45,2,car,12.851,10.917,7.275,11.84,10.441,10.441,False
0020,45,0,car,15.756,13.858,2.146,15.787,15.486,15.486,False
0020,45,4,car,20.893,19.056,2.955,21.371,19.01,19.01,False
0020,45,16,car,52.373,50.397,0.0,64.512,48.358,48.358,True
0020,45,3,car,10.975,8.9,2.871,10.383,9.494,9.494,False
0020,45,5,car,30.843,28.748,1.981,35.084,29.791,29.791,False
0020,45,126,car,60.248,58.502,1.565,81.857,63.599,63.599,False
0020,45,8,car,31.508,29.5,7.486,32.343,30.124,30.124,False
0020,45,13,car,51.661,49.73,3.775,61.49,57.248,57.248,False
0020,45,7,car,29.287,27.11,3.137,31.608,27.854,27.854,False
0020,46,2,car,12.641,10.715,7.27,11.842,10.434,10.434,False
0020,46,4,car,20.72,18.883,2.937,21.002,18.775,18.775,False
0020,46,0,car,15.815,13.918,2.144,15.777,15.482,15.482,False
0020,46,3,car,10.793,8.718,2.865,10.254,9.381,9.381,False
0020,46,5,car,31.142,29.047,1.986,35.077,30.605,30.605,False
0020,46,126,car,60.749,59.006,1.561,81.849,62.701,62.701,False
0020,46,16,car,52.461,50.485,0.0,64.512,48.359,48.359,True
0020,46,8,car,31.425,29.417,7.465,30.05,27.779,27.779,False
0020,46,7,car,29.153,26.974,3.1,30.812,27.854,27.854,False
0020,46,13,car,51.555,49.625,3.745,61.483,58.745,58.745,False
0020,47,4,car,20.547,18.71,2.919,20.946,18.32,18.32,False
0020,47,0,car,15.874,13.977,2.142,15.625,15.588,15.588,False
0020,47,5,car,31.441,29.345,1.991,35.24,30.603,30.603,False
0020,47,3,car,10.612,8.536,2.858,10.017,9.245,9.245,False
0020,47,2,car,12.433,10.517,7.264,13.002,11.558,11.558,False
0020,47,126,car,61.251,59.511,1.558,81.849,65.467,65.467,False
0020,47,8,car,31.342,29.333,7.444,30.853,29.002,29.002,False
0020,47,16,car,52.549,50.573,0.0,61.281,47.84,47.84,True
0020,47,13,car,51.45,49.52,3.715,61.483,55.807,55.807,False
0020,47,7,car,28.896,26.717,3.096,30.81,28.023,28.023,False
0020,48,4,car,20.375,18.536,2.9,20.33,18.251,18.251,False
0020,48,0,car,15.933,14.036,2.141,15.825,15.696,15.696,False
0020,48,5,car,31.739,29.644,1.996,35.234,30.603,30.603,False
0020,48,16,car,52.637,50.661,0.0,64.512,48.357,48.357,True
0020,48,8,car,31.097,29.088,7.442,33.319,30.747,30.747,False
0020,48,126,car,61.752,60.015,1.554,81.849,68.489,68.489,False
0020,48,3,car,10.431,8.354,2.851,9.85,9.127,9.127,False
0020,48,2,car,12.227,10.321,7.258,13.265,11.987,11.987,False
0020,48,13,car,51.218,49.288,3.714,58.544,55.811,55.811,False
0020,48,7,car,28.639,26.46,3.092,30.812,28.033,28.033,False
0020,49,4,car,20.139,18.3,2.897,20.002,17.969,17.969,False
0020,49,16,car,52.725,50.748,0.0,61.281,49.432,49.432,True
0020,49,0,car,15.993,14.095,2.139,15.697,15.746,15.746,False
0020,49,5,car,32.038,29.943,2.002,36.115,30.812,30.812,False
0020,49,126,car,62.254,60.519,1.55,81.847,67.451,67.451,False
0020,49,3,car,10.25,8.173,2.844,9.627,8.753,8.753,False
0020,49,8,car,30.852,28.844,7.439,32.518,31.184,31.184,False
0020,49,2,car,12.024,10.129,7.253,13.283,12.313,12.313,False
0020,49,13,car,50.986,49.056,3.713,58.525,55.122,55.122,False
0020,49,7,car,28.381,26.203,3.088,30.067,27.022,27.022,False
0020,50,4,car,19.904,18.064,2.893,20.019,17.695,17.695,False
0020,50,16,car,52.813,50.836,0.0,64.512,50.555,50.555,True
0020,50,0,car,16.052,14.154,2.137,15.967,15.746,15.746,False
0020,50,5,car,32.336,30.242,2.007,36.263,31.024,31.024,False
0020,50,126,car,62.755,61.023,1.547,81.844,68.487,68.487,False
0020,50,3,car,10.07,7.992,2.837,9.425,8.592,8.592,False
0020,50,8,car,30.607,28.599,7.437,32.453,30.996,30.996,False
0020,50,2,car,11.823,9.94,7.248,13.265,12.813,12.813,False
0020,50,13,car,50.754,48.824,3.712,58.583,55.125,55.125,False
0020,50,7,car,28.124,25.946,3.084,30.836,27.359,27.359,False
0020,51,4,car,19.669,17.827,2.889,19.389,17.431,17.431,False
0020,51,16,car,52.901,50.924,0.0,64.512,50.555,50.555,True
0020,51,0,car,16.074,14.178,2.138,15.818,15.799,15.799,False
0020,51,5,car,32.594,30.499,2.0,36.252,31.909,31.909,False
0020,51,126,car,63.257,61.528,1.543,81.839,67.448,67.448,False
0020,51,3,car,9.815,7.736,2.834,9.291,8.386,8.386,False
0020,51,8,car,30.363,28.354,7.435,32.529,30.817,30.817,False
0020,51,2,car,11.638,9.768,7.247,12.466,13.191,13.191,False
0020,51,7,car,27.867,25.689,3.08,30.859,27.699,27.699,False
0020,51,13,car,50.523,48.591,3.711,58.55,55.128,55.128,False
0020,52,4,car,19.433,17.591,2.885,19.093,17.175,17.175,False
0020,52,126,car,63.758,62.032,1.54,81.842,67.448,67.448,False
0020,52,16,car,52.988,51.012,0.0,64.515,50.555,50.555,True
0020,52,0,car,16.097,14.202,2.138,15.816,15.854,15.854,False
0020,52,5,car,32.851,30.757,1.994,36.258,31.905,31.905,False
0020,52,3,car,9.56,7.482,2.83,9.017,8.207,8.207,False
0020,52,8,car,30.119,28.11,7.432,32.474,30.833,30.833,False
0020,52,13,car,50.291,48.359,3.71,58.55,53.165,53.165,False
0020,52,7,car,27.61,25.433,3.075,30.106,27.036,27.036,False
0020,52,2,car,11.455,9.599,7.247,12.331,14.145,14.145,False
0020,53,4,car,19.198,17.355,2.881,18.819,16.927,16.927,False
0020,53,16,car,53.076,51.1,0.0,61.281,49.432,49.432,True
0020,53,0,car,16.12,14.225,2.139,15.69,15.964,15.964,False
0020,53,5,car,33.109,31.015,1.987,36.108,31.905,31.905,False
0020,53,126,car,64.26,62.536,1.525,81.83,68.482,68.482,False
0020,53,3,car,9.307,7.229,2.827,8.77,7.939,7.939,False
0020,53,8,car,29.874,27.865,7.43,31.651,30.454,30.454,False
0020,53,13,car,50.059,48.127,3.709,58.556,50.752,50.752,False
0020,53,7,car,27.353,25.176,3.071,29.396,26.881,26.881,False
0020,53,2,car,11.253,9.413,7.247,11.968,15.067,15.067,False
0020,54,4,car,18.908,17.064,2.874,18.27,16.809,16.809,False
0020,54,0,car,16.142,14.249,2.139,15.78,15.962,15.962,False
0020,54,16,car,53.164,51.188,0.0,61.281,49.432,49.432,True
0020,54,5,car,33.366,31.273,1.981,35.061,32.363,32.363,False
0020,54,126,car,64.761,63.041,1.508,81.819,69.551,69.551,False
0020,54,8,car,29.63,27.621,7.427,30.92,29.69,29.69,False
0020,54,3,car,9.055,6.977,2.823,8.157,7.829,7.829,False
0020,54,7,car,27.096,24.919,3.067,28.724,26.411,26.411,False
0020,54,13,car,49.828,47.895,3.708,55.866,53.168,53.168,False
0020,54,2,car,11.054,9.232,7.246,11.713,16.844,16.844,False
0020,55,4,car,18.618,16.772,2.866,18.297,16.336,16.336,False
0020,55,0,car,16.165,14.272,2.14,15.694,16.016,16.016,False
0020,55,16,car,53.252,51.275,0.0,61.281,49.432,49.432,True
0020,55,5,car,33.623,31.531,1.975,36.228,32.363,32.363,False
0020,55,8,car,29.387,27.377,7.425,31.382,29.522,29.522,False
0020,55,3,car,8.804,6.727,2.819,7.509,7.517,7.517,False
0020,55,126,car,65.263,63.545,1.491,81.779,69.549,69.549,False
0020,55,13,car,49.596,47.663,3.706,58.541,51.935,51.935,False
0020,55,7,car,26.839,24.662,3.063,28.049,25.809,25.809,False
0020,56,4,car,18.327,16.481,2.858,17.504,16.113,16.113,False
0020,56,0,car,16.18,14.288,2.142,15.774,16.073,16.073,False
0020,56,16,car,52.984,51.007,0.0,61.285,49.432,49.432,True
0020,56,5,car,33.817,31.725,1.971,36.215,32.837,32.837,False
0020,56,3,car,8.482,6.407,2.815,7.196,7.275,7.275,False
0020,56,126,car,65.687,63.97,1.465,76.697,67.442,67.442,False
0020,56,8,car,29.143,27.133,7.422,30.677,29.364,29.364,False
0020,56,13,car,49.364,47.431,3.705,55.881,49.627,49.627,False
0020,56,7,car,26.582,24.406,3.059,28.061,25.516,25.516,False
0020,57,4,car,18.037,16.19,2.851,17.281,15.729,15.729,False
0020,57,0,car,16.195,14.304,2.143,15.762,16.073,16.073,False
0020,57,3,car,8.162,6.091,2.81,6.956,7.093,7.093,False
0020,57,5,car,34.011,31.919,1.968,36.218,33.079,33.079,False
0020,57,16,car,52.715,50.738,0.0,61.286,48.358,48.358,True
0020,57,126,car,66.111,64.394,1.439,76.66,67.439,67.439,False
0020,57,8,car,28.899,26.889,7.42,30.469,29.027,29.027,False
0020,57,7,car,26.325,24.149,3.055,26.824,24.96,24.96,False
0020,57,13,car,49.133,47.199,3.704,55.887,53.175,53.175,False
0020,58,3,car,7.845,5.778,2.806,8.046,7.298,7.298,False
0020,58,4,car,17.748,15.899,2.843,16.963,15.527,15.527,False
0020,58,0,car,16.211,14.32,2.145,15.494,16.069,16.069,False
0020,58,5,car,34.204,32.112,1.965,36.22,33.322,33.322,False
0020,58,16,car,52.446,50.469,0.0,61.299,49.433,49.433,True
0020,58,126,car,66.535,64.818,1.413,76.689,71.79,71.79,False
0020,58,8,car,28.656,26.645,7.418,30.017,28.701,28.701,False
0020,58,13,car,48.775,46.841,3.711,53.457,50.767,50.767,False
0020,58,7,car,25.988,23.811,3.055,26.255,24.032,24.032,False
0020,58,6,car,19.313,17.347,7.163,26.124,27.063,27.063,False
0020,59,3,car,7.532,5.471,2.801,7.522,7.38,7.38,False
0020,59,4,car,17.413,15.563,2.84,16.688,15.126,15.126,False
0020,59,0,car,16.226,14.336,2.146,15.76,16.069,16.069,False
0020,59,5,car,34.398,32.306,1.962,36.21,33.826,33.826,False
0020,59,126,car,66.958,65.243,1.387,81.794,71.788,71.788,False
0020,59,16,car,52.178,50.201,0.0,61.301,48.89,48.89,True
0020,59,8,car,28.412,26.402,7.415,29.443,28.041,28.041,False
0020,59,13,car,48.417,46.483,3.718,53.457,50.773,50.773,False
0020,59,7,car,25.651,23.473,3.056,26.271,23.658,23.658,False
0020,59,6,car,19.063,17.097,7.168,22.604,23.036,23.036,False
0020,60,3,car,7.222,5.17,2.796,7.478,7.477,7.477,False
0020,60,4,car,17.08,15.228,2.836,16.505,14.895,14.895,False
0020,60,0,car,16.241,14.352,2.147,15.812,16.069,16.069,False
0020,60,5,car,34.592,32.5,1.959,37.301,33.071,33.071,False
0020,60,16,car,51.909,49.932,0.0,61.298,49.433,49.433,True
0020,60,6,car,18.814,16.848,7.172,18.269,18.288,18.288,False
0020,60,126,car,67.382,65.667,1.361,81.792,76.737,76.737,False
0020,60,8,car,28.169,26.159,7.413,28.782,27.739,27.739,False
0020,60,7,car,25.314,23.135,3.056,25.721,23.667,23.667,False
0020,60,13,car,48.059,46.124,3.726,55.89,53.188,53.188,False
0020,61,4,car,16.746,14.893,2.833,16.115,14.527,14.527,False
0020,61,0,car,16.211,14.322,2.141,15.685,15.956,15.956,False
0020,61,3,car,6.881,4.839,2.776,7.151,7.579,7.579,False
0020,61,5,car,34.772,32.681,1.94,37.333,33.821,33.821,False
0020,61,16,car,51.64,49.663,0.0,58.358,47.838,47.838,True
0020,61,126,car,67.806,66.091,1.338,81.791,71.785,71.785,False
0020,61,8,car,27.926,25.915,7.41,28.873,27.781,27.781,False
0020,61,7,car,24.977,22.797,3.057,25.727,23.674,23.674,False
0020,61,6,car,18.407,16.442,7.146,19.991,20.006,20.006,False
0020,61,13,car,47.701,45.765,3.733,53.466,52.562,52.562,False
0020,62,0,car,16.181,14.292,2.135,15.952,15.952,15.952,False
0020,62,3,car,6.52,4.497,2.779,7.151,7.748,7.748,False
0020,62,4,car,16.413,14.558,2.829,15.749,14.186,14.186,False
0020,62,5,car,34.952,32.862,1.921,37.309,34.339,34.339,False
0020,62,16,car,51.371,49.393,0.0,58.362,47.329,47.329,True
0020,62,8,car,27.684,25.672,7.408,28.91,27.492,27.492,False
0020,62,7,car,24.64,22.459,3.057,24.711,22.958,22.958,False
0020,62,126,car,68.229,66.514,1.315,87.645,74.177,74.177,False
0020,62,6,car,18.065,16.1,7.12,19.755,19.779,19.779,False
0020,62,13,car,47.343,45.406,3.74,53.478,53.191,53.191,False
0020,63,4,car,16.08,14.223,2.826,15.588,13.774,13.774,False
0020,63,0,car,16.151,14.261,2.129,15.887,15.844,15.844,False
0020,63,3,car,6.168,4.169,2.781,7.176,7.975,7.975,False
0020,63,5,car,35.133,33.043,1.901,39.719,33.815,33.815,False
0020,63,6,car,17.73,15.767,7.112,18.13,17.505,17.505,False
0020,63,16,car,51.102,49.124,0.0,61.281,47.329,47.329,True
0020,63,7,car,24.209,22.026,3.049,25.232,22.619,22.619,False
0020,63,126,car,68.652,66.938,1.291,94.406,76.734,76.734,False
0020,63,8,car,27.341,25.329,7.407,28.96,26.908,26.908,False
0020,63,13,car,46.985,45.048,3.748,55.916,51.367,51.367,False
0020,64,0,car,16.121,14.231,2.127,16.379,15.626,15.626,False
0020,64,4,car,15.7,13.841,2.816,15.614,13.586,13.586,False
0020,64,6,car,17.398,15.435,7.104,17.092,16.248,16.248,False
0020,64,3,car,5.826,3.861,2.784,7.135,8.081,8.081,False
0020,64,16,car,50.833,48.855,0.0,64.512,46.343,46.343,True
0020,64,5,car,35.313,33.224,1.882,41.056,34.335,34.335,False
0020,64,126,car,69.076,67.362,1.268,102.291,71.781,71.781,False
0020,64,7,car,23.777,21.594,3.041,25.225,22.747,22.747,False
0020,64,8,car,26.999,24.987,7.405,29.01,26.797,26.797,False
0020,64,13,car,46.627,44.689,3.755,68.463,54.502,54.502,False
0020,65,0,car,16.092,14.201,2.125,16.61,15.734,15.734,False
0020,65,4,car,15.32,13.46,2.805,15.292,13.101,13.101,False
0020,65,6,car,17.067,15.105,7.096,16.977,16.032,16.032,False
0020,65,5,car,35.494,33.405,1.863,43.977,34.598,34.598,False
0020,65,16,car,50.563,48.586,0.0,68.104,45.398,45.398,True
0020,65,3,car,5.496,3.578,2.786,7.053,8.295,8.295,False
0020,65,126,car,69.499,67.785,1.244,122.831,74.174,74.174,False
0020,65,13,car,46.269,44.331,3.762,61.525,48.591,48.591,False
0020,65,7,car,23.346,21.161,3.033,25.236,21.985,21.985,False
0020,65,8,car,26.658,24.644,7.404,29.723,26.098,26.098,False
0020,66,0,car,16.046,14.154,2.125,16.821,15.738,15.738,False
0020,66,6,car,16.744,14.785,7.087,17.457,15.533,15.533,False
0020,66,4,car,14.94,13.079,2.795,15.098,13.047,13.047,False
0020,66,5,car,35.639,33.551,1.862,47.358,34.864,34.864,False
0020,66,126,car,69.939,68.226,1.244,,72.958,72.958,False
0020,66,16,car,50.294,48.317,0.0,76.642,45.866,45.866,True
0020,66,3,car,5.174,3.319,2.776,7.112,8.776,8.776,False
0020,66,7,car,22.914,20.728,3.024,25.758,21.47,21.47,False
0020,66,13,car,45.911,43.972,3.769,64.773,50.806,50.806,False
0020,66,8,car,26.317,24.303,7.403,30.414,25.581,25.581,False
0020,67,6,car,16.423,14.467,7.079,17.203,14.887,14.887,False
0020,67,0,car,15.999,14.107,2.125,17.041,15.63,15.63,False
0020,67,4,car,14.563,12.7,2.793,14.604,12.604,12.604,False
0020,67,126,car,70.38,68.667,1.243,,71.782,71.782,False
0020,67,5,car,35.785,33.696,1.861,49.245,34.328,34.328,False
0020,67,7,car,22.483,20.296,3.016,25.253,20.883,20.883,False
0020,67,16,car,50.025,48.048,0.0,76.636,43.617,43.617,True
0020,67,13,car,45.553,43.614,3.777,68.387,50.799,50.799,False
0020,67,3,car,4.875,3.103,2.765,7.217,9.684,9.684,False
0020,67,8,car,25.976,23.961,7.402,30.524,25.64,25.64,False
0020,68,6,car,16.104,14.151,7.07,16.746,14.602,14.602,False
0020,68,0,car,15.953,14.06,2.125,17.043,15.632,15.632,False
0020,68,4,car,14.187,12.322,2.79,14.379,12.193,12.193,False
0020,68,5,car,36.014,33.925,1.847,49.239,35.137,35.137,False
0020,68,13,car,45.195,43.255,3.77,68.359,44.715,44.715,False
0020,68,16,car,49.756,47.779,0.0,76.637,42.778,42.778,True
0020,68,126,car,70.821,69.108,1.236,,72.956,72.956,False
0020,68,7,car,22.062,19.873,3.013,24.752,20.518,20.518,False
0020,68,3,car,4.594,2.93,2.754,,,,False
0020,68,8,car,25.636,23.62,7.4,29.802,25.435,25.435,False
0020,69,6,car,15.775,13.823,7.079,16.404,14.254,14.254,False
0020,69,0,car,15.907,14.014,2.125,16.749,15.688,15.688,False
0020,69,4,car,13.806,11.939,2.784,13.728,11.78,11.78,False
0020,69,5,car,36.242,34.154,1.833,51.277,35.414,35.414,False
0020,69,13,car,44.836,42.895,3.763,68.449,44.273,44.273,False
0020,69,16,car,49.488,47.51,0.0,81.757,43.617,43.617,True
0020,69,7,car,21.641,19.451,3.01,24.77,20.438,20.438,False
0020,69,126,car,71.262,69.55,1.229,,74.174,74.174,False
0020,70,6,car,15.449,13.498,7.07,15.971,13.891,13.891,False
0020,70,4,car,13.425,11.556,2.777,13.572,11.454,11.454,False
0020,70,0,car,15.861,13.967,2.125,17.051,15.746,15.746,False
0020,70,16,car,49.219,47.241,0.0,81.757,43.617,43.617,True
0020,70,5,car,36.471,34.383,1.819,51.28,35.697,35.697,False
0020,70,7,car,21.22,19.029,3.007,23.831,19.821,19.821,False
0020,70,126,car,71.703,69.991,1.223,,74.174,74.174,False
0020,70,13,car,44.477,42.536,3.756,64.777,41.409,41.409,False
0020,71,6,car,15.156,13.209,7.069,15.636,13.561,13.561,False
0020,71,4,car,13.045,11.174,2.77,13.104,11.07,11.07,False
0020,71,0,car,15.859,13.965,2.122,17.051,15.746,15.746,False
0020,71,5,car,36.729,34.641,1.818,53.361,36.571,36.571,False
0020,71,16,car,48.95,46.973,0.0,81.764,43.617,43.617,True
0020,71,7,car,20.799,18.607,3.004,22.952,19.003,19.003,False
0020,71,13,car,44.118,42.177,3.75,64.777,43.845,43.845,False
0020,71,126,car,72.145,70.433,1.222,,75.431,75.431,False
0020,72,6,car,14.866,12.922,7.069,15.494,13.326,13.326,False
0020,72,4,car,12.666,10.793,2.764,12.789,10.717,10.717,False
0020,72,0,car,15.857,13.963,2.119,17.073,15.746,15.746,False
0020,72,5,car,36.987,34.899,1.816,53.423,36.567,36.567,False
0020,72,16,car,48.682,46.704,0.0,81.758,43.617,43.617,True
0020,72,7,car,20.379,18.185,3.001,22.982,18.7,18.7,False
0020,72,126,car,72.586,70.874,1.221,,78.075,78.075,False
0020,72,13,car,43.76,41.818,3.743,64.777,42.595,42.595,False
0020,72,15,car,53.229,51.238,3.881,94.647,53.77,53.77,False
0020,73,4,car,12.288,10.413,2.757,12.36,10.366,10.366,False
0020,73,6,car,14.578,12.638,7.068,14.994,13.236,13.236,False
0020,73,0,car,15.855,13.961,2.116,17.051,15.746,15.746,False
0020,73,5,car,37.245,35.158,1.815,55.797,36.567,36.567,False
0020,73,16,car,48.413,46.435,0.0,87.613,44.489,44.489,True
0020,73,7,car,19.967,17.771,2.995,22.16,18.26,18.26,False
0020,73,126,car,73.027,71.316,1.221,,76.729,76.729,False
0020,73,13,car,43.409,41.466,3.738,64.777,43.851,43.851,False
0020,73,15,car,52.924,50.932,3.869,94.647,51.9,51.9,False
0020,74,6,car,14.292,12.357,7.067,14.952,12.922,12.922,False
0020,74,4,car,11.905,10.028,2.752,11.871,10.0,10.0,False
0020,74,0,car,15.853,13.959,2.113,17.073,15.692,15.692,False
0020,74,16,car,48.144,46.166,0.0,81.757,43.617,43.617,True
0020,74,5,car,37.503,35.416,1.813,55.9,36.267,36.267,False
0020,74,7,car,19.555,17.358,2.99,21.408,17.915,17.915,False
0020,74,126,car,73.468,71.758,1.22,,79.469,79.469,False
0020,74,13,car,43.058,41.115,3.733,61.544,40.301,40.301,False
0020,74,15,car,52.619,50.627,3.857,94.642,51.9,51.9,False
0020,75,6,car,14.009,12.079,7.066,13.854,12.787,12.787,False
0020,75,0,car,15.852,13.957,2.111,17.051,15.746,15.746,False
0020,75,4,car,11.523,9.644,2.747,11.535,9.664,9.664,False
0020,75,16,car,47.876,45.898,0.0,81.762,44.048,44.048,True
0020,75,5,car,37.76,35.674,1.811,55.909,36.562,36.562,False
0020,75,7,car,19.143,16.945,2.984,20.708,17.315,17.315,False
0020,75,13,car,42.707,40.764,3.728,64.818,41.046,41.046,False
0020,75,126,car,73.91,72.199,1.219,,79.469,79.469,False
0020,75,15,car,52.314,50.322,3.844,94.647,51.9,51.9,False
0020,76,6,car,13.731,11.807,7.06,13.49,12.413,12.413,False
0020,76,0,car,15.887,13.993,2.115,17.285,15.638,15.638,False
0020,76,4,car,11.142,9.261,2.742,10.656,9.357,9.357,False
0020,76,5,car,38.08,35.994,1.797,55.939,37.17,37.17,False
0020,76,7,car,18.732,16.532,2.978,20.701,17.071,17.071,False
0020,76,16,car,47.621,45.644,0.0,81.758,43.617,43.617,True
0020,76,13,car,42.357,40.412,3.723,64.797,43.866,43.866,False
0020,76,126,car,74.351,72.64,1.199,,82.411,82.411,True
0020,76,15,car,52.009,50.017,3.832,102.558,51.905,51.905,False
0020,77,6,car,13.455,11.539,7.054,13.287,12.066,12.066,False
0020,77,0,car,15.923,14.028,2.119,17.545,15.799,15.799,False
0020,77,4,car,10.763,8.88,2.737,10.113,8.963,8.963,False
0020,77,5,car,38.4,36.313,1.783,55.939,37.168,37.168,False
0020,77,7,car,18.321,16.12,2.972,20.062,16.772,16.772,False
0020,77,126,car,74.792,73.082,1.179,,82.412,82.412,True
0020,77,16,car,47.367,45.389,0.0,81.758,43.616,43.616,True
0020,77,13,car,42.006,40.061,3.718,61.559,43.869,43.869,False
0020,77,15,car,51.704,49.712,3.82,94.647,51.905,51.905,False
0020,78,6,car,13.183,11.273,7.048,12.885,11.693,11.693,False
0020,78,0,car,15.958,14.064,2.123,17.514,15.852,15.852,False
0020,78,4,car,10.385,8.5,2.733,9.755,8.624,8.624,False
0020,78,5,car,38.719,36.633,1.769,55.903,37.166,37.166,False
0020,78,7,car,17.897,15.697,2.988,19.456,16.249,16.249,False
0020,78,16,car,47.113,45.135,0.0,81.757,43.193,43.193,True
0020,78,13,car,41.655,39.71,3.713,61.54,39.599,39.599,False
0020,78,126,car,75.233,73.523,1.159,,79.466,79.466,True
0020,78,15,car,51.4,49.407,3.811,94.632,51.309,51.309,False
0020,79,6,car,12.913,11.011,7.041,12.626,11.344,11.344,False
0020,79,0,car,15.994,14.1,2.127,17.336,15.852,15.852,False
0020,79,4,car,10.024,8.137,2.728,9.96,8.286,8.286,False
0020,79,5,car,39.039,36.952,1.755,55.919,37.162,37.162,False
0020,79,7,car,17.489,15.287,2.974,18.885,15.87,15.87,False
0020,79,16,car,46.859,44.881,0.0,81.757,42.777,42.777,True
0020,79,13,car,41.304,39.358,3.708,61.54,40.685,40.685,False
0020,79,126,car,75.673,73.964,1.138,,79.466,79.466,True
0020,79,15,car,51.096,49.102,3.803,94.632,50.726,50.726,False
0020,80,6,car,12.646,10.754,7.035,12.301,10.974,10.974,False
0020,80,0,car,16.029,14.136,2.131,17.352,15.96,15.96,False
0020,80,4,car,9.664,7.775,2.724,8.909,7.881,7.881,False
0020,80,7,car,17.081,14.877,2.961,18.334,15.567,15.567,False
0020,80,5,car,39.359,37.272,1.741,58.569,38.115,38.115,False
0020,80,16,car,46.605,44.627,0.0,76.641,41.97,41.97,True
0020,80,13,car,40.954,39.007,3.703,61.54,40.321,40.321,False
0020,80,15,car,50.791,48.798,3.795,94.632,52.522,52.522,False
0020,81,0,car,16.139,14.246,2.127,17.503,16.014,16.014,False
0020,81,6,car,12.406,10.523,7.027,11.847,10.749,10.749,False
0020,81,4,car,9.306,7.416,2.719,9.061,7.587,7.587,False
0020,81,16,car,46.351,44.373,0.0,72.139,42.777,42.777,True
0020,81,7,car,16.678,14.472,2.959,17.583,15.277,15.277,False
0020,81,5,car,39.728,37.641,1.727,55.887,37.159,37.159,False
0020,81,13,car,40.603,38.656,3.698,58.642,39.964,39.964,False
0020,81,15,car,50.487,48.493,3.786,87.892,51.914,51.914,False
0020,82,0,car,16.249,14.357,2.124,17.503,16.012,16.012,False
0020,82,6,car,12.169,10.296,7.018,12.212,11.051,11.051,False
0020,82,4,car,8.95,7.059,2.715,8.029,7.293,7.293,False
0020,82,7,car,16.276,14.068,2.957,17.129,14.805,14.805,False
0020,82,5,car,40.096,38.011,1.713,55.893,38.439,38.439,False
0020,82,16,car,46.096,44.119,0.0,68.104,41.97,41.97,True
0020,82,13,car,40.253,38.305,3.693,58.666,40.324,40.324,False
0020,82,15,car,50.183,48.188,3.778,81.992,51.917,51.917,False
0020,83,0,car,16.36,14.468,2.121,17.514,15.896,15.896,False
0020,83,16,car,45.842,43.865,0.0,64.514,41.193,41.193,True
0020,83,4,car,8.597,6.706,2.71,7.585,6.987,6.987,False
0020,83,7,car,15.885,13.675,2.949,16.461,14.593,14.593,False
0020,83,5,car,40.465,38.38,1.699,55.887,38.437,38.437,False
0020,83,13,car,39.902,37.953,3.688,55.976,40.33,40.33,False
0020,83,6,car,11.935,10.073,7.009,13.605,12.643,12.643,False
0020,83,15,car,49.916,47.918,3.776,81.992,51.917,51.917,False
0020,84,0,car,16.47,14.579,2.117,17.523,16.002,16.002,False
0020,84,4,car,8.228,6.338,2.7,7.193,6.625,6.625,False
0020,84,5,car,40.834,38.75,1.685,55.887,38.433,38.433,False
0020,84,7,car,15.494,13.282,2.941,16.05,13.997,13.997,False
0020,84,13,car,39.551,37.602,3.683,53.534,39.275,39.275,False
0020,84,16,car,45.588,43.611,0.0,61.283,39.722,39.722,True
0020,84,9,car,27.065,25.18,3.591,31.719,25.604,25.604,False
0020,84,10,car,28.663,26.624,7.756,38.088,30.909,30.909,False
0020,84,6,car,11.704,9.854,7.0,13.472,12.893,12.893,False
0020,84,15,car,49.65,47.648,3.774,82.005,51.923,51.923,False
0020,85,0,car,16.58,14.69,2.114,17.567,16.226,16.226,False
0020,85,4,car,7.863,5.974,2.69,6.965,6.566,6.566,False
0020,85,5,car,41.203,39.119,1.672,55.863,38.43,38.43,False
0020,85,13,car,39.201,37.251,3.678,51.307,39.979,39.979,False
0020,85,7,car,15.104,12.89,2.934,15.286,13.646,13.646,False
0020,85,9,car,26.721,24.835,3.589,31.707,25.183,25.183,False
0020,85,16,car,45.334,43.357,0.0,61.283,39.025,39.025,True
0020,85,10,car,28.305,26.265,7.758,34.233,28.166,28.166,False
0020,85,15,car,49.384,47.378,3.772,76.856,50.743,50.743,False
0020,86,4,car,7.526,5.639,2.713,7.181,6.693,6.693,False
0020,86,0,car,16.757,14.867,2.113,17.717,16.701,16.701,False
0020,86,7,car,14.718,12.503,2.927,14.776,13.129,13.129,False
0020,86,5,car,41.612,39.529,1.657,55.884,39.449,39.449,False
0020,86,9,car,26.377,24.491,3.587,30.943,24.779,24.779,False
0020,86,13,car,38.85,36.9,3.673,51.318,38.606,38.606,False
0020,86,16,car,45.08,43.103,0.0,61.282,39.025,39.025,True
0020,86,10,car,28.044,26.004,7.756,34.27,28.365,28.365,False
0020,86,15,car,49.117,47.108,3.766,76.88,50.179,50.179,False
0020,87,4,car,7.202,5.318,2.733,7.88,6.735,6.735,False
0020,87,7,car,14.334,12.117,2.92,14.28,12.631,12.631,False
0020,87,0,car,16.934,15.045,2.113,18.212,16.947,16.947,False
0020,87,5,car,42.022,39.939,1.642,58.55,39.799,39.799,False
0020,87,9,car,26.034,24.146,3.585,30.2,24.255,24.255,False
0020,87,13,car,38.5,36.549,3.668,51.311,37.325,37.325,False
0020,87,16,car,44.826,42.849,0.0,61.281,39.37,39.37,True
0020,87,15,car,48.851,46.838,3.743,76.884,49.63,49.63,False
0020,87,14,van,46.855,44.163,7.976,,52.719,52.719,False
0020,88,4,car,6.835,4.96,2.709,7.704,6.833,6.833,False
0020,88,0,car,17.111,15.223,2.113,18.466,17.196,17.196,False
0020,88,7,car,13.971,11.753,2.926,13.83,12.382,12.382,False
0020,88,5,car,42.431,40.349,1.623,58.513,40.154,40.154,False
0020,88,9,car,25.69,23.801,3.583,29.495,23.888,23.888,False
0020,88,16,car,44.572,42.594,0.0,61.282,39.025,39.025,True
0020,88,13,car,38.204,36.252,3.679,51.336,38.615,38.615,False
0020,88,15,car,48.585,46.568,3.72,72.356,48.542,48.542,False
0020,88,8,car,18.758,16.744,7.285,23.085,21.681,21.681,False
0020,89,4,car,6.489,4.626,2.696,7.179,6.936,6.936,False
0020,89,0,car,17.287,15.4,2.109,18.584,17.386,17.386,False
0020,89,5,car,42.841,40.759,1.604,58.508,41.266,41.266,False
0020,89,7,car,13.61,11.39,2.933,13.283,11.897,11.897,False
0020,89,9,car,25.347,23.457,3.581,28.8,23.773,23.773,False
0020,89,16,car,44.318,42.34,0.0,61.281,38.685,38.685,True
0020,89,13,car,37.909,35.956,3.689,49.272,37.023,37.023,False
0020,89,8,car,18.388,16.375,7.297,22.891,21.645,21.645,False
0020,89,15,car,48.318,46.299,3.698,72.341,47.515,47.515,False
0020,90,4,car,6.141,4.296,2.681,7.165,7.068,7.068,False
0020,90,0,car,17.464,15.578,2.106,18.72,17.513,17.513,False
0020,90,9,car,25.017,23.125,3.582,28.144,23.533,23.533,False
0020,90,7,car,13.199,10.977,2.933,13.143,11.405,11.405,False
0020,90,5,car,43.25,41.169,1.586,58.508,40.513,40.513,False
0020,90,16,car,44.064,42.086,0.0,58.359,39.722,39.722,True
0020,90,13,car,37.613,35.66,3.7,49.293,36.725,36.725,False
0020,90,11,van,35.366,33.642,7.978,57.084,33.013,33.013,False
0020,90,15,car,48.052,46.029,3.675,72.38,49.633,49.633,False
0020,90,8,car,18.03,16.018,7.299,21.79,21.131,21.131,False
0020,91,0,car,17.699,15.814,2.096,18.707,17.573,17.573,False
0020,91,4,car,5.823,4.0,2.673,7.047,7.174,7.174,False
0020,91,9,car,24.686,22.794,3.583,28.164,23.425,23.425,False
0020,91,7,car,12.825,10.601,2.932,12.846,11.115,11.115,False
0020,91,5,car,43.705,41.625,1.551,58.513,41.263,41.263,False
0020,91,16,car,43.81,41.832,0.0,58.379,39.722,39.722,True
0020,91,13,car,37.318,35.364,3.711,45.818,36.136,36.136,False
0020,91,11,van,35.048,33.323,7.984,59.807,33.524,33.524,False
0020,91,8,car,17.673,15.663,7.301,19.223,18.39,18.39,False
0020,91,15,car,47.786,45.759,3.652,68.367,46.525,46.525,False
0020,92,0,car,17.935,16.051,2.085,19.291,17.912,17.912,False
0020,92,9,car,24.356,22.463,3.585,27.541,23.082,23.082,False
0020,92,4,car,5.514,3.72,2.667,7.001,7.291,7.291,False
0020,92,7,car,12.453,10.227,2.932,12.281,10.633,10.633,False
0020,92,11,van,34.716,32.99,7.99,46.58,61.258,61.258,False
0020,92,16,car,43.556,41.578,0.0,61.284,40.08,40.08,True
0020,92,5,car,44.16,42.081,1.516,61.43,42.435,42.435,False
0020,92,13,car,37.022,35.068,3.722,49.319,36.141,36.141,False
0020,92,8,car,17.318,15.31,7.302,17.904,16.993,16.993,False
0020,92,15,car,47.519,45.49,3.629,68.347,47.524,47.524,False
0020,93,0,car,18.171,16.288,2.075,19.56,18.049,18.049,False
0020,93,5,car,44.616,42.537,1.481,64.657,43.682,43.682,False
0020,93,9,car,24.027,22.131,3.586,26.967,22.4,22.4,False
0020,93,4,car,5.215,3.462,2.66,7.089,7.43,7.43,False
0020,93,7,car,12.096,9.869,2.931,11.905,10.218,10.218,False
0020,93,16,car,43.302,41.324,0.0,61.304,39.025,39.025,True
0020,93,8,car,16.965,14.959,7.304,17.528,16.573,16.573,False
0020,93,13,car,36.727,34.772,3.733,47.391,36.147,36.147,False
0020,93,15,car,47.259,45.236,3.641,68.351,46.536,46.536,False
0020,93,11,van,34.384,32.657,7.997,57.253,32.621,32.621,False
0020,94,11,van,34.052,32.324,8.004,43.51,27.235,27.235,False
0020,94,9,car,23.697,21.8,3.587,26.402,21.773,21.773,False
0020,94,0,car,18.407,16.525,2.064,19.854,18.334,18.334,False
0020,94,5,car,45.071,42.993,1.446,64.657,45.463,45.463,False
0020,94,16,car,43.048,41.069,0.0,61.285,39.025,39.025,True
0020,94,7,car,11.741,9.513,2.93,11.59,9.911,9.911,False
0020,94,8,car,16.614,14.611,7.303,17.005,16.206,16.206,False
0020,94,4,car,4.929,3.229,2.653,7.16,7.732,7.732,False
0020,94,13,car,36.432,34.476,3.744,45.853,35.579,35.579,False
0020,94,15,car,46.999,44.982,3.652,68.343,46.542,46.542,False
0020,95,0,car,18.643,16.762,2.054,20.158,18.629,18.629,False
0020,95,9,car,23.395,21.497,3.592,25.874,21.468,21.468,False
0020,95,7,car,11.387,9.158,2.929,11.091,9.564,9.564,False
0020,95,5,car,45.526,43.449,1.411,64.638,44.997,44.997,False
0020,95,16,car,42.794,40.815,0.0,61.284,40.08,40.08,True
0020,95,13,car,36.136,34.18,3.755,45.745,35.585,35.585,False
0020,95,11,van,33.72,31.992,8.01,36.026,24.114,24.114,False
0020,95,8,car,16.278,14.278,7.304,17.018,15.424,15.424,False
0020,95,15,car,46.739,44.729,3.663,68.336,45.598,45.598,False
0020,95,4,car,4.658,3.029,2.646,7.735,9.163,9.163,False
0020,96,0,car,18.93,17.05,2.04,20.573,18.93,18.93,False
0020,96,9,car,23.093,21.194,3.597,25.345,21.186,21.186,False
0020,96,11,van,33.389,31.66,8.017,40.687,26.191,26.191,False
0020,96,16,car,42.622,40.644,0.0,61.282,39.722,39.722,True
0020,96,7,car,11.036,8.806,2.926,10.784,9.192,9.192,False
0020,96,5,car,46.008,43.932,1.385,64.646,45.455,45.455,False
0020,96,13,car,35.841,33.884,3.766,45.671,35.594,35.594,False
0020,96,8,car,15.944,13.948,7.306,16.461,14.951,14.951,False
0020,96,15,car,46.479,44.476,3.633,68.359,46.56,46.56,False
0020,97,0,car,19.217,17.338,2.026,21.151,19.328,19.328,False
0020,97,9,car,22.792,20.892,3.602,24.841,20.803,20.803,False
0020,97,16,car,42.451,40.473,0.0,61.304,39.723,39.723,True
0020,97,7,car,10.686,8.456,2.923,10.507,8.931,8.931,False
0020,97,13,car,35.546,33.588,3.777,44.034,35.042,35.042,False
0020,97,5,car,46.491,44.415,1.358,64.64,44.994,44.994,False
0020,97,15,car,46.219,44.223,3.602,68.355,45.604,45.604,False
0020,97,8,car,15.612,13.621,7.307,16.043,14.666,14.666,False
0020,97,11,van,33.058,31.328,8.024,31.656,21.772,21.772,False
0020,98,0,car,19.504,17.627,2.013,21.161,19.572,19.572,False
0020,98,9,car,22.49,20.589,3.607,24.689,20.535,20.535,False
0020,98,16,car,42.28,40.302,0.0,58.379,39.371,39.371,True
0020,98,7,car,10.337,8.107,2.919,10.066,8.594,8.594,False
0020,98,13,car,35.251,33.292,3.788,44.041,35.05,35.05,False
0020,98,11,van,32.727,30.996,8.03,35.297,23.676,23.676,False
0020,98,15,car,45.959,43.97,3.57,64.754,44.698,44.698,False
0020,98,5,car,46.973,44.898,1.332,64.63,44.541,44.541,False
0020,98,8,car,15.283,13.297,7.308,15.727,14.37,14.37,False
0020,99,11,van,32.397,30.665,8.037,42.432,26.557,26.557,False
0020,99,16,car,42.109,40.131,0.0,58.379,39.026,39.026,True
0020,99,13,car,34.956,32.996,3.799,44.172,34.519,34.519,False
0020,99,0,car,19.791,17.915,1.999,21.863,19.907,19.907,False
0020,99,9,car,22.189,20.287,3.612,24.233,20.275,20.275,False
0020,99,7,car,9.991,7.761,2.916,9.743,8.255,8.255,False
0020,99,5,car,47.456,45.381,1.306,68.227,47.381,47.381,False
0020,99,15,car,45.699,43.714,3.55,68.367,46.572,46.572,False
0020,99,8,car,14.957,12.976,7.309,15.546,14.2,14.2,False
0020,99,18,car,50.38,48.225,7.412,95.544,43.377,43.377,False
0020,100,16,car,41.938,39.96,0.0,58.382,38.687,38.687,True
0020,100,13,car,34.661,32.701,3.81,44.062,34.527,34.527,False
0020,100,11,van,32.102,30.369,8.017,40.858,25.992,25.992,False
0020,100,9,car,21.918,20.015,3.609,24.259,20.016,20.016,False
0020,100,0,car,20.079,18.204,1.985,22.116,20.442,20.442,False
0020,100,7,car,9.646,7.417,2.913,9.378,7.981,7.981,False
0020,100,5,car,47.938,45.864,1.279,72.172,47.378,47.378,False
0020,100,15,car,45.439,43.457,3.529,68.387,48.597,48.597,False
0020,100,8,car,14.666,12.69,7.309,15.361,13.995,13.995,False
0020,101,11,van,31.807,30.073,7.998,39.653,25.16,25.16,False
0020,101,16,car,41.767,39.789,0.0,58.382,38.353,38.353,True
0020,101,0,car,20.434,18.561,1.986,22.644,20.621,20.621,False
0020,101,9,car,21.648,19.744,3.605,23.497,19.679,19.679,False
0020,101,13,car,34.366,32.405,3.821,44.069,34.533,34.533,False
0020,101,5,car,48.434,46.36,1.261,72.191,47.377,47.377,False
0020,101,7,car,9.312,7.084,2.911,8.342,7.839,7.839,False
0020,101,15,car,45.179,43.201,3.509,68.383,47.063,47.063,False
0020,101,8,car,14.377,12.407,7.308,14.267,13.989,13.989,False
0020,101,18,car,49.651,47.494,7.382,95.645,41.785,41.785,False
0020,102,16,car,41.596,39.618,0.0,55.701,37.703,37.703,True
0020,102,9,car,21.378,19.472,3.602,23.073,19.274,19.274,False
0020,102,5,car,48.93,46.857,1.242,76.74,48.937,48.937,False
0020,102,0,car,20.789,18.917,1.987,23.034,20.999,20.999,False
0020,102,13,car,34.072,32.11,3.832,42.791,34.538,34.538,False
0020,102,7,car,8.979,6.754,2.909,7.999,7.514,7.514,False
0020,102,15,car,44.919,42.945,3.488,64.773,43.839,43.839,False
0020,102,11,van,31.512,29.778,7.978,38.922,24.969,24.969,False
0020,102,8,car,14.09,12.128,7.307,14.849,14.095,14.095,False
0020,102,10,car,23.506,21.46,7.711,37.948,33.583,33.583,False
0020,102,18,car,49.287,47.13,7.367,82.88,39.596,39.596,False
0020,103,16,car,41.425,39.447,0.0,55.701,36.467,36.467,True
0020,103,0,car,21.145,19.274,1.987,23.693,21.189,21.189,False
0020,103,11,van,31.217,29.482,7.959,38.937,24.408,24.408,False
0020,103,9,car,21.107,19.201,3.598,22.979,19.122,19.122,False
0020,103,5,car,49.425,47.353,1.224,81.863,49.478,49.478,False
0020,103,13,car,33.802,31.836,3.861,42.8,34.545,34.545,False
0020,103,7,car,8.649,6.428,2.907,7.653,7.269,7.269,False
0020,103,15,car,44.659,42.688,3.468,64.754,45.17,45.17,False
0020,103,10,car,23.237,21.191,7.71,27.494,24.626,24.626,False
0020,103,18,car,48.923,46.765,7.352,88.854,40.306,40.306,False
0020,103,8,car,13.806,11.852,7.307,15.242,14.491,14.491,False
0020,104,0,car,21.501,19.631,1.988,24.731,21.586,21.586,False
0020,104,5,car,49.921,47.85,1.205,81.857,49.478,49.478,False
0020,104,11,van,30.922,29.187,7.939,38.998,24.559,24.559,False
0020,104,9,car,20.837,18.93,3.595,22.667,18.895,18.895,False
0020,104,7,car,8.322,6.106,2.904,7.309,6.966,6.966,False
0020,104,16,car,41.253,39.276,0.0,55.702,35.879,35.879,True
0020,104,13,car,33.533,31.563,3.876,42.773,34.028,34.028,False
0020,104,15,car,44.399,42.432,3.447,68.404,45.628,45.628,False
0020,104,10,car,22.969,20.923,7.709,27.585,24.403,24.403,False
0020,104,18,car,48.559,46.4,7.337,88.914,38.916,38.916,False
0020,104,8,car,13.525,11.58,7.306,14.479,13.65,13.65,False
0020,105,7,car,7.984,5.773,2.859,7.624,6.839,6.839,False
0020,105,5,car,50.417,48.346,1.187,81.827,49.475,49.475,True
0020,105,0,car,21.857,19.988,1.989,24.835,22.004,22.004,False
0020,105,9,car,20.584,18.675,3.585,22.276,18.75,18.75,False
0020,105,11,van,30.627,28.891,7.92,38.788,24.45,24.45,False
0020,105,16,car,41.082,39.105,0.0,53.277,35.309,35.309,True
0020,105,13,car,33.257,31.287,3.847,42.768,34.034,34.034,False
0020,105,15,car,44.139,42.176,3.427,64.754,44.273,44.273,False
0020,105,10,car,22.702,20.656,7.708,23.158,20.925,20.925,False
0020,105,8,car,13.279,11.343,7.304,16.852,14.884,14.884,False
0020,105,18,car,48.195,46.035,7.322,88.914,39.608,39.608,False
0020,106,7,car,7.686,5.483,2.854,8.04,6.893,6.893,False
0020,106,5,car,50.952,48.882,1.209,76.751,48.931,48.931,False
0020,106,0,car,22.24,20.372,1.994,25.222,22.436,22.436,False
0020,106,9,car,20.33,18.42,3.575,21.844,18.381,18.381,False
0020,106,11,van,30.333,28.596,7.9,37.917,51.671,51.671,False
0020,106,15,car,43.879,41.92,3.406,64.754,43.839,43.839,False
0020,106,13,car,32.982,31.01,3.818,41.328,33.532,33.532,False
0020,106,16,car,40.911,38.934,0.0,53.277,35.31,35.31,True
0020,106,10,car,22.435,20.389,7.707,28.323,25.141,25.141,False
0020,106,18,car,47.831,45.67,7.307,82.981,38.934,38.934,False
0020,107,7,car,7.392,5.199,2.85,7.17,6.944,6.944,False
0020,107,5,car,51.487,49.418,1.231,81.88,49.475,49.475,False
0020,107,0,car,22.623,20.757,1.999,26.398,22.77,22.77,False
0020,107,9,car,20.077,18.166,3.565,21.675,18.098,18.098,False
0020,107,13,car,32.706,30.734,3.79,41.137,33.042,33.042,False
0020,107,11,van,30.039,28.301,7.881,36.9,23.989,23.989,False
0020,107,15,car,43.619,41.664,3.386,64.754,42.996,42.996,False
0020,107,16,car,40.739,38.763,0.0,55.703,35.591,35.591,True
0020,107,20,van,56.826,54.424,8.793,82.991,37.638,37.638,False
0020,107,10,car,22.168,20.122,7.706,25.815,22.71,22.71,False
0020,108,7,car,7.1,4.921,2.845,7.704,6.965,6.965,False
0020,108,5,car,52.023,49.954,1.252,87.653,50.598,50.598,False
0020,108,0,car,23.006,21.141,2.004,26.967,23.238,23.238,False
0020,108,9,car,19.824,17.911,3.555,21.506,17.893,17.893,False
0020,108,13,car,32.446,30.474,3.771,41.144,32.332,32.332,False
0020,108,11,van,29.745,28.006,7.861,36.975,23.513,23.513,False
0020,108,16,car,40.568,38.592,0.0,58.378,35.591,35.591,True
0020,108,10,car,21.902,19.857,7.705,25.436,22.343,22.343,False
0020,108,20,van,56.532,54.129,8.75,83.029,37.331,37.331,False
0020,108,15,car,43.358,41.397,3.391,64.754,43.416,43.416,False
0020,109,7,car,6.813,4.651,2.84,7.232,7.063,7.063,False
0020,109,0,car,23.389,21.526,2.01,27.564,23.6,23.6,False
0020,109,5,car,52.558,50.489,1.274,87.685,51.773,51.773,False
0020,109,13,car,32.185,30.215,3.753,40.116,31.654,31.654,False
0020,109,10,car,21.637,19.591,7.704,24.128,21.406,21.406,False
0020,109,9,car,19.57,17.657,3.545,21.188,17.831,17.831,False
0020,109,11,van,29.451,27.712,7.841,36.991,23.18,23.18,False
0020,109,15,car,43.098,41.131,3.396,64.754,42.996,42.996,False
0020,109,20,van,56.238,53.835,8.708,83.038,37.645,37.645,False
0020,109,16,car,40.397,38.421,0.0,58.359,35.591,35.591,True
0020,110,7,car,6.531,4.39,2.835,7.207,7.15,7.15,False
0020,110,5,car,53.093,51.025,1.296,94.486,53.007,53.007,False
0020,110,0,car,23.772,21.911,2.015,28.17,23.844,23.844,False
0020,110,16,car,40.225,38.249,0.0,55.703,35.308,35.308,True
0020,110,10,car,21.39,19.344,7.686,23.242,20.904,20.904,False
0020,110,15,car,42.838,40.864,3.402,64.773,42.182,42.182,False
0020,110,13,car,31.925,29.955,3.735,39.957,32.338,32.338,False
0020,110,9,car,19.335,17.421,3.532,20.643,17.501,17.501,False
0020,110,11,van,29.157,27.417,7.822,35.992,48.77,48.77,False
0020,110,20,van,55.944,53.54,8.665,89.006,38.61,38.61,False
0020,111,5,car,53.628,51.561,1.318,94.489,53.009,53.009,False
0020,111,7,car,6.268,4.151,2.821,7.282,7.237,7.237,False
0020,111,10,car,21.142,19.097,7.669,23.349,20.96,20.96,False
0020,111,0,car,24.194,22.333,2.027,28.805,24.624,24.624,False
0020,111,13,car,31.664,29.696,3.715,39.819,32.108,32.108,False
0020,111,9,car,19.099,17.185,3.519,20.844,17.444,17.444,False
0020,111,16,car,40.052,38.076,0.0,55.703,35.308,35.308,True
0020,111,11,van,28.863,27.123,7.802,35.992,22.659,22.659,False
0020,111,15,car,42.578,40.598,3.407,64.747,41.79,41.79,False
0020,111,20,van,55.65,53.246,8.622,83.029,37.647,37.647,False
0020,112,5,car,54.163,52.097,1.34,102.381,54.302,54.302,False
0020,112,13,car,31.404,29.436,3.688,39.819,30.581,30.581,False
0020,112,7,car,6.009,3.922,2.807,7.191,7.305,7.305,False
0020,112,10,car,20.896,18.851,7.652,22.991,20.47,20.47,False
0020,112,0,car,24.615,22.756,2.04,29.513,25.032,25.032,False
0020,112,9,car,18.863,16.948,3.505,20.214,16.999,16.999,False
0020,112,11,van,28.57,26.829,7.783,35.048,47.432,47.432,False
0020,112,16,car,39.879,37.903,0.0,58.373,35.308,35.308,True
0020,112,15,car,42.319,40.332,3.413,64.754,42.19,42.19,False
0020,112,20,van,55.356,52.951,8.579,124.666,45.176,45.176,False
0020,113,5,car,54.699,52.632,1.362,102.305,54.971,54.971,False
0020,113,13,car,31.165,29.197,3.663,39.832,30.377,30.377,False
0020,113,10,car,20.649,18.605,7.634,22.246,19.847,19.847,False
0020,113,7,car,5.756,3.706,2.793,7.158,7.415,7.415,False
0020,113,0,car,25.036,23.18,2.052,30.208,25.455,25.455,False
0020,113,9,car,18.628,16.712,3.492,20.027,16.944,16.944,False
0020,113,11,van,28.276,26.535,7.763,35.07,22.046,22.046,False
0020,113,16,car,39.706,37.73,0.0,58.359,35.307,35.307,True
0020,113,15,car,42.079,40.091,3.393,64.769,42.595,42.595,False
0020,113,20,van,55.062,52.657,8.537,,48.579,48.579,False
0020,114,13,car,30.927,28.958,3.639,39.846,30.174,30.174,False
0020,114,10,car,20.403,18.359,7.617,21.915,18.894,18.894,False
0020,114,7,car,5.509,3.504,2.779,7.059,7.536,7.536,False
0020,114,16,car,39.533,37.557,0.0,58.37,35.307,35.307,True
0020,114,5,car,55.234,53.168,1.383,102.301,56.361,56.361,False
0020,114,0,car,25.457,23.603,2.064,30.946,25.741,25.741,False
0020,114,9,car,18.392,16.476,3.479,19.557,16.705,16.705,False
0020,114,11,van,27.983,26.241,7.744,34.139,21.959,21.959,False
0020,114,15,car,41.84,39.85,3.374,61.54,41.018,41.018,False
0020,114,20,van,54.768,52.362,8.494,138.769,46.103,46.103,False
0020,115,5,car,55.769,53.704,1.405,102.301,56.361,56.361,False
0020,115,13,car,30.689,28.719,3.613,38.718,30.171,30.171,False
0020,115,10,car,20.158,18.115,7.599,21.717,18.93,18.93,False
0020,115,0,car,25.879,24.026,2.077,31.734,26.343,26.343,False
0020,115,9,car,18.167,16.25,3.463,19.259,16.471,16.471,False
0020,115,16,car,39.36,37.384,0.0,55.704,35.307,35.307,True
0020,115,7,car,5.269,3.32,2.765,7.112,7.707,7.707,False
0020,115,11,van,27.742,25.999,7.739,33.333,21.667,21.667,False
0020,115,15,car,41.6,39.609,3.355,61.54,41.018,41.018,False
0020,115,20,van,54.475,52.068,8.451,,53.784,53.784,False
0020,115,18,car,44.573,42.404,7.169,73.309,49.204,49.204,False
0020,116,10,car,19.914,17.872,7.581,21.321,19.046,19.046,False
0020,116,5,car,56.304,54.24,1.427,102.301,55.656,55.656,False
0020,116,0,car,26.352,24.499,2.095,32.564,26.653,26.653,False
0020,116,16,car,39.187,37.211,0.0,55.706,34.755,34.755,True
0020,116,9,car,17.942,16.024,3.448,18.983,16.248,16.248,False
0020,116,13,car,30.45,28.48,3.585,38.576,29.189,29.189,False
0020,116,11,van,27.501,25.757,7.735,33.319,21.383,21.383,False
0020,116,15,car,41.361,39.368,3.335,61.54,40.645,40.645,False
0020,116,7,car,5.057,3.167,2.749,7.141,8.176,8.176,False
0020,116,18,car,44.225,42.055,7.149,65.577,45.733,45.733,False
0020,117,10,car,19.67,17.629,7.563,21.142,18.38,18.38,False
0020,117,5,car,56.839,54.775,1.449,102.305,57.083,57.083,False
0020,117,13,car,30.212,28.241,3.556,38.602,29.193,29.193,False
0020,117,0,car,26.826,24.973,2.114,32.557,27.133,27.133,False
0020,117,9,car,17.716,15.797,3.432,19.08,16.143,16.143,False
0020,117,16,car,39.014,37.038,0.0,55.706,34.755,34.755,True
0020,117,15,car,41.122,39.127,3.316,61.514,40.279,40.279,False
0020,117,11,van,27.26,25.515,7.73,33.39,21.308,21.308,False
0020,117,20,van,53.887,51.479,8.366,124.695,44.298,44.298,False
0020,117,7,car,4.852,3.034,2.732,7.706,9.365,9.365,False
0020,118,16,car,38.841,36.865,0.0,55.705,34.221,34.221,True
0020,118,10,car,19.427,17.386,7.545,20.815,18.295,18.295,False
0020,118,0,car,27.3,25.447,2.132,33.419,27.633,27.633,False
0020,118,13,car,29.993,28.022,3.525,36.311,29.581,29.581,False
0020,118,9,car,17.491,15.571,3.416,18.338,15.607,15.607,False
0020,118,5,car,57.375,55.311,1.471,102.305,57.083,57.083,False
0020,118,11,van,27.02,25.274,7.726,32.59,21.038,21.038,False
0020,118,15,car,40.882,38.886,3.296,61.518,39.919,39.919,False
0020,118,7,car,4.655,2.921,2.716,7.748,10.407,10.407,False
0020,119,10,car,19.184,17.144,7.527,20.59,18.136,18.136,False
0020,119,13,car,29.774,27.802,3.495,36.317,28.46,28.46,False
0020,119,5,car,57.91,55.847,1.493,102.384,55.658,55.658,False
0020,119,0,car,27.774,25.92,2.151,34.358,28.153,28.153,False
0020,119,9,car,17.266,15.345,3.401,18.303,15.407,15.407,False
0020,119,16,car,38.668,36.692,0.0,53.284,33.959,33.959,True
0020,119,11,van,26.779,25.032,7.721,32.569,20.87,20.87,False
0020,119,15,car,40.643,38.646,3.277,61.604,39.566,39.566,False
0020,119,7,car,4.467,2.833,2.699,7.335,12.788,12.788,False
0020,120,13,car,29.556,27.583,3.464,36.442,28.822,28.822,False
0020,120,10,car,18.967,16.928,7.516,20.362,17.841,17.841,False
0020,120,5,car,58.445,56.383,1.514,102.384,57.085,57.085,False
0020,120,0,car,28.248,26.394,2.169,35.312,28.688,28.688,False
0020,120,9,car,17.039,15.117,3.388,17.856,15.212,15.212,False
0020,120,16,car,38.495,36.519,0.0,55.708,34.221,34.221,True
0020,120,11,van,26.539,24.791,7.716,31.815,20.614,20.614,False
0020,120,15,car,40.404,38.405,3.257,61.6,39.219,39.219,False
0020,121,13,car,29.31,27.339,3.447,36.428,28.826,28.826,False
0020,121,10,car,18.757,16.719,7.506,20.205,17.578,17.578,False
0020,121,9,car,16.811,14.889,3.375,17.443,15.12,15.12,False
0020,121,5,car,59.023,56.961,1.508,102.316,56.361,56.361,False
0020,121,16,car,38.323,36.346,0.0,55.71,33.702,33.702,True
0020,121,0,car,28.76,26.907,2.192,35.318,29.058,29.058,False
0020,121,11,van,26.299,24.551,7.712,31.928,20.541,20.541,False
0020,121,15,car,40.164,38.164,3.238,58.576,39.214,39.214,False
0020,121,18,car,42.484,40.311,7.052,69.303,47.186,47.186,False
0020,122,13,car,29.064,27.095,3.421,36.576,28.281,28.281,False
0020,122,10,car,18.547,16.511,7.496,20.044,17.442,17.442,False
0020,122,9,car,16.584,14.661,3.362,16.978,14.84,14.84,False
0020,122,0,car,29.272,27.42,2.214,36.345,29.829,29.829,False
0020,122,16,car,38.15,36.174,0.0,53.282,33.96,33.96,True
0020,122,11,van,26.059,24.31,7.706,31.105,20.473,20.473,False
0020,122,5,car,59.601,57.54,1.501,111.658,57.825,57.825,False
0020,122,15,car,39.925,37.923,3.219,58.658,39.214,39.214,False
0020,122,18,car,42.136,39.962,7.033,69.329,47.204,47.204,False
0020,123,10,car,18.338,16.303,7.486,19.783,17.368,17.368,False
0020,123,9,car,16.356,14.433,3.35,17.38,14.712,14.712,False
0020,123,5,car,60.18,58.119,1.495,111.723,58.586,58.586,False
0020,123,16,car,37.977,36.001,0.0,53.275,33.702,33.702,True
0020,123,13,car,28.874,26.904,3.409,36.547,27.42,27.42,False
0020,123,11,van,25.819,24.07,7.7,31.195,42.593,42.593,False
0020,123,0,car,29.785,27.933,2.237,37.454,30.025,30.025,False
0020,123,15,car,39.686,37.682,3.199,58.576,38.213,38.213,False
0020,123,18,car,41.788,39.613,7.014,69.261,48.732,48.732,False
0020,124,10,car,18.129,16.096,7.476,19.588,17.06,17.06,False
0020,124,9,car,16.129,14.205,3.337,17.186,14.539,14.539,False
0020,124,16,car,37.804,35.828,0.0,55.716,33.96,33.96,True
0020,124,13,car,28.685,26.712,3.388,36.598,28.644,28.644,False
0020,124,0,car,30.297,28.447,2.26,38.592,30.223,30.223,False
0020,124,11,van,25.58,23.83,7.694,31.23,19.736,19.736,False
0020,124,15,car,39.446,37.441,3.18,61.511,38.543,38.543,False
0020,124,5,car,60.758,58.698,1.488,122.92,58.589,58.589,False
0020,124,18,car,41.44,39.264,6.994,69.286,46.258,46.258,False
0020,125,10,car,17.934,15.901,7.471,19.576,16.99,16.99,False
0020,125,9,car,15.917,13.992,3.338,16.77,14.237,14.237,False
0020,125,13,car,28.496,26.52,3.367,35.281,28.467,28.467,False
0020,125,16,car,37.632,35.655,0.0,55.701,34.221,34.221,True
0020,125,0,car,30.809,28.96,2.282,39.815,31.719,31.719,False
0020,125,11,van,25.341,23.59,7.688,30.538,41.607,41.607,False
0020,125,15,car,39.207,37.2,3.16,58.556,39.221,39.221,False
0020,125,5,car,61.336,59.277,1.482,136.582,60.169,60.169,False
0020,125,18,car,41.093,38.916,6.975,69.278,45.344,45.344,False
0020,126,10,car,17.738,15.707,7.467,18.759,16.821,16.821,False
0020,126,9,car,15.705,13.779,3.339,16.396,13.994,13.994,False
0020,126,13,car,28.309,26.336,3.381,35.411,27.1,27.1,False
0020,126,16,car,37.477,35.501,0.0,53.281,33.96,33.96,True
0020,126,11,van,25.102,23.35,7.681,29.891,41.669,41.669,False
0020,126,0,car,31.36,29.511,2.283,41.047,32.4,32.4,False
0020,126,15,car,38.968,36.96,3.141,55.926,37.258,37.258,False
0020,126,5,car,61.915,59.855,1.475,122.923,62.711,62.711,False
0020,126,18,car,40.745,38.567,6.955,62.352,45.356,45.356,False
0020,127,10,car,17.544,15.514,7.462,18.749,16.492,16.492,False
0020,127,9,car,15.494,13.566,3.339,16.399,13.926,13.926,False
0020,127,16,car,37.322,35.346,0.0,53.282,33.702,33.702,True
0020,127,13,car,28.123,26.152,3.391,34.554,27.775,27.775,False
0020,127,15,car,38.728,36.719,3.122,55.926,36.652,36.652,False
0020,127,11,van,24.863,23.111,7.675,29.925,19.393,19.393,False
0020,127,0,car,31.91,30.062,2.284,41.13,32.396,32.396,False
0020,127,5,car,62.493,60.434,1.468,136.586,63.605,63.605,False
0020,127,19,car,61.375,59.261,3.839,123.073,60.278,60.278,False
0020,127,18,car,40.397,38.219,6.936,62.368,44.918,44.918,False
0020,128,13,car,27.93,25.958,3.397,34.571,28.126,28.126,False
0020,128,9,car,15.282,13.354,3.34,16.028,13.693,13.693,False
0020,128,10,car,17.349,15.321,7.458,18.403,16.082,16.082,False
0020,128,0,car,32.461,30.614,2.285,42.568,32.868,32.868,False
0020,128,15,car,38.461,36.451,3.126,55.919,37.268,37.268,False
0020,128,16,car,37.168,35.192,0.0,53.282,33.702,33.702,True
0020,128,5,car,63.071,61.013,1.462,136.646,63.604,63.604,False
0020,128,11,van,24.625,22.872,7.669,29.974,19.427,19.427,False
0020,128,19,car,60.972,58.858,3.85,136.816,60.287,60.287,False
0020,128,18,car,40.05,37.87,6.917,62.438,42.018,42.018,False
0020,129,13,car,27.738,25.764,3.4,34.571,28.134,28.134,False
0020,129,0,car,33.011,31.165,2.286,43.951,34.38,34.38,False
0020,129,10,car,17.164,15.138,7.451,18.313,15.983,15.983,False
0020,129,9,car,15.071,13.141,3.341,15.685,13.472,13.472,False
0020,129,11,van,24.387,22.633,7.663,28.743,39.987,39.987,False
0020,129,16,car,37.013,35.037,0.0,53.282,33.199,33.199,True
0020,129,15,car,38.193,36.183,3.131,55.9,35.777,35.777,False
0020,129,5,car,63.65,61.592,1.455,136.545,62.706,62.706,False
0020,129,19,car,60.57,58.455,3.862,136.835,61.959,61.959,False
0020,129,18,car,39.702,37.522,6.897,56.956,41.254,41.254,False
0020,130,10,car,16.982,14.957,7.453,18.076,15.838,15.838,False
0020,130,9,car,14.889,12.958,3.34,15.498,13.217,13.217,False
0020,130,13,car,27.546,25.57,3.403,33.401,27.284,27.284,False
0020,130,0,car,33.562,31.717,2.287,44.061,34.374,34.374,False
0020,130,11,van,24.187,22.432,7.655,28.743,18.693,18.693,False
0020,130,16,car,36.858,34.882,0.0,51.058,33.199,33.199,True
0020,130,15,car,37.926,35.915,3.135,55.926,36.071,36.071,False
0020,130,19,car,60.167,58.053,3.873,123.067,61.965,61.965,False
0020,130,5,car,64.228,62.171,1.449,122.848,62.705,62.705,False
0020,130,18,car,39.435,37.254,6.895,56.745,40.898,40.898,False
0020,131,10,car,16.803,14.781,7.447,17.805,15.509,15.509,False
0020,131,9,car,14.707,12.775,3.34,15.342,13.084,13.084,False
0020,131,13,car,27.354,25.376,3.406,32.533,26.962,26.962,False
0020,131,11,van,23.987,22.232,7.648,28.178,18.501,18.501,False
0020,131,0,car,34.142,32.298,2.283,45.66,35.458,35.458,False
0020,131,15,car,37.658,35.647,3.139,53.484,36.076,36.076,False
0020,131,16,car,36.704,34.728,0.0,51.066,33.199,33.199,True
0020,131,5,car,64.794,62.737,1.447,136.572,63.597,63.597,False
0020,131,19,car,59.765,57.65,3.885,123.073,60.29,60.29,False
0020,131,18,car,39.167,36.986,6.893,56.826,39.843,39.843,False
0020,132,10,car,16.625,14.604,7.44,17.365,15.242,15.242,False
0020,132,9,car,14.525,12.593,3.339,14.779,12.919,12.919,False
0020,132,13,car,27.161,25.183,3.41,32.522,27.132,27.132,False
0020,132,0,car,34.722,32.879,2.279,47.318,36.026,36.026,False
0020,132,11,van,23.787,22.032,7.641,28.832,18.59,18.59,False
0020,132,15,car,37.391,35.379,3.144,53.487,34.951,34.951,False
0020,132,16,car,36.549,34.573,0.0,49.007,32.711,32.711,True
0020,132,19,car,59.362,57.247,3.896,123.09,60.296,60.296,False
0020,132,5,car,65.36,63.304,1.445,136.604,64.519,64.519,False
0020,132,18,car,38.9,36.718,6.891,54.551,38.822,38.822,False
0020,133,10,car,16.445,14.427,7.432,17.463,15.3,15.3,False
0020,133,0,car,35.302,33.459,2.276,49.272,36.612,36.612,False
0020,133,9,car,14.344,12.41,3.339,14.632,12.723,12.723,False
0020,133,13,car,26.979,24.999,3.405,32.789,26.973,26.973,False
0020,133,11,van,23.588,21.832,7.634,28.259,18.62,18.62,False
0020,133,15,car,37.124,35.111,3.148,53.5,34.418,34.418,False
0020,133,5,car,65.926,63.87,1.443,,67.45,67.45,False
0020,133,16,car,36.395,34.419,0.0,49.012,32.237,32.237,True
0020,133,19,car,58.977,56.861,3.887,111.901,60.296,60.296,False
0020,133,18,car,38.633,36.45,6.889,56.803,38.503,38.503,False
0020,134,10,car,16.297,14.28,7.441,17.347,15.09,15.09,False
0020,134,9,car,14.162,12.228,3.338,14.577,12.498,12.498,False
0020,134,11,van,23.388,21.632,7.626,27.771,18.279,18.279,False
0020,134,13,car,26.796,24.815,3.4,32.797,26.976,26.976,False
0020,134,0,car,35.882,34.04,2.272,49.255,37.213,37.213,False
0020,134,15,car,36.856,34.843,3.153,53.5,33.899,33.899,False
0020,134,5,car,66.492,64.436,1.441,,65.464,65.464,False
0020,134,16,car,36.24,34.264,0.0,49.021,32.005,32.005,True
0020,134,19,car,58.591,56.475,3.878,111.907,59.492,59.492,False
0020,134,18,car,38.366,36.183,6.887,54.598,39.191,39.191,False
0020,135,10,car,16.139,14.124,7.444,17.262,14.972,14.972,False
0020,135,9,car,14.01,12.075,3.332,14.476,12.347,12.347,False
0020,135,13,car,26.613,24.632,3.396,31.836,26.505,26.505,False
0020,135,11,van,23.189,21.432,7.619,27.69,18.228,18.228,False
0020,135,16,car,36.086,34.109,0.0,49.011,31.777,31.777,True
0020,135,0,car,36.462,34.621,2.268,49.272,36.902,36.902,False
0020,135,15,car,36.589,34.575,3.157,53.507,34.421,34.421,False
0020,135,5,car,67.058,65.003,1.439,136.572,61.826,61.826,False
0020,135,19,car,58.205,56.089,3.868,123.12,58.713,58.713,False
0020,135,18,car,38.099,35.915,6.885,54.622,37.905,37.905,False
0020,136,10,car,15.981,13.969,7.447,17.082,14.895,14.895,False
0020,136,13,car,26.43,24.448,3.391,31.987,26.356,26.356,False
0020,136,9,car,13.859,11.923,3.326,14.316,12.232,12.232,False
0020,136,11,van,22.99,21.233,7.612,27.791,17.981,17.981,False
0020,136,16,car,35.931,33.955,0.0,49.007,31.551,31.551,True
0020,136,0,car,37.056,35.216,2.27,51.304,37.201,37.201,False
0020,136,5,car,67.625,65.569,1.437,136.572,61.824,61.824,False
0020,136,15,car,36.322,34.307,3.161,51.29,34.421,34.421,False
0020,136,19,car,57.82,55.703,3.859,123.12,57.21,57.21,False
0020,136,18,car,37.832,35.647,6.883,52.404,37.291,37.291,False
0020,136,14,van,30.902,28.179,7.493,84.139,34.805,34.805,False
0020,137,10,car,15.824,13.815,7.45,16.853,14.659,14.659,False
0020,137,9,car,13.707,11.77,3.321,13.906,12.089,12.089,False
0020,137,13,car,26.247,24.264,3.386,31.199,26.671,26.671,False
0020,137,11,van,22.791,21.034,7.604,26.718,37.565,37.565,False
0020,137,16,car,35.776,33.8,0.0,47.134,31.329,31.329,True
0020,137,15,car,36.054,34.039,3.166,51.277,34.958,34.958,False
0020,137,0,car,37.649,35.81,2.271,51.304,37.511,37.511,False
0020,137,19,car,57.434,55.317,3.85,123.19,55.78,55.78,False
0020,137,5,car,68.191,66.136,1.435,122.853,61.826,61.826,False
0020,137,18,car,37.565,35.38,6.881,52.388,39.226,39.226,False
0020,137,14,van,30.659,27.935,7.492,70.066,32.169,32.169,False
0020,138,10,car,15.666,13.66,7.443,16.529,14.547,14.547,False
0020,138,9,car,13.555,11.618,3.315,13.575,11.949,11.949,False
0020,138,13,car,26.076,24.093,3.383,30.437,26.059,26.059,False
0020,138,11,van,22.593,20.835,7.597,26.685,17.826,17.826,False
0020,138,15,car,35.787,33.771,3.17,49.311,34.961,34.961,False
0020,138,16,car,35.622,33.646,0.0,45.386,31.329,31.329,True
0020,138,0,car,38.243,36.405,2.273,51.31,38.479,38.479,False
0020,138,19,car,57.048,54.931,3.84,102.522,55.78,55.78,False
0020,138,5,car,68.757,66.702,1.433,136.582,63.592,63.592,False
0020,138,18,car,37.299,35.112,6.879,52.335,39.242,39.242,False
0020,138,14,van,30.416,27.692,7.491,63.086,30.695,30.695,False
0020,139,10,car,15.509,13.505,7.436,16.511,14.436,14.436,False
0020,139,9,car,13.404,11.466,3.309,13.659,11.84,11.84,False
0020,139,16,car,35.467,33.491,0.0,47.13,31.329,31.329,True
0020,139,13,car,25.905,23.922,3.379,30.425,26.062,26.062,False
0020,139,11,van,22.395,20.636,7.59,26.259,17.402,17.402,False
0020,139,0,car,38.838,37.0,2.288,53.545,39.499,39.499,False
0020,139,15,car,35.52,33.503,3.175,49.385,34.423,34.423,False
0020,139,19,car,56.663,54.545,3.831,102.522,55.091,55.091,False
0020,139,18,car,37.032,34.845,6.877,52.32,38.577,38.577,False
0020,139,5,car,69.323,67.268,1.431,136.608,63.592,63.592,False
0020,139,14,van,30.174,27.449,7.49,60.076,29.933,29.933,False
0020,140,10,car,15.372,13.371,7.415,16.324,14.37,14.37,False
0020,140,9,car,13.272,11.333,3.305,13.651,11.676,11.676,False
0020,140,16,car,35.313,33.336,0.0,45.389,31.33,31.33,True
0020,140,13,car,25.733,23.751,3.376,30.295,25.767,25.767,False
0020,140,11,van,22.197,20.438,7.583,26.305,17.48,17.48,False
0020,140,0,car,39.432,37.596,2.302,55.95,40.571,40.571,False
0020,140,15,car,35.253,33.235,3.179,47.355,33.904,33.904,False
0020,140,5,car,69.889,67.835,1.429,136.608,64.514,64.514,False
0020,140,19,car,56.277,54.159,3.822,102.522,54.42,54.42,False
0020,140,18,car,36.869,34.681,6.89,50.125,37.66,37.66,False
0020,140,14,van,29.931,27.206,7.489,63.165,30.945,30.945,False
0020,141,10,car,15.216,13.218,7.41,16.057,14.013,14.013,False
0020,141,9,car,13.14,11.2,3.301,13.41,11.517,11.517,False
0020,141,16,car,35.175,33.199,0.0,45.383,31.552,31.552,True
0020,141,13,car,25.562,23.58,3.372,29.719,25.336,25.336,False
0020,141,11,van,21.999,20.24,7.575,25.428,16.956,16.956,False
0020,141,0,car,40.039,38.203,2.308,55.964,40.941,40.941,False
0020,141,15,car,34.986,32.968,3.184,47.355,33.906,33.906,False
0020,141,5,car,70.411,68.357,1.393,136.586,62.695,62.695,False
0020,141,19,car,55.892,53.773,3.812,94.618,53.764,53.764,False
0020,141,18,car,36.705,34.518,6.902,50.335,37.362,37.362,False
0020,141,14,van,29.689,26.964,7.488,57.386,30.158,30.158,False
0020,142,10,car,15.08,13.085,7.403,15.985,14.022,14.022,False
0020,142,16,car,35.038,33.062,0.0,45.384,31.33,31.33,True
0020,142,9,car,13.008,11.067,3.298,13.302,11.417,11.417,False
0020,142,13,car,25.39,23.408,3.368,29.735,25.34,25.34,False
0020,142,11,van,21.801,20.042,7.568,25.48,16.985,16.985,False
0020,142,0,car,40.645,38.81,2.313,55.961,40.565,40.565,False
0020,142,15,car,34.718,32.7,3.188,47.355,33.654,33.654,False
0020,142,18,car,36.542,34.354,6.915,50.231,37.344,37.344,False
0020,142,5,car,70.932,68.879,1.357,,65.461,65.461,False
0020,142,19,car,55.506,53.387,3.803,102.498,53.761,53.761,False
0020,142,14,van,29.447,26.721,7.487,60.229,29.799,29.799,False
0020,143,10,car,14.944,12.951,7.395,15.422,13.966,13.966,False
0020,143,9,car,12.876,10.935,3.294,13.183,11.291,11.291,False
0020,143,16,car,34.9,32.924,0.0,45.387,31.33,31.33,True
0020,143,13,car,25.212,23.229,3.359,29.587,25.341,25.341,False
0020,143,0,car,41.252,39.417,2.319,58.63,41.7,41.7,False
0020,143,11,van,21.604,19.844,7.561,24.995,16.834,16.834,False
0020,143,15,car,34.402,32.383,3.186,45.599,32.912,32.912,False
0020,143,5,car,71.454,69.402,1.322,,68.482,68.482,False
0020,143,18,car,36.379,34.19,6.928,50.167,37.37,37.37,False
0020,143,14,van,29.205,26.479,7.486,52.622,27.67,27.67,False
0020,143,19,car,55.138,53.019,3.795,94.614,53.124,53.124,False
0020,144,10,car,14.809,12.819,7.388,15.7,13.804,13.804,False
0020,144,9,car,12.744,10.802,3.29,12.965,11.118,11.118,False
0020,144,13,car,25.033,23.05,3.35,28.777,25.065,25.065,False
0020,144,16,car,34.763,32.787,0.0,45.373,31.33,31.33,True
0020,144,0,car,41.859,40.025,2.324,61.521,43.74,43.74,False
0020,144,11,van,21.407,19.647,7.554,24.541,16.69,16.69,False
0020,144,15,car,34.085,32.065,3.183,43.948,32.204,32.204,False
0020,144,18,car,36.216,34.027,6.941,46.752,35.915,35.915,False
0020,144,14,van,28.963,26.237,7.485,52.74,28.383,28.383,False
0020,144,19,car,54.771,52.651,3.786,87.842,52.499,52.499,False
0020,145,10,car,14.677,12.69,7.385,15.114,13.75,13.75,False
0020,145,9,car,12.629,10.687,3.29,12.766,11.04,11.04,False
0020,145,16,car,34.626,32.65,0.0,43.766,30.895,30.895,True
0020,145,13,car,24.854,22.871,3.341,29.062,24.929,24.929,False
0020,145,0,car,42.465,40.632,2.33,61.525,44.608,44.608,False
0020,145,11,van,21.171,19.41,7.554,23.784,16.219,16.219,False
0020,145,15,car,33.768,31.748,3.181,44.094,31.088,31.088,False
0020,145,18,car,36.053,33.863,6.954,46.658,36.205,36.205,False
0020,145,14,van,28.721,25.995,7.484,45.182,26.16,26.16,False
0020,145,19,car,54.404,52.283,3.778,87.892,52.499,52.499,False
0020,146,10,car,14.546,12.562,7.382,14.406,13.612,13.612,False
0020,146,9,car,12.514,10.571,3.289,12.546,10.939,10.939,False
0020,146,13,car,24.675,22.691,3.332,28.133,24.798,24.798,False
0020,146,16,car,34.488,32.512,0.0,43.763,31.33,31.33,True
0020,146,0,car,43.06,41.228,2.316,61.496,44.164,44.164,False
0020,146,11,van,20.936,19.175,7.555,23.478,16.194,16.194,False
0020,146,14,van,28.48,25.753,7.483,42.18,24.908,24.908,False
0020,146,15,car,33.452,31.431,3.179,42.593,31.526,31.526,False
0020,146,18,car,35.89,33.7,6.967,45.152,36.81,36.81,False
0020,146,19,car,54.036,51.916,3.77,87.864,51.888,51.888,False
0020,147,10,car,14.415,12.434,7.379,14.339,13.515,13.515,False
0020,147,13,car,24.496,22.512,3.323,27.632,24.534,24.534,False
0020,147,16,car,34.351,32.375,0.0,43.752,30.895,30.895,True
0020,147,9,car,12.399,10.456,3.289,12.533,10.841,10.841,False
0020,147,11,van,20.701,18.939,7.556,23.142,16.02,16.02,False
0020,147,0,car,43.655,41.823,2.303,61.486,44.599,44.599,False
0020,147,15,car,33.135,31.114,3.176,42.527,31.53,31.53,False
0020,147,14,van,28.239,25.512,7.482,48.71,27.428,27.428,False
0020,147,18,car,35.727,33.536,6.98,45.167,37.126,37.126,False
0020,147,19,car,53.669,51.548,3.761,87.873,51.295,51.295,False
0020,148,16,car,34.214,32.237,0.0,42.257,30.472,30.472,True
0020,148,13,car,24.313,22.328,3.333,27.508,24.278,24.278,False
0020,148,10,car,14.284,12.307,7.376,14.266,13.38,13.38,False
0020,148,9,car,12.284,10.34,3.288,12.372,10.759,10.759,False
0020,148,0,car,44.25,42.419,2.289,61.489,45.05,45.05,False
0020,148,11,van,20.466,18.705,7.557,24.474,16.555,16.555,False
0020,148,15,car,32.787,30.764,3.175,41.172,32.449,32.449,False
0020,148,14,van,28.013,25.286,7.488,42.207,24.826,24.826,False
0020,148,18,car,35.565,33.373,6.993,46.499,36.816,36.816,False
0020,148,19,car,53.301,51.18,3.753,87.873,50.717,50.717,False
0020,149,16,car,34.076,32.1,0.0,42.24,30.472,30.472,True
0020,149,10,car,14.177,12.203,7.385,14.03,13.154,13.154,False
0020,149,13,car,24.13,22.145,3.343,27.209,23.897,23.897,False
0020,149,9,car,12.169,10.225,3.288,12.257,10.604,10.604,False
0020,149,11,van,20.232,18.471,7.557,22.516,15.63,15.63,False
0020,149,0,car,44.845,43.014,2.276,61.489,45.503,45.503,False
0020,149,15,car,32.438,30.415,3.173,39.724,31.764,31.764,False
0020,149,18,car,35.402,33.21,7.005,45.211,36.54,36.54,False
0020,149,14,van,27.788,25.06,7.494,43.738,25.39,25.39,False
0020,149,19,car,52.934,50.813,3.745,81.988,49.593,49.593,False
