frame,scene,condition,class,category,predicted_class,visibility,box_height_px,true_centre_m,true_nearest_surface_m,lateral_gap_m,metric3d-v2-small_median,metric3d-v2-small_p10,metric3d-v2-small_p25,in_path
e3d495d4ac534d54b321f50006683844,scene-0061,day,barrier,movable_object.barrier,labelled outline,v80-100,63.5,26.31,25.27,7.37,26.03,23.99,24.82,False
e3d495d4ac534d54b321f50006683844,scene-0061,day,barrier,movable_object.barrier,labelled outline,v80-100,57.6,28.28,27.24,7.51,28.06,26.15,26.84,False
e3d495d4ac534d54b321f50006683844,scene-0061,day,barrier,movable_object.barrier,labelled outline,v80-100,31.3,42.92,41.88,9.07,40.69,37.27,38.68,False
e3d495d4ac534d54b321f50006683844,scene-0061,day,barrier,movable_object.barrier,labelled outline,v80-100,48.8,32.14,31.06,7.6,31.83,29.82,30.58,False
e3d495d4ac534d54b321f50006683844,scene-0061,day,barrier,movable_object.barrier,labelled outline,v80-100,105.8,16.65,15.61,6.64,15.66,14.18,14.7,False
e3d495d4ac534d54b321f50006683844,scene-0061,day,barrier,movable_object.barrier,labelled outline,v80-100,47.1,34.16,33.11,7.74,34.11,31.74,32.59,False
e3d495d4ac534d54b321f50006683844,scene-0061,day,barrier,movable_object.barrier,labelled outline,v40-60,26.2,46.85,45.88,9.15,43.89,35.41,39.99,False
e3d495d4ac534d54b321f50006683844,scene-0061,day,barrier,movable_object.barrier,labelled outline,v80-100,150.6,13.01,11.96,6.63,12.36,11.63,11.94,False
e3d495d4ac534d54b321f50006683844,scene-0061,day,barrier,movable_object.barrier,labelled outline,v80-100,67.0,24.37,23.35,7.25,23.88,22.06,22.67,False
e3d495d4ac534d54b321f50006683844,scene-0061,day,barrier,movable_object.barrier,labelled outline,v80-100,92.8,18.53,17.49,6.72,17.82,16.3,16.84,False
e3d495d4ac534d54b321f50006683844,scene-0061,day,barrier,movable_object.barrier,labelled outline,v80-100,82.2,20.45,19.37,6.85,20.11,18.08,18.76,False
e3d495d4ac534d54b321f50006683844,scene-0061,day,barrier,movable_object.barrier,labelled outline,v80-100,75.4,22.41,21.34,7.02,21.91,20.31,20.9,False
e3d495d4ac534d54b321f50006683844,scene-0061,day,barrier,movable_object.barrier,labelled outline,v80-100,52.2,30.2,29.19,7.55,29.96,28.18,28.84,False
e3d495d4ac534d54b321f50006683844,scene-0061,day,barrier,movable_object.barrier,labelled outline,v80-100,126.7,14.79,13.75,6.66,13.36,12.03,12.5,False
4b6870ae200c4b969b91c50a9737f712,scene-0061,day,barrier,movable_object.barrier,labelled outline,v80-100,79.0,22.04,21.0,7.48,21.2,19.7,20.25,False
4b6870ae200c4b969b91c50a9737f712,scene-0061,day,barrier,movable_object.barrier,labelled outline,v80-100,70.4,23.98,22.94,7.63,23.3,21.47,22.05,False
4b6870ae200c4b969b91c50a9737f712,scene-0061,day,barrier,movable_object.barrier,labelled outline,v80-100,35.5,38.53,37.49,9.27,36.03,33.49,34.87,False
4b6870ae200c4b969b91c50a9737f712,scene-0061,day,barrier,movable_object.barrier,labelled outline,v80-100,57.9,27.8,26.71,7.74,27.61,25.67,26.4,False
4b6870ae200c4b969b91c50a9737f712,scene-0061,day,traffic cone,movable_object.trafficcone,labelled outline,v60-80,15.4,70.5,70.23,27.92,52.4,27.45,47.09,False
4b6870ae200c4b969b91c50a9737f712,scene-0061,day,barrier,movable_object.barrier,labelled outline,v80-100,160.4,12.71,11.69,6.69,12.35,11.48,12.06,False
4b6870ae200c4b969b91c50a9737f712,scene-0061,day,barrier,movable_object.barrier,labelled outline,v80-100,55.2,29.8,28.75,7.89,29.64,27.62,28.36,False
4b6870ae200c4b969b91c50a9737f712,scene-0061,day,barrier,movable_object.barrier,labelled outline,v80-100,85.3,20.14,19.12,7.35,19.37,17.67,18.27,False
4b6870ae200c4b969b91c50a9737f712,scene-0061,day,barrier,movable_object.barrier,labelled outline,v80-100,131.9,14.48,13.44,6.78,13.42,12.37,12.8,False
4b6870ae200c4b969b91c50a9737f712,scene-0061,day,barrier,movable_object.barrier,labelled outline,v80-100,111.7,16.32,15.24,6.92,15.3,13.6,14.14,False
4b6870ae200c4b969b91c50a9737f712,scene-0061,day,barrier,movable_object.barrier,labelled outline,v80-100,98.7,18.22,17.14,7.11,17.24,15.8,16.25,False
4b6870ae200c4b969b91c50a9737f712,scene-0061,day,barrier,movable_object.barrier,labelled outline,v80-100,62.8,25.88,24.86,7.68,25.67,23.71,24.4,False
d0d9ef23e3934ea09d55afdc24db9827,scene-0061,day,barrier,movable_object.barrier,labelled outline,v80-100,106.1,17.65,16.6,7.59,16.17,14.7,15.18,False
d0d9ef23e3934ea09d55afdc24db9827,scene-0061,day,barrier,movable_object.barrier,labelled outline,v80-100,91.6,19.52,18.48,7.75,18.34,16.74,17.26,False
d0d9ef23e3934ea09d55afdc24db9827,scene-0061,day,barrier,movable_object.barrier,labelled outline,v80-100,41.0,33.9,32.86,9.5,32.23,29.79,31.0,False
d0d9ef23e3934ea09d55afdc24db9827,scene-0061,day,barrier,movable_object.barrier,labelled outline,v40-60,20.4,75.55,74.97,24.46,28.34,25.53,26.33,False
d0d9ef23e3934ea09d55afdc24db9827,scene-0061,day,barrier,movable_object.barrier,labelled outline,v80-100,72.0,23.25,22.16,7.9,22.43,20.78,21.4,False
d0d9ef23e3934ea09d55afdc24db9827,scene-0061,day,traffic cone,movable_object.trafficcone,labelled outline,v60-80,16.7,66.12,65.84,28.36,45.95,18.99,21.83,False
d0d9ef23e3934ea09d55afdc24db9827,scene-0061,day,barrier,movable_object.barrier,labelled outline,v80-100,67.3,25.22,24.16,8.06,24.81,22.8,23.48,False
d0d9ef23e3934ea09d55afdc24db9827,scene-0061,day,barrier,movable_object.barrier,labelled outline,v80-100,21.9,74.99,74.41,22.22,42.01,32.57,34.4,False
d0d9ef23e3934ea09d55afdc24db9827,scene-0061,day,barrier,movable_object.barrier,labelled outline,v80-100,119.5,15.82,14.8,7.45,14.37,13.18,13.61,False
d0d9ef23e3934ea09d55afdc24db9827,scene-0061,day,barrier,movable_object.barrier,labelled outline,v80-100,146.1,13.99,12.93,7.19,13.33,12.38,12.96,False
d0d9ef23e3934ea09d55afdc24db9827,scene-0061,day,barrier,movable_object.barrier,labelled outline,v80-100,79.6,21.37,20.35,7.82,20.55,18.91,19.53,False
74e7a9260c5d45b78b831528b62daf41,scene-0061,day,barrier,movable_object.barrier,labelled outline,v80-100,124.2,15.81,14.79,7.92,14.19,13.37,13.76,False
74e7a9260c5d45b78b831528b62daf41,scene-0061,day,barrier,movable_object.barrier,labelled outline,v80-100,47.5,29.91,28.87,9.83,27.84,25.25,26.64,False
74e7a9260c5d45b78b831528b62daf41,scene-0061,day,barrier,movable_object.barrier,labelled outline,v80-100,21.6,71.62,71.02,25.22,52.23,29.64,40.96,False
74e7a9260c5d45b78b831528b62daf41,scene-0061,day,barrier,movable_object.barrier,labelled outline,v80-100,91.3,19.4,18.31,8.11,17.42,15.87,16.33,False
74e7a9260c5d45b78b831528b62daf41,scene-0061,day,traffic cone,movable_object.trafficcone,labelled outline,v60-80,18.0,62.64,62.36,29.01,43.41,16.41,17.12,False
74e7a9260c5d45b78b831528b62daf41,scene-0061,day,barrier,movable_object.barrier,labelled outline,v80-100,83.0,21.32,20.26,8.3,19.63,18.08,18.61,False
74e7a9260c5d45b78b831528b62daf41,scene-0061,day,barrier,movable_object.barrier,labelled outline,v60-80,23.3,71.01,70.42,22.98,31.19,28.15,28.84,False
74e7a9260c5d45b78b831528b62daf41,scene-0061,day,barrier,movable_object.barrier,labelled outline,v80-100,103.8,17.58,16.57,8.02,15.36,13.97,14.46,False
21ca7cbfbde14f088143cf001570d01b,scene-0061,day,barrier,movable_object.barrier,labelled outline,v40-60,24.9,73.98,73.21,32.24,49.72,44.95,46.13,False
21ca7cbfbde14f088143cf001570d01b,scene-0061,day,barrier,movable_object.barrier,labelled outline,v80-100,56.3,26.13,25.09,9.94,24.89,23.22,23.97,False
21ca7cbfbde14f088143cf001570d01b,scene-0061,day,barrier,movable_object.barrier,labelled outline,v60-80,23.1,67.85,67.24,25.5,26.56,25.39,25.82,False
21ca7cbfbde14f088143cf001570d01b,scene-0061,day,barrier,movable_object.barrier,labelled outline,v80-100,123.7,15.86,14.78,8.17,15.33,14.1,14.83,False
21ca7cbfbde14f088143cf001570d01b,scene-0061,day,traffic cone,movable_object.trafficcone,labelled outline,v40-60,19.6,58.81,58.53,29.22,26.91,17.06,17.27,False
21ca7cbfbde14f088143cf001570d01b,scene-0061,day,barrier,movable_object.barrier,labelled outline,v80-100,107.8,17.69,16.64,8.37,16.57,15.13,15.88,False
21ca7cbfbde14f088143cf001570d01b,scene-0061,day,traffic cone,movable_object.trafficcone,labelled outline,v80-100,55.1,20.08,19.78,8.76,19.06,17.93,18.3,False
21ca7cbfbde14f088143cf001570d01b,scene-0061,day,traffic cone,movable_object.trafficcone,labelled outline,v80-100,61.9,19.2,18.88,8.65,17.74,16.93,17.2,False
21ca7cbfbde14f088143cf001570d01b,scene-0061,day,barrier,movable_object.barrier,labelled outline,v80-100,27.5,50.89,50.34,5.2,52.86,46.9,49.44,False
21ca7cbfbde14f088143cf001570d01b,scene-0061,day,barrier,movable_object.barrier,labelled outline,v60-80,28.1,51.76,51.16,9.2,31.38,25.43,26.35,False
21ca7cbfbde14f088143cf001570d01b,scene-0061,day,barrier,movable_object.barrier,labelled outline,v80-100,28.6,51.28,50.75,7.12,37.71,25.91,32.51,False
ddbc1befa70f4b49a0824f63a920676b,scene-0061,day,barrier,movable_object.barrier,labelled outline,v40-60,26.4,70.88,70.14,32.62,39.99,22.09,29.76,False
ddbc1befa70f4b49a0824f63a920676b,scene-0061,day,barrier,movable_object.barrier,labelled outline,v80-100,67.0,22.97,21.93,10.05,21.68,20.64,21.1,False
ddbc1befa70f4b49a0824f63a920676b,scene-0061,day,barrier,movable_object.barrier,labelled outline,v40-60,24.5,64.66,64.02,25.86,25.13,18.58,18.9,False
ddbc1befa70f4b49a0824f63a920676b,scene-0061,day,barrier,movable_object.barrier,labelled outline,v60-80,58.3,24.8,23.74,10.11,21.86,18.22,18.66,False
ddbc1befa70f4b49a0824f63a920676b,scene-0061,day,traffic cone,movable_object.trafficcone,labelled outline,v80-100,69.4,17.04,16.73,8.84,17.9,15.85,16.36,False
ddbc1befa70f4b49a0824f63a920676b,scene-0061,day,barrier,movable_object.barrier,labelled outline,v80-100,29.6,47.43,46.88,4.93,48.75,44.03,46.49,False
ddbc1befa70f4b49a0824f63a920676b,scene-0061,day,barrier,movable_object.barrier,labelled outline,v60-80,30.2,48.35,47.74,8.92,28.87,21.98,22.62,False
ddbc1befa70f4b49a0824f63a920676b,scene-0061,day,barrier,movable_object.barrier,labelled outline,v80-100,30.7,47.85,47.3,6.83,46.57,31.38,41.9,False
33b500c9cc824733a47bfe2c3ea33202,scene-0061,day,barrier,movable_object.barrier,labelled outline,v60-80,24.7,64.12,63.67,19.34,41.76,35.86,36.18,False
33b500c9cc824733a47bfe2c3ea33202,scene-0061,day,barrier,movable_object.barrier,labelled outline,v80-100,84.7,19.72,18.69,10.18,18.16,17.53,17.76,False
33b500c9cc824733a47bfe2c3ea33202,scene-0061,day,barrier,movable_object.barrier,labelled outline,v80-100,71.9,21.47,20.42,10.26,19.26,17.93,18.66,False
33b500c9cc824733a47bfe2c3ea33202,scene-0061,day,barrier,movable_object.barrier,labelled outline,v40-60,61.4,23.3,22.32,10.43,19.45,16.37,16.5,False
33b500c9cc824733a47bfe2c3ea33202,scene-0061,day,barrier,movable_object.barrier,labelled outline,v40-60,32.5,46.13,45.48,12.55,20.88,20.12,20.34,False
33b500c9cc824733a47bfe2c3ea33202,scene-0061,day,barrier,movable_object.barrier,labelled outline,v60-80,32.3,43.73,43.16,4.6,41.8,24.58,25.98,False
33b500c9cc824733a47bfe2c3ea33202,scene-0061,day,barrier,movable_object.barrier,labelled outline,v80-100,32.9,44.69,44.06,8.56,40.32,18.47,20.72,False
33b500c9cc824733a47bfe2c3ea33202,scene-0061,day,traffic cone,movable_object.trafficcone,labelled outline,v80-100,22.7,45.8,45.58,0.5,44.34,40.91,42.53,True
33b500c9cc824733a47bfe2c3ea33202,scene-0061,day,barrier,movable_object.barrier,labelled outline,v60-80,32.0,45.37,44.73,10.59,33.22,18.82,21.4,False
33b500c9cc824733a47bfe2c3ea33202,scene-0061,day,barrier,movable_object.barrier,labelled outline,v80-100,33.5,44.16,43.6,6.48,43.95,31.47,40.78,False
c311678f400e471d84e785652dd87a7a,scene-0061,day,barrier,movable_object.barrier,labelled outline,v60-80,30.9,64.19,63.5,33.39,22.77,19.46,19.87,False
c311678f400e471d84e785652dd87a7a,scene-0061,day,barrier,movable_object.barrier,labelled outline,v40-60,72.0,21.52,20.51,10.62,15.49,15.16,15.28,False
c311678f400e471d84e785652dd87a7a,scene-0061,day,barrier,movable_object.barrier,labelled outline,v80-100,78.8,19.84,18.88,10.52,18.69,17.72,18.25,False
c311678f400e471d84e785652dd87a7a,scene-0061,day,barrier,movable_object.barrier,labelled outline,v40-60,31.8,44.62,43.67,1.23,44.97,23.32,30.07,False
c311678f400e471d84e785652dd87a7a,scene-0061,day,barrier,movable_object.barrier,labelled outline,v40-60,36.0,42.32,41.65,12.33,28.18,16.55,24.35,False
c311678f400e471d84e785652dd87a7a,scene-0061,day,traffic cone,movable_object.trafficcone,labelled outline,v80-100,24.2,40.84,40.57,1.2,43.61,38.91,40.83,True
c311678f400e471d84e785652dd87a7a,scene-0061,day,barrier,movable_object.barrier,labelled outline,v80-100,36.5,40.79,40.15,8.36,37.99,29.03,36.36,False
c311678f400e471d84e785652dd87a7a,scene-0061,day,traffic cone,movable_object.trafficcone,labelled outline,v60-80,24.9,41.79,41.57,0.23,38.2,30.89,32.46,True
c311678f400e471d84e785652dd87a7a,scene-0061,day,barrier,movable_object.barrier,labelled outline,v60-80,31.7,61.22,60.23,21.79,39.1,17.78,18.52,False
c311678f400e471d84e785652dd87a7a,scene-0061,day,barrier,movable_object.barrier,labelled outline,v60-80,35.5,41.51,40.86,10.37,34.04,15.06,15.39,False
c311678f400e471d84e785652dd87a7a,scene-0061,day,barrier,movable_object.barrier,labelled outline,v80-100,37.2,40.21,39.64,6.26,39.06,35.75,37.78,False
885472e412f4499cacf2f4796c309276,scene-0061,day,barrier,movable_object.barrier,labelled outline,v60-80,34.4,41.13,40.17,0.85,38.78,36.57,37.47,True
885472e412f4499cacf2f4796c309276,scene-0061,day,barrier,movable_object.barrier,labelled outline,v60-80,39.1,39.01,38.32,11.98,36.17,11.94,12.03,False
885472e412f4499cacf2f4796c309276,scene-0061,day,traffic cone,movable_object.trafficcone,labelled outline,v80-100,26.5,37.35,37.08,0.87,38.28,36.07,37.32,True
885472e412f4499cacf2f4796c309276,scene-0061,day,barrier,movable_object.barrier,labelled outline,v80-100,27.2,57.99,56.88,19.38,54.07,34.43,49.59,False
885472e412f4499cacf2f4796c309276,scene-0061,day,barrier,movable_object.barrier,labelled outline,v80-100,39.7,37.4,36.75,8.03,36.49,31.59,35.64,False
885472e412f4499cacf2f4796c309276,scene-0061,day,traffic cone,movable_object.trafficcone,labelled outline,v80-100,27.2,38.3,38.07,0.0,42.73,36.31,39.06,True
885472e412f4499cacf2f4796c309276,scene-0061,day,barrier,movable_object.barrier,labelled outline,v80-100,26.4,62.74,61.58,20.11,55.82,52.9,54.78,False
885472e412f4499cacf2f4796c309276,scene-0061,day,barrier,movable_object.barrier,labelled outline,v80-100,38.5,38.16,37.49,10.02,37.44,36.39,36.96,False
885472e412f4499cacf2f4796c309276,scene-0061,day,barrier,movable_object.barrier,labelled outline,v60-80,40.4,36.78,36.2,5.94,34.82,20.51,21.39,False
e41335fbfc1645faa5a532a62df1fe68,scene-0061,day,barrier,movable_object.barrier,labelled outline,v80-100,30.2,53.95,53.43,20.51,42.52,24.96,40.02,False
e41335fbfc1645faa5a532a62df1fe68,scene-0061,day,barrier,movable_object.barrier,labelled outline,v60-80,37.3,37.75,36.79,0.58,37.35,33.77,35.41,True
e41335fbfc1645faa5a532a62df1fe68,scene-0061,day,barrier,movable_object.barrier,labelled outline,v80-100,42.6,35.85,35.14,11.73,36.19,34.6,35.8,False
e41335fbfc1645faa5a532a62df1fe68,scene-0061,day,traffic cone,movable_object.trafficcone,labelled outline,v80-100,29.1,33.97,33.7,0.63,36.5,34.61,35.49,True
e41335fbfc1645faa5a532a62df1fe68,scene-0061,day,barrier,movable_object.barrier,labelled outline,v80-100,29.0,54.83,53.72,19.77,45.71,42.79,44.3,False
e41335fbfc1645faa5a532a62df1fe68,scene-0061,day,barrier,movable_object.barrier,labelled outline,v80-100,43.3,34.14,33.47,7.8,34.57,27.83,33.79,False
e41335fbfc1645faa5a532a62df1fe68,scene-0061,day,traffic cone,movable_object.trafficcone,labelled outline,v80-100,29.8,34.92,34.7,0.0,37.49,35.92,36.73,True
e41335fbfc1645faa5a532a62df1fe68,scene-0061,day,barrier,movable_object.barrier,labelled outline,v80-100,28.0,59.55,58.4,20.52,47.24,45.02,46.34,False
e41335fbfc1645faa5a532a62df1fe68,scene-0061,day,traffic cone,movable_object.trafficcone,labelled outline,v80-100,26.5,35.97,35.71,0.25,38.02,36.6,37.17,True
e41335fbfc1645faa5a532a62df1fe68,scene-0061,day,barrier,movable_object.barrier,labelled outline,v80-100,42.0,34.95,34.25,9.76,35.88,34.41,35.19,False
e41335fbfc1645faa5a532a62df1fe68,scene-0061,day,barrier,movable_object.barrier,labelled outline,v60-80,47.5,32.72,32.28,1.72,30.64,20.02,28.7,False
81b6368f6af9417684cefeb6661a14e7,scene-0061,day,barrier,movable_object.barrier,labelled outline,v80-100,32.2,51.31,50.77,21.01,42.23,38.1,40.81,False
81b6368f6af9417684cefeb6661a14e7,scene-0061,day,barrier,movable_object.barrier,labelled outline,v60-80,40.4,34.85,33.89,0.21,31.67,30.76,31.19,True
81b6368f6af9417684cefeb6661a14e7,scene-0061,day,barrier,movable_object.barrier,labelled outline,v80-100,46.4,33.16,32.42,11.39,30.83,30.22,30.47,False
81b6368f6af9417684cefeb6661a14e7,scene-0061,day,traffic cone,movable_object.trafficcone,labelled outline,v80-100,31.8,31.07,30.8,0.3,31.28,30.29,30.89,True
81b6368f6af9417684cefeb6661a14e7,scene-0061,day,barrier,movable_object.barrier,labelled outline,v80-100,30.9,52.15,51.05,20.29,44.01,39.47,42.7,False
81b6368f6af9417684cefeb6661a14e7,scene-0061,day,barrier,movable_object.barrier,labelled outline,v40-60,47.3,31.35,30.66,7.48,29.2,18.08,18.76,False
81b6368f6af9417684cefeb6661a14e7,scene-0061,day,traffic cone,movable_object.trafficcone,labelled outline,v80-100,32.5,32.02,31.79,0.18,33.96,31.4,32.21,True
81b6368f6af9417684cefeb6661a14e7,scene-0061,day,barrier,movable_object.barrier,labelled outline,v80-100,29.7,56.85,55.69,21.08,44.83,41.9,43.8,False
81b6368f6af9417684cefeb6661a14e7,scene-0061,day,barrier,movable_object.barrier,labelled outline,v40-60,38.1,52.33,51.29,23.16,38.0,15.61,15.94,False
81b6368f6af9417684cefeb6661a14e7,scene-0061,day,traffic cone,movable_object.trafficcone,labelled outline,v80-100,28.8,33.07,32.81,0.61,34.45,32.12,32.73,True
81b6368f6af9417684cefeb6661a14e7,scene-0061,day,barrier,movable_object.barrier,labelled outline,v80-100,45.8,32.19,31.48,9.42,30.28,27.76,29.75,False
81b6368f6af9417684cefeb6661a14e7,scene-0061,day,barrier,movable_object.barrier,labelled outline,v60-80,52.0,29.83,29.4,1.38,26.19,24.81,25.33,False
81b6368f6af9417684cefeb6661a14e7,scene-0061,day,traffic cone,movable_object.trafficcone,labelled outline,v80-100,22.4,44.06,43.85,19.34,34.27,27.75,31.33,False
a61bfbde6877413386a772591617f38d,scene-0061,day,barrier,movable_object.barrier,labelled outline,v80-100,35.3,48.5,47.93,22.01,37.41,34.95,36.49,False
a61bfbde6877413386a772591617f38d,scene-0061,day,barrier,movable_object.barrier,labelled outline,v60-80,44.6,31.68,30.73,0.0,27.54,26.58,27.05,True
a61bfbde6877413386a772591617f38d,scene-0061,day,barrier,movable_object.barrier,labelled outline,v80-100,51.4,30.24,29.48,10.72,25.56,14.31,24.32,False
a61bfbde6877413386a772591617f38d,scene-0061,day,traffic cone,movable_object.trafficcone,labelled outline,v80-100,35.5,27.91,27.65,0.0,27.38,26.95,27.18,True
a61bfbde6877413386a772591617f38d,scene-0061,day,barrier,movable_object.barrier,labelled outline,v80-100,52.6,26.94,26.33,2.82,24.97,16.53,24.18,False
a61bfbde6877413386a772591617f38d,scene-0061,day,barrier,movable_object.barrier,labelled outline,v80-100,33.7,49.28,48.2,21.36,39.56,37.58,38.57,False
a61bfbde6877413386a772591617f38d,scene-0061,day,traffic cone,movable_object.trafficcone,labelled outline,v80-100,36.1,28.85,28.63,0.87,32.61,28.87,30.18,True
a61bfbde6877413386a772591617f38d,scene-0061,day,barrier,movable_object.barrier,labelled outline,v80-100,32.1,53.96,52.8,22.2,41.95,39.82,40.84,False
a61bfbde6877413386a772591617f38d,scene-0061,day,barrier,movable_object.barrier,labelled outline,v40-60,41.7,49.58,48.52,24.17,36.4,34.4,35.47,False
a61bfbde6877413386a772591617f38d,scene-0061,day,traffic cone,movable_object.trafficcone,labelled outline,v80-100,32.0,29.9,29.65,1.31,31.37,29.32,30.09,False
a61bfbde6877413386a772591617f38d,scene-0061,day,barrier,movable_object.barrier,labelled outline,v80-100,51.0,29.2,28.47,8.75,26.3,18.03,22.62,False
a61bfbde6877413386a772591617f38d,scene-0061,day,barrier,movable_object.barrier,labelled outline,v60-80,58.4,26.67,26.25,0.76,24.62,22.31,23.41,True
ad609ca688444331b3218f664d644473,scene-0061,day,barrier,movable_object.barrier,labelled outline,v80-100,39.8,45.93,45.33,23.54,34.5,32.96,33.92,False
ad609ca688444331b3218f664d644473,scene-0061,day,traffic cone,movable_object.trafficcone,labelled outline,v80-100,42.2,23.56,23.32,0.09,24.07,23.74,23.95,True
ad609ca688444331b3218f664d644473,scene-0061,day,barrier,movable_object.barrier,labelled outline,v60-80,50.1,28.68,27.73,0.44,25.52,24.54,25.11,True
ad609ca688444331b3218f664d644473,scene-0061,day,barrier,movable_object.barrier,labelled outline,v60-80,34.4,53.75,52.44,24.42,39.9,37.96,38.75,False
ad609ca688444331b3218f664d644473,scene-0061,day,barrier,movable_object.barrier,labelled outline,v80-100,57.8,27.47,26.68,9.7,24.49,23.81,24.14,False
ad609ca688444331b3218f664d644473,scene-0061,day,barrier,movable_object.barrier,labelled outline,v80-100,34.0,49.2,48.15,23.49,36.61,35.4,36.13,False
ad609ca688444331b3218f664d644473,scene-0061,day,traffic cone,movable_object.trafficcone,labelled outline,v80-100,40.1,24.91,24.64,0.82,25.3,24.76,25.12,True
ad609ca688444331b3218f664d644473,scene-0061,day,barrier,movable_object.barrier,labelled outline,v80-100,60.3,23.96,23.33,1.85,23.32,21.78,22.51,False
ad609ca688444331b3218f664d644473,scene-0061,day,barrier,movable_object.barrier,labelled outline,v80-100,37.7,46.66,45.59,22.98,35.79,34.02,34.94,False
ad609ca688444331b3218f664d644473,scene-0061,day,traffic cone,movable_object.trafficcone,labelled outline,v80-100,40.7,25.86,25.64,1.9,30.43,26.45,27.8,False
ad609ca688444331b3218f664d644473,scene-0061,day,barrier,movable_object.barrier,labelled outline,v80-100,35.4,51.3,50.14,23.91,38.03,36.3,37.07,False
ad609ca688444331b3218f664d644473,scene-0061,day,traffic cone,movable_object.trafficcone,labelled outline,v80-100,35.9,26.92,26.66,2.38,28.72,27.66,28.18,False
ad609ca688444331b3218f664d644473,scene-0061,day,barrier,movable_object.barrier,labelled outline,v40-60,61.7,24.61,23.95,3.81,16.28,14.79,15.03,False
ad609ca688444331b3218f664d644473,scene-0061,day,barrier,movable_object.barrier,labelled outline,v80-100,59.5,25.12,24.2,0.03,24.46,23.98,24.11,True
ad609ca688444331b3218f664d644473,scene-0061,day,barrier,movable_object.barrier,labelled outline,v60-80,67.0,23.67,23.25,0.0,22.17,18.82,20.36,True
ad609ca688444331b3218f664d644473,scene-0061,day,traffic cone,movable_object.trafficcone,labelled outline,v80-100,26.0,38.53,38.33,17.17,33.19,20.96,30.34,False
3ead6ff0cd324d92918112dfcf400343,scene-0061,day,traffic cone,movable_object.trafficcone,labelled outline,v80-100,48.4,20.7,20.46,1.16,21.24,20.98,21.12,True
3ead6ff0cd324d92918112dfcf400343,scene-0061,day,barrier,movable_object.barrier,labelled outline,v60-80,56.7,25.81,24.85,1.83,22.76,21.9,22.32,False
3ead6ff0cd324d92918112dfcf400343,scene-0061,day,traffic cone,movable_object.trafficcone,labelled outline,v80-100,44.2,27.13,26.78,12.94,25.81,22.98,23.89,False
3ead6ff0cd324d92918112dfcf400343,scene-0061,day,barrier,movable_object.barrier,labelled outline,v60-80,38.1,51.3,49.98,26.57,33.69,31.59,33.09,False
3ead6ff0cd324d92918112dfcf400343,scene-0061,day,traffic cone,movable_object.trafficcone,labelled outline,v80-100,45.7,22.05,21.79,1.95,22.62,22.09,22.41,False
3ead6ff0cd324d92918112dfcf400343,scene-0061,day,barrier,movable_object.barrier,labelled outline,v80-100,70.1,21.08,20.45,0.72,21.69,20.02,21.12,True
3ead6ff0cd324d92918112dfcf400343,scene-0061,day,traffic cone,movable_object.trafficcone,labelled outline,v80-100,46.4,23.01,22.79,3.08,24.81,22.94,23.5,False
3ead6ff0cd324d92918112dfcf400343,scene-0061,day,traffic cone,movable_object.trafficcone,labelled outline,v80-100,40.8,24.08,23.82,3.61,23.6,23.27,23.43,False
3ead6ff0cd324d92918112dfcf400343,scene-0061,day,barrier,movable_object.barrier,labelled outline,v80-100,71.2,21.76,21.09,2.66,22.01,21.48,21.76,False
3ead6ff0cd324d92918112dfcf400343,scene-0061,day,barrier,movable_object.barrier,labelled outline,v80-100,68.3,22.24,21.33,1.18,21.71,21.08,21.21,True
3ead6ff0cd324d92918112dfcf400343,scene-0061,day,barrier,movable_object.barrier,labelled outline,v60-80,78.2,20.78,20.37,0.0,18.38,16.03,17.21,True
3ead6ff0cd324d92918112dfcf400343,scene-0061,day,traffic cone,movable_object.trafficcone,labelled outline,v80-100,28.0,35.9,35.71,15.55,32.92,29.45,30.52,False
5941e77ca4bd478e99e17114ca8759ab,scene-0061,day,traffic cone,movable_object.trafficcone,labelled outline,v80-100,57.6,17.68,17.44,2.57,18.05,17.86,17.91,False
5941e77ca4bd478e99e17114ca8759ab,scene-0061,day,barrier,movable_object.barrier,labelled outline,v60-80,65.1,22.81,21.85,3.65,19.44,18.38,19.1,False
5941e77ca4bd478e99e17114ca8759ab,scene-0061,day,traffic cone,movable_object.trafficcone,labelled outline,v80-100,48.7,24.44,24.08,11.27,24.05,20.88,21.82,False
5941e77ca4bd478e99e17114ca8759ab,scene-0061,day,traffic cone,movable_object.trafficcone,labelled outline,v80-100,54.0,19.05,18.78,3.47,19.33,19.0,19.22,False
5941e77ca4bd478e99e17114ca8759ab,scene-0061,day,barrier,movable_object.barrier,labelled outline,v80-100,82.2,18.04,17.4,0.0,18.73,17.43,17.95,True
5941e77ca4bd478e99e17114ca8759ab,scene-0061,day,barrier,movable_object.barrier,labelled outline,v80-100,78.4,19.66,18.88,3.15,19.82,12.96,19.2,False
5941e77ca4bd478e99e17114ca8759ab,scene-0061,day,traffic cone,movable_object.trafficcone,labelled outline,v80-100,54.6,20.04,19.82,4.64,19.95,19.49,19.71,False
5941e77ca4bd478e99e17114ca8759ab,scene-0061,day,traffic cone,movable_object.trafficcone,labelled outline,v80-100,47.8,21.12,20.86,5.23,20.0,19.59,19.83,False
5941e77ca4bd478e99e17114ca8759ab,scene-0061,day,barrier,movable_object.barrier,labelled outline,v80-100,82.6,18.74,18.04,1.18,19.05,18.4,18.83,True
5941e77ca4bd478e99e17114ca8759ab,scene-0061,day,barrier,movable_object.barrier,labelled outline,v80-100,80.5,19.22,18.3,2.64,18.49,17.9,18.04,False
5941e77ca4bd478e99e17114ca8759ab,scene-0061,day,barrier,movable_object.barrier,labelled outline,v60-80,92.5,17.73,17.31,0.57,14.35,12.49,13.25,True
e0bc3ff06fe348fdb56039c640be0ac3,scene-0061,day,traffic cone,movable_object.trafficcone,labelled outline,v80-100,28.6,37.63,37.33,19.27,30.97,28.03,28.86,False
e0bc3ff06fe348fdb56039c640be0ac3,scene-0061,day,traffic cone,movable_object.trafficcone,labelled outline,v80-100,69.5,15.2,14.96,4.08,14.65,14.4,14.52,False
e0bc3ff06fe348fdb56039c640be0ac3,scene-0061,day,barrier,movable_object.barrier,labelled outline,v60-80,75.6,20.34,19.38,5.67,16.63,14.68,15.92,False
e0bc3ff06fe348fdb56039c640be0ac3,scene-0061,day,traffic cone,movable_object.trafficcone,labelled outline,v80-100,30.9,33.96,33.67,15.0,26.75,15.36,17.98,False
e0bc3ff06fe348fdb56039c640be0ac3,scene-0061,day,traffic cone,movable_object.trafficcone,labelled outline,v80-100,64.6,16.59,16.33,5.09,16.45,15.8,16.11,False
e0bc3ff06fe348fdb56039c640be0ac3,scene-0061,day,barrier,movable_object.barrier,labelled outline,v80-100,96.7,15.47,14.84,0.18,15.46,14.57,15.05,True
e0bc3ff06fe348fdb56039c640be0ac3,scene-0061,day,barrier,movable_object.barrier,labelled outline,v80-100,89.0,17.12,16.33,1.48,17.25,16.71,16.91,False
e0bc3ff06fe348fdb56039c640be0ac3,scene-0061,day,traffic cone,movable_object.trafficcone,labelled outline,v80-100,65.2,17.63,17.42,6.33,16.5,15.95,16.21,False
e0bc3ff06fe348fdb56039c640be0ac3,scene-0061,day,traffic cone,movable_object.trafficcone,labelled outline,v80-100,56.6,18.72,18.48,7.0,16.17,15.81,15.93,False
e0bc3ff06fe348fdb56039c640be0ac3,scene-0061,day,barrier,movable_object.barrier,labelled outline,v60-80,83.0,18.18,17.35,3.22,17.45,11.72,12.13,False
e0bc3ff06fe348fdb56039c640be0ac3,scene-0061,day,barrier,movable_object.barrier,labelled outline,v80-100,95.3,16.16,15.46,0.0,16.04,15.48,15.72,True
e0bc3ff06fe348fdb56039c640be0ac3,scene-0061,day,barrier,movable_object.barrier,labelled outline,v60-80,96.1,16.73,15.82,4.22,15.05,12.61,14.53,False
e0bc3ff06fe348fdb56039c640be0ac3,scene-0061,day,barrier,movable_object.barrier,labelled outline,v60-80,110.1,15.2,14.75,2.11,10.33,9.65,10.04,False
0b2eb9c1cd1b45f0b1664a01684c5767,scene-0061,day,traffic cone,movable_object.trafficcone,labelled outline,v80-100,29.4,35.38,35.08,16.07,28.24,13.37,13.54,False
0b2eb9c1cd1b45f0b1664a01684c5767,scene-0061,day,traffic cone,movable_object.trafficcone,labelled outline,v60-80,88.5,12.95,12.72,5.46,7.06,6.91,6.94,False
0b2eb9c1cd1b45f0b1664a01684c5767,scene-0061,day,traffic cone,movable_object.trafficcone,labelled outline,v80-100,46.6,24.38,24.05,12.41,23.05,20.07,21.27,False
0b2eb9c1cd1b45f0b1664a01684c5767,scene-0061,day,barrier,movable_object.barrier,labelled outline,v40-60,92.0,17.01,16.12,3.34,15.25,11.12,11.3,False
0b2eb9c1cd1b45f0b1664a01684c5767,scene-0061,day,traffic cone,movable_object.trafficcone,labelled outline,v80-100,30.7,38.82,38.51,19.55,33.96,26.29,28.78,False
0b2eb9c1cd1b45f0b1664a01684c5767,scene-0061,day,traffic cone,movable_object.trafficcone,labelled outline,v80-100,81.4,14.38,14.13,6.58,12.85,9.77,11.52,False
0b2eb9c1cd1b45f0b1664a01684c5767,scene-0061,day,barrier,movable_object.barrier,labelled outline,v80-100,120.1,13.04,12.44,1.68,12.74,11.29,12.42,False
0b2eb9c1cd1b45f0b1664a01684c5767,scene-0061,day,barrier,movable_object.barrier,labelled outline,v80-100,104.8,14.66,13.86,0.0,15.0,14.37,14.59,True
0b2eb9c1cd1b45f0b1664a01684c5767,scene-0061,day,traffic cone,movable_object.trafficcone,labelled outline,v80-100,82.0,15.49,15.29,7.88,15.77,13.98,14.41,False
0b2eb9c1cd1b45f0b1664a01684c5767,scene-0061,day,barrier,movable_object.barrier,labelled outline,v80-100,96.0,15.7,14.86,1.54,15.89,15.31,15.55,False
0b2eb9c1cd1b45f0b1664a01684c5767,scene-0061,day,barrier,movable_object.barrier,labelled outline,v80-100,115.5,13.66,12.97,0.0,13.59,12.97,13.14,True
0b2eb9c1cd1b45f0b1664a01684c5767,scene-0061,day,barrier,movable_object.barrier,labelled outline,v40-60,120.7,14.47,13.56,5.68,7.64,6.9,6.94,False
0b2eb9c1cd1b45f0b1664a01684c5767,scene-0061,day,barrier,movable_object.barrier,labelled outline,v60-80,139.7,12.85,12.34,3.5,7.86,7.3,7.69,False
357a06d0a5a44506b161c072c7247807,scene-0061,day,traffic cone,movable_object.trafficcone,labelled outline,v40-60,49.6,22.27,21.95,10.31,13.22,12.41,12.69,False
357a06d0a5a44506b161c072c7247807,scene-0061,day,traffic cone,movable_object.trafficcone,labelled outline,v80-100,27.8,39.64,39.29,19.13,32.87,31.7,32.22,False
357a06d0a5a44506b161c072c7247807,scene-0061,day,barrier,movable_object.barrier,labelled outline,v80-100,106.6,14.68,13.78,1.75,14.48,13.64,13.98,False
357a06d0a5a44506b161c072c7247807,scene-0061,day,traffic cone,movable_object.trafficcone,labelled outline,v80-100,26.7,43.29,42.99,22.64,35.24,34.31,34.55,False
357a06d0a5a44506b161c072c7247807,scene-0061,day,barrier,movable_object.barrier,labelled outline,v80-100,157.6,10.84,10.31,2.95,10.01,9.59,9.74,False
357a06d0a5a44506b161c072c7247807,scene-0061,day,traffic cone,movable_object.trafficcone,labelled outline,v80-100,46.0,26.77,26.45,14.36,24.96,19.14,20.5,False
357a06d0a5a44506b161c072c7247807,scene-0061,day,barrier,movable_object.barrier,labelled outline,v80-100,127.6,12.28,11.49,0.0,12.31,11.7,11.93,True
357a06d0a5a44506b161c072c7247807,scene-0061,day,barrier,movable_object.barrier,labelled outline,v80-100,114.2,13.35,12.5,0.07,13.26,12.61,12.9,True
357a06d0a5a44506b161c072c7247807,scene-0061,day,barrier,movable_object.barrier,labelled outline,v80-100,145.5,11.33,10.69,1.19,10.91,10.44,10.57,True
357a06d0a5a44506b161c072c7247807,scene-0061,day,barrier,movable_object.barrier,labelled outline,v60-80,187.9,10.82,10.22,4.65,9.47,5.93,9.05,False
357a06d0a5a44506b161c072c7247807,scene-0061,day,traffic cone,movable_object.trafficcone,labelled outline,v80-100,26.6,44.51,44.21,23.84,36.36,34.48,35.14,False
5aed4c34988b4c18a33c69ddcddb6010,scene-0061,day,barrier,movable_object.barrier,labelled outline,v40-60,124.0,16.66,16.29,8.55,7.63,7.6,7.61,False
5aed4c34988b4c18a33c69ddcddb6010,scene-0061,day,traffic cone,movable_object.trafficcone,labelled outline,v80-100,42.9,29.0,28.68,15.6,26.93,21.85,23.29,False
5aed4c34988b4c18a33c69ddcddb6010,scene-0061,day,traffic cone,movable_object.trafficcone,labelled outline,v80-100,26.0,47.0,46.73,23.98,30.54,29.99,30.24,False
5aed4c34988b4c18a33c69ddcddb6010,scene-0061,day,traffic cone,movable_object.trafficcone,labelled outline,v80-100,26.7,45.5,45.18,22.65,30.01,28.31,29.3,False
5aed4c34988b4c18a33c69ddcddb6010,scene-0061,day,traffic cone,movable_object.trafficcone,labelled outline,v60-80,71.9,15.41,15.05,3.84,13.41,10.7,10.81,False
5aed4c34988b4c18a33c69ddcddb6010,scene-0061,day,barrier,movable_object.barrier,labelled outline,v80-100,126.8,12.42,11.52,0.36,12.49,11.71,12.02,True
5aed4c34988b4c18a33c69ddcddb6010,scene-0061,day,traffic cone,movable_object.trafficcone,labelled outline,v80-100,35.6,27.2,26.91,6.36,24.87,22.64,23.02,False
5aed4c34988b4c18a33c69ddcddb6010,scene-0061,day,traffic cone,movable_object.trafficcone,labelled outline,v60-80,26.9,41.27,40.97,18.98,11.49,11.15,11.28,False
5aed4c34988b4c18a33c69ddcddb6010,scene-0061,day,barrier,movable_object.barrier,labelled outline,v80-100,230.4,8.89,8.48,3.95,7.77,7.36,7.63,False
5aed4c34988b4c18a33c69ddcddb6010,scene-0061,day,traffic cone,movable_object.trafficcone,labelled outline,v80-100,48.1,24.77,24.46,12.11,22.18,20.4,20.91,False
5aed4c34988b4c18a33c69ddcddb6010,scene-0061,day,barrier,movable_object.barrier,labelled outline,v80-100,163.9,10.02,9.26,0.76,10.05,9.4,9.67,True
5aed4c34988b4c18a33c69ddcddb6010,scene-0061,day,barrier,movable_object.barrier,labelled outline,v80-100,140.9,11.06,10.22,0.0,11.17,10.57,10.74,True
5aed4c34988b4c18a33c69ddcddb6010,scene-0061,day,traffic cone,movable_object.trafficcone,labelled outline,v80-100,24.3,48.3,47.99,24.99,30.86,30.41,30.59,False
5aed4c34988b4c18a33c69ddcddb6010,scene-0061,day,barrier,movable_object.barrier,labelled outline,v80-100,197.4,9.19,8.62,2.31,8.57,7.95,8.15,False
5aed4c34988b4c18a33c69ddcddb6010,scene-0061,day,traffic cone,movable_object.trafficcone,labelled outline,v60-80,26.7,42.5,42.2,20.09,12.14,11.82,11.96,False
c8623ea6d2774a3aa81255a117ba2319,scene-0061,day,traffic cone,movable_object.trafficcone,labelled outline,v80-100,44.3,27.07,26.76,13.02,21.74,20.35,20.97,False
c8623ea6d2774a3aa81255a117ba2319,scene-0061,day,traffic cone,movable_object.trafficcone,labelled outline,v80-100,35.5,31.9,31.62,16.83,25.58,23.62,23.97,False
c8623ea6d2774a3aa81255a117ba2319,scene-0061,day,traffic cone,movable_object.trafficcone,labelled outline,v80-100,33.0,28.91,28.61,6.85,27.6,25.08,25.84,False
c8623ea6d2774a3aa81255a117ba2319,scene-0061,day,traffic cone,movable_object.trafficcone,labelled outline,v80-100,82.7,13.29,12.93,2.34,14.89,12.91,13.24,False
c8623ea6d2774a3aa81255a117ba2319,scene-0061,day,barrier,movable_object.barrier,labelled outline,v80-100,157.3,10.32,9.41,0.0,10.69,9.92,10.19,True
c8623ea6d2774a3aa81255a117ba2319,scene-0061,day,traffic cone,movable_object.trafficcone,labelled outline,v80-100,38.1,25.11,24.82,3.66,25.35,22.54,23.32,False
c8623ea6d2774a3aa81255a117ba2319,scene-0061,day,barrier,movable_object.barrier,labelled outline,v80-100,230.4,8.01,7.31,1.81,7.83,7.23,7.44,False
c8623ea6d2774a3aa81255a117ba2319,scene-0061,day,barrier,movable_object.barrier,labelled outline,v80-100,184.9,8.96,8.14,0.46,9.21,8.57,8.76,True
c8623ea6d2774a3aa81255a117ba2319,scene-0061,day,barrier,movable_object.barrier,labelled outline,v80-100,307.5,7.39,6.97,3.23,6.88,6.28,6.68,False
c8623ea6d2774a3aa81255a117ba2319,scene-0061,day,traffic cone,movable_object.trafficcone,labelled outline,v80-100,25.0,48.8,48.5,22.61,11.87,11.62,11.72,False
06c1523315b14aa7a0dfa4afacafb9e6,scene-0061,day,traffic cone,movable_object.trafficcone,labelled outline,v80-100,36.2,29.97,29.69,13.79,25.42,22.0,23.1,False
06c1523315b14aa7a0dfa4afacafb9e6,scene-0061,day,traffic cone,movable_object.trafficcone,labelled outline,v80-100,35.0,26.83,26.53,3.74,26.28,23.56,23.88,False
06c1523315b14aa7a0dfa4afacafb9e6,scene-0061,day,traffic cone,movable_object.trafficcone,labelled outline,v80-100,98.4,11.12,10.77,0.87,13.53,11.26,11.64,True
06c1523315b14aa7a0dfa4afacafb9e6,scene-0061,day,traffic cone,movable_object.trafficcone,labelled outline,v80-100,30.1,33.45,33.1,8.39,10.22,9.99,10.05,False
06c1523315b14aa7a0dfa4afacafb9e6,scene-0061,day,traffic cone,movable_object.trafficcone,labelled outline,v80-100,22.0,56.36,56.06,30.58,47.21,38.76,41.79,False
06c1523315b14aa7a0dfa4afacafb9e6,scene-0061,day,barrier,movable_object.barrier,labelled outline,v80-100,210.5,8.19,7.3,0.29,8.32,7.54,7.86,True
06c1523315b14aa7a0dfa4afacafb9e6,scene-0061,day,traffic cone,movable_object.trafficcone,labelled outline,v80-100,34.8,30.23,29.92,6.17,28.51,24.85,25.61,False
06c1523315b14aa7a0dfa4afacafb9e6,scene-0061,day,traffic cone,movable_object.trafficcone,labelled outline,v80-100,41.2,23.03,22.74,0.93,23.78,20.84,21.29,True
06c1523315b14aa7a0dfa4afacafb9e6,scene-0061,day,barrier,movable_object.barrier,labelled outline,v80-100,333.1,6.17,5.63,2.72,5.88,5.52,5.7,False
06c1523315b14aa7a0dfa4afacafb9e6,scene-0061,day,barrier,movable_object.barrier,labelled outline,v80-100,273.4,6.9,6.15,1.51,6.55,6.0,6.14,False
06c1523315b14aa7a0dfa4afacafb9e6,scene-0061,day,traffic cone,movable_object.trafficcone,labelled outline,v40-60,61.6,16.58,16.29,4.52,7.43,7.06,7.17,False
c9d8cf50e42b47fa9a0bbd923e5e9c30,scene-0061,day,traffic cone,movable_object.trafficcone,labelled outline,v80-100,38.2,24.65,24.35,0.69,23.72,21.55,21.91,True
c9d8cf50e42b47fa9a0bbd923e5e9c30,scene-0061,day,traffic cone,movable_object.trafficcone,labelled outline,v80-100,73.1,13.92,13.62,2.65,14.18,9.45,11.3,False
c9d8cf50e42b47fa9a0bbd923e5e9c30,scene-0061,day,traffic cone,movable_object.trafficcone,labelled outline,v80-100,125.2,8.87,8.51,0.0,10.93,9.24,9.48,True
c9d8cf50e42b47fa9a0bbd923e5e9c30,scene-0061,day,traffic cone,movable_object.trafficcone,labelled outline,v80-100,31.9,31.24,30.9,4.62,30.51,27.02,27.7,False
c9d8cf50e42b47fa9a0bbd923e5e9c30,scene-0061,day,traffic cone,movable_object.trafficcone,labelled outline,v80-100,21.8,54.34,54.05,24.97,42.81,38.7,40.39,False
c9d8cf50e42b47fa9a0bbd923e5e9c30,scene-0061,day,barrier,movable_object.barrier,labelled outline,v80-100,334.5,6.07,5.25,1.32,5.62,4.93,5.2,False
c9d8cf50e42b47fa9a0bbd923e5e9c30,scene-0061,day,traffic cone,movable_object.trafficcone,labelled outline,v80-100,37.2,28.1,27.79,2.77,28.56,24.85,25.84,False
c9d8cf50e42b47fa9a0bbd923e5e9c30,scene-0061,day,traffic cone,movable_object.trafficcone,labelled outline,v80-100,46.1,20.88,20.59,1.12,20.8,19.12,19.56,True
c9d8cf50e42b47fa9a0bbd923e5e9c30,scene-0061,day,traffic cone,movable_object.trafficcone,labelled outline,v80-100,21.7,50.62,50.34,22.84,41.98,36.23,38.84,False
c9d8cf50e42b47fa9a0bbd923e5e9c30,scene-0061,day,traffic cone,movable_object.trafficcone,labelled outline,v80-100,29.1,35.06,34.76,7.0,33.82,31.33,32.54,False
c9d8cf50e42b47fa9a0bbd923e5e9c30,scene-0061,day,barrier,movable_object.barrier,labelled outline,v80-100,301.9,5.05,4.48,2.34,4.89,4.69,4.79,False
c9d8cf50e42b47fa9a0bbd923e5e9c30,scene-0061,day,traffic cone,movable_object.trafficcone,labelled outline,v40-60,76.6,14.55,14.27,6.31,9.96,5.02,5.11,False
c9d8cf50e42b47fa9a0bbd923e5e9c30,scene-0061,day,traffic cone,movable_object.trafficcone,labelled outline,v80-100,28.7,36.3,36.0,7.77,29.13,9.42,9.77,False
c9d8cf50e42b47fa9a0bbd923e5e9c30,scene-0061,day,traffic cone,movable_object.trafficcone,labelled outline,v40-60,55.6,17.31,17.1,3.89,14.78,6.66,6.79,False
c9d8cf50e42b47fa9a0bbd923e5e9c30,scene-0061,day,traffic cone,movable_object.trafficcone,labelled outline,v80-100,24.8,44.86,44.57,19.84,38.26,32.2,34.18,False
addcad764798404b8141c9d40b413e73,scene-0061,day,traffic cone,movable_object.trafficcone,labelled outline,v80-100,27.7,38.96,38.69,6.53,36.83,33.87,35.12,False
addcad764798404b8141c9d40b413e73,scene-0061,day,traffic cone,movable_object.trafficcone,labelled outline,v80-100,41.4,22.79,22.48,1.17,23.27,21.17,21.53,True
addcad764798404b8141c9d40b413e73,scene-0061,day,traffic cone,movable_object.trafficcone,labelled outline,v80-100,84.3,12.0,11.69,1.24,13.82,12.14,12.52,False
addcad764798404b8141c9d40b413e73,scene-0061,day,traffic cone,movable_object.trafficcone,labelled outline,v80-100,165.6,6.95,6.58,0.63,8.7,7.33,7.51,True
addcad764798404b8141c9d40b413e73,scene-0061,day,traffic cone,movable_object.trafficcone,labelled outline,v80-100,33.6,29.32,28.98,1.53,29.12,26.43,27.46,False
addcad764798404b8141c9d40b413e73,scene-0061,day,barrier,movable_object.barrier,labelled outline,v80-100,292.9,4.45,3.81,2.0,4.63,4.51,4.56,False
addcad764798404b8141c9d40b413e73,scene-0061,day,traffic cone,movable_object.trafficcone,labelled outline,v80-100,39.6,26.27,25.95,0.0,27.09,23.49,24.07,True
addcad764798404b8141c9d40b413e73,scene-0061,day,traffic cone,movable_object.trafficcone,labelled outline,v80-100,51.6,19.01,18.72,3.22,19.38,17.83,18.15,False
addcad764798404b8141c9d40b413e73,scene-0061,day,traffic cone,movable_object.trafficcone,labelled outline,v80-100,30.3,33.14,32.85,3.54,32.55,29.94,31.18,False
addcad764798404b8141c9d40b413e73,scene-0061,day,traffic cone,movable_object.trafficcone,labelled outline,v80-100,25.6,40.32,40.01,7.04,38.9,34.49,36.41,False
addcad764798404b8141c9d40b413e73,scene-0061,day,traffic cone,movable_object.trafficcone,labelled outline,v80-100,29.7,34.38,34.08,4.2,32.43,30.72,31.73,False
addcad764798404b8141c9d40b413e73,scene-0061,day,traffic cone,movable_object.trafficcone,labelled outline,v80-100,65.6,15.52,15.32,5.57,15.45,13.58,13.87,False
addcad764798404b8141c9d40b413e73,scene-0061,day,traffic cone,movable_object.trafficcone,labelled outline,v80-100,29.8,31.71,31.4,2.79,30.3,28.19,29.19,False
426b7a257a5a4fcbbf1086a335f9c648,scene-0061,day,traffic cone,movable_object.trafficcone,labelled outline,v80-100,29.0,36.9,36.63,2.57,36.24,31.34,33.09,False
426b7a257a5a4fcbbf1086a335f9c648,scene-0061,day,traffic cone,movable_object.trafficcone,labelled outline,v80-100,46.5,20.81,20.49,3.46,20.48,18.56,18.9,False
426b7a257a5a4fcbbf1086a335f9c648,scene-0061,day,traffic cone,movable_object.trafficcone,labelled outline,v80-100,102.7,9.91,9.61,0.01,11.41,10.0,10.31,True
426b7a257a5a4fcbbf1086a335f9c648,scene-0061,day,traffic cone,movable_object.trafficcone,labelled outline,v80-100,28.2,39.51,39.22,3.54,38.81,34.3,36.75,False
426b7a257a5a4fcbbf1086a335f9c648,scene-0061,day,traffic cone,movable_object.trafficcone,labelled outline,v80-100,235.0,4.97,4.6,1.38,6.19,4.72,5.01,False
426b7a257a5a4fcbbf1086a335f9c648,scene-0061,day,traffic cone,movable_object.trafficcone,labelled outline,v80-100,36.4,27.25,26.91,0.75,26.64,23.96,24.3,True
426b7a257a5a4fcbbf1086a335f9c648,scene-0061,day,traffic cone,movable_object.trafficcone,labelled outline,v80-100,43.5,24.24,23.92,2.06,23.81,21.14,21.56,False
426b7a257a5a4fcbbf1086a335f9c648,scene-0061,day,traffic cone,movable_object.trafficcone,labelled outline,v80-100,60.3,17.06,16.76,5.12,16.96,14.77,15.1,False
426b7a257a5a4fcbbf1086a335f9c648,scene-0061,day,traffic cone,movable_object.trafficcone,labelled outline,v80-100,32.4,31.07,30.77,0.21,28.85,27.37,27.98,True
426b7a257a5a4fcbbf1086a335f9c648,scene-0061,day,traffic cone,movable_object.trafficcone,labelled outline,v60-80,73.1,14.72,14.42,1.8,10.79,7.87,7.95,False
426b7a257a5a4fcbbf1086a335f9c648,scene-0061,day,traffic cone,movable_object.trafficcone,labelled outline,v80-100,26.8,38.25,37.93,3.01,37.83,33.57,35.9,False
426b7a257a5a4fcbbf1086a335f9c648,scene-0061,day,traffic cone,movable_object.trafficcone,labelled outline,v80-100,31.6,32.3,32.0,0.74,28.84,27.7,27.97,True
426b7a257a5a4fcbbf1086a335f9c648,scene-0061,day,traffic cone,movable_object.trafficcone,labelled outline,v80-100,27.0,40.68,40.38,4.0,41.09,36.04,38.18,False
426b7a257a5a4fcbbf1086a335f9c648,scene-0061,day,traffic cone,movable_object.trafficcone,labelled outline,v80-100,32.0,29.57,29.26,0.0,26.5,25.99,26.09,True
8fe9b9f55bd14e25b8fde193d6b6a503,scene-0061,day,traffic cone,movable_object.trafficcone,labelled outline,v80-100,30.8,34.68,34.42,0.55,33.69,29.89,31.62,True
8fe9b9f55bd14e25b8fde193d6b6a503,scene-0061,day,traffic cone,movable_object.trafficcone,labelled outline,v80-100,53.9,18.7,18.39,5.5,16.97,15.81,16.0,False
8fe9b9f55bd14e25b8fde193d6b6a503,scene-0061,day,traffic cone,movable_object.trafficcone,labelled outline,v80-100,25.3,40.33,40.07,0.56,37.1,34.65,36.59,True
8fe9b9f55bd14e25b8fde193d6b6a503,scene-0061,day,traffic cone,movable_object.trafficcone,labelled outline,v80-100,135.5,7.71,7.4,0.38,8.69,7.63,7.76,True
8fe9b9f55bd14e25b8fde193d6b6a503,scene-0061,day,traffic cone,movable_object.trafficcone,labelled outline,v80-100,29.8,37.29,37.0,0.0,34.98,32.25,33.94,True
8fe9b9f55bd14e25b8fde193d6b6a503,scene-0061,day,traffic cone,movable_object.trafficcone,labelled outline,v80-100,25.5,41.25,40.98,0.99,37.9,35.24,36.9,True
8fe9b9f55bd14e25b8fde193d6b6a503,scene-0061,day,traffic cone,movable_object.trafficcone,labelled outline,v80-100,40.2,25.08,24.73,3.46,25.51,22.23,22.67,False
8fe9b9f55bd14e25b8fde193d6b6a503,scene-0061,day,traffic cone,movable_object.trafficcone,labelled outline,v80-100,48.8,22.12,21.8,4.48,22.84,19.32,19.9,False
8fe9b9f55bd14e25b8fde193d6b6a503,scene-0061,day,traffic cone,movable_object.trafficcone,labelled outline,v80-100,73.8,15.09,14.79,6.73,13.55,11.9,12.13,False
8fe9b9f55bd14e25b8fde193d6b6a503,scene-0061,day,traffic cone,movable_object.trafficcone,labelled outline,v80-100,35.1,28.87,28.57,2.28,25.94,24.7,25.03,False
8fe9b9f55bd14e25b8fde193d6b6a503,scene-0061,day,traffic cone,movable_object.trafficcone,labelled outline,v80-100,86.1,12.51,12.21,0.33,13.98,12.25,12.44,True
8fe9b9f55bd14e25b8fde193d6b6a503,scene-0061,day,traffic cone,movable_object.trafficcone,labelled outline,v80-100,28.4,36.03,35.71,0.12,34.45,31.95,33.6,True
8fe9b9f55bd14e25b8fde193d6b6a503,scene-0061,day,traffic cone,movable_object.trafficcone,labelled outline,v80-100,34.1,30.1,29.8,1.87,25.07,24.42,24.58,False
8fe9b9f55bd14e25b8fde193d6b6a503,scene-0061,day,traffic cone,movable_object.trafficcone,labelled outline,v80-100,28.5,38.46,38.16,0.0,36.26,32.94,34.59,True
8fe9b9f55bd14e25b8fde193d6b6a503,scene-0061,day,traffic cone,movable_object.trafficcone,labelled outline,v80-100,35.0,27.32,27.01,2.77,24.76,24.07,24.27,False
4bc3a28622964e9f9ab28a68614189f1,scene-0061,day,traffic cone,movable_object.trafficcone,labelled outline,v80-100,72.8,14.96,14.67,0.27,14.87,6.76,8.9,True
4bc3a28622964e9f9ab28a68614189f1,scene-0061,day,traffic cone,movable_object.trafficcone,labelled outline,v80-100,32.9,32.83,32.56,3.17,30.61,28.39,29.16,False
4bc3a28622964e9f9ab28a68614189f1,scene-0061,day,traffic cone,movable_object.trafficcone,labelled outline,v80-100,63.0,17.01,16.69,6.86,15.19,13.38,13.61,False
4bc3a28622964e9f9ab28a68614189f1,scene-0061,day,traffic cone,movable_object.trafficcone,labelled outline,v80-100,26.7,38.47,38.2,1.88,36.23,33.0,34.84,False
4bc3a28622964e9f9ab28a68614189f1,scene-0061,day,traffic cone,movable_object.trafficcone,labelled outline,v80-100,188.0,5.89,5.57,1.01,6.41,5.47,5.58,True
4bc3a28622964e9f9ab28a68614189f1,scene-0061,day,traffic cone,movable_object.trafficcone,labelled outline,v80-100,31.7,35.43,35.14,2.58,31.75,28.55,30.31,False
4bc3a28622964e9f9ab28a68614189f1,scene-0061,day,traffic cone,movable_object.trafficcone,labelled outline,v80-100,26.9,39.39,39.12,1.59,36.43,33.73,35.66,False
4bc3a28622964e9f9ab28a68614189f1,scene-0061,day,traffic cone,movable_object.trafficcone,labelled outline,v80-100,44.6,23.29,22.94,5.34,23.74,19.78,20.32,False
4bc3a28622964e9f9ab28a68614189f1,scene-0061,day,traffic cone,movable_object.trafficcone,labelled outline,v80-100,54.8,20.48,20.15,6.11,19.82,16.64,17.01,False
4bc3a28622964e9f9ab28a68614189f1,scene-0061,day,traffic cone,movable_object.trafficcone,labelled outline,v80-100,38.2,27.06,26.75,4.46,24.55,23.15,23.5,False
4bc3a28622964e9f9ab28a68614189f1,scene-0061,day,traffic cone,movable_object.trafficcone,labelled outline,v80-100,102.7,10.65,10.34,0.03,11.75,10.23,10.62,True
4bc3a28622964e9f9ab28a68614189f1,scene-0061,day,traffic cone,movable_object.trafficcone,labelled outline,v80-100,30.3,34.17,33.85,2.83,31.31,28.64,29.72,False
4bc3a28622964e9f9ab28a68614189f1,scene-0061,day,traffic cone,movable_object.trafficcone,labelled outline,v80-100,37.0,28.27,27.96,4.15,23.68,23.14,23.28,False
4bc3a28622964e9f9ab28a68614189f1,scene-0061,day,traffic cone,movable_object.trafficcone,labelled outline,v80-100,30.2,36.61,36.3,2.31,33.11,30.7,31.87,False
4bc3a28622964e9f9ab28a68614189f1,scene-0061,day,traffic cone,movable_object.trafficcone,labelled outline,v80-100,38.4,25.51,25.19,4.83,23.19,22.35,22.54,False
6c913201b35146eea7a2ed8c3fe43887,scene-0061,day,traffic cone,movable_object.trafficcone,labelled outline,v80-100,84.4,12.99,12.7,0.13,14.42,12.57,12.79,True
6c913201b35146eea7a2ed8c3fe43887,scene-0061,day,traffic cone,movable_object.trafficcone,labelled outline,v80-100,35.4,30.92,30.65,5.33,32.08,26.47,28.42,False
6c913201b35146eea7a2ed8c3fe43887,scene-0061,day,traffic cone,movable_object.trafficcone,labelled outline,v80-100,75.7,15.33,15.0,7.9,14.08,11.33,12.17,False
6c913201b35146eea7a2ed8c3fe43887,scene-0061,day,traffic cone,movable_object.trafficcone,labelled outline,v60-80,37.8,29.35,29.03,5.45,20.11,19.63,19.74,False
6c913201b35146eea7a2ed8c3fe43887,scene-0061,day,traffic cone,movable_object.trafficcone,labelled outline,v80-100,28.3,36.5,36.23,4.38,33.12,30.54,31.69,False
6c913201b35146eea7a2ed8c3fe43887,scene-0061,day,traffic cone,movable_object.trafficcone,labelled outline,v80-100,165.7,4.06,3.71,1.43,5.37,4.18,4.73,False
6c913201b35146eea7a2ed8c3fe43887,scene-0061,day,traffic cone,movable_object.trafficcone,labelled outline,v80-100,33.8,33.49,33.19,4.88,30.07,28.03,29.36,False
6c913201b35146eea7a2ed8c3fe43887,scene-0061,day,traffic cone,movable_object.trafficcone,labelled outline,v80-100,28.4,37.45,37.18,4.14,33.47,30.88,32.46,False
6c913201b35146eea7a2ed8c3fe43887,scene-0061,day,traffic cone,movable_object.trafficcone,labelled outline,v80-100,50.0,21.45,21.09,6.85,20.61,17.35,17.76,False
6c913201b35146eea7a2ed8c3fe43887,scene-0061,day,traffic cone,movable_object.trafficcone,labelled outline,v80-100,62.4,18.82,18.49,7.45,18.92,14.75,15.3,False
6c913201b35146eea7a2ed8c3fe43887,scene-0061,day,traffic cone,movable_object.trafficcone,labelled outline,v80-100,41.9,25.16,24.85,6.24,21.05,19.92,20.25,False
6c913201b35146eea7a2ed8c3fe43887,scene-0061,day,traffic cone,movable_object.trafficcone,labelled outline,v80-100,128.4,8.69,8.38,0.78,10.02,8.45,8.61,True
6c913201b35146eea7a2ed8c3fe43887,scene-0061,day,traffic cone,movable_object.trafficcone,labelled outline,v80-100,32.4,32.26,31.94,5.06,31.03,27.78,29.59,False
6c913201b35146eea7a2ed8c3fe43887,scene-0061,day,traffic cone,movable_object.trafficcone,labelled outline,v80-100,40.4,26.36,26.05,6.02,19.57,19.19,19.28,False
6c913201b35146eea7a2ed8c3fe43887,scene-0061,day,traffic cone,movable_object.trafficcone,labelled outline,v80-100,32.2,34.64,34.33,4.68,31.19,28.92,29.66,False
6c913201b35146eea7a2ed8c3fe43887,scene-0061,day,traffic cone,movable_object.trafficcone,labelled outline,v80-100,42.3,23.76,23.43,6.49,19.85,19.14,19.29,False
6bd85a6773944798ae0be117d40d4fdc,scene-0061,day,traffic cone,movable_object.trafficcone,labelled outline,v80-100,96.1,11.51,11.21,0.73,12.82,10.81,11.04,True
6bd85a6773944798ae0be117d40d4fdc,scene-0061,day,traffic cone,movable_object.trafficcone,labelled outline,v80-100,60.5,16.45,16.18,0.12,15.64,6.53,7.21,True
6bd85a6773944798ae0be117d40d4fdc,scene-0061,day,traffic cone,movable_object.trafficcone,labelled outline,v80-100,37.6,29.46,29.18,6.68,24.55,22.91,23.62,False
6bd85a6773944798ae0be117d40d4fdc,scene-0061,day,traffic cone,movable_object.trafficcone,labelled outline,v80-100,40.2,27.91,27.58,6.74,21.63,17.34,17.51,False
6bd85a6773944798ae0be117d40d4fdc,scene-0061,day,traffic cone,movable_object.trafficcone,labelled outline,v80-100,29.7,35.03,34.76,5.99,31.14,29.12,30.08,False
6bd85a6773944798ae0be117d40d4fdc,scene-0061,day,traffic cone,movable_object.trafficcone,labelled outline,v80-100,35.6,32.02,31.72,6.33,28.43,25.6,26.99,False
6bd85a6773944798ae0be117d40d4fdc,scene-0061,day,traffic cone,movable_object.trafficcone,labelled outline,v80-100,29.8,35.97,35.7,5.79,31.07,29.13,30.08,False
6bd85a6773944798ae0be117d40d4fdc,scene-0061,day,traffic cone,movable_object.trafficcone,labelled outline,v80-100,55.0,20.09,19.72,7.75,18.7,15.98,16.27,False
6bd85a6773944798ae0be117d40d4fdc,scene-0061,day,traffic cone,movable_object.trafficcone,labelled outline,v80-100,70.4,17.49,17.15,8.24,16.0,13.44,13.7,False
6bd85a6773944798ae0be117d40d4fdc,scene-0061,day,traffic cone,movable_object.trafficcone,labelled outline,v80-100,45.3,23.76,23.44,7.33,18.68,17.88,18.02,False
6bd85a6773944798ae0be117d40d4fdc,scene-0061,day,traffic cone,movable_object.trafficcone,labelled outline,v80-100,159.2,7.22,6.91,1.2,7.92,6.76,6.88,True
6bd85a6773944798ae0be117d40d4fdc,scene-0061,day,traffic cone,movable_object.trafficcone,labelled outline,v80-100,34.4,30.78,30.46,6.45,26.77,24.28,25.21,False
6bd85a6773944798ae0be117d40d4fdc,scene-0061,day,traffic cone,movable_object.trafficcone,labelled outline,v80-100,43.4,24.94,24.62,7.17,17.64,17.25,17.42,False
6bd85a6773944798ae0be117d40d4fdc,scene-0061,day,traffic cone,movable_object.trafficcone,labelled outline,v80-100,33.9,33.18,32.87,6.21,29.44,26.27,28.05,False
6bd85a6773944798ae0be117d40d4fdc,scene-0061,day,traffic cone,movable_object.trafficcone,labelled outline,v80-100,45.9,22.36,22.03,7.51,18.03,17.51,17.59,False
6bd85a6773944798ae0be117d40d4fdc,scene-0061,day,traffic cone,movable_object.trafficcone,labelled outline,v40-60,31.4,37.16,36.89,5.36,33.01,29.95,31.01,False
b81fa956bfd84063b59401acce77dc12,scene-0061,day,traffic cone,movable_object.trafficcone,labelled outline,v80-100,110.8,10.16,9.86,1.18,11.75,9.94,10.11,True
b81fa956bfd84063b59401acce77dc12,scene-0061,day,traffic cone,movable_object.trafficcone,labelled outline,v80-100,66.6,15.09,14.82,0.76,15.73,14.43,14.92,True
b81fa956bfd84063b59401acce77dc12,scene-0061,day,traffic cone,movable_object.trafficcone,labelled outline,v80-100,40.0,28.13,27.86,7.74,25.41,23.7,24.39,False
b81fa956bfd84063b59401acce77dc12,scene-0061,day,traffic cone,movable_object.trafficcone,labelled outline,v80-100,42.9,26.6,26.27,7.76,25.89,16.96,22.56,False
b81fa956bfd84063b59401acce77dc12,scene-0061,day,traffic cone,movable_object.trafficcone,labelled outline,v80-100,31.3,33.7,33.42,7.27,29.69,27.89,29.0,False
b81fa956bfd84063b59401acce77dc12,scene-0061,day,traffic cone,movable_object.trafficcone,labelled outline,v80-100,37.7,30.69,30.39,7.49,26.29,24.58,25.21,False
b81fa956bfd84063b59401acce77dc12,scene-0061,day,traffic cone,movable_object.trafficcone,labelled outline,v80-100,31.2,34.64,34.37,7.11,29.5,28.51,29.01,False
b81fa956bfd84063b59401acce77dc12,scene-0061,day,traffic cone,movable_object.trafficcone,labelled outline,v80-100,26.8,36.79,36.55,6.15,33.41,30.04,31.62,False
b81fa956bfd84063b59401acce77dc12,scene-0061,day,traffic cone,movable_object.trafficcone,labelled outline,v80-100,61.0,18.88,18.51,8.45,17.96,14.98,15.34,False
b81fa956bfd84063b59401acce77dc12,scene-0061,day,traffic cone,movable_object.trafficcone,labelled outline,v80-100,49.1,22.49,22.17,8.17,18.52,17.85,18.0,False
b81fa956bfd84063b59401acce77dc12,scene-0061,day,traffic cone,movable_object.trafficcone,labelled outline,v80-100,204.8,5.91,5.58,1.49,6.71,5.57,5.68,False
b81fa956bfd84063b59401acce77dc12,scene-0061,day,traffic cone,movable_object.trafficcone,labelled outline,v80-100,36.5,29.44,29.11,7.55,25.48,24.1,24.74,False
b81fa956bfd84063b59401acce77dc12,scene-0061,day,traffic cone,movable_object.trafficcone,labelled outline,v40-60,46.9,23.66,23.34,8.07,17.09,16.82,16.9,False
b81fa956bfd84063b59401acce77dc12,scene-0061,day,traffic cone,movable_object.trafficcone,labelled outline,v80-100,35.7,31.85,31.54,7.43,28.43,25.67,26.39,False
b81fa956bfd84063b59401acce77dc12,scene-0061,day,traffic cone,movable_object.trafficcone,labelled outline,v80-100,50.1,21.14,20.81,8.3,17.85,17.14,17.28,False
b81fa956bfd84063b59401acce77dc12,scene-0061,day,traffic cone,movable_object.trafficcone,labelled outline,v40-60,32.9,35.82,35.54,6.72,32.19,29.71,31.08,False
95c58e12ca3d488b8101ff7f15737eb8,scene-0061,day,traffic cone,movable_object.trafficcone,labelled outline,v80-100,125.2,9.14,8.84,1.36,10.51,8.94,9.09,False
95c58e12ca3d488b8101ff7f15737eb8,scene-0061,day,traffic cone,movable_object.trafficcone,labelled outline,v80-100,72.0,14.06,13.78,1.03,15.34,13.71,13.94,True
95c58e12ca3d488b8101ff7f15737eb8,scene-0061,day,traffic cone,movable_object.trafficcone,labelled outline,v80-100,41.9,27.14,26.86,8.19,23.69,22.34,22.74,False
95c58e12ca3d488b8101ff7f15737eb8,scene-0061,day,traffic cone,movable_object.trafficcone,labelled outline,v80-100,45.2,25.63,25.3,8.2,22.81,20.98,21.35,False
95c58e12ca3d488b8101ff7f15737eb8,scene-0061,day,traffic cone,movable_object.trafficcone,labelled outline,v80-100,32.4,32.78,32.51,7.84,29.32,27.59,28.42,False
95c58e12ca3d488b8101ff7f15737eb8,scene-0061,day,traffic cone,movable_object.trafficcone,labelled outline,v80-100,39.4,29.68,29.38,7.98,26.78,25.02,25.93,False
95c58e12ca3d488b8101ff7f15737eb8,scene-0061,day,traffic cone,movable_object.trafficcone,labelled outline,v80-100,32.5,33.61,33.34,7.63,30.06,28.25,29.07,False
95c58e12ca3d488b8101ff7f15737eb8,scene-0061,day,traffic cone,movable_object.trafficcone,labelled outline,v80-100,27.7,35.77,35.52,6.75,35.82,29.92,32.11,False
95c58e12ca3d488b8101ff7f15737eb8,scene-0061,day,traffic cone,movable_object.trafficcone,labelled outline,v80-100,66.0,17.98,17.61,8.76,16.65,13.6,13.91,False
95c58e12ca3d488b8101ff7f15737eb8,scene-0061,day,traffic cone,movable_object.trafficcone,labelled outline,v80-100,52.3,21.54,21.22,8.55,16.36,15.91,16.02,False
95c58e12ca3d488b8101ff7f15737eb8,scene-0061,day,traffic cone,movable_object.trafficcone,labelled outline,v80-100,49.3,20.02,19.76,0.8,18.45,6.9,6.95,True
95c58e12ca3d488b8101ff7f15737eb8,scene-0061,day,traffic cone,movable_object.trafficcone,labelled outline,v80-100,219.6,4.95,4.61,1.61,5.96,4.4,4.7,False
95c58e12ca3d488b8101ff7f15737eb8,scene-0061,day,traffic cone,movable_object.trafficcone,labelled outline,v80-100,38.2,28.44,28.11,8.01,25.75,23.57,24.59,False
95c58e12ca3d488b8101ff7f15737eb8,scene-0061,day,traffic cone,movable_object.trafficcone,labelled outline,v80-100,37.2,30.86,30.55,7.93,27.77,26.07,26.82,False
95c58e12ca3d488b8101ff7f15737eb8,scene-0061,day,traffic cone,movable_object.trafficcone,labelled outline,v80-100,53.6,20.23,19.9,8.63,16.02,15.61,15.7,False
95c58e12ca3d488b8101ff7f15737eb8,scene-0061,day,traffic cone,movable_object.trafficcone,labelled outline,v40-60,34.1,34.81,34.52,7.31,31.56,29.39,30.22,False
5979f20786b745c5b05c21d8badc2ed8,scene-0061,day,traffic cone,movable_object.trafficcone,labelled outline,v80-100,147.0,7.94,7.63,1.42,9.06,7.57,7.66,False
5979f20786b745c5b05c21d8badc2ed8,scene-0061,day,traffic cone,movable_object.trafficcone,labelled outline,v80-100,79.4,12.83,12.55,1.14,13.95,12.34,12.56,True
5979f20786b745c5b05c21d8badc2ed8,scene-0061,day,traffic cone,movable_object.trafficcone,labelled outline,v80-100,44.2,25.96,25.68,8.36,23.13,20.93,21.57,False
5979f20786b745c5b05c21d8badc2ed8,scene-0061,day,traffic cone,movable_object.trafficcone,labelled outline,v80-100,47.8,24.47,24.13,8.38,21.86,19.85,20.16,False
5979f20786b745c5b05c21d8badc2ed8,scene-0061,day,traffic cone,movable_object.trafficcone,labelled outline,v80-100,33.8,31.57,31.29,8.07,28.13,26.13,27.14,False
5979f20786b745c5b05c21d8badc2ed8,scene-0061,day,traffic cone,movable_object.trafficcone,labelled outline,v80-100,41.3,28.51,28.2,8.21,24.92,22.85,23.7,False
5979f20786b745c5b05c21d8badc2ed8,scene-0061,day,traffic cone,movable_object.trafficcone,labelled outline,v80-100,33.8,32.42,32.14,7.87,28.58,26.97,27.54,False
5979f20786b745c5b05c21d8badc2ed8,scene-0061,day,traffic cone,movable_object.trafficcone,labelled outline,v80-100,28.8,34.56,34.31,7.0,34.63,29.73,31.89,False
5979f20786b745c5b05c21d8badc2ed8,scene-0061,day,traffic cone,movable_object.trafficcone,labelled outline,v80-100,56.0,20.42,20.1,8.69,16.13,15.78,15.9,False
5979f20786b745c5b05c21d8badc2ed8,scene-0061,day,traffic cone,movable_object.trafficcone,labelled outline,v80-100,52.7,18.79,18.52,0.95,17.31,15.97,16.83,True
5979f20786b745c5b05c21d8badc2ed8,scene-0061,day,traffic cone,movable_object.trafficcone,labelled outline,v80-100,148.8,3.84,3.49,1.65,5.63,4.45,4.92,False
5979f20786b745c5b05c21d8badc2ed8,scene-0061,day,traffic cone,movable_object.trafficcone,labelled outline,v80-100,40.1,27.3,26.97,8.26,23.78,22.09,22.75,False
5979f20786b745c5b05c21d8badc2ed8,scene-0061,day,traffic cone,movable_object.trafficcone,labelled outline,v80-100,39.0,29.67,29.36,8.15,26.68,24.32,25.01,False
5979f20786b745c5b05c21d8badc2ed8,scene-0061,day,traffic cone,movable_object.trafficcone,labelled outline,v80-100,58.1,19.08,18.75,8.76,15.06,14.62,14.87,False
5979f20786b745c5b05c21d8badc2ed8,scene-0061,day,traffic cone,movable_object.trafficcone,labelled outline,v40-60,35.4,33.6,33.32,7.54,31.24,28.87,29.44,False
64fcc224844b41179faa673670804b54,scene-0061,day,traffic cone,movable_object.trafficcone,labelled outline,v80-100,176.0,6.79,6.47,1.44,7.75,6.53,6.62,False
64fcc224844b41179faa673670804b54,scene-0061,day,traffic cone,movable_object.trafficcone,labelled outline,v80-100,45.0,22.31,22.03,0.93,20.22,19.1,19.82,True
64fcc224844b41179faa673670804b54,scene-0061,day,traffic cone,movable_object.trafficcone,labelled outline,v80-100,87.9,11.65,11.38,1.17,12.93,11.13,11.33,True
64fcc224844b41179faa673670804b54,scene-0061,day,traffic cone,movable_object.trafficcone,labelled outline,v80-100,46.5,24.83,24.55,8.42,20.46,19.07,19.51,False
64fcc224844b41179faa673670804b54,scene-0061,day,traffic cone,movable_object.trafficcone,labelled outline,v80-100,50.5,23.36,23.03,8.44,19.98,17.8,18.29,False
64fcc224844b41179faa673670804b54,scene-0061,day,traffic cone,movable_object.trafficcone,labelled outline,v80-100,35.2,30.41,30.14,8.15,25.3,23.66,24.3,False
64fcc224844b41179faa673670804b54,scene-0061,day,traffic cone,movable_object.trafficcone,labelled outline,v80-100,43.2,27.38,27.08,8.31,23.08,21.28,22.16,False
64fcc224844b41179faa673670804b54,scene-0061,day,traffic cone,movable_object.trafficcone,labelled outline,v80-100,35.1,31.28,31.0,7.96,25.33,24.03,24.53,False
64fcc224844b41179faa673670804b54,scene-0061,day,traffic cone,movable_object.trafficcone,labelled outline,v80-100,29.9,33.41,33.16,7.09,29.84,26.19,27.77,False
64fcc224844b41179faa673670804b54,scene-0061,day,traffic cone,movable_object.trafficcone,labelled outline,v60-80,56.8,21.77,21.47,8.53,13.7,13.47,13.52,False
64fcc224844b41179faa673670804b54,scene-0061,day,traffic cone,movable_object.trafficcone,labelled outline,v80-100,60.2,19.36,19.04,8.74,14.44,13.63,13.92,False
64fcc224844b41179faa673670804b54,scene-0061,day,traffic cone,movable_object.trafficcone,labelled outline,v80-100,56.3,17.61,17.34,1.0,17.79,15.78,16.09,True
64fcc224844b41179faa673670804b54,scene-0061,day,traffic cone,movable_object.trafficcone,labelled outline,v80-100,42.0,26.2,25.87,8.33,22.81,20.15,21.13,False
64fcc224844b41179faa673670804b54,scene-0061,day,traffic cone,movable_object.trafficcone,labelled outline,v80-100,35.2,28.65,28.37,0.72,20.16,7.18,7.32,True
64fcc224844b41179faa673670804b54,scene-0061,day,traffic cone,movable_object.trafficcone,labelled outline,v80-100,40.7,28.54,28.22,8.23,23.84,22.07,22.84,False
64fcc224844b41179faa673670804b54,scene-0061,day,traffic cone,movable_object.trafficcone,labelled outline,v80-100,63.0,18.01,17.67,8.81,13.85,13.34,13.57,False
64fcc224844b41179faa673670804b54,scene-0061,day,traffic cone,movable_object.trafficcone,labelled outline,v40-60,36.8,32.45,32.16,7.61,26.91,25.02,25.74,False
174d78fa966f42f9a9732ff84de02418,scene-0061,day,traffic cone,movable_object.trafficcone,labelled outline,v80-100,217.9,5.67,5.35,1.45,6.39,5.22,5.31,False
174d78fa966f42f9a9732ff84de02418,scene-0061,day,traffic cone,movable_object.trafficcone,labelled outline,v80-100,47.5,21.14,20.87,0.97,19.02,18.08,18.26,True
174d78fa966f42f9a9732ff84de02418,scene-0061,day,traffic cone,movable_object.trafficcone,labelled outline,v80-100,98.4,10.5,10.22,1.19,11.31,10.04,10.24,True
174d78fa966f42f9a9732ff84de02418,scene-0061,day,traffic cone,movable_object.trafficcone,labelled outline,v80-100,49.0,23.73,23.45,8.44,19.84,18.21,18.51,False
174d78fa966f42f9a9732ff84de02418,scene-0061,day,traffic cone,movable_object.trafficcone,labelled outline,v80-100,53.4,22.29,21.95,8.48,19.69,16.93,17.2,False
174d78fa966f42f9a9732ff84de02418,scene-0061,day,traffic cone,movable_object.trafficcone,labelled outline,v80-100,36.5,29.39,29.11,8.2,24.5,22.66,23.29,False
174d78fa966f42f9a9732ff84de02418,scene-0061,day,traffic cone,movable_object.trafficcone,labelled outline,v80-100,45.1,26.35,26.05,8.35,20.99,19.91,20.39,False
174d78fa966f42f9a9732ff84de02418,scene-0061,day,traffic cone,movable_object.trafficcone,labelled outline,v80-100,36.6,30.15,29.88,8.02,24.21,23.16,23.43,False
174d78fa966f42f9a9732ff84de02418,scene-0061,day,traffic cone,movable_object.trafficcone,labelled outline,v80-100,24.2,55.25,54.96,0.0,7.44,7.13,7.22,True
174d78fa966f42f9a9732ff84de02418,scene-0061,day,traffic cone,movable_object.trafficcone,labelled outline,v80-100,31.0,32.27,32.02,7.14,28.31,25.58,26.96,False
174d78fa966f42f9a9732ff84de02418,scene-0061,day,traffic cone,movable_object.trafficcone,labelled outline,v80-100,28.6,37.06,36.77,0.49,26.39,18.36,24.33,True
174d78fa966f42f9a9732ff84de02418,scene-0061,day,traffic cone,movable_object.trafficcone,labelled outline,v80-100,60.5,20.7,20.41,8.56,14.3,12.13,12.26,False
174d78fa966f42f9a9732ff84de02418,scene-0061,day,traffic cone,movable_object.trafficcone,labelled outline,v80-100,29.7,33.32,33.05,0.55,25.93,23.41,24.61,True
174d78fa966f42f9a9732ff84de02418,scene-0061,day,traffic cone,movable_object.trafficcone,labelled outline,v80-100,64.3,18.42,18.1,8.76,12.55,12.27,12.43,False
174d78fa966f42f9a9732ff84de02418,scene-0061,day,traffic cone,movable_object.trafficcone,labelled outline,v80-100,60.4,16.45,16.18,1.02,16.62,14.85,15.05,True
174d78fa966f42f9a9732ff84de02418,scene-0061,day,traffic cone,movable_object.trafficcone,labelled outline,v80-100,43.9,25.22,24.9,8.39,21.08,19.39,20.1,False
174d78fa966f42f9a9732ff84de02418,scene-0061,day,traffic cone,movable_object.trafficcone,labelled outline,v80-100,36.7,27.48,27.2,0.77,23.46,22.18,22.65,True
174d78fa966f42f9a9732ff84de02418,scene-0061,day,traffic cone,movable_object.trafficcone,labelled outline,v80-100,42.4,27.53,27.21,8.27,21.6,20.52,20.97,False
174d78fa966f42f9a9732ff84de02418,scene-0061,day,traffic cone,movable_object.trafficcone,labelled outline,v80-100,68.5,16.97,16.63,8.83,13.87,12.25,12.67,False
174d78fa966f42f9a9732ff84de02418,scene-0061,day,traffic cone,movable_object.trafficcone,labelled outline,v40-60,38.2,31.31,31.03,7.65,27.39,24.64,26.19,False
3789c6c9d01449e7baf981a6f185825d,scene-0061,day,traffic cone,movable_object.trafficcone,labelled outline,v80-100,213.8,4.56,4.23,1.45,5.58,4.01,4.54,False
3789c6c9d01449e7baf981a6f185825d,scene-0061,day,traffic cone,movable_object.trafficcone,labelled outline,v80-100,50.5,19.97,19.69,0.97,19.27,17.88,18.21,True
3789c6c9d01449e7baf981a6f185825d,scene-0061,day,traffic cone,movable_object.trafficcone,labelled outline,v80-100,112.1,9.33,9.05,1.19,10.14,8.98,9.12,True
3789c6c9d01449e7baf981a6f185825d,scene-0061,day,traffic cone,movable_object.trafficcone,labelled outline,v80-100,52.0,22.63,22.34,8.45,19.97,17.57,17.87,False
3789c6c9d01449e7baf981a6f185825d,scene-0061,day,traffic cone,movable_object.trafficcone,labelled outline,v80-100,57.0,21.21,20.87,8.48,19.66,16.38,16.73,False
3789c6c9d01449e7baf981a6f185825d,scene-0061,day,traffic cone,movable_object.trafficcone,labelled outline,v80-100,38.4,28.19,27.91,8.2,23.7,22.13,22.67,False
3789c6c9d01449e7baf981a6f185825d,scene-0061,day,traffic cone,movable_object.trafficcone,labelled outline,v80-100,47.6,25.18,24.87,8.37,22.07,19.74,20.72,False
3789c6c9d01449e7baf981a6f185825d,scene-0061,day,traffic cone,movable_object.trafficcone,labelled outline,v80-100,38.2,29.03,28.75,8.03,23.28,22.37,22.67,False
3789c6c9d01449e7baf981a6f185825d,scene-0061,day,traffic cone,movable_object.trafficcone,labelled outline,v80-100,32.3,31.12,30.88,7.14,28.95,24.96,26.92,False
3789c6c9d01449e7baf981a6f185825d,scene-0061,day,traffic cone,movable_object.trafficcone,labelled outline,v80-100,29.6,35.88,35.59,0.5,28.9,26.52,27.33,True
3789c6c9d01449e7baf981a6f185825d,scene-0061,day,traffic cone,movable_object.trafficcone,labelled outline,v80-100,64.9,19.64,19.34,8.55,15.87,14.71,15.24,False
3789c6c9d01449e7baf981a6f185825d,scene-0061,day,traffic cone,movable_object.trafficcone,labelled outline,v80-100,20.0,58.43,58.16,0.0,42.48,39.58,40.65,True
3789c6c9d01449e7baf981a6f185825d,scene-0061,day,traffic cone,movable_object.trafficcone,labelled outline,v80-100,30.9,32.15,31.87,0.56,26.87,24.38,25.72,True
3789c6c9d01449e7baf981a6f185825d,scene-0061,day,traffic cone,movable_object.trafficcone,labelled outline,v80-100,70.1,17.35,17.03,8.76,12.64,11.62,11.77,False
3789c6c9d01449e7baf981a6f185825d,scene-0061,day,traffic cone,movable_object.trafficcone,labelled outline,v80-100,65.4,15.28,15.01,1.03,15.97,14.25,14.64,True
3789c6c9d01449e7baf981a6f185825d,scene-0061,day,traffic cone,movable_object.trafficcone,labelled outline,v80-100,46.4,24.1,23.77,8.41,20.66,18.86,19.09,False
3789c6c9d01449e7baf981a6f185825d,scene-0061,day,traffic cone,movable_object.trafficcone,labelled outline,v80-100,38.5,26.3,26.02,0.78,23.75,22.17,22.89,True
3789c6c9d01449e7baf981a6f185825d,scene-0061,day,traffic cone,movable_object.trafficcone,labelled outline,v80-100,44.5,26.39,26.08,8.28,21.92,20.77,21.15,False
3789c6c9d01449e7baf981a6f185825d,scene-0061,day,traffic cone,movable_object.trafficcone,labelled outline,v40-60,39.9,30.18,29.9,7.67,24.81,23.54,23.87,False
3789c6c9d01449e7baf981a6f185825d,scene-0061,day,traffic cone,movable_object.trafficcone,labelled outline,v80-100,20.7,49.67,49.36,0.0,40.42,37.61,38.86,True
518c6dcad243448abf03cf28b2b09d60,scene-0061,day,traffic cone,movable_object.trafficcone,labelled outline,v80-100,137.5,3.56,3.21,1.49,5.03,3.98,4.45,False
518c6dcad243448abf03cf28b2b09d60,scene-0061,day,traffic cone,movable_object.trafficcone,labelled outline,v80-100,53.7,18.85,18.58,1.14,19.01,17.1,17.42,True
518c6dcad243448abf03cf28b2b09d60,scene-0061,day,traffic cone,movable_object.trafficcone,labelled outline,v80-100,129.0,8.23,7.95,1.26,8.75,7.58,7.72,False
518c6dcad243448abf03cf28b2b09d60,scene-0061,day,traffic cone,movable_object.trafficcone,labelled outline,v80-100,55.3,21.59,21.31,8.62,18.5,16.76,17.01,False
518c6dcad243448abf03cf28b2b09d60,scene-0061,day,traffic cone,movable_object.trafficcone,labelled outline,v80-100,60.9,20.2,19.86,8.63,18.04,15.64,15.85,False
518c6dcad243448abf03cf28b2b09d60,scene-0061,day,traffic cone,movable_object.trafficcone,labelled outline,v80-100,40.3,27.06,26.78,8.42,22.48,21.28,21.88,False
518c6dcad243448abf03cf28b2b09d60,scene-0061,day,traffic cone,movable_object.trafficcone,labelled outline,v80-100,50.2,24.13,23.83,8.56,20.25,19.21,19.48,False
518c6dcad243448abf03cf28b2b09d60,scene-0061,day,traffic cone,movable_object.trafficcone,labelled outline,v80-100,40.0,27.96,27.69,8.26,22.73,22.0,22.25,False
518c6dcad243448abf03cf28b2b09d60,scene-0061,day,traffic cone,movable_object.trafficcone,labelled outline,v80-100,33.6,30.05,29.8,7.42,30.56,25.15,27.15,False
518c6dcad243448abf03cf28b2b09d60,scene-0061,day,traffic cone,movable_object.trafficcone,labelled outline,v80-100,30.6,34.77,34.47,0.79,29.14,26.31,27.29,True
518c6dcad243448abf03cf28b2b09d60,scene-0061,day,traffic cone,movable_object.trafficcone,labelled outline,v80-100,69.8,18.67,18.36,8.72,16.33,14.05,14.57,False
518c6dcad243448abf03cf28b2b09d60,scene-0061,day,traffic cone,movable_object.trafficcone,labelled outline,v80-100,20.4,57.32,57.04,0.23,49.85,44.9,46.99,True
518c6dcad243448abf03cf28b2b09d60,scene-0061,day,traffic cone,movable_object.trafficcone,labelled outline,v80-100,32.0,31.03,30.76,0.82,26.93,24.25,25.54,True
518c6dcad243448abf03cf28b2b09d60,scene-0061,day,traffic cone,movable_object.trafficcone,labelled outline,v80-100,71.0,14.16,13.89,1.15,14.81,13.12,13.46,True
518c6dcad243448abf03cf28b2b09d60,scene-0061,day,traffic cone,movable_object.trafficcone,labelled outline,v80-100,49.2,23.04,22.71,8.6,20.05,18.2,18.61,False
518c6dcad243448abf03cf28b2b09d60,scene-0061,day,traffic cone,movable_object.trafficcone,labelled outline,v80-100,40.3,25.18,24.89,1.0,23.18,21.99,22.43,True
518c6dcad243448abf03cf28b2b09d60,scene-0061,day,traffic cone,movable_object.trafficcone,labelled outline,v80-100,46.9,25.33,25.01,8.49,20.66,19.69,19.94,False
518c6dcad243448abf03cf28b2b09d60,scene-0061,day,traffic cone,movable_object.trafficcone,labelled outline,v40-60,41.6,29.11,28.83,7.92,25.07,22.94,23.27,False
518c6dcad243448abf03cf28b2b09d60,scene-0061,day,traffic cone,movable_object.trafficcone,labelled outline,v80-100,21.9,60.93,60.62,0.0,53.29,49.48,51.33,True
de48c26fdae74181bf94ee9cd7d5f61f,scene-0061,day,traffic cone,movable_object.trafficcone,labelled outline,v80-100,57.4,17.73,17.45,1.66,17.56,16.08,16.28,False
de48c26fdae74181bf94ee9cd7d5f61f,scene-0061,day,traffic cone,movable_object.trafficcone,labelled outline,v80-100,153.2,7.14,6.85,1.5,7.31,6.25,6.35,False
de48c26fdae74181bf94ee9cd7d5f61f,scene-0061,day,traffic cone,movable_object.trafficcone,labelled outline,v80-100,59.6,20.57,20.29,9.16,17.85,16.04,16.2,False
de48c26fdae74181bf94ee9cd7d5f61f,scene-0061,day,traffic cone,movable_object.trafficcone,labelled outline,v80-100,66.1,19.22,18.88,9.13,17.71,14.97,15.57,False
de48c26fdae74181bf94ee9cd7d5f61f,scene-0061,day,traffic cone,movable_object.trafficcone,labelled outline,v80-100,42.6,26.01,25.72,9.12,21.93,20.91,21.3,False
de48c26fdae74181bf94ee9cd7d5f61f,scene-0061,day,traffic cone,movable_object.trafficcone,labelled outline,v80-100,53.6,23.11,22.8,9.18,20.13,18.38,18.96,False
de48c26fdae74181bf94ee9cd7d5f61f,scene-0061,day,traffic cone,movable_object.trafficcone,labelled outline,v80-100,42.2,26.91,26.63,8.99,22.49,21.7,21.99,False
de48c26fdae74181bf94ee9cd7d5f61f,scene-0061,day,traffic cone,movable_object.trafficcone,labelled outline,v80-100,35.3,28.98,28.72,8.22,26.44,24.51,25.26,False
de48c26fdae74181bf94ee9cd7d5f61f,scene-0061,day,traffic cone,movable_object.trafficcone,labelled outline,v80-100,31.7,33.64,33.35,1.72,30.1,27.43,28.49,False
de48c26fdae74181bf94ee9cd7d5f61f,scene-0061,day,traffic cone,movable_object.trafficcone,labelled outline,v80-100,76.4,17.72,17.42,9.2,17.15,13.68,14.78,False
de48c26fdae74181bf94ee9cd7d5f61f,scene-0061,day,traffic cone,movable_object.trafficcone,labelled outline,v80-100,20.8,56.19,55.91,1.78,47.88,44.78,45.98,False
de48c26fdae74181bf94ee9cd7d5f61f,scene-0061,day,traffic cone,movable_object.trafficcone,labelled outline,v80-100,33.3,29.91,29.63,1.66,27.79,25.1,26.27,False
de48c26fdae74181bf94ee9cd7d5f61f,scene-0061,day,traffic cone,movable_object.trafficcone,labelled outline,v80-100,77.7,13.04,12.77,1.54,14.26,12.12,12.35,False
de48c26fdae74181bf94ee9cd7d5f61f,scene-0061,day,traffic cone,movable_object.trafficcone,labelled outline,v80-100,52.8,22.0,21.67,9.19,19.55,17.71,18.14,False
de48c26fdae74181bf94ee9cd7d5f61f,scene-0061,day,traffic cone,movable_object.trafficcone,labelled outline,v80-100,42.4,24.05,23.76,1.69,22.7,21.62,22.14,False
de48c26fdae74181bf94ee9cd7d5f61f,scene-0061,day,traffic cone,movable_object.trafficcone,labelled outline,v80-100,49.8,24.27,23.95,9.14,21.86,19.34,19.63,False
de48c26fdae74181bf94ee9cd7d5f61f,scene-0061,day,traffic cone,movable_object.trafficcone,labelled outline,v40-60,43.8,28.05,27.76,8.69,24.98,23.05,23.34,False
8efbcbcd8e4848eda3f213f562191f2a,scene-0061,day,traffic cone,movable_object.trafficcone,labelled outline,v80-100,62.5,16.53,16.24,2.55,17.19,15.1,15.35,False
8efbcbcd8e4848eda3f213f562191f2a,scene-0061,day,traffic cone,movable_object.trafficcone,labelled outline,v80-100,195.0,5.99,5.69,1.87,5.86,5.02,5.12,False
8efbcbcd8e4848eda3f213f562191f2a,scene-0061,day,traffic cone,movable_object.trafficcone,labelled outline,v80-100,66.1,19.53,19.24,10.08,19.35,15.14,16.53,False
8efbcbcd8e4848eda3f213f562191f2a,scene-0061,day,traffic cone,movable_object.trafficcone,labelled outline,v80-100,46.0,24.91,24.62,10.33,20.35,19.66,19.84,False
8efbcbcd8e4848eda3f213f562191f2a,scene-0061,day,traffic cone,movable_object.trafficcone,labelled outline,v80-100,58.6,22.05,21.73,10.24,18.71,16.74,16.96,False
8efbcbcd8e4848eda3f213f562191f2a,scene-0061,day,traffic cone,movable_object.trafficcone,labelled outline,v80-100,45.4,25.8,25.52,10.26,20.57,19.98,20.13,False
8efbcbcd8e4848eda3f213f562191f2a,scene-0061,day,traffic cone,movable_object.trafficcone,labelled outline,v80-100,37.6,27.84,27.59,9.59,25.33,22.78,23.82,False
8efbcbcd8e4848eda3f213f562191f2a,scene-0061,day,traffic cone,movable_object.trafficcone,labelled outline,v80-100,33.0,32.42,32.13,3.38,29.14,26.85,27.51,False
8efbcbcd8e4848eda3f213f562191f2a,scene-0061,day,traffic cone,movable_object.trafficcone,labelled outline,v80-100,35.0,28.7,28.41,3.15,27.45,25.65,26.48,False
8efbcbcd8e4848eda3f213f562191f2a,scene-0061,day,traffic cone,movable_object.trafficcone,labelled outline,v80-100,87.5,11.85,11.57,2.2,12.89,10.89,11.14,False
8efbcbcd8e4848eda3f213f562191f2a,scene-0061,day,traffic cone,movable_object.trafficcone,labelled outline,v80-100,58.1,20.94,20.59,10.19,19.01,16.11,16.48,False
8efbcbcd8e4848eda3f213f562191f2a,scene-0061,day,traffic cone,movable_object.trafficcone,labelled outline,v80-100,45.1,22.84,22.55,2.88,22.41,20.58,20.88,False
8efbcbcd8e4848eda3f213f562191f2a,scene-0061,day,traffic cone,movable_object.trafficcone,labelled outline,v80-100,54.2,23.18,22.85,10.26,20.55,18.11,18.42,False
8efbcbcd8e4848eda3f213f562191f2a,scene-0061,day,traffic cone,movable_object.trafficcone,labelled outline,v60-80,46.8,26.93,26.64,10.02,23.58,21.14,21.5,False
8efbcbcd8e4848eda3f213f562191f2a,scene-0061,day,traffic cone,movable_object.trafficcone,labelled outline,v60-80,22.7,63.23,62.88,4.75,65.9,59.08,61.38,False
6c8111f474b943f589b4da1e3444c1c0,scene-0061,day,traffic cone,movable_object.trafficcone,labelled outline,v80-100,70.3,15.17,14.87,3.76,15.72,13.77,13.94,False
6c8111f474b943f589b4da1e3444c1c0,scene-0061,day,traffic cone,movable_object.trafficcone,labelled outline,v80-100,177.1,4.77,4.44,2.32,5.45,4.47,4.81,False
6c8111f474b943f589b4da1e3444c1c0,scene-0061,day,traffic cone,movable_object.trafficcone,labelled outline,v80-100,27.0,40.56,40.27,6.86,37.07,33.08,34.77,False
6c8111f474b943f589b4da1e3444c1c0,scene-0061,day,traffic cone,movable_object.trafficcone,labelled outline,v80-100,51.5,23.7,23.41,11.97,19.32,18.98,19.12,False
6c8111f474b943f589b4da1e3444c1c0,scene-0061,day,traffic cone,movable_object.trafficcone,labelled outline,v80-100,41.3,26.55,26.29,11.42,23.29,20.91,21.15,False
6c8111f474b943f589b4da1e3444c1c0,scene-0061,day,traffic cone,movable_object.trafficcone,labelled outline,v80-100,35.1,31.02,30.72,5.72,26.89,24.68,25.33,False
6c8111f474b943f589b4da1e3444c1c0,scene-0061,day,traffic cone,movable_object.trafficcone,labelled outline,v80-100,37.4,27.3,27.01,5.24,25.38,24.39,24.68,False
6c8111f474b943f589b4da1e3444c1c0,scene-0061,day,traffic cone,movable_object.trafficcone,labelled outline,v80-100,103.8,10.5,10.21,3.07,10.81,9.27,9.42,False
6c8111f474b943f589b4da1e3444c1c0,scene-0061,day,traffic cone,movable_object.trafficcone,labelled outline,v60-80,51.8,25.69,25.39,11.84,23.1,20.69,21.09,False
6c8111f474b943f589b4da1e3444c1c0,scene-0061,day,traffic cone,movable_object.trafficcone,labelled outline,v80-100,32.0,36.1,35.8,6.31,32.77,28.07,30.23,False
bf8c213cfaad4861907cd2677dc2dbcd,scene-0061,day,traffic cone,movable_object.trafficcone,labelled outline,v80-100,77.4,14.2,13.9,4.75,14.14,12.6,12.8,False
bf8c213cfaad4861907cd2677dc2dbcd,scene-0061,day,traffic cone,movable_object.trafficcone,labelled outline,v80-100,28.0,39.57,39.27,9.49,36.79,33.77,35.24,False
bf8c213cfaad4861907cd2677dc2dbcd,scene-0061,day,traffic cone,movable_object.trafficcone,labelled outline,v80-100,44.6,25.69,25.43,13.01,18.02,17.56,17.66,False
bf8c213cfaad4861907cd2677dc2dbcd,scene-0061,day,traffic cone,movable_object.trafficcone,labelled outline,v80-100,39.4,26.32,26.03,7.02,24.39,23.57,23.71,False
bf8c213cfaad4861907cd2677dc2dbcd,scene-0061,day,traffic cone,movable_object.trafficcone,labelled outline,v80-100,120.0,9.58,9.28,3.77,9.42,7.95,8.1,False
bf8c213cfaad4861907cd2677dc2dbcd,scene-0061,day,traffic cone,movable_object.trafficcone,labelled outline,v60-80,27.0,68.04,67.65,14.72,70.52,58.19,63.21,False
bf8c213cfaad4861907cd2677dc2dbcd,scene-0061,day,traffic cone,movable_object.trafficcone,labelled outline,v80-100,24.1,64.33,63.97,13.93,69.6,58.74,63.3,False
bf8c213cfaad4861907cd2677dc2dbcd,scene-0061,day,traffic cone,movable_object.trafficcone,labelled outline,v80-100,33.2,35.11,34.81,8.65,33.89,28.34,30.58,False
054c2431ba324912bb4799b9217f5b7b,scene-0103,day,traffic cone,movable_object.trafficcone,labelled outline,v80-100,29.7,33.76,33.59,6.65,33.64,32.52,33.12,False
94449679456646028efd31ec73c6ae47,scene-0103,day,traffic cone,movable_object.trafficcone,labelled outline,v80-100,34.2,29.39,29.21,6.16,28.75,28.24,28.4,False
350b563e0523486391eba9d010337e2d,scene-0103,day,traffic cone,movable_object.trafficcone,labelled outline,v80-100,40.5,25.0,24.82,5.99,24.33,23.81,24.0,False
3d1b68481c894b0c84291b7d923e2e23,scene-0103,day,traffic cone,movable_object.trafficcone,labelled outline,v80-100,49.9,20.74,20.55,6.01,20.49,19.51,19.77,False
579c17cec3f94f0cbb84b8b95590841c,scene-0103,day,traffic cone,movable_object.trafficcone,labelled outline,v80-100,62.7,17.0,16.81,6.0,17.83,16.53,16.77,False
f9b9612d1bec41cf974eb41c202759f7,scene-0103,day,traffic cone,movable_object.trafficcone,labelled outline,v80-100,79.7,13.94,13.75,5.93,14.67,13.34,13.5,False
c6de74ea1ed34b1fa6e084304bfdc184,scene-0103,day,traffic cone,movable_object.trafficcone,labelled outline,v80-100,96.7,12.05,11.85,5.89,12.49,11.31,11.48,False
ae6645e8bf474b65b19a69bf71fe90a3,scene-0103,day,traffic cone,movable_object.trafficcone,labelled outline,v80-100,67.4,18.51,18.26,7.37,15.45,15.17,15.22,False
87723668b00f419ba263ab062d14bd13,scene-0103,day,traffic cone,movable_object.trafficcone,labelled outline,v80-100,88.6,15.07,14.82,7.42,11.97,11.54,11.77,False
d5061556971945c2afc03dbfdc3bc1a6,scene-0103,day,traffic cone,movable_object.trafficcone,labelled outline,v80-100,71.4,16.36,16.14,7.3,14.38,13.37,13.63,False
2d3b48e3840244c7b681cb6e63e2c123,scene-0103,day,traffic cone,movable_object.trafficcone,labelled outline,v80-100,93.4,13.56,13.36,7.27,11.04,10.57,10.74,False
7d017f5a0bda42e0968d127852faac11,scene-0655,day,traffic cone,movable_object.trafficcone,labelled outline,v80-100,45.3,30.98,30.68,10.24,28.06,26.79,27.42,False
7689f1f8b5d5419cab590af0ddc27942,scene-0655,day,traffic cone,movable_object.trafficcone,labelled outline,v80-100,52.7,27.26,26.94,10.04,25.29,23.52,24.08,False
3318c79c35d349fbb576dc709b78ade5,scene-0655,day,traffic cone,movable_object.trafficcone,labelled outline,v80-100,63.5,23.51,23.18,10.05,21.65,19.17,20.4,False
23377008bf0e4963b2f250660894e337,scene-0655,day,traffic cone,movable_object.trafficcone,labelled outline,v80-100,79.8,19.78,19.45,10.03,22.72,16.7,18.02,False
1a91b5a0d17840ac98fcd256523bf9ad,scene-0655,day,traffic cone,movable_object.trafficcone,labelled outline,v80-100,19.3,47.53,47.33,8.51,44.77,41.85,43.15,False
1a91b5a0d17840ac98fcd256523bf9ad,scene-0655,day,traffic cone,movable_object.trafficcone,labelled outline,v80-100,18.5,50.16,49.95,5.37,48.55,46.65,48.17,False
e5237a3e9a6c4f7793b6381fd5c6c4e5,scene-0655,day,traffic cone,movable_object.trafficcone,labelled outline,v80-100,21.0,43.94,43.74,7.99,41.09,37.99,39.53,False
e5237a3e9a6c4f7793b6381fd5c6c4e5,scene-0655,day,traffic cone,movable_object.trafficcone,labelled outline,v80-100,20.0,46.53,46.31,4.83,43.82,42.53,43.7,False
7c5a49ef75ba4c0b8b56146112b55b91,scene-0655,day,traffic cone,movable_object.trafficcone,labelled outline,v80-100,22.6,40.74,40.55,7.59,38.17,36.12,37.14,False
7c5a49ef75ba4c0b8b56146112b55b91,scene-0655,day,traffic cone,movable_object.trafficcone,labelled outline,v80-100,21.5,43.28,43.07,4.4,41.14,39.99,40.97,False
7c5a49ef75ba4c0b8b56146112b55b91,scene-0655,day,traffic cone,movable_object.trafficcone,labelled outline,v80-100,27.2,34.59,34.42,8.88,34.65,33.53,34.41,False
7c5a49ef75ba4c0b8b56146112b55b91,scene-0655,day,traffic cone,movable_object.trafficcone,labelled outline,v80-100,21.3,43.17,42.97,4.93,41.25,39.77,40.9,False
7c5a49ef75ba4c0b8b56146112b55b91,scene-0655,day,traffic cone,movable_object.trafficcone,labelled outline,v80-100,22.9,40.32,40.07,6.77,37.59,35.83,36.69,False
0d6e66783980495e8fad51cec76bb44d,scene-0655,day,traffic cone,movable_object.trafficcone,labelled outline,v80-100,24.6,37.71,37.52,7.29,35.02,33.92,34.63,False
0d6e66783980495e8fad51cec76bb44d,scene-0655,day,traffic cone,movable_object.trafficcone,labelled outline,v80-100,23.2,40.2,39.98,4.09,38.82,37.57,38.52,False
0d6e66783980495e8fad51cec76bb44d,scene-0655,day,traffic cone,movable_object.trafficcone,labelled outline,v80-100,30.1,31.62,31.44,8.66,30.98,29.78,30.13,False
0d6e66783980495e8fad51cec76bb44d,scene-0655,day,traffic cone,movable_object.trafficcone,labelled outline,v80-100,23.0,40.11,39.9,4.6,39.1,37.58,38.65,False
0d6e66783980495e8fad51cec76bb44d,scene-0655,day,traffic cone,movable_object.trafficcone,labelled outline,v80-100,24.9,37.27,37.02,6.47,35.91,34.21,35.07,False
f62878a493ea46e3b60bd312dfac2334,scene-0655,day,traffic cone,movable_object.trafficcone,labelled outline,v80-100,27.0,34.56,34.37,7.17,31.42,30.61,31.22,False
f62878a493ea46e3b60bd312dfac2334,scene-0655,day,traffic cone,movable_object.trafficcone,labelled outline,v80-100,25.3,37.01,36.79,3.96,34.89,33.73,34.55,False
f62878a493ea46e3b60bd312dfac2334,scene-0655,day,traffic cone,movable_object.trafficcone,labelled outline,v80-100,33.6,28.08,27.86,7.25,27.03,26.12,26.31,False
f62878a493ea46e3b60bd312dfac2334,scene-0655,day,traffic cone,movable_object.trafficcone,labelled outline,v80-100,33.7,28.57,28.38,8.58,25.84,25.42,25.51,False
f62878a493ea46e3b60bd312dfac2334,scene-0655,day,traffic cone,movable_object.trafficcone,labelled outline,v80-100,25.2,36.93,36.72,4.46,34.61,33.32,34.24,False
f62878a493ea46e3b60bd312dfac2334,scene-0655,day,traffic cone,movable_object.trafficcone,labelled outline,v80-100,27.3,34.13,33.87,6.35,31.84,30.49,31.14,False
db33b7a532744b56b05413a8323a6b87,scene-0655,day,traffic cone,movable_object.trafficcone,labelled outline,v80-100,30.1,31.25,31.07,7.48,28.42,27.94,28.29,False
db33b7a532744b56b05413a8323a6b87,scene-0655,day,traffic cone,movable_object.trafficcone,labelled outline,v80-100,27.9,33.64,33.43,4.29,32.26,31.2,31.96,False
db33b7a532744b56b05413a8323a6b87,scene-0655,day,traffic cone,movable_object.trafficcone,labelled outline,v80-100,38.5,24.84,24.62,7.48,24.76,23.16,23.55,False
db33b7a532744b56b05413a8323a6b87,scene-0655,day,traffic cone,movable_object.trafficcone,labelled outline,v80-100,38.6,25.38,25.18,8.82,23.81,21.27,22.48,False
db33b7a532744b56b05413a8323a6b87,scene-0655,day,traffic cone,movable_object.trafficcone,labelled outline,v80-100,27.8,33.58,33.37,4.78,32.96,31.43,32.33,False
db33b7a532744b56b05413a8323a6b87,scene-0655,day,traffic cone,movable_object.trafficcone,labelled outline,v80-100,30.5,30.81,30.56,6.65,28.79,27.82,28.27,False
3f09ac5ffc0745eca86d75b5e3db3f49,scene-0655,day,traffic cone,movable_object.trafficcone,labelled outline,v80-100,34.8,27.63,27.45,7.84,24.68,24.18,24.49,False
3f09ac5ffc0745eca86d75b5e3db3f49,scene-0655,day,traffic cone,movable_object.trafficcone,labelled outline,v80-100,31.8,29.9,29.69,4.67,28.13,27.06,27.67,False
3f09ac5ffc0745eca86d75b5e3db3f49,scene-0655,day,traffic cone,movable_object.trafficcone,labelled outline,v80-100,46.4,21.29,21.06,7.75,20.39,19.27,19.67,False
3f09ac5ffc0745eca86d75b5e3db3f49,scene-0655,day,traffic cone,movable_object.trafficcone,labelled outline,v80-100,46.5,21.9,21.7,9.1,18.88,17.42,18.17,False
3f09ac5ffc0745eca86d75b5e3db3f49,scene-0655,day,traffic cone,movable_object.trafficcone,labelled outline,v80-100,46.4,21.66,21.42,8.53,20.49,19.18,19.39,False
3f09ac5ffc0745eca86d75b5e3db3f49,scene-0655,day,traffic cone,movable_object.trafficcone,labelled outline,v80-100,31.6,29.85,29.64,5.18,28.6,27.33,27.97,False
3f09ac5ffc0745eca86d75b5e3db3f49,scene-0655,day,traffic cone,movable_object.trafficcone,labelled outline,v80-100,35.1,27.14,26.89,7.01,25.2,24.36,24.73,False
281af8097e0d404f8a1964b0a87e947b,scene-0655,day,traffic cone,movable_object.trafficcone,labelled outline,v80-100,41.3,23.83,23.64,8.24,21.25,20.82,21.03,False
281af8097e0d404f8a1964b0a87e947b,scene-0655,day,traffic cone,movable_object.trafficcone,labelled outline,v80-100,37.0,25.94,25.73,5.11,24.61,23.7,24.01,False
281af8097e0d404f8a1964b0a87e947b,scene-0655,day,traffic cone,movable_object.trafficcone,labelled outline,v80-100,59.3,17.65,17.42,8.11,17.06,15.69,16.22,False
281af8097e0d404f8a1964b0a87e947b,scene-0655,day,traffic cone,movable_object.trafficcone,labelled outline,v80-100,59.2,17.32,17.09,7.42,16.64,15.52,15.79,False
281af8097e0d404f8a1964b0a87e947b,scene-0655,day,traffic cone,movable_object.trafficcone,labelled outline,v80-100,59.3,18.38,18.16,9.47,17.41,16.13,16.62,False
281af8097e0d404f8a1964b0a87e947b,scene-0655,day,traffic cone,movable_object.trafficcone,labelled outline,v80-100,59.5,17.97,17.73,8.83,17.7,15.86,16.32,False
281af8097e0d404f8a1964b0a87e947b,scene-0655,day,traffic cone,movable_object.trafficcone,labelled outline,v80-100,36.9,25.9,25.68,5.63,24.91,23.83,24.32,False
281af8097e0d404f8a1964b0a87e947b,scene-0655,day,traffic cone,movable_object.trafficcone,labelled outline,v80-100,41.9,23.34,23.09,7.41,21.54,20.59,20.96,False
12e63e9ea8e345509b55ec661a911318,scene-0655,day,traffic cone,movable_object.trafficcone,labelled outline,v80-100,51.2,19.95,19.76,8.45,17.48,17.1,17.25,False
12e63e9ea8e345509b55ec661a911318,scene-0655,day,traffic cone,movable_object.trafficcone,labelled outline,v80-100,44.6,21.8,21.61,5.34,20.64,20.15,20.32,False
12e63e9ea8e345509b55ec661a911318,scene-0655,day,traffic cone,movable_object.trafficcone,labelled outline,v80-100,82.4,13.67,13.42,7.56,14.78,12.19,12.83,False
12e63e9ea8e345509b55ec661a911318,scene-0655,day,traffic cone,movable_object.trafficcone,labelled outline,v80-100,44.5,21.81,21.59,5.86,21.2,20.48,20.83,False
12e63e9ea8e345509b55ec661a911318,scene-0655,day,traffic cone,movable_object.trafficcone,labelled outline,v80-100,52.5,19.39,19.14,7.63,17.95,17.17,17.49,False
092cdc4f4b8c41568ad30f0235556538,scene-0655,day,traffic cone,movable_object.trafficcone,labelled outline,v80-100,67.8,16.21,15.99,8.46,13.97,13.62,13.72,False
092cdc4f4b8c41568ad30f0235556538,scene-0655,day,traffic cone,movable_object.trafficcone,labelled outline,v80-100,56.3,17.66,17.48,5.34,17.12,16.49,16.66,False
092cdc4f4b8c41568ad30f0235556538,scene-0655,day,traffic cone,movable_object.trafficcone,labelled outline,v80-100,41.2,22.87,22.67,3.05,22.8,21.11,21.7,False
092cdc4f4b8c41568ad30f0235556538,scene-0655,day,traffic cone,movable_object.trafficcone,labelled outline,v80-100,35.1,26.33,26.09,3.02,26.42,24.66,25.25,False
092cdc4f4b8c41568ad30f0235556538,scene-0655,day,traffic cone,movable_object.trafficcone,labelled outline,v80-100,56.1,17.72,17.49,5.85,17.42,16.56,16.75,False
092cdc4f4b8c41568ad30f0235556538,scene-0655,day,traffic cone,movable_object.trafficcone,labelled outline,v80-100,70.4,15.55,15.31,7.64,14.33,13.33,13.57,False
078b27dc1d57494887cba9e4e511ddeb,scene-0655,day,traffic cone,movable_object.trafficcone,labelled outline,v80-100,27.1,34.14,33.89,5.72,30.0,18.0,19.66,False
078b27dc1d57494887cba9e4e511ddeb,scene-0655,day,traffic cone,movable_object.trafficcone,labelled outline,v80-100,77.1,13.69,13.52,5.39,12.88,12.49,12.56,False
078b27dc1d57494887cba9e4e511ddeb,scene-0655,day,traffic cone,movable_object.trafficcone,labelled outline,v80-100,50.8,18.68,18.47,3.11,18.29,17.41,17.59,False
078b27dc1d57494887cba9e4e511ddeb,scene-0655,day,traffic cone,movable_object.trafficcone,labelled outline,v80-100,42.0,22.11,21.87,3.06,22.09,20.65,21.0,False
078b27dc1d57494887cba9e4e511ddeb,scene-0655,day,traffic cone,movable_object.trafficcone,labelled outline,v80-100,76.0,13.8,13.56,5.86,13.77,12.41,12.63,False
e4b019462e2f4e39944b5a5a9c349b2d,scene-0655,day,traffic cone,movable_object.trafficcone,labelled outline,v80-100,31.0,30.04,29.79,5.71,29.92,27.99,28.83,False
e4b019462e2f4e39944b5a5a9c349b2d,scene-0655,day,traffic cone,movable_object.trafficcone,labelled outline,v80-100,118.9,10.04,9.84,5.41,8.51,8.37,8.4,False
e4b019462e2f4e39944b5a5a9c349b2d,scene-0655,day,traffic cone,movable_object.trafficcone,labelled outline,v80-100,66.5,14.6,14.39,3.14,14.83,13.91,14.05,False
e4b019462e2f4e39944b5a5a9c349b2d,scene-0655,day,traffic cone,movable_object.trafficcone,labelled outline,v80-100,52.5,17.99,17.75,3.06,18.83,16.89,17.07,False
97a4892cd1bf408f8bd707be081c791c,scene-0655,day,traffic cone,movable_object.trafficcone,labelled outline,v80-100,36.3,25.96,25.71,5.78,27.67,22.29,23.63,False
97a4892cd1bf408f8bd707be081c791c,scene-0655,day,traffic cone,movable_object.trafficcone,labelled outline,v80-100,49.6,18.98,18.73,3.4,20.11,18.46,18.84,False
97a4892cd1bf408f8bd707be081c791c,scene-0655,day,traffic cone,movable_object.trafficcone,labelled outline,v80-100,95.7,10.59,10.36,3.18,11.77,10.09,10.3,False
97a4892cd1bf408f8bd707be081c791c,scene-0655,day,traffic cone,movable_object.trafficcone,labelled outline,v80-100,69.6,13.91,13.66,3.11,15.79,13.65,13.81,False
97a4892cd1bf408f8bd707be081c791c,scene-0655,day,traffic cone,movable_object.trafficcone,labelled outline,v80-100,40.0,23.26,23.01,3.93,22.84,19.75,21.13,False
427ebabc32f24b3f90bc66ea1a13cf01,scene-0655,day,traffic cone,movable_object.trafficcone,labelled outline,v80-100,44.0,21.81,21.56,5.82,23.69,21.95,22.23,False
427ebabc32f24b3f90bc66ea1a13cf01,scene-0655,day,traffic cone,movable_object.trafficcone,labelled outline,v80-100,65.2,14.81,14.57,3.42,16.07,14.75,14.89,False
427ebabc32f24b3f90bc66ea1a13cf01,scene-0655,day,traffic cone,movable_object.trafficcone,labelled outline,v80-100,42.7,22.39,22.19,7.58,23.9,22.73,23.31,False
427ebabc32f24b3f90bc66ea1a13cf01,scene-0655,day,traffic cone,movable_object.trafficcone,labelled outline,v80-100,174.0,6.68,6.44,3.22,7.06,5.95,6.06,False
427ebabc32f24b3f90bc66ea1a13cf01,scene-0655,day,traffic cone,movable_object.trafficcone,labelled outline,v80-100,43.5,22.43,22.24,8.06,23.64,22.06,22.55,False
427ebabc32f24b3f90bc66ea1a13cf01,scene-0655,day,traffic cone,movable_object.trafficcone,labelled outline,v80-100,43.7,22.53,22.33,8.9,24.04,22.08,22.8,False
427ebabc32f24b3f90bc66ea1a13cf01,scene-0655,day,traffic cone,movable_object.trafficcone,labelled outline,v80-100,104.6,9.81,9.56,3.15,11.22,9.64,9.88,False
427ebabc32f24b3f90bc66ea1a13cf01,scene-0655,day,traffic cone,movable_object.trafficcone,labelled outline,v80-100,49.6,19.06,18.82,3.97,21.17,18.57,19.09,False
427ebabc32f24b3f90bc66ea1a13cf01,scene-0655,day,traffic cone,movable_object.trafficcone,labelled outline,v80-100,43.3,22.53,22.34,8.49,23.53,22.24,22.82,False
dd1b722645744b3eb49fdad74b765c4f,scene-0655,day,traffic cone,movable_object.trafficcone,labelled outline,v80-100,56.3,17.57,17.32,5.77,19.51,15.04,15.88,False
dd1b722645744b3eb49fdad74b765c4f,scene-0655,day,traffic cone,movable_object.trafficcone,labelled outline,v80-100,96.7,10.56,10.33,3.4,11.47,10.11,10.27,False
dd1b722645744b3eb49fdad74b765c4f,scene-0655,day,traffic cone,movable_object.trafficcone,labelled outline,v80-100,54.5,18.28,18.07,7.54,19.38,17.94,18.45,False
dd1b722645744b3eb49fdad74b765c4f,scene-0655,day,traffic cone,movable_object.trafficcone,labelled outline,v80-100,55.9,18.38,18.18,8.08,18.52,16.91,17.6,False
dd1b722645744b3eb49fdad74b765c4f,scene-0655,day,traffic cone,movable_object.trafficcone,labelled outline,v80-100,56.2,18.57,18.36,8.91,19.29,17.35,17.94,False
dd1b722645744b3eb49fdad74b765c4f,scene-0655,day,traffic cone,movable_object.trafficcone,labelled outline,v80-100,216.4,5.84,5.59,3.15,6.57,4.86,5.56,False
dd1b722645744b3eb49fdad74b765c4f,scene-0655,day,traffic cone,movable_object.trafficcone,labelled outline,v80-100,66.0,14.76,14.51,3.94,16.33,14.36,14.55,False
dd1b722645744b3eb49fdad74b765c4f,scene-0655,day,traffic cone,movable_object.trafficcone,labelled outline,v80-100,55.4,18.51,18.31,8.47,19.82,17.55,18.1,False
8f4376cb2da3448abf42221512917c4d,scene-0655,day,traffic cone,movable_object.trafficcone,labelled outline,v80-100,75.2,13.9,13.65,5.72,13.83,12.34,12.46,False
8f4376cb2da3448abf42221512917c4d,scene-0655,day,traffic cone,movable_object.trafficcone,labelled outline,v80-100,34.2,32.02,31.81,5.77,34.1,32.52,33.22,False
8f4376cb2da3448abf42221512917c4d,scene-0655,day,traffic cone,movable_object.trafficcone,labelled outline,v80-100,170.8,6.94,6.74,3.42,6.65,5.93,5.99,False
8f4376cb2da3448abf42221512917c4d,scene-0655,day,traffic cone,movable_object.trafficcone,labelled outline,v80-100,72.3,14.78,14.55,7.51,14.23,12.96,13.21,False
8f4376cb2da3448abf42221512917c4d,scene-0655,day,traffic cone,movable_object.trafficcone,labelled outline,v80-100,74.4,14.93,14.71,8.03,13.57,12.61,12.95,False
8f4376cb2da3448abf42221512917c4d,scene-0655,day,traffic cone,movable_object.trafficcone,labelled outline,v80-100,93.7,11.0,10.76,3.89,11.14,9.99,10.1,False
e1a0ecd338d943b790f553972f2c9068,scene-0655,day,traffic cone,movable_object.trafficcone,labelled outline,v80-100,39.9,27.69,27.47,5.64,29.64,27.62,28.32,False
e1a0ecd338d943b790f553972f2c9068,scene-0655,day,traffic cone,movable_object.trafficcone,labelled outline,v80-100,173.4,7.12,6.91,3.9,7.9,6.13,6.74,False
16cd95c28f0642bca8f6f8017c5410d3,scene-0655,day,traffic cone,movable_object.trafficcone,labelled outline,v80-100,48.6,23.01,22.79,5.53,25.9,23.22,23.94,False
16cd95c28f0642bca8f6f8017c5410d3,scene-0655,day,traffic cone,movable_object.trafficcone,labelled outline,v80-100,37.3,25.41,25.18,5.52,26.57,25.0,25.67,False
b79f8bcaf26944f9bbc08c928602a4e0,scene-0655,day,traffic cone,movable_object.trafficcone,labelled outline,v80-100,60.5,18.82,18.59,5.42,20.15,18.08,18.31,False
b79f8bcaf26944f9bbc08c928602a4e0,scene-0655,day,traffic cone,movable_object.trafficcone,labelled outline,v80-100,57.9,16.73,16.5,5.4,17.87,15.87,16.21,False
b79f8bcaf26944f9bbc08c928602a4e0,scene-0655,day,traffic cone,movable_object.trafficcone,labelled outline,v80-100,45.4,21.18,20.94,5.41,21.79,20.42,20.66,False
8140e0d584a448ddac2befd221508790,scene-0655,day,traffic cone,movable_object.trafficcone,labelled outline,v80-100,80.8,14.63,14.39,5.35,15.65,13.69,13.92,False
8140e0d584a448ddac2befd221508790,scene-0655,day,traffic cone,movable_object.trafficcone,labelled outline,v80-100,82.4,12.62,12.4,5.31,12.92,11.4,11.58,False
8140e0d584a448ddac2befd221508790,scene-0655,day,traffic cone,movable_object.trafficcone,labelled outline,v80-100,58.4,16.92,16.67,5.31,17.02,15.64,15.83,False
95a6d6872f9d4d19b7ac55a80943c611,scene-0553,day,barrier,movable_object.barrier,labelled outline,v80-100,23.3,52.66,51.19,2.51,46.96,44.84,45.5,False
ca953b73b68c4855887802390c30d1d2,scene-0553,day,barrier,movable_object.barrier,labelled outline,v80-100,25.0,49.69,48.21,1.91,46.89,44.73,46.21,False
ca953b73b68c4855887802390c30d1d2,scene-0553,day,barrier,movable_object.barrier,labelled outline,v60-80,21.2,67.36,65.9,3.67,51.17,48.67,49.46,False
ca953b73b68c4855887802390c30d1d2,scene-0553,day,barrier,movable_object.barrier,labelled outline,v80-100,23.3,52.66,51.19,2.5,48.71,46.79,47.39,False
03bcdd9ceeb5403880dbea94d82fd645,scene-0553,day,barrier,movable_object.barrier,labelled outline,v80-100,25.0,49.69,48.22,1.91,48.53,45.35,47.69,False
03bcdd9ceeb5403880dbea94d82fd645,scene-0553,day,barrier,movable_object.barrier,labelled outline,v60-80,21.2,67.36,65.9,3.67,53.36,50.24,51.4,False
03bcdd9ceeb5403880dbea94d82fd645,scene-0553,day,barrier,movable_object.barrier,labelled outline,v80-100,23.3,52.66,51.19,2.5,50.61,48.12,49.06,False
03bcdd9ceeb5403880dbea94d82fd645,scene-0553,day,barrier,movable_object.barrier,labelled outline,v80-100,22.7,64.4,62.93,3.48,52.78,49.31,50.87,False
03bcdd9ceeb5403880dbea94d82fd645,scene-0553,day,barrier,movable_object.barrier,labelled outline,v80-100,25.5,61.46,60.0,3.28,51.72,45.18,49.41,False
8c66f270e43e4e49b3636b2ee042f96d,scene-0553,day,barrier,movable_object.barrier,labelled outline,v80-100,25.0,49.69,48.22,1.91,48.93,46.13,48.18,False
8c66f270e43e4e49b3636b2ee042f96d,scene-0553,day,barrier,movable_object.barrier,labelled outline,v60-80,21.2,67.36,65.9,3.67,54.4,51.03,52.29,False
8c66f270e43e4e49b3636b2ee042f96d,scene-0553,day,barrier,movable_object.barrier,labelled outline,v80-100,23.3,52.66,51.19,2.5,51.29,48.7,49.6,False
8c66f270e43e4e49b3636b2ee042f96d,scene-0553,day,barrier,movable_object.barrier,labelled outline,v80-100,22.7,64.4,62.93,3.48,53.81,50.03,51.71,False
8c66f270e43e4e49b3636b2ee042f96d,scene-0553,day,barrier,movable_object.barrier,labelled outline,v80-100,25.5,61.46,60.0,3.28,52.6,45.72,50.15,False
9e3b30e1496741bfa6593673ac3d3b30,scene-0553,day,barrier,movable_object.barrier,labelled outline,v80-100,25.0,49.69,48.22,1.92,46.1,43.92,45.46,False
9e3b30e1496741bfa6593673ac3d3b30,scene-0553,day,barrier,movable_object.barrier,labelled outline,v60-80,21.2,67.36,65.89,3.68,51.85,48.52,49.76,False
9e3b30e1496741bfa6593673ac3d3b30,scene-0553,day,barrier,movable_object.barrier,labelled outline,v80-100,23.3,52.66,51.19,2.51,48.44,46.03,46.77,False
9e3b30e1496741bfa6593673ac3d3b30,scene-0553,day,barrier,movable_object.barrier,labelled outline,v80-100,22.7,64.4,62.93,3.48,51.08,47.43,48.91,False
9e3b30e1496741bfa6593673ac3d3b30,scene-0553,day,barrier,movable_object.barrier,labelled outline,v80-100,25.5,61.46,60.0,3.28,49.74,43.93,47.43,False
9ac08955983e41ea8f4bf16b49bfa79c,scene-0553,day,barrier,movable_object.barrier,labelled outline,v80-100,25.0,49.69,48.22,1.92,49.87,47.4,49.23,False
9ac08955983e41ea8f4bf16b49bfa79c,scene-0553,day,barrier,movable_object.barrier,labelled outline,v60-80,21.2,67.36,65.89,3.67,55.26,51.77,53.06,False
9ac08955983e41ea8f4bf16b49bfa79c,scene-0553,day,barrier,movable_object.barrier,labelled outline,v80-100,23.3,52.66,51.19,2.51,52.1,49.48,50.41,False
9ac08955983e41ea8f4bf16b49bfa79c,scene-0553,day,barrier,movable_object.barrier,labelled outline,v80-100,22.7,64.4,62.93,3.48,54.62,50.75,52.44,False
9ac08955983e41ea8f4bf16b49bfa79c,scene-0553,day,barrier,movable_object.barrier,labelled outline,v80-100,25.5,61.46,60.0,3.28,53.36,46.52,50.85,False
6e76f277e47547bca0e38099ce01da54,scene-0553,day,barrier,movable_object.barrier,labelled outline,v80-100,25.0,49.69,48.22,1.92,48.66,46.49,48.08,False
6e76f277e47547bca0e38099ce01da54,scene-0553,day,barrier,movable_object.barrier,labelled outline,v60-80,21.2,67.36,65.89,3.67,53.51,50.28,51.42,False
6e76f277e47547bca0e38099ce01da54,scene-0553,day,barrier,movable_object.barrier,labelled outline,v80-100,23.3,52.66,51.19,2.51,50.6,48.35,49.11,False
6e76f277e47547bca0e38099ce01da54,scene-0553,day,barrier,movable_object.barrier,labelled outline,v80-100,22.7,64.4,62.93,3.48,52.98,49.68,51.1,False
6e76f277e47547bca0e38099ce01da54,scene-0553,day,barrier,movable_object.barrier,labelled outline,v80-100,25.5,61.46,60.0,3.28,51.9,46.5,49.68,False
85b9d897bc9d4d7094696a5a356b29f0,scene-0553,day,barrier,movable_object.barrier,labelled outline,v80-100,25.0,49.69,48.22,1.92,46.99,43.26,46.1,False
85b9d897bc9d4d7094696a5a356b29f0,scene-0553,day,barrier,movable_object.barrier,labelled outline,v60-80,21.2,67.36,65.89,3.67,51.27,47.93,49.4,False
85b9d897bc9d4d7094696a5a356b29f0,scene-0553,day,barrier,movable_object.barrier,labelled outline,v80-100,23.3,52.66,51.19,2.51,48.49,45.76,47.18,False
85b9d897bc9d4d7094696a5a356b29f0,scene-0553,day,barrier,movable_object.barrier,labelled outline,v80-100,22.7,64.4,62.93,3.48,50.73,46.81,48.78,False
85b9d897bc9d4d7094696a5a356b29f0,scene-0553,day,barrier,movable_object.barrier,labelled outline,v80-100,25.5,61.46,60.0,3.28,49.64,42.03,46.96,False
435543e1321b411ea5c930633e0883d9,scene-0553,day,barrier,movable_object.barrier,labelled outline,v80-100,25.0,49.69,48.22,1.91,15.88,15.79,15.82,False
435543e1321b411ea5c930633e0883d9,scene-0553,day,barrier,movable_object.barrier,labelled outline,v60-80,21.2,67.36,65.89,3.66,15.91,15.82,15.84,False
435543e1321b411ea5c930633e0883d9,scene-0553,day,barrier,movable_object.barrier,labelled outline,v80-100,23.3,52.66,51.19,2.5,15.89,15.79,15.82,False
435543e1321b411ea5c930633e0883d9,scene-0553,day,barrier,movable_object.barrier,labelled outline,v80-100,22.7,64.4,62.93,3.47,15.9,15.8,15.83,False
435543e1321b411ea5c930633e0883d9,scene-0553,day,barrier,movable_object.barrier,labelled outline,v80-100,25.5,61.46,60.0,3.27,15.88,15.77,15.8,False
cf3f00e98842449696a4cb4edb1e1c5e,scene-0553,day,barrier,movable_object.barrier,labelled outline,v80-100,25.0,49.69,48.22,1.92,39.27,36.81,38.82,False
cf3f00e98842449696a4cb4edb1e1c5e,scene-0553,day,barrier,movable_object.barrier,labelled outline,v60-80,21.2,67.36,65.89,3.66,41.74,39.79,40.75,False
cf3f00e98842449696a4cb4edb1e1c5e,scene-0553,day,barrier,movable_object.barrier,labelled outline,v80-100,23.3,52.66,51.19,2.5,40.25,38.56,39.5,False
cf3f00e98842449696a4cb4edb1e1c5e,scene-0553,day,barrier,movable_object.barrier,labelled outline,v80-100,22.7,64.4,62.93,3.47,41.47,39.2,40.36,False
cf3f00e98842449696a4cb4edb1e1c5e,scene-0553,day,barrier,movable_object.barrier,labelled outline,v80-100,25.5,61.46,60.0,3.27,40.99,36.84,39.56,False
c7f783fe8173446383bfbbb7a783517f,scene-0553,day,barrier,movable_object.barrier,labelled outline,v80-100,25.0,49.69,48.22,1.92,17.54,17.46,17.49,False
c7f783fe8173446383bfbbb7a783517f,scene-0553,day,barrier,movable_object.barrier,labelled outline,v60-80,21.2,67.36,65.89,3.67,17.45,17.41,17.43,False
c7f783fe8173446383bfbbb7a783517f,scene-0553,day,barrier,movable_object.barrier,labelled outline,v80-100,23.3,52.66,51.19,2.51,17.48,17.43,17.44,False
c7f783fe8173446383bfbbb7a783517f,scene-0553,day,barrier,movable_object.barrier,labelled outline,v80-100,22.7,64.4,62.93,3.48,17.45,17.41,17.43,False
c7f783fe8173446383bfbbb7a783517f,scene-0553,day,barrier,movable_object.barrier,labelled outline,v80-100,25.5,61.46,60.0,3.28,17.45,17.41,17.43,False
a409449573af464c9cd6775837c45967,scene-0553,day,barrier,movable_object.barrier,labelled outline,v80-100,25.0,49.69,48.22,1.92,14.7,14.63,14.67,False
a409449573af464c9cd6775837c45967,scene-0553,day,barrier,movable_object.barrier,labelled outline,v60-80,21.2,67.36,65.89,3.66,14.59,14.54,14.56,False
a409449573af464c9cd6775837c45967,scene-0553,day,barrier,movable_object.barrier,labelled outline,v80-100,23.3,52.66,51.19,2.5,14.64,14.57,14.6,False
a409449573af464c9cd6775837c45967,scene-0553,day,barrier,movable_object.barrier,labelled outline,v80-100,22.7,64.4,62.93,3.47,14.6,14.55,14.57,False
a409449573af464c9cd6775837c45967,scene-0553,day,barrier,movable_object.barrier,labelled outline,v80-100,25.5,61.46,60.0,3.27,14.61,14.55,14.58,False
45d02c618f34449bb7587ff6caf120ae,scene-0553,day,barrier,movable_object.barrier,labelled outline,v80-100,25.0,49.69,48.22,1.92,14.64,14.62,14.63,False
45d02c618f34449bb7587ff6caf120ae,scene-0553,day,barrier,movable_object.barrier,labelled outline,v60-80,21.2,67.36,65.89,3.67,14.67,14.66,14.66,False
45d02c618f34449bb7587ff6caf120ae,scene-0553,day,barrier,movable_object.barrier,labelled outline,v80-100,23.3,52.66,51.19,2.51,14.66,14.64,14.65,False
45d02c618f34449bb7587ff6caf120ae,scene-0553,day,barrier,movable_object.barrier,labelled outline,v80-100,22.7,64.4,62.93,3.48,14.66,14.66,14.66,False
45d02c618f34449bb7587ff6caf120ae,scene-0553,day,barrier,movable_object.barrier,labelled outline,v80-100,25.5,61.46,60.0,3.28,14.66,14.66,14.66,False
3fb6c2eacb2e4361bb5d5aa092c4ff8f,scene-0553,day,barrier,movable_object.barrier,labelled outline,v80-100,25.0,49.7,48.23,1.92,49.31,46.13,48.19,False
3fb6c2eacb2e4361bb5d5aa092c4ff8f,scene-0553,day,barrier,movable_object.barrier,labelled outline,v60-80,21.2,67.36,65.89,3.67,54.0,50.31,52.06,False
3fb6c2eacb2e4361bb5d5aa092c4ff8f,scene-0553,day,barrier,movable_object.barrier,labelled outline,v80-100,23.3,52.66,51.19,2.51,51.37,48.26,49.66,False
3fb6c2eacb2e4361bb5d5aa092c4ff8f,scene-0553,day,barrier,movable_object.barrier,labelled outline,v80-100,22.7,64.4,62.93,3.48,53.48,49.08,51.3,False
3fb6c2eacb2e4361bb5d5aa092c4ff8f,scene-0553,day,barrier,movable_object.barrier,labelled outline,v80-100,25.5,61.46,60.0,3.28,52.43,44.91,49.25,False
c8fc91d460cb4ef39117982e0a20804d,scene-0553,day,barrier,movable_object.barrier,labelled outline,v80-100,25.0,49.7,48.23,1.92,20.03,19.84,19.87,False
c8fc91d460cb4ef39117982e0a20804d,scene-0553,day,barrier,movable_object.barrier,labelled outline,v60-80,21.2,67.36,65.89,3.67,20.03,19.75,19.81,False
c8fc91d460cb4ef39117982e0a20804d,scene-0553,day,barrier,movable_object.barrier,labelled outline,v80-100,23.3,52.66,51.19,2.51,20.01,19.79,19.85,False
c8fc91d460cb4ef39117982e0a20804d,scene-0553,day,barrier,movable_object.barrier,labelled outline,v80-100,22.7,64.4,62.93,3.48,20.0,19.75,19.81,False
c8fc91d460cb4ef39117982e0a20804d,scene-0553,day,barrier,movable_object.barrier,labelled outline,v80-100,25.5,61.46,60.0,3.28,19.88,19.73,19.78,False
23e08a928077488685ab3138f3e4164f,scene-0553,day,barrier,movable_object.barrier,labelled outline,v80-100,25.0,49.7,48.23,1.92,19.52,19.31,19.44,False
23e08a928077488685ab3138f3e4164f,scene-0553,day,barrier,movable_object.barrier,labelled outline,v60-80,21.2,67.36,65.89,3.66,46.75,20.06,28.85,False
23e08a928077488685ab3138f3e4164f,scene-0553,day,barrier,movable_object.barrier,labelled outline,v80-100,23.3,52.66,51.19,2.5,21.25,19.31,19.47,False
23e08a928077488685ab3138f3e4164f,scene-0553,day,barrier,movable_object.barrier,labelled outline,v80-100,22.7,64.4,62.93,3.47,43.96,19.78,25.86,False
23e08a928077488685ab3138f3e4164f,scene-0553,day,barrier,movable_object.barrier,labelled outline,v80-100,25.5,61.46,60.0,3.27,33.49,19.56,20.5,False
f8ec648a57f24d988bd07305abf8b77f,scene-0553,day,barrier,movable_object.barrier,labelled outline,v80-100,25.0,49.7,48.23,1.92,47.04,44.98,46.24,False
f8ec648a57f24d988bd07305abf8b77f,scene-0553,day,barrier,movable_object.barrier,labelled outline,v60-80,21.2,67.36,65.89,3.67,52.19,48.99,50.28,False
f8ec648a57f24d988bd07305abf8b77f,scene-0553,day,barrier,movable_object.barrier,labelled outline,v80-100,23.3,52.66,51.19,2.51,49.52,46.99,47.92,False
f8ec648a57f24d988bd07305abf8b77f,scene-0553,day,barrier,movable_object.barrier,labelled outline,v80-100,22.7,64.4,62.93,3.48,51.89,48.43,49.95,False
f8ec648a57f24d988bd07305abf8b77f,scene-0553,day,barrier,movable_object.barrier,labelled outline,v80-100,25.5,61.46,60.0,3.28,50.65,45.01,48.36,False
36287d40e88a4ac9bb64cf4e8c166d1f,scene-0553,day,barrier,movable_object.barrier,labelled outline,v80-100,25.0,49.7,48.23,1.93,43.54,41.37,42.75,False
36287d40e88a4ac9bb64cf4e8c166d1f,scene-0553,day,barrier,movable_object.barrier,labelled outline,v60-80,21.2,67.36,65.89,3.67,47.74,45.23,46.29,False
36287d40e88a4ac9bb64cf4e8c166d1f,scene-0553,day,barrier,movable_object.barrier,labelled outline,v80-100,23.3,52.66,51.19,2.51,45.51,43.21,44.09,False
36287d40e88a4ac9bb64cf4e8c166d1f,scene-0553,day,barrier,movable_object.barrier,labelled outline,v80-100,22.7,64.4,62.93,3.48,47.39,44.3,45.76,False
36287d40e88a4ac9bb64cf4e8c166d1f,scene-0553,day,barrier,movable_object.barrier,labelled outline,v80-100,25.5,61.46,60.0,3.28,46.46,41.33,44.34,False
29cfc6babdba4e7ebad782f6d551033f,scene-0553,day,barrier,movable_object.barrier,labelled outline,v80-100,25.0,49.7,48.23,1.92,18.95,18.87,18.9,False
29cfc6babdba4e7ebad782f6d551033f,scene-0553,day,barrier,movable_object.barrier,labelled outline,v60-80,21.2,67.36,65.89,3.67,18.92,18.84,18.86,False
29cfc6babdba4e7ebad782f6d551033f,scene-0553,day,barrier,movable_object.barrier,labelled outline,v80-100,23.3,52.66,51.19,2.51,18.92,18.85,18.87,False
29cfc6babdba4e7ebad782f6d551033f,scene-0553,day,barrier,movable_object.barrier,labelled outline,v80-100,22.7,64.4,62.93,3.48,18.91,18.84,18.86,False
29cfc6babdba4e7ebad782f6d551033f,scene-0553,day,barrier,movable_object.barrier,labelled outline,v80-100,25.5,61.46,60.0,3.28,18.89,18.82,18.84,False
5479effa00bf4d01b96e1ec77065c977,scene-0553,day,barrier,movable_object.barrier,labelled outline,v80-100,25.0,49.7,48.23,1.93,47.55,45.19,46.8,False
5479effa00bf4d01b96e1ec77065c977,scene-0553,day,barrier,movable_object.barrier,labelled outline,v60-80,21.2,67.36,65.89,3.68,52.0,49.07,50.35,False
5479effa00bf4d01b96e1ec77065c977,scene-0553,day,barrier,movable_object.barrier,labelled outline,v80-100,23.3,52.66,51.19,2.51,49.53,46.82,47.97,False
5479effa00bf4d01b96e1ec77065c977,scene-0553,day,barrier,movable_object.barrier,labelled outline,v80-100,22.7,64.4,62.93,3.48,51.41,47.79,49.54,False
5479effa00bf4d01b96e1ec77065c977,scene-0553,day,barrier,movable_object.barrier,labelled outline,v80-100,25.5,61.46,60.0,3.28,50.43,44.05,47.93,False
836281904290463cafe2059d05d2b474,scene-0553,day,barrier,movable_object.barrier,labelled outline,v80-100,25.0,49.7,48.23,1.93,38.44,36.2,37.69,False
836281904290463cafe2059d05d2b474,scene-0553,day,barrier,movable_object.barrier,labelled outline,v60-80,21.2,67.36,65.9,3.67,40.65,38.73,39.71,False
836281904290463cafe2059d05d2b474,scene-0553,day,barrier,movable_object.barrier,labelled outline,v80-100,23.3,52.66,51.19,2.51,39.54,37.37,38.46,False
836281904290463cafe2059d05d2b474,scene-0553,day,barrier,movable_object.barrier,labelled outline,v80-100,22.7,64.4,62.93,3.48,40.51,38.19,39.45,False
836281904290463cafe2059d05d2b474,scene-0553,day,barrier,movable_object.barrier,labelled outline,v80-100,25.5,61.46,60.0,3.28,39.98,35.75,38.25,False
defde01fa5594f18b24be8fe68e6f2c4,scene-0553,day,barrier,movable_object.barrier,labelled outline,v80-100,25.0,49.7,48.23,1.93,6.39,6.33,6.36,False
defde01fa5594f18b24be8fe68e6f2c4,scene-0553,day,barrier,movable_object.barrier,labelled outline,v60-80,21.2,67.36,65.9,3.67,34.38,6.87,9.96,False
defde01fa5594f18b24be8fe68e6f2c4,scene-0553,day,barrier,movable_object.barrier,labelled outline,v80-100,23.3,52.65,51.19,2.51,6.87,6.43,6.54,False
defde01fa5594f18b24be8fe68e6f2c4,scene-0553,day,barrier,movable_object.barrier,labelled outline,v80-100,22.7,64.4,62.93,3.48,28.24,6.82,7.42,False
defde01fa5594f18b24be8fe68e6f2c4,scene-0553,day,barrier,movable_object.barrier,labelled outline,v80-100,25.5,61.46,60.0,3.28,12.83,6.56,6.82,False
6e8383a5f5ba4334b4cb40e0663acdaa,scene-0553,day,barrier,movable_object.barrier,labelled outline,v80-100,25.0,49.7,48.23,1.93,37.14,34.73,36.34,False
6e8383a5f5ba4334b4cb40e0663acdaa,scene-0553,day,barrier,movable_object.barrier,labelled outline,v60-80,21.2,67.36,65.9,3.67,35.64,28.68,33.81,False
6e8383a5f5ba4334b4cb40e0663acdaa,scene-0553,day,barrier,movable_object.barrier,labelled outline,v80-100,23.3,52.65,51.19,2.51,36.48,31.98,35.39,False
6e8383a5f5ba4334b4cb40e0663acdaa,scene-0553,day,barrier,movable_object.barrier,labelled outline,v80-100,22.7,64.4,62.93,3.47,35.64,27.69,33.7,False
6e8383a5f5ba4334b4cb40e0663acdaa,scene-0553,day,barrier,movable_object.barrier,labelled outline,v80-100,25.5,61.46,60.0,3.28,35.29,22.41,29.61,False
7b90568403b64fba883c052427b76f24,scene-0553,day,barrier,movable_object.barrier,labelled outline,v80-100,25.0,49.7,48.23,1.93,8.1,7.97,8.03,False
7b90568403b64fba883c052427b76f24,scene-0553,day,barrier,movable_object.barrier,labelled outline,v60-80,21.2,67.36,65.9,3.67,8.1,8.01,8.08,False
7b90568403b64fba883c052427b76f24,scene-0553,day,barrier,movable_object.barrier,labelled outline,v80-100,23.3,52.65,51.19,2.51,8.1,8.0,8.04,False
7b90568403b64fba883c052427b76f24,scene-0553,day,barrier,movable_object.barrier,labelled outline,v80-100,22.7,64.4,62.93,3.48,8.1,8.0,8.07,False
7b90568403b64fba883c052427b76f24,scene-0553,day,barrier,movable_object.barrier,labelled outline,v80-100,25.5,61.46,60.0,3.28,8.09,7.96,8.01,False
be0d41d37aac4b3c9771e1bafe72ff41,scene-0553,day,barrier,movable_object.barrier,labelled outline,v80-100,25.0,49.71,48.23,1.93,41.67,39.94,41.04,False
be0d41d37aac4b3c9771e1bafe72ff41,scene-0553,day,barrier,movable_object.barrier,labelled outline,v60-80,21.2,67.36,65.9,3.66,44.81,42.91,43.78,False
be0d41d37aac4b3c9771e1bafe72ff41,scene-0553,day,barrier,movable_object.barrier,labelled outline,v80-100,23.3,52.65,51.19,2.51,43.3,41.55,42.23,False
be0d41d37aac4b3c9771e1bafe72ff41,scene-0553,day,barrier,movable_object.barrier,labelled outline,v80-100,22.7,64.4,62.93,3.47,44.65,42.43,43.61,False
be0d41d37aac4b3c9771e1bafe72ff41,scene-0553,day,barrier,movable_object.barrier,labelled outline,v80-100,25.5,61.46,60.0,3.27,44.06,40.06,42.43,False
c218bb82f11c47bc864e72a3e26db2c9,scene-0553,day,barrier,movable_object.barrier,labelled outline,v80-100,25.0,49.71,48.24,1.92,42.44,40.34,41.74,False
c218bb82f11c47bc864e72a3e26db2c9,scene-0553,day,barrier,movable_object.barrier,labelled outline,v60-80,21.2,67.36,65.9,3.66,45.52,42.9,44.32,False
c218bb82f11c47bc864e72a3e26db2c9,scene-0553,day,barrier,movable_object.barrier,labelled outline,v80-100,23.3,52.65,51.19,2.5,43.97,41.9,42.81,False
c218bb82f11c47bc864e72a3e26db2c9,scene-0553,day,barrier,movable_object.barrier,labelled outline,v80-100,25.5,61.46,60.0,3.27,44.71,39.76,42.6,False
706bc4ecedb1483485dd25b2cdb79b1e,scene-0553,day,barrier,movable_object.barrier,labelled outline,v80-100,25.0,49.71,48.24,1.93,42.69,41.43,42.03,False
706bc4ecedb1483485dd25b2cdb79b1e,scene-0553,day,barrier,movable_object.barrier,labelled outline,v60-80,21.2,67.36,65.9,3.66,46.51,44.17,45.01,False
706bc4ecedb1483485dd25b2cdb79b1e,scene-0553,day,barrier,movable_object.barrier,labelled outline,v80-100,23.3,52.66,51.19,2.51,44.48,42.71,43.32,False
706bc4ecedb1483485dd25b2cdb79b1e,scene-0553,day,barrier,movable_object.barrier,labelled outline,v80-100,25.5,61.46,60.0,3.28,45.32,42.24,43.79,False
63f667397e55468ea55cec6ca099d5e8,scene-0553,day,barrier,movable_object.barrier,labelled outline,v80-100,25.0,49.71,48.24,1.93,8.37,8.26,8.3,False
63f667397e55468ea55cec6ca099d5e8,scene-0553,day,barrier,movable_object.barrier,labelled outline,v60-80,21.2,67.36,65.9,3.67,8.22,8.19,8.21,False
63f667397e55468ea55cec6ca099d5e8,scene-0553,day,barrier,movable_object.barrier,labelled outline,v80-100,23.3,52.66,51.19,2.51,8.27,8.2,8.23,False
63f667397e55468ea55cec6ca099d5e8,scene-0553,day,barrier,movable_object.barrier,labelled outline,v80-100,25.5,61.46,60.0,3.28,8.23,8.2,8.22,False
5a997f9d82874cc99e166b81c4cda2ad,scene-0553,day,barrier,movable_object.barrier,labelled outline,v80-100,25.0,49.71,48.24,1.93,17.56,8.83,17.12,False
5a997f9d82874cc99e166b81c4cda2ad,scene-0553,day,barrier,movable_object.barrier,labelled outline,v60-80,21.2,67.36,65.89,3.66,17.69,17.57,17.6,False
5a997f9d82874cc99e166b81c4cda2ad,scene-0553,day,barrier,movable_object.barrier,labelled outline,v80-100,23.3,52.66,51.19,2.51,17.67,17.54,17.59,False
5a997f9d82874cc99e166b81c4cda2ad,scene-0553,day,barrier,movable_object.barrier,labelled outline,v80-100,25.5,61.46,60.0,3.27,17.63,17.5,17.56,False
b379e0c083e349d9b3eda2b1f817535d,scene-0553,day,barrier,movable_object.barrier,labelled outline,v80-100,25.0,49.71,48.24,1.93,36.41,34.72,35.84,False
b379e0c083e349d9b3eda2b1f817535d,scene-0553,day,barrier,movable_object.barrier,labelled outline,v60-80,21.2,67.36,65.89,3.67,38.6,37.37,37.96,False
b379e0c083e349d9b3eda2b1f817535d,scene-0553,day,barrier,movable_object.barrier,labelled outline,v80-100,23.3,52.66,51.19,2.51,37.6,36.31,36.87,False
b379e0c083e349d9b3eda2b1f817535d,scene-0553,day,barrier,movable_object.barrier,labelled outline,v80-100,25.5,61.46,60.0,3.28,38.11,34.91,37.06,False
b71a3ed2e4cc4c3b9add0925bcefe743,scene-0553,day,barrier,movable_object.barrier,labelled outline,v80-100,25.0,49.71,48.24,1.93,6.4,6.36,6.38,False
b71a3ed2e4cc4c3b9add0925bcefe743,scene-0553,day,barrier,movable_object.barrier,labelled outline,v60-80,21.2,67.36,65.89,3.66,6.34,6.31,6.32,False
b71a3ed2e4cc4c3b9add0925bcefe743,scene-0553,day,barrier,movable_object.barrier,labelled outline,v80-100,23.3,52.66,51.19,2.51,6.36,6.33,6.34,False
b71a3ed2e4cc4c3b9add0925bcefe743,scene-0553,day,barrier,movable_object.barrier,labelled outline,v80-100,25.5,61.46,60.0,3.27,6.34,6.32,6.33,False
8b448769529640509f5481de4976963e,scene-0553,day,barrier,movable_object.barrier,labelled outline,v80-100,25.0,49.71,48.24,1.93,40.12,38.74,39.73,False
8b448769529640509f5481de4976963e,scene-0553,day,barrier,movable_object.barrier,labelled outline,v60-80,21.2,67.36,65.89,3.66,43.52,41.98,42.62,False
8b448769529640509f5481de4976963e,scene-0553,day,barrier,movable_object.barrier,labelled outline,v80-100,23.3,52.65,51.19,2.5,41.82,40.27,40.83,False
8b448769529640509f5481de4976963e,scene-0553,day,barrier,movable_object.barrier,labelled outline,v80-100,25.5,61.46,60.0,3.27,42.74,39.15,41.59,False
549a0000f3a545239b5c6142fab2d9f2,scene-0553,day,barrier,movable_object.barrier,labelled outline,v80-100,25.0,49.71,48.24,1.93,20.66,9.07,10.63,False
549a0000f3a545239b5c6142fab2d9f2,scene-0553,day,barrier,movable_object.barrier,labelled outline,v60-80,21.2,67.36,65.89,3.66,50.84,45.88,48.4,False
549a0000f3a545239b5c6142fab2d9f2,scene-0553,day,barrier,movable_object.barrier,labelled outline,v80-100,23.3,52.65,51.19,2.51,46.38,27.14,39.0,False
549a0000f3a545239b5c6142fab2d9f2,scene-0553,day,barrier,movable_object.barrier,labelled outline,v80-100,25.5,61.46,60.0,3.27,49.29,41.56,45.05,False
28e5177a5fc44a4aa8e813306e614927,scene-0553,day,barrier,movable_object.barrier,labelled outline,v80-100,25.0,49.71,48.24,1.93,45.52,44.17,45.18,False
28e5177a5fc44a4aa8e813306e614927,scene-0553,day,barrier,movable_object.barrier,labelled outline,v60-80,21.2,67.36,65.89,3.66,49.11,47.01,47.83,False
28e5177a5fc44a4aa8e813306e614927,scene-0553,day,barrier,movable_object.barrier,labelled outline,v80-100,23.3,52.65,51.19,2.51,47.1,45.55,46.08,False
28e5177a5fc44a4aa8e813306e614927,scene-0553,day,barrier,movable_object.barrier,labelled outline,v80-100,25.5,61.46,60.0,3.27,48.05,44.52,46.62,False
358ec472650f42d4b6c27686ee2e0d39,scene-0553,day,barrier,movable_object.barrier,labelled outline,v80-100,25.0,49.71,48.24,1.94,43.89,42.65,43.4,False
358ec472650f42d4b6c27686ee2e0d39,scene-0553,day,barrier,movable_object.barrier,labelled outline,v60-80,21.2,67.36,65.89,3.67,47.65,45.41,46.23,False
358ec472650f42d4b6c27686ee2e0d39,scene-0553,day,barrier,movable_object.barrier,labelled outline,v80-100,23.3,52.65,51.19,2.51,45.53,43.86,44.42,False
358ec472650f42d4b6c27686ee2e0d39,scene-0553,day,barrier,movable_object.barrier,labelled outline,v80-100,25.5,61.46,60.0,3.28,46.48,43.05,45.03,False
7036599cb4d44e9d98c2cfad3332c4f6,scene-0553,day,barrier,movable_object.barrier,labelled outline,v80-100,25.0,49.71,48.24,1.94,44.4,42.49,43.8,False
7036599cb4d44e9d98c2cfad3332c4f6,scene-0553,day,barrier,movable_object.barrier,labelled outline,v60-80,21.2,67.36,65.89,3.66,47.46,45.23,46.1,False
7036599cb4d44e9d98c2cfad3332c4f6,scene-0553,day,barrier,movable_object.barrier,labelled outline,v80-100,23.3,52.65,51.19,2.51,45.77,44.12,44.74,False
7036599cb4d44e9d98c2cfad3332c4f6,scene-0553,day,barrier,movable_object.barrier,labelled outline,v80-100,25.5,61.46,60.0,3.27,46.42,42.48,44.91,False
cd8a6fbb4c0a42138792b0b3515b363b,scene-0553,day,barrier,movable_object.barrier,labelled outline,v80-100,25.0,49.72,48.24,1.93,45.21,43.3,44.62,False
cd8a6fbb4c0a42138792b0b3515b363b,scene-0553,day,barrier,movable_object.barrier,labelled outline,v60-80,21.2,67.36,65.89,3.66,48.86,46.38,47.34,False
cd8a6fbb4c0a42138792b0b3515b363b,scene-0553,day,barrier,movable_object.barrier,labelled outline,v80-100,23.3,52.65,51.19,2.5,46.97,45.07,45.7,False
cd8a6fbb4c0a42138792b0b3515b363b,scene-0553,day,barrier,movable_object.barrier,labelled outline,v80-100,25.5,61.46,60.0,3.27,47.69,43.32,45.99,False
0839e821f0794b05a0f0dc6cce034265,scene-0553,day,barrier,movable_object.barrier,labelled outline,v80-100,25.0,49.72,48.25,1.93,43.61,41.83,43.15,False
0839e821f0794b05a0f0dc6cce034265,scene-0553,day,barrier,movable_object.barrier,labelled outline,v60-80,21.2,67.36,65.89,3.65,47.11,44.81,45.73,False
0839e821f0794b05a0f0dc6cce034265,scene-0553,day,barrier,movable_object.barrier,labelled outline,v80-100,23.3,52.65,51.19,2.5,45.16,43.5,44.07,False
0839e821f0794b05a0f0dc6cce034265,scene-0553,day,barrier,movable_object.barrier,labelled outline,v80-100,25.5,61.46,60.0,3.27,46.07,41.59,44.37,False
1f9771d7882744aba57113fd8b40e294,scene-0553,day,barrier,movable_object.barrier,labelled outline,v80-100,25.0,49.72,48.25,1.93,44.61,42.56,43.98,False
1f9771d7882744aba57113fd8b40e294,scene-0553,day,barrier,movable_object.barrier,labelled outline,v60-80,21.2,67.36,65.89,3.66,48.24,45.54,46.72,False
1f9771d7882744aba57113fd8b40e294,scene-0553,day,barrier,movable_object.barrier,labelled outline,v80-100,23.3,52.65,51.19,2.5,46.38,44.32,45.12,False
1f9771d7882744aba57113fd8b40e294,scene-0553,day,barrier,movable_object.barrier,labelled outline,v80-100,25.5,61.46,60.0,3.27,47.1,42.1,45.12,False
aeae6f7b9b154cae9dfbd64705a4e540,scene-0553,day,barrier,movable_object.barrier,labelled outline,v80-100,25.0,49.72,48.25,1.94,44.24,42.36,43.71,False
aeae6f7b9b154cae9dfbd64705a4e540,scene-0553,day,barrier,movable_object.barrier,labelled outline,v60-80,21.2,67.36,65.89,3.66,48.07,45.56,46.63,False
aeae6f7b9b154cae9dfbd64705a4e540,scene-0553,day,barrier,movable_object.barrier,labelled outline,v80-100,23.3,52.65,51.19,2.5,46.12,44.11,44.84,False
aeae6f7b9b154cae9dfbd64705a4e540,scene-0553,day,barrier,movable_object.barrier,labelled outline,v80-100,25.5,61.46,60.0,3.27,46.97,42.14,45.08,False
bd0ce9c48550446fa13676c7703a70c1,scene-0553,day,barrier,movable_object.barrier,labelled outline,v80-100,25.0,49.72,48.25,1.94,44.59,42.75,44.08,False
bd0ce9c48550446fa13676c7703a70c1,scene-0553,day,barrier,movable_object.barrier,labelled outline,v60-80,21.2,67.36,65.89,3.66,48.09,45.73,46.74,False
bd0ce9c48550446fa13676c7703a70c1,scene-0553,day,barrier,movable_object.barrier,labelled outline,v80-100,23.3,52.65,51.19,2.51,46.21,44.35,45.11,False
bd0ce9c48550446fa13676c7703a70c1,scene-0553,day,barrier,movable_object.barrier,labelled outline,v80-100,25.5,61.46,60.0,3.27,47.07,42.47,45.24,False
b04ad7e3c86d47fc98dba25595b2327e,scene-0757,day,traffic cone,movable_object.trafficcone,labelled outline,v80-100,153.9,10.43,10.09,2.35,9.72,9.26,9.37,False
9ce08dbf60bb4b22a952e11f56504292,scene-0757,day,traffic cone,movable_object.trafficcone,labelled outline,v80-100,210.9,7.94,7.62,2.03,7.32,7.06,7.18,False
f921ab741862402aa867b4cd7ceb3d40,scene-0757,day,traffic cone,movable_object.trafficcone,labelled outline,v80-100,330.9,5.52,5.16,1.84,4.89,4.66,4.77,False
941df6343d944a659e16b892e023931c,scene-1077,night,barrier,movable_object.barrier,labelled outline,v80-100,21.5,56.01,54.86,2.67,42.19,38.27,39.38,False
a534bc510aba4393bc620e7c8121b69c,scene-1077,night,barrier,movable_object.barrier,labelled outline,v80-100,24.5,49.69,48.55,2.55,39.09,36.03,37.0,False
e37de16d519e4af6beaba685eae05a57,scene-1077,night,barrier,movable_object.barrier,labelled outline,v80-100,28.2,43.34,42.2,2.79,36.88,33.74,34.7,False
f9c324a0d723415e92f7503ced9a7389,scene-1077,night,barrier,movable_object.barrier,labelled outline,v80-100,33.2,36.91,35.76,2.88,35.97,33.7,34.28,False
54e94f89fb124c32940a224c196a49c0,scene-1077,night,barrier,movable_object.barrier,labelled outline,v80-100,40.0,31.1,29.96,2.95,34.56,33.01,33.69,False
7d10c94f6a104fc0882fe126533d31e3,scene-1077,night,barrier,movable_object.barrier,labelled outline,v80-100,51.5,24.61,23.46,2.94,25.22,24.18,24.43,False
1636a50b7f3b403e899910eea8ce2e23,scene-1077,night,barrier,movable_object.barrier,labelled outline,v80-100,73.3,17.96,16.8,2.98,20.79,19.53,19.87,False
efc0530010574686a81ea923e2a77955,scene-1077,night,barrier,movable_object.barrier,labelled outline,v80-100,128.4,11.26,10.12,2.95,12.2,10.82,11.23,False
d80d00fe8aa444b7b04ae588b5e55ea0,scene-1077,night,barrier,movable_object.barrier,labelled outline,v80-100,345.5,5.08,4.19,2.9,7.8,5.95,6.88,False
2edd8a4e2b484a22b0ec566f2f2e9b95,scene-1077,night,barrier,movable_object.barrier,labelled outline,v80-100,55.4,26.12,25.11,8.39,27.91,24.89,27.08,False
341e20164fcb47cbb22332a47013bdb6,scene-1077,night,barrier,movable_object.barrier,labelled outline,v40-60,63.2,23.77,22.7,9.25,25.71,23.57,24.54,False
341e20164fcb47cbb22332a47013bdb6,scene-1077,night,barrier,movable_object.barrier,labelled outline,v80-100,80.6,19.26,18.29,8.27,22.28,20.15,21.17,False
1a73ab0790a0423bbd317c10bebf7f23,scene-1077,night,barrier,movable_object.barrier,labelled outline,v60-80,96.5,17.31,16.27,9.13,18.1,16.8,17.47,False
1a73ab0790a0423bbd317c10bebf7f23,scene-1077,night,barrier,movable_object.barrier,labelled outline,v80-100,25.8,49.86,49.44,8.34,37.49,36.89,37.13,False
2e63eb8c6e91493292396908c1257f31,scene-1077,night,barrier,movable_object.barrier,labelled outline,v80-100,30.6,42.62,42.24,8.24,35.18,34.28,34.88,False
9c46f52aa0674d528647cd892968f78b,scene-1077,night,barrier,movable_object.barrier,labelled outline,v80-100,36.7,35.4,35.08,8.06,34.39,33.27,33.81,False
f0a02178f2f5410f91c903bf632ee296,scene-1077,night,barrier,movable_object.barrier,labelled outline,v80-100,46.3,28.37,28.11,8.04,28.85,28.15,28.46,False
1402826678e143fdbe22da3080dd36d8,scene-1077,night,barrier,movable_object.barrier,labelled outline,v80-100,67.5,20.88,20.53,8.05,19.36,18.68,18.96,False
2d35f62a9daf41a18c15c7a946b0d141,scene-1077,night,barrier,movable_object.barrier,labelled outline,v80-100,108.4,15.4,14.43,8.19,13.76,12.85,13.3,False
